Name,fs,RAh,RAm,RAs,DE_,DEd,DEm,DEs,GLON,GLAT,Vmag,b_y,Hbeta,E(b-y),logTe,[Fe/H],Dist,VMAG,dVMag,Age,clAge,chAge,mass,clmass,chmass,RVel,meRVel,e_RVel,o_RVel,dT,P(chi2),vsini,pmRA,pmDE,e_pm,plx,e_plx,UVel,VVel,WVel,Rgal,zgal,Rmin,Rmax,ecc,zmax,RA,DEC,X,Y,Z,ObjType,SpecType,Teff,R_xy,w_vmax
HD 23, ,0,5,7.4,-,52,9,6,319,-64,7.552,0.366,2.626,0.015,3.77,-0.19,42,4.44,0.49,7.6,3.6,10.9,0.99,0.94,1.06,34.3,0.2,0.3,3,1767,0.309,4,-111,-131,2,23.9,0.9,40,-22,-16,7.986,-0.037,6.39,8.88,0.16,0.15,1.2808333333333333,-52.15166666666666,13.895403,-12.079091,-37.74935,PM*,G,5888.43655355589,18.411590477704255,1.1667523931790261e-06
HD 70, ,0,5,41.6,+,58,18,47,117,-4,8.221,0.395,2.582,0.01,3.752,-0.49,48,4.83,0.74,14.9,7.4,0.0,0.84,0.81,0.9,-28.4,0.2,0.4,3,727,0.287,3,65,-166,2,21.0,1.1,7,-31,-37,8.022,-0.003,6.49,8.13,0.11,0.52,1.4233333333333331,58.31305555555555,-21.738455,42.664135,-3.3483105,PM*,G,5649.369748123023,47.88307468286942,1.999763790342133e-06
HD 105, ,0,5,52.5,-,41,45,11,333,-73,7.509,0.373,2.627,0.019,3.766,-0.21,40,4.49,0.55,8.6,4.8,12.6,0.97,0.92,1.03,1.6,0.3,0.5,4,3363,0.176,15,99,-76,1,24.9,0.9,-10,-21,-2,7.989,-0.038,7.02,7.99,0.06,0.09,1.4687499999999998,-41.75305555555556,10.420206,-5.3093605,-38.25219,PM*,G,5834.451042737448,11.69487075607919,1.2501977137235027e-06
HD 299, ,0,7,52.0,+,55,34,37,117,-7,7.831,0.388,0.0,0.0,3.762,-0.04,46,4.52,0.46,8.1,3.6,11.8,0.99,0.94,1.06,1.4,0.2,0.2,3,1765,0.82,8,201,8,2,21.8,0.8,-39,-19,-6,8.021,-0.005,6.87,8.44,0.1,0.02,1.9666666666666663,55.57694444444445,-20.727894,40.680798,-5.60599,PM*,G,5780.960474057181,45.657123382798005,1.303102867201668e-06
HD 361, ,0,8,16.3,-,14,49,28,82,-74,7.045,0.388,2.598,0.004,3.758,-0.2,28,4.84,0.38,9.2,0.7,16.1,0.92,0.85,1.01,7.7,0.2,0.4,6,3621,0.154,3,-14,-10,2,36.2,1.0,2,2,-7,7.999,-0.027,7.86,8.62,0.05,0.03,2.067916666666666,-14.824444444444444,1.0741168,7.6427383,-26.915327,*,G,5727.960309858292,7.7178478620875355,2.0275832758118263e-06
HD 377, ,0,8,25.7,+,6,37,0,104,-55,7.581,0.391,2.603,0.001,3.76,-0.02,40,4.58,0.43,8.2,3.4,12.2,0.99,0.93,1.06,1.3,0.3,0.3,2,1437,0.475,13,85,-3,2,25.1,1.0,-14,-7,-4,8.006,-0.033,7.84,8.06,0.01,0.06,2.107083333333333,6.616666666666667,-5.5504274,22.26155,-32.766083,PM*,G,5754.399373371566,22.943056743275747,1.4157243451367577e-06
HD 457, ,0,8,59.6,-,39,44,13,335,-75,7.725,0.391,2.617,0.018,3.765,0.11,55,4.03,0.76,6.6,3.6,8.7,1.12,1.06,1.19,-19.4,0.2,0.1,3,1477,0.856,3,112,-17,2,18.2,0.9,-28,-16,15,7.987,-0.053,7.2,8.21,0.07,0.36,2.248333333333333,-39.73694444444445,12.901335,-6.0159945,-53.12592,PM*,G,5821.032177708716,14.23504951190038,6.621840265962693e-07
HD 700, ,0,11,24.4,+,23,49,5,111,-38,8.239,0.362,2.621,0.011,3.771,-0.25,54,4.59,0.37,7.3,0.3,11.6,0.97,0.91,1.05,4.1,0.3,0.1,2,346,0.894,4,-34,32,1,18.6,0.9,3,11,5,8.015,-0.033,7.93,9.22,0.08,0.2,2.851666666666666,23.81805555555556,-15.24948,39.726257,-33.24572,*,G,5902.010801718442,42.55258083242953,1.4354190325987634e-06
HD 804, ,0,12,28.3,+,20,14,3,111,-42,8.197,0.395,2.606,0.012,3.759,-0.05,52,4.64,0.42,8.6,3.1,12.9,0.97,0.92,1.05,-48.5,0.3,0.3,2,69,0.433,4,216,-21,1,19.4,1.0,-31,-61,21,8.014,-0.034,5.01,8.09,0.24,0.48,3.1179166666666664,20.234166666666667,-13.848602,36.076847,-34.794792,PM*,G,5741.164622073275,38.64353331174329,1.5380792045350664e-06
HD 912, ,0,13,46.5,+,64,51,53,119,2,8.075,0.349,2.617,0.002,3.779,-0.47,108,2.92,2.04,4.2,3.5,5.1,1.17,1.12,1.24,9.5,0.2,0.5,7,4752,0.243,7,78,9,2,9.3,0.8,-40,-11,-1,8.052,0.004,7.19,8.65,0.09,0.1,3.44375,64.86472222222221,-52.32754,94.40139,3.7691455,PM*,G,6011.737374832779,107.93421087117699,1.4288238812182962e-07
HD 1237, ,0,16,12.6,-,79,51,4,305,-37,6.586,0.46,0.0,0.0,3.726,-0.12,18,5.36,0.47,0.0,8.8,0.0,0.85,0.82,0.89,-6.1,0.2,0.3,4,3987,0.246,6,434,-58,1,56.8,0.5,-33,-16,3,7.992,-0.011,7.06,8.32,0.08,0.15,4.052499999999999,-79.85111111111111,8.245412,-11.775672,-10.83267,PM*,G,5321.082592667942,14.375439822882916,4.158902129764468e-06
HD 1320, ,0,17,16.5,-,43,51,9,323,-72,7.956,0.406,2.575,0.0,3.747,-0.34,37,5.14,0.43,0.0,0.0,0.0,0.84,0.81,0.93,11.2,0.2,0.2,4,3337,0.585,3,396,-16,1,27.3,0.8,-56,-37,-19,7.991,-0.035,5.84,8.54,0.19,0.19,4.31875,-43.8525,9.131302,-6.8809285,-35.18909,PM*,G,5584.701947368307,11.433628174700987,3.0688714742461266e-06
HD 1388, ,0,17,58.8,-,13,27,20,92,-74,6.512,0.381,2.601,0.003,3.765,-0.08,26,4.42,0.53,7.8,4.2,11.2,1.01,0.96,1.06,27.8,0.2,0.3,5,3592,0.27,4,400,-1,2,38.2,0.9,-43,-16,-33,8.0,-0.025,6.92,8.59,0.11,0.44,4.494999999999999,-13.455555555555556,-0.25010955,7.1622076,-24.992804,PM*,G,5821.032177708716,7.166573274061947,1.1349551513000262e-06
HD 1461, ,0,18,41.8,-,8,3,10,99,-69,6.463,0.422,2.598,0.0,3.749,0.15,23,4.62,0.51,9.6,5.4,13.1,1.03,0.95,1.08,-10.5,0.1,0.2,15,5845,0.873,2,419,-145,1,42.7,0.9,-32,-39,-1,8.001,-0.022,6.0,8.13,0.15,0.09,4.674166666666666,-8.052777777777779,-1.2894052,8.140985,-21.47235,PM*,G,5610.479760324706,8.242463378142,1.4961622761605684e-06
HD 1591,*,0,19,48.9,-,60,54,43,310,-56,7.964,0.352,0.0,0.0,3.777,-0.22,61,4.02,0.77,6.1,4.0,9.6,1.05,0.99,1.1,3.6,0.6,0.8,2,1063,0.08,8,139,7,2,16.3,0.8,-34,-20,-9,7.978,-0.051,6.88,8.28,0.09,0.06,4.953749999999999,-60.91194444444445,21.925976,-26.130367,-50.571293,PM*,G,5984.115950603199,34.110768140094194,6.530985211445702e-07
HD 2151, ,0,25,45.0,-,77,15,15,305,-40,2.806,0.386,2.6,0.001,3.764,0.01,7,3.44,1.46,5.4,4.9,5.9,1.17,1.16,1.22,22.4,0.2,0.4,5,1673,0.115,4,2222,323,1,133.8,0.5,-61,-46,-31,7.997,-0.005,5.44,8.57,0.22,0.4,6.4375,-77.25416666666666,3.0756946,-4.392548,-4.499513,PM*,G,5807.644175213118,5.362310621809702,2.9307495053577235e-07
HD 2550, ,0,29,23.5,+,40,50,30,118,-22,7.961,0.409,0.0,0.0,3.753,0.0,58,4.14,1.02,10.0,7.9,11.8,1.03,0.98,1.07,-25.1,0.3,0.4,2,70,0.227,2,-18,-61,1,17.2,0.9,20,-23,-6,8.026,-0.022,6.7,8.4,0.11,0.03,7.347916666666666,40.84166666666667,-25.246616,47.481976,-21.727182,PM*,G,5662.3928903825345,53.77666468196063,7.70865661620565e-07
HD 2567, ,0,29,16.1,-,5,54,37,108,-68,7.786,0.391,2.606,0.012,3.763,-0.02,56,4.05,0.89,8.3,5.7,10.3,1.04,1.0,1.1,9.6,0.2,0.3,4,1882,0.43,4,-111,-222,2,17.9,1.0,53,-27,-29,8.006,-0.052,6.03,9.16,0.21,0.4,7.317083333333333,-5.910277777777778,-6.482548,19.951237,-51.922295,PM*,G,5794.286964268809,20.977971455850373,6.80735971699978e-07
HD 3459, ,0,37,18.9,-,35,25,12,322,-81,8.274,0.402,2.59,-0.008,3.756,-0.09,114,3.0,2.17,4.2,3.2,5.5,1.23,1.16,1.33,-10.2,0.3,0.5,3,1536,0.054,4,62,6,2,8.8,1.1,-31,-14,8,7.986,-0.112,7.21,8.31,0.07,0.26,9.32875,-35.419999999999995,14.053017,-10.979417,-112.59647,PM*,G,5701.642722807472,17.833532585053867,1.5958008804838936e-07
HD 3611, ,0,38,8.3,-,66,2,34,305,-51,7.369,0.386,2.605,0.01,3.761,-0.42,104,2.28,3.05,2.3,2.0,2.7,1.43,1.37,1.51,3.2,0.2,0.3,3,379,0.311,6,122,52,2,9.6,0.6,-60,-15,-22,7.962,-0.081,6.6,9.0,0.15,0.25,9.534583333333332,-66.04277777777777,37.54018,-53.612946,-80.82318,PM*,G,5767.664633922509,65.44931698063255,5.901721349211037e-08
HD 3823, ,0,40,25.6,-,59,27,16,306,-58,5.907,0.361,2.607,0.006,3.771,-0.43,25,3.88,1.23,8.9,7.6,10.4,0.99,0.96,1.03,2.8,0.2,0.3,3,3329,0.457,3,883,443,1,39.3,0.6,-113,-18,-35,7.992,-0.021,5.73,10.79,0.31,0.56,10.106666666666664,-59.45444444444445,7.786966,-10.717844,-21.201202,PM*,G,5902.010801718442,13.247981713962773,5.382433841338653e-07
HD 4113, ,0,43,12.5,-,37,58,57,311,-79,7.9,0.441,0.0,0.0,3.741,0.16,44,4.68,0.63,11.5,7.6,15.8,0.96,0.91,1.04,4.0,0.2,0.4,4,1885,0.167,2,51,-111,2,22.7,1.0,4,-25,-1,7.994,-0.043,6.74,8.08,0.09,0.1,10.802083333333332,-37.9825,5.5080066,-6.33624,-43.191597,PM*,G,5508.076964054036,8.395598492260309,1.6254690339100712e-06
HD 4208, ,0,44,26.6,-,26,30,56,54,-88,7.783,0.412,2.574,0.0,3.746,-0.22,33,5.21,0.29,0.0,0.0,0.0,0.86,0.82,0.95,56.2,0.2,0.4,4,957,0.158,3,315,148,2,30.6,1.1,-53,-4,-57,7.999,-0.033,7.14,9.35,0.13,1.1,11.110833333333332,-26.515555555555554,0.6769424,0.9317313,-32.979897,PM*,G,5571.857489319298,1.151683215262535,3.3804825648124227e-06
HD 4308, ,0,44,39.2,-,65,38,58,304,-51,6.553,0.408,2.578,0.0,3.748,-0.34,22,4.86,0.69,17.1,9.6,0.0,0.85,0.83,0.9,95.1,0.2,0.1,4,799,0.981,3,158,-741,2,45.8,0.6,50,-109,-30,7.992,-0.017,2.98,8.4,0.48,0.4,11.16333333333333,-65.64944444444446,7.742053,-11.478066,-17.097212,PM*,G,5597.576014951104,13.845049070160966,2.0843886533432196e-06
HD 4406, ,0,46,51.7,+,46,21,49,122,-17,7.479,0.456,0.0,0.0,3.734,-0.01,139,1.77,3.81,1.2,0.9,1.5,1.76,1.71,1.91,-0.1,0.2,0.3,2,618,0.359,5,-25,-23,1,7.2,0.9,16,5,-14,8.071,-0.039,7.71,9.2,0.09,0.12,11.715416666666666,46.36361111111111,-70.440254,112.727936,-40.639664,*,G,5420.008904016238,132.92635908052478,2.9172839345333845e-08
HD 4649, ,0,48,33.2,+,0,22,55,121,-62,8.164,0.406,2.604,0.021,3.767,0.14,78,3.63,1.09,5.5,3.1,6.7,1.21,1.13,1.29,-26.7,0.3,0.3,2,429,0.391,3,63,-26,1,12.9,1.0,-9,-30,19,8.019,-0.069,6.6,8.02,0.1,0.44,12.138333333333334,0.3819444444444444,-18.86007,31.388426,-68.86991,PM*,G,5847.900841444806,36.61878653317687,3.81047134770222e-07
HD 4915, ,0,51,10.8,-,5,2,21,123,-68,6.983,0.416,2.58,0.0,3.744,-0.26,22,5.26,0.31,0.0,0.0,0.0,0.85,0.81,0.94,-3.9,0.1,0.2,5,3996,0.795,3,264,-119,2,45.3,1.0,-16,-26,-1,8.004,-0.02,6.77,8.02,0.08,0.09,12.794999999999998,-5.039166666666667,-4.4885592,6.9117746,-20.398045,PM*,G,5546.25712957911,8.241346480588582,3.6222523292156442e-06
HD 5065, ,0,52,51.7,+,40,14,44,123,-23,6.767,0.378,2.6,-0.003,3.765,-0.28,42,3.65,1.48,7.6,6.6,8.5,1.06,1.02,1.11,-74.3,0.2,0.1,2,134,0.78,4,-90,53,1,23.8,0.9,50,-44,38,8.021,-0.016,5.5,8.88,0.23,0.97,13.215416666666666,40.24555555555556,-21.056402,32.424015,-16.410707,PM*,G,5821.032177708716,38.66120554128943,3.917226648981836e-07
HD 5078, ,0,52,32.0,-,20,59,46,125,-84,7.85,0.418,2.601,0.03,3.764,0.06,70,3.48,1.38,5.3,4.5,6.5,1.18,1.12,1.27,21.4,0.2,0.3,5,3029,0.333,4,130,-88,2,14.2,1.2,-22,-45,-25,8.004,-0.07,5.76,8.04,0.17,0.28,13.133333333333333,-20.996111111111112,-4.196853,5.9937267,-69.61653,PM*,G,5807.644175213118,7.316989466843716,3.09726739238131e-07
HD 5372, ,0,56,17.3,+,52,29,28,124,-10,7.535,0.406,0.0,0.0,3.756,0.05,41,4.47,0.58,8.9,4.9,12.2,1.0,0.95,1.08,0.3,0.2,0.2,3,881,0.615,4,201,1,2,24.4,0.9,-33,-21,1,8.022,-0.007,6.87,8.28,0.09,0.12,14.072083333333332,52.49111111111111,-22.578594,33.474148,-7.1195755,PM*,G,5701.642722807472,40.377115936415514,1.2161263551968444e-06
HD 5911, ,1,0,28.0,-,19,23,21,138,-82,8.01,0.415,2.592,0.02,3.757,-0.2,81,3.39,1.85,6.1,4.8,7.5,1.12,1.07,1.21,4.8,0.2,0.2,4,3649,0.749,3,128,-56,2,12.4,1.1,-29,-44,-6,8.008,-0.08,5.77,8.1,0.17,0.08,15.116666666666667,-19.389166666666664,-8.377487,7.5431247,-80.211716,PM*,G,5714.786366718672,11.273021718905676,2.7351345804337536e-07
HD 5975, ,1,1,1.7,-,4,38,54,129,-67,7.341,0.349,2.606,-0.006,3.777,-0.32,40,4.31,0.57,6.9,3.8,9.0,1.0,0.95,1.06,27.5,0.2,0.5,7,2115,0.132,5,0,-55,2,24.8,0.9,-2,1,-29,8.01,-0.037,7.93,8.52,0.04,0.36,15.25708333333333,-4.6483333333333325,-9.835804,12.146209,-36.82019,PM*,G,5984.115950603199,15.629249290931954,9.74941821268923e-07
HD 6067, ,1,1,47.1,-,19,25,9,141,-82,8.239,0.395,2.593,0.001,3.76,-0.03,60,4.34,0.68,8.7,5.3,12.1,1.01,0.96,1.07,-2.2,0.2,0.3,2,1004,0.387,3,110,-165,2,16.6,1.1,0,-56,-4,8.007,-0.06,5.22,8.03,0.21,0.08,15.446249999999996,-19.41916666666667,-6.4894686,5.2550697,-59.416084,PM*,G,5754.399373371566,8.350386833090072,1.0161988529530514e-06
HD 6103, ,1,2,6.9,-,19,40,10,142,-82,8.262,0.381,2.612,0.024,3.776,-0.18,80,3.64,1.14,6.3,4.7,7.7,1.1,1.05,1.16,5.0,0.3,0.1,2,1228,0.944,5,128,-55,2,12.5,1.0,-29,-44,-6,8.009,-0.079,5.8,8.1,0.17,0.08,15.52875,-19.669444444444444,-8.773592,6.8546815,-79.22144,PM*,G,5970.352865838366,11.133848168935405,3.863480284458676e-07
HD 6107, ,1,1,19.0,-,60,51,36,301,-56,6.9,0.41,2.586,0.006,3.75,-0.22,45,3.63,1.78,7.6,6.9,8.3,1.07,1.04,1.12,31.1,0.1,0.2,4,3330,0.665,3,73,97,2,22.2,0.6,-15,-9,-37,7.987,-0.037,7.78,8.06,0.02,0.5,15.329166666666662,-60.86,12.960249,-21.569489,-37.306694,PM*,G,5623.413251903491,25.16368235896968,3.81047134770222e-07
HD 6236, ,1,2,43.9,-,47,17,15,297,-70,7.699,0.376,2.613,0.007,3.768,-0.02,49,4.25,0.58,6.7,3.7,9.5,1.05,0.99,1.11,18.1,0.2,0.3,5,3031,0.384,4,-39,-131,2,20.4,0.8,27,-24,-7,7.992,-0.046,6.52,8.51,0.13,0.05,15.682916666666666,-47.2875,7.608417,-14.932369,-46.044937,PM*,G,5861.3816451402845,16.758987236645595,8.973847818712385e-07
HD 6250, ,1,4,16.6,+,54,12,15,125,-9,6.833,0.342,2.621,0.001,3.783,-0.36,62,2.87,1.91,3.7,3.4,4.1,1.25,1.17,1.38,-39.1,0.6,0.9,2,132,0.038,7,-136,-61,2,16.1,0.7,56,-12,-14,8.035,-0.009,6.49,9.67,0.2,0.11,16.069166666666664,54.20416666666667,-35.12392,50.162148,-9.698937,PM*,G,6067.363295885053,61.236678944406385,1.333456032228426e-07
HD 6312, ,1,5,26.4,+,63,43,16,124,1,8.276,0.382,2.589,0.004,3.76,-0.38,55,4.58,0.74,11.6,6.8,16.5,0.87,0.83,0.97,-28.8,0.2,0.3,3,425,0.599,4,228,-162,3,18.2,1.0,-35,-58,-39,8.031,0.001,5.17,8.15,0.22,0.58,16.36,63.72111111111112,-30.750921,45.590122,0.9598823,PM*,G,5754.399373371566,54.991620873757896,1.4157243451367577e-06
HD 6434, ,1,4,40.1,-,39,29,17,291,-77,7.733,0.383,2.586,0.009,3.757,-0.53,40,4.71,0.78,13.3,7.0,0.0,0.84,0.81,0.91,22.9,0.2,0.5,6,4989,0.036,2,-168,-527,1,24.8,0.9,85,-67,-4,7.997,-0.039,4.24,9.38,0.38,0.06,16.16708333333333,-39.48805555555556,3.2246087,-8.400396,-38.974804,PM*,G,5714.786366718672,8.998041688330396,1.6942547049835658e-06
HD 6512, ,1,6,12.6,+,13,15,9,128,-49,8.15,0.407,2.613,0.022,3.769,0.3,48,4.65,-0.14,1.2,0.0,4.8,1.09,1.06,1.12,9.9,0.2,0.2,4,1886,0.795,3,164,-17,2,20.8,1.0,-33,-19,-8,8.019,-0.037,6.97,8.31,0.09,0.04,16.552500000000002,13.2525,-19.387693,24.815117,-36.22606,PM*,G,5874.893525297769,31.490834723549927,1.559476017642916e-06
HD 6558, ,1,6,25.7,-,0,44,58,131,-63,8.202,0.376,2.634,0.027,3.787,0.33,74,3.75,0.36,2.0,0.4,3.9,1.26,1.23,1.31,10.7,0.2,0.1,2,1004,0.754,7,68,-36,1,13.6,1.0,-17,-19,-14,8.022,-0.066,7.16,8.05,0.06,0.12,16.607083333333332,-0.7494444444444444,-22.040497,25.354696,-65.93449,PM*,G,6123.503917247734,33.59529903512432,4.497577963252594e-07
HD 6594, ,1,6,17.4,-,34,47,51,281,-82,8.124,0.378,2.603,0.003,3.768,-0.02,79,3.63,1.2,6.1,4.6,7.5,1.13,1.08,1.19,-12.8,0.2,0.1,2,339,0.704,5,-8,-7,2,12.6,1.1,4,1,13,7.998,-0.079,7.82,8.63,0.05,0.33,16.572499999999998,-34.7975,2.0978818,-10.792673,-78.23118,*,G,5861.3816451402845,10.994675917538464,3.81047134770222e-07
HD 6715, ,1,8,12.4,+,21,58,37,128,-41,7.627,0.422,2.576,0.0,3.742,-0.19,32,5.07,0.49,16.2,6.7,0.0,0.86,0.83,0.92,-23.9,0.2,0.4,4,2986,0.191,1,401,-47,1,30.8,0.9,-37,-54,14,8.015,-0.021,5.32,8.17,0.21,0.34,17.051666666666662,21.97694444444444,-14.868661,19.031017,-20.993889,PM*,G,5520.774392807573,24.150707815449426,2.7859845287988294e-06
HD 6910, ,1,9,2.4,-,42,24,6,291,-74,7.865,0.398,2.628,0.04,3.786,0.42,96,2.78,1.31,1.9,1.5,2.1,1.48,1.42,1.56,-2.6,0.2,0.2,2,1441,0.623,6,32,-1,1,10.4,0.9,-12,-8,4,7.991,-0.093,7.82,8.0,0.01,0.19,17.259999999999994,-42.40166666666666,9.48284,-24.703653,-92.28112,*,G,6109.420249055721,26.461192830445285,1.1775482201528085e-07
HD 7134, ,1,11,32.0,-,12,50,35,142,-75,7.491,0.364,2.588,-0.016,3.77,-0.28,41,4.45,0.56,8.1,4.5,11.9,0.97,0.92,1.03,-17.1,0.2,0.3,4,3649,0.492,2,-31,-69,2,24.6,0.9,16,-10,12,8.008,-0.039,7.28,8.53,0.08,0.31,17.883333333333333,-12.843055555555557,-8.3620405,6.5331426,-39.60296,PM*,G,5888.43655355589,10.611582047723847,1.182983535779732e-06
HD 7678, ,1,15,45.0,-,53,42,56,295,-63,8.255,0.408,2.606,0.015,3.751,-0.09,48,4.85,0.43,11.0,3.5,17.7,0.91,0.86,1.0,-0.8,0.2,0.3,4,1669,0.578,4,116,26,2,20.8,0.9,-25,-11,1,7.991,-0.043,7.45,8.22,0.05,0.12,18.9375,-53.71555555555556,9.209503,-19.749847,-42.768314,PM*,G,5636.376558259543,21.791544278238245,2.055789768874886e-06
HD 7727, ,1,16,59.0,-,2,16,44,138,-64,6.535,0.361,2.613,0.004,3.774,-0.19,30,4.17,0.67,6.6,4.3,9.8,1.03,0.98,1.09,5.5,0.1,0.2,6,3997,0.87,5,259,-142,1,33.7,0.8,-21,-35,-10,8.01,-0.027,6.29,8.05,0.12,0.05,19.24583333333333,-2.278888888888889,-9.773197,8.799829,-26.963821,PM*,G,5942.921586155727,13.151135693545635,8.034867148279148e-07
HD 8004, ,1,20,36.9,+,54,57,44,127,-8,7.211,0.37,0.0,0.0,3.769,-0.07,33,4.6,0.24,5.1,0.0,10.1,1.01,0.95,1.09,-8.2,0.1,0.3,12,3663,0.791,4,-92,-82,2,30.1,0.9,16,0,-13,8.02,-0.004,7.56,8.89,0.08,0.09,20.15375,54.96222222222222,-19.666622,26.098482,-4.5927124,PM*,G,5874.893525297769,32.678843057782935,1.4553877004550159e-06
HD 8076, ,1,19,33.3,-,39,21,45,279,-76,7.651,0.395,2.607,0.013,3.757,-0.11,39,4.69,0.47,9.7,4.4,14.6,0.95,0.88,1.02,2.3,0.2,0.1,4,3329,0.919,4,-3,51,2,25.6,0.9,-5,7,-4,7.999,-0.038,7.98,8.83,0.05,0.06,19.88875,-39.3625,1.4759526,-9.318793,-37.841534,PM*,G,5714.786366718672,9.434953049925355,1.648081560643825e-06
HD 8100, ,1,21,3.9,+,38,2,3,129,-24,7.839,0.402,2.604,0.018,3.756,-0.1,50,4.37,0.8,10.9,7.2,14.0,0.97,0.92,1.03,16.6,0.2,0.3,2,1004,0.392,2,278,16,2,20.2,1.2,-62,-25,4,8.029,-0.021,6.26,8.92,0.18,0.18,20.26625,38.03416666666666,-28.745636,35.497913,-20.336832,PM*,G,5701.642722807472,45.67727461659753,1.0592017761624506e-06
HD 8262, ,1,22,17.8,+,18,40,57,133,-44,6.965,0.402,2.6,0.017,3.752,-0.27,26,4.93,0.48,13.0,4.9,0.0,0.87,0.83,0.94,5.4,0.1,0.3,8,5186,0.624,4,557,-4,1,39.1,0.8,-56,-37,4,8.013,-0.018,5.85,8.57,0.19,0.17,20.574166666666663,18.6825,-12.755302,13.678388,-18.06112,PM*,G,5649.369748123023,18.70283474208517,2.296036038019654e-06
HD 8306, ,1,19,1.7,-,77,1,50,301,-40,7.867,0.348,2.639,0.024,3.794,-0.08,74,3.43,0.85,3.1,2.5,3.6,1.26,1.18,1.31,22.3,0.2,0.1,2,261,0.965,5,129,22,2,13.6,0.6,-31,-37,-15,7.971,-0.047,6.06,8.1,0.14,0.13,19.75708333333333,-77.03055555555555,29.196102,-48.5905,-47.56628,PM*,G,6223.002851691595,56.68729189372521,2.89053811465814e-07
HD 8406, ,1,23,0.8,-,16,29,14,159,-77,7.93,0.415,2.59,0.016,3.745,-0.26,37,5.09,0.46,14.9,4.7,0.0,0.85,0.82,0.92,-8.3,0.2,0.2,6,3120,0.846,2,-137,-177,2,27.0,1.0,38,-12,-1,8.008,-0.036,6.78,9.11,0.15,0.1,20.75333333333333,-16.487222222222222,-7.770366,2.9827638,-36.051693,PM*,G,5559.042572704037,8.323188551303307,2.8640375019334002e-06
HD 8535, ,1,23,37.2,-,41,16,11,280,-74,7.701,0.36,2.616,0.01,3.774,-0.27,56,3.95,0.96,8.6,5.7,10.1,1.02,0.98,1.08,2.4,0.2,0.2,5,2831,0.835,4,57,-70,1,17.8,0.8,-1,-24,4,7.997,-0.054,6.87,8.04,0.08,0.17,20.905,-41.26972222222222,2.68038,-15.201193,-53.830654,PM*,G,5942.921586155727,15.4356958238898,5.928962457240527e-07
HD 8542, ,1,24,46.8,+,20,9,31,133,-42,8.159,0.411,2.608,0.03,3.767,0.1,93,3.2,1.55,4.4,2.7,5.2,1.36,1.2,1.45,-13.4,0.3,0.5,3,2180,0.181,3,110,44,1,10.8,1.0,-38,-24,29,8.047,-0.062,6.74,8.39,0.11,0.69,21.194999999999997,20.15861111111111,-47.134586,50.54566,-62.22915,PM*,G,5847.900841444806,69.11246589600891,2.1036752640921397e-07
HD 9081, ,1,29,42.3,+,17,5,56,136,-45,8.129,0.451,0.0,0.0,3.737,0.09,84,3.51,1.93,5.8,4.3,7.4,1.23,1.19,1.26,27.9,0.4,0.6,2,1112,0.105,1,117,-6,1,11.9,1.0,-50,-16,-14,8.043,-0.059,6.82,8.81,0.13,0.12,22.42625,17.098888888888887,-42.7266,41.26061,-59.39697,PM*,G,5457.57861091271,59.39697201989424,3.2283357865705907e-07
HD 9224, ,1,31,19.5,+,29,24,47,133,-33,7.327,0.395,2.614,0.02,3.77,0.11,43,4.07,0.6,4.6,3.1,7.5,1.13,1.07,1.2,14.6,0.2,0.1,2,1003,0.964,1,180,-87,2,23.2,0.9,-33,-22,-17,8.025,-0.023,6.82,8.28,0.1,0.14,22.83125,29.413055555555555,-24.594791,26.374685,-23.41948,PM*,G,5888.43655355589,36.06283063186951,6.998076736285392e-07
HD 9280, ,1,31,13.9,-,10,53,47,155,-71,8.035,0.456,0.0,0.0,3.736,0.12,58,4.23,1.22,11.2,9.6,13.0,1.02,0.98,1.05,41.6,0.2,0.3,2,1199,0.365,2,20,36,2,17.3,1.0,-22,11,-35,8.017,-0.055,7.93,9.27,0.08,0.51,22.807916666666664,-10.896388888888888,-17.113766,7.9802814,-54.840076,*,G,5445.026528424214,18.882952044792727,8.729285552249458e-07
HD 9351, ,1,31,1.5,-,51,12,55,288,-65,7.761,0.397,2.61,0.024,3.772,0.02,86,2.98,1.72,2.8,2.4,4.2,1.4,1.28,1.47,21.7,0.2,0.3,3,1980,0.317,4,135,-71,1,11.6,0.8,-23,-62,0,7.988,-0.078,4.97,8.02,0.23,0.13,22.75625,-51.21527777777778,11.23128,-34.56631,-77.94247,PM*,G,5915.616341754737,36.34517075836211,1.5523108761915437e-07
HD 9472, ,1,33,19.0,+,23,58,32,135,-38,7.643,0.413,2.592,0.0,3.748,-0.12,33,5.04,0.33,0.0,0.0,0.0,0.89,0.84,0.98,10.9,0.2,0.1,3,2673,0.894,4,0,28,1,30.1,0.9,-7,9,-3,8.019,-0.02,8.01,8.94,0.05,0.06,23.329166666666666,23.975555555555555,-18.387856,18.387856,-20.31683,*,G,5597.576014951104,26.00435533816349,2.6728753163232114e-06
HD 9562, ,1,33,42.8,-,7,1,31,151,-68,5.759,0.398,2.591,0.002,3.761,0.12,30,3.4,1.48,4.9,4.5,5.3,1.24,1.18,1.34,-15.3,0.1,0.3,13,2614,0.224,4,177,-82,1,33.7,0.7,-8,-27,14,8.01,-0.027,6.77,8.01,0.08,0.33,23.42833333333333,-7.025277777777777,-9.829151,5.4483867,-27.815514,PM*,G,5767.664633922509,11.238199456031108,2.773184092623894e-07
HD 9578, ,1,33,17.1,-,38,14,42,267,-76,8.205,0.376,2.618,0.011,3.768,-0.04,57,4.42,0.42,6.5,2.5,10.0,1.03,0.97,1.1,-3.9,0.2,0.3,3,1536,0.358,2,-31,-38,2,17.5,0.9,13,-2,4,8.001,-0.055,7.57,8.73,0.07,0.19,23.32125,-38.245,-0.72169155,-13.770651,-55.306858,*,G,5861.3816451402845,13.789549218779504,1.1349551513000262e-06
HD 9608, ,1,33,16.1,-,47,18,21,284,-68,8.196,0.369,2.598,0.007,3.766,-0.45,56,4.46,0.78,9.5,5.6,14.4,0.92,0.85,0.99,18.6,0.2,0.3,4,3331,0.552,3,-51,208,1,17.9,1.0,-22,41,-37,7.995,-0.052,7.96,11.56,0.18,0.65,23.317083333333333,-47.30583333333333,5.075032,-20.354837,-51.922295,PM*,G,5834.451042737448,20.97797271181353,1.1994404760661065e-06
HD 9986, ,1,37,40.8,+,12,4,42,140,-49,6.771,0.407,2.608,0.017,3.754,0.01,26,4.72,0.41,9.1,3.5,13.8,0.96,0.9,1.04,-21.5,0.2,0.3,3,1881,0.407,1,122,6,1,38.9,0.8,-1,-18,19,8.013,-0.019,7.26,8.08,0.05,0.44,24.42,12.078333333333331,-13.06683,10.964373,-19.62245,PM*,G,5675.446054085472,17.057535623061995,1.7178241357207713e-06
HD 10002,*,1,37,8.6,-,29,23,35,228,-80,8.13,0.502,0.0,0.0,3.714,0.25,34,5.49,0.36,0.0,0.0,0.0,0.94,0.85,0.97,11.0,0.5,0.7,2,823,0.023,2,287,-70,2,29.7,1.1,-30,-38,-3,8.004,-0.033,6.06,8.12,0.14,0.08,24.285833333333333,-29.39305555555556,-3.9505742,-4.3875556,-33.483463,PM*,G,5176.068319505676,5.904039350546116,4.977126744429156e-06
HD 10086, ,1,39,36.0,+,45,52,39,132,-16,6.617,0.419,0.0,0.0,3.749,0.1,21,4.96,0.21,6.2,0.0,13.4,0.98,0.91,1.05,1.8,0.1,0.3,17,2896,0.525,2,216,-228,2,46.7,0.8,-17,-20,-18,8.014,-0.006,7.12,8.05,0.06,0.16,24.899999999999995,45.8775,-13.507403,15.001488,-5.7883844,PM*,G,5610.479760324706,20.186494941384773,2.3931983809430355e-06
HD 10126, ,1,39,35.9,+,28,6,39,136,-34,7.739,0.446,2.58,0.0,3.734,-0.01,34,5.08,0.5,0.0,8.9,0.0,0.88,0.86,0.93,55.8,0.2,0.2,3,1823,0.57,1,501,147,2,29.4,0.9,-101,-4,3,8.02,-0.019,6.27,10.84,0.27,0.19,24.89958333333333,28.110833333333336,-20.27623,19.580532,-19.012558,PM*,G,5420.008904016238,28.18727969166099,2.8247414342353697e-06
HD 10145, ,1,41,37.7,+,66,54,35,128,5,7.713,0.421,2.586,0.0,3.746,0.02,37,4.89,0.41,11.0,3.6,0.0,0.91,0.87,1.0,17.5,0.2,0.2,2,351,0.616,1,694,-266,1,27.3,1.0,-112,-63,-20,8.022,0.003,4.34,9.69,0.38,0.22,25.40708333333333,66.90972222222223,-22.692793,29.04545,3.2247622,PM*,G,5571.857489319298,36.85920536098614,2.172594623009279e-06
HD 10180, ,1,37,53.5,-,60,30,41,293,-56,7.33,0.396,2.587,-0.008,3.758,-0.09,39,4.35,0.77,9.3,6.4,13.8,0.98,0.94,1.04,35.2,0.1,0.3,5,3334,0.35,3,-15,7,2,25.4,0.6,9,-15,-31,7.991,-0.033,7.2,8.24,0.07,0.38,24.472916666666663,-60.51138888888889,8.521271,-20.07485,-32.332466,*,G,5727.960309858292,21.808522691322793,1.0303355871816525e-06
HD 10226, ,1,39,54.6,-,9,58,20,159,-69,7.856,0.384,2.604,0.003,3.765,0.02,47,4.49,0.37,6.4,1.8,10.2,1.03,0.97,1.1,12.9,0.2,0.1,2,766,0.927,5,240,92,2,21.2,1.0,-57,-15,5,8.015,-0.044,6.72,8.98,0.14,0.2,24.9775,-9.972222222222223,-15.72457,6.036096,-43.87828,PM*,G,5821.032177708716,16.843294113863713,1.2501977137235027e-06
HD 10318, ,1,40,35.6,-,16,17,33,172,-74,8.096,0.398,2.592,-0.003,3.758,-0.07,62,4.13,0.97,9.8,7.3,11.8,1.02,0.98,1.06,11.3,0.2,0.1,2,1418,0.677,3,66,-115,2,16.1,1.0,2,-38,-14,8.017,-0.06,6.13,8.06,0.14,0.12,25.148333333333326,-16.2925,-16.923204,2.3784027,-59.598225,PM*,G,5727.960309858292,17.089518221090472,7.602889882338923e-07
HD 10366, ,1,41,23.7,+,6,2,45,145,-55,7.953,0.458,0.0,0.0,3.731,0.1,34,5.3,0.27,0.0,0.0,0.0,0.9,0.85,0.97,-0.9,0.2,0.1,2,359,0.654,2,37,-98,2,0.0,0.0,3,-15,-7,8.016,-0.028,7.29,8.14,0.06,0.03,25.34875,6.045833333333333,-15.974773,11.185658,-27.85117,PM*,G,5382.697825162882,19.5015978138842,3.82805968430505e-06
HD 10370, ,1,40,36.4,-,36,29,1,258,-76,7.925,0.422,2.573,0.0,3.744,-0.09,35,5.18,0.25,0.0,0.0,0.0,0.88,0.84,0.98,42.8,0.2,0.3,3,1535,0.432,4,91,-156,1,28.3,0.9,2,-39,-35,8.002,-0.034,6.12,8.05,0.14,0.48,25.151666666666664,-36.48361111111111,-1.7604455,-8.282236,-33.96035,PM*,G,5546.25712957911,8.46726647260887,3.2432371075096336e-06
HD 10697, ,1,44,55.8,+,20,4,59,140,-41,6.283,0.44,2.594,0.0,3.741,0.08,33,3.72,1.65,7.1,6.4,7.9,1.13,1.09,1.23,-46.6,0.1,0.3,17,2893,0.397,1,-44,-106,1,30.7,0.8,37,-29,17,8.019,-0.021,6.22,8.72,0.17,0.42,26.2325,20.08305555555556,-19.078655,16.008894,-21.649948,PM*,G,5508.076964054036,24.905416352919318,4.3149791382366836e-07
HD 10718, ,1,44,22.3,-,20,35,46,187,-76,8.116,0.397,2.603,0.012,3.757,-0.1,58,4.31,0.84,10.6,7.1,13.4,0.98,0.94,1.04,3.6,0.2,0.4,6,3660,0.192,3,-47,-307,2,17.3,1.1,60,-58,-18,8.014,-0.056,4.78,8.87,0.3,0.19,26.092916666666664,-20.59611111111111,-13.926882,-1.7100043,-56.277153,PM*,G,5714.786366718672,14.03147023472389,9.74941821268923e-07
HD 10757, ,1,46,47.1,+,59,9,22,130,-3,7.372,0.377,0.0,0.0,3.768,-0.11,70,3.15,1.75,4.4,3.9,5.2,1.22,1.17,1.31,-22.4,0.2,0.2,2,357,0.57,3,-68,-52,1,14.3,1.0,29,-6,-20,8.045,-0.004,7.16,9.05,0.12,0.21,26.69625,59.15611111111111,-44.93347,53.54962,-3.6635172,PM*,G,5861.3816451402845,69.90406660835477,1.963263987694239e-07
HD 11045, ,1,49,16.1,+,35,26,25,136,-26,8.142,0.39,2.589,0.009,3.756,-0.46,58,4.33,1.14,13.5,10.5,16.6,0.86,0.83,0.94,30.6,0.2,0.3,6,1159,0.617,2,52,-98,1,17.3,1.1,-27,-2,-34,8.037,-0.025,7.73,8.61,0.05,0.45,27.31708333333333,35.44027777777777,-37.499218,36.21258,-25.425528,PM*,G,5701.642722807472,52.13005180189182,1.0022560819895619e-06
HD 11170, ,1,49,55.9,+,7,13,24,147,-53,7.426,0.387,2.638,0.048,3.795,0.37,91,2.43,1.51,1.5,1.3,1.8,1.61,1.55,1.69,-11.6,0.6,0.8,2,611,0.082,11,-18,-61,2,11.0,1.0,23,-18,-7,8.046,-0.072,6.88,8.58,0.11,0.08,27.482916666666664,7.223333333333334,-45.92993,29.827246,-72.675835,PM*,G,6237.348354824191,54.76516295738939,7.260703469971069e-08
HD 11505, ,1,53,6.1,-,1,19,36,155,-60,7.424,0.402,2.591,0.008,3.752,-0.27,38,4.55,0.86,14.2,10.0,0.0,0.88,0.85,0.95,-16.7,0.1,0.2,8,5118,0.85,3,-187,-351,1,26.6,1.1,63,-30,-21,8.017,-0.033,5.79,9.4,0.24,0.24,28.27541666666666,-1.3266666666666669,-17.219845,8.029747,-32.908966,PM*,G,5649.369748123023,18.99999733442176,1.3582468307766884e-06
HD 11616, ,1,54,11.9,+,9,57,2,147,-50,7.791,0.397,2.617,0.031,3.775,0.08,80,3.14,1.43,2.9,2.5,4.5,1.36,1.27,1.44,35.4,0.2,0.1,2,635,0.722,3,68,-72,1,12.5,1.2,-27,-23,-37,8.043,-0.061,6.92,8.2,0.08,0.52,28.549583333333327,9.950555555555557,-43.12696,28.006977,-61.283554,PM*,G,5956.621435290103,51.42300496392765,1.9363269959413497e-07
HD 11648, ,1,55,47.4,+,55,34,32,132,-6,7.965,0.382,0.0,0.0,3.766,-0.08,71,3.71,1.21,6.8,5.1,8.7,1.09,1.01,1.15,3.6,0.3,0.4,2,351,0.248,5,54,-66,2,0.0,0.0,-18,-14,-17,8.047,-0.008,7.44,8.11,0.04,0.15,28.947499999999994,55.57555555555556,-47.248024,52.474236,-7.421521,PM*,G,5834.451042737448,70.61105590265784,4.2557754049694857e-07
HD 11850, ,1,56,47.2,+,23,3,4,142,-37,7.861,0.431,2.569,0.0,3.741,0.02,33,5.25,0.16,3.9,0.0,17.4,0.92,0.85,0.99,1.5,0.2,0.3,2,353,0.312,5,-84,-18,1,30.0,0.9,10,7,-6,8.021,-0.02,7.81,9.1,0.08,0.03,29.196666666666665,23.051111111111112,-20.768003,16.225742,-19.859894,PM*,G,5508.076964054036,26.35497395291016,3.572553164085265e-06
HD 12039, ,1,57,48.9,-,21,54,5,197,-74,8.086,0.423,2.582,0.0,3.741,-0.25,42,4.95,0.68,0.0,11.7,0.0,0.86,0.83,0.9,5.7,0.3,0.7,4,2593,0.045,15,103,-48,2,23.6,1.0,-11,-21,-2,8.011,-0.041,7.07,8.01,0.06,0.09,29.45375,-21.90138888888889,-11.070922,-3.3847213,-40.37299,PM*,G,5508.076964054036,11.576772097988181,2.360362468169936e-06
HD 12235, ,2,0,9.1,+,3,5,49,154,-56,5.881,0.385,2.621,0.017,3.769,0.17,31,3.42,1.22,4.8,2.9,5.3,1.34,1.31,1.36,-18.5,0.1,0.4,12,2967,0.187,5,232,-254,1,32.2,1.0,2,-54,6,8.016,-0.026,5.37,8.05,0.2,0.19,30.037916666666664,3.0969444444444445,-15.580577,7.5991545,-25.700167,PM*,G,5874.893525297769,17.334979918298124,2.8508784449224386e-07
HD 12264, ,2,0,5.3,-,13,32,46,176,-69,7.993,0.405,2.585,-0.003,3.752,-0.08,44,4.78,0.47,10.8,4.4,16.4,0.92,0.87,1.0,19.1,0.1,0.3,6,3214,0.44,3,50,-21,2,22.8,1.2,-12,-9,-16,8.016,-0.041,7.76,8.03,0.02,0.14,30.022083333333327,-13.546111111111111,-15.729781,1.0999333,-41.077538,PM*,G,5649.369748123023,15.768191512421767,1.8662881579148912e-06
HD 12387, ,2,0,32.1,-,40,43,52,261,-70,7.378,0.408,2.586,0.007,3.749,-0.23,35,4.65,0.79,14.5,10.2,0.0,0.88,0.85,0.93,-26.7,0.2,0.3,5,3517,0.286,2,441,-431,1,28.5,0.8,-3,-89,58,8.002,-0.033,4.08,8.01,0.33,1.39,30.133749999999992,-40.73111111111111,-1.8726313,-11.823325,-32.88924,PM*,G,5610.479760324706,11.970704325200112,1.559476017642916e-06
HD 12536, ,2,3,1.7,+,3,21,31,155,-55,6.881,0.42,2.581,0.0,3.748,-0.1,49,3.45,1.91,5.9,4.9,7.0,1.15,1.1,1.21,12.4,0.3,0.5,3,1395,0.133,3,219,142,2,20.6,1.1,-58,-5,20,8.025,-0.04,7.03,9.36,0.14,0.51,30.757083333333327,3.358611111111111,-25.472002,11.877792,-40.13845,PM*,G,5597.576014951104,28.10524557237079,2.971520292224332e-07
HD 12808, ,2,4,24.5,-,43,30,27,266,-68,7.815,0.379,2.624,0.027,3.781,0.02,67,3.58,0.9,3.5,2.9,5.2,1.23,1.13,1.29,-13.5,0.2,0.2,3,772,0.592,5,53,-5,1,15.0,0.8,-10,-7,18,8.002,-0.062,7.96,8.0,0.0,0.4,31.102083333333336,-43.5075,-1.7507945,-25.037504,-62.121315,PM*,G,6039.4862937638,25.098643149207213,3.5561387733068084e-07
HD 12846, ,2,6,30.2,+,24,20,2,144,-35,6.896,0.407,2.584,0.005,3.749,-0.23,23,5.07,0.37,0.0,0.0,0.0,0.87,0.83,0.96,-5.1,0.2,0.2,3,3280,0.573,2,7,-148,1,43.1,0.9,7,-13,-9,8.015,-0.013,7.35,8.25,0.06,0.03,31.62583333333333,24.33388888888889,-15.242283,11.074166,-13.192259,PM*,G,5610.479760324706,18.840497436311097,2.7859845287988294e-06
HD 13127, ,2,9,38.7,+,44,40,18,137,-16,8.061,0.332,0.0,0.0,3.789,-0.31,123,2.6,2.0,2.6,2.1,3.9,1.39,1.26,1.47,9.1,0.3,0.1,2,604,0.872,6,134,-48,2,8.1,1.0,-62,-56,-5,8.087,-0.034,5.08,8.61,0.26,0.05,32.411249999999995,44.67166666666667,-86.47175,80.6362,-33.903397,PM*,G,6151.7687270986835,118.23519060965944,9.18287558668231e-08
HD 13345, ,2,10,32.3,+,6,5,55,156,-52,7.376,0.358,2.639,0.022,3.792,0.2,59,3.43,0.64,2.7,1.7,3.7,1.31,1.25,1.38,22.4,0.3,0.1,2,364,0.705,7,107,9,2,0.0,0.0,-35,-12,-7,8.033,-0.046,7.25,8.48,0.08,0.05,32.63458333333333,6.098611111111111,-33.18365,14.774311,-46.492638,PM*,G,6194.410750767812,36.324026385399804,2.89053811465814e-07
HD 13421, ,2,11,21.0,+,8,34,11,154,-49,5.633,0.358,2.624,0.008,3.78,-0.03,43,2.49,2.06,2.1,1.9,2.3,1.55,1.49,1.59,-18.9,0.2,0.5,5,2272,0.08,10,-142,-114,1,23.5,0.9,40,-3,-8,8.025,-0.032,7.0,9.47,0.15,0.04,32.83749999999999,8.569722222222222,-25.355465,12.366686,-32.452515,PM*,G,6025.595860743575,28.21053930694734,7.888214295261906e-08
HD 13545, ,2,12,29.6,+,16,42,2,149,-42,8.177,0.386,2.619,0.038,3.782,-0.13,85,3.37,1.23,4.6,2.8,6.1,1.16,1.09,1.25,25.0,0.2,0.2,3,2571,0.791,5,-23,-50,2,7.8,1.1,-3,2,-33,8.054,-0.057,8.0,8.63,0.04,0.45,33.123333333333335,16.700555555555553,-54.14495,32.53357,-56.876102,PM*,G,6053.408747539136,63.167307900902344,2.6605945697733073e-07
HD 13724, ,2,12,20.6,-,46,48,59,269,-65,7.887,0.419,2.599,0.0,3.749,0.03,43,4.7,0.53,10.5,5.8,15.1,0.95,0.89,1.02,20.3,0.2,0.3,4,3656,0.47,4,-29,-67,1,23.0,0.8,13,-13,-17,8.0,-0.039,7.18,8.38,0.08,0.15,33.08583333333333,-46.81638888888889,-0.31715336,-18.169819,-38.971233,PM*,G,5610.479760324706,18.172586737900588,1.6710086589594444e-06
HD 13825, ,2,15,24.4,+,24,16,16,146,-35,6.803,0.434,2.601,0.0,3.743,0.15,26,4.7,0.57,11.1,7.0,15.1,0.95,0.91,1.05,-2.5,0.1,0.2,9,4991,0.955,2,459,-195,1,37.9,1.0,-33,-53,1,8.018,-0.015,5.34,8.13,0.21,0.13,33.85166666666666,24.27111111111111,-17.656801,11.909666,-14.912988,PM*,G,5533.501092157366,21.29795215003445,1.6710086589594444e-06
HD 13836, ,2,15,27.3,+,27,21,26,145,-32,8.121,0.437,2.58,0.0,3.739,0.04,37,5.27,0.17,0.0,0.0,0.0,0.92,0.85,0.99,0.8,0.2,0.2,3,1918,0.69,1,287,-139,1,26.9,1.1,-31,-47,-3,8.026,-0.02,5.66,8.13,0.18,0.06,33.86375,27.357222222222223,-25.70317,17.997557,-19.607014,PM*,G,5482.769649208536,31.377778857292448,3.672642878602949e-06
HD 13931, ,2,16,47.3,+,43,46,22,139,-16,7.627,0.399,0.0,0.0,3.757,-0.05,45,4.34,0.77,9.9,6.4,13.3,0.99,0.95,1.05,30.3,0.2,0.1,2,403,0.691,2,99,-184,1,22.0,1.0,-37,-12,-37,8.033,-0.013,7.24,8.59,0.09,0.54,34.197083333333325,43.772777777777776,-32.646305,28.378996,-12.403681,PM*,G,5714.786366718672,43.25677570186018,1.0161988529530514e-06
HD 13942, ,2,16,31.6,+,35,26,57,142,-24,7.947,0.462,0.0,0.0,3.731,0.13,34,5.29,0.26,0.0,0.0,0.0,0.91,0.86,0.98,-11.9,0.2,0.2,2,361,0.495,3,30,15,1,0.0,0.0,5,-9,8,8.024,-0.014,7.57,8.31,0.05,0.24,34.13166666666667,35.44916666666666,-24.476044,19.122782,-13.829046,*,G,5382.697825162882,31.060546056202234,3.7755367364019577e-06
HD 13992, ,2,15,11.3,-,35,7,3,242,-70,8.256,0.357,2.628,0.02,3.785,-0.17,67,4.05,0.52,4.5,2.3,6.8,1.08,1.03,1.15,56.2,0.3,0.3,2,1444,0.441,7,190,4,2,15.0,1.1,-52,-54,-34,8.01,-0.063,5.2,8.36,0.23,0.47,33.79708333333333,-35.1175,-10.758107,-20.233053,-62.959404,PM*,G,6095.368972401694,22.915350748444983,6.80735971699978e-07
HD 14398, ,2,17,40.4,-,56,15,5,281,-57,8.103,0.4,2.607,0.014,3.757,-0.03,60,4.2,0.89,10.1,6.9,12.1,1.02,0.97,1.06,-31.0,0.3,0.5,4,3656,0.063,2,30,-133,2,16.6,0.8,18,-10,45,7.994,-0.051,7.29,8.73,0.09,1.13,34.41833333333332,-56.25138888888889,6.235318,-32.077953,-50.320232,PM*,G,5714.786366718672,32.678345417590116,8.37488207151103e-07
HD 14412, ,2,18,58.5,-,25,56,44,214,-70,6.347,0.442,2.555,0.0,3.728,-0.48,13,5.83,0.21,0.0,0.0,0.0,0.79,0.74,0.84,7.2,0.2,0.1,4,3659,0.966,3,-218,445,1,78.9,0.7,-11,27,-9,8.004,-0.012,8.0,10.28,0.12,0.03,34.74374999999999,-25.945555555555558,-3.6861181,-2.4863183,-12.216004,PM*,G,5345.643593969719,4.446261950904659,7.961203043484434e-06
HD 14651, ,2,22,0.8,+,4,44,48,161,-51,8.262,0.449,2.551,0.0,3.734,0.04,40,5.27,0.28,0.0,0.0,0.0,0.89,0.85,0.97,53.1,0.2,0.1,2,435,0.718,2,-21,80,1,25.2,1.2,-35,24,-35,8.023,-0.031,7.86,10.42,0.14,0.55,35.50333333333333,4.746666666666667,-23.801365,8.195466,-31.085838,PM*,G,5420.008904016238,25.172815472655834,3.672642878602949e-06
HD 14747, ,2,19,33.7,-,67,41,54,291,-47,8.122,0.425,2.569,0.0,3.739,-0.35,38,5.2,0.54,0.0,6.7,0.0,0.83,0.8,0.89,60.5,0.2,0.2,4,3511,0.867,4,102,-310,2,26.0,0.7,40,-74,-7,7.991,-0.028,4.28,8.37,0.32,0.03,34.89041666666666,-67.69833333333334,9.2874365,-24.19461,-27.791441,PM*,G,5482.769649208536,25.915933897770927,3.3341006052084653e-06
HD 14868, ,2,23,11.1,-,29,2,12,224,-70,8.262,0.389,2.598,0.005,3.76,-0.17,52,4.67,0.47,9.5,3.9,14.4,0.95,0.88,1.02,28.8,0.3,0.5,3,1335,0.112,3,157,100,3,19.1,1.0,-51,-14,-13,8.013,-0.049,6.84,8.82,0.13,0.11,35.79625,-29.03666666666667,-12.793492,-12.354532,-48.864017,PM*,G,5754.399373371566,17.78504704781767,1.6031667626742862e-06
HD 15069, ,2,28,20.7,+,62,13,8,134,1,7.792,0.408,0.0,0.0,3.752,-0.09,56,4.04,1.22,10.0,8.5,11.6,1.02,0.98,1.06,-62.3,0.2,0.1,2,353,0.811,2,174,46,3,17.8,0.9,16,-72,27,8.039,0.001,4.55,8.15,0.28,0.63,37.08625,62.21888888888889,-38.89494,40.276897,0.97733474,PM*,G,5649.369748123023,55.991470685741135,6.713959240189154e-07
HD 15095, ,2,26,11.0,+,10,38,16,157,-46,7.326,0.366,2.613,0.009,3.768,-0.3,34,4.67,0.4,7.4,0.0,12.8,0.95,0.88,1.02,-0.9,0.2,0.1,2,360,0.757,1,84,-257,2,0.0,0.0,7,-38,-19,8.022,-0.024,6.08,8.11,0.14,0.18,36.54583333333333,10.637777777777778,-21.740839,9.228439,-24.457552,PM*,G,5861.3816451402845,23.618386202292527,1.6031667626742862e-06
HD 15335, ,2,28,48.4,+,29,55,54,147,-28,5.895,0.384,2.595,0.004,3.761,-0.32,31,3.45,1.8,6.5,5.9,7.2,1.1,1.06,1.14,40.8,0.1,0.3,17,2935,0.692,4,-65,73,2,32.5,0.8,-25,32,-14,8.023,-0.015,7.97,10.77,0.15,0.12,37.20166666666667,29.93166666666667,-22.955564,14.907519,-14.553618,PM*,G,5767.664633922509,27.371372660015737,2.971520292224332e-07
HD 15397, ,2,30,14.0,+,48,30,5,139,-11,7.997,0.369,0.0,0.0,3.773,0.01,76,3.6,1.08,5.5,3.1,6.8,1.15,1.09,1.25,-0.2,0.3,0.1,2,604,0.775,6,40,-14,1,13.2,1.1,-10,-12,1,8.056,-0.015,7.66,8.06,0.03,0.12,37.55833333333333,48.50138888888889,-56.304108,48.944405,-14.501484,*,G,5929.2532458,74.60366853231608,3.655768617358884e-07
HD 15451, ,2,30,39.2,+,43,40,44,141,-16,7.736,0.405,2.583,0.012,3.749,-0.57,76,3.32,2.36,6.7,5.4,8.1,1.05,1.0,1.1,-33.7,0.3,0.3,2,349,0.511,6,19,53,1,13.1,1.0,22,-16,29,8.057,-0.021,7.04,8.65,0.1,0.68,37.66333333333333,43.678888888888885,-56.775078,45.975567,-20.948439,PM*,G,5610.479760324706,73.0558843822835,2.483011324918055e-07
HD 15590, ,2,29,11.9,-,42,4,31,256,-65,7.989,0.418,2.618,0.045,3.776,0.3,88,3.08,1.27,2.8,2.0,5.6,1.42,1.38,1.46,36.9,0.2,0.1,2,1379,0.965,4,101,-53,1,11.4,0.8,-15,-56,-14,8.009,-0.08,5.24,8.01,0.21,0.12,37.29958333333333,-42.07527777777778,-8.997175,-36.085693,-79.75508,PM*,G,5970.352865838366,37.1904073286496,1.7822913541883197e-07
HD 15632, ,2,31,24.1,+,22,5,14,152,-35,8.035,0.414,2.609,0.0,3.749,-0.04,42,4.93,0.35,0.0,0.0,0.0,0.92,0.86,1.01,4.6,0.2,0.2,2,404,0.574,1,146,61,1,23.9,1.1,-25,-9,17,8.03,-0.024,7.57,8.31,0.05,0.4,37.85041666666666,22.08722222222222,-30.377268,16.15188,-24.09021,PM*,G,5610.479760324706,34.40438400376068,2.296036038019654e-06
HD 15830, ,2,34,10.6,+,42,47,6,142,-16,7.586,0.43,2.584,0.0,3.741,-0.12,31,5.15,0.37,13.4,1.0,0.0,0.87,0.84,0.95,16.4,0.2,0.2,4,2608,0.891,1,406,-194,2,32.6,1.0,-52,-42,-7,8.023,-0.009,5.68,8.45,0.2,0.01,38.54416666666666,42.785,-23.482021,18.346167,-8.544758,PM*,G,5508.076964054036,29.7991133062098,3.1115637291006563e-06
HD 16065, ,2,33,55.7,-,32,11,50,232,-67,8.123,0.387,2.625,0.03,3.78,0.13,81,3.46,0.95,3.1,2.6,3.7,1.3,1.23,1.36,14.7,0.2,0.1,2,769,0.794,4,94,70,2,12.4,1.1,-46,-10,-1,8.019,-0.074,7.09,8.83,0.11,0.13,38.48208333333333,-32.197222222222216,-19.485212,-24.939932,-74.56089,PM*,G,6025.595860743575,31.649228977173646,3.0128582572338447e-07
HD 16141, ,2,35,19.9,-,3,33,38,174,-56,6.829,0.428,2.594,0.0,3.743,-0.16,36,4.06,1.45,11.2,9.7,12.9,0.97,0.94,1.03,-51.2,0.1,0.4,10,2968,0.1,3,-155,-438,1,27.9,1.4,84,-42,0,8.02,-0.03,5.1,9.79,0.31,0.13,38.83291666666666,-3.5605555555555557,-20.020664,2.104257,-29.845354,PM*,G,5533.501092157366,20.130943458341566,6.902059523871276e-07
HD 16175, ,2,37,1.9,+,42,3,45,143,-17,7.282,0.407,0.0,0.0,3.758,0.05,60,3.4,1.61,5.2,4.4,6.0,1.19,1.15,1.27,21.4,0.3,0.5,2,1892,0.19,5,-38,-39,2,16.7,1.0,-10,14,-20,8.046,-0.017,8.05,9.36,0.08,0.21,39.25791666666666,42.0625,-45.82433,34.531116,-17.542301,PM*,G,5727.960309858292,57.37828153713176,2.773184092623894e-07
HD 16252, ,2,35,56.7,-,17,37,57,197,-64,6.935,0.43,2.584,0.009,3.742,-0.2,64,2.91,2.66,3.2,2.7,3.7,1.28,1.25,1.33,3.3,0.2,0.1,3,2598,0.837,2,-34,-12,2,15.7,0.8,7,4,-8,8.027,-0.057,7.81,8.85,0.06,0.06,38.98625,-17.6325,-26.829851,-8.202711,-57.52282,*,G,5520.774392807573,28.05575471149764,1.4092196826255733e-07
HD 16358, ,2,36,47.7,-,25,1,25,214,-66,7.703,0.379,2.599,-0.009,3.766,-0.14,63,3.7,1.28,7.2,6.0,8.4,1.09,1.04,1.14,2.3,0.2,0.2,3,3372,0.561,3,-74,-70,2,15.8,0.9,28,-1,-12,8.021,-0.058,7.3,9.18,0.11,0.1,39.19875,-25.02361111111111,-21.243595,-14.328988,-57.553368,PM*,G,5834.451042737448,25.62440683465998,4.1973839773752496e-07
HD 16417, ,2,36,58.6,-,34,34,40,238,-66,5.778,0.413,2.596,0.0,3.752,-0.01,26,3.74,1.45,7.6,6.9,8.3,1.1,1.07,1.14,10.6,0.2,0.3,3,2205,0.327,2,-17,-261,1,39.2,0.6,22,-24,-9,8.005,-0.023,6.61,8.42,0.12,0.03,39.244166666666665,-34.57777777777778,-5.6039777,-8.968236,-23.752182,PM*,G,5649.369748123023,10.575151205244929,4.435868880183037e-07
HD 16688, ,2,39,54.0,-,23,55,47,212,-65,8.156,0.4,2.628,0.043,3.782,0.27,81,3.42,0.82,3.2,2.0,5.7,1.33,1.28,1.39,14.3,0.2,0.2,2,768,0.484,2,53,11,2,12.3,1.1,-21,-13,-4,8.029,-0.074,7.45,8.15,0.05,0.09,39.975,-23.929722222222225,-29.030449,-18.140238,-73.41093,PM*,G,6053.408747539136,34.23207857899145,2.8508784449224386e-07
HD 16894, ,2,45,11.7,+,61,23,10,136,1,8.06,0.483,0.0,0.0,3.716,-0.34,26,5.99,0.19,0.0,0.0,0.0,0.78,0.75,0.83,7.5,0.2,0.1,2,354,0.788,1,-18,-20,3,0.0,0.0,-5,6,-3,8.019,0.001,8.0,8.77,0.05,0.06,41.29874999999999,61.38611111111111,-18.699986,18.058369,0.45376256,*,G,5199.959965335162,25.996041378262902,9.930673429983232e-06
HD 17338, ,2,46,47.1,-,5,49,45,180,-55,8.191,0.348,2.622,0.01,3.779,-0.36,62,4.23,0.64,6.4,3.4,9.1,1.0,0.95,1.07,-1.2,0.5,0.7,2,1137,0.048,4,46,74,2,16.1,1.3,-19,7,15,8.035,-0.051,7.98,8.97,0.06,0.39,41.69624999999999,-5.829166666666667,-35.56174,-3.1089062e-06,-50.787426,PM*,G,6011.737374832779,35.561740000000135,8.729285552249458e-07
HD 17499, ,2,48,46.8,+,14,36,49,161,-39,8.197,0.339,2.633,0.017,3.783,-0.41,68,4.03,0.79,5.6,3.7,8.0,1.03,0.97,1.09,30.1,0.4,0.0,1,0,0.0,4,59,-6,1,14.7,1.0,-33,-6,-12,8.05,-0.043,7.5,8.6,0.07,0.08,42.19499999999999,14.61361111111111,-49.96681,17.204948,-42.793785,PM*,G,6067.363295885053,52.84593018633322,6.621840265962693e-07
HD 17591, ,2,52,22.8,+,63,24,35,136,4,6.795,0.36,0.0,0.0,3.773,-0.15,30,4.39,0.43,6.7,2.8,9.6,1.02,0.96,1.08,-10.1,0.2,0.2,4,1841,0.927,8,179,-113,2,33.0,0.7,-14,-29,-4,8.022,0.002,6.65,8.03,0.09,0.05,43.095,63.40972222222222,-21.527624,20.78899,2.092694,PM*,G,5929.2532458,29.92692266681417,1.088876688899508e-06
HD 17605, ,2,50,35.2,+,36,56,53,148,-20,6.446,0.388,0.0,0.0,3.765,0.01,61,2.53,2.34,2.7,2.2,3.0,1.53,1.38,1.59,-2.9,0.2,0.1,2,636,0.802,5,-11,-129,2,16.5,0.9,4,-20,-31,8.048,-0.021,7.09,8.17,0.07,0.39,42.64666666666667,36.94805555555556,-48.611176,30.375643,-20.863228,PM*,G,5821.032177708716,57.32125364789595,8.336402983662266e-08
HD 17674, ,2,51,4.2,+,30,17,12,152,-26,7.566,0.382,2.593,0.003,3.761,-0.29,47,4.2,1.03,11.4,9.3,13.6,0.98,0.91,1.02,10.4,0.2,0.3,3,653,0.398,3,129,-33,2,21.2,0.9,-25,-19,2,8.037,-0.021,7.09,8.17,0.07,0.14,42.7675,30.28666666666667,-37.298637,19.832039,-20.603445,PM*,G,5767.664633922509,42.24332009862968,8.37488207151103e-07
HD 17900, ,2,50,43.0,-,48,52,25,264,-58,8.174,0.384,2.609,0.013,3.763,-0.13,64,4.15,0.89,9.8,6.4,11.8,1.01,0.97,1.06,7.6,0.2,0.3,2,384,0.269,2,17,-56,2,15.7,0.7,10,-17,0,8.003,-0.054,7.11,8.26,0.07,0.12,42.67916666666667,-48.87361111111111,-3.5450609,-33.729046,-54.275078,PM*,G,5794.286964268809,33.91483452495124,7.81589471190529e-07
HD 18083, ,2,53,16.6,-,34,29,18,236,-63,8.118,0.37,2.629,0.024,3.782,0.0,57,4.22,0.26,3.7,0.0,6.3,1.11,1.05,1.17,13.8,0.2,0.1,2,771,0.984,6,158,88,2,17.4,0.8,-47,-18,6,8.015,-0.051,6.77,8.66,0.12,0.22,43.31916666666666,-34.48833333333334,-14.470492,-21.453388,-50.787373,PM*,G,6053.408747539136,25.877461146731687,8.609515264400525e-07
HD 18144, ,2,55,17.4,+,16,18,33,161,-37,7.409,0.452,0.0,0.0,3.732,0.03,26,5.32,0.27,0.0,0.0,0.0,0.87,0.84,0.97,-1.9,0.3,0.6,3,2775,0.037,1,204,-46,2,38.3,1.1,-12,-21,9,8.02,-0.016,7.07,8.02,0.06,0.25,43.8225,16.309166666666666,-19.633244,6.760267,-15.64719,PM*,G,5395.1062251512785,20.764524552101477,3.93530774566648e-06
HD 18709, ,2,58,59.0,-,43,44,53,254,-59,7.387,0.381,2.6,0.01,3.761,-0.34,39,4.44,0.83,11.9,7.2,15.6,0.93,0.85,0.99,28.5,0.2,0.2,3,3325,0.628,3,52,-166,1,25.7,0.7,14,-38,-15,8.005,-0.034,6.05,8.18,0.15,0.12,44.74583333333333,-43.74805555555556,-5.5365825,-19.308369,-33.429523,PM*,G,5767.664633922509,20.086484491305768,1.1667523931790261e-06
HD 18803, ,3,2,26.0,+,26,36,33,156,-28,6.619,0.43,2.588,0.0,3.744,0.13,21,4.99,0.27,7.9,0.0,15.7,1.01,0.9,1.05,9.5,0.1,0.4,33,4898,0.054,2,233,-168,1,47.2,0.9,-19,-23,-6,8.017,-0.01,6.92,8.06,0.08,0.02,45.60833333333332,26.609166666666667,-16.938868,7.5416684,-9.858903,PM*,G,5546.25712957911,18.5418988072145,2.4944723844527592e-06
HD 18836, ,3,1,20.1,-,17,13,48,201,-58,8.216,0.372,2.618,0.017,3.768,-0.29,87,3.52,1.55,6.8,5.4,8.5,1.08,1.01,1.14,35.1,0.2,0.3,2,626,0.404,6,-29,78,2,11.5,1.2,-31,25,-28,8.042,-0.074,7.92,10.36,0.13,0.4,45.33375,-17.229999999999997,-43.04084,-16.521828,-73.78018,PM*,G,5861.3816451402845,46.10297938709802,3.2732464109851e-07
HD 18916, ,3,4,24.9,+,50,1,56,144,-7,8.005,0.411,0.0,0.0,3.747,-0.22,36,5.24,0.24,0.0,0.0,0.0,0.87,0.82,0.96,-51.5,0.2,0.2,4,2268,0.77,1,-209,144,2,28.0,1.0,66,5,10,8.029,-0.005,6.73,10.71,0.23,0.31,46.10375,50.032222222222224,-28.907522,21.002544,-4.3872967,PM*,G,5584.701947368307,35.73166218709144,3.5235358970641673e-06
HD 18962, ,3,6,49.3,+,67,24,37,135,8,7.914,0.399,2.585,0.001,3.754,-0.41,90,3.14,2.34,5.1,4.0,6.3,1.16,1.06,1.25,-11.1,0.3,0.4,2,307,0.282,3,-33,-1,2,11.1,0.9,15,1,-9,8.064,0.012,7.65,8.98,0.08,0.03,46.705416666666665,67.41027777777778,-63.02027,63.02027,12.525579,*,G,5675.446054085472,89.12412053841429,1.9363269959413497e-07
HD 18993, ,3,4,59.7,+,46,35,5,146,-10,8.233,0.404,0.0,0.0,3.759,0.24,70,4.01,0.81,6.9,3.3,9.2,1.12,1.07,1.18,-20.0,0.2,0.3,4,748,0.567,2,36,-91,2,0.0,0.0,5,-34,-16,8.057,-0.013,6.34,8.13,0.12,0.13,46.24875,46.58472222222223,-57.150974,38.548832,-12.155373,PM*,G,5741.164622073275,68.93653804560321,6.441376735009708e-07
HD 19019, ,3,3,50.8,+,6,7,59,172,-44,6.924,0.357,2.621,0.008,3.774,-0.24,31,4.44,0.44,7.3,2.8,10.2,0.99,0.94,1.06,24.7,0.3,0.1,3,719,0.919,4,232,51,2,31.8,0.9,-40,-15,4,8.022,-0.022,7.02,8.55,0.1,0.17,45.96166666666666,6.133055555555555,-22.082516,3.103497,-21.53441,PM*,G,5942.921586155727,22.299533773585154,1.1667523931790261e-06
HD 19034, ,3,3,38.9,-,5,39,58,185,-52,8.083,0.423,2.567,0.0,3.739,-0.39,35,5.34,0.43,0.0,0.0,0.0,0.82,0.79,0.9,-20.5,0.1,0.2,14,2620,0.944,2,333,-264,2,28.3,1.2,5,-69,25,8.022,-0.028,4.69,8.06,0.26,0.59,45.91208333333333,-5.666111111111111,-21.466156,-1.8780468,-27.580378,PM*,G,5482.769649208536,21.548153359379228,4.045560500688487e-06
HD 19103, ,3,5,23.1,+,32,5,48,153,-23,8.062,0.341,0.0,0.0,3.785,-0.08,72,3.78,0.7,3.7,2.8,5.7,1.14,1.08,1.21,-16.9,0.4,0.5,2,2146,0.214,3,32,-17,2,13.9,1.1,8,-18,7,8.059,-0.028,7.13,8.26,0.07,0.22,46.34625,32.09666666666667,-59.052658,30.088839,-28.13264,*,G,6095.368972401694,66.27635060285746,4.6879039011534105e-07
HD 19256, ,3,8,25.7,+,57,0,46,141,-1,6.639,0.388,0.0,0.0,3.767,0.19,32,4.14,0.53,4.7,3.2,7.5,1.17,1.09,1.2,3.7,0.2,0.3,2,601,0.299,3,130,-108,1,31.6,0.8,-19,-17,-4,8.025,-0.001,7.26,8.08,0.05,0.04,47.10708333333333,57.01277777777778,-24.86488,20.13519,-0.558477,PM*,G,5847.900841444806,31.99512671877547,7.70865661620565e-07
HD 19423, ,3,4,54.9,-,57,9,58,274,-52,7.889,0.403,2.598,0.012,3.752,-0.23,53,4.27,1.11,13.1,10.9,15.0,0.94,0.91,0.98,23.5,0.2,0.2,3,2741,0.535,3,-34,-23,2,18.9,0.6,10,-11,-21,7.998,-0.042,7.34,8.36,0.07,0.21,46.22875,-57.16611111111111,2.276161,-32.55057,-41.764572,*,G,5649.369748123023,32.630055412500006,9.225261814543033e-07
HD 19467, ,3,7,18.5,-,13,45,42,197,-56,6.974,0.41,2.577,0.0,3.75,-0.13,31,4.49,0.85,13.4,9.0,17.2,0.93,0.88,0.98,6.3,0.1,0.4,15,3775,0.304,1,-8,-261,1,31.8,0.9,21,-29,-17,8.017,-0.026,6.41,8.36,0.13,0.15,46.82708333333333,-13.761666666666668,-16.577524,-5.068259,-25.700167,PM*,G,5623.413251903491,17.334980567097762,1.2501977137235027e-06
HD 19518, ,3,8,44.3,+,15,20,5,165,-36,7.862,0.401,2.594,0.008,3.754,-0.14,41,4.8,0.45,10.8,3.9,16.8,0.92,0.86,1.0,-27.5,0.1,0.3,7,2951,0.73,3,70,-195,1,24.4,1.0,25,-42,-1,8.032,-0.024,5.78,8.34,0.18,0.09,47.18458333333332,15.334722222222222,-32.039467,8.584952,-24.099195,PM*,G,5675.446054085472,33.16969771472742,1.9185746433369414e-06
HD 19632, ,3,8,52.4,-,24,53,15,217,-59,7.293,0.424,2.579,0.0,3.745,-0.03,30,4.89,0.47,12.8,5.6,0.0,0.9,0.87,0.97,40.6,0.2,0.3,4,1574,0.342,4,227,136,2,33.1,0.9,-49,-20,-16,8.012,-0.026,6.66,8.67,0.13,0.13,47.21833333333333,-24.8875,-12.339831,-9.298729,-25.71502,PM*,G,5559.042572704037,15.451142033002027,2.172594623009279e-06
HD 19638, ,3,9,56.3,+,6,42,17,173,-42,8.183,0.456,0.0,0.0,3.735,0.17,101,3.16,2.27,3.9,3.2,5.1,1.26,1.23,1.28,-0.4,0.4,0.6,2,1459,0.105,5,109,-57,3,9.9,1.1,-17,-55,12,8.074,-0.068,5.35,8.09,0.2,0.31,47.484583333333326,6.704722222222222,-74.49815,9.147219,-67.58219,PM*,G,5432.503314924331,75.05761766041113,1.990575710329982e-07
HD 19641, ,3,8,26.4,-,37,51,8,242,-59,8.262,0.407,2.603,0.02,3.762,0.01,52,4.59,0.35,7.1,1.4,11.2,1.01,0.95,1.08,50.7,0.2,0.2,5,3517,0.883,5,-22,115,2,19.2,0.8,-33,-1,-48,8.012,-0.045,7.63,8.87,0.07,0.81,47.10999999999999,-37.852222222222224,-12.57338,-23.647085,-44.5727,PM*,G,5780.960474057181,26.781981136981354,1.4354190325987634e-06
HD 19769, ,3,12,30.4,+,43,51,38,148,-12,7.56,0.376,0.0,0.0,3.768,0.0,41,4.48,0.33,5.8,0.8,9.7,1.03,0.98,1.11,11.5,0.2,0.1,3,2608,0.967,3,175,-21,2,24.2,1.0,-29,-19,12,8.034,-0.009,7.06,8.24,0.08,0.3,48.12666666666666,43.86055555555556,-34.010162,21.251915,-8.52438,PM*,G,5861.3816451402845,40.10405229441869,1.2330443580285334e-06
HD 20155,*,3,13,24.0,-,28,58,28,225,-59,7.882,0.389,0.0,0.0,3.764,-0.05,93,3.03,1.91,4.1,3.3,4.8,1.29,1.19,1.36,-8.8,0.2,0.3,2,817,0.408,3,57,-70,2,10.7,0.9,13,-34,18,8.034,-0.08,6.27,8.21,0.13,0.43,48.35,-28.974444444444444,-33.869385,-33.86938,-79.71656,PM*,G,5807.644175213118,47.8985400807021,1.6633310715695407e-07
HD 20278, ,3,16,3.1,+,11,37,42,170,-38,8.013,0.391,2.619,0.029,3.778,0.07,93,3.04,1.47,2.7,2.4,3.2,1.38,1.29,1.46,45.1,0.2,0.2,3,822,0.678,5,194,-10,1,10.7,1.1,-79,-54,15,8.073,-0.057,5.0,8.97,0.28,0.39,49.012916666666655,11.628333333333334,-72.17164,12.725815,-57.25652,PM*,G,5997.910762555094,73.28500520368286,1.6864703117139513e-07
HD 20339, ,3,15,53.4,-,14,47,56,200,-54,7.859,0.383,2.579,0.0,3.763,-0.09,47,4.5,0.5,8.3,4.1,12.1,0.99,0.94,1.05,40.6,0.2,0.2,5,1569,0.718,4,77,-118,2,21.3,0.9,-16,-38,-31,8.026,-0.038,6.19,8.03,0.13,0.39,48.97249999999999,-14.79888888888889,-25.95986,-9.448617,-38.0238,PM*,G,5794.286964268809,27.62590621920463,1.2675896963662255e-06
HD 20407, ,3,15,6.3,-,45,39,53,256,-56,6.763,0.373,2.605,0.016,3.763,-0.4,24,4.83,0.44,8.0,0.0,15.1,0.9,0.83,0.99,4.3,0.2,0.2,4,3077,0.806,3,-132,144,1,41.0,0.6,-6,17,-15,8.003,-0.02,8.0,9.49,0.09,0.12,48.77624999999999,-45.664722222222224,-3.2467446,-13.021979,-19.896902,PM*,G,5794.286964268809,13.420629179515771,1.999763790342133e-06
HD 20548, ,3,20,7.2,+,47,16,53,147,-8,8.179,0.421,0.0,0.0,3.746,-0.04,50,4.68,0.67,12.5,7.0,17.6,0.91,0.87,0.99,14.8,0.2,0.4,4,750,0.215,2,108,-92,2,0.0,0.0,-30,-21,-7,8.042,-0.007,6.96,8.25,0.08,0.01,50.03,47.28138888888889,-41.525433,26.966932,-6.9586554,PM*,G,5571.857489319298,49.51340230008551,1.6254690339100712e-06
HD 20619, ,3,19,1.8,-,2,50,35,185,-47,7.052,0.406,2.584,0.003,3.749,-0.24,25,5.09,0.36,0.0,0.0,0.0,0.86,0.82,0.96,22.5,0.1,0.2,10,2248,0.921,3,255,-102,2,40.5,1.0,-25,-29,-6,8.017,-0.018,6.53,8.1,0.11,0.03,49.75749999999999,-2.843055555555556,-16.985077,-1.4860028,-18.283842,PM*,G,5610.479760324706,17.049957331839188,2.8640375019334002e-06
HD 20670, ,3,21,56.7,+,52,37,18,145,-4,7.695,0.43,0.0,0.0,3.747,0.2,78,3.25,1.89,5.6,3.8,6.7,1.31,1.23,1.38,15.1,0.3,0.3,2,3665,0.426,2,162,-62,2,12.9,0.9,-49,-42,12,8.063,-0.005,5.79,8.45,0.19,0.32,50.48625,52.62166666666667,-63.738216,44.629986,-5.4410048,PM*,G,5584.701947368307,77.8099982600106,2.254128657425552e-07
HD 20794, ,3,19,55.6,-,43,4,11,251,-56,4.254,0.442,2.575,0.0,3.732,-0.3,6,5.34,0.5,0.0,8.3,0.0,0.83,0.82,0.85,87.2,0.1,0.3,16,4763,0.078,1,3038,728,1,165.0,0.6,-79,-93,-29,8.001,-0.005,3.52,8.62,0.42,0.35,49.981666666666655,-43.06972222222223,-1.0923325,-3.1723635,-4.9742255,PM*,G,5395.1062251512785,3.355157293881838,4.045560500688487e-06
HD 21252, ,3,25,15.0,-,15,2,21,202,-52,7.987,0.423,2.582,0.027,3.755,-0.21,65,3.79,1.5,8.6,7.4,10.0,1.03,1.0,1.07,49.8,0.2,0.2,5,2629,0.729,1,-147,-276,2,15.3,0.9,50,-42,-87,8.037,-0.052,5.82,9.04,0.22,2.24,51.31249999999999,-15.039166666666668,-37.10404,-14.991008,-51.2207,PM*,G,5688.529308438413,40.017997265951024,4.7531191406188385e-07
HD 21313, ,3,27,29.3,+,34,48,23,156,-18,8.191,0.377,0.0,0.0,3.772,0.25,71,3.92,0.57,4.1,2.2,7.1,1.2,1.15,1.25,-20.3,0.2,0.4,4,2113,0.229,3,3,-76,2,14.0,1.3,17,-25,-13,8.062,-0.022,6.67,8.36,0.11,0.09,51.87208333333333,34.80638888888888,-61.687176,27.464895,-21.940207,PM*,G,5915.616341754737,67.52501862432916,5.68825032571083e-07
HD 21496, ,3,28,13.0,+,7,18,8,176,-39,8.002,0.379,2.611,0.015,3.767,-0.15,74,3.65,1.31,6.9,5.5,8.3,1.09,1.04,1.15,-30.5,0.3,0.2,2,365,0.672,7,-15,-83,2,13.5,1.1,38,-20,0,8.058,-0.046,6.56,8.94,0.15,0.13,52.05416666666667,7.302222222222222,-57.368717,4.011611,-46.56971,PM*,G,5847.900841444806,57.50880552612278,3.917226648981836e-07
HD 21543, ,3,28,21.0,-,6,31,51,191,-47,8.23,0.4,2.578,0.0,3.749,-0.6,45,4.94,0.76,16.0,6.4,0.0,0.82,0.79,0.88,63.7,0.1,0.3,7,4436,0.604,3,358,-194,2,22.0,1.2,-58,-90,-19,8.03,-0.033,3.73,8.33,0.38,0.19,52.0875,-6.530833333333334,-30.126064,-5.855912,-32.910915,PM*,G,5610.479760324706,30.68992403841756,2.3279770810098656e-06
HD 21693, ,3,27,12.4,-,58,19,25,273,-49,7.947,0.462,0.0,0.0,3.727,-0.02,32,5.4,0.33,16.8,0.7,0.0,0.85,0.83,0.92,39.1,0.1,0.3,5,3514,0.546,2,251,95,2,31.0,0.7,-31,-46,-13,7.999,-0.024,5.68,8.1,0.18,0.09,51.80166666666666,-58.32361111111111,1.0987393,-20.965117,-24.150707,PM*,G,5333.348954876208,20.993888607712805,4.395200589841064e-06
HD 21774, ,3,31,15.4,+,20,46,5,166,-28,8.092,0.429,2.588,0.0,3.747,0.19,50,4.6,0.55,9.8,5.8,13.3,1.04,0.95,1.08,-3.7,0.2,0.2,5,768,0.908,1,-113,-195,1,20.0,1.2,25,-16,-44,8.043,-0.024,6.95,8.71,0.11,0.72,52.81416666666666,20.76805555555556,-42.83601,10.680216,-23.47358,PM*,G,5584.701947368307,44.147375533849754,1.4553877004550159e-06
HD 21809, ,3,32,19.8,+,38,3,43,155,-15,7.28,0.497,0.0,0.0,3.706,-0.57,16,6.26,0.25,0.0,0.0,0.0,0.74,0.71,0.78,16.3,0.2,0.1,2,408,0.89,1,-75,-50,2,0.0,0.0,-12,8,-10,8.014,-0.004,8.01,8.89,0.05,0.05,53.0825,38.06194444444444,-14.006817,6.5314875,-4.1411047,PM*,G,5081.594425605605,15.454813212528492,1.442044625814857e-05
HD 21938, ,3,30,50.3,-,37,22,20,240,-55,7.72,0.381,2.6,0.015,3.76,-0.42,40,4.72,0.63,11.3,5.0,0.0,0.87,0.82,0.96,79.1,0.2,0.4,4,2744,0.148,4,-195,-22,2,25.1,0.7,-2,-17,-86,8.011,-0.033,7.65,8.18,0.03,1.93,52.70958333333333,-37.37222222222222,-11.471527,-19.869272,-32.766083,PM*,G,5754.399373371566,22.943057806702946,1.7178241357207713e-06
HD 21977, ,3,32,25.9,-,4,21,39,189,-45,8.186,0.387,2.604,-0.004,3.764,0.11,53,4.57,0.25,4.9,0.0,9.2,1.06,1.0,1.12,26.6,0.2,0.4,5,3360,0.263,2,157,-86,2,18.9,1.1,-26,-45,-5,8.037,-0.038,5.78,8.1,0.17,0.05,53.10791666666666,-4.360833333333333,-37.01526,-5.862638,-37.476658,PM*,G,5807.644175213118,37.47665936535224,1.3962998789170638e-06
HD 21995, ,3,32,23.8,-,8,36,13,195,-48,8.058,0.373,2.613,0.009,3.767,-0.21,65,4.01,1.01,8.9,6.5,10.9,1.01,0.98,1.06,-16.2,0.2,0.3,5,3255,0.528,5,-22,-235,2,15.5,1.1,55,-46,-18,8.042,-0.048,5.32,8.94,0.25,0.19,53.099166666666655,-8.60361111111111,-42.011482,-11.256945,-48.304417,PM*,G,5847.900841444806,43.49348722014997,6.441376735009708e-07
HD 22177, ,3,32,1.8,-,52,28,25,264,-51,7.787,0.443,0.0,0.0,3.74,0.14,51,4.26,1.08,11.1,9.6,12.6,1.02,0.99,1.05,52.0,0.2,0.2,3,1472,0.656,2,162,-61,2,19.7,0.7,-10,-64,-14,8.003,-0.039,4.87,8.0,0.24,0.11,53.00749999999999,-52.47361111111111,-3.3548725,-31.91952,-39.634445,PM*,G,5495.408738576249,32.095341196529695,9.09868647726075e-07
HD 22309, ,3,36,3.1,+,16,28,2,170,-31,7.652,0.374,2.589,-0.014,3.766,0.11,45,4.38,0.39,5.3,2.0,8.7,1.09,1.03,1.15,-27.5,0.1,0.5,13,5247,0.045,3,-287,-289,1,22.2,1.1,68,-9,-60,8.038,-0.023,6.44,10.37,0.23,1.35,54.01291666666666,16.46722222222222,-37.986523,6.6980534,-23.176714,PM*,G,5834.451042737448,38.5725271272026,1.0739367406436191e-06
HD 22471, ,3,36,12.9,-,18,33,0,209,-51,7.86,0.407,2.597,0.021,3.766,0.07,119,2.39,2.41,2.4,2.0,3.0,1.5,1.45,1.58,-16.2,0.2,0.1,4,827,0.973,4,26,-75,2,8.4,1.0,31,-34,11,8.065,-0.093,6.09,8.57,0.17,0.31,54.05375,-18.55,-65.4995,-36.30697,-92.48037,PM*,G,5834.451042737448,74.8891218457721,6.870347440944186e-08
HD 22481, ,3,37,20.6,+,15,5,43,172,-32,8.258,0.337,2.618,-0.004,3.784,-0.27,68,4.09,0.59,5.4,2.8,7.8,1.05,0.99,1.11,25.3,0.4,0.0,1,0,0.0,1,-23,-63,1,14.7,1.3,-12,-7,-30,8.057,-0.036,7.96,8.09,0.01,0.37,54.33583333333333,15.095277777777778,-57.106056,8.025738,-36.03451,PM*,G,6081.350012787177,57.667270633521234,7.194136940441091e-07
HD 22718, ,3,41,25.6,+,50,49,17,148,-4,8.203,0.394,2.594,0.001,3.758,-0.25,92,3.39,1.87,6.4,4.9,8.1,1.11,1.04,1.18,-58.7,0.2,0.1,2,305,0.924,2,-35,59,2,10.9,1.1,64,-7,15,8.078,-0.006,6.54,10.2,0.22,0.41,55.35666666666666,50.82138888888889,-77.83037,48.633827,-6.4175954,PM*,G,5727.960309858292,91.77589892233597,2.7351345804337536e-07
HD 23030, ,3,41,41.4,-,2,50,51,190,-43,8.074,0.405,2.607,0.021,3.768,0.19,57,4.19,0.46,4.6,2.8,7.4,1.15,1.08,1.19,-35.2,0.3,0.4,3,2446,0.103,4,-40,-26,2,17.4,1.0,34,5,14,8.042,-0.039,7.34,9.72,0.14,0.37,55.42249999999999,-2.8475,-41.053837,-7.238902,-38.873905,*,G,5861.3816451402845,41.68715910910905,8.25997438171197e-07
HD 23074, ,3,45,20.9,+,60,21,3,143,4,8.014,0.367,2.615,0.014,3.77,-0.43,78,3.57,1.57,7.2,5.9,8.7,1.04,0.99,1.1,-14.7,0.3,0.4,2,604,0.282,5,-55,-2,2,12.9,1.1,20,4,-14,8.062,0.006,7.61,9.24,0.1,0.11,56.337083333333325,60.35083333333333,-62.14182,46.827232,5.4410048,PM*,G,5888.43655355589,77.80999582119398,3.5073467201702433e-07
HD 23202, ,3,40,40.2,-,53,44,17,265,-49,7.932,0.387,2.579,0.0,3.763,-0.06,80,3.42,1.56,5.5,4.7,6.4,1.16,1.12,1.23,38.4,0.3,0.4,3,2156,0.134,5,92,-8,2,12.5,0.7,-16,-49,-8,8.004,-0.061,5.59,8.01,0.18,0.06,55.16749999999999,-53.73805555555556,-4.574343,-52.285004,-60.37677,PM*,G,5794.286964268809,52.4847240362533,2.8508784449224386e-07
HD 23565, ,3,48,37.4,+,51,49,23,149,-2,7.681,0.438,0.0,0.0,3.738,-0.38,62,3.73,2.05,9.1,7.7,10.9,1.01,0.94,1.05,-39.4,0.2,0.1,2,1094,0.816,2,-74,-43,1,16.2,1.0,39,-13,-22,8.053,-0.002,6.76,9.14,0.15,0.24,57.15583333333333,51.82305555555556,-53.112,31.912909,-2.1637688,PM*,G,5470.159628939716,61.962232891030325,4.375006477474418e-07
HD 23576, ,3,44,45.4,-,38,49,4,242,-52,7.509,0.379,2.623,0.017,3.767,-0.01,44,4.29,0.55,6.8,3.7,9.7,1.04,0.99,1.1,53.3,0.2,0.4,4,2743,0.173,3,-46,52,2,22.7,0.8,-21,-16,-48,8.013,-0.035,7.38,8.14,0.05,0.78,56.18916666666666,-38.81777777777778,-12.7175665,-23.91826,-34.672474,PM*,G,5847.900841444806,27.089105911962513,9.483719499834043e-07
HD 23925, ,3,48,39.0,-,6,48,56,195,-43,8.016,0.384,2.574,0.0,3.759,-0.27,44,4.82,0.43,10.2,2.2,17.1,0.9,0.84,0.99,17.9,0.1,0.3,6,2878,0.732,3,-43,21,2,22.9,1.1,-11,6,-16,8.031,-0.03,8.03,8.76,0.04,0.14,57.16249999999999,-6.815555555555555,-31.083069,-8.328684,-30.007925,*,G,5741.164622073275,32.17956114726577,1.972326002522559e-06
HD 24040, ,3,50,22.9,+,17,28,34,172,-28,7.503,0.414,2.609,0.0,3.753,0.11,47,4.17,0.9,9.2,6.8,11.1,1.05,1.01,1.14,-9.9,0.1,0.2,6,2212,0.852,3,115,-254,1,21.5,1.0,11,-60,-15,8.041,-0.022,5.07,8.12,0.23,0.11,57.59541666666666,17.47611111111111,-41.094673,5.775483,-22.065165,PM*,G,5662.3928903825345,41.498534345928626,8.034867148279148e-07
HD 24053, ,3,50,8.8,+,6,37,14,182,-35,7.728,0.423,2.587,0.0,3.745,0.0,33,5.16,0.18,5.1,0.0,16.4,0.92,0.86,1.0,3.9,0.1,0.2,6,2292,0.837,2,62,-38,2,30.7,1.4,-5,-11,1,8.027,-0.019,7.65,8.07,0.03,0.12,57.53666666666666,6.620555555555556,-27.015553,-0.9434008,-18.928022,PM*,G,5559.042572704037,27.03202006815713,3.1548498923804364e-06
HD 24062, ,3,44,46.8,-,70,1,35,285,-41,7.425,0.391,2.603,0.01,3.764,0.0,55,3.73,1.17,6.9,5.8,7.9,1.12,1.08,1.15,27.1,0.1,0.1,4,1142,0.875,5,-11,-97,2,18.2,0.6,29,-22,-8,7.989,-0.036,6.55,8.57,0.13,0.04,56.19499999999999,-70.02638888888889,10.743325,-40.094643,-36.08325,PM*,G,5807.644175213118,41.5090282872663,4.375006477474418e-07
HD 24085, ,3,45,1.5,-,70,1,26,285,-41,7.576,0.378,2.611,0.008,3.769,0.0,52,3.98,0.8,6.9,3.9,9.2,1.08,1.04,1.14,27.3,0.2,0.3,4,1142,0.28,6,-10,-98,2,19.1,0.6,28,-22,-8,7.99,-0.034,6.55,8.56,0.13,0.04,56.25625,-70.02388888888889,10.157325,-37.90766,-34.11507,PM*,G,5874.893525297769,39.24489696548107,6.179860907400366e-07
HD 24206, ,3,52,5.5,+,22,40,17,169,-24,7.575,0.428,2.581,0.0,3.742,-0.02,27,5.43,-0.01,0.0,0.0,11.1,0.91,0.84,0.96,10.6,0.2,0.4,5,834,0.17,1,208,-341,1,37.2,1.2,-14,-47,-16,8.024,-0.011,5.69,8.03,0.17,0.14,58.02291666666666,22.67138888888889,-24.212547,4.706443,-10.98189,PM*,G,5520.774392807573,24.665725976331167,4.581194180471064e-06
HD 24213, ,3,52,11.3,+,25,9,47,167,-22,6.786,0.366,2.62,0.011,3.773,-0.15,40,3.8,1.02,7.3,5.8,8.5,1.08,1.04,1.13,-39.7,0.2,0.4,3,695,0.172,5,-122,-164,1,25.3,0.9,49,-16,-20,8.036,-0.015,6.5,9.34,0.18,0.22,58.047083333333326,25.163055555555555,-36.13681,8.342842,-14.984263,PM*,G,5929.2532458,37.08735700495607,4.81924161443639e-07
HD 24293, ,3,48,1.1,-,64,50,11,279,-43,7.858,0.415,2.591,0.013,3.747,-0.15,42,4.72,0.7,14.4,9.2,0.0,0.89,0.86,0.94,20.8,0.1,0.3,5,2154,0.563,2,336,99,2,23.6,0.9,-45,-54,20,7.995,-0.029,5.24,8.24,0.22,0.47,57.00458333333332,-64.83638888888889,4.805177,-30.33868,-28.643929,PM*,G,5584.701947368307,30.716855798465588,1.7178241357207713e-06
HD 24301, ,3,52,59.3,+,26,40,42,166,-21,8.004,0.4,2.59,0.01,3.754,-0.35,88,3.29,2.14,6.0,4.5,7.6,1.1,1.04,1.22,22.6,0.2,0.3,3,617,0.435,1,109,-126,2,11.4,1.1,-35,-62,-15,8.08,-0.031,4.96,8.19,0.25,0.12,58.24708333333333,26.67833333333333,-79.71472,19.875109,-31.536379,PM*,G,5675.446054085472,82.15507618181776,2.3822026331875928e-07
HD 24505, ,3,54,59.8,+,28,11,17,165,-19,8.054,0.428,2.58,0.0,3.745,0.11,72,3.75,1.5,7.4,6.0,8.9,1.16,1.08,1.22,-14.1,0.2,0.5,6,1778,0.072,1,13,-60,2,13.8,1.1,12,-21,-7,8.066,-0.024,6.91,8.31,0.09,0.03,58.74916666666666,28.18805555555556,-65.75766,17.619719,-23.440907,PM*,G,5559.042572704037,68.0773409168907,4.497577963252594e-07
HD 24552, ,3,54,22.6,+,1,15,41,188,-38,7.973,0.39,2.575,0.0,3.76,-0.04,45,4.69,0.34,7.7,0.1,12.5,0.98,0.92,1.05,15.6,0.2,0.3,6,1913,0.738,3,22,-117,1,22.1,1.2,-2,-24,-18,8.036,-0.028,6.93,8.06,0.08,0.17,58.59416666666666,1.261388888888889,-35.115383,-4.9351463,-27.704767,PM*,G,5754.399373371566,35.46048212079318,1.648081560643825e-06
HD 24702, ,3,56,28.7,+,22,40,27,169,-23,7.84,0.432,2.583,0.0,3.742,-0.06,47,4.49,0.96,14.4,11.0,17.6,0.92,0.88,0.97,39.2,0.1,0.3,5,834,0.58,1,176,-232,1,21.4,1.2,-43,-57,-24,8.042,-0.018,5.15,8.26,0.23,0.27,59.11958333333333,22.674166666666668,-42.468853,8.25511,-18.364363,PM*,G,5520.774392807573,43.26372980046576,1.2501977137235027e-06
HD 25123, ,4,3,21.9,+,63,16,51,143,8,8.129,0.408,2.59,0.014,3.75,-0.37,80,3.61,1.92,8.8,6.6,11.5,1.01,0.94,1.07,-92.9,0.3,0.4,2,802,0.244,4,-68,78,3,0.0,0.0,97,-25,-8,8.063,0.011,5.49,10.76,0.32,0.02,60.84125,63.28083333333333,-63.26905,47.676662,11.133848,PM*,G,5623.413251903491,79.22144146230075,3.706625424759005e-07
HD 25740, ,4,2,58.4,-,44,23,31,250,-48,8.127,0.405,2.593,0.01,3.753,-0.17,67,4.01,1.29,10.2,8.7,11.8,1.02,0.97,1.05,33.0,0.2,0.3,5,3101,0.345,2,-61,-86,1,15.0,0.8,24,-20,-35,8.015,-0.05,6.78,8.55,0.12,0.5,60.74333333333332,-44.39194444444444,-15.333358,-42.128063,-49.790707,PM*,G,5662.3928903825345,44.83174722992773,6.441376735009708e-07
HD 25825, ,4,6,16.1,+,15,41,53,177,-26,7.844,0.378,2.584,-0.02,3.767,0.04,47,4.5,0.3,5.4,0.0,9.4,1.05,0.98,1.11,37.7,0.3,0.5,3,1146,0.125,7,119,-20,2,21.4,1.5,-42,-18,-2,8.042,-0.021,6.86,8.55,0.11,0.09,61.56708333333333,15.698055555555555,-42.185425,2.2108486,-20.603445,PM*,G,5847.900841444806,42.24331821676355,1.2675896963662255e-06
HD 25912, ,4,3,37.9,-,51,55,51,261,-47,8.196,0.4,2.588,-0.003,3.756,0.0,50,4.7,0.39,8.6,2.9,13.3,0.97,0.91,1.05,5.7,0.1,0.2,5,3662,0.89,3,-68,-153,2,20.0,0.7,39,-7,-9,8.005,-0.036,6.93,9.27,0.14,0.05,60.90791666666666,-51.93083333333333,-5.3344035,-33.680088,-36.567684,PM*,G,5701.642722807472,34.09991478564948,1.6710086589594444e-06
HD 25918, ,4,8,14.2,+,44,39,46,156,-5,7.73,0.44,0.0,0.0,3.736,-0.07,30,5.35,0.24,0.0,0.0,0.0,0.87,0.83,0.95,-36.6,0.2,0.1,3,3245,0.938,2,-298,-134,1,33.4,1.0,44,0,-39,8.027,-0.003,7.03,9.8,0.16,0.62,62.05916666666667,44.66277777777778,-27.302076,12.155665,-2.6146722,PM*,G,5445.026528424214,29.885841890467148,4.101839853334638e-06
HD 26018, ,4,15,13.7,+,76,17,16,134,18,8.175,0.49,0.0,0.0,3.713,-0.05,26,6.07,-0.03,0.0,0.0,0.0,0.81,0.78,0.87,7.4,0.2,0.3,5,1486,0.624,2,45,-242,1,37.9,0.8,-27,-9,-14,8.017,0.008,7.49,8.33,0.05,0.09,63.80708333333332,76.28777777777778,-17.177141,17.787455,8.034442,PM*,G,5164.163692720711,24.7274691044374,1.1091204179659197e-05
HD 26257, ,4,9,9.0,+,0,10,44,191,-35,7.639,0.345,2.628,-0.002,3.785,0.05,65,3.58,0.78,3.3,2.6,4.0,1.25,1.17,1.3,33.1,0.5,0.7,2,1107,0.091,8,64,17,1,15.4,1.0,-36,-14,-3,8.052,-0.037,7.15,8.48,0.09,0.07,62.2875,0.1788888888888888,-52.266624,-10.1596,-37.28247,PM*,G,6095.368972401694,53.24488197486568,3.5561387733068084e-07
HD 26421, ,4,12,22.9,+,37,42,43,161,-10,8.151,0.384,2.591,0.008,3.759,-0.5,78,3.69,1.74,8.8,7.3,10.6,0.99,0.95,1.04,-65.3,0.2,0.3,3,468,0.445,4,117,96,2,12.8,1.1,50,-24,66,8.073,-0.013,6.42,9.44,0.19,2.0,63.095416666666665,37.71194444444445,-72.63001,25.008514,-13.544558,PM*,G,5741.164622073275,76.8149993496602,4.1397937102023456e-07
HD 26729, ,4,12,23.7,-,31,34,51,231,-46,7.446,0.46,0.0,0.0,3.735,0.22,52,3.86,1.54,8.4,7.4,10.0,1.19,1.16,1.21,27.7,0.5,0.7,2,837,0.03,3,165,-102,2,19.2,0.9,-6,-55,5,8.022,-0.038,5.33,8.03,0.2,0.19,63.09875,-31.58083333333333,-22.73246,-28.072252,-37.40567,PM*,G,5432.503314924331,36.12223788752718,5.23574757632536e-07
HD 26749, ,4,14,18.2,+,12,20,53,181,-27,6.741,0.422,2.572,0.0,3.74,-0.51,36,3.98,1.84,12.4,11.0,14.0,0.92,0.88,0.95,42.8,0.2,0.2,3,1774,0.688,2,341,-59,1,28.0,1.2,-55,-45,15,8.032,-0.016,5.56,8.49,0.21,0.37,63.57583333333333,12.348055555555556,-32.07135,-0.5598071,-16.343658,PM*,G,5495.408738576249,32.076235359089615,6.179860907400366e-07
HD 27063, ,4,16,30.2,-,0,34,22,193,-34,8.066,0.413,2.578,0.0,3.749,-0.04,40,5.04,0.24,7.0,0.0,16.5,0.93,0.86,1.01,-10.0,0.2,0.3,5,2192,0.24,2,-60,-173,1,24.8,1.0,28,-16,-18,8.032,-0.023,6.87,8.73,0.12,0.17,64.12583333333332,-0.5727777777777777,-32.311577,-7.459715,-22.367716,PM*,G,5610.479760324706,33.16150412915786,2.6728753163232114e-06
HD 27466, ,4,19,57.0,-,4,26,19,198,-35,7.836,0.413,2.587,0.0,3.748,-0.11,36,5.06,0.3,0.0,0.0,0.0,0.89,0.84,0.99,17.6,0.2,0.3,5,1096,0.368,3,-59,-37,2,27.9,1.0,-7,-3,-20,8.028,-0.021,8.01,8.23,0.01,0.19,64.98749999999998,-4.438611111111111,-28.046156,-9.112748,-20.648752,PM*,G,5597.576014951104,29.489473418286735,2.747759388040215e-06
HD 27530, ,4,19,34.2,-,28,47,10,228,-44,8.161,0.397,2.629,0.036,3.782,0.42,61,4.07,0.09,1.2,0.0,2.9,1.2,1.17,1.24,41.8,0.2,0.2,3,1411,0.6,4,61,52,2,16.3,0.9,-39,-24,-14,8.029,-0.043,6.66,8.38,0.11,0.11,64.89249999999998,-28.78611111111111,-29.361275,-32.608986,-42.37416,PM*,G,6053.408747539136,43.8797269541849,6.998076736285392e-07
HD 27631, ,4,19,45.4,-,41,57,36,246,-45,8.257,0.427,2.579,0.0,3.739,-0.38,44,5.02,0.74,0.0,11.8,0.0,0.84,0.81,0.88,20.4,0.1,0.2,5,3253,0.921,3,-41,-92,1,22.5,0.8,14,-16,-21,8.013,-0.032,7.09,8.36,0.08,0.21,64.93916666666665,-41.96,-12.654675,-28.422863,-31.112698,PM*,G,5482.769649208536,31.112697415563215,2.600032043455381e-06
HD 27757, ,4,32,15.9,+,77,37,26,134,20,7.854,0.391,0.0,0.0,3.757,-0.27,42,4.76,0.54,11.9,5.7,0.0,0.89,0.84,0.97,36.9,0.2,0.3,5,1484,0.421,2,199,-142,2,24.0,0.7,-55,-10,25,8.027,0.014,6.95,9.11,0.14,0.59,68.06625,77.62388888888889,-27.416142,28.390251,14.364845,PM*,G,5714.786366718672,39.46709001189681,1.8154266243795335e-06
HD 27835, ,4,24,12.7,+,16,22,44,179,-23,8.225,0.381,2.623,0.015,3.767,0.07,61,4.3,0.48,5.5,2.1,8.8,1.07,1.01,1.14,38.9,0.3,0.3,2,66,0.459,1,88,-22,2,0.0,0.0,-42,-20,-1,8.056,-0.023,6.79,8.52,0.11,0.1,66.05291666666666,16.378888888888888,-56.142246,0.97996944,-23.834599,PM*,G,5847.900841444806,56.1507980889662,9.615651180014716e-07
HD 27857, ,4,26,26.1,+,52,30,17,152,2,8.064,0.409,0.0,0.0,3.752,-0.08,46,4.75,0.5,10.9,5.0,16.2,0.93,0.87,1.0,7.4,0.2,0.2,5,1119,0.808,4,79,-90,2,21.7,1.1,-19,-20,-1,8.041,0.002,7.13,8.09,0.06,0.09,66.60875,52.50472222222222,-40.590847,21.582537,1.6053768,PM*,G,5649.369748123023,45.97197802502931,1.7905180372942511e-06
HD 27905, ,4,23,20.1,-,25,23,42,223,-43,7.833,0.396,2.583,0.003,3.755,-0.25,40,4.81,0.52,12.2,5.3,0.0,0.88,0.84,0.97,11.9,0.1,0.3,8,3487,0.278,2,36,-270,2,24.9,0.9,32,-41,-13,8.021,-0.027,5.76,8.45,0.19,0.09,65.83375,-25.395,-21.395132,-19.951279,-27.279932,PM*,G,5688.529308438413,29.254148543980303,1.945264675265008e-06
HD 27969, ,4,26,49.4,+,42,54,34,159,-4,7.679,0.395,0.0,0.0,3.761,-0.12,74,3.33,1.75,5.2,4.4,6.3,1.19,1.12,1.25,47.3,0.2,0.2,2,371,0.593,2,135,-179,1,13.5,0.9,-71,-57,-13,8.069,-0.005,4.96,8.76,0.28,0.09,66.70583333333333,42.909444444444446,-68.916664,26.454626,-5.1619787,PM*,G,5767.664633922509,73.81973864549218,2.517553453247534e-07
HD 28185, ,4,26,26.3,-,10,33,2,206,-37,7.807,0.443,2.593,0.0,3.739,0.15,40,4.82,0.54,12.2,7.1,0.0,0.94,0.89,1.03,49.6,0.1,0.1,5,1160,0.994,3,82,-60,2,25.3,1.1,-34,-34,-22,8.028,-0.024,6.25,8.21,0.14,0.23,66.60958333333333,-10.550555555555556,-28.712357,-14.003948,-24.0726,PM*,G,5482.769649208536,31.945422271151042,1.972326002522559e-06
HD 28187, ,4,25,23.7,-,35,40,32,238,-44,7.803,0.391,2.594,0.018,3.755,-0.43,42,4.7,0.77,14.2,8.2,0.0,0.85,0.82,0.92,18.1,0.2,0.5,4,4198,0.081,3,54,-64,2,24.0,0.7,0,-24,-6,8.016,-0.029,6.87,8.07,0.08,0.03,66.34875,-35.675555555555555,-16.010069,-25.621456,-29.175653,PM*,G,5688.529308438413,30.212270966358968,1.6710086589594444e-06
HD 28192, ,4,26,48.8,-,1,43,28,196,-33,8.067,0.389,2.603,0.0,3.762,0.05,51,4.52,0.39,6.8,2.1,10.6,1.03,0.97,1.1,-6.3,0.1,0.3,5,2191,0.484,5,-34,32,1,19.5,1.0,4,12,1,8.041,-0.028,7.95,9.34,0.08,0.13,66.70333333333333,-1.724444444444445,-41.115276,-11.789613,-27.776592,PM*,G,5780.960474057181,42.77219769015785,1.303102867201668e-06
HD 28653, ,4,30,28.2,-,13,15,58,209,-37,7.981,0.513,0.0,0.0,3.702,-0.32,23,6.17,0.27,0.0,0.0,0.0,0.76,0.73,0.8,0.3,0.2,0.3,2,468,0.239,1,-18,78,2,0.0,0.0,-5,7,1,8.016,-0.014,8.0,8.83,0.05,0.13,67.61749999999999,-13.266111111111112,-16.065554,-8.905284,-13.841744,PM*,G,5035.006087879047,18.368617488738014,1.273440624563707e-05
HD 28701, ,4,25,45.8,-,69,59,37,283,-38,7.857,0.407,2.58,0.012,3.748,-0.43,43,4.68,0.93,16.1,11.9,0.0,0.85,0.83,0.88,-7.2,0.1,0.2,5,1802,0.687,3,145,5,2,23.1,0.6,-11,-13,25,7.992,-0.026,7.59,7.99,0.03,0.56,66.44083333333333,-69.99361111111111,7.622351,-33.016006,-26.473444,PM*,G,5597.576014951104,33.88446379919914,1.6254690339100712e-06
HD 28798, ,4,30,36.7,-,40,23,42,244,-43,8.174,0.428,2.599,0.0,3.743,-0.14,88,3.44,2.06,6.0,4.6,7.4,1.15,1.08,1.22,2.2,0.1,0.3,5,2929,0.467,3,72,44,2,11.3,0.8,-26,-12,21,8.028,-0.061,7.43,8.27,0.05,0.49,67.65291666666666,-40.395,-28.213171,-57.8456,-60.01585,PM*,G,5533.501092157366,64.35912101043053,2.9307495053577235e-07
HD 28821, ,4,32,21.4,-,5,2,20,200,-33,7.619,0.422,2.576,0.0,3.743,-0.25,37,4.78,0.81,17.1,12.5,0.0,0.87,0.85,0.9,37.0,0.2,0.4,5,2191,0.09,1,-2,-35,2,27.0,1.0,-26,-15,-23,8.029,-0.02,7.29,8.22,0.06,0.24,68.08916666666666,-5.038888888888889,-29.159424,-10.613163,-20.151646,*,G,5533.501092157366,31.030811089566207,1.8662881579148912e-06
HD 29021, ,4,37,52.2,+,60,40,34,147,9,7.861,0.419,0.0,0.0,3.743,-0.17,30,5.51,0.01,0.0,0.0,11.4,0.89,0.81,0.93,-0.2,0.1,0.2,6,1534,0.927,2,59,22,2,33.8,0.9,0,-3,8,8.025,0.005,7.85,8.34,0.03,0.23,69.4675,60.67611111111111,-24.850355,16.13801,4.693034,PM*,G,5533.501092157366,29.63065153495827,5.116567411114319e-06
HD 29150, ,4,36,13.9,+,21,32,11,177,-17,7.6,0.418,2.595,0.0,3.746,-0.05,34,4.96,0.4,11.9,3.0,0.0,0.89,0.86,0.98,-7.2,0.2,0.1,2,701,0.983,2,20,-42,1,29.7,0.9,7,-8,0,8.032,-0.01,7.57,8.39,0.05,0.11,69.05791666666666,21.53638888888889,-32.469803,1.7016734,-9.940638,*,G,5571.857489319298,32.514362968065,2.3931983809430355e-06
HD 29161, ,4,35,21.5,-,4,44,10,201,-32,7.888,0.392,2.58,-0.01,3.758,-0.11,38,5.0,0.14,1.7,0.0,11.9,0.96,0.87,1.02,13.7,0.2,0.3,4,1859,0.399,5,3,-62,1,26.5,1.1,-5,-12,-12,8.03,-0.02,7.58,8.06,0.03,0.06,68.83958333333331,-4.736111111111112,-30.085402,-11.548701,-20.136932,PM*,G,5727.960309858292,32.22582672778163,2.5291739520023757e-06
HD 29231, ,4,34,38.4,-,35,39,29,238,-42,7.609,0.469,0.0,0.0,3.725,0.07,28,5.38,0.33,15.8,2.6,0.0,0.86,0.84,0.94,-10.2,0.1,0.3,5,2929,0.359,2,-100,-224,2,35.9,0.7,33,0,-6,8.011,-0.019,7.21,9.38,0.13,0.03,68.65999999999998,-35.65805555555556,-11.026591,-17.646229,-18.735657,PM*,G,5308.8444423098845,20.808053897510984,4.275419171710767e-06
HD 29247, ,4,36,55.0,+,15,15,40,182,-21,7.335,0.366,2.624,0.017,3.773,-0.2,63,3.34,1.53,5.4,4.1,7.1,1.12,1.06,1.21,36.1,0.3,0.1,2,603,0.753,7,46,-29,2,0.0,0.0,-35,-17,-8,8.059,-0.022,7.07,8.42,0.09,0.02,69.22916666666664,15.261111111111113,-58.77974,-2.052627,-22.57718,PM*,G,5929.2532458,58.81556861978577,2.5525761104483704e-07
HD 29263, ,4,35,45.6,-,21,20,23,219,-39,8.181,0.411,2.607,0.021,3.763,0.13,54,4.44,0.39,5.7,2.1,9.3,1.08,1.02,1.13,9.6,0.1,0.3,5,2902,0.502,1,113,-43,2,18.6,1.0,-5,-29,12,8.032,-0.034,6.65,8.04,0.1,0.31,68.94,-21.33972222222222,-32.613617,-26.409985,-33.9833,PM*,G,5794.286964268809,41.96588282787476,1.1667523931790261e-06
HD 29859, ,4,43,13.7,+,24,5,20,176,-14,6.13,0.345,2.616,-0.01,3.787,0.04,50,2.64,1.68,2.2,2.0,2.4,1.51,1.47,1.55,8.1,0.2,0.2,2,373,0.617,9,16,-19,1,20.0,0.7,-8,-5,-2,8.048,-0.012,8.01,8.09,0.01,0.08,70.80708333333332,24.08888888888889,-48.396606,3.38422,-12.096095,*,G,6123.503917247734,48.514785553763254,9.70462370493654e-08
HD 29969, ,4,44,22.3,+,24,4,57,176,-14,8.21,0.378,2.611,0.004,3.771,0.11,100,3.21,1.44,3.2,2.6,5.2,1.34,1.18,1.45,19.7,0.3,0.4,2,46,0.191,2,44,-68,1,0.0,0.0,-21,-37,-9,8.097,-0.024,6.25,8.13,0.13,0.03,71.09291666666667,24.0825,-96.79321,6.76844,-24.19219,PM*,G,5902.010801718442,97.02956911239842,2.1329403021556404e-07
HD 30047, ,4,44,44.7,+,14,37,36,184,-20,8.087,0.295,2.669,0.011,3.809,-0.14,90,3.31,0.69,2.5,1.8,3.0,1.28,1.22,1.34,1.2,0.6,0.0,1,0,0.0,13,13,-13,2,11.1,1.0,-1,-8,1,8.085,-0.03,7.78,8.24,0.03,0.12,71.18624999999999,14.626666666666669,-84.366325,-5.8994617,-30.78181,*,G,6441.692655151775,84.57233851771744,2.448943132356654e-07
HD 30278, ,4,43,13.6,-,54,35,36,263,-40,7.62,0.453,0.0,0.0,3.73,-0.09,27,5.44,0.28,0.0,0.0,0.0,0.85,0.82,0.93,64.0,0.1,0.4,9,3254,0.032,2,53,-197,2,36.7,0.6,16,-58,-34,8.003,-0.018,5.11,8.13,0.23,0.44,70.80666666666666,-54.59333333333333,-2.520653,-20.52903,-17.355265,PM*,G,5370.317963702527,20.683200049492072,4.6449249398502366e-06
HD 30286, ,4,46,16.4,+,3,16,7,194,-26,7.815,0.421,2.577,0.0,3.743,-0.15,32,5.28,0.23,0.0,0.0,0.0,0.87,0.82,0.96,18.1,0.3,0.5,3,2600,0.076,1,54,32,2,31.1,1.1,-20,-5,1,8.028,-0.014,7.8,8.27,0.03,0.12,71.56833333333331,3.268611111111111,-27.907072,-6.958012,-14.027877,PM*,G,5533.501092157366,28.761408147121866,3.723734430360274e-06
HD 30306, ,4,39,57.9,-,71,30,20,284,-36,7.743,0.46,0.0,0.0,3.733,0.15,38,4.85,0.64,14.4,9.7,0.0,0.91,0.88,0.98,-21.4,0.1,0.2,4,1807,0.597,2,-75,-34,2,26.4,0.7,5,25,5,7.993,-0.022,7.93,10.2,0.13,0.2,69.99125,-71.50555555555556,7.437321,-29.829458,-22.335838,PM*,G,5407.5432294558095,30.7426464090326,2.055789768874886e-06
HD 30376, ,4,51,57.0,+,66,29,45,144,14,8.097,0.461,0.0,0.0,3.73,0.12,42,4.99,0.59,16.9,10.6,0.0,0.9,0.88,0.95,-46.0,0.1,0.2,5,1481,0.806,2,59,-97,2,23.9,0.9,22,-44,-13,8.033,0.01,5.7,8.29,0.18,0.09,72.98749999999998,66.49583333333334,-32.969402,23.953672,10.16072,PM*,G,5370.317963702527,40.75242165223053,2.4944723844527592e-06
HD 30562, ,4,48,36.3,-,5,40,26,203,-30,5.773,0.397,2.612,0.018,3.762,0.08,27,3.65,1.24,6.2,5.4,7.0,1.15,1.11,1.24,77.0,0.1,0.4,10,3399,0.184,4,314,-249,2,37.7,0.9,-54,-72,-21,8.021,-0.013,4.44,8.32,0.3,0.21,72.15124999999999,-5.673888888888889,-21.523874,-9.136342,-13.5,PM*,G,5780.960474057181,23.382683702022742,3.917226648981836e-07
HD 30708, ,4,51,29.4,+,35,48,54,168,-5,6.78,0.427,2.6,0.0,3.746,0.04,33,4.2,1.09,10.9,9.2,12.5,1.02,0.97,1.05,-56.2,0.3,0.5,3,3202,0.061,1,21,-118,2,30.5,0.9,52,-28,-4,8.032,-0.003,6.02,9.14,0.21,0.05,72.87249999999999,35.815,-32.15604,6.8349743,-2.8761394,PM*,G,5571.857489319298,32.874424438509344,8.37488207151103e-07
HD 30723, ,4,52,46.6,+,51,32,33,156,5,7.872,0.358,0.0,0.0,3.779,0.02,76,3.47,1.06,3.4,2.7,5.5,1.22,1.13,1.31,-18.1,0.4,0.6,2,607,0.095,6,20,-74,1,13.2,1.1,5,-30,-13,8.069,0.006,6.55,8.16,0.11,0.08,73.19416666666667,51.5425,-69.16526,30.794352,6.623836,PM*,G,6011.737374832779,75.71080045784421,3.054771290620165e-07
HD 30925, ,4,53,7.0,+,34,42,20,169,-6,8.272,0.373,2.616,0.002,3.772,0.11,91,3.48,1.14,3.5,2.8,5.8,1.25,1.14,1.34,-13.6,0.2,0.3,3,1854,0.568,3,44,-15,1,11.0,1.1,9,-19,12,8.089,-0.009,7.11,8.3,0.08,0.31,73.27916666666665,34.70555555555556,-88.83873,17.268501,-9.512091,*,G,5915.616341754737,90.50149763843635,3.09726739238131e-07
HD 30974, ,4,52,45.0,+,14,37,23,185,-18,7.512,0.397,2.581,0.0,3.754,-0.36,51,4.0,1.44,11.1,9.4,12.7,0.98,0.91,1.02,84.3,0.2,0.2,2,378,0.661,5,199,-38,2,19.8,0.9,-87,-43,6,8.048,-0.016,5.29,9.3,0.27,0.21,73.1875,14.623055555555556,-48.319313,-4.2273955,-15.759867,PM*,G,5675.446054085472,48.50388522072628,6.352997732962232e-07
HD 31016, ,4,54,33.3,+,45,40,52,161,1,7.954,0.333,2.629,0.006,3.788,-0.28,67,3.82,0.78,4.3,3.0,7.0,1.08,1.03,1.15,-7.8,0.5,0.8,2,363,0.1,5,2,15,1,14.9,1.2,8,0,3,8.063,0.002,7.78,8.76,0.06,0.16,73.63874999999999,45.68111111111111,-63.340103,21.809742,1.1693112,*,G,6137.620051647939,66.98980141900088,4.954258924249949e-07
HD 31018, ,4,53,22.0,+,24,10,38,177,-12,7.663,0.412,2.598,0.02,3.766,0.18,93,2.74,1.97,2.6,2.2,3.4,1.49,1.44,1.52,-5.7,0.4,0.0,1,0,0.0,5,18,-18,1,10.8,1.1,5,-11,3,8.09,-0.02,7.52,8.31,0.05,0.15,73.34166666666665,24.177222222222223,-90.843056,4.760892,-19.335789,*,G,5834.451042737448,90.96772458435355,1.1142398852087356e-07
HD 31103, ,4,51,40.5,-,31,34,2,233,-38,8.086,0.368,2.611,0.0,3.771,-0.07,55,4.37,0.43,6.2,2.5,9.4,1.03,0.98,1.1,45.8,0.3,0.4,2,764,0.245,5,94,-23,2,18.1,0.9,-22,-46,-10,8.026,-0.034,5.71,8.06,0.17,0.05,72.91874999999999,-31.56722222222222,-26.083025,-34.61333,-33.86138,PM*,G,5902.010801718442,43.34059075323645,1.0592017761624506e-06
HD 31229, ,4,51,28.0,-,49,23,43,256,-39,8.23,0.362,2.63,0.012,3.778,0.08,74,3.9,0.6,3.7,2.8,5.8,1.18,1.1,1.24,36.4,0.2,0.3,2,1123,0.363,6,-2,79,1,13.6,0.7,-34,-19,-25,8.014,-0.047,6.97,8.32,0.09,0.28,72.86666666666666,-49.39527777777778,-13.912641,-55.80055,-46.56971,PM*,G,5997.910762555094,57.50880767236773,5.533229712483625e-07
HD 31392, ,4,54,4.2,-,35,24,16,238,-38,7.592,0.473,0.0,0.0,3.724,0.1,26,5.52,0.2,0.0,0.0,0.0,0.87,0.84,0.96,29.0,0.1,0.2,4,1833,0.793,3,126,158,2,38.5,0.8,-33,-20,-3,8.011,-0.016,6.93,8.28,0.09,0.06,73.5175,-35.404444444444444,-10.857137,-17.375046,-16.007198,PM*,G,5296.634438916581,20.48828073164962,5.187745954018055e-06
HD 31460, ,4,54,42.5,-,31,26,1,233,-37,8.045,0.376,2.589,-0.008,3.764,-0.44,68,3.87,1.41,9.4,8.0,11.1,0.98,0.95,1.03,23.0,0.2,0.2,3,1420,0.722,5,3,-270,2,14.6,0.8,63,-58,-28,8.033,-0.042,4.77,8.97,0.31,0.37,73.67708333333333,-31.433611111111112,-32.682907,-43.371666,-40.92342,PM*,G,5807.644175213118,54.30721703039298,5.308584080479523e-07
HD 31501, ,4,57,59.3,+,34,16,4,170,-5,8.157,0.453,2.554,0.0,3.729,-0.14,33,5.56,0.22,0.0,0.0,0.0,0.84,0.8,0.92,38.6,0.2,0.2,4,3250,0.889,1,583,-203,2,30.2,1.1,-57,-73,48,8.032,-0.003,4.54,8.4,0.3,1.29,74.49708333333332,34.26777777777777,-32.37499,5.708587,-2.8761394,PM*,G,5357.966575133417,32.87442688529595,5.482500757558595e-06
HD 31527, ,4,55,38.3,-,23,14,30,223,-35,7.493,0.379,2.59,-0.006,3.764,-0.17,38,4.59,0.46,8.7,3.7,12.9,0.96,0.91,1.03,25.6,0.2,0.2,4,1829,0.767,4,-66,131,2,26.3,0.8,-31,6,-18,8.023,-0.022,7.77,9.1,0.08,0.17,73.90958333333333,-23.241666666666667,-22.765419,-21.229092,-21.795906,PM*,G,5807.644175213118,31.12777938417749,1.4354190325987634e-06
HD 31822, ,4,58,35.7,-,9,20,3,208,-29,7.947,0.357,2.604,-0.005,3.773,-0.24,43,4.77,0.14,2.2,0.0,9.2,0.99,0.91,1.04,15.6,0.2,0.3,5,1104,0.399,3,-33,-97,2,23.1,0.9,1,-16,-21,8.033,-0.021,7.3,8.13,0.05,0.2,74.64874999999999,-9.334166666666668,-33.206467,-17.656189,-20.846813,PM*,G,5929.2532458,37.608648747672525,1.8406817244279151e-06
HD 31841, ,4,52,3.3,-,72,59,43,285,-34,7.924,0.385,2.617,0.023,3.779,0.07,110,2.62,1.86,2.2,2.0,2.5,1.51,1.45,1.57,7.9,0.4,0.6,2,1122,0.076,5,78,113,2,9.1,0.6,-63,-32,11,7.977,-0.062,5.95,8.77,0.19,0.31,73.01375,-72.99527777777777,23.602774,-88.08677,-61.51122,PM*,G,6011.737374832779,91.19413352583584,9.440145766777144e-08
HD 31867, ,5,0,17.5,+,25,8,11,177,-10,7.96,0.422,2.595,0.0,3.744,-0.04,38,5.03,0.36,11.8,0.3,0.0,0.89,0.85,0.98,-26.9,0.2,0.1,2,977,0.759,1,62,4,1,26.0,1.1,24,-7,14,8.038,-0.007,7.23,8.89,0.1,0.36,75.07291666666666,25.136388888888888,-37.371407,1.9585562,-6.598631,PM*,G,5546.25712957911,37.42269369711656,2.636202092139624e-06
HD 31966, ,5,0,33.7,+,14,23,1,186,-17,6.751,0.423,2.599,0.029,3.747,-0.13,35,4.03,1.37,10.6,9.2,12.0,1.01,0.96,1.05,-18.4,0.1,0.2,13,2624,0.848,2,41,55,2,28.5,1.3,14,5,16,8.033,-0.01,7.72,9.14,0.08,0.39,75.14041666666665,14.38361111111111,-33.28731,-3.4986362,-10.233009,PM*,G,5584.701947368307,33.470665698429876,6.621840265962693e-07
HD 32016, ,5,3,17.4,+,54,54,53,154,8,8.161,0.378,0.0,0.0,3.768,0.03,63,4.15,0.63,6.3,3.4,9.0,1.07,1.01,1.14,14.9,0.3,0.2,2,1019,0.575,3,24,-110,1,15.8,1.2,-28,-20,-12,8.056,0.009,7.0,8.24,0.08,0.07,75.82249999999998,54.914722222222224,-56.072964,27.34861,8.767905,PM*,G,5861.3816451402845,62.38688773033478,7.81589471190529e-07
HD 32259, ,5,2,20.3,+,13,54,36,187,-17,7.515,0.385,2.597,0.003,3.76,-0.23,38,4.59,0.61,10.6,6.1,15.2,0.94,0.87,1.0,27.6,0.2,0.1,2,731,0.689,3,-8,-101,2,26.0,1.2,-21,-17,-19,8.037,-0.011,7.24,8.13,0.06,0.18,75.58458333333333,13.91,-36.06871,-4.4286766,-11.110125,PM*,G,5754.399373371566,36.33957921456284,1.4354190325987634e-06
HD 32724, ,5,4,47.5,-,11,41,56,212,-29,7.204,0.395,2.598,0.012,3.756,-0.3,42,4.07,1.28,11.3,9.6,12.9,0.98,0.95,1.02,-48.2,0.1,0.1,5,2498,0.936,1,76,-216,2,23.6,0.9,62,-17,19,8.032,-0.02,6.25,9.73,0.22,0.48,76.19791666666666,-11.69888888888889,-31.152222,-19.466068,-20.362003,PM*,G,5701.642722807472,36.73402699021587,6.998076736285392e-07
HD 32909, ,5,6,45.7,+,6,25,17,194,-20,8.011,0.324,2.631,-0.008,3.794,-0.05,76,3.6,0.65,3.1,2.3,4.0,1.22,1.14,1.28,-2.7,0.6,0.5,2,1079,0.554,22,-45,-7,2,13.1,1.1,6,8,-13,8.07,-0.026,7.93,9.13,0.07,0.1,76.69041666666665,6.421388888888889,-69.295265,-17.277243,-25.99353,*,G,6223.002851691595,71.41664285795905,3.655768617358884e-07
HD 32963, ,5,7,55.7,+,26,19,40,178,-8,7.603,0.414,2.594,0.0,3.751,0.07,35,4.87,0.28,7.4,0.0,13.7,0.98,0.9,1.05,-62.9,0.1,0.3,155,6999,1.0,2,-68,-67,2,28.4,1.1,64,-5,-6,8.035,-0.005,6.53,10.21,0.22,0.01,76.9820833333333,26.32777777777778,-34.638268,1.2095934,-4.8710585,PM*,G,5636.376558259543,34.65938150390378,2.1133853879250417e-06
HD 33093, ,5,7,24.9,-,12,29,28,213,-29,5.968,0.387,2.609,0.019,3.763,-0.17,36,3.17,1.9,4.4,4.1,4.9,1.22,1.19,1.28,53.0,0.1,0.4,9,2225,0.104,5,136,-109,1,27.6,0.7,-31,-51,-13,8.027,-0.017,5.47,8.12,0.19,0.09,76.85374999999998,-12.49111111111111,-26.406643,-17.14867,-17.453146,PM*,G,5794.286964268809,31.486309362933422,2.0182673768744495e-07
HD 33283, ,5,8,1.0,-,26,47,50,229,-34,8.046,0.403,2.617,0.033,3.777,0.23,87,3.21,1.18,3.2,2.4,5.5,1.39,1.34,1.44,4.1,0.2,0.1,3,1410,0.839,4,58,-46,2,11.5,0.9,10,-27,12,8.048,-0.048,6.69,8.21,0.1,0.31,77.00416666666666,-26.797222222222224,-47.31909,-54.43439,-48.64978,PM*,G,5984.115950603199,72.12627186469713,2.1329403021556404e-07
HD 33617, ,5,5,58.8,-,68,24,59,279,-35,8.158,0.379,2.601,0.007,3.764,-0.45,90,3.39,1.9,7.1,5.4,9.0,1.04,0.98,1.12,7.0,0.2,0.2,2,621,0.474,5,25,43,2,0.0,0.0,-19,-12,1,7.988,-0.051,7.5,8.08,0.04,0.13,76.49499999999999,-68.41638888888889,11.53293,-72.816025,-51.62188,PM*,G,5807.644175213118,73.72368663588064,2.7351345804337536e-07
HD 33876, ,5,5,57.4,-,73,35,38,285,-33,8.258,0.372,2.583,-0.019,3.766,-0.35,64,4.24,0.92,11.1,6.3,13.6,0.98,0.9,1.02,10.5,0.3,0.5,2,1039,0.186,5,-27,152,2,15.7,0.7,-41,-7,-23,7.986,-0.035,7.24,8.73,0.09,0.26,76.48916666666665,-73.59388888888888,13.892087,-51.845985,-34.8569,PM*,G,5834.451042737448,53.67491259271685,8.850722010772422e-07
HD 33995, ,5,13,25.2,-,18,33,30,220,-30,7.747,0.418,2.592,0.024,3.76,0.02,100,2.64,2.34,2.9,2.4,3.5,1.48,1.31,1.54,12.9,0.1,0.2,5,1708,0.634,3,-5,-38,2,10.0,0.9,4,-16,-14,8.067,-0.05,7.26,8.21,0.06,0.12,78.35499999999999,-18.558333333333334,-66.3414,-55.667038,-50.0,*,G,5754.399373371566,86.60254311308324,9.70462370493654e-08
HD 34239, ,5,15,44.9,-,4,47,48,206,-23,7.123,0.386,2.593,-0.007,3.762,-0.02,37,4.28,0.69,7.9,4.5,11.0,1.02,0.96,1.08,33.8,0.2,0.2,4,2191,0.776,7,50,37,2,0.0,0.0,-33,-13,-3,8.03,-0.015,7.23,8.4,0.08,0.06,78.93708333333333,-4.796666666666667,-30.611742,-14.930341,-14.457051,PM*,G,5780.960474057181,34.05868216256825,9.353597990167014e-07
HD 34445, ,5,17,40.9,+,7,21,12,195,-17,7.311,0.411,2.606,0.019,3.752,-0.01,45,4.04,1.15,9.5,8.0,11.1,1.04,1.0,1.07,-79.4,0.4,0.6,2,1003,0.047,3,-2,-149,2,22.2,1.0,85,-5,7,8.042,-0.013,6.2,11.01,0.28,0.25,79.42041666666665,7.353333333333333,-41.567375,-11.137946,-13.156726,PM*,G,5649.369748123023,43.03371359166602,6.713959240189154e-07
HD 34449, ,4,50,33.2,-,85,22,30,298,-29,8.134,0.389,2.595,0.001,3.758,-0.16,43,4.96,0.22,5.2,0.0,13.9,0.94,0.86,1.02,25.8,0.2,0.2,5,1807,0.731,4,48,-37,1,23.2,0.7,15,-24,-2,7.982,-0.021,6.66,8.25,0.11,0.08,72.63833333333332,-85.375,17.656193,-33.206463,-20.846813,PM*,G,5727.960309858292,37.60864709376845,2.3931983809430355e-06
HD 34590, ,5,20,0.7,+,32,47,8,174,-3,7.005,0.367,2.618,0.015,3.772,-0.26,57,3.21,1.74,4.8,4.3,5.6,1.19,1.14,1.25,0.4,0.2,0.1,2,635,0.953,8,15,-39,1,17.4,0.9,-1,-11,-3,8.057,-0.003,7.61,8.15,0.03,0.06,80.00291666666665,32.785555555555554,-56.61006,5.949959,-2.9831498,*,G,5915.616341754737,56.92188423888725,2.1329403021556404e-07
HD 34599, ,5,16,35.0,-,42,30,51,248,-35,8.287,0.414,2.595,0.0,3.749,-0.08,47,4.93,0.39,11.1,2.0,0.0,0.9,0.86,0.99,30.5,0.2,0.3,4,1861,0.416,4,17,94,1,21.3,0.8,-30,-18,-12,8.015,-0.027,7.05,8.25,0.08,0.08,79.14583333333331,-42.51416666666667,-14.422416,-35.69671,-26.958094,PM*,G,5610.479760324706,38.500145299740836,2.296036038019654e-06
HD 34796, ,5,19,25.6,-,14,46,6,216,-27,8.009,0.363,2.601,-0.007,3.771,-0.29,67,3.89,1.11,8.4,6.6,10.1,1.01,0.98,1.07,54.0,0.2,0.3,4,1575,0.43,4,-34,0,2,15.0,1.0,-39,-21,-33,8.048,-0.03,6.82,8.44,0.11,0.43,79.85666666666665,-14.768333333333334,-48.29625,-35.089264,-30.417362,*,G,5902.010801718442,59.697438907579574,5.457310954707681e-07
HD 34991, ,5,21,17.9,-,5,48,41,208,-23,7.231,0.359,2.608,-0.005,3.774,-0.15,37,4.39,0.41,5.9,0.2,9.5,1.02,0.96,1.09,-5.2,0.2,0.1,3,472,0.817,2,2,-7,2,0.0,0.0,5,1,2,8.03,-0.014,7.83,8.67,0.05,0.14,80.32458333333332,-5.811388888888889,-30.072031,-15.989581,-14.457051,*,G,5942.921586155727,34.05868096419064,1.088876688899508e-06
HD 35041, ,5,21,12.9,-,14,9,8,216,-26,7.679,0.402,2.588,0.002,3.751,-0.21,37,4.83,0.55,13.6,6.7,0.0,0.88,0.84,0.95,-4.3,0.2,0.2,4,1121,0.74,5,-29,28,2,26.9,1.0,0,8,0,8.027,-0.016,7.96,9.0,0.06,0.1,80.30374999999998,-14.152222222222225,-26.904171,-19.547016,-16.219732,*,G,5636.376558259543,33.255379289695334,1.999763790342133e-06
HD 35190, ,5,23,41.7,+,16,29,49,188,-11,8.136,0.35,2.622,0.007,3.778,-0.24,66,4.04,0.75,6.4,3.7,9.0,1.04,0.97,1.1,-0.2,0.3,0.5,2,241,0.253,5,-47,-18,2,0.0,0.0,3,4,-15,8.064,-0.012,7.94,8.79,0.05,0.12,80.92375,16.496944444444445,-64.15688,-9.016664,-12.593393,*,G,5997.910762555094,64.78738674327971,6.713959240189154e-07
HD 35676, ,5,24,57.9,-,34,12,22,238,-32,8.069,0.445,0.0,0.0,3.736,0.03,37,5.21,0.3,0.0,0.0,0.0,0.88,0.85,0.98,45.9,0.1,0.2,5,3217,0.695,4,16,182,2,26.8,0.8,-50,-21,-16,8.017,-0.02,6.61,8.65,0.13,0.13,81.24125,-34.20611111111111,-16.627693,-26.609863,-19.607014,PM*,G,5445.026528424214,31.37777849658924,3.3804825648124227e-06
HD 35833, ,5,28,9.2,+,16,26,20,189,-10,6.853,0.418,2.572,0.0,3.748,-0.21,61,2.93,2.52,3.5,2.9,4.2,1.28,1.25,1.33,54.8,0.2,0.2,2,1487,0.596,4,-38,-54,1,16.4,1.3,-49,-15,-27,8.059,-0.011,6.9,8.83,0.12,0.32,82.03833333333333,16.43888888888889,-59.33367,-9.397526,-10.592539,PM*,G,5597.576014951104,60.0732710162313,1.4487008013797057e-07
HD 35974, ,5,27,6.6,-,31,33,58,235,-31,7.188,0.376,2.608,0.011,3.766,-0.22,58,3.35,1.7,5.5,4.8,6.3,1.16,1.1,1.24,76.4,0.2,0.4,3,3722,0.182,5,-58,40,2,17.1,0.7,-47,-39,-50,8.029,-0.03,5.96,8.41,0.17,0.85,81.77749999999999,-31.566111111111116,-28.51575,-40.724724,-29.872208,PM*,G,5834.451042737448,49.71570318258282,2.5880859813430504e-07
HD 36130, ,5,37,33.4,+,74,41,19,139,21,7.76,0.377,0.0,0.0,3.772,0.26,50,4.27,0.21,3.3,0.0,6.8,1.15,1.13,1.18,-62.6,0.2,0.3,2,609,0.307,4,-26,-180,2,20.0,0.7,13,-60,-45,8.035,0.018,5.11,8.14,0.23,0.71,84.38916666666667,74.68861111111111,-35.229107,30.62419,17.918398,PM*,G,5915.616341754737,46.679020910614106,9.225261814543033e-07
HD 36152, ,5,28,59.1,-,17,25,45,220,-26,8.28,0.411,2.594,0.005,3.751,0.0,47,4.93,0.28,7.6,0.0,15.1,0.95,0.88,1.03,-9.7,0.2,0.3,5,1840,0.33,1,-85,-72,2,21.4,1.1,19,6,-17,8.032,-0.02,7.63,9.3,0.1,0.16,82.24624999999999,-17.429166666666667,-32.360264,-27.153482,-20.603445,PM*,G,5636.376558259543,42.243322204509674,2.296036038019654e-06
HD 36379, ,5,30,59.9,-,10,4,51,213,-22,6.953,0.359,2.605,-0.005,3.773,-0.32,42,3.85,1.13,8.2,7.0,9.6,1.02,0.98,1.08,22.8,0.2,0.1,5,1192,0.984,4,160,-314,2,24.0,0.9,19,-70,-7,8.032,-0.016,4.56,8.17,0.28,0.02,82.74958333333332,-10.080833333333333,-32.65928,-21.209179,-15.733477,PM*,G,5929.2532458,38.94172369030987,5.163910426473034e-07
HD 36435, ,5,27,39.3,-,60,24,57,269,-34,6.979,0.455,0.0,0.0,3.726,-0.21,20,5.52,0.37,0.0,3.0,0.0,0.83,0.8,0.89,13.7,0.1,0.2,5,2126,0.671,5,-148,-92,2,51.1,0.5,9,-4,-19,8.0,-0.011,7.59,8.51,0.06,0.17,81.91375,-60.41583333333333,-0.28937218,-16.578226,-11.183858,PM*,G,5321.082592667942,16.580751296778864,5.187745954018055e-06
HD 36516, ,5,31,1.1,-,28,31,43,232,-29,8.179,0.384,2.573,0.0,3.758,-0.52,50,4.71,0.75,12.4,6.4,0.0,0.84,0.81,0.92,25.2,0.2,0.4,5,3336,0.208,3,-22,136,2,20.2,0.9,-40,1,-8,8.027,-0.024,7.52,9.06,0.09,0.03,82.75458333333331,-28.52861111111111,-26.923485,-34.460487,-24.24048,PM*,G,5727.960309858292,43.7309868265329,1.6942547049835658e-06
HD 37006, ,5,46,11.9,+,78,15,22,135,23,8.187,0.447,0.0,0.0,3.731,-0.15,35,5.44,0.31,0.0,0.0,0.0,0.84,0.81,0.92,-12.0,0.2,0.3,2,986,0.43,4,-46,71,2,28.2,0.8,17,3,-7,8.023,0.014,7.61,9.04,0.09,0.01,86.54958333333332,78.25611111111111,-22.781332,22.781332,13.67559,PM*,G,5382.697825162882,32.217668683324185,4.6449249398502366e-06
HD 37216, ,5,39,52.3,+,52,53,50,159,11,7.845,0.448,0.0,0.0,3.732,-0.04,28,5.62,0.03,0.0,0.0,14.6,0.88,0.82,0.93,11.0,0.2,0.3,4,615,0.45,2,-10,-141,2,35.9,1.1,-18,-10,-8,8.025,0.006,7.66,8.11,0.03,0.01,84.96791666666665,52.89722222222222,-25.659983,9.849943,5.342652,PM*,G,5395.1062251512785,27.485561749099073,5.9563293045116295e-06
HD 37464, ,5,44,26.1,+,68,29,33,145,19,8.011,0.368,0.0,0.0,3.768,-0.49,64,3.98,1.24,9.3,6.5,12.1,0.97,0.88,1.03,-15.4,0.2,0.1,3,612,0.969,4,31,-90,2,0.0,0.0,-6,-31,-8,8.049,0.021,6.53,8.06,0.1,0.03,86.10874999999999,68.4925,-49.5695,34.708942,20.83636,PM*,G,5861.3816451402845,60.513188521258435,6.179860907400366e-07
HD 37548, ,5,38,37.8,-,16,55,9,221,-24,7.592,0.382,2.601,0.005,3.765,-0.08,56,3.86,1.09,7.8,6.2,9.1,1.08,1.02,1.12,71.5,0.2,0.4,5,1815,0.165,3,108,-104,2,17.9,1.0,-33,-74,-14,8.039,-0.022,4.45,8.12,0.29,0.1,84.65749999999998,-16.91916666666667,-38.60984,-33.563026,-22.777252,PM*,G,5821.032177708716,51.15854238641164,5.23574757632536e-07
HD 37685, ,5,40,46.3,+,9,15,55,196,-11,7.961,0.402,2.599,0.014,3.756,-0.07,73,3.64,1.51,7.1,5.8,8.5,1.11,1.05,1.16,-64.8,0.3,0.5,2,731,0.163,3,-52,-70,2,13.7,1.1,69,8,-15,8.069,-0.014,6.78,11.04,0.24,0.14,85.19291666666666,9.265277777777778,-68.88284,-19.751833,-13.929057,PM*,G,5701.642722807472,71.6587786201069,3.863480284458676e-07
HD 37693, ,5,43,26.8,+,52,29,19,159,12,7.143,0.391,0.0,0.0,3.758,-0.12,30,4.74,0.41,9.2,2.8,14.5,0.95,0.88,1.02,-25.4,0.4,0.6,2,983,0.103,4,246,20,2,33.0,0.9,24,-25,26,8.028,0.006,6.59,8.5,0.13,0.62,85.86166666666665,52.48861111111111,-27.395386,10.516102,6.237351,PM*,G,5727.960309858292,29.34443005688473,1.7659512088359783e-06
HD 37773, ,5,41,34.3,+,15,12,49,191,-8,7.676,0.428,2.581,0.0,3.743,-0.03,38,4.79,0.62,14.1,8.3,0.0,0.9,0.87,0.95,-42.7,0.2,0.1,2,731,0.66,4,71,-201,1,26.5,1.1,50,-28,-2,8.037,-0.005,6.05,9.07,0.2,0.09,85.39291666666665,15.21361111111111,-36.938812,-7.180176,-5.288578,PM*,G,5533.501092157366,37.63018415264958,1.8922508123754359e-06
HD 37799, ,5,43,13.7,+,41,41,46,169,6,6.798,0.446,0.0,0.0,3.738,-0.16,89,2.04,3.58,1.5,1.2,1.8,1.76,1.57,1.78,9.4,0.3,0.3,2,382,0.457,4,63,-100,1,11.2,1.0,-19,-47,2,8.087,0.01,5.73,8.1,0.17,0.14,85.80708333333332,41.69611111111111,-86.88622,16.888973,9.303033,PM*,G,5470.159628939716,88.5124433900857,4.2362218931380014e-08
HD 37962, ,5,40,51.9,-,31,21,4,236,-28,7.846,0.405,2.587,0.008,3.749,-0.28,37,5.01,0.47,13.8,4.6,0.0,0.86,0.82,0.93,2.7,0.2,0.3,4,1069,0.453,3,-61,-364,2,27.1,0.7,54,-24,-27,8.018,-0.017,6.13,9.26,0.2,0.33,85.21624999999999,-31.351111111111116,-18.268307,-27.08388,-17.37045,PM*,G,5610.479760324706,32.66906176339702,2.564358266443843e-06
HD 38110, ,5,42,58.8,-,7,28,52,212,-19,8.181,0.415,2.612,0.0,3.752,0.01,60,4.31,0.86,10.4,7.4,13.1,1.0,0.94,1.05,57.0,0.2,0.1,2,1107,0.733,4,49,-98,2,16.8,1.2,-30,-54,-18,8.048,-0.019,5.32,8.14,0.21,0.16,85.745,-7.481111111111111,-48.110714,-30.06291,-19.534088,PM*,G,5649.369748123023,56.73111456033537,9.74941821268923e-07
HD 38215, ,5,37,58.1,-,69,57,27,280,-32,8.14,0.438,0.0,0.0,3.737,-0.21,43,4.97,0.71,0.0,10.8,0.0,0.87,0.83,0.91,17.5,0.1,0.3,4,2167,0.48,2,54,169,2,0.0,0.0,-32,-24,-3,7.993,-0.023,6.74,8.22,0.1,0.07,84.49208333333333,-69.9575,6.332266,-35.912067,-22.786528,PM*,G,5457.57861091271,36.46606845969613,2.4264910867647234e-06
HD 38277, ,5,44,17.5,-,10,1,0,214,-19,7.12,0.392,2.593,0.0,3.758,-0.2,39,4.14,1.08,11.0,9.2,12.7,0.99,0.96,1.03,32.3,0.2,0.2,4,3281,0.757,3,66,-141,2,25.4,0.8,-9,-41,-11,8.031,-0.013,6.0,8.03,0.14,0.05,86.07291666666666,-10.016666666666667,-30.570946,-20.620365,-12.697158,PM*,G,5727.960309858292,36.87522463752785,7.70865661620565e-07
HD 38406, ,5,45,28.7,-,1,36,54,207,-15,8.205,0.388,2.603,0.006,3.762,-0.03,66,4.11,0.87,8.3,5.7,10.7,1.03,0.99,1.09,-2.0,0.2,0.4,3,1494,0.244,3,133,-60,1,15.2,1.3,11,-35,27,8.057,-0.017,6.33,8.2,0.13,0.63,86.36958333333332,-1.615,-56.802647,-28.942398,-17.082056,PM*,G,5780.960474057181,63.751102799849775,7.395690025727166e-07
HD 38858, ,5,48,34.9,-,4,5,40,209,-16,5.975,0.402,2.578,0.0,3.751,-0.26,16,5.01,0.41,12.2,2.4,0.0,0.86,0.83,0.95,31.2,0.1,0.2,5,2200,0.862,3,62,-229,1,64.2,1.2,-17,-29,-12,8.013,-0.004,6.6,8.03,0.1,0.07,87.14541666666665,-4.094444444444444,-13.451814,-7.4564633,-4.4101977,PM*,G,5636.376558259543,15.380186762027401,2.564358266443843e-06
HD 38949, ,5,48,20.0,-,24,27,49,229,-24,7.817,0.363,2.59,-0.016,3.772,-0.11,43,4.67,0.14,2.6,0.0,9.0,1.02,0.95,1.08,3.0,0.2,0.3,4,1046,0.349,7,-31,-39,2,23.5,0.8,4,-3,-9,8.025,-0.017,7.76,8.46,0.04,0.03,87.08333333333331,-24.46361111111111,-25.771606,-29.646843,-17.489676,*,G,5915.616341754737,39.28245124334637,1.6031667626742862e-06
HD 38973, ,5,46,27.9,-,53,13,9,261,-31,6.631,0.373,2.598,-0.013,3.768,-0.17,29,4.33,0.63,7.9,4.8,10.3,1.0,0.96,1.06,-5.9,0.1,0.3,5,1120,0.504,4,40,-139,2,34.7,0.5,20,0,6,8.004,-0.015,7.48,8.97,0.09,0.21,86.61624999999998,-53.219166666666666,-3.8886256,-24.55181,-14.936104,PM*,G,5861.3816451402845,24.85785154298487,1.0022560819895619e-06
HD 39091, ,5,37,9.8,-,80,28,8,293,-30,5.662,0.372,2.615,0.004,3.77,-0.03,18,4.36,0.43,6.0,2.9,9.0,1.04,0.99,1.1,10.3,0.1,0.1,5,2167,0.915,3,312,1050,1,54.9,0.4,-84,-46,0,7.994,-0.009,5.2,9.1,0.27,0.11,84.29083333333332,-80.46888888888888,6.0908966,-14.34925,-9.0,PM*,G,5888.43655355589,15.588457170431958,1.0446689829731647e-06
HD 39537, ,5,56,22.0,+,54,16,11,159,14,8.001,0.482,0.0,0.0,3.718,-0.14,26,5.93,0.07,0.0,0.0,0.0,0.82,0.78,0.87,16.0,0.2,0.1,2,276,0.921,1,-45,-112,2,0.0,0.0,-21,-2,-7,8.023,0.006,7.85,8.39,0.03,0.01,89.09166666666665,54.26972222222222,-23.552078,9.040794,6.2899694,PM*,G,5223.9618899911975,25.227689832176868,9.140684105848662e-06
HD 39833, ,5,55,1.9,-,0,30,28,207,-13,7.647,0.391,2.603,-0.005,3.764,0.21,47,4.3,0.43,5.4,2.2,9.0,1.12,1.07,1.17,24.3,0.1,0.2,4,2948,0.531,3,-104,-51,1,21.4,1.1,-17,-7,-30,8.041,-0.01,7.83,8.17,0.02,0.37,88.75791666666666,-0.5077777777777778,-40.803993,-20.790674,-10.572699,PM*,G,5807.644175213118,45.7953924551185,9.615651180014716e-07
HD 40040, ,5,57,1.7,+,15,44,28,193,-4,8.185,0.414,2.578,0.0,3.746,-0.41,68,4.02,1.62,12.2,10.0,14.7,0.93,0.86,0.98,-26.6,0.2,0.3,3,719,0.637,2,88,-243,1,14.7,1.2,45,-74,-12,8.066,-0.005,4.3,8.53,0.33,0.08,89.25708333333333,15.74111111111111,-66.095764,-15.25941,-4.74344,PM*,G,5571.857489319298,67.83435421887494,6.530985211445702e-07
HD 40199,*,5,54,51.3,-,47,38,32,255,-29,8.258,0.385,0.0,0.0,3.763,-0.25,96,3.34,1.81,5.7,4.8,6.7,1.13,1.08,1.23,15.4,0.2,0.1,2,1080,0.744,5,64,107,2,10.4,0.7,-50,-18,26,8.022,-0.046,6.77,8.77,0.13,0.61,88.71374999999999,-47.64222222222222,-21.731346,-81.10251,-46.54172,PM*,G,5794.286964268809,83.96349520638012,2.5525761104483704e-07
HD 40583, ,5,58,3.7,-,35,48,1,242,-26,8.265,0.368,2.611,-0.001,3.772,-0.06,61,4.34,0.43,5.9,2.4,9.0,1.04,0.98,1.11,17.7,0.2,0.1,3,1447,0.929,3,-7,-51,2,16.4,0.8,5,-18,-13,8.026,-0.026,7.11,8.17,0.07,0.09,89.51541666666665,-35.80027777777777,-25.739458,-48.40887,-26.74064,PM*,G,5915.616341754737,54.82643881204272,1.0161988529530514e-06
HD 40616, ,6,0,13.7,+,4,50,7,203,-9,7.464,0.397,2.583,0.002,3.754,-0.27,53,3.82,1.55,9.1,8.0,10.5,1.02,0.99,1.05,76.6,0.3,0.1,2,360,0.807,3,-61,136,2,18.7,1.0,-85,5,-9,8.049,-0.008,6.79,10.7,0.22,0.04,90.05708333333331,4.835277777777778,-48.186115,-20.45379,-8.291027,PM*,G,5675.446054085472,52.347485175100104,4.954258924249949e-07
HD 40647, ,6,6,5.7,+,69,28,34,145,21,8.285,0.476,0.0,0.0,3.716,-0.34,32,5.76,0.42,0.0,0.0,0.0,0.79,0.76,0.85,-13.8,0.2,0.1,2,612,0.789,1,-135,-56,1,31.3,1.0,3,-3,-26,8.024,0.012,7.77,8.44,0.04,0.29,91.52375,69.47611111111111,-24.471815,17.135353,11.467774,PM*,G,5199.959965335162,29.87457199406937,7.227343567792226e-06
HD 40668, ,6,3,7.4,+,51,15,33,162,14,8.264,0.436,2.59,0.0,3.739,-0.14,48,4.86,0.72,17.2,10.3,0.0,0.88,0.85,0.93,-12.7,0.2,0.2,2,983,0.665,2,-1,-22,2,0.0,0.0,10,-8,-5,8.044,0.011,7.51,8.47,0.06,0.03,90.78083333333332,51.259166666666665,-44.29469,14.39222,11.612251,*,G,5482.769649208536,46.57419412855686,2.0843886533432196e-06
HD 41343, ,6,6,3.3,+,33,15,14,178,6,8.153,0.403,2.588,-0.012,3.757,-0.09,116,2.83,2.31,3.7,2.9,4.8,1.29,1.19,1.37,28.7,0.3,0.0,1,0,0.0,10,48,-82,2,0.0,0.0,-30,-51,4,8.115,0.012,5.51,8.2,0.2,0.18,91.51375,33.25388888888889,-115.294266,4.0261593,12.125302,PM*,G,5714.786366718672,115.3645427815138,1.2617656507419192e-07
HD 41484, ,6,5,10.8,-,9,17,30,216,-14,7.958,0.37,2.628,0.018,3.773,-0.03,81,3.41,1.31,5.1,3.1,6.2,1.17,1.11,1.27,0.2,0.2,0.1,2,795,0.89,5,-7,-57,2,12.3,1.1,13,-13,-12,8.064,-0.02,7.25,8.44,0.08,0.07,91.295,-9.291666666666666,-63.583855,-46.196358,-19.595675,PM*,G,5929.2532458,78.59395720489705,2.8117629262552084e-07
HD 41708, ,6,7,59.0,+,27,25,41,184,4,8.026,0.394,2.616,0.018,3.759,-0.02,44,4.79,0.25,6.4,0.0,12.3,0.98,0.91,1.05,34.2,0.2,0.2,3,2522,0.624,2,27,-94,1,22.5,1.1,-33,-22,-3,8.044,0.003,6.83,8.29,0.1,0.07,91.99583333333332,27.42805555555556,-43.7859,-3.0618052,3.0692847,PM*,G,5741.164622073275,43.89282048231518,1.8922508123754359e-06
HD 42250, ,6,16,2.6,+,70,46,53,144,23,7.433,0.469,0.0,0.0,3.725,-0.02,26,5.38,0.39,0.0,6.3,0.0,0.85,0.84,0.91,19.3,0.2,0.4,3,2880,0.158,1,-11,-443,1,38.9,0.7,-50,-26,-9,8.019,0.01,6.38,8.58,0.15,0.03,94.01083333333332,70.78138888888888,-19.362307,14.067538,10.159009,PM*,G,5308.8444423098845,23.93312678576899,4.275419171710767e-06
HD 42287, ,6,5,42.0,-,61,44,54,271,-29,7.834,0.371,2.619,0.013,3.768,-0.2,49,4.39,0.59,7.9,4.8,11.5,0.99,0.94,1.05,-5.2,0.1,0.2,5,1159,0.763,5,-50,10,2,20.5,0.7,-3,10,-7,7.999,-0.024,7.97,9.04,0.06,0.03,91.42499999999998,-61.748333333333335,0.7479429,-42.84984,-23.75567,PM*,G,5861.3816451402845,42.85636716530299,1.088876688899508e-06
HD 42618, ,6,12,0.5,+,6,46,59,202,-6,6.857,0.402,2.581,-0.012,3.754,-0.03,23,5.04,0.12,2.5,0.0,12.0,0.96,0.88,1.02,-53.7,0.1,0.2,8,2238,0.868,4,197,-253,2,43.3,0.9,62,-12,11,8.021,-0.002,6.38,9.88,0.22,0.32,93.00208333333332,6.783055555555555,-21.208406,-8.568754,-2.4041548,PM*,G,5675.446054085472,22.87400337005641,2.6728753163232114e-06
HD 42819, ,6,16,12.3,+,56,56,3,157,18,7.475,0.373,2.612,0.0,3.77,0.02,53,3.86,0.88,6.5,3.7,8.2,1.11,1.06,1.18,22.2,0.1,0.3,6,1517,0.717,2,-208,-187,2,18.9,1.0,-47,-6,-56,8.046,0.016,7.27,9.17,0.12,1.06,94.05124999999998,56.93416666666666,-46.398968,19.695194,16.377901,PM*,G,5888.43655355589,50.40600061661965,5.23574757632536e-07
HD 43279, ,6,18,52.0,+,57,8,16,157,18,8.186,0.418,2.599,0.0,3.75,0.07,57,4.41,0.76,9.8,6.3,13.1,0.99,0.93,1.06,5.1,0.2,0.3,5,1517,0.432,2,62,-108,2,0.0,0.0,-16,-29,6,8.05,0.018,6.63,8.06,0.1,0.2,94.71666666666664,57.13777777777778,-49.900776,21.181623,17.61397,PM*,G,5623.413251903491,54.21022595706741,1.1193829828386824e-06
HD 43691, ,6,19,34.6,+,41,5,32,173,12,8.028,0.371,2.626,0.02,3.785,0.13,93,3.09,1.19,2.6,2.2,3.1,1.38,1.3,1.45,-29.2,0.2,0.3,2,1082,0.325,5,23,-52,1,10.7,1.2,25,-29,-7,8.091,0.019,6.42,8.51,0.14,0.02,94.89416666666664,41.09222222222223,-90.289665,11.086171,19.335789,PM*,G,6095.368972401694,90.96772390938155,1.807085496711585e-07
HD 43717, ,6,16,52.8,-,18,36,24,226,-16,7.492,0.38,2.595,0.004,3.762,-0.29,53,3.87,1.33,9.1,7.8,10.5,1.01,0.98,1.05,77.0,0.2,0.2,4,3279,0.808,4,-125,27,2,18.9,0.9,-61,-34,-45,8.035,-0.014,5.99,8.78,0.19,0.75,94.21999999999998,-18.60666666666667,-35.390667,-36.648113,-14.60878,PM*,G,5780.960474057181,50.94686935588543,5.308584080479523e-07
HD 43834, ,6,10,14.4,-,74,45,10,286,-29,5.073,0.442,2.587,0.0,3.738,0.1,10,5.04,0.38,12.8,3.9,0.0,0.91,0.88,1.0,35.6,0.2,0.4,4,3280,0.116,3,122,-213,1,98.5,0.4,18,-31,-12,7.998,-0.005,6.33,8.27,0.13,0.07,92.56,-74.75277777777778,2.4107773,-8.407384,-4.848096,PM*,G,5470.159628939716,8.746196482680418,2.6728753163232114e-06
HD 44219, ,6,20,14.3,-,10,43,30,219,-12,7.7,0.418,2.6,0.023,3.76,0.09,51,4.08,0.85,7.8,5.1,9.8,1.09,1.03,1.16,-12.4,0.2,0.3,5,1166,0.261,2,73,-15,2,19.8,1.0,14,-3,16,8.038,-0.01,7.57,8.77,0.07,0.4,95.05958333333332,-10.725,-38.768337,-31.39398,-10.603497,PM*,G,5754.399373371566,49.885528302163635,7.095429681178739e-07
HD 44280, ,6,32,56.2,+,79,28,6,135,26,7.954,0.316,0.0,0.0,3.8,-0.19,143,2.18,2.06,1.9,1.6,2.2,1.56,1.46,1.64,-9.7,2.7,3.8,2,609,0.042,55,-12,-23,2,7.0,0.8,-7,-13,-14,8.09,0.062,7.61,8.1,0.03,0.11,98.23416666666664,79.46833333333333,-90.882706,90.882706,62.687077,*,G,6309.57344480193,128.52755541036666,5.140184413229288e-08
HD 44420, ,6,21,43.5,-,0,32,20,210,-7,7.612,0.428,2.605,0.0,3.748,0.21,41,4.54,0.57,9.1,4.8,13.4,1.05,1.03,1.07,-0.9,0.1,0.2,5,2197,0.6,1,-1,-155,2,24.3,0.9,15,-22,-14,8.035,-0.005,6.8,8.33,0.1,0.1,95.43124999999998,-0.5388888888888889,-35.24238,-20.347195,-4.996643,PM*,G,5597.576014951104,40.69439386982468,1.33961098561865e-06
HD 44447, ,6,15,6.0,-,71,42,9,282,-28,6.61,0.369,2.598,0.004,3.767,-0.42,31,4.14,1.06,10.7,8.9,12.9,0.98,0.89,1.03,13.3,0.2,0.2,4,4752,0.872,3,-16,54,2,32.0,0.5,-6,-12,-8,7.994,-0.015,7.56,8.02,0.03,0.02,93.775,-71.7025,5.6908226,-26.773245,-14.553618,PM*,G,5847.900841444806,27.37137390951897,7.70865661620565e-07
HD 44569, ,6,21,37.3,-,18,10,0,226,-15,7.725,0.392,2.586,0.0,3.757,-0.18,44,4.5,0.72,11.2,7.2,15.3,0.95,0.89,1.0,20.2,0.1,0.3,5,1811,0.432,3,-46,-97,2,22.6,0.9,0,-21,-22,8.03,-0.011,7.04,8.09,0.07,0.22,95.40541666666664,-18.166666666666668,-29.52349,-30.572474,-11.388038,PM*,G,5714.786366718672,42.50073679668125,1.2675896963662255e-06
HD 44614, ,6,24,30.8,+,38,34,9,175,12,7.588,0.391,0.0,0.0,3.763,0.13,45,4.33,0.5,6.0,3.1,9.3,1.09,1.04,1.15,32.1,0.2,0.2,2,1045,0.472,1,89,-92,2,22.3,1.0,-32,-23,15,8.044,0.009,6.83,8.26,0.09,0.36,96.12833333333332,38.56916666666667,-43.849144,3.836309,9.356027,PM*,G,5794.286964268809,44.01664112896641,1.0022560819895619e-06
HD 45184, ,6,24,43.8,-,28,46,48,237,-18,6.37,0.394,2.597,-0.001,3.76,0.03,22,4.66,0.31,7.4,0.3,11.5,1.01,0.94,1.08,-4.1,0.1,0.1,4,4740,0.959,2,-165,-122,2,45.4,0.6,10,5,-18,8.012,-0.007,7.77,9.0,0.07,0.18,96.1825,-28.78,-11.3956175,-17.547709,-6.798374,PM*,G,5754.399373371566,20.923245191771453,1.5811704900714475e-06
HD 45253, ,6,26,50.4,+,11,39,27,200,0,8.175,0.389,2.596,0.012,3.756,-0.36,50,4.68,0.72,12.5,5.7,0.0,0.87,0.83,0.96,28.0,0.3,0.1,2,120,0.86,1,-120,32,2,0.0,0.0,-33,9,-22,8.047,0.0,7.8,9.34,0.09,0.23,96.71,11.6575,-46.98463,-17.101007,0.0,PM*,G,5701.642722807472,49.99999896650948,1.6254690339100712e-06
HD 45289, ,6,24,24.3,-,42,50,51,251,-23,6.667,0.418,2.581,0.0,3.748,-0.04,28,4.44,0.87,13.7,8.8,15.8,0.94,0.91,1.0,56.0,0.1,0.2,4,1918,0.749,3,-75,777,1,35.8,0.5,-116,-20,-2,8.008,-0.011,5.63,10.81,0.32,0.1,96.10125,-42.8475,-8.391238,-24.369923,-10.940472,PM*,G,5597.576014951104,25.774134751695797,1.1667523931790261e-06
HD 45350, ,6,28,45.7,+,38,57,46,175,13,7.892,0.457,0.0,0.0,3.736,0.19,49,4.44,0.96,12.6,10.4,14.6,0.98,0.95,1.02,-21.3,0.2,0.2,2,1361,0.564,3,-42,-54,1,20.4,1.0,17,-9,-18,8.048,0.011,7.33,8.65,0.08,0.17,97.19041666666666,38.96277777777778,-47.56245,4.1611814,11.022601,PM*,G,5445.026528424214,47.74413137387888,1.1667523931790261e-06
HD 45364, ,6,25,38.4,-,31,28,51,239,-19,8.086,0.443,2.563,0.0,3.734,-0.09,33,5.52,0.12,0.0,0.0,0.0,0.87,0.81,0.94,15.9,0.2,0.4,7,3311,0.058,2,55,-11,2,30.7,0.8,-5,-17,2,8.016,-0.011,7.28,8.03,0.05,0.13,96.40999999999998,-31.480833333333333,-16.070284,-26.745426,-10.743749,PM*,G,5420.008904016238,31.202112745167305,5.187745954018055e-06
HD 45391, ,6,28,46.0,+,36,28,47,178,12,7.137,0.399,2.568,0.0,3.749,-0.45,26,5.09,0.52,11.7,0.2,0.0,0.83,0.8,0.92,-6.1,0.2,0.4,3,3279,0.225,2,-291,-220,2,39.0,0.9,-3,-9,-44,8.025,0.005,7.79,8.15,0.02,0.66,97.19166666666666,36.47972222222222,-25.416348,0.8875572,5.405704,PM*,G,5610.479760324706,25.431840347099847,2.8640375019334002e-06
HD 45444, ,6,29,17.2,+,39,38,52,175,13,7.89,0.396,0.0,0.0,3.759,-0.12,110,2.69,2.43,3.3,2.6,4.1,1.33,1.26,1.39,14.6,0.2,0.2,3,3224,0.678,5,8,-107,2,9.1,1.1,-23,-50,-16,8.107,0.025,5.58,8.15,0.19,0.13,97.32166666666666,39.647777777777776,-106.77285,9.341428,24.744616,PM*,G,5741.164622073275,107.18070616580992,1.0398691649905992e-07
HD 45580, ,6,29,3.6,+,17,44,42,195,3,7.609,0.386,2.596,0.004,3.76,-0.29,48,4.21,1.04,11.5,9.0,13.9,0.97,0.9,1.02,-14.4,0.3,0.1,2,1078,0.712,5,-124,-165,1,20.9,1.2,17,-16,-43,8.046,0.003,7.1,8.49,0.09,0.67,97.265,17.745,-46.300896,-12.406289,2.512126,PM*,G,5754.399373371566,47.93421509897014,8.491388286507029e-07
HD 45821, ,6,36,30.5,+,72,0,33,143,25,7.78,0.424,0.0,0.0,3.746,-0.03,50,4.29,1.05,12.2,10.1,14.1,0.96,0.92,1.02,41.8,0.2,0.4,5,1507,0.139,2,-46,-244,2,20.0,0.8,-71,-14,-4,8.036,0.021,6.51,9.43,0.18,0.06,99.12708333333332,72.00916666666667,-36.190475,27.271484,21.130913,PM*,G,5571.857489319298,45.31538723532969,9.483719499834043e-07
HD 46098, ,6,28,40.3,-,50,4,52,259,-24,8.253,0.389,2.607,0.021,3.772,-0.22,169,2.02,2.89,2.1,1.7,2.5,1.55,1.43,1.67,-13.2,0.2,0.2,3,2128,0.602,3,-24,-22,1,5.9,0.7,17,18,-16,8.031,-0.069,7.81,9.96,0.12,0.16,97.16791666666666,-50.08111111111111,-29.45882,-151.55261,-68.738495,*,G,5915.616341754737,154.3891695476224,4.12077308585319e-08
HD 46375, ,6,33,12.6,+,5,27,46,206,-2,7.914,0.502,0.0,0.0,3.716,0.39,33,5.29,0.47,16.4,7.7,0.0,0.87,0.84,0.92,-1.6,0.3,0.6,4,1090,0.033,1,120,-98,3,29.9,1.1,11,-20,10,8.03,-0.001,6.98,8.27,0.08,0.26,98.30249999999998,5.462777777777778,-29.642138,-14.457433,-1.1516833,PM*,G,5199.959965335162,32.97989863781471,3.7755367364019577e-06
HD 47186, ,6,36,8.7,-,27,37,20,237,-15,7.619,0.445,0.0,0.0,3.739,0.18,38,4.73,0.61,11.9,7.9,16.6,0.95,0.93,1.03,3.8,0.2,0.3,3,1407,0.239,1,22,-261,2,26.4,0.9,37,-25,-15,8.02,-0.01,6.33,8.76,0.16,0.13,99.03624999999998,-27.622222222222224,-19.991077,-30.783554,-9.835124,PM*,G,5482.769649208536,36.70518160274983,1.7417214499005635e-06
HD 47309, ,6,40,49.0,+,51,58,41,164,20,7.594,0.412,2.598,0.019,3.749,-0.16,42,4.46,0.92,14.2,10.1,17.2,0.92,0.88,0.97,27.2,0.1,0.2,7,1116,0.877,3,-1,-294,2,23.6,1.0,-47,-44,-10,8.038,0.014,5.66,8.36,0.19,0.04,100.20416666666668,51.97805555555556,-37.9382,10.878605,14.364845,PM*,G,5610.479760324706,39.467088390024735,1.1994404760661065e-06
HD 48056, ,6,41,23.3,-,2,21,0,214,-3,7.701,0.361,2.629,0.015,3.776,-0.11,72,3.42,1.3,5.2,3.6,6.2,1.16,1.11,1.26,-8.7,0.2,0.3,2,776,0.387,6,67,-136,2,13.9,1.0,36,-38,0,8.06,-0.004,5.84,8.6,0.19,0.1,100.34708333333332,-2.35,-59.608894,-40.20671,-3.768189,PM*,G,5970.352865838366,71.90131968835715,2.8508784449224386e-07
HD 48265, ,6,40,1.7,-,48,32,31,258,-22,8.051,0.452,0.0,0.0,3.738,0.17,88,3.34,2.03,4.5,3.8,5.4,1.25,1.23,1.27,22.5,0.2,0.1,2,623,0.607,3,26,30,1,11.4,0.7,-15,-23,5,8.018,-0.033,6.95,8.03,0.07,0.18,100.00708333333333,-48.54194444444444,-16.963985,-79.80919,-32.965378,*,G,5470.159628939716,81.59217851936744,2.5525761104483704e-07
HD 48410, ,6,45,28.9,+,44,14,0,172,18,7.469,0.382,2.593,-0.01,3.764,-0.11,45,4.19,0.81,9.5,5.5,11.9,1.01,0.97,1.07,2.5,0.2,0.4,5,832,0.307,1,144,-190,2,22.1,0.9,-5,-49,14,8.043,0.014,5.64,8.05,0.18,0.33,101.37041666666666,44.23333333333333,-42.38104,5.95627,13.905766,PM*,G,5807.644175213118,42.797543198114774,8.25997438171197e-07
HD 48684, ,6,46,2.8,+,33,1,46,182,13,7.597,0.388,2.598,0.005,3.761,-0.09,54,3.93,1.12,8.4,6.8,10.1,1.03,1.0,1.09,-13.4,0.2,0.4,5,832,0.354,3,168,-8,2,18.5,1.2,23,-18,34,8.053,0.012,6.94,8.62,0.11,0.83,101.51166666666666,33.029444444444444,-52.58393,-1.8362653,12.147356,PM*,G,5767.664633922509,52.61598202539685,5.767381770158575e-07
HD 49178, ,6,48,53.8,+,37,30,18,178,16,8.069,0.42,2.584,0.0,3.747,0.04,43,4.89,0.37,9.7,1.8,16.3,0.94,0.88,1.02,33.8,0.5,0.6,2,1077,0.053,2,-115,-59,2,23.1,1.2,-40,-1,-16,8.042,0.012,7.49,8.97,0.09,0.14,102.22416666666666,37.505,-41.30907,1.4425427,11.8524065,PM*,G,5584.701947368307,41.33424964489162,2.172594623009279e-06
HD 49289, ,6,49,33.9,+,40,10,31,176,17,8.149,0.389,0.0,0.0,3.763,-0.01,69,3.94,1.0,7.7,5.8,9.5,1.07,1.01,1.13,42.8,0.4,0.6,2,590,0.094,5,68,-136,2,14.4,1.1,-43,-47,16,8.066,0.02,5.62,8.32,0.19,0.4,102.39125,40.17527777777777,-65.82429,4.602882,20.173647,PM*,G,5794.286964268809,65.98502615525757,5.847614042653944e-07
HD 49425, ,6,50,54.7,+,49,4,0,167,20,8.229,0.402,2.611,0.013,3.756,0.04,57,4.45,0.61,8.6,4.4,12.1,1.01,0.94,1.07,1.0,0.2,0.3,5,1110,0.606,2,-71,17,2,0.0,0.0,-4,12,-15,8.052,0.02,8.03,9.21,0.07,0.13,102.72791666666664,49.06666666666667,-52.18968,12.048939,19.495148,PM*,G,5701.642722807472,53.562483414495645,1.182983535779732e-06
HD 49674, ,6,51,30.5,+,40,52,3,175,17,8.097,0.451,0.0,0.0,3.739,0.23,41,5.04,0.27,0.0,0.0,0.0,0.99,0.92,1.04,11.8,0.3,0.0,1,0,0.0,1,35,-124,1,24.5,1.1,-14,-24,1,8.039,0.012,6.93,8.05,0.07,0.12,102.87708333333332,40.8675,-39.05929,3.4172504,11.987239,PM*,G,5482.769649208536,39.208490605995024,2.6728753163232114e-06
HD 50117, ,6,50,58.4,-,17,51,15,229,-8,8.154,0.385,2.609,0.014,3.764,-0.1,69,3.96,1.03,8.2,6.2,10.1,1.03,0.99,1.1,84.0,0.4,0.5,2,1106,0.104,1,40,107,2,14.5,1.1,-78,-46,16,8.045,-0.01,5.29,9.0,0.26,0.41,102.74333333333333,-17.854166666666668,-44.82753,-51.568172,-9.602944,PM*,G,5807.644175213118,68.32849924681855,6.011442541001502e-07
HD 50177, ,6,50,45.4,-,29,26,51,240,-13,7.998,0.42,2.615,0.041,3.771,0.27,69,3.63,0.86,5.5,2.5,7.0,1.28,1.24,1.32,59.2,0.2,0.2,4,1025,0.867,4,6,-4,2,14.5,0.9,-28,-51,-12,8.034,-0.016,5.49,8.11,0.19,0.07,102.68916666666664,-29.4475,-33.61576,-58.22422,-15.521622,*,G,5902.010801718442,67.23153363553445,3.81047134770222e-07
HD 50483, ,6,53,54.0,+,11,1,23,203,6,8.135,0.293,2.645,-0.009,3.807,-0.28,84,3.51,0.66,2.9,2.1,3.7,1.19,1.13,1.26,12.9,0.3,0.0,1,0,0.0,1,-26,-26,1,11.9,1.1,-11,-10,-13,8.077,0.008,7.78,8.08,0.02,0.08,103.47499999999998,11.023055555555556,-76.89883,-32.641613,8.780391,*,G,6412.095765851615,83.53984052301435,3.2283357865705907e-07
HD 50499, ,6,52,2.0,-,33,54,56,244,-15,7.208,0.382,2.613,0.004,3.771,0.23,47,3.84,0.69,4.3,2.8,7.4,1.23,1.21,1.26,36.5,0.2,0.3,4,3748,0.298,5,-70,68,2,21.2,0.7,-33,-20,-17,8.02,-0.012,6.91,8.3,0.09,0.14,103.00833333333333,-33.91555555555556,-19.90139,-40.803917,-12.164495,PM*,G,5902.010801718442,45.39851282228294,5.093058919267476e-07
HD 50692, ,6,55,18.6,+,25,22,32,190,12,5.752,0.378,2.593,-0.003,3.763,-0.21,17,4.57,0.54,9.5,5.5,13.7,0.96,0.9,1.01,-15.2,0.1,0.2,15,2652,0.853,3,-37,25,1,57.9,0.9,14,6,-5,8.017,0.004,7.71,9.1,0.08,0.03,103.8275,25.37555555555556,-16.375885,-2.8875115,3.534499,*,G,5794.286964268809,16.628509620403666,1.3962998789170638e-06
HD 50806, ,6,53,33.9,-,28,32,23,239,-12,6.051,0.436,2.587,0.0,3.741,0.01,26,4.0,1.42,9.9,8.8,10.8,1.05,1.01,1.08,72.1,0.1,0.2,6,555,0.54,2,284,-442,2,38.8,0.6,15,-95,-6,8.013,-0.005,3.56,8.1,0.39,0.02,103.39125,-28.539722222222224,-13.0983715,-21.799337,-5.405704,PM*,G,5508.076964054036,25.431838895203416,6.352997732962232e-07
HD 51046, ,6,58,37.7,+,51,52,1,165,22,8.063,0.421,2.595,0.0,3.747,0.06,39,5.1,0.15,3.9,0.0,13.8,0.96,0.88,1.02,-0.3,0.2,0.3,5,1080,0.504,2,-165,-209,2,25.6,1.0,-22,-24,-37,8.035,0.015,6.94,8.11,0.08,0.52,104.65708333333332,51.86694444444444,-34.928043,9.358944,14.609656,PM*,G,5584.701947368307,36.160171744683204,2.9038802323871073e-06
HD 51219, ,6,56,34.1,+,1,9,43,212,2,7.397,0.431,2.599,0.0,3.741,-0.02,32,4.86,0.58,14.8,8.5,0.0,0.89,0.87,0.94,-8.4,0.1,0.3,8,5185,0.698,2,-11,-578,2,31.1,0.9,48,-62,-42,8.027,0.001,4.8,8.62,0.28,0.67,104.14208333333332,1.1619444444444444,-27.121008,-16.947086,1.1167839,PM*,G,5508.076964054036,31.980506544260052,2.0843886533432196e-06
HD 51419, ,6,58,11.7,+,22,28,33,193,11,6.939,0.397,2.577,0.0,3.752,-0.33,24,5.01,0.45,11.4,1.0,0.0,0.85,0.82,0.95,-27.1,0.2,0.3,3,3250,0.58,4,48,98,1,41.2,0.9,26,14,4,8.023,0.005,7.62,9.91,0.13,0.19,104.54875,22.47583333333333,-22.955235,-5.299633,4.579416,PM*,G,5649.369748123023,23.559051845095848,2.564358266443843e-06
HD 51929, ,6,55,53.2,-,56,56,32,267,-22,7.397,0.373,2.583,-0.002,3.762,-0.58,38,4.52,0.89,11.4,7.2,16.4,0.84,0.81,0.93,62.7,0.2,0.5,5,2894,0.023,4,-14,622,2,26.6,0.6,-112,-60,5,8.002,-0.014,4.43,9.71,0.37,0.21,103.97166666666666,-56.94222222222222,-1.843958,-35.1847,-14.23505,PM*,G,5780.960474057181,35.23298589668159,1.303102867201668e-06
HD 52063, ,6,56,23.2,-,57,34,34,268,-22,7.69,0.385,2.6,0.004,3.761,-0.31,62,3.74,1.5,8.4,7.4,9.4,1.03,0.99,1.07,29.9,0.1,0.3,5,1265,0.493,3,37,-162,2,16.2,0.6,47,-30,-14,8.002,-0.023,6.01,8.92,0.19,0.11,104.09666666666664,-57.57611111111112,-2.006227,-57.450382,-23.225609,PM*,G,5767.664633922509,57.485401092116014,4.435868880183037e-07
HD 52265, ,7,0,18.0,-,5,22,1,219,0,6.294,0.358,2.628,0.005,3.78,0.14,28,4.05,0.35,3.8,1.6,5.2,1.19,1.17,1.22,53.2,0.2,0.1,4,4755,0.931,5,-115,82,2,35.6,0.8,-52,-20,-9,8.022,0.0,6.62,8.75,0.14,0.02,105.075,-5.366944444444444,-21.760088,-17.620972,0.0,PM*,G,6025.595860743575,28.000001499866528,6.80735971699978e-07
HD 52613, ,7,1,4.5,-,21,57,52,234,-8,7.668,0.34,2.61,-0.017,3.783,-0.07,43,4.49,0.03,0.0,0.0,5.4,1.07,1.01,1.13,61.8,0.2,0.3,2,760,0.318,4,-9,52,2,23.1,1.0,-46,-42,-4,8.025,-0.006,5.75,8.35,0.18,0.04,105.26874999999998,-21.96444444444444,-25.028803,-34.449173,-5.9844437,PM*,G,6067.363295885053,42.581527685097655,1.2501977137235027e-06
HD 52711, ,7,3,30.4,+,29,20,13,187,15,5.939,0.386,2.594,0.0,3.76,-0.22,19,4.54,0.65,11.0,6.7,14.7,0.95,0.87,1.0,24.3,0.1,0.3,19,4042,0.456,3,157,-828,1,52.4,0.8,-18,-77,-9,8.018,0.005,4.3,8.03,0.3,0.03,105.87666666666664,29.336944444444445,-18.215794,-2.236616,4.917562,PM*,G,5754.399373371566,18.352591157160667,1.33961098561865e-06
HD 53143, ,6,59,59.6,-,61,20,10,272,-23,6.825,0.482,0.0,0.0,3.718,-0.01,18,5.5,0.41,0.0,7.5,0.0,0.85,0.83,0.89,21.9,0.1,0.2,7,3283,0.797,4,-161,266,2,54.3,0.5,-26,-18,-15,8.0,-0.007,7.1,8.16,0.07,0.11,104.99833333333332,-61.33611111111112,0.57824975,-16.558994,-7.03316,PM*,G,5223.9618899911975,16.56908733350787,5.046365474431245e-06
HD 53505, ,7,6,50.2,+,32,47,22,184,17,8.274,0.384,2.584,0.006,3.757,-0.6,58,4.45,1.08,13.8,9.5,0.0,0.84,0.81,0.9,65.1,0.3,0.1,2,734,0.75,5,206,-76,1,17.2,1.4,-46,-44,62,8.055,0.017,5.93,8.34,0.17,1.74,106.70916666666665,32.78944444444444,-55.330566,-3.869086,16.957558,PM*,G,5714.786366718672,55.465677318101434,1.182983535779732e-06
HD 53532, ,7,6,16.8,+,22,41,0,194,13,8.268,0.437,2.604,0.0,3.739,-0.04,44,5.06,0.44,14.6,5.3,0.0,0.88,0.85,0.95,42.5,0.2,0.4,4,870,0.35,6,-92,-78,1,22.8,1.0,-44,-18,-14,8.041,0.01,6.84,8.59,0.11,0.1,106.57,22.683333333333334,-41.598793,-10.37174,9.897846,PM*,G,5482.769649208536,42.87228206760691,2.747759388040215e-06
HD 54351, ,7,9,4.9,+,15,25,17,201,11,8.0,0.395,2.599,0.003,3.757,-0.09,44,4.79,0.35,8.5,0.2,14.4,0.95,0.88,1.03,42.6,0.2,0.2,6,2219,0.918,2,-158,-286,2,22.8,1.1,-35,-56,-46,8.04,0.008,5.31,8.16,0.21,0.75,107.27041666666663,15.421388888888888,-40.32283,-15.478481,8.395596,PM*,G,5714.786366718672,43.19159632702016,1.8922508123754359e-06
HD 54494, ,7,8,29.9,-,13,5,45,227,-2,7.956,0.362,2.635,0.019,3.777,0.01,77,3.52,1.07,3.6,2.8,6.1,1.16,1.09,1.26,33.5,0.3,0.4,2,1332,0.189,7,-41,17,2,0.0,0.0,-32,-16,-12,8.053,-0.003,7.17,8.36,0.08,0.06,107.12458333333332,-13.095833333333331,-52.481884,-56.27993,-2.687261,*,G,5984.115950603199,76.95309395335808,3.2732464109851e-07
HD 54521,*,7,8,1.7,-,27,45,24,240,-9,8.124,0.385,0.0,0.0,3.76,-0.23,51,4.61,0.59,10.6,5.9,15.2,0.94,0.87,1.0,19.1,0.2,0.3,2,361,0.347,3,-20,70,2,19.8,0.9,-25,-7,0,8.025,-0.008,7.61,8.33,0.05,0.11,107.00708333333333,-27.756666666666668,-25.186049,-43.623524,-7.9781585,PM*,G,5754.399373371566,50.37210448660029,1.4756341601524642e-06
HD 54637, ,7,8,53.9,-,18,11,3,231,-4,7.375,0.373,2.613,0.008,3.767,-0.19,44,4.16,0.84,8.2,5.3,11.3,1.0,0.95,1.06,7.3,0.2,0.1,4,1781,0.995,3,11,-10,2,0.0,0.0,-2,-8,1,8.028,-0.003,7.76,8.15,0.02,0.11,107.22458333333331,-18.184166666666663,-27.622644,-34.111126,-3.0692847,*,G,5847.900841444806,43.89281693556033,7.92462463811988e-07
HD 54684, ,7,15,47.9,+,70,30,21,145,27,7.919,0.424,0.0,0.0,3.745,-0.13,81,3.39,2.06,5.6,4.4,6.9,1.17,1.1,1.24,-41.1,0.2,0.3,2,648,0.335,2,14,-92,2,12.4,0.9,10,-51,-16,8.059,0.037,5.49,8.15,0.2,0.14,108.94958333333332,70.50583333333333,-59.119453,41.395897,36.77323,PM*,G,5559.042572704037,72.17153186301242,2.7351345804337536e-07
HD 54718, ,7,11,14.7,+,32,36,54,185,18,8.02,0.357,2.594,-0.003,3.77,-0.47,46,4.72,0.44,5.8,0.0,12.4,0.93,0.85,1.01,3.1,0.3,0.1,2,1041,0.831,1,-112,-9,2,21.9,1.1,-11,6,-21,8.043,0.014,8.04,8.8,0.05,0.22,107.81125,32.615,-43.582123,-3.8129447,14.214782,PM*,G,5888.43655355589,43.74859989156667,1.7178241357207713e-06
HD 54943, ,7,14,54.1,+,62,8,12,154,26,7.819,0.445,2.585,0.026,3.749,-0.19,102,2.66,2.75,3.0,2.4,4.0,1.32,1.25,1.38,-32.1,0.3,0.6,3,374,0.097,12,-5,-41,2,5.7,0.9,15,-29,-19,8.082,0.045,6.53,8.32,0.12,0.19,108.72541666666666,62.13666666666666,-82.398735,40.188545,44.713856,*,G,5610.479760324706,91.67699100001728,9.976511335859256e-08
HD 55095, ,7,10,52.3,-,18,3,2,231,-4,8.046,0.366,2.605,0.001,3.768,-0.25,48,4.64,0.39,7.4,0.0,12.4,0.97,0.9,1.03,-5.6,0.2,0.4,4,1781,0.198,4,118,-118,2,0.0,0.0,31,-19,12,8.03,-0.003,6.68,8.76,0.13,0.31,107.71791666666664,-18.050555555555555,-30.133795,-37.21214,-3.3483105,PM*,G,5861.3816451402845,47.883075971387065,1.5380792045350664e-06
HD 55137, ,7,11,17.7,-,12,2,28,226,-1,7.146,0.407,2.594,0.017,3.755,-0.07,63,3.15,2.02,4.3,3.8,4.9,1.23,1.19,1.29,70.8,0.2,0.3,4,1784,0.356,4,29,-73,2,15.9,0.9,-33,-67,-4,8.044,-0.001,4.74,8.13,0.26,0.05,107.82375,-12.04111111111111,-43.75681,-45.31151,-1.0995016,PM*,G,5688.529308438413,62.99040688752693,1.963263987694239e-07
HD 55488, ,7,13,10.7,+,0,13,51,215,5,8.233,0.353,2.627,0.012,3.779,-0.19,83,3.64,1.08,5.7,3.6,7.5,1.09,1.04,1.16,-8.4,0.3,0.2,2,116,0.677,6,5,-3,1,0.0,0.0,8,3,0,8.068,0.007,7.84,8.9,0.06,0.12,108.29458333333332,0.2308333333333333,-67.730896,-47.425682,7.2339263,*,G,6011.737374832779,82.68415559300307,3.863480284458676e-07
HD 55693, ,7,13,2.6,-,24,13,32,237,-6,7.179,0.407,2.619,0.032,3.756,0.07,37,4.34,0.7,8.6,5.4,12.0,1.02,0.98,1.1,31.8,0.2,0.3,4,1024,0.304,3,-93,103,2,27.1,0.8,-37,-13,-10,8.02,-0.004,7.16,8.49,0.09,0.04,108.26083333333332,-24.225555555555555,-20.041254,-30.86082,-3.8675532,PM*,G,5701.642722807472,36.797310675712644,1.0161988529530514e-06
HD 55696, ,7,12,14.9,-,38,10,28,250,-13,7.955,0.379,2.626,0.023,3.783,0.2,74,3.52,0.75,3.3,2.4,5.2,1.31,1.27,1.35,19.1,0.2,0.4,3,1413,0.176,7,-32,-24,2,13.6,0.7,-3,-16,-18,8.025,-0.016,7.36,8.07,0.05,0.15,108.06208333333332,-38.17444444444444,-24.660805,-67.75502,-16.646378,*,G,6067.363295885053,72.1033843758282,3.2732464109851e-07
HD 55720, ,7,11,31.6,-,49,25,27,260,-17,7.507,0.437,0.0,0.0,3.735,-0.25,28,5.29,0.46,0.0,6.5,0.0,0.84,0.81,0.89,86.7,0.2,0.4,4,1830,0.139,2,-7,818,1,36.1,0.6,-116,-74,13,8.004,-0.008,3.93,9.61,0.42,0.36,107.88166666666666,-49.424166666666665,-4.649695,-26.369738,-8.186407,PM*,G,5432.503314924331,26.776533490757707,3.7755367364019577e-06
HD 56145, ,7,12,52.5,-,53,53,39,265,-19,7.848,0.37,2.61,0.008,3.77,-0.32,85,3.21,1.84,5.1,4.4,5.9,1.17,1.11,1.24,32.1,0.2,0.3,2,437,0.274,7,47,-15,2,11.8,0.6,8,-37,5,8.007,-0.027,6.16,8.1,0.14,0.18,108.21875,-53.89416666666666,-7.004624,-80.063255,-27.673292,*,G,5888.43655355589,80.36908335035557,2.1329403021556404e-07
HD 56274, ,7,15,50.7,-,13,2,58,227,-1,7.752,0.384,2.573,0.0,3.756,-0.54,33,5.14,0.38,3.5,0.0,14.3,0.87,0.8,0.94,66.6,0.1,0.4,8,2562,0.377,4,-510,178,2,30.1,1.0,-90,-6,-59,8.023,0.0,6.44,10.57,0.24,1.28,108.96125,-13.049444444444443,-22.50252,-24.130999,-0.5759294,PM*,G,5701.642722807472,32.99497717969208,3.0688714742461266e-06
HD 56303, ,7,16,36.4,+,1,52,43,214,6,7.349,0.381,2.612,0.004,3.769,0.14,41,4.28,0.39,4.8,2.2,7.6,1.13,1.06,1.17,8.2,0.2,0.2,2,797,0.667,3,58,-117,2,24.3,1.0,8,-26,1,8.034,0.005,6.73,8.17,0.1,0.11,109.15166666666664,1.8786111111111112,-33.804337,-22.801315,4.285667,PM*,G,5874.893525297769,40.775399026113696,9.353597990167014e-07
HD 56322, ,7,49,53.4,+,86,21,54,127,28,7.893,0.374,0.0,0.0,3.766,-0.15,47,4.52,0.47,8.1,3.7,11.9,0.98,0.93,1.05,6.1,0.2,0.6,8,2220,0.288,14,-70,-134,1,21.2,0.7,-32,-12,-5,8.025,0.022,7.28,8.39,0.07,0.04,117.47249999999998,86.365,-24.974445,33.1422,22.065165,PM*,G,5834.451042737448,41.498533996974224,1.303102867201668e-06
HD 56513, ,7,18,28.8,+,27,15,10,191,18,8.026,0.408,2.577,0.0,3.744,-0.58,35,5.28,0.5,0.0,0.0,0.0,0.81,0.77,0.89,-33.4,0.2,0.2,3,2499,0.688,1,157,-158,2,28.2,1.3,42,-27,4,8.033,0.011,6.2,8.88,0.18,0.17,109.62,27.252777777777776,-32.675404,-6.351454,10.815595,PM*,G,5546.25712957911,33.28697935345489,3.723734430360274e-06
HD 56560, ,7,12,17.6,-,67,46,57,279,-23,7.332,0.46,0.0,0.0,3.731,-0.02,46,4.0,1.65,10.1,9.1,11.0,1.03,0.99,1.07,21.2,0.2,0.2,2,1121,0.573,1,198,-201,2,21.6,0.5,58,-24,19,7.993,-0.018,6.06,9.38,0.22,0.48,108.07333333333332,-67.7825,6.6239424,-41.821907,-17.97363,PM*,G,5382.697825162882,42.34322281115559,6.352997732962232e-07
HD 56586, ,7,19,54.8,+,46,58,20,171,24,8.274,0.398,0.0,0.0,3.755,-0.21,58,4.46,0.83,12.6,8.4,16.1,0.94,0.87,0.99,24.3,0.2,0.3,3,1736,0.517,2,-43,-144,2,17.3,1.1,-36,-30,-10,8.052,0.024,6.44,8.29,0.13,0.04,109.97833333333332,46.97222222222222,-52.333294,8.288778,23.590725,PM*,G,5688.529308438413,52.98563486100473,1.1994404760661065e-06
HD 56662, ,7,15,29.1,-,48,13,48,259,-16,7.678,0.379,2.612,0.01,3.764,-0.15,39,4.71,0.32,7.5,0.0,12.7,0.97,0.9,1.05,13.9,0.2,0.1,4,1859,0.927,2,-139,162,1,25.5,0.7,-39,-3,-15,8.007,-0.011,7.43,8.85,0.09,0.12,108.87125,-48.23,-7.1532717,-36.800423,-10.749857,PM*,G,5807.644175213118,37.48920416590555,1.6942547049835658e-06
HD 57319, ,7,20,30.3,-,6,36,12,222,3,7.883,0.407,2.625,0.045,3.783,0.39,118,2.34,1.81,1.6,1.4,2.0,1.63,1.53,1.72,9.2,0.5,0.3,2,505,0.663,24,31,-50,2,8.5,1.0,15,-31,3,8.087,0.007,6.45,8.3,0.13,0.16,110.12624999999996,-6.603333333333333,-87.570915,-78.8492,6.175643,PM*,G,6067.363295885053,117.83828535148169,6.411781297230753e-08
HD 57724, ,7,33,5.2,+,78,41,12,136,29,7.416,0.379,0.0,0.0,3.768,-0.2,91,2.62,2.36,3.0,2.6,3.4,1.37,1.34,1.42,23.8,0.3,0.2,2,713,0.613,6,-35,-97,1,11.0,0.7,-49,-12,1,8.057,0.044,6.98,8.88,0.12,0.14,113.27166666666665,78.68666666666667,-57.252533,55.28814,44.117676,PM*,G,5861.3816451402845,79.59039489521138,9.440145766777144e-08
HD 58556, ,7,25,57.2,-,2,14,54,219,7,6.988,0.356,2.616,-0.005,3.777,-0.03,36,4.23,0.39,4.9,1.8,7.6,1.07,1.02,1.15,10.4,0.1,0.3,5,1099,0.423,6,-16,-47,1,28.1,0.9,-5,-11,-5,8.028,0.004,7.61,8.06,0.03,0.04,111.48833333333332,-2.248333333333333,-27.768719,-22.486664,4.3872967,*,G,5984.115950603199,35.73166400756977,8.729285552249458e-07
HD 58781, ,7,27,50.7,+,19,2,41,200,16,7.243,0.439,2.591,0.0,3.74,0.14,29,4.89,0.45,11.9,5.6,0.0,0.94,0.89,1.04,4.4,0.2,0.4,4,1475,0.144,1,118,-70,1,33.9,1.0,4,-15,12,8.027,0.008,7.31,8.19,0.06,0.3,111.96125,19.044722222222223,-26.195425,-9.534355,7.9934835,PM*,G,5495.408738576249,27.87658903446851,2.172594623009279e-06
HD 59058, ,7,29,57.8,+,38,26,17,180,24,7.764,0.434,0.0,0.0,3.74,0.01,37,4.92,0.52,13.6,4.7,0.0,0.9,0.86,0.97,16.5,0.3,0.4,2,340,0.199,2,-49,-67,2,0.0,0.0,-20,-9,-4,8.034,0.015,7.67,8.18,0.03,0.05,112.49083333333331,38.43805555555555,-33.80118,-2.954993e-06,15.049255,PM*,G,5495.408738576249,33.80118000000013,2.2645332425687464e-06
HD 59106, ,7,30,10.3,+,38,10,10,181,24,6.995,0.324,0.0,0.0,3.794,-0.24,65,2.95,1.47,2.7,2.3,4.1,1.34,1.26,1.4,1.5,0.3,0.3,2,635,0.445,9,25,-62,2,15.5,1.0,0,-20,2,8.059,0.026,7.11,8.11,0.07,0.14,112.54291666666664,38.16944444444445,-59.371407,-1.036331,26.437881,PM*,G,6223.002851691595,59.3804509169576,1.489288034927216e-07
HD 59360, ,7,30,23.3,+,19,48,50,199,17,7.065,0.395,2.592,0.005,3.757,-0.28,41,3.98,1.33,10.3,8.8,11.9,1.0,0.97,1.04,59.9,0.2,0.1,2,734,0.912,4,56,-128,1,24.2,1.1,-45,-45,18,8.037,0.012,5.69,8.33,0.19,0.42,112.59708333333332,19.81388888888889,-37.07236,-12.765033,11.987239,PM*,G,5714.786366718672,39.2084932567,6.179860907400366e-07
HD 59468, ,7,27,25.4,-,51,24,9,263,-16,6.718,0.434,2.588,0.0,3.74,0.03,23,4.95,0.47,14.0,6.4,0.0,0.9,0.87,0.96,4.3,0.1,0.1,4,1863,0.891,2,-287,-1,1,44.4,0.5,-12,5,-28,8.003,-0.006,8.0,8.7,0.04,0.34,111.85583333333332,-51.4025,-2.694417,-21.944221,-6.339659,PM*,G,5495.408738576249,22.109018934967015,2.360362468169936e-06
HD 59711, ,7,30,40.0,-,15,59,40,232,1,7.742,0.406,2.584,0.001,3.751,-0.16,36,4.93,0.41,11.5,2.5,0.0,0.89,0.85,0.98,8.4,0.2,0.3,5,1819,0.259,2,48,-108,2,27.4,0.9,10,-20,-1,8.023,0.001,6.99,8.24,0.08,0.09,112.66666666666666,-15.994444444444444,-22.160439,-28.364067,0.6282866,PM*,G,5636.376558259543,35.99451838062582,2.296036038019654e-06
HD 59967, ,7,30,42.5,-,37,20,21,250,-9,6.65,0.4,2.596,0.006,3.753,-0.19,22,4.96,0.36,0.0,0.0,0.0,0.88,0.84,0.98,9.2,0.2,0.4,4,1835,0.145,4,-87,54,2,45.9,0.6,-11,-5,-7,8.007,-0.003,7.99,8.06,0.0,0.01,112.67708333333331,-37.33916666666667,-7.4318027,-20.418715,-3.4415584,PM*,G,5662.3928903825345,21.729142036052696,2.3931983809430355e-06
HD 60234, ,7,35,16.1,+,40,30,23,178,25,7.678,0.411,0.0,0.0,3.754,0.06,109,2.5,2.59,2.7,2.2,3.3,1.51,1.48,1.53,-2.7,0.2,0.3,4,355,0.633,8,-12,1,1,9.2,1.1,0,2,-6,8.098,0.046,8.0,8.7,0.04,0.05,113.81708333333331,40.506388888888885,-98.72736,3.4476311,46.06539,*,G,5675.446054085472,98.78753855001798,7.997950287096875e-08
HD 60272, ,7,36,58.1,+,57,32,58,160,29,7.968,0.475,0.0,0.0,3.716,-0.3,27,5.79,0.36,0.0,0.0,0.0,0.8,0.77,0.86,34.4,0.2,0.3,2,705,0.332,2,71,-188,2,36.6,0.9,-34,-14,22,8.023,0.013,7.19,8.43,0.08,0.51,114.24208333333333,57.54944444444444,-22.19059,8.076715,13.089859,PM*,G,5199.959965335162,23.61473289578616,7.5331861689234226e-06
HD 60513, ,7,34,13.1,-,16,11,15,232,2,6.732,0.393,2.599,0.006,3.758,-0.35,58,2.91,2.43,3.6,3.2,4.2,1.3,1.25,1.34,36.1,0.1,0.2,6,4399,0.743,4,-78,132,2,17.2,0.8,-55,-2,0,8.036,0.002,7.13,9.37,0.14,0.12,113.55458333333333,-16.1875,-35.686615,-45.67678,2.0241706,PM*,G,5727.960309858292,57.964667870407276,1.4092196826255733e-07
HD 60521, ,7,36,14.0,+,32,50,9,187,23,7.998,0.393,2.611,0.01,3.763,0.13,52,4.43,0.4,5.8,2.2,9.3,1.08,1.02,1.13,29.4,0.2,0.2,2,1022,0.475,3,-36,-105,1,19.3,1.2,-31,-25,-4,8.047,0.02,6.71,8.23,0.1,0.05,114.05833333333332,32.83583333333333,-47.509464,-5.833423,20.318018,PM*,G,5794.286964268809,47.86625109055675,1.150743950203592e-06
HD 60683, ,7,34,43.7,-,26,2,20,241,-3,7.976,0.396,2.609,0.01,3.759,0.03,58,4.16,0.84,8.0,5.2,10.7,1.04,0.98,1.1,-22.5,0.2,0.4,4,2165,0.179,1,-44,-143,2,0.0,0.0,37,7,-29,8.028,-0.003,7.32,9.85,0.15,0.38,113.68208333333332,-26.03888888888889,-28.080421,-50.658424,-3.0354855,PM*,G,5741.164622073275,57.92051420439063,7.92462463811988e-07
HD 60696, ,7,36,2.5,+,6,13,34,212,13,8.212,0.38,2.619,0.011,3.767,0.06,63,4.22,0.57,5.9,2.7,8.9,1.07,1.01,1.14,3.2,0.3,0.3,2,703,0.461,2,-29,-104,2,0.0,0.0,6,-24,-20,8.052,0.014,6.82,8.18,0.09,0.2,114.01041666666664,6.226111111111111,-52.057697,-32.529263,14.171916,PM*,G,5847.900841444806,61.38531394614658,8.609515264400525e-07
HD 60737, ,7,38,16.4,+,47,44,55,171,27,7.718,0.386,2.617,0.012,3.761,-0.07,38,4.8,0.23,5.7,0.0,12.2,0.98,0.91,1.05,5.8,0.2,0.3,5,1081,0.696,11,-14,-165,1,26.1,1.0,-13,-27,-5,8.034,0.018,6.74,8.04,0.09,0.04,114.56833333333331,47.74861111111111,-33.4414,5.2965965,17.251638,PM*,G,5767.664633922509,33.85825111318971,1.9185746433369414e-06
HD 60779, ,7,36,1.4,-,3,9,6,221,8,7.167,0.368,2.599,0.001,3.768,-0.39,35,4.42,0.73,8.4,5.5,13.3,0.95,0.88,1.01,129.4,0.1,0.4,13,5270,0.085,4,-277,112,1,28.2,0.9,-126,-57,-13,8.027,0.005,4.4,10.22,0.4,0.09,114.00583333333331,-3.1516666666666664,-26.157766,-22.738602,4.8710585,PM*,G,5861.3816451402845,34.65938174614717,1.1349551513000262e-06
HD 61005, ,7,35,47.4,-,32,12,14,246,-6,8.205,0.456,0.0,0.0,3.728,-0.14,34,5.52,0.28,0.0,0.0,0.0,0.84,0.81,0.91,22.3,0.2,0.2,4,2165,0.865,9,-54,76,2,29.0,0.9,-23,-14,-4,8.014,-0.003,7.35,8.15,0.05,0.05,113.94749999999998,-32.20388888888889,-13.753288,-30.89039,-3.5539677,PM*,G,5345.643593969719,33.81374166168311,5.187745954018055e-06
HD 61127, ,7,38,1.8,+,5,35,11,213,13,8.201,0.39,2.573,0.0,3.757,-0.27,52,4.62,0.68,11.9,6.1,16.9,0.91,0.84,0.98,152.4,0.2,0.2,3,741,0.776,3,-198,-141,2,0.0,0.0,-130,-96,-24,8.042,0.012,3.16,9.83,0.51,0.29,114.50749999999998,5.586388888888888,-42.49313,-27.595354,11.697454,PM*,G,5714.786366718672,50.66724444433717,1.4961622761605684e-06
HD 61690, ,7,47,39.5,+,73,59,30,141,30,8.104,0.338,0.0,0.0,3.785,-0.14,68,3.94,0.6,4.2,2.7,6.4,1.1,1.05,1.17,-23.5,0.2,0.4,4,2428,0.367,6,-8,-12,2,14.7,0.8,12,-15,-14,8.046,0.034,7.16,8.37,0.08,0.1,116.91458333333333,73.99166666666667,-45.765907,37.060513,34.0,*,G,6095.368972401694,58.889726331133666,5.847614042653944e-07
HD 61929,*,7,36,35.8,-,67,36,48,279,-21,7.987,0.421,0.0,0.0,3.743,-0.39,72,3.7,1.99,8.8,7.8,10.0,1.02,0.96,1.05,29.9,0.2,0.3,2,1061,0.316,3,21,-66,2,13.9,0.6,27,-24,-12,7.989,-0.026,6.5,8.52,0.13,0.07,114.14916666666666,-67.61333333333333,10.515183,-66.39022,-25.802492,PM*,G,5533.501092157366,67.21778325095144,4.1973839773752496e-07
HD 62346, ,7,44,13.8,+,20,12,5,200,20,7.367,0.408,2.589,0.029,3.762,-0.24,51,3.73,1.43,8.0,6.9,9.2,1.04,1.0,1.1,-10.1,0.2,0.3,3,642,0.569,1,69,-111,1,19.8,1.1,21,-25,1,8.044,0.018,6.59,8.43,0.12,0.13,116.0575,20.20138888888889,-45.034134,-16.391085,17.443026,PM*,G,5780.960474057181,47.92432464424701,4.375006477474418e-07
HD 62529, ,7,44,1.5,-,11,18,59,229,6,8.041,0.38,2.589,-0.004,3.764,-0.2,65,3.98,1.1,8.6,6.3,11.3,1.01,0.96,1.06,44.8,0.2,0.3,4,1793,0.286,3,52,-83,2,0.0,0.0,-7,-53,6,8.042,0.007,5.42,8.05,0.2,0.21,116.00624999999998,-11.31638888888889,-42.41023,-48.787388,6.79435,PM*,G,5807.644175213118,64.64392343070959,6.179860907400366e-07
HD 62549, ,7,44,19.7,-,5,3,17,224,9,7.724,0.387,2.603,0.012,3.762,-0.15,47,4.37,0.71,9.1,5.8,13.1,0.98,0.94,1.04,83.6,0.2,0.2,4,1461,0.79,4,-30,191,1,21.3,1.1,-86,-26,28,8.034,0.008,5.93,9.66,0.24,0.72,116.08208333333332,-5.054722222222222,-33.392727,-32.246983,7.3524203,PM*,G,5780.960474057181,46.42135423594208,1.0592017761624506e-06
HD 62613, ,7,56,17.2,+,80,15,55,134,29,6.539,0.45,2.567,0.0,3.73,-0.19,17,5.38,0.42,0.0,6.2,0.0,0.83,0.8,0.9,-7.9,0.1,0.3,9,3304,0.484,2,-475,88,1,58.7,0.6,-9,9,-38,8.01,0.008,8.0,9.01,0.06,0.56,119.07166666666666,80.26527777777778,-10.328551,10.69553,8.241763,PM*,G,5370.317963702527,14.86853482157879,4.275419171710767e-06
HD 62850, ,7,42,36.0,-,59,17,50,272,-17,7.177,0.392,2.616,0.015,3.761,0.06,33,4.57,0.36,6.8,1.8,10.8,1.03,0.96,1.1,17.5,0.2,0.5,6,5464,0.093,14,-53,158,2,30.1,0.6,-26,-18,-2,7.999,-0.01,7.1,8.15,0.07,0.07,115.65,-59.29722222222222,1.1013544,-31.538832,-9.648266,PM*,G,5767.664633922509,31.55805610994795,1.3962998789170638e-06
HD 63637, ,7,48,42.8,-,30,15,16,246,-2,7.524,0.411,2.581,0.009,3.748,-0.34,68,3.35,2.2,5.9,4.9,6.9,1.13,1.07,1.21,40.0,0.1,0.3,6,2938,0.282,3,-213,187,2,14.6,0.8,-96,1,-30,8.028,-0.003,6.49,10.89,0.25,0.45,117.17833333333331,-30.254444444444445,-27.641245,-62.083252,-2.3731656,PM*,G,5597.576014951104,67.95858006201667,2.5880859813430504e-07
HD 63678, ,7,49,33.8,-,16,51,37,235,5,8.181,0.41,2.58,0.013,3.747,-0.42,57,4.4,1.23,15.3,11.5,0.0,0.85,0.84,0.89,9.8,0.2,0.2,4,1794,0.657,2,-32,-73,2,0.0,0.0,3,-17,-16,8.033,0.005,7.23,8.16,0.06,0.13,117.39083333333332,-16.860277777777778,-32.569443,-46.513996,4.967877,PM*,G,5584.701947368307,56.78309996132885,1.1040244725384673e-06
HD 63765, ,7,47,49.7,-,54,15,50,267,-14,8.111,0.453,0.0,0.0,3.728,-0.16,33,5.55,0.27,0.0,0.0,0.0,0.83,0.8,0.91,22.1,0.2,0.3,4,1859,0.368,3,147,-282,2,30.7,0.7,48,-24,-5,8.002,-0.008,6.19,9.05,0.19,0.03,116.95708333333332,-54.263888888888886,-1.6757902,-31.975878,-7.9834228,PM*,G,5345.643593969719,32.01976025308903,5.407278027137611e-06
HD 64114, ,7,51,55.8,-,11,1,58,230,8,7.711,0.433,2.579,0.0,3.739,-0.04,32,5.21,0.29,0.0,0.0,0.0,0.88,0.84,0.97,52.7,0.2,0.3,5,2187,0.247,2,-69,-173,2,31.6,0.9,-22,-53,-14,8.02,0.004,5.37,8.05,0.2,0.1,117.9825,-11.03277777777778,-20.369022,-24.274862,4.4535394,PM*,G,5482.769649208536,31.68857810561288,3.3804825648124227e-06
HD 64324, ,7,54,48.4,+,34,37,11,186,27,7.784,0.409,2.597,0.008,3.75,-0.11,35,5.04,0.28,0.0,0.0,0.0,0.9,0.85,1.0,16.8,0.2,0.1,3,916,0.986,3,-121,-173,1,28.3,1.1,-25,-25,-16,8.031,0.016,6.77,8.13,0.09,0.14,118.70166666666664,34.61972222222222,-31.014393,-3.2597432,15.8896675,PM*,G,5623.413251903491,31.185228857399704,2.6728753163232114e-06
HD 64474, ,7,53,42.1,-,12,15,55,231,8,7.83,0.43,2.59,0.0,3.743,0.03,42,4.71,0.65,12.3,6.9,17.5,0.92,0.88,1.0,-9.4,0.1,0.2,6,2576,0.642,2,121,-52,2,0.0,0.0,24,-4,14,8.026,0.006,7.32,8.95,0.1,0.36,118.42541666666664,-12.265277777777778,-26.174227,-32.32248,5.8452706,PM*,G,5533.501092157366,41.591259567340934,1.6942547049835658e-06
HD 65080, ,7,57,3.6,+,1,30,47,219,15,8.223,0.37,2.61,0.005,3.768,-0.21,54,4.57,0.42,7.8,1.9,12.0,0.97,0.92,1.04,-8.6,0.2,0.2,2,654,0.664,1,-41,28,1,18.6,1.2,-2,13,-8,8.04,0.014,8.01,9.29,0.07,0.02,119.265,1.5130555555555556,-40.535927,-32.825348,13.976229,PM*,G,5861.3816451402845,52.1599928016716,1.3962998789170638e-06
HD 65216, ,7,53,41.3,-,63,38,50,276,-18,7.97,0.42,2.585,0.0,3.743,-0.19,36,5.21,0.33,0.0,0.0,0.0,0.86,0.82,0.95,42.3,0.2,0.5,8,3255,0.033,2,-125,145,10,28.1,0.7,-28,-41,-20,7.996,-0.011,5.95,8.08,0.15,0.19,118.42208333333332,-63.64722222222222,3.578846,-34.05048,-11.124612,PM*,G,5533.501092157366,34.23803918045127,3.3804825648124227e-06
HD 65243, ,7,57,12.5,-,14,35,27,234,7,8.009,0.396,2.577,0.0,3.756,-0.15,46,4.7,0.52,10.6,5.2,15.7,0.93,0.87,1.0,62.5,0.2,0.4,5,1967,0.217,3,-257,203,2,21.8,1.0,-92,-12,-17,8.027,0.006,6.21,10.24,0.24,0.17,119.30208333333331,-14.590833333333334,-26.836594,-36.93738,5.60599,PM*,G,5701.642722807472,45.65712232264793,1.6710086589594444e-06
HD 65518, ,8,2,28.5,+,60,24,57,157,32,8.049,0.405,0.0,0.0,3.749,-0.42,66,3.94,1.65,11.1,9.4,13.1,0.93,0.89,1.01,-0.7,0.3,0.1,2,642,0.742,8,-68,-31,2,15.1,0.9,-14,-5,-18,8.052,0.035,7.98,8.16,0.01,0.17,120.61874999999998,60.41583333333333,-51.521736,21.86968,34.97467,PM*,G,5610.479760324706,55.97117279239462,5.847614042653944e-07
HD 65629, ,7,59,53.3,+,9,53,55,212,20,7.986,0.419,2.568,0.0,3.739,-0.54,32,5.48,0.38,0.0,0.0,0.0,0.81,0.77,0.88,-33.6,0.4,0.7,3,1836,0.036,3,124,-151,2,31.6,1.4,44,-6,-5,8.025,0.011,6.85,9.47,0.16,0.04,119.97208333333332,9.89861111111111,-25.500944,-15.934759,10.944644,PM*,G,5482.769649208536,30.07016277440508,4.9088380054169274e-06
HD 66011, ,8,1,50.7,+,8,54,50,213,20,6.22,0.359,2.625,0.006,3.782,0.12,60,2.35,2.02,1.9,1.7,2.1,1.62,1.56,1.68,10.9,0.2,0.3,5,1943,0.739,14,-1,25,1,16.8,1.0,-11,0,6,8.047,0.02,8.04,8.42,0.02,0.2,120.46125,8.91388888888889,-47.285557,-30.707592,20.521208,*,G,6053.408747539136,56.38155821932126,6.500978060115766e-08
HD 66039, ,7,59,58.7,-,41,42,14,257,-6,7.737,0.362,2.614,-0.002,3.775,-0.02,51,4.19,0.47,5.2,2.6,7.8,1.07,1.02,1.14,-6.8,0.2,0.4,5,2514,0.262,4,-2,-69,2,19.5,0.6,15,4,-8,8.011,-0.006,7.65,9.05,0.08,0.02,119.99458333333332,-41.70388888888889,-11.409663,-49.420654,-5.3309517,PM*,G,5956.621435290103,50.720621561267215,8.25997438171197e-07
HD 66221, ,8,2,5.3,-,12,48,16,233,9,8.064,0.451,0.0,0.0,3.736,0.08,43,4.89,0.58,14.8,8.6,0.0,0.9,0.88,0.96,25.5,0.2,0.2,3,1971,0.588,3,-128,-225,2,23.2,1.0,0,-42,-41,8.026,0.007,5.98,8.05,0.15,0.6,120.52208333333331,-12.804444444444446,-25.559452,-33.918526,6.7266827,PM*,G,5445.026528424214,42.47060150919669,2.172594623009279e-06
HD 66261,*,7,58,27.4,-,65,0,22,278,-18,8.245,0.484,0.0,0.0,3.721,0.18,31,5.79,-0.06,0.0,0.0,0.0,0.9,0.84,0.95,68.9,0.3,0.4,2,359,0.247,1,14,163,2,0.0,0.0,-11,-72,-9,7.996,-0.009,4.55,8.0,0.28,0.03,119.61416666666666,-65.00611111111111,4.1032114,-29.195827,-9.579527,PM*,G,5260.172663907063,29.48275187303619,7.5331861689234226e-06
HD 66428, ,8,3,28.6,-,1,9,45,222,15,8.26,0.441,2.604,0.0,3.741,0.19,55,4.56,0.73,11.5,8.1,14.8,0.97,0.94,1.05,44.3,0.4,0.6,3,853,0.029,1,-67,-209,2,18.2,1.2,-13,-65,-28,8.039,0.015,4.87,8.04,0.25,0.32,120.86916666666666,-1.1625,-39.480255,-35.548176,14.235047,PM*,G,5508.076964054036,53.125919773609574,1.377141926365241e-06
HD 66653, ,8,2,26.9,-,46,20,10,261,-8,7.517,0.405,2.603,0.009,3.755,0.06,36,4.72,0.35,7.9,1.8,12.6,1.0,0.92,1.07,22.6,0.2,0.3,5,3283,0.272,4,-121,232,1,27.6,0.6,-48,-15,0,8.005,-0.005,6.85,8.71,0.12,0.1,120.61208333333332,-46.33611111111112,-5.5768356,-35.210743,-5.010232,PM*,G,5688.529308438413,35.649649618495225,1.7178241357207713e-06
HD 67163, ,8,5,37.7,-,30,21,44,248,1,8.05,0.392,2.593,0.001,3.761,0.02,73,3.73,1.23,6.8,5.0,8.7,1.1,1.03,1.17,65.3,0.2,0.2,2,480,0.404,3,2,-38,2,0.0,0.0,-14,-65,-5,8.027,0.001,4.86,8.03,0.25,0.03,121.40708333333332,-30.362222222222226,-27.34213,-67.67411,1.2740257,*,G,5767.664633922509,72.98888434021306,4.375006477474418e-07
HD 67228, ,8,7,45.8,+,21,34,54,201,26,5.297,0.408,2.619,0.034,3.756,0.04,23,3.46,1.6,5.5,5.0,6.0,1.18,1.16,1.22,-36.2,0.1,0.2,5,965,0.785,3,23,-67,1,42.9,1.0,33,4,-16,8.02,0.01,7.32,9.57,0.13,0.14,121.94083333333332,21.581666666666667,-19.299221,-7.4082756,10.082537,PM*,G,5701.642722807472,20.672263508682263,3.0128582572338447e-07
HD 67458, ,8,7,0.5,-,29,24,10,247,2,6.794,0.379,2.59,-0.004,3.763,-0.21,26,4.75,0.36,8.2,0.2,13.9,0.95,0.88,1.03,-16.0,0.1,0.2,5,3256,0.773,4,339,-356,3,39.1,0.8,60,-8,11,8.01,0.001,6.51,9.94,0.21,0.31,121.75208333333332,-29.40277777777777,-10.1528225,-23.918545,0.9073869,PM*,G,5794.286964268809,25.984160552796993,1.7905180372942511e-06
HD 67661, ,8,10,31.4,+,37,20,54,184,31,8.261,0.353,2.636,0.018,3.78,-0.14,75,3.88,0.77,5.5,3.1,7.8,1.09,1.04,1.16,6.8,0.6,0.8,2,2460,0.088,10,28,-19,2,13.3,1.1,-1,-9,11,8.064,0.039,7.74,8.2,0.03,0.28,122.6308333333333,37.348333333333336,-64.13094,-4.484468,38.627857,*,G,6025.595860743575,64.28754092766827,5.382433841338653e-07
HD 67827, ,8,11,21.6,+,38,43,52,182,32,6.58,0.368,2.608,-0.006,3.774,0.06,45,3.29,1.32,4.5,2.7,5.0,1.34,1.21,1.39,25.7,0.2,0.2,4,1805,0.908,5,-104,-77,1,22.0,0.8,-35,-13,-8,8.039,0.024,7.2,8.45,0.08,0.03,122.84,38.73111111111111,-38.138916,-1.331836,23.846367,PM*,G,5942.921586155727,38.16216320894234,2.3822026331875928e-07
HD 68168, ,8,11,49.1,+,16,31,25,206,25,7.346,0.414,2.591,0.0,3.752,0.09,34,4.7,0.41,8.7,3.5,13.1,1.01,0.92,1.07,9.1,0.2,0.1,2,702,0.847,2,-43,-256,2,29.5,1.0,0,-39,-16,8.028,0.014,6.07,8.06,0.14,0.14,122.9545833333333,16.52361111111111,-27.69586,-13.508169,14.369021,PM*,G,5649.369748123023,30.814465610686177,1.6710086589594444e-06
HD 68785, ,8,12,15.9,-,40,30,10,257,-4,8.206,0.387,2.591,0.004,3.757,-0.3,42,5.09,0.23,4.3,0.0,14.6,0.91,0.83,0.98,-3.4,0.2,0.3,4,2194,0.455,4,-145,126,1,23.8,0.8,-35,13,-10,8.009,-0.003,7.77,9.51,0.1,0.05,123.06624999999995,-40.50277777777778,-9.424934,-40.823856,-2.9297717,PM*,G,5714.786366718672,41.89769205592465,2.8640375019334002e-06
HD 68988, ,8,18,22.1,+,61,27,38,155,34,8.201,0.405,2.606,0.004,3.761,0.36,59,4.35,0.29,3.7,1.5,6.1,1.12,1.08,1.16,-69.7,0.2,0.2,2,729,0.521,5,127,31,2,17.0,1.0,75,-22,-10,8.044,0.033,5.9,10.02,0.26,0.06,124.59208333333332,61.46055555555556,-44.33043,20.671623,32.992382,PM*,G,5767.664633922509,48.91321929130232,1.0303355871816525e-06
HD 69611, ,8,17,29.3,-,3,59,22,227,17,7.745,0.383,2.588,0.011,3.757,-0.64,49,4.3,1.25,13.8,10.6,17.0,0.84,0.82,0.91,112.9,0.2,0.4,6,2566,0.259,4,-146,-439,2,20.5,1.2,-43,-144,-40,8.032,0.014,1.87,8.15,0.63,0.56,124.37208333333332,-3.989444444444445,-31.957716,-34.270454,14.326213,PM*,G,5714.786366718672,46.85893329241258,9.615651180014716e-07
HD 69655, ,8,15,25.2,-,52,3,37,267,-9,6.632,0.37,2.619,0.014,3.767,-0.27,27,4.47,0.6,8.5,5.6,13.0,0.96,0.9,1.02,11.4,0.1,0.2,5,1148,0.612,2,-6,-56,1,36.9,0.5,5,-11,-6,8.001,-0.004,7.45,8.24,0.05,0.01,123.85499999999998,-52.06027777777778,-1.3956782,-26.631039,-4.223731,PM*,G,5847.900841444806,26.667586239805736,1.2161263551968444e-06
HD 69809, ,8,19,13.3,+,14,12,2,210,26,7.862,0.413,2.601,0.0,3.755,0.15,51,4.35,0.65,8.2,4.9,11.2,1.08,1.01,1.12,17.3,0.3,0.0,1,0,0.0,3,35,26,2,19.8,1.1,-11,-3,17,8.04,0.022,8.03,8.2,0.01,0.39,124.80541666666666,14.200555555555557,-39.697304,-22.919247,22.356928,*,G,5688.529308438413,45.83849722575365,1.0303355871816525e-06
HD 69830, ,8,18,23.9,-,12,37,55,235,13,5.958,0.457,2.576,0.0,3.73,0.05,13,5.46,0.16,0.0,0.0,0.0,0.92,0.83,0.96,29.8,0.1,0.2,11,3303,0.731,1,280,-990,1,79.5,0.8,28,-62,-9,8.007,0.003,4.88,8.26,0.26,0.03,124.59958333333331,-12.631944444444445,-7.265383,-10.376045,2.9243636,PM*,G,5370.317963702527,12.666810963250143,4.775058541740164e-06
HD 69960, ,8,22,16.1,+,56,50,11,161,35,8.025,0.46,0.0,0.0,3.735,0.23,61,4.09,1.31,9.5,8.2,10.8,1.06,1.02,1.18,31.6,0.3,0.0,1,0,0.0,3,-28,-15,2,16.3,1.0,-30,5,12,8.048,0.035,7.8,9.07,0.07,0.31,125.56708333333331,56.83638888888889,-47.245937,16.268078,34.988163,*,G,5432.503314924331,49.9682791861202,7.194136940441091e-07
HD 69965, ,8,19,15.0,-,5,37,10,228,17,7.431,0.371,2.584,-0.017,3.767,-0.18,34,4.77,0.22,4.5,0.0,11.4,0.97,0.9,1.05,31.1,0.2,0.5,6,1307,0.039,4,-1,42,2,29.3,0.9,-24,-17,12,8.022,0.01,7.22,8.15,0.06,0.31,124.81249999999996,-5.619444444444445,-21.75636,-24.162876,9.940638,*,G,5847.900841444806,32.51436262701417,1.8406817244279151e-06
HD 70110, ,8,20,12.9,-,0,54,33,224,19,6.173,0.381,2.617,0.013,3.769,0.08,41,3.12,1.6,4.0,2.6,4.4,1.41,1.34,1.45,8.8,0.1,0.3,5,1821,0.462,4,38,-87,1,24.5,1.1,6,-19,2,8.028,0.013,7.06,8.18,0.07,0.13,125.05375,-0.9091666666666668,-27.886114,-26.92931,13.348293,PM*,G,5874.893525297769,38.76626227916609,1.8835567096263446e-07
HD 70642, ,8,21,28.1,-,39,42,19,258,-2,7.169,0.434,2.61,0.0,3.743,0.14,29,4.88,0.4,10.2,4.2,16.0,0.97,0.89,1.05,48.8,0.1,0.3,4,1859,0.487,3,-202,225,2,34.8,0.6,-51,-38,-6,8.006,-0.001,5.88,8.45,0.18,0.02,125.3670833333333,-39.70527777777778,-6.0257726,-28.348999,-1.0120853,PM*,G,5533.501092157366,28.982333924805154,2.142785507266722e-06
HD 70957, ,8,24,48.5,-,0,8,24,224,21,8.125,0.336,2.62,-0.005,3.785,-0.28,93,3.29,1.37,4.9,3.1,6.2,1.14,1.06,1.22,-16.2,0.3,0.3,2,503,0.37,7,-50,-113,1,10.8,1.4,23,-24,-46,8.062,0.033,6.72,8.53,0.12,0.75,126.20208333333332,-0.1399999999999999,-62.45522,-60.31231,33.32822,PM*,G,6095.368972401694,86.8229764681245,2.3822026331875928e-07
HD 71148, ,8,27,36.7,+,45,39,10,175,35,6.325,0.399,2.583,-0.007,3.756,-0.06,22,4.63,0.51,9.5,5.2,14.1,0.96,0.9,1.02,-32.6,0.1,0.2,18,4723,0.988,3,-21,-352,2,45.9,0.8,20,-38,-23,8.018,0.013,5.99,8.27,0.16,0.24,126.90291666666664,45.65277777777778,-17.952768,1.5706661,12.618682,PM*,G,5701.642722807472,18.021344868225377,1.5169759667089017e-06
HD 71187, ,8,27,18.7,+,35,49,2,186,34,8.154,0.377,2.613,0.017,3.769,-0.18,110,2.95,1.99,4.2,3.2,5.3,1.24,1.14,1.36,8.6,0.2,0.3,3,814,0.571,6,-68,-31,2,9.1,1.1,-27,-12,-26,8.09,0.062,7.46,8.35,0.06,0.31,126.82791666666664,35.81722222222223,-90.694565,-9.53238,61.51122,PM*,G,5874.893525297769,91.19413571608443,1.489288034927216e-07
HD 71244, ,8,28,51.7,+,53,51,43,164,36,7.128,0.345,0.0,0.0,3.78,-0.17,42,4.0,0.68,5.3,3.4,7.8,1.07,1.02,1.13,-12.4,0.4,0.0,1,0,0.0,4,81,-62,2,23.7,0.8,16,-17,6,8.033,0.025,7.04,8.42,0.09,0.21,127.21541666666664,53.86194444444445,-32.662437,9.365803,24.686981,PM*,G,6025.595860743575,33.97871475812141,6.352997732962232e-07
HD 71334, ,8,25,49.5,-,29,55,50,250,5,7.813,0.413,2.599,0.0,3.749,-0.1,39,4.86,0.47,12.3,5.0,0.0,0.9,0.86,0.98,16.9,0.2,0.2,4,1042,0.683,4,141,-292,3,25.7,0.9,48,-38,-8,8.013,0.003,5.67,8.84,0.22,0.01,126.45624999999995,-29.93055555555556,-13.288024,-36.508556,3.3990738,PM*,G,5610.479760324706,38.85159254174418,2.0843886533432196e-06
HD 71479, ,8,27,35.1,-,5,8,55,229,19,7.176,0.383,2.626,0.019,3.77,0.25,42,4.07,0.47,4.2,2.1,7.4,1.19,1.15,1.21,59.8,0.1,0.3,5,4088,0.367,4,-125,-81,2,23.9,1.0,-43,-51,-9,8.026,0.013,5.4,8.25,0.21,0.03,126.89624999999998,-5.148611111111111,-26.053272,-29.970861,13.6738615,PM*,G,5888.43655355589,39.71178025457062,6.998076736285392e-07
HD 71848, ,8,29,55.7,+,10,28,14,215,27,8.018,0.381,2.61,0.018,3.764,-0.24,66,3.92,1.19,8.7,6.5,11.3,1.01,0.96,1.06,61.8,0.2,0.3,2,361,0.345,4,-116,64,2,0.0,0.0,-73,-10,6,8.049,0.03,6.6,9.68,0.19,0.22,127.4820833333333,10.470555555555556,-48.17141,-33.72998,29.963373,PM*,G,5807.644175213118,58.80643070437535,5.68825032571083e-07
HD 72659, ,8,34,3.1,-,1,34,5,227,22,7.468,0.382,2.594,-0.012,3.765,-0.1,51,3.92,1.04,8.2,6.5,9.6,1.05,1.0,1.11,-18.4,0.2,0.2,4,2951,0.804,4,-114,-98,2,19.5,1.0,7,-2,-40,8.033,0.019,7.73,8.64,0.06,0.6,128.51291666666663,-1.5680555555555555,-32.249233,-34.583065,19.104935,PM*,G,5821.032177708716,47.28637662035984,5.68825032571083e-07
HD 72769, ,8,33,45.7,-,23,21,19,246,10,7.225,0.452,0.0,0.0,3.738,0.28,31,4.76,0.54,9.6,4.9,0.0,1.01,0.93,1.05,19.6,0.2,0.1,2,393,0.923,3,-345,165,2,32.2,0.8,-55,-1,-23,8.013,0.005,7.16,9.38,0.13,0.27,128.44041666666666,-23.35527777777778,-12.417279,-27.889664,5.3830934,PM*,G,5470.159628939716,30.529038238974003,1.8154266243795335e-06
HD 73226, ,8,38,8.5,+,26,2,56,198,34,7.558,0.397,2.608,0.011,3.761,0.09,43,4.37,0.54,7.0,3.7,10.3,1.07,1.0,1.13,25.4,0.2,0.2,2,336,0.457,4,-127,-183,1,23.0,0.9,-30,-40,-15,8.034,0.024,5.98,8.14,0.15,0.12,129.53541666666666,26.04888888888889,-33.90385,-11.016027,24.045294,PM*,G,5767.664633922509,35.64861702348674,1.0592017761624506e-06
HD 73393, ,8,40,42.1,+,55,40,3,162,37,8.007,0.423,2.59,0.0,3.744,-0.09,42,4.89,0.54,14.5,7.4,0.0,0.89,0.86,0.95,34.9,0.2,0.1,2,672,0.964,1,-265,-370,1,23.8,1.0,-77,-58,-15,8.032,0.025,4.84,8.83,0.29,0.12,130.17541666666665,55.6675,-31.900997,10.365264,25.27623,PM*,G,5546.25712957911,33.542693800345035,2.172594623009279e-06
HD 73524, ,8,37,19.9,-,40,8,51,260,1,6.534,0.382,2.62,0.018,3.766,-0.02,27,4.34,0.53,7.0,3.8,10.0,1.03,0.98,1.09,-2.1,0.1,0.3,4,3698,0.402,4,-305,31,2,36.4,0.6,-26,7,-29,8.005,0.0,7.85,9.01,0.07,0.37,129.33291666666665,-40.1475,-4.6877856,-26.58576,0.47121495,PM*,G,5834.451042737448,26.995887994455146,1.0161988529530514e-06
HD 73744, ,8,32,15.5,-,76,55,43,290,-21,7.591,0.386,2.599,0.014,3.757,-0.39,36,4.79,0.61,12.2,5.3,0.0,0.86,0.82,0.95,47.9,0.2,0.3,4,3061,0.326,3,-187,148,2,27.5,0.6,-24,-50,-30,7.988,-0.013,5.52,8.03,0.19,0.36,128.06458333333333,-76.92861111111111,11.494916,-31.58203,-12.901246,PM*,G,5714.786366718672,33.608893358275814,1.8922508123754359e-06
HD 73933, ,8,42,56.2,+,48,11,33,171,38,7.88,0.358,0.0,0.0,3.779,0.1,58,4.04,0.42,3.8,2.0,5.7,1.17,1.1,1.22,0.1,0.4,0.0,1,0,0.0,7,-51,-104,2,17.1,1.0,-13,-27,-11,8.045,0.036,6.74,8.05,0.09,0.06,130.73416666666665,48.1925,-45.141926,7.1497774,35.708366,PM*,G,6011.737374832779,45.70462558493425,6.713959240189154e-07
HD 74156, ,8,42,25.1,+,4,34,41,222,27,7.615,0.375,2.626,0.022,3.781,0.09,65,3.47,0.95,3.2,2.7,3.7,1.29,1.21,1.35,3.7,0.3,0.6,4,1733,0.077,3,23,-202,1,15.5,1.1,29,-52,-19,8.043,0.029,5.31,8.35,0.22,0.18,130.6045833333333,4.578055555555555,-43.03955,-38.75298,29.509382,PM*,G,6039.4862937638,57.9154238789884,3.054771290620165e-07
HD 74698, ,8,40,17.5,-,71,52,37,286,-18,7.772,0.418,2.596,0.021,3.76,0.1,50,4.18,0.74,7.4,4.6,10.3,1.1,1.02,1.14,38.2,0.1,0.2,5,2156,0.694,2,106,61,2,19.9,0.6,13,-43,17,7.987,-0.015,5.82,8.13,0.17,0.39,130.07291666666666,-71.87694444444443,13.107328,-45.710712,-15.4508505,PM*,G,5754.399373371566,47.55282577141476,8.146643284521832e-07
HD 74885, ,8,44,42.2,-,48,40,17,267,-4,8.19,0.462,0.0,0.0,3.724,-0.21,31,5.72,0.21,0.0,0.0,0.0,0.82,0.78,0.89,1.6,0.2,0.1,4,2197,0.971,3,-82,-117,2,32.1,0.8,6,-1,-20,8.001,-0.002,7.74,8.57,0.05,0.2,131.1758333333333,-48.671388888888885,-1.6184678,-30.882105,-2.1624506,PM*,G,5296.634438916581,30.924486208353756,6.8387810618030375e-06
HD 74935, ,8,45,32.5,-,39,45,8,260,2,8.242,0.379,2.619,0.019,3.766,-0.14,68,4.08,0.9,9.0,5.8,11.0,1.02,0.98,1.07,12.1,0.2,0.3,2,484,0.265,3,-101,33,2,14.7,0.8,-30,-8,-18,8.011,0.002,7.48,8.46,0.06,0.17,131.38541666666666,-39.75222222222222,-11.80088,-66.92614,2.3731656,PM*,G,5834.451042737448,67.95858285804671,7.095429681178739e-07
HD 74957, ,8,44,24.0,-,57,46,8,275,-9,8.104,0.381,2.604,0.01,3.762,-0.26,51,4.55,0.63,10.3,6.2,14.8,0.94,0.87,1.0,-11.9,0.2,0.4,4,2166,0.228,4,61,75,2,19.5,0.7,-6,8,24,7.996,-0.008,7.97,8.98,0.06,0.58,131.09999999999997,-57.76888888888889,4.390218,-50.180424,-7.9781585,PM*,G,5780.960474057181,50.372105047409924,1.3582468307766884e-06
HD 75302, ,8,49,12.5,+,3,29,5,224,28,7.456,0.429,2.592,0.0,3.742,-0.03,30,5.08,0.35,12.1,0.1,0.0,0.88,0.85,0.97,9.8,0.2,0.2,3,2234,0.628,2,-148,60,2,33.5,1.0,-23,2,-8,8.019,0.014,7.86,8.66,0.05,0.02,132.30208333333331,3.4847222222222225,-19.054178,-18.400408,14.084147,PM*,G,5520.774392807573,26.48842603519786,2.8247414342353697e-06
HD 75519, ,8,49,5.6,-,39,57,15,261,2,7.846,0.424,2.567,0.0,3.742,-0.21,36,5.06,0.51,0.0,7.8,0.0,0.86,0.83,0.91,21.9,0.2,0.1,4,2164,0.951,9,-119,131,2,27.7,0.7,-34,-16,0,8.006,0.002,7.07,8.35,0.08,0.1,132.2733333333333,-39.95416666666667,-5.6282115,-35.53512,1.2563819,PM*,G,5520.774392807573,35.97806996078489,2.747759388040215e-06
HD 75576, ,8,53,59.3,+,62,35,1,153,38,8.273,0.361,2.617,0.001,3.777,-0.01,85,3.61,0.99,3.7,2.9,6.5,1.15,1.09,1.25,-12.2,0.2,0.2,2,1158,0.636,4,-113,-50,2,11.7,0.9,-27,-21,-39,8.06,0.052,7.05,8.23,0.08,0.56,133.49708333333334,62.58361111111111,-59.68043,30.408707,52.331226,PM*,G,5984.115950603199,66.98091658373114,3.706625424759005e-07
HD 75782, ,8,53,11.5,+,37,4,13,186,39,7.083,0.388,2.606,0.004,3.768,0.18,72,2.8,1.86,2.5,2.2,2.8,1.49,1.45,1.52,8.9,0.3,0.4,2,730,0.195,4,-100,-145,2,13.9,0.9,-27,-48,-25,8.055,0.046,5.64,8.12,0.18,0.28,133.29791666666665,37.07027777777778,-55.647987,-5.8488374,45.311066,PM*,G,5861.3816451402845,55.954511489993436,1.2105387621469116e-07
HD 75898, ,8,53,50.8,+,33,3,24,191,39,8.04,0.389,2.613,0.014,3.765,0.08,81,3.51,1.31,5.4,3.6,6.6,1.18,1.12,1.27,21.3,0.2,0.3,2,420,0.435,4,-96,-29,2,12.4,1.1,-39,-12,-16,8.062,0.051,7.19,8.61,0.09,0.15,133.46166666666664,33.056666666666665,-61.79228,-12.0112,50.974953,PM*,G,5821.032177708716,62.94882678047622,3.2283357865705907e-07
HD 75933, ,8,54,30.1,+,40,7,59,182,40,7.62,0.398,0.0,0.0,3.755,-0.34,75,3.26,2.14,5.5,4.5,6.7,1.16,1.07,1.24,-36.0,0.2,0.2,3,1002,0.594,1,39,-160,1,13.4,0.9,36,-56,-16,8.057,0.048,5.08,8.46,0.25,0.14,133.62541666666664,40.13305555555556,-57.41833,-2.005086,48.20907,PM*,G,5688.529308438413,57.45332879700093,2.285486710679099e-07
HD 76025, ,8,54,18.7,+,22,12,40,204,36,7.829,0.396,2.608,0.017,3.76,-0.04,61,3.92,1.11,8.2,6.6,9.8,1.05,1.01,1.11,28.9,0.2,0.2,2,645,0.521,2,-117,-212,1,16.5,1.1,-29,-65,-24,8.044,0.036,4.84,8.11,0.25,0.26,133.57791666666668,22.211111111111112,-45.083504,-20.072462,35.8549,PM*,G,5754.399373371566,49.35003610595903,5.68825032571083e-07
HD 76151, ,8,54,17.9,-,5,26,4,233,24,6.009,0.418,2.605,0.0,3.748,0.01,17,4.84,0.42,10.6,4.2,16.8,0.92,0.88,1.01,31.8,0.1,0.4,14,4911,0.3,3,-412,28,2,58.5,0.9,-40,-20,-11,8.009,0.007,6.81,8.44,0.11,0.06,133.57458333333332,-5.434444444444445,-9.346354,-12.403026,6.914523,PM*,G,5597.576014951104,15.530273244537328,2.0275832758118263e-06
HD 76218, ,8,55,55.6,+,36,11,46,187,40,7.71,0.473,0.0,0.0,3.72,-0.13,26,5.62,0.33,0.0,0.0,0.0,0.83,0.8,0.89,-13.2,0.2,0.1,2,648,0.683,3,-25,-13,2,38.2,1.0,8,0,-11,8.02,0.017,7.73,8.67,0.06,0.06,133.98166666666663,36.19611111111111,-19.768696,-2.4272883,16.712477,*,G,5248.074602497728,19.917155169143328,5.9563293045116295e-06
HD 76349, ,8,56,39.4,+,33,15,27,191,40,7.321,0.343,2.606,-0.002,3.778,-0.53,49,3.88,1.15,8.5,5.4,10.1,1.0,0.96,1.06,33.7,0.2,0.1,3,409,0.975,6,-1,-34,2,20.5,1.1,-25,-13,20,8.037,0.031,7.45,8.26,0.05,0.46,134.16416666666666,33.2575,-36.84653,-7.162239,31.496592,*,G,5997.910762555094,37.53617509195657,5.382433841338653e-07
HD 76539, ,9,3,29.9,+,76,23,51,137,34,7.861,0.428,0.0,0.0,3.745,-0.1,53,4.23,1.19,12.3,10.5,14.1,0.95,0.93,0.99,14.6,0.3,0.0,1,0,0.0,2,-55,-193,2,18.8,0.8,-39,-31,16,8.032,0.03,6.35,8.32,0.13,0.37,135.87458333333333,76.39750000000001,-32.134945,29.966318,29.637224,PM*,G,5559.042572704037,43.93899071018984,8.729285552249458e-07
HD 76700, ,8,53,55.5,-,66,48,3,282,-14,8.149,0.456,0.0,0.0,3.737,0.14,60,4.28,1.13,11.5,10.0,13.1,1.02,0.98,1.04,37.7,0.2,0.4,3,1071,0.156,2,-282,122,2,16.8,0.7,-70,-42,-49,7.988,-0.014,5.57,8.84,0.23,0.86,133.48125,-66.80083333333333,12.104136,-56.945545,-14.515314,PM*,G,5457.57861091271,58.21773959587852,9.353597990167014e-07
HD 76752, ,8,58,49.8,+,25,24,17,201,38,7.482,0.412,2.583,-0.006,3.751,-0.01,40,4.47,0.74,11.0,7.3,14.7,0.97,0.91,1.02,-13.6,0.2,0.2,2,667,0.498,2,-57,-138,2,25.0,1.2,8,-21,-22,8.029,0.025,6.97,8.2,0.08,0.23,134.70749999999998,25.404722222222222,-29.426859,-11.295911,24.626461,PM*,G,5636.376558259543,31.52043203900927,1.2161263551968444e-06
HD 76765, ,8,59,7.6,+,31,54,57,193,40,7.961,0.412,2.601,0.039,3.766,-0.31,61,3.85,1.28,8.7,7.3,10.2,1.01,0.98,1.05,32.2,0.2,0.2,3,615,0.804,2,-50,-141,1,16.3,1.0,-29,-45,4,8.046,0.039,5.76,8.14,0.17,0.17,134.78166666666664,31.91583333333333,-45.531055,-10.511672,39.21004,PM*,G,5834.451042737448,46.728708709406995,5.163910426473034e-07
HD 76780, ,8,58,55.7,+,21,9,58,206,37,7.644,0.416,2.613,0.0,3.752,0.15,34,5.01,0.06,0.0,0.0,9.7,1.01,0.95,1.05,30.8,0.2,0.1,3,701,0.908,1,-77,-46,1,29.7,1.1,-28,-17,7,8.024,0.02,7.13,8.24,0.07,0.22,134.73208333333332,21.16611111111111,-24.405504,-11.903357,20.46171,PM*,G,5649.369748123023,27.1536099508604,2.564358266443843e-06
HD 77006, ,9,1,37.0,+,49,44,12,169,41,7.947,0.393,0.0,0.0,3.757,-0.15,43,4.77,0.42,9.7,3.0,15.4,0.93,0.87,1.01,3.8,0.2,0.2,3,2196,0.747,1,-85,-129,2,23.2,1.0,-17,-25,-9,8.032,0.028,6.84,8.06,0.08,0.04,135.40416666666667,49.736666666666665,-31.85627,6.192232,28.210539,PM*,G,5714.786366718672,32.452514162306805,1.8406817244279151e-06
HD 77278, ,9,1,47.5,+,6,29,51,223,32,8.029,0.486,0.0,0.0,3.718,0.07,31,5.57,0.29,0.0,0.0,0.0,0.86,0.83,0.94,-1.5,0.2,0.4,5,1499,0.315,2,132,-104,2,32.2,1.1,20,-12,8,8.019,0.016,7.12,8.6,0.09,0.23,135.44791666666666,6.4975000000000005,-19.22692,-17.929388,16.427498,PM*,G,5223.9618899911975,26.289492325660152,5.558769940398637e-06
HD 77407, ,9,3,27.0,+,37,50,27,185,42,7.056,0.388,2.606,0.003,3.761,-0.04,30,4.66,0.35,7.8,1.4,12.2,0.98,0.92,1.06,4.6,0.2,0.3,2,420,0.402,9,-80,-168,2,33.2,0.9,-10,-24,-7,8.022,0.02,6.91,8.02,0.07,0.02,135.8625,37.840833333333336,-22.209507,-1.9430816,20.07392,PM*,G,5767.664633922509,22.29434384069887,1.5811704900714475e-06
HD 77425, ,8,55,50.1,-,76,14,55,290,-19,8.197,0.396,2.574,0.0,3.755,-0.26,59,4.35,0.99,13.4,10.2,15.9,0.94,0.88,0.98,24.9,0.2,0.4,5,3283,0.338,3,-149,-59,2,17.0,0.7,-7,-13,-49,7.981,-0.02,7.66,7.99,0.02,0.78,133.95874999999998,-76.24861111111112,19.079792,-52.42131,-19.20852,PM*,G,5688.529308438413,55.78559137339465,1.0303355871816525e-06
HD 77902, ,9,3,51.2,-,41,33,19,264,4,7.835,0.416,2.591,0.01,3.748,-0.28,122,2.4,3.1,2.3,1.9,2.8,1.36,1.33,1.41,17.9,0.1,0.1,5,3252,0.935,4,-20,-8,1,8.2,0.7,-7,-18,-10,8.013,0.007,7.23,8.02,0.05,0.05,135.96333333333334,-41.555277777777775,-12.721393,-121.036125,8.510289,*,G,5597.576014951104,121.70282410394621,6.965923494340181e-08
HD 78135, ,9,4,29.8,-,52,30,47,272,-4,7.441,0.364,2.613,0.005,3.773,-0.17,58,3.62,1.22,6.3,4.6,8.1,1.09,1.03,1.16,16.1,0.1,0.3,6,1710,0.631,6,56,-148,2,0.0,0.0,41,-14,-17,7.998,-0.004,6.65,9.1,0.16,0.15,136.12416666666664,-52.51305555555555,2.0192292,-57.82347,-4.045875,PM*,G,5929.2532458,57.85871558722188,3.758189720824222e-07
HD 78143, ,9,6,29.8,-,2,35,58,232,28,7.338,0.401,2.59,-0.008,3.758,-0.03,78,2.87,2.2,3.5,2.9,4.1,1.31,1.26,1.38,6.7,0.2,0.3,5,1101,0.263,3,31,42,2,12.8,1.1,-4,6,19,8.042,0.037,8.01,8.91,0.05,0.46,136.62416666666664,-2.5994444444444444,-42.400555,-54.27023,36.618782,PM*,G,5727.960309858292,68.86991308663693,1.333456032228426e-07
HD 78317, ,9,7,33.1,+,0,3,47,230,30,8.162,0.388,2.611,0.009,3.762,-0.02,49,4.73,0.24,5.8,0.0,11.4,1.0,0.93,1.07,-10.3,0.2,0.1,2,368,0.8,2,-94,26,1,20.6,1.1,-12,12,-18,8.027,0.024,8.02,9.16,0.07,0.18,136.88791666666663,0.0630555555555555,-27.276846,-32.50729,24.5,PM*,G,5780.960474057181,42.435247505485535,1.7417214499005635e-06
HD 78366, ,9,8,51.0,+,33,52,55,191,42,5.946,0.378,2.604,-0.004,3.766,-0.01,19,4.53,0.33,6.5,1.1,10.4,1.02,0.96,1.09,26.0,0.1,0.3,22,5576,0.65,4,-192,-117,2,52.2,0.9,-30,-14,4,8.014,0.013,7.24,8.31,0.07,0.16,137.21249999999998,33.88194444444444,-13.860332,-2.6941748,12.713482,PM*,G,5834.451042737448,14.119751449766353,1.321230833841885e-06
HD 78429, ,9,6,38.8,-,43,29,31,266,3,7.303,0.42,2.589,0.0,3.747,-0.02,38,4.43,0.88,13.4,9.1,15.6,0.95,0.91,1.01,64.5,0.1,0.2,5,3252,0.709,3,50,181,1,26.6,0.7,-23,-61,32,8.003,0.002,5.09,8.04,0.22,0.75,136.66166666666663,-43.49194444444444,-2.6471157,-37.85548,1.9887664,PM*,G,5584.701947368307,37.947919410154576,1.150743950203592e-06
HD 78538, ,9,8,46.9,-,5,6,57,235,27,8.164,0.407,2.595,0.009,3.751,-0.12,43,4.99,0.32,0.0,0.0,0.0,0.9,0.85,1.0,4.7,0.2,0.2,5,1800,0.852,5,-53,71,1,23.2,1.1,-18,7,1,8.022,0.02,7.98,8.86,0.05,0.13,137.19541666666663,-5.115833333333333,-21.975592,-31.384405,19.521591,PM*,G,5636.376558259543,38.31328126060843,2.4944723844527592e-06
HD 78557, ,9,8,40.1,-,9,23,2,239,25,8.082,0.417,2.585,0.009,3.747,-0.23,80,3.57,1.92,7.7,5.9,9.4,1.05,1.01,1.15,28.4,0.1,0.3,5,1800,0.587,2,-83,46,1,12.5,1.1,-45,-10,-2,8.037,0.034,7.11,8.78,0.11,0.09,137.1670833333333,-9.383888888888889,-37.34266,-62.148582,33.809464,PM*,G,5584.701947368307,72.50462399382762,3.5073467201702433e-07
HD 78558, ,9,8,25.2,-,15,8,41,244,21,7.296,0.394,2.584,0.007,3.754,-0.4,37,4.48,0.99,13.7,10.1,0.0,0.86,0.84,0.92,66.5,0.2,0.4,5,2096,0.208,3,-532,-199,2,27.3,0.9,-69,-74,-63,8.015,0.013,4.42,8.59,0.32,1.29,137.10499999999996,-15.14472222222222,-15.142417,-31.046572,13.259614,PM*,G,5675.446054085472,34.54247277704758,1.2330443580285334e-06
HD 78670, ,9,9,5.8,-,16,45,31,245,21,7.972,0.368,2.605,-0.008,3.771,-0.29,103,2.91,2.09,4.0,3.2,5.0,1.2,1.13,1.36,69.3,0.2,0.5,5,702,0.043,5,-112,-12,2,9.7,1.0,-61,-61,-18,8.04,0.036,4.84,8.51,0.27,0.18,137.27416666666667,-16.75861111111111,-40.63845,-87.14946,36.9119,PM*,G,5902.010801718442,96.15878533287587,1.4092196826255733e-07
HD 78747, ,9,7,56.5,-,50,28,56,271,-2,7.716,0.38,2.584,0.008,3.757,-0.7,40,4.72,0.87,13.5,7.0,0.0,0.82,0.79,0.89,-1.1,0.2,0.4,4,399,0.137,2,-65,-132,1,25.2,0.7,10,2,-26,7.999,-0.001,7.71,8.81,0.07,0.29,136.98541666666665,-50.48222222222223,0.6976674,-39.969543,-1.3959799,PM*,G,5714.786366718672,39.97563142002728,1.7178241357207713e-06
HD 78752, ,9,9,1.7,-,28,57,24,255,13,7.85,0.374,2.605,-0.001,3.772,-0.02,83,3.25,1.48,4.6,3.0,5.4,1.22,1.16,1.33,71.4,0.2,0.1,2,354,0.695,8,-90,58,2,12.0,0.9,-59,-58,5,8.021,0.018,4.97,8.47,0.26,0.2,137.25708333333333,-28.956666666666667,-20.931395,-78.11705,18.670937,PM*,G,5915.616341754737,80.87271973507832,2.254128657425552e-07
HD 79601, ,9,13,44.6,-,42,18,37,266,4,8.016,0.382,2.592,0.018,3.757,-0.75,53,4.38,1.24,14.1,10.3,0.0,0.83,0.8,0.88,39.2,0.1,0.2,8,3253,0.945,3,-159,-56,1,18.7,0.8,-21,-41,-36,8.004,0.004,6.02,8.03,0.14,0.48,138.4358333333333,-42.31027777777778,-3.6880906,-52.742104,3.697093,PM*,G,5714.786366718672,52.87089508056984,1.0739367406436191e-06
HD 80327, ,9,19,49.5,+,24,24,59,204,43,7.911,0.334,2.625,0.001,3.788,-0.24,100,2.91,1.65,2.9,2.3,4.6,1.32,1.16,1.41,-33.8,0.3,0.2,2,1080,0.685,7,59,-73,2,10.0,1.0,50,-22,-10,8.067,0.068,6.26,9.24,0.19,0.08,139.95624999999998,24.41638888888889,-66.812485,-29.746826,68.19983,PM*,G,6137.620051647939,73.13536633496479,1.4092196826255733e-07
HD 80355, ,9,21,3.0,+,51,18,21,167,44,7.818,0.445,2.577,0.0,3.73,-0.27,30,5.44,0.42,0.0,4.3,0.0,0.82,0.8,0.88,-7.2,0.1,0.4,15,6933,0.12,3,-37,141,2,33.5,1.0,3,18,-11,8.021,0.021,7.96,9.71,0.1,0.07,140.26249999999996,51.30583333333333,-21.027096,4.8544884,20.839752,PM*,G,5370.317963702527,21.580195175645436,4.6449249398502366e-06
HD 80536, ,9,21,10.6,+,25,9,47,203,43,7.264,0.394,2.615,0.02,3.772,0.17,51,3.64,0.93,3.6,3.0,5.9,1.27,1.21,1.31,-38.5,0.2,0.2,3,1143,0.601,2,57,-144,1,19.6,1.0,43,-22,-23,8.034,0.035,6.37,9.02,0.17,0.26,140.29416666666663,25.163055555555555,-34.333946,-14.573894,34.781914,PM*,G,5915.616341754737,37.29903798027708,3.863480284458676e-07
HD 80699, ,9,21,47.1,+,18,44,46,211,41,7.691,0.373,2.622,0.02,3.78,-0.02,67,3.49,1.05,3.5,2.8,5.8,1.2,1.12,1.29,43.2,0.3,0.1,2,1086,0.954,1,-65,-109,1,15.0,1.1,-32,-49,5,8.043,0.044,5.55,8.15,0.19,0.19,140.44624999999996,18.746111111111112,-43.343136,-26.043175,43.955956,PM*,G,6025.595860743575,50.56554560563073,3.140354673806367e-07
HD 80870, ,9,23,10.4,+,32,55,15,192,45,7.7,0.383,2.593,0.004,3.761,-0.29,45,4.42,0.81,11.8,7.1,15.3,0.94,0.87,1.0,-14.3,0.2,0.2,2,670,0.54,3,159,-22,2,22.1,1.0,35,-1,13,8.031,0.032,7.18,9.41,0.13,0.36,140.7933333333333,32.920833333333334,-31.124464,-6.6157126,31.819805,PM*,G,5767.664633922509,31.81980377835625,1.1349551513000262e-06
HD 81040, ,9,23,47.0,+,20,21,52,209,42,7.735,0.407,2.596,0.005,3.75,-0.13,33,5.17,0.17,0.0,0.0,15.0,0.92,0.84,0.99,48.9,0.2,0.3,2,338,0.45,2,-152,36,1,30.7,1.2,-50,-13,18,8.021,0.022,6.92,8.85,0.12,0.43,140.9458333333333,20.364444444444445,-21.448978,-11.889365,22.08131,PM*,G,5623.413251903491,24.52377738741952,3.1987382261746624e-06
HD 81563, ,9,26,49.4,+,14,55,40,217,41,8.281,0.319,2.645,0.002,3.796,-0.07,75,3.92,0.3,3.0,0.0,4.5,1.17,1.11,1.23,10.5,0.3,0.2,2,1467,0.614,10,23,-94,1,13.4,1.1,11,-34,3,8.045,0.049,6.3,8.18,0.13,0.16,141.70583333333332,14.927777777777775,-45.205345,-34.064667,49.204426,PM*,G,6251.726927756856,56.60322212021074,5.68825032571083e-07
HD 81659, ,9,26,42.8,-,14,29,26,246,25,7.925,0.431,2.592,0.0,3.744,0.13,40,4.92,0.34,9.4,1.9,15.8,0.98,0.9,1.05,-17.0,0.1,0.2,5,2607,0.699,2,37,-130,2,25.1,1.0,26,0,-17,8.014,0.017,7.37,9.16,0.11,0.15,141.6783333333333,-14.490555555555554,-14.745144,-33.118134,16.904732,PM*,G,5546.25712957911,36.25231125352826,2.2645332425687464e-06
HD 81856, ,9,28,26.8,+,12,40,29,219,41,7.71,0.393,2.609,0.008,3.766,0.21,88,2.99,1.69,3.4,2.5,5.7,1.46,1.41,1.5,16.8,0.2,0.1,2,368,0.77,3,-111,-127,2,11.4,1.0,-24,-56,-38,8.052,0.057,5.3,8.09,0.21,0.54,142.11166666666665,12.674722222222222,-51.61372,-41.795963,57.733192,PM*,G,5834.451042737448,66.41444583323548,1.5739056715734894e-07
HD 82128, ,9,30,23.7,+,12,56,22,219,41,8.158,0.387,2.599,-0.003,3.761,-0.04,57,4.38,0.63,8.3,4.3,11.7,1.01,0.95,1.07,18.2,0.2,0.3,3,785,0.6,5,-91,-52,2,0.0,0.0,-23,-22,-9,8.033,0.037,6.94,8.13,0.08,0.05,142.59875,12.939444444444444,-33.431614,-27.072386,37.395363,PM*,G,5767.664633922509,43.01844834926049,1.0739367406436191e-06
HD 82246, ,9,32,14.4,+,43,44,18,177,47,7.67,0.345,0.0,0.0,3.783,-0.11,56,3.92,0.64,4.2,2.8,6.7,1.11,1.05,1.18,6.7,0.4,0.0,1,0,0.0,6,-60,-131,1,17.8,1.1,-16,-36,-4,8.038,0.041,6.29,8.05,0.12,0.07,143.05999999999997,43.73833333333334,-38.139565,1.9988136,40.955807,PM*,G,6067.363295885053,38.19190587279941,5.68825032571083e-07
HD 82939, ,9,36,4.2,+,37,33,10,186,48,8.252,0.452,2.578,0.0,3.733,0.07,38,5.35,0.19,0.0,0.0,0.0,0.9,0.85,0.98,-0.6,0.3,0.5,3,2198,0.123,2,-99,-91,2,26.3,1.1,-11,-17,-12,8.025,0.028,7.28,8.03,0.05,0.08,144.01749999999998,37.55277777777778,-25.28767,-2.6578405,28.239506,PM*,G,5407.5432294558095,25.426961480922966,4.101839853334638e-06
HD 83147, ,9,36,33.7,+,7,7,21,227,40,8.149,0.362,2.627,0.012,3.773,-0.13,57,4.38,0.43,6.3,2.2,9.5,1.02,0.97,1.09,-25.8,0.2,0.6,7,1463,0.053,4,-67,-51,2,17.6,1.0,6,2,-34,8.03,0.036,7.83,8.79,0.06,0.46,144.14041666666665,7.1225,-29.77914,-31.934217,36.638893,PM*,G,5929.2532458,43.6645324553314,1.0739367406436191e-06
HD 83273, ,9,37,49.8,+,24,40,13,205,47,6.616,0.358,2.631,0.016,3.78,-0.05,69,2.42,2.15,2.1,1.9,2.3,1.54,1.47,1.6,31.8,0.6,0.0,1,0,0.0,17,-100,-17,1,14.5,0.9,-43,-17,1,8.043,0.05,6.92,8.59,0.11,0.13,144.45749999999998,24.67027777777778,-42.648926,-19.887522,50.463406,PM*,G,6025.595860743575,47.057883720519776,7.161082883683798e-08
HD 84209, ,9,43,43.7,+,7,57,10,227,42,7.973,0.438,2.588,0.0,3.737,-0.23,71,3.7,1.99,8.4,6.8,10.1,1.04,0.98,1.09,-34.1,0.3,0.4,2,372,0.212,1,50,-67,2,14.0,1.0,40,1,-20,8.036,0.048,7.14,9.66,0.15,0.22,145.9320833333333,7.952777777777778,-35.984474,-38.588623,47.508274,PM*,G,5457.57861091271,52.76328452714828,4.1973839773752496e-07
HD 84737, ,9,48,35.3,+,46,1,15,173,49,5.1,0.39,2.607,0.006,3.764,0.1,18,3.77,1.06,6.6,5.3,7.6,1.13,1.1,1.23,4.8,0.1,0.2,17,5220,0.895,2,222,-94,1,54.3,0.7,12,-6,17,8.012,0.014,7.52,8.58,0.07,0.41,147.1470833333333,46.020833333333336,-11.72104,1.439162,13.584773,PM*,G,5807.644175213118,11.809062873227663,4.623583448318132e-07
HD 85301, ,9,52,16.7,+,49,11,26,168,49,7.746,0.436,0.0,0.0,3.739,0.01,32,5.2,0.26,0.0,0.0,0.0,0.89,0.85,0.98,15.1,0.2,0.3,2,671,0.359,6,-214,-69,2,31.0,1.0,-35,-12,-7,8.021,0.024,7.22,8.46,0.08,0.03,148.06958333333333,49.19055555555556,-20.535122,4.3648734,24.150707,PM*,G,5482.769649208536,20.993888523875505,3.3341006052084653e-06
HD 85380, ,9,51,21.6,-,6,10,54,244,35,6.43,0.36,2.623,0.004,3.778,0.04,44,3.19,1.34,2.9,2.6,4.6,1.35,1.3,1.4,34.9,0.1,0.1,5,5566,0.966,6,-126,54,2,22.5,0.9,-39,-21,9,8.016,0.026,6.8,8.42,0.11,0.26,147.83999999999995,-6.181666666666667,-15.800069,-32.39496,25.237364,PM*,G,5997.910762555094,36.04269154497706,2.074811757403894e-07
HD 85404, ,9,51,1.5,-,21,4,6,256,25,7.789,0.36,2.639,0.022,3.792,0.27,98,2.74,1.29,2.3,1.6,2.8,1.51,1.44,1.58,-19.6,0.5,0.7,2,849,0.027,7,-60,-59,2,10.2,0.9,0,1,-44,8.021,0.041,7.92,8.67,0.05,0.68,147.75624999999997,-21.06833333333333,-21.48706,-86.179886,41.41659,PM*,G,6194.410750767812,88.81816536281639,1.1142398852087356e-07
HD 85426, ,9,52,38.5,+,35,6,41,190,51,8.243,0.418,2.6,0.021,3.756,-0.04,61,4.23,0.89,10.2,7.2,12.5,1.01,0.96,1.06,-54.0,0.2,0.3,2,367,0.404,4,263,-152,2,16.4,1.0,99,-29,5,8.038,0.048,5.35,10.69,0.33,0.23,148.16041666666666,35.11138888888889,-37.805332,-6.666103,47.405907,PM*,G,5701.642722807472,38.38854069689069,8.729285552249458e-07
HD 85689, ,9,53,48.4,+,14,44,20,220,47,7.724,0.361,2.62,0.009,3.772,-0.24,45,4.45,0.48,7.6,3.3,10.8,0.98,0.93,1.05,8.3,0.4,0.7,3,1880,0.055,3,4,49,1,22.1,1.0,-8,6,9,8.024,0.033,8.02,8.76,0.04,0.27,148.45166666666665,14.738888888888887,-23.509848,-19.727102,32.910915,*,G,5915.616341754737,30.689925159594445,1.182983535779732e-06
HD 86165, ,9,58,15.7,+,51,34,8,164,49,7.926,0.386,2.612,0.017,3.76,-0.21,53,4.32,0.86,11.3,7.2,14.1,0.97,0.92,1.02,6.4,0.2,0.1,2,362,0.706,2,-162,-56,1,19.0,1.1,-36,-18,-17,8.033,0.04,6.98,8.39,0.09,0.15,149.56541666666664,51.56888888888889,-33.424156,9.584222,39.999607,PM*,G,5754.399373371566,34.77113049151006,9.885046130154186e-07
HD 86226, ,9,56,29.8,-,24,5,57,259,24,7.925,0.381,2.602,-0.008,3.765,0.06,43,4.78,0.05,0.0,0.0,7.8,1.03,0.97,1.09,19.4,0.1,0.2,5,2600,0.889,4,-176,45,2,23.5,0.9,-36,-18,-8,8.007,0.017,6.93,8.38,0.09,0.02,149.12416666666667,-24.099166666666665,-7.4954395,-38.560722,17.489676,PM*,G,5821.032177708716,39.282450209469424,1.8662881579148912e-06
HD 86460, ,9,59,15.8,+,27,31,22,202,52,7.777,0.377,2.591,-0.003,3.764,-0.22,41,4.71,0.39,8.4,1.3,13.7,0.95,0.88,1.03,3.0,0.3,0.4,2,352,0.295,4,-331,-79,1,24.4,0.9,-48,-24,-38,8.023,0.032,6.55,8.6,0.13,0.56,149.8158333333333,27.522777777777776,-23.404085,-9.455866,32.30844,PM*,G,5807.644175213118,25.242119492966136,1.6942547049835658e-06
HD 86652,*,9,59,7.9,-,33,31,1,266,17,8.216,0.399,0.0,0.0,3.759,0.02,53,4.59,0.42,7.9,2.8,11.9,1.0,0.94,1.07,14.0,0.2,0.2,2,684,0.446,2,-162,14,2,18.8,1.0,-35,-18,-18,8.003,0.015,6.97,8.35,0.09,0.16,149.78291666666664,-33.51694444444444,-3.5355508,-50.560684,15.4957,PM*,G,5741.164622073275,50.68414827149842,1.4354190325987634e-06
HD 86776, ,10,1,32.8,+,36,30,39,187,53,8.111,0.36,2.609,-0.005,3.775,-0.09,81,3.58,1.14,5.7,3.5,7.1,1.13,1.08,1.2,-6.2,0.2,0.3,4,1168,0.731,7,-27,-46,2,12.4,1.0,-1,-18,-11,8.048,0.064,7.22,8.1,0.06,0.08,150.38666666666666,36.51083333333333,-48.38366,-5.9407606,64.689476,PM*,G,5956.621435290103,48.74701212897168,3.5561387733068084e-07
HD 86794, ,10,1,0.6,+,8,56,56,229,46,8.064,0.364,2.604,-0.007,3.771,-0.16,52,4.47,0.41,6.9,2.1,10.4,1.0,0.95,1.07,0.0,0.3,0.6,4,1524,0.112,4,-78,-87,1,19.1,0.9,-6,-21,-19,8.024,0.038,7.09,8.03,0.06,0.18,150.2525,8.94888888888889,-23.69832,-27.2618,37.40567,PM*,G,5902.010801718442,36.122238442023495,1.2161263551968444e-06
HD 86819, ,10,0,5.9,-,36,2,35,268,15,7.378,0.364,2.608,-0.009,3.774,0.03,45,4.12,0.52,4.8,2.8,7.5,1.1,1.04,1.17,2.6,0.1,0.2,6,2570,0.678,4,-218,59,2,22.3,0.7,-44,-6,-18,8.001,0.012,7.22,8.87,0.1,0.17,150.0245833333333,-36.043055555555554,-1.5169762,-43.440186,11.646857,PM*,G,5942.921586155727,43.46666511829453,7.49857432246398e-07
HD 87320, ,10,3,37.3,-,29,2,35,264,21,8.11,0.423,2.577,0.0,3.743,-0.18,51,4.57,0.96,16.3,12.4,0.0,0.89,0.86,0.93,86.2,0.1,0.2,6,3338,0.758,2,-235,33,3,19.6,1.1,-58,-86,3,8.005,0.018,3.86,8.32,0.37,0.15,150.90541666666667,-29.04305555555556,-4.976866,-47.351776,18.276766,PM*,G,5533.501092157366,47.612602171443356,1.3962998789170638e-06
HD 87359, ,10,4,26.7,-,7,13,6,247,37,7.506,0.428,2.579,0.0,3.744,0.0,32,4.99,0.37,11.7,2.4,0.0,0.9,0.86,0.99,-1.1,0.2,0.4,5,4026,0.301,2,138,-210,2,31.4,0.9,34,-17,-5,8.01,0.019,6.68,8.83,0.14,0.04,151.11124999999996,-7.218333333333334,-9.985659,-23.52473,19.25808,PM*,G,5546.25712957911,25.556335950937513,2.4944723844527592e-06
HD 87978, ,10,8,26.5,-,11,6,54,251,35,8.147,0.426,2.586,0.0,3.743,-0.06,39,5.18,0.25,0.0,0.0,0.0,0.89,0.84,0.98,28.6,0.1,0.2,5,1780,0.891,5,-181,35,2,25.5,1.1,-38,-24,1,8.01,0.022,6.68,8.34,0.11,0.12,152.11041666666665,-11.115,-10.400904,-30.206415,22.369482,PM*,G,5533.501092157366,31.946929604727917,3.2432371075096336e-06
HD 88072, ,10,9,23.4,+,2,22,15,238,44,7.544,0.406,2.592,0.004,3.753,-0.02,37,4.7,0.48,9.8,4.8,14.7,0.95,0.89,1.02,-18.4,0.2,0.3,4,761,0.388,2,-203,-8,1,27.0,1.0,-21,4,-34,8.014,0.026,7.92,8.8,0.05,0.46,152.3475,2.3708333333333336,-14.104108,-22.571283,25.70236,PM*,G,5662.3928903825345,26.6155721099839,1.6710086589594444e-06
HD 88261, ,10,9,49.5,-,36,45,14,270,16,8.08,0.384,2.585,0.007,3.757,-0.54,45,4.79,0.71,12.3,5.1,0.0,0.84,0.81,0.92,110.5,0.2,0.4,6,5463,0.267,3,-323,369,2,22.0,0.9,-105,-98,53,8.0,0.012,3.32,9.16,0.47,1.43,152.45624999999998,-36.75388888888889,5.1583186e-07,-43.256775,12.403681,PM*,G,5714.786366718672,43.256775,1.8922508123754359e-06
HD 88402, ,10,12,56.0,+,51,28,33,163,52,7.577,0.39,2.598,0.005,3.764,0.03,61,3.66,1.22,6.3,5.3,7.4,1.13,1.09,1.19,34.9,0.2,0.1,2,1072,0.822,4,22,-34,1,16.5,0.8,-15,-2,33,8.036,0.047,7.97,8.45,0.03,0.78,153.23333333333332,51.47583333333333,-35.91436,10.980127,48.068657,*,G,5807.644175213118,37.55535172443109,3.9717206999138233e-07
HD 88446, ,10,12,19.0,+,17,17,57,219,52,7.886,0.362,2.589,-0.013,3.77,-0.34,69,3.68,1.38,7.6,6.2,9.0,1.04,0.99,1.11,61.2,0.4,0.7,3,3636,0.031,5,-155,-230,1,14.4,1.1,-43,-101,2,8.033,0.055,3.33,8.16,0.42,0.14,153.07916666666662,17.299166666666668,-33.01366,-26.733934,54.37274,PM*,G,5888.43655355589,42.48064234109409,4.082993611117695e-07
HD 88725, ,10,14,8.3,+,3,9,4,239,45,7.75,0.396,2.578,0.0,3.749,-0.64,36,4.96,0.76,15.7,6.3,0.0,0.81,0.79,0.87,-22.1,0.3,0.6,4,2164,0.09,3,231,-401,1,27.7,1.0,72,-33,-22,8.013,0.026,5.55,9.59,0.27,0.25,153.5345833333333,3.151111111111111,-13.110734,-21.819914,25.455843,PM*,G,5610.479760324706,25.455843984950725,2.3931983809430355e-06
HD 88742, ,10,13,24.7,-,33,1,54,269,19,6.379,0.383,2.611,0.016,3.762,-0.23,23,4.6,0.55,9.6,5.5,14.5,0.95,0.88,1.01,43.6,0.1,0.2,6,2870,0.571,3,-370,65,1,44.0,0.7,-37,-46,-3,8.001,0.007,5.62,8.18,0.19,0.06,153.35291666666663,-33.031666666666666,-0.3795338,-21.743616,7.488067,PM*,G,5780.960474057181,21.74692812010005,1.4553877004550159e-06
HD 88775, ,10,15,33.0,+,47,22,9,169,54,7.741,0.422,0.0,0.0,3.747,-0.23,76,3.33,2.16,5.4,4.2,6.8,1.18,1.09,1.24,-27.2,0.2,0.1,2,437,0.853,3,17,-107,1,13.1,1.0,24,-40,-11,8.045,0.061,5.89,8.35,0.17,0.08,153.8875,47.369166666666665,-43.850933,8.523759,61.48529,PM*,G,5584.701947368307,44.67167774396401,2.517553453247534e-07
HD 88986, ,10,16,28.0,+,28,40,56,201,56,6.49,0.396,2.589,-0.004,3.761,0.09,32,3.96,0.95,7.7,5.7,9.1,1.09,1.05,1.18,28.5,0.1,0.3,6,684,0.318,1,-62,-91,1,31.2,0.8,-19,-21,17,8.017,0.027,7.09,8.06,0.06,0.4,154.11666666666665,28.682222222222222,-16.70565,-6.412697,26.529203,PM*,G,5767.664633922509,17.89417292685831,6.011442541001502e-07
HD 89251, ,10,18,59.7,+,51,24,19,162,52,6.824,0.399,2.588,0.004,3.755,-0.25,51,3.29,2.04,5.3,4.6,6.0,1.2,1.16,1.24,-26.0,0.2,0.2,2,749,0.611,3,24,-2,1,19.6,0.8,20,-4,-17,8.03,0.04,7.39,8.84,0.09,0.16,154.74875,51.405277777777776,-29.861973,9.7027445,40.18855,*,G,5688.529308438413,31.398736953658013,2.3822026331875928e-07
HD 89307, ,10,18,21.2,+,12,37,15,227,51,7.03,0.373,2.606,0.004,3.766,-0.23,31,4.58,0.48,8.8,3.9,13.0,0.96,0.9,1.03,22.6,0.2,0.3,4,1722,0.594,3,-272,-39,1,32.4,1.0,-40,-23,-6,8.013,0.024,6.68,8.39,0.11,0.03,154.5883333333333,12.620833333333334,-13.30506,-14.26793,24.091526,PM*,G,5834.451042737448,19.508932520476357,1.4157243451367577e-06
HD 89418, ,10,19,0.2,-,11,11,6,254,37,7.823,0.355,2.613,-0.003,3.776,-0.14,47,4.49,0.25,4.7,0.0,9.0,1.03,0.96,1.1,-13.7,0.2,0.4,5,1103,0.229,4,2,-130,2,21.5,1.0,19,-7,-25,8.01,0.028,7.32,8.71,0.09,0.28,154.7508333333333,-11.185,-10.346282,-36.081795,28.285305,PM*,G,5970.352865838366,37.53586926721624,1.2501977137235027e-06
HD 89454, ,10,19,16.2,-,11,22,42,254,37,8.043,0.429,2.593,0.0,3.744,0.02,41,5.0,0.35,0.0,0.0,0.0,0.91,0.86,1.0,18.0,0.1,0.2,5,2167,0.618,3,-62,-64,2,24.6,1.0,-7,-24,-3,8.009,0.024,6.91,8.01,0.07,0.07,154.81749999999997,-11.378333333333334,-9.02548,-31.475609,24.674414,PM*,G,5546.25712957911,32.74405673021107,2.5291739520023757e-06
HD 89652, ,10,21,41.8,+,48,2,31,167,54,7.597,0.391,0.0,0.0,3.757,-0.28,47,4.22,1.09,12.1,10.0,14.4,0.95,0.9,1.0,60.6,0.2,0.1,2,362,0.799,2,-219,7,1,21.1,0.9,-75,0,22,8.027,0.038,6.83,10.13,0.19,0.58,155.42416666666665,48.04194444444444,-26.917856,6.214478,38.0238,PM*,G,5714.786366718672,27.625906472896414,8.609515264400525e-07
HD 89717, ,10,24,42.8,+,74,46,26,135,39,8.077,0.453,0.0,0.0,3.735,-0.11,105,2.97,2.67,3.3,2.7,4.0,1.27,1.24,1.33,0.7,0.3,0.0,1,0,0.0,4,-27,-2,2,9.5,0.8,-11,-3,-6,8.058,0.066,8.05,8.19,0.01,0.07,156.1783333333333,74.77388888888889,-57.70014,57.70014,66.07864,*,G,5432.503314924331,81.60032053882631,1.5310123725099315e-07
HD 89813, ,10,22,9.4,+,11,18,36,230,52,7.781,0.474,2.554,0.0,3.719,-0.19,27,5.64,0.38,0.0,0.0,0.0,0.82,0.79,0.88,-14.3,0.2,0.1,3,3249,0.983,2,22,-324,1,37.3,1.3,25,-28,-22,8.011,0.021,6.39,8.44,0.14,0.24,155.53916666666666,11.31,-10.684967,-12.733851,21.27629,PM*,G,5236.0043658575005,16.622860195564723,6.123203602046278e-06
HD 89881, ,10,28,26.4,+,81,11,14,129,34,7.684,0.411,0.0,0.0,3.754,0.02,60,3.81,1.31,7.7,6.7,8.8,1.1,1.06,1.14,-49.0,0.2,0.3,2,362,0.315,1,35,11,2,16.8,0.7,34,-27,-24,8.031,0.033,6.32,8.69,0.16,0.28,157.11,81.18722222222223,-31.303812,38.656998,33.551575,*,G,5675.446054085472,49.74225708694116,4.886283943493073e-07
HD 90081, ,10,23,34.6,-,12,29,11,256,37,8.125,0.378,2.603,0.015,3.762,-0.44,55,4.43,0.89,12.1,7.0,15.7,0.9,0.84,0.97,-7.5,0.1,0.2,6,2557,0.903,3,-173,45,1,18.2,1.0,-42,4,-22,8.011,0.033,7.53,9.21,0.1,0.24,155.89416666666665,-12.486388888888888,-10.62641,-42.620193,33.099823,PM*,G,5780.960474057181,43.92495237157747,1.150743950203592e-06
HD 90156, ,10,23,55.2,-,29,38,43,268,23,6.925,0.424,2.578,0.0,3.74,-0.29,22,5.21,0.47,0.0,5.3,0.0,0.84,0.81,0.89,26.4,0.2,0.3,4,1028,0.264,2,-39,98,1,45.3,0.8,-10,-21,16,8.001,0.009,7.08,8.0,0.06,0.37,155.97999999999996,-29.64527777777778,-0.7067588,-20.23877,8.596085,PM*,G,5495.408738576249,20.25110661456004,3.3804825648124227e-06
HD 90164, ,10,25,1.6,+,30,22,16,198,58,7.916,0.363,2.599,-0.004,3.77,-0.33,54,4.25,0.8,7.6,5.3,12.4,0.98,0.94,1.04,-25.8,0.3,0.1,2,700,0.846,2,98,-124,2,18.5,1.0,42,-21,-10,8.027,0.046,6.41,8.99,0.17,0.06,156.25666666666663,30.371111111111112,-27.215092,-8.842719,45.794598,PM*,G,5888.43655355589,28.615641035654345,8.973847818712385e-07
HD 90323, ,10,25,15.6,-,19,48,11,262,31,8.27,0.378,2.63,0.026,3.785,0.25,80,3.64,0.55,3.2,1.6,5.3,1.28,1.24,1.33,9.8,0.2,0.1,3,2167,0.981,4,-73,-31,2,12.5,1.0,-18,-20,-17,8.01,0.041,7.1,8.05,0.06,0.15,156.31499999999997,-19.80305555555556,-9.543581,-67.90604,41.203045,PM*,G,6095.368972401694,68.57339284872202,3.863480284458676e-07
HD 90422, ,10,25,29.4,-,45,10,57,278,10,8.256,0.348,2.612,0.012,3.776,-0.71,89,3.5,1.7,7.2,5.9,8.6,1.02,0.97,1.07,32.7,0.2,0.1,3,446,0.866,5,-52,-32,2,11.2,0.9,-6,-38,-17,7.988,0.016,6.15,7.99,0.13,0.14,156.37249999999997,-45.1825,12.198244,-86.79491,15.454688,PM*,G,5970.352865838366,87.64789534604716,3.1840413590236713e-07
HD 90520, ,10,26,10.6,-,45,33,45,278,10,7.535,0.399,2.618,0.024,3.776,0.4,65,3.37,0.9,2.5,2.0,3.1,1.35,1.32,1.38,19.2,0.3,0.4,2,675,0.151,4,-84,80,1,15.4,0.7,-32,-22,10,7.991,0.011,6.83,8.23,0.09,0.27,156.54416666666663,-45.5625,8.908831,-63.389538,11.287131,PM*,G,5970.352865838366,64.01250500988073,2.6605945697733073e-07
HD 90712, ,10,27,47.7,-,34,23,58,272,20,7.516,0.377,2.617,0.004,3.767,0.04,39,4.56,0.24,4.8,0.0,9.3,1.04,0.98,1.11,19.6,0.2,0.3,4,1427,0.447,11,-122,-38,2,25.6,0.9,-14,-25,-10,7.999,0.013,6.82,8.01,0.08,0.05,156.94874999999996,-34.39944444444444,1.2789903,-36.625687,13.338785,PM*,G,5847.900841444806,36.64801173883057,1.377141926365241e-06
HD 90905, ,10,29,42.2,+,1,29,28,244,47,6.879,0.359,2.612,-0.005,3.775,-0.06,32,4.38,0.32,5.1,0.4,8.4,1.05,0.99,1.12,16.3,0.2,0.2,3,1087,0.774,10,-150,-124,1,31.7,1.0,-15,-29,-8,8.009,0.023,6.61,8.02,0.1,0.02,157.4258333333333,1.4911111111111113,-9.566984,-19.615234,23.403318,PM*,G,5956.621435290103,21.823945283358185,1.0739367406436191e-06
HD 91148, ,10,31,45.6,+,24,4,55,211,58,7.927,0.435,2.596,0.0,3.74,0.04,37,5.07,0.35,11.9,0.8,0.0,0.89,0.86,0.99,-23.3,0.2,0.2,2,344,0.636,2,33,-38,2,26.8,1.0,18,1,-18,8.017,0.032,7.56,8.99,0.09,0.17,157.94,24.08194444444445,-16.806492,-10.098356,31.377779,PM*,G,5495.408738576249,19.60701321590823,2.7859845287988294e-06
HD 91163, ,10,32,1.4,+,29,43,57,200,59,7.864,0.392,2.615,0.021,3.774,0.12,94,2.9,1.66,2.6,2.3,3.0,1.45,1.39,1.5,-21.8,0.2,0.2,2,369,0.513,4,85,-10,2,10.6,1.0,44,8,0,8.045,0.081,7.22,10.1,0.17,0.16,158.0058333333333,29.7325,-45.49388,-16.55842,80.57372,PM*,G,5942.921586155727,48.41357650856627,1.3898844637213257e-07
HD 91204, ,10,32,5.5,+,17,59,23,221,57,7.824,0.404,2.608,0.013,3.759,0.17,52,4.25,0.64,7.2,4.1,9.9,1.1,1.06,1.14,-7.2,0.3,0.2,2,944,0.612,4,16,-16,1,19.3,1.0,8,0,-5,8.021,0.043,7.74,8.67,0.06,0.06,158.02291666666665,17.989722222222223,-21.374302,-18.5804,43.61087,*,G,5741.164622073275,28.321229672230054,8.973847818712385e-07
HD 91332, ,10,33,9.7,+,30,45,16,198,60,8.26,0.413,2.615,0.0,3.753,0.08,59,4.4,0.7,9.4,5.9,12.5,1.01,0.96,1.09,-44.1,0.2,0.3,2,669,0.426,4,9,-102,2,16.9,1.0,31,-20,-37,8.028,0.051,6.66,8.76,0.14,0.55,158.29041666666666,30.754444444444445,-28.056166,-9.116,51.0955,PM*,G,5662.3928903825345,29.49999841728057,1.1040244725384673e-06
HD 91369, ,10,32,41.1,-,16,57,31,262,35,7.621,0.39,2.616,0.024,3.776,0.08,75,3.15,1.4,2.9,2.5,4.3,1.38,1.31,1.44,15.6,0.2,0.1,2,1105,0.893,6,-21,-88,1,13.4,0.9,8,-31,-14,8.009,0.042,6.41,8.13,0.12,0.11,158.17125,-16.95861111111111,-8.550304,-60.83851,43.018234,PM*,G,5970.352865838366,61.436406124646616,1.963263987694239e-07
HD 92114, ,10,37,57.2,-,11,30,34,259,40,7.604,0.393,2.61,0.026,3.775,-0.04,120,2.09,2.59,2.0,1.6,2.4,1.56,1.5,1.68,22.5,0.3,0.5,2,375,0.162,12,-23,-1,2,8.3,0.9,-15,-20,8,8.018,0.077,7.12,8.03,0.06,0.24,159.48833333333332,-11.509444444444444,-17.540167,-90.236404,77.13451,*,G,5956.621435290103,91.92532874697324,4.539193539767575e-08
HD 92719, ,10,42,13.3,-,13,47,15,261,38,6.792,0.396,2.588,-0.002,3.755,-0.17,23,4.94,0.32,8.3,0.0,16.9,0.91,0.85,1.01,-18.2,0.1,0.2,5,1126,0.612,3,236,-171,2,42.7,0.8,34,9,-11,8.003,0.015,7.37,9.82,0.14,0.06,160.55541666666664,-13.7875,-2.8352578,-17.901108,14.160214,PM*,G,5688.529308438413,18.124247692528506,2.3279770810098656e-06
HD 92786, ,10,43,33.8,+,48,12,50,164,57,8.006,0.452,2.561,0.0,3.725,-0.4,25,5.99,0.06,0.0,0.0,13.2,0.79,0.75,0.83,-33.0,0.2,0.4,3,2880,0.305,2,-328,178,2,39.6,1.0,-19,5,-52,8.013,0.021,7.93,8.97,0.06,0.91,160.89083333333332,48.21388888888889,-13.088516,3.7530718,20.966764,PM*,G,5308.8444423098845,13.615975874619169,9.930673429983232e-06
HD 92788, ,10,42,48.5,-,2,11,1,251,47,7.332,0.434,2.599,0.0,3.745,0.19,32,4.78,0.42,9.6,4.8,14.3,1.02,0.94,1.06,-5.0,0.2,0.2,4,1113,0.766,2,-12,-224,2,30.9,1.0,16,-22,-21,8.007,0.024,6.76,8.33,0.1,0.21,160.70208333333332,-2.183611111111111,-7.105182,-20.634945,23.403318,PM*,G,5559.042572704037,21.82394479479246,1.8662881579148912e-06
HD 92987, ,10,43,36.2,-,39,3,30,277,17,7.028,0.399,2.6,0.008,3.759,0.03,44,3.81,1.19,7.4,6.3,8.5,1.1,1.07,1.14,4.5,0.1,0.2,4,1425,0.577,3,11,10,1,22.7,0.8,1,-3,4,7.995,0.013,7.78,8.35,0.04,0.17,160.9008333333333,-39.05833333333333,5.127938,-41.76377,12.864354,*,G,5741.164622073275,42.07740762861638,4.886283943493073e-07
HD 93212, ,10,54,41.0,+,85,21,43,126,31,8.045,0.351,0.0,0.0,3.778,-0.34,63,4.05,0.83,6.1,4.3,10.3,1.02,0.97,1.08,-12.7,0.2,0.2,3,712,0.864,7,-99,-23,1,15.9,0.7,-20,-22,-14,8.031,0.033,6.99,8.09,0.07,0.11,163.67083333333332,85.36194444444443,-31.741308,43.688164,32.4474,PM*,G,5997.910762555094,54.00153985991288,6.80735971699978e-07
HD 93215, ,10,46,9.2,+,25,45,39,209,62,8.054,0.418,2.593,0.0,3.751,0.12,47,4.69,0.42,8.7,3.7,13.0,1.02,0.93,1.08,-15.6,0.2,0.2,2,336,0.468,3,53,-6,2,21.2,1.0,17,5,-8,8.019,0.042,7.65,9.16,0.09,0.05,161.53833333333333,25.76083333333333,-19.298628,-10.697406,41.498535,PM*,G,5636.376558259543,22.06516571003309,1.648081560643825e-06
HD 93216, ,10,45,43.1,-,10,51,59,260,41,7.952,0.373,2.615,0.01,3.769,-0.15,71,3.7,1.22,7.0,5.6,8.3,1.09,1.04,1.14,5.8,0.2,0.3,5,2171,0.375,4,-146,-13,2,14.1,1.0,-40,-20,-21,8.009,0.047,6.82,8.44,0.11,0.22,161.4295833333333,-10.866388888888888,-9.304828,-52.770317,46.580193,PM*,G,5874.893525297769,53.58438373621622,4.1973839773752496e-07
HD 93277, ,10,45,57.7,-,16,44,10,265,37,7.973,0.404,2.613,0.029,3.769,0.09,50,4.35,0.36,5.0,1.6,8.1,1.09,1.03,1.15,37.1,0.1,0.3,5,2197,0.499,4,-298,-14,2,20.0,1.0,-61,-50,-12,8.004,0.03,5.28,8.55,0.24,0.08,161.49041666666665,-16.73611111111111,-3.4802823,-39.779827,30.09075,PM*,G,5874.893525297769,39.93177933723492,1.0303355871816525e-06
HD 93307, ,10,45,4.1,-,58,8,55,287,1,7.776,0.399,2.641,0.058,3.794,0.51,72,3.24,0.66,1.6,1.1,2.1,1.39,1.36,1.43,25.1,0.2,0.1,4,1784,0.943,5,-90,0,2,13.9,0.8,-19,-32,-14,7.979,0.001,6.41,8.01,0.11,0.09,161.26708333333332,-58.14861111111111,21.047539,-68.84347,1.2565732,PM*,G,6223.002851691595,71.98904263564991,2.2232008527922416e-07
HD 93385, ,10,46,15.1,-,41,27,51,279,16,7.49,0.386,2.612,0.023,3.773,-0.12,43,4.25,0.55,6.4,3.6,9.0,1.04,0.98,1.1,47.3,0.2,0.2,4,1865,0.795,4,-49,-55,2,23.5,0.9,4,-49,-1,7.994,0.011,5.54,8.04,0.18,0.1,161.56291666666667,-41.46416666666667,6.4661045,-40.825356,11.8524065,PM*,G,5929.2532458,41.33424972019761,8.973847818712385e-07
HD 93489, ,10,47,28.6,-,13,58,44,263,39,7.924,0.388,2.594,-0.004,3.761,-0.06,46,4.63,0.39,8.2,2.4,12.4,0.98,0.92,1.05,2.9,0.1,0.2,5,2197,0.605,2,100,-33,2,21.9,1.0,22,-1,7,8.004,0.029,7.42,9.01,0.1,0.23,161.86916666666664,-13.97888888888889,-4.356681,-35.48225,28.948738,PM*,G,5767.664633922509,35.74871654197198,1.5169759667089017e-06
HD 93626, ,10,48,5.5,-,26,23,54,271,29,7.887,0.339,2.619,-0.011,3.786,-0.03,45,4.62,-0.21,0.0,0.0,3.2,1.07,1.02,1.11,20.8,0.3,0.4,2,760,0.275,6,-164,-12,2,22.2,0.9,-28,-29,-8,7.999,0.022,6.54,8.12,0.11,0.02,162.02291666666665,-26.398333333333333,0.68688637,-39.351894,21.816433,PM*,G,6109.420249055721,39.35788833604425,1.4961622761605684e-06
HD 93745, ,10,49,0.5,-,31,3,32,274,25,7.489,0.371,2.615,-0.001,3.773,0.14,56,3.77,0.8,3.8,3.2,5.4,1.23,1.16,1.27,37.7,0.2,0.3,4,3960,0.45,5,179,-93,2,18.0,0.9,55,-29,18,7.996,0.023,5.92,9.18,0.22,0.46,162.25208333333333,-31.05888888888889,3.5403714,-50.6296,23.666622,PM*,G,5929.2532458,50.75323266364359,4.623583448318132e-07
HD 93849, ,10,49,35.4,-,29,59,39,274,26,7.858,0.349,2.647,0.02,3.798,0.36,74,3.42,0.46,1.5,0.5,2.4,1.36,1.32,1.4,9.2,0.3,0.5,2,764,0.117,6,-97,-17,2,13.5,0.9,-25,-20,-16,7.996,0.032,7.01,8.13,0.07,0.13,162.39749999999998,-29.99416666666667,4.639562,-66.34874,32.439465,PM*,G,6280.58358813318,66.51075728887353,2.8508784449224386e-07
HD 94069, ,10,51,58.6,+,31,22,5,196,64,8.123,0.337,2.635,0.014,3.79,-0.21,146,2.3,2.19,2.1,1.8,2.6,1.46,1.39,1.57,28.1,0.6,0.2,2,1589,0.833,19,-37,0,1,5.3,0.9,-33,-11,14,8.062,0.131,7.35,8.52,0.07,0.37,162.99416666666664,31.36805555555556,-61.522854,-17.64139,131.22394,*,G,6165.9500186148225,64.00218906754218,6.067065733989927e-08
HD 94151, ,10,51,39.2,-,22,4,18,269,33,7.869,0.431,2.598,0.0,3.743,0.12,37,5.01,0.28,8.5,0.0,16.6,0.96,0.89,1.04,3.9,0.1,0.1,5,2920,0.945,2,-291,28,2,26.8,1.0,-46,-15,-17,8.0,0.02,6.87,8.67,0.12,0.16,162.91333333333333,-22.071666666666665,-0.5415589,-31.026085,20.151646,PM*,G,5533.501092157366,31.030811083009,2.564358266443843e-06
HD 94268, ,10,52,44.4,-,11,25,22,262,42,7.631,0.362,2.598,0.007,3.769,-0.38,36,4.85,0.27,2.8,0.0,11.0,0.94,0.86,1.01,-4.7,0.2,0.1,4,3276,0.901,4,-262,68,2,27.8,1.0,-43,-2,-16,8.004,0.024,7.36,8.99,0.1,0.14,163.185,-11.422777777777776,-3.723332,-26.492853,24.088703,PM*,G,5874.893525297769,26.753214036108503,2.055789768874886e-06
HD 94270, ,10,52,39.2,-,17,1,48,266,37,7.771,0.37,2.605,-0.012,3.772,0.13,49,4.34,0.26,4.1,0.0,7.0,1.13,1.06,1.17,20.3,0.1,0.3,5,769,0.482,3,-61,-121,2,20.6,1.0,2,-35,-12,8.002,0.029,6.26,8.05,0.12,0.08,163.16333333333333,-17.029999999999998,-2.7297924,-39.03781,29.488934,PM*,G,5915.616341754737,39.13313654875108,1.0161988529530514e-06
HD 94280, ,10,52,48.9,-,6,49,19,258,46,7.174,0.347,2.616,-0.02,3.787,0.27,44,3.96,0.18,1.8,0.0,4.4,1.22,1.2,1.26,15.2,0.2,0.6,6,3718,0.02,5,-210,-188,1,22.8,0.9,-20,-49,-29,8.006,0.031,5.58,8.03,0.18,0.33,163.20375,-6.821944444444444,-6.354821,-29.89705,31.650951,PM*,G,6123.503917247734,30.564969305473564,6.011442541001502e-07
HD 94482, ,10,54,6.5,-,23,11,5,271,32,8.129,0.353,2.611,-0.017,3.782,0.16,78,3.68,0.65,3.2,2.5,4.0,1.26,1.2,1.31,27.3,0.4,0.6,2,759,0.1,4,101,-156,2,12.9,1.1,62,-38,-10,7.999,0.041,5.48,9.17,0.25,0.06,163.52708333333334,-23.184722222222224,1.1544316,-66.13768,41.333702,PM*,G,6053.408747539136,66.14775452047846,4.082993611117695e-07
HD 94835, ,10,57,9.5,+,21,48,17,218,64,7.938,0.39,2.596,-0.006,3.764,0.15,50,4.46,0.33,5.3,1.2,8.8,1.09,1.03,1.14,9.9,0.3,0.3,2,1163,0.417,5,-150,-215,1,20.2,1.0,-14,-59,-13,8.017,0.044,5.11,8.02,0.22,0.09,164.2895833333333,21.804722222222225,-17.272062,-13.4944105,44.9397,PM*,G,5807.644175213118,21.91855927004223,1.1994404760661065e-06
HD 94838, ,10,56,45.8,-,17,27,7,268,37,7.901,0.396,2.597,0.008,3.757,-0.12,42,4.79,0.38,9.0,1.5,14.9,0.94,0.87,1.02,20.2,0.2,0.3,5,2579,0.412,4,39,-128,2,23.9,1.0,19,-27,-1,8.001,0.025,6.48,8.31,0.12,0.1,164.19083333333333,-17.451944444444443,-1.1706321,-33.522263,25.27623,PM*,G,5714.786366718672,33.542696614236604,1.8922508123754359e-06
HD 94880, ,10,58,21.5,+,59,16,53,146,52,8.148,0.438,0.0,0.0,3.739,-0.01,44,4.93,0.55,15.2,8.3,0.0,0.89,0.86,0.95,-41.2,0.3,0.4,2,708,0.186,4,12,-52,2,22.7,0.9,24,-23,-27,8.022,0.035,6.64,8.5,0.12,0.32,164.58958333333334,59.28138888888889,-22.457884,15.148039,34.672474,PM*,G,5482.769649208536,27.08910554638113,2.296036038019654e-06
HD 95072, ,10,59,6.2,+,40,59,0,175,63,8.256,0.41,0.0,0.0,3.745,-0.43,46,4.94,0.74,0.0,9.8,0.0,0.84,0.81,0.88,-24.8,0.2,0.3,4,4399,0.546,3,216,25,1,21.7,0.9,50,18,-3,8.021,0.041,7.25,10.86,0.2,0.09,164.7758333333333,40.98333333333333,-20.804096,1.8201253,40.9863,PM*,G,5559.042572704037,20.883564506207176,2.3279770810098656e-06
HD 95128, ,10,59,27.9,+,40,25,48,176,63,5.05,0.392,2.606,0.005,3.76,0.01,14,4.31,0.68,8.7,5.3,11.9,1.02,0.98,1.08,11.1,0.1,0.2,11,5097,0.971,3,-317,57,1,71.0,0.7,-24,-2,0,8.006,0.013,7.76,8.46,0.04,0.11,164.86624999999995,40.43,-6.3403854,0.44336286,12.474092,PM*,G,5754.399373371566,6.355867969534967,9.74941821268923e-07
HD 95177, ,10,59,31.5,+,7,13,12,245,57,8.221,0.402,2.572,0.0,3.75,-0.44,49,4.76,0.82,15.8,9.8,0.0,0.84,0.82,0.89,35.3,0.2,0.5,4,1060,0.178,1,-152,-204,1,20.3,1.0,-17,-67,-2,8.012,0.041,4.75,8.02,0.26,0.08,164.88124999999997,7.22,-11.278543,-24.18692,41.094856,PM*,G,5623.413251903491,26.687312178060363,1.8154266243795335e-06
HD 95516, ,11,1,41.3,+,20,49,54,221,64,8.182,0.412,2.597,0.006,3.75,-0.03,45,4.92,0.33,9.1,0.0,16.7,0.92,0.87,1.02,13.8,0.2,0.1,3,434,0.951,3,-209,-29,1,22.3,1.0,-40,-23,-7,8.015,0.04,6.67,8.4,0.12,0.04,165.42208333333332,20.831666666666667,-14.887932,-12.941883,40.445732,PM*,G,5623.413251903491,19.726704104393946,2.2645332425687464e-06
HD 95521, ,11,0,50.2,-,49,1,11,285,10,7.587,0.408,2.573,0.0,3.748,-0.32,33,4.99,0.55,15.0,6.3,0.0,0.85,0.82,0.91,18.0,0.1,0.2,5,1778,0.683,3,-97,-60,1,30.2,0.8,-4,-22,-12,7.992,0.006,6.97,8.01,0.07,0.06,165.20916666666665,-49.01972222222222,8.411268,-31.391289,5.73039,PM*,G,5597.576014951104,32.49865311746542,2.4944723844527592e-06
HD 95542, ,11,0,17.6,-,66,33,25,292,-6,8.263,0.383,2.616,0.025,3.774,-0.13,52,4.58,0.2,3.7,0.0,9.2,1.02,0.95,1.09,15.0,0.2,0.2,4,1975,0.852,4,-6,21,2,19.3,0.8,2,-15,3,7.981,-0.005,7.26,8.1,0.05,0.14,165.07333333333332,-66.55694444444444,19.37282,-47.949448,-5.43548,*,G,5942.921586155727,51.715140126051125,1.4157243451367577e-06
HD 95580, ,11,1,43.9,-,20,3,33,271,36,8.136,0.39,2.622,0.032,3.781,0.14,93,3.16,1.21,2.8,2.3,3.3,1.36,1.28,1.44,26.7,0.2,0.1,3,1540,0.869,8,-86,-37,2,8.3,1.1,-24,-41,-11,7.999,0.054,5.93,8.05,0.15,0.08,165.43291666666667,-20.059166666666663,1.3130876,-75.22712,54.66403,PM*,G,6039.4862937638,75.23857908373651,1.990575710329982e-07
HD 95980, ,11,4,18.9,+,5,47,44,248,57,8.251,0.402,2.592,0.008,3.754,-0.1,53,4.64,0.58,10.8,6.0,15.5,0.94,0.88,1.01,19.0,0.2,0.4,3,2182,0.282,2,-301,54,2,19.0,1.1,-75,-22,-9,8.011,0.044,6.15,9.31,0.2,0.06,166.07875,5.795555555555556,-10.813351,-26.763966,44.44954,PM*,G,5675.446054085472,28.865869740895683,1.5380792045350664e-06
HD 96094, ,11,5,15.4,+,25,12,6,212,66,7.624,0.371,2.587,-0.006,3.765,-0.53,60,3.74,1.58,8.8,7.5,10.3,0.99,0.95,1.03,0.6,0.2,0.2,5,1564,0.945,1,-401,-62,1,16.7,1.0,-92,-52,-46,8.021,0.055,4.95,9.29,0.3,0.84,166.3141666666667,25.201666666666664,-20.695932,-12.932255,54.81273,PM*,G,5821.032177708716,24.404196785259067,4.435868880183037e-07
HD 96108, ,11,4,53.6,-,11,45,33,266,43,7.893,0.361,2.628,0.01,3.778,0.04,81,3.34,1.19,3.2,2.6,5.2,1.28,1.17,1.36,-11.2,0.2,0.4,3,3304,0.197,6,-129,-27,2,12.3,1.0,-37,-14,-34,8.004,0.056,7.12,8.47,0.09,0.46,166.2233333333333,-11.759166666666667,-4.132353,-59.095345,55.241863,PM*,G,5997.910762555094,59.23965008324774,2.5525761104483704e-07
HD 96276, ,11,5,50.7,-,20,24,32,272,36,8.108,0.365,2.608,0.002,3.77,-0.31,57,4.31,0.73,7.8,5.1,12.2,0.98,0.93,1.04,-0.4,0.2,0.2,4,1121,0.855,4,50,-40,2,17.4,1.1,17,-1,-2,7.998,0.034,7.5,8.86,0.08,0.08,166.46125,-20.40888888888889,1.6093457,-46.085876,33.503757,PM*,G,5888.43655355589,46.11396708449062,9.74941821268923e-07
HD 96423, ,11,6,19.7,-,44,22,23,284,15,7.234,0.427,2.598,0.0,3.745,0.01,32,4.7,0.63,12.3,7.7,17.7,0.92,0.88,0.98,54.4,0.1,0.2,4,2160,0.721,2,87,-86,1,31.2,0.8,30,-49,8,7.993,0.008,5.42,8.34,0.21,0.24,166.58208333333332,-44.37305555555555,7.4777174,-29.991478,8.282209,PM*,G,5559.042572704037,30.909626496267254,1.6710086589594444e-06
HD 96497, ,11,7,28.8,+,22,3,10,219,66,8.221,0.41,2.614,0.027,3.766,0.17,53,4.49,0.23,4.5,0.0,8.0,1.09,1.04,1.14,-0.6,0.2,0.3,2,368,0.338,6,-194,4,1,18.9,1.6,-42,-15,-19,8.017,0.048,6.99,8.6,0.1,0.2,166.86999999999998,22.052777777777777,-16.752968,-13.566285,48.41791,PM*,G,5834.451042737448,21.557041204911425,1.2501977137235027e-06
HD 96700, ,11,7,54.4,-,30,10,28,278,28,6.517,0.395,2.597,0.018,3.754,-0.42,26,4.43,1.05,15.7,10.5,0.0,0.85,0.84,0.91,12.6,0.1,0.2,6,2871,0.735,1,-506,-134,2,38.2,0.9,-45,-37,-32,7.997,0.012,6.0,8.33,0.16,0.41,166.97666666666666,-30.174444444444447,3.1949506,-22.733223,12.206261,PM*,G,5675.446054085472,22.956636018898095,1.150743950203592e-06
HD 96937, ,11,9,40.2,+,2,27,22,254,55,7.682,0.467,2.574,0.0,3.728,0.18,31,5.25,0.33,14.5,3.6,0.0,0.97,0.87,1.01,9.6,0.3,0.5,3,5408,0.168,4,-278,39,1,32.7,1.0,-39,-14,-5,8.005,0.025,7.05,8.51,0.09,0.04,167.4175,2.456111111111112,-4.9010696,-17.092072,25.393713,PM*,G,5345.643593969719,17.780871983039194,3.572553164085265e-06
HD 97037, ,11,10,13.3,-,7,23,21,264,48,6.809,0.386,2.591,-0.012,3.762,-0.07,33,4.24,0.77,8.0,5.5,12.3,1.01,0.97,1.07,-16.6,0.2,0.2,5,4020,0.871,2,-238,-171,1,30.6,0.8,-18,-19,-41,8.002,0.024,7.22,8.04,0.05,0.59,167.55541666666664,-7.389166666666667,-2.3081224,-21.960344,24.52378,PM*,G,5780.960474057181,22.081307425325107,8.850722010772422e-07
HD 97089, ,11,10,27.9,-,9,1,39,265,46,7.968,0.334,2.618,-0.018,3.791,0.1,85,3.33,0.84,2.7,2.2,3.2,1.32,1.26,1.38,-27.3,0.3,0.3,3,1491,0.728,13,-141,-100,2,11.8,1.0,-27,-26,-65,8.005,0.061,6.93,8.17,0.08,1.22,167.61624999999998,-9.027500000000002,-5.1461926,-58.821278,61.143883,PM*,G,6180.164001384158,59.04596551695619,2.517553453247534e-07
HD 97140, ,11,11,43.5,+,58,53,59,145,54,7.353,0.4,0.0,0.0,3.761,0.07,60,3.47,1.45,5.3,4.7,6.1,1.19,1.15,1.26,-32.3,0.3,0.3,2,6,0.474,4,-66,26,1,16.7,0.8,-2,-11,-36,8.029,0.048,7.65,8.14,0.03,0.5,167.93124999999998,58.89972222222222,-28.889126,20.228388,48.54102,PM*,G,5767.664633922509,35.267113322788695,3.054771290620165e-07
HD 97343, ,11,12,1.1,-,26,8,12,277,32,7.046,0.459,2.573,0.0,3.729,0.03,22,5.37,0.29,0.0,0.0,0.0,0.86,0.84,0.95,39.2,0.1,0.1,4,1029,0.932,1,274,-65,2,46.2,0.8,31,-27,26,7.998,0.011,6.39,8.61,0.15,0.62,168.0045833333333,-26.136666666666667,2.2737198,-18.517992,11.658224,PM*,G,5357.966575133417,18.657058434838437,4.216758221532718e-06
HD 97356, ,11,12,16.3,-,1,11,13,259,53,8.158,0.405,2.588,0.002,3.754,-0.02,47,4.82,0.33,8.4,0.0,14.4,0.96,0.89,1.04,-19.5,0.2,0.5,5,4020,0.146,2,82,-160,1,21.5,1.0,35,-9,-25,8.005,0.037,6.94,9.12,0.14,0.3,168.06791666666663,-1.1869444444444444,-5.3970866,-27.765625,37.53587,PM*,G,5675.446054085472,28.285304937520554,1.972326002522559e-06
HD 97517, ,11,13,10.5,-,18,9,55,272,39,8.114,0.389,2.613,0.018,3.758,-0.23,50,4.62,0.62,11.3,6.5,16.0,0.93,0.86,0.99,-4.2,0.3,0.6,5,1920,0.024,1,-343,-197,2,20.0,1.0,-47,-49,-65,7.998,0.031,5.63,8.34,0.19,1.22,168.29374999999996,-18.165277777777774,1.3560929,-38.83363,31.466019,PM*,G,5727.960309858292,38.8573005615461,1.4961622761605684e-06
HD 97711, ,11,15,7.1,+,45,3,41,164,64,7.638,0.415,2.601,0.025,3.764,0.1,84,2.91,1.92,3.5,2.4,4.0,1.47,1.43,1.51,2.0,0.2,0.1,2,371,0.686,3,-48,-56,1,11.9,0.8,-12,-27,1,8.036,0.075,6.76,8.04,0.09,0.14,168.7795833333333,45.061388888888885,-35.396713,10.149844,75.4987,PM*,G,5807.644175213118,36.82318053113697,1.4092196826255733e-07
HD 97854, ,11,16,32.8,+,69,13,4,135,46,8.242,0.38,0.0,0.0,3.77,0.13,81,3.69,0.96,3.7,3.0,6.6,1.22,1.13,1.28,-7.4,0.3,0.1,2,1444,0.885,7,-61,-35,1,12.3,0.8,-16,-22,-6,8.04,0.058,7.0,8.06,0.07,0.06,169.13666666666666,69.21777777777778,-39.78701,39.78701,58.26652,PM*,G,5888.43655355589,56.26732914827396,4.1397937102023456e-07
HD 97998, ,11,15,49.0,-,39,19,24,283,20,7.359,0.402,2.577,0.0,3.748,-0.56,28,5.16,0.53,0.0,0.0,0.0,0.81,0.78,0.91,43.3,0.2,0.3,4,2161,0.35,3,-175,189,2,36.3,0.9,-22,-42,28,7.994,0.009,5.99,8.03,0.15,0.64,168.95416666666665,-39.32333333333334,5.91878,-25.637033,9.576564,PM*,G,5597.576014951104,26.31139330654097,3.1548498923804364e-06
HD 98078, ,11,17,5.2,+,21,17,47,223,68,8.274,0.432,2.583,0.0,3.739,-0.13,41,5.19,0.38,14.1,0.0,0.0,0.86,0.83,0.94,18.0,0.2,0.2,2,365,0.517,2,-207,-514,1,24.2,1.2,1,-109,-11,8.011,0.038,3.04,8.03,0.45,0.06,169.27166666666665,21.29638888888889,-11.232769,-10.474724,38.014538,PM*,G,5482.769649208536,15.358871777690474,3.2883550299477244e-06
HD 98222, ,11,17,35.1,-,38,22,51,283,21,8.171,0.423,2.591,0.0,3.745,-0.07,43,5.03,0.37,0.0,0.0,0.0,0.89,0.85,0.98,26.9,0.2,0.1,4,2161,0.866,3,-254,22,3,23.5,1.0,-41,-41,-4,7.991,0.015,5.83,8.24,0.17,0.04,169.39624999999998,-38.380833333333335,9.030432,-39.11507,15.4098215,PM*,G,5559.042572704037,40.1439584895601,2.636202092139624e-06
HD 98281, ,11,18,22.0,-,5,4,2,265,51,7.272,0.457,0.0,0.0,3.726,-0.25,22,5.56,0.36,0.0,0.0,0.0,0.82,0.79,0.89,12.9,0.1,0.3,14,3431,0.435,2,795,-152,1,45.5,1.0,79,10,31,8.001,0.017,6.62,11.54,0.27,0.9,169.59166666666664,-5.067222222222222,-1.206675,-13.792365,17.097212,PM*,G,5321.082592667942,13.845049543026201,5.482500757558595e-06
HD 98553, ,11,20,11.5,-,19,34,40,275,38,7.542,0.37,2.586,-0.005,3.764,-0.38,34,4.89,0.34,5.6,0.0,13.6,0.92,0.84,1.0,-36.6,0.2,0.3,4,3279,0.529,3,69,-69,2,29.5,0.9,13,26,-27,7.998,0.021,7.87,10.44,0.14,0.36,170.04791666666665,-19.57777777777778,2.3351085,-26.690414,20.932491,PM*,G,5807.644175213118,26.79236703238757,2.172594623009279e-06
HD 98593, ,11,20,27.5,-,26,9,26,279,32,7.946,0.355,2.63,0.015,3.778,-0.18,61,4.02,0.72,5.8,3.6,8.8,1.06,1.0,1.12,16.9,0.2,0.1,2,757,0.66,5,36,-84,2,16.4,0.9,23,-21,-6,7.992,0.033,6.71,8.47,0.12,0.04,170.11458333333334,-26.15722222222222,8.0925045,-51.09404,32.325077,PM*,G,5997.910762555094,51.73093419419487,6.530985211445702e-07
HD 98618, ,11,21,29.0,+,58,29,3,143,55,7.658,0.411,0.0,0.0,3.75,-0.15,39,4.72,0.63,13.4,7.8,0.0,0.9,0.86,0.96,6.9,0.2,0.2,3,1746,0.633,1,38,27,2,25.8,0.9,2,9,6,8.018,0.032,7.94,9.08,0.07,0.21,170.3708333333333,58.48416666666667,-17.86506,13.462292,31.94693,PM*,G,5623.413251903491,22.369480876785317,1.7178241357207713e-06
HD 98630, ,11,21,2.5,+,7,3,52,252,61,8.075,0.377,2.632,0.028,3.789,0.32,102,2.91,1.16,2.0,1.5,3.0,1.43,1.37,1.49,13.7,0.3,0.1,2,1083,0.752,7,22,-55,2,9.8,1.1,20,-24,6,8.016,0.089,6.64,8.38,0.12,0.23,170.26041666666666,7.064444444444444,-15.281075,-47.030293,89.21121,PM*,G,6151.7687270986835,49.45057848823888,1.4092196826255733e-07
HD 98649, ,11,20,51.7,-,23,13,2,277,35,8.004,0.405,2.588,-0.007,3.754,0.08,43,4.85,0.23,6.2,0.0,12.2,1.0,0.92,1.06,3.8,0.2,0.4,4,1511,0.242,2,-199,-175,2,23.4,1.0,-17,-34,-38,7.996,0.025,6.38,8.01,0.11,0.53,170.21541666666664,-23.21722222222222,4.2926626,-34.960987,24.663788,PM*,G,5675.446054085472,35.22353707695478,2.055789768874886e-06
HD 99126, ,11,24,21.7,-,5,54,35,267,51,6.949,0.339,2.621,-0.002,3.785,-0.22,47,3.57,1.04,5.7,3.1,6.8,1.12,1.07,1.19,-29.3,0.2,0.3,2,373,0.396,9,-89,-93,2,21.1,0.9,-6,-4,-41,8.001,0.037,7.94,8.22,0.02,0.59,171.09041666666664,-5.909722222222222,-1.548001,-29.537521,36.52586,PM*,G,6095.368972401694,29.578056966633934,3.5073467201702433e-07
HD 99419, ,11,26,27.1,+,20,31,5,227,70,7.942,0.383,2.6,0.005,3.762,-0.23,45,4.68,0.47,9.5,3.6,14.6,0.94,0.87,1.01,5.0,0.2,0.2,2,365,0.576,3,-109,-67,1,22.3,1.0,-15,-23,-5,8.011,0.042,6.97,8.02,0.07,0.05,171.61291666666665,20.51805555555556,-10.496573,-11.256197,42.286167,PM*,G,5780.960474057181,15.390906914380906,1.6254690339100712e-06
HD 99505, ,11,27,3.2,+,21,51,8,224,70,7.59,0.407,2.592,0.016,3.748,-0.34,32,5.03,0.52,14.3,4.5,0.0,0.85,0.82,0.92,-1.2,0.2,0.1,2,365,0.818,4,-48,-173,1,30.8,1.1,5,-26,-7,8.008,0.031,6.69,8.11,0.1,0.03,171.76333333333332,21.852222222222224,-7.8729186,-7.6027894,30.070164,PM*,G,5597.576014951104,10.944644989353392,2.636202092139624e-06
HD 99610, ,11,27,30.2,-,12,26,9,273,46,7.411,0.434,2.595,0.0,3.744,0.13,35,4.71,0.55,11.0,6.6,15.1,0.95,0.91,1.04,21.6,0.2,0.2,2,443,0.616,1,-89,-55,2,28.8,0.8,-8,-26,5,7.999,0.025,6.79,8.0,0.08,0.19,171.8758333333333,-12.435833333333331,1.272451,-24.279722,25.176893,PM*,G,5546.25712957911,24.313042424688135,1.6942547049835658e-06
HD 99688, ,11,28,11.8,+,20,4,1,229,70,8.165,0.342,2.634,0.003,3.785,0.0,73,3.85,0.56,3.6,2.4,5.1,1.16,1.09,1.23,-4.1,0.5,0.2,2,2165,0.812,18,-32,-21,1,13.7,1.2,-6,-9,-8,8.017,0.068,7.72,8.06,0.02,0.07,172.04916666666665,20.066944444444445,-16.380135,-18.843191,68.597565,*,G,6095.368972401694,24.96747223250095,5.163910426473034e-07
HD 100485, ,11,34,7.2,+,48,34,5,153,64,7.948,0.362,0.0,0.0,3.776,-0.3,109,2.77,2.12,3.7,2.9,4.6,1.32,1.15,1.4,-18.3,0.5,0.0,1,0,0.0,15,22,-28,2,9.2,1.0,21,-12,-8,8.043,0.098,7.12,8.66,0.1,0.1,173.52999999999997,48.56805555555556,-42.574482,21.692787,97.96855,*,G,5970.352865838366,47.782460436813984,1.1613916528782609e-07
HD 100555, ,11,33,56.6,-,48,49,9,290,12,8.166,0.45,0.0,0.0,3.732,-0.09,42,5.03,0.65,0.0,12.4,0.0,0.87,0.85,0.91,18.6,0.1,0.2,4,2166,0.65,2,-275,-122,1,23.6,1.0,-33,-41,-35,7.986,0.009,5.92,8.13,0.16,0.46,173.48583333333335,-48.81916666666667,14.050937,-38.60464,8.732291,PM*,G,5395.1062251512785,41.08219882269654,2.636202092139624e-06
HD 100667, ,11,35,25.3,+,53,34,26,146,60,8.052,0.422,0.0,0.0,3.745,-0.17,67,3.93,1.55,10.0,8.6,11.6,1.02,0.97,1.06,-17.1,0.2,0.2,3,2147,0.63,1,-106,76,2,15.0,0.9,-28,3,-34,8.027,0.058,7.8,8.91,0.07,0.48,173.85541666666666,53.573888888888895,-27.772753,18.732964,58.023705,PM*,G,5559.042572704037,33.499996260064044,5.767381770158575e-07
HD 100850, ,11,36,11.3,-,37,3,52,287,23,8.029,0.416,2.599,0.019,3.749,-0.09,60,4.14,1.18,11.0,9.2,12.9,0.99,0.94,1.05,37.1,0.1,0.2,5,2511,0.693,2,-48,-159,2,16.7,1.0,16,-50,-28,7.984,0.024,5.45,8.14,0.2,0.34,174.04708333333332,-37.06444444444444,16.14776,-52.816998,23.443867,PM*,G,5610.479760324706,55.23029450174609,7.70865661620565e-07
HD 101117, ,11,37,47.9,-,52,53,28,292,8,7.876,0.403,2.643,0.065,3.796,0.54,63,3.62,0.22,1.0,0.0,1.8,1.31,1.28,1.35,36.0,0.2,0.3,4,1781,0.467,9,-129,-82,3,16.0,1.0,-13,-49,-27,7.977,0.009,5.57,7.98,0.18,0.31,174.44958333333332,-52.89111111111111,23.370523,-57.84412,8.767905,PM*,G,6251.726927756856,62.38688615300437,3.758189720824222e-07
HD 101242, ,11,39,1.0,+,6,3,28,260,63,7.612,0.412,2.593,-0.001,3.751,0.05,34,4.93,0.24,6.6,0.0,13.8,0.97,0.89,1.04,23.5,0.2,0.2,2,439,0.586,2,-337,-122,2,29.1,1.0,-40,-48,-2,8.003,0.031,5.51,8.21,0.2,0.09,174.75416666666663,6.057777777777778,-2.6803768,-15.201177,30.294222,PM*,G,5636.376558259543,15.435679511291598,2.296036038019654e-06
HD 101348, ,11,39,36.5,-,35,13,57,287,25,7.816,0.45,0.0,0.0,3.738,0.06,81,3.27,2.18,4.3,3.5,5.6,1.25,1.22,1.29,12.4,0.2,0.2,4,1087,0.571,4,-223,45,2,12.3,1.1,-79,-40,-3,7.979,0.035,5.46,9.05,0.25,0.07,174.9020833333333,-35.2325,21.463259,-70.203224,34.23208,PM*,G,5470.159628939716,73.41092661787656,2.3172809979074063e-07
HD 101530, ,11,40,29.0,-,64,27,51,295,-3,8.07,0.384,2.606,0.009,3.761,-0.19,47,4.71,0.43,9.2,2.9,14.4,0.95,0.88,1.02,-9.6,0.2,0.2,5,2867,0.928,3,71,-14,2,21.3,0.8,10,15,1,7.98,-0.002,7.83,9.58,0.1,0.14,175.1208333333333,-64.46416666666667,19.835833,-42.53809,-2.45979,PM*,G,5767.664633922509,46.9355874753048,1.6942547049835658e-06
HD 101690, ,11,42,7.3,+,4,44,50,263,62,7.292,0.37,2.591,-0.011,3.768,-0.19,37,4.46,0.52,8.0,4.2,11.6,0.98,0.94,1.05,21.1,0.2,0.2,4,500,0.697,3,-230,33,2,27.1,0.9,-39,-22,10,8.002,0.033,6.76,8.39,0.11,0.28,175.53041666666664,4.747222222222223,-2.1169298,-17.240974,32.66906,PM*,G,5861.3816451402845,17.370451239009427,1.1994404760661065e-06
HD 101904, ,11,44,0.2,+,64,57,51,134,51,8.214,0.391,0.0,0.0,3.763,0.03,80,3.7,1.2,6.5,5.4,7.7,1.12,1.08,1.18,-10.4,0.2,0.2,2,706,0.632,3,-118,1,1,12.5,0.8,-34,-23,-20,8.035,0.062,6.8,8.31,0.1,0.2,176.0008333333333,64.96416666666667,-34.97301,36.21562,62.171677,PM*,G,5794.286964268809,50.34563099658698,4.1973839773752496e-07
HD 102117, ,11,44,50.4,-,58,42,13,294,3,7.462,0.455,0.0,0.0,3.735,0.09,42,4.34,1.15,12.6,10.9,14.3,0.99,0.96,1.02,48.9,0.2,0.3,4,1121,0.227,2,-62,-71,2,23.8,0.8,13,-49,-13,7.983,0.002,5.51,8.1,0.19,0.08,176.20999999999995,-58.70361111111112,17.059526,-38.316326,2.1981103,PM*,G,5432.503314924331,41.94243990855744,1.0161988529530514e-06
HD 102158, ,11,45,30.5,+,47,40,0,151,66,8.064,0.394,2.58,0.003,3.753,-0.44,52,4.48,1.04,14.8,10.7,0.0,0.85,0.83,0.9,28.1,0.3,0.4,2,733,0.27,2,-591,-292,1,19.2,0.9,-114,-119,12,8.019,0.047,2.52,9.22,0.57,0.32,176.3770833333333,47.66666666666666,-18.498472,10.253869,47.504364,PM*,G,5662.3928903825345,21.15030249911204,1.2330443580285334e-06
HD 102196, ,11,45,38.4,-,16,4,41,281,44,8.156,0.355,2.628,0.001,3.783,0.21,109,2.97,1.3,2.7,2.2,3.4,1.42,1.36,1.47,21.4,0.4,0.5,2,763,0.094,7,-36,-6,2,9.2,1.0,-12,-24,8,7.985,0.075,6.87,7.99,0.08,0.25,176.41,-16.078055555555554,14.960949,-76.96746,75.717766,*,G,6067.363295885053,78.40803462549104,1.5310123725099315e-07
HD 102238, ,11,45,31.9,-,71,14,41,298,-9,7.986,0.429,2.598,0.0,3.744,-0.06,49,4.56,0.85,14.8,9.9,0.0,0.91,0.88,0.97,9.8,0.1,0.3,5,1803,0.591,3,-29,-46,2,20.6,0.7,0,-9,-13,7.978,-0.008,7.61,8.14,0.03,0.09,176.38291666666663,-71.24472222222222,22.720892,-42.731773,-7.6652894,PM*,G,5546.25712957911,48.39672878407375,1.377141926365241e-06
HD 102438, ,11,47,15.8,-,30,17,11,287,31,6.477,0.432,2.573,0.0,3.735,-0.38,18,5.23,0.61,0.0,9.5,0.0,0.83,0.8,0.87,13.7,0.2,0.3,4,1034,0.453,3,-265,-228,2,56.3,0.8,-8,-28,-14,7.996,0.009,6.66,8.0,0.09,0.1,176.8158333333333,-30.28638888888889,4.5110025,-14.754838,9.270685,PM*,G,5432.503314924331,15.429011243798167,3.4751911721595547e-06
HD 102732, ,11,49,44.5,+,6,31,23,265,65,7.909,0.394,2.608,0.024,3.771,-0.07,93,2.95,1.85,3.9,2.6,4.7,1.31,1.24,1.4,1.4,0.2,0.1,2,745,0.792,2,-68,-105,2,10.7,1.0,-4,-50,-22,8.004,0.085,5.52,8.01,0.18,0.25,177.43541666666664,6.523055555555556,-3.425524,-39.15394,84.28662,PM*,G,5902.010801718442,39.30350152592229,1.489288034927216e-07
HD 103539, ,11,55,40.5,+,67,15,53,131,49,7.295,0.365,0.0,0.0,3.775,-0.14,102,2.25,2.52,2.2,1.8,2.7,1.57,1.5,1.6,-64.2,0.4,0.0,1,0,0.0,8,29,-9,2,9.8,0.7,41,-29,-43,8.044,0.077,6.2,8.88,0.18,0.69,178.91875,67.26472222222222,-43.90217,50.503677,76.98038,*,G,5956.621435290103,66.91802388915283,5.6621151894641446e-08
HD 103753, ,11,56,56.2,-,13,45,16,283,47,6.552,0.369,2.627,0.022,3.785,0.04,54,2.78,1.59,2.4,2.2,2.6,1.47,1.43,1.51,34.8,0.1,0.5,14,4800,0.027,9,32,-144,1,18.4,0.8,29,-42,4,7.991,0.04,5.71,8.38,0.19,0.18,179.23416666666665,-13.754444444444443,8.284482,-35.884007,39.4931,PM*,G,6095.368972401694,36.8279051859371,1.1775482201528085e-07
HD 103760, ,11,56,51.1,-,38,50,57,291,23,7.942,0.417,2.624,0.0,3.75,-0.04,48,4.55,0.71,11.5,7.6,15.8,0.95,0.89,1.0,27.1,0.1,0.3,5,2866,0.563,3,34,-25,2,21.0,0.9,18,-21,8,7.984,0.018,6.77,8.34,0.1,0.23,179.21291666666664,-38.84916666666667,15.834207,-41.24954,18.755095,*,G,5623.413251903491,44.18423544127984,1.3582468307766884e-06
HD 104058, ,11,59,2.2,-,23,24,50,288,38,7.708,0.467,0.0,0.0,3.72,-0.48,25,5.72,0.47,0.0,0.0,0.0,0.78,0.75,0.83,14.2,0.1,0.2,5,1088,0.869,1,-1,-28,2,0.0,0.0,5,-12,6,7.994,0.015,7.39,8.2,0.05,0.2,179.75916666666663,-23.413888888888888,6.087721,-18.736069,15.391538,*,G,5248.074602497728,19.7002697582191,6.8387810618030375e-06
HD 104304, ,12,0,44.4,-,10,26,45,283,50,5.546,0.464,2.583,0.0,3.73,0.25,13,4.99,0.51,16.3,7.7,0.0,0.92,0.89,1.05,0.0,0.1,0.3,12,4774,0.428,2,142,-483,1,77.5,0.8,21,-15,-16,7.998,0.01,6.95,8.54,0.1,0.13,180.185,-10.445833333333333,1.879746,-8.142068,9.958578,PM*,G,5370.317963702527,8.356238169244579,2.4944723844527592e-06
HD 104860, ,12,4,33.7,+,66,20,11,130,50,7.915,0.381,0.0,0.0,3.762,-0.21,48,4.52,0.61,9.7,5.9,14.0,0.96,0.9,1.01,-12.0,0.3,0.2,2,471,0.64,15,-56,50,2,20.9,0.7,-9,-3,-18,8.02,0.037,8.02,8.16,0.01,0.17,181.14041666666665,66.33638888888889,-19.832443,23.635386,36.770134,PM*,G,5780.960474057181,30.853804736486637,1.303102867201668e-06
HD 104982, ,12,5,13.4,-,28,43,1,291,33,7.785,0.417,2.595,0.028,3.744,-0.4,36,5.0,0.68,0.0,9.3,0.0,0.84,0.81,0.88,10.5,0.1,0.2,6,1535,0.785,2,203,-410,2,27.7,0.9,61,-23,-44,7.989,0.02,6.06,9.53,0.22,0.76,181.3058333333333,-28.716944444444444,10.819891,-28.186792,19.607006,PM*,G,5546.25712957911,30.192139448921882,2.5291739520023757e-06
HD 104988, ,12,5,12.5,-,1,30,32,280,59,8.159,0.455,0.0,0.0,3.729,-0.09,33,5.59,0.16,0.0,0.0,0.0,0.85,0.81,0.92,16.1,0.2,0.4,6,3653,0.175,3,-515,57,1,30.6,1.0,-73,-38,4,7.997,0.028,5.63,8.94,0.23,0.17,181.3020833333333,-1.508888888888889,2.9513686,-16.738045,28.286522,PM*,G,5357.966575133417,16.996256265280625,5.7145060962653155e-06
HD 105328, ,12,7,39.0,-,23,58,33,290,38,6.72,0.383,2.612,0.007,3.768,0.13,38,3.8,0.9,6.2,3.2,7.4,1.21,1.1,1.25,10.6,0.2,0.4,5,4101,0.164,5,112,-242,2,26.1,0.8,39,-21,-23,7.99,0.023,6.45,8.88,0.16,0.25,181.9125,-23.97583333333333,10.24159,-28.138542,23.395138,PM*,G,5861.3816451402845,29.944410356757135,4.81924161443639e-07
HD 105690, ,12,10,6.4,-,49,10,50,296,13,8.173,0.445,0.0,0.0,3.731,-0.27,38,5.28,0.56,0.0,10.2,0.0,0.83,0.81,0.88,15.9,0.1,0.3,6,2918,0.421,8,-149,-60,1,26.4,1.0,-14,-28,-11,7.984,0.009,6.66,7.99,0.09,0.05,182.5266666666666,-49.18055555555555,16.231152,-33.278805,8.54814,PM*,G,5382.697825162882,37.02606051789913,3.723734430360274e-06
HD 105837, ,12,10,57.9,-,46,19,19,296,16,7.528,0.368,2.617,0.031,3.764,-0.55,38,4.64,0.71,10.3,4.4,15.7,0.88,0.82,0.97,13.7,0.2,0.4,4,4763,0.183,3,89,169,2,26.5,0.9,11,1,35,7.984,0.01,7.68,8.92,0.07,0.84,182.74124999999995,-46.32194444444445,16.01279,-32.8311,10.474219,PM*,G,5807.644175213118,36.52794232904586,1.5380792045350664e-06
HD 105901, ,12,11,17.8,-,5,55,33,285,56,8.2,0.4,2.612,0.024,3.769,0.07,50,4.61,0.12,2.4,0.0,7.9,1.06,0.99,1.12,-7.6,0.1,0.2,6,4236,0.725,3,-273,-106,2,20.1,1.0,-45,-44,-29,7.993,0.041,5.68,8.29,0.19,0.36,182.82416666666663,-5.925833333333333,7.236487,-27.006943,41.45188,PM*,G,5874.893525297769,27.959644388053615,1.4756341601524642e-06
HD 106210, ,12,13,13.1,+,10,49,18,272,71,7.568,0.421,2.587,0.0,3.744,-0.18,34,4.92,0.59,16.0,9.1,0.0,0.87,0.84,0.92,-24.9,0.1,0.2,7,1826,0.774,2,10,-591,1,29.5,0.9,48,-69,-50,8.0,0.032,4.51,8.56,0.31,0.9,183.3045833333333,10.821666666666667,0.3863115,-11.062573,32.147633,PM*,G,5546.25712957911,11.069316056349699,2.2645332425687464e-06
HD 106252, ,12,13,29.5,+,10,2,29,274,71,7.425,0.39,2.595,0.0,3.76,-0.12,37,4.56,0.54,9.2,5.2,13.5,0.96,0.91,1.03,15.4,0.5,0.7,2,426,0.048,1,24,-280,2,26.7,0.9,29,-44,0,7.999,0.035,5.64,8.36,0.19,0.12,183.37291666666667,10.04138888888889,0.8402891,-12.016678,34.984188,PM*,G,5754.399373371566,12.046021580889802,1.377141926365241e-06
HD 106270, ,12,13,37.2,-,9,30,48,288,52,7.596,0.458,0.0,0.0,3.731,-0.03,88,2.88,2.78,2.9,2.4,3.6,1.29,1.25,1.41,23.7,0.2,0.2,2,721,0.529,4,-99,-42,1,11.4,1.0,-24,-45,3,7.984,0.069,5.75,8.03,0.17,0.16,183.405,-9.513333333333334,16.741995,-51.52654,69.34495,PM*,G,5382.697825162882,54.178212603883715,1.3520062534556555e-07
HD 106311, ,12,12,55.5,+,83,30,11,124,34,8.215,0.376,2.619,0.018,3.771,-0.11,147,2.38,2.45,2.5,2.0,3.0,1.41,1.34,1.58,-0.2,0.5,0.0,1,0,0.0,14,-6,10,2,6.8,0.7,-5,1,-6,8.069,0.081,8.04,8.54,0.03,0.09,183.23125,83.50305555555556,-68.14801,101.03359,82.201355,*,G,5902.010801718442,121.86852577777496,6.776082740162124e-08
HD 106366, ,12,14,8.3,+,30,49,9,186,81,8.241,0.416,2.583,0.018,3.746,-0.33,66,4.15,1.44,13.0,10.9,15.3,0.93,0.88,0.97,12.0,0.2,0.1,2,419,0.687,2,-132,-106,1,15.2,1.0,-22,-49,8,8.01,0.065,5.59,8.04,0.18,0.24,183.5345833333333,30.819166666666668,-10.268117,-1.0792223,65.18743,PM*,G,5571.857489319298,10.324676629246374,7.81589471190529e-07
HD 106421, ,12,14,27.5,+,23,39,40,233,81,7.352,0.411,2.627,0.051,3.789,0.55,90,2.36,1.62,1.5,1.3,1.7,1.63,1.57,1.7,6.0,0.4,0.0,1,0,0.0,3,-22,-135,1,11.1,0.9,20,-55,1,8.008,0.089,5.2,8.18,0.22,0.15,183.6145833333333,23.66111111111111,-8.473019,-11.244072,88.89195,PM*,G,6151.7687270986835,14.079105302381434,6.591415673575716e-08
HD 106489, ,12,14,57.4,-,41,8,21,296,21,7.494,0.413,2.611,0.025,3.747,-0.18,31,5.06,0.38,12.2,0.9,0.0,0.87,0.83,0.96,-2.6,0.1,0.2,7,2918,0.673,3,-313,-79,1,32.6,0.9,-37,-22,-18,7.988,0.011,6.72,8.32,0.11,0.16,183.73916666666665,-41.13916666666667,12.686891,-26.011993,11.109406,PM*,G,5584.701947368307,28.940991397634082,2.747759388040215e-06
HD 106742, ,12,16,38.2,-,63,11,52,299,-1,6.977,0.375,2.65,0.051,3.803,0.46,67,2.62,1.11,1.4,1.2,1.7,1.57,1.54,1.61,-10.0,0.2,0.3,2,1394,0.299,5,-145,7,2,14.9,0.7,-45,-13,-4,7.967,-0.001,6.93,8.64,0.11,0.05,184.15916666666664,-63.19777777777777,32.4773,-58.5906,-1.1693112,PM*,G,6353.309318517436,66.98980089274785,9.440145766777144e-08
HD 106991, ,12,18,13.6,-,20,50,25,293,41,7.328,0.408,2.593,0.015,3.75,-0.41,116,2.0,3.56,1.8,1.4,2.2,1.5,1.44,1.72,-9.9,0.2,0.3,4,4399,0.536,14,-125,36,2,8.6,0.9,-70,-16,-2,7.967,0.077,6.41,9.31,0.18,0.12,184.55666666666664,-20.84027777777777,34.207077,-80.5868,76.102844,PM*,G,5623.413251903491,87.54631032273107,4.008470579078539e-08
HD 107076, ,12,18,54.1,-,40,7,40,296,22,7.951,0.377,2.595,-0.014,3.767,0.08,44,4.75,0.02,0.0,0.0,6.9,1.05,0.98,1.09,1.1,0.2,0.1,4,2926,0.984,3,111,-63,2,22.9,1.0,24,7,-9,7.982,0.017,7.5,9.38,0.11,0.03,184.72541666666663,-40.12777777777778,17.883821,-36.667286,16.482689,PM*,G,5847.900841444806,40.79608947149024,1.7905180372942511e-06
HD 107146, ,12,19,6.5,+,16,32,53,266,77,7.04,0.391,2.591,-0.002,3.758,-0.18,28,4.77,0.43,9.9,3.2,15.6,0.93,0.86,1.01,1.5,0.2,0.3,2,419,0.296,5,-176,-150,1,35.1,0.9,-10,-29,-5,8.0,0.028,6.62,8.0,0.09,0.04,184.7770833333333,16.548055555555557,-0.43937057,-6.283286,27.282362,PM*,G,5727.960309858292,6.29862917273101,1.8406817244279151e-06
HD 107602, ,12,22,4.5,-,31,56,46,296,31,8.283,0.371,2.607,0.005,3.767,-0.27,62,4.33,0.74,8.7,5.5,13.1,0.98,0.92,1.03,34.0,0.3,0.3,2,730,0.457,6,-50,-125,2,16.2,1.1,12,-49,-14,7.977,0.031,5.53,8.09,0.19,0.1,185.51875,-31.94611111111111,23.29695,-47.765846,31.93236,PM*,G,5847.900841444806,53.1443686894314,1.0022560819895619e-06
HD 107692, ,12,22,44.8,-,39,10,39,297,23,6.7,0.395,2.619,0.015,3.762,0.23,26,4.66,0.1,2.5,0.0,8.6,1.08,1.02,1.11,-7.1,0.1,0.3,4,2926,0.462,4,171,-148,2,39.0,0.8,20,11,-17,7.989,0.01,7.64,9.51,0.11,0.16,185.68666666666664,-39.1775,10.865406,-21.324575,10.159009,PM*,G,5780.960474057181,23.933126550358207,1.5811704900714475e-06
HD 108063, ,12,25,8.5,-,42,30,51,298,20,6.105,0.41,2.632,0.058,3.795,0.66,53,2.25,1.53,0.0,0.0,0.0,0.0,0.0,0.0,34.5,0.2,0.2,3,1462,0.481,5,-135,-23,1,19.0,0.8,-13,-47,4,7.977,0.018,5.68,7.98,0.17,0.16,186.28541666666663,-42.51416666666667,23.381428,-43.97406,18.127066,PM*,G,6237.348354824191,49.80370596856005,5.6621151894641446e-08
HD 108076, ,12,24,45.8,+,38,19,7,148,77,8.042,0.385,2.572,0.0,3.753,-0.92,37,5.19,0.61,2.0,0.0,14.8,0.83,0.76,0.89,-2.5,0.2,0.3,6,6105,0.748,3,-585,64,2,26.9,0.8,-94,-42,-15,8.007,0.036,5.23,9.46,0.29,0.14,186.19083333333333,38.31861111111112,-7.058464,4.4106193,36.051693,PM*,G,5662.3928903825345,8.323189091257538,3.2883550299477244e-06
HD 108309, ,12,26,48.1,-,48,54,47,299,14,6.253,0.426,2.612,0.0,3.745,-0.06,27,4.12,1.27,11.3,9.9,12.4,0.98,0.95,1.04,30.3,0.1,0.3,5,3303,0.39,3,-642,-79,1,37.5,0.7,-54,-68,-9,7.988,0.006,4.57,8.3,0.29,0.03,186.70041666666663,-48.91305555555555,12.701035,-22.913275,6.5318913,PM*,G,5559.042572704037,26.197985825189882,7.49857432246398e-07
HD 108451, ,12,27,34.7,+,12,5,56,281,74,8.181,0.425,2.581,0.018,3.743,-0.28,77,3.75,1.86,9.8,7.3,13.0,0.98,0.91,1.06,15.0,0.2,0.2,2,452,0.564,4,-49,-13,1,0.0,0.0,-12,-17,12,7.996,0.074,7.32,8.0,0.04,0.3,186.8945833333333,12.09888888888889,4.049743,-20.834135,74.01715,PM*,G,5533.501092157366,21.224080652981744,4.497577963252594e-07
HD 108793, ,12,29,33.0,+,56,19,55,129,61,7.731,0.4,0.0,0.0,3.756,-0.2,60,3.86,1.4,9.0,7.8,10.3,1.03,1.0,1.06,4.3,0.2,0.3,3,2262,0.526,2,-6,-187,2,16.8,0.8,19,-40,29,8.018,0.052,5.99,8.24,0.16,0.68,187.3875,56.331944444444446,-18.306032,22.606071,52.477184,PM*,G,5701.642722807472,29.0885759988705,5.23574757632536e-07
HD 108942, ,12,30,41.8,+,50,58,28,131,66,7.931,0.419,0.0,0.0,3.751,0.16,48,4.54,0.54,9.1,5.0,12.4,1.05,0.97,1.08,-11.2,0.2,0.2,3,2202,0.779,2,-227,-190,1,21.0,0.8,-22,-64,3,8.013,0.043,4.89,8.04,0.24,0.16,187.67416666666665,50.97444444444445,-12.808474,14.734467,43.85018,PM*,G,5636.376558259543,19.523358419666557,1.33961098561865e-06
HD 109098, ,12,32,4.4,-,1,46,20,293,61,7.308,0.4,2.599,0.012,3.758,-0.04,56,3.55,1.53,6.2,5.4,7.2,1.14,1.09,1.18,1.2,0.2,0.5,8,1106,0.033,3,-25,39,2,17.7,0.9,-11,4,5,7.989,0.049,7.99,8.59,0.04,0.2,188.0183333333333,-1.772222222222222,10.608093,-24.991095,48.978706,*,G,5727.960309858292,27.149336389600283,3.4117617848688533e-07
HD 109271, ,12,33,35.5,-,11,37,18,296,51,8.053,0.415,2.595,0.0,3.75,-0.02,57,4.28,0.96,11.3,8.7,13.5,0.99,0.93,1.04,-5.4,0.2,0.4,5,2579,0.302,3,-169,81,2,17.6,0.9,-50,-6,6,7.984,0.044,7.1,9.02,0.12,0.21,188.39791666666665,-11.621666666666668,15.72492,-32.24088,44.29732,PM*,G,5623.413251903491,35.87126220501308,9.353597990167014e-07
HD 109570, ,12,35,49.1,-,20,27,57,298,42,8.048,0.424,2.569,0.0,3.743,-0.07,37,5.2,0.24,0.0,0.0,0.0,0.89,0.84,0.98,-6.1,0.1,0.1,5,1445,0.967,1,-259,-22,2,27.0,0.9,-39,-22,-10,7.987,0.025,6.72,8.37,0.11,0.05,188.9545833333333,-20.46583333333333,12.90876,-24.277843,24.757833,PM*,G,5533.501092157366,27.496358767484995,3.3341006052084653e-06
HD 109591, ,12,36,6.5,-,42,51,8,300,20,7.886,0.42,2.604,0.031,3.762,0.04,47,4.38,0.54,7.3,3.8,10.6,1.03,0.98,1.11,44.5,0.2,0.2,4,1686,0.902,3,-142,-61,1,21.2,1.0,-3,-56,2,7.978,0.016,5.22,7.99,0.21,0.13,189.0270833333333,-42.852222222222224,22.082773,-38.248493,16.074945,PM*,G,5780.960474057181,44.16555309447147,1.0739367406436191e-06
HD 109929, ,12,38,25.4,+,14,52,20,288,77,7.647,0.377,2.631,0.026,3.788,0.34,81,2.98,1.1,2.0,1.6,2.8,1.44,1.39,1.48,-11.6,0.3,0.1,2,1467,0.898,8,-41,-6,1,12.3,0.9,-13,-8,-13,7.994,0.079,7.81,8.02,0.01,0.11,189.6058333333333,14.872222222222224,5.630612,-17.329233,78.92397,*,G,6137.620051647939,18.22103476377873,1.5523108761915437e-07
HD 110619, ,12,43,42.7,-,37,42,29,301,25,7.538,0.402,2.58,-0.004,3.75,-0.24,26,5.44,-0.01,0.0,0.0,9.6,0.89,0.82,0.94,-26.4,0.2,0.5,4,1424,0.077,1,-629,-209,1,38.0,1.0,-72,-31,-37,7.988,0.011,5.91,9.05,0.21,0.56,190.92791666666665,-37.70805555555556,12.1363535,-20.198294,10.988075,PM*,G,5623.413251903491,23.564001289836117,4.6449249398502366e-06
HD 110950, ,12,45,25.3,+,29,46,33,149,87,8.183,0.374,2.62,0.014,3.769,-0.13,71,3.91,0.99,7.6,5.5,9.5,1.06,1.0,1.12,6.4,0.2,0.4,3,1523,0.36,5,-124,8,2,14.0,1.0,-37,-20,5,8.003,0.071,6.85,8.37,0.1,0.2,191.35541666666663,29.77583333333333,-3.1851087,1.9138063,70.902695,PM*,G,5874.893525297769,3.715854139324548,5.610204605383642e-07
HD 111031, ,12,46,30.8,-,11,48,44,301,51,6.883,0.429,2.605,0.0,3.747,0.19,30,4.46,0.69,9.9,6.8,13.3,0.99,0.96,1.1,-20.7,0.2,0.4,5,1127,0.227,2,-277,54,1,32.8,0.9,-44,-5,-13,7.99,0.024,7.24,8.85,0.1,0.09,191.6283333333333,-11.812222222222225,9.723716,-16.18299,23.314379,PM*,G,5584.701947368307,18.879613825201936,1.1994404760661065e-06
HD 111156, ,12,47,20.9,-,19,0,16,302,44,7.235,0.421,2.593,0.025,3.761,0.09,69,2.93,1.98,3.5,2.8,4.0,1.48,1.43,1.51,10.1,0.2,0.2,4,1121,0.715,2,-86,-13,2,14.5,0.9,-18,-24,4,7.974,0.048,6.86,8.01,0.08,0.17,191.8370833333333,-19.004444444444445,26.302256,-42.092392,47.93143,PM*,G,5767.664633922509,49.63444504546414,1.4487008013797057e-07
HD 111232, ,12,48,51.7,-,68,25,30,303,-6,7.598,0.436,0.0,0.0,3.733,-0.43,29,5.29,0.62,0.0,8.9,0.0,0.82,0.79,0.86,103.8,0.1,0.2,5,2568,0.654,4,28,114,2,34.6,0.8,60,-86,7,7.984,-0.003,3.73,8.64,0.4,0.23,192.21541666666664,-68.42500000000001,15.70801,-24.188211,-3.0313256,PM*,G,5407.5432294558095,28.8411360653602,3.7755367364019577e-06
HD 111431, ,12,49,25.3,-,25,17,47,302,38,8.019,0.39,2.615,0.009,3.765,0.23,83,3.41,1.27,5.4,2.9,6.4,1.34,1.26,1.4,17.7,0.2,0.1,2,362,0.625,4,-112,-65,2,12.0,1.0,-21,-49,-10,7.965,0.051,5.54,7.99,0.18,0.06,192.35541666666663,-25.29638888888889,34.65932,-55.46649,51.099903,PM*,G,5821.032177708716,65.40489259820323,2.8117629262552084e-07
HD 111513, ,12,48,49.1,+,61,22,42,123,56,7.354,0.406,0.0,0.0,3.755,0.04,38,4.45,0.63,9.4,5.6,12.5,1.0,0.96,1.06,-21.4,0.5,0.7,2,754,0.031,2,-556,100,2,26.3,0.6,-86,-51,-29,8.012,0.031,4.99,9.1,0.29,0.38,192.2045833333333,61.37833333333333,-11.5732155,17.821188,31.50343,PM*,G,5688.529308438413,21.249330783363135,1.182983535779732e-06
HD 111528, ,12,50,1.7,-,7,11,50,302,56,8.264,0.427,2.579,0.0,3.745,-0.07,95,3.37,2.03,5.5,4.0,7.4,1.16,1.08,1.26,45.0,0.1,0.3,7,2575,0.628,3,60,-140,2,10.5,1.0,65,-51,2,7.971,0.079,4.99,9.04,0.29,0.18,192.50708333333333,-7.197222222222223,28.15108,-45.051132,78.758575,PM*,G,5559.042572704037,53.123326323262404,2.6605945697733073e-07
HD 111547, ,12,50,10.9,-,20,21,56,303,43,8.196,0.41,2.622,0.05,3.781,0.2,106,2.85,1.47,2.6,2.2,3.3,1.43,1.37,1.49,-12.4,0.2,0.2,2,648,0.568,5,-27,-44,2,9.4,1.2,-8,-12,-25,7.958,0.072,7.54,7.96,0.03,0.28,192.54541666666665,-20.36555555555556,42.222324,-65.01667,72.291824,PM*,G,6039.4862937638,77.52349335427215,1.2971156533788488e-07
HD 111564, ,12,50,20.1,-,30,34,37,303,32,7.621,0.375,2.622,0.013,3.77,0.05,51,4.08,0.64,5.2,3.2,8.3,1.09,1.04,1.17,-4.9,0.1,0.1,4,2923,0.947,4,-430,24,2,19.6,1.0,-91,-50,2,7.977,0.027,4.94,9.22,0.3,0.14,192.58375,-30.576944444444443,23.55589,-36.27288,27.025883,PM*,G,5888.43655355589,43.250454069136666,7.095429681178739e-07
HD 112001, ,12,53,1.5,+,26,47,39,350,90,7.667,0.403,2.616,0.025,3.772,0.29,55,3.86,0.59,3.7,2.1,7.1,1.23,1.2,1.26,-12.6,0.2,0.1,3,1036,0.852,3,-233,-100,1,18.2,0.9,-37,-55,-12,8.0,0.055,5.23,8.14,0.22,0.1,193.25625,26.79416666666667,-2.3676023e-06,4.174728e-07,55.0,PM*,G,5915.616341754737,2.4041264920351277e-06,5.23574757632536e-07
HD 112019, ,12,53,42.6,-,27,24,15,304,35,7.694,0.331,2.613,-0.027,3.792,0.15,48,4.29,-0.19,0.0,0.0,2.4,1.16,1.12,1.2,24.8,0.2,0.1,2,974,0.983,5,-33,-40,2,20.9,0.9,8,-25,7,7.978,0.028,6.71,8.12,0.1,0.22,193.4275,-27.404166666666665,21.987072,-32.597176,27.53167,PM*,G,6194.410750767812,39.31929829368983,9.483719499834043e-07
HD 112540, ,13,8,20.6,-,87,13,9,303,-24,8.209,0.437,0.0,0.0,3.735,-0.19,37,5.37,0.33,0.0,0.0,0.0,0.84,0.81,0.92,6.4,0.2,0.4,4,2281,0.198,2,3,82,2,27.1,0.7,8,-9,11,7.982,-0.015,7.47,8.33,0.05,0.28,197.08583333333328,-87.21916666666667,18.409445,-28.348055,-15.049255,PM*,G,5432.503314924331,33.80118174696042,4.216758221532718e-06
HD 112735, ,12,58,40.9,+,22,2,34,321,85,7.218,0.369,2.614,0.003,3.774,-0.02,58,3.38,1.3,4.9,3.1,5.7,1.2,1.15,1.3,-41.7,0.2,0.2,2,1076,0.608,5,72,-247,1,17.1,0.8,51,-43,-48,7.996,0.058,5.49,8.86,0.23,0.84,194.67041666666665,22.04277777777778,3.9285002,-3.1812382,57.779293,PM*,G,5942.921586155727,5.055036133059712,2.697607127122331e-07
HD 112956, ,12,58,49.2,+,68,47,6,122,48,8.083,0.425,0.0,0.0,3.735,-0.6,34,5.4,0.57,0.0,0.0,0.0,0.79,0.76,0.86,9.1,0.2,0.2,2,360,0.646,3,-300,247,2,29.1,0.7,-61,2,-18,8.012,0.026,7.12,9.73,0.15,0.19,194.705,68.785,-12.055899,19.293465,25.266926,PM*,G,5432.503314924331,22.750439389260727,4.395200589841064e-06
HD 113027,*,13,1,6.7,-,33,28,48,305,29,7.57,0.366,0.0,0.0,3.77,-0.18,45,4.32,0.6,7.3,4.4,10.5,1.0,0.96,1.06,-5.4,0.2,0.3,2,766,0.323,6,111,-42,2,22.4,0.9,19,13,-11,7.978,0.022,7.68,9.6,0.11,0.07,195.27791666666667,-33.480000000000004,22.574753,-32.240097,21.816433,PM*,G,5888.43655355589,39.35788774287078,9.885046130154186e-07
HD 113283, ,13,15,26.4,-,87,33,38,303,-25,7.12,0.423,2.584,0.0,3.743,-0.11,25,5.16,0.31,0.0,0.0,0.0,0.87,0.84,0.97,-5.2,0.2,0.4,5,2569,0.191,3,-226,-160,3,40.5,0.6,-30,-6,-13,7.988,-0.01,7.51,8.45,0.06,0.08,198.86,-87.56055555555555,12.340266,-19.00234,-10.565456,PM*,G,5533.501092157366,22.657693846160868,3.1548498923804364e-06
HD 113319, ,13,2,33.4,+,32,25,59,99,84,7.539,0.416,2.58,0.0,3.745,-0.23,31,5.06,0.47,14.8,5.3,0.0,0.86,0.83,0.92,6.2,0.3,0.0,1,0,0.0,4,-192,44,1,31.9,0.8,-27,-10,7,8.001,0.031,7.44,8.31,0.06,0.21,195.63916666666665,32.433055555555555,-0.5069073,3.2004867,30.83018,PM*,G,5559.042572704037,3.2403811701202963,2.747759388040215e-06
HD 113425, ,13,3,37.0,-,11,34,57,308,51,7.881,0.401,2.59,0.009,3.754,-0.34,77,3.45,1.97,6.8,5.6,8.2,1.09,1.03,1.15,35.7,0.2,0.3,5,2576,0.56,4,-51,-89,2,13.0,0.9,12,-49,9,7.971,0.06,5.51,8.08,0.19,0.27,195.90416666666667,-11.5825,29.83352,-38.18516,59.84024,PM*,G,5675.446054085472,48.45766564555086,2.971520292224332e-07
HD 114285, ,13,9,15.2,+,23,53,34,355,85,8.141,0.373,2.627,0.017,3.77,-0.04,59,4.28,0.51,6.3,3.1,9.3,1.05,0.99,1.11,-30.1,0.2,0.1,3,2628,0.918,5,-192,-16,1,16.9,1.1,-44,-34,-26,7.995,0.059,6.12,8.35,0.15,0.32,197.3133333333333,23.892777777777777,5.122624,-0.44817302,58.77549,PM*,G,5888.43655355589,5.142191721555306,9.353597990167014e-07
HD 114729, ,13,12,44.2,-,31,52,23,308,31,6.682,0.397,2.6,0.029,3.753,-0.6,35,3.96,1.65,11.9,10.4,13.3,0.91,0.88,0.94,64.4,0.2,0.3,5,1685,0.266,2,-200,-307,1,28.6,1.0,20,-86,-5,7.981,0.018,3.89,8.1,0.35,0.03,198.1841666666666,-31.87305555555556,18.470373,-23.640997,18.026333,PM*,G,5662.3928903825345,30.000856952979493,6.011442541001502e-07
HD 114853, ,13,13,52.2,-,45,11,8,307,18,6.927,0.399,2.593,-0.001,3.753,-0.14,24,4.99,0.29,8.1,0.0,17.0,0.91,0.85,1.0,58.1,0.1,0.2,5,1798,0.763,3,-109,-111,1,40.9,0.8,25,-55,7,7.986,0.007,5.17,8.22,0.23,0.22,198.4675,-45.18555555555555,13.736647,-18.22914,7.416408,PM*,G,5662.3928903825345,22.825359053960334,2.4944723844527592e-06
HD 114962, ,13,14,9.2,-,14,16,55,311,48,7.909,0.391,2.621,0.027,3.779,0.2,111,2.56,1.81,2.3,1.9,2.9,1.49,1.44,1.6,1.0,0.4,0.6,2,646,0.048,4,-113,4,2,9.0,0.9,-49,-34,7,7.951,0.083,6.06,8.4,0.16,0.24,198.5383333333333,-14.281944444444443,48.72778,-56.054924,82.48908,PM*,G,6011.737374832779,74.27348819312431,8.689178128317536e-08
HD 115153, ,13,15,30.7,-,8,3,18,313,54,8.068,0.434,2.586,0.0,3.739,-0.07,44,4.85,0.67,16.2,10.7,0.0,0.89,0.86,0.93,16.0,0.2,0.4,7,2517,0.113,2,44,57,2,22.7,1.0,9,7,19,7.982,0.036,7.79,9.06,0.08,0.46,198.87791666666664,-8.055000000000001,17.638218,-18.914673,35.59675,PM*,G,5482.769649208536,25.862551863891024,2.055789768874886e-06
HD 115341, ,13,16,40.0,-,5,34,24,314,57,7.843,0.366,2.611,-0.001,3.771,-0.1,51,4.3,0.52,6.6,3.4,9.6,1.03,0.98,1.09,18.8,0.1,0.3,7,1745,0.475,4,-11,-49,1,19.6,1.1,10,-17,10,7.98,0.043,7.07,8.23,0.08,0.27,199.16666666666663,-5.573333333333333,19.295242,-19.98081,42.772198,*,G,5902.010801718442,27.776593241336563,9.615651180014716e-07
HD 115349, ,13,16,11.2,+,35,53,9,93,80,8.291,0.412,2.571,0.0,3.744,-0.4,45,5.04,0.64,0.0,7.7,0.0,0.84,0.81,0.89,-47.0,0.2,0.2,3,1134,0.711,2,267,-176,2,22.4,1.0,68,-5,-46,8.0,0.044,6.47,10.41,0.23,0.86,199.04666666666668,35.88583333333333,-0.40896195,7.8034606,44.31635,PM*,G,5546.25712957911,7.814169643173877,2.6728753163232114e-06
HD 115585,*,13,19,50.5,-,70,51,18,305,-8,7.432,0.457,0.0,0.0,3.736,0.17,43,4.24,1.17,11.1,9.9,12.4,1.03,1.01,1.05,30.9,0.2,0.1,2,1350,0.86,1,-393,-31,2,23.0,0.7,-48,-72,-1,7.975,-0.006,4.41,8.2,0.3,0.09,199.96041666666665,-70.85499999999999,24.423756,-34.88075,-5.9844437,PM*,G,5445.026528424214,42.581528597621244,8.850722010772422e-07
HD 115642, ,13,18,45.3,-,17,8,1,312,45,7.466,0.377,2.625,0.019,3.77,0.07,71,3.21,1.49,4.3,2.7,4.9,1.36,1.24,1.42,8.8,0.2,0.1,4,3401,0.887,6,29,6,2,14.1,0.9,11,2,7,7.966,0.05,7.67,8.83,0.07,0.22,199.68875,-17.13361111111111,33.59343,-37.30927,50.204582,*,G,5888.43655355589,50.20458312841368,2.1329403021556404e-07
HD 115674, ,13,23,0.0,-,81,18,36,304,-19,7.885,0.429,2.588,0.0,3.738,-0.35,34,5.22,0.54,0.0,6.9,0.0,0.83,0.8,0.88,7.3,0.2,0.4,6,2513,0.101,3,-360,-149,2,29.3,0.6,-49,-36,-18,7.982,-0.011,5.97,8.41,0.17,0.16,200.75,-81.31,17.976728,-26.651596,-11.069317,PM*,G,5470.159628939716,32.147633177781536,3.427509761747643e-06
HD 115755, ,13,19,6.7,+,2,54,12,319,65,7.688,0.42,2.593,0.0,3.744,-0.2,34,5.04,0.48,15.1,6.1,0.0,0.86,0.83,0.92,-43.0,0.2,0.2,4,691,0.848,1,-261,-43,2,29.6,1.0,-44,-18,-37,7.989,0.031,6.84,8.56,0.11,0.54,199.77791666666664,2.9033333333333333,10.844438,-9.426927,30.814465,PM*,G,5546.25712957911,14.369021824716288,2.6728753163232114e-06
HD 116080, ,13,21,57.0,-,38,51,16,309,24,7.139,0.386,2.598,0.015,3.759,-0.44,60,3.25,2.14,5.7,4.9,6.5,1.1,1.06,1.16,21.3,0.1,0.2,5,4899,0.896,4,-72,-59,2,16.7,0.9,-1,-34,-3,7.965,0.024,6.31,7.99,0.12,0.06,200.48749999999995,-38.85444444444445,34.494766,-42.59749,24.404198,PM*,G,5741.164622073275,54.812726949996346,2.254128657425552e-07
HD 116259, ,13,22,43.6,-,18,1,51,313,44,8.062,0.448,0.0,0.0,3.735,-0.15,57,4.26,1.41,13.8,12.0,15.8,0.93,0.89,0.96,15.1,0.2,0.3,3,1698,0.511,3,-163,-38,2,17.4,0.9,-24,-40,9,7.972,0.04,5.97,8.03,0.15,0.24,200.68166666666664,-18.030833333333334,27.963549,-29.987234,39.595528,PM*,G,5432.503314924331,41.00236914674757,9.09868647726075e-07
HD 116410, ,13,23,41.2,-,15,7,4,314,47,8.19,0.407,2.595,0.015,3.754,-0.05,53,4.55,0.63,10.4,6.3,14.5,0.96,0.9,1.02,-4.4,0.2,0.2,4,1057,0.689,5,49,-66,1,18.7,1.0,14,-1,-16,7.975,0.039,7.54,8.74,0.07,0.14,200.92166666666665,-15.117777777777778,25.109058,-26.001194,38.761745,PM*,G,5675.446054085472,36.145911014567055,1.3582468307766884e-06
HD 116459, ,13,15,11.4,+,84,45,7,122,32,7.286,0.339,2.642,0.015,3.786,-0.15,54,3.63,0.89,3.7,3.1,6.3,1.13,1.08,1.23,8.7,0.1,0.3,8,3623,0.744,7,-131,18,1,18.6,0.5,-33,-11,4,8.024,0.029,7.3,8.43,0.07,0.17,198.7975,84.75194444444445,-24.267445,38.836018,28.61564,PM*,G,6109.420249055721,45.79459772641691,3.81047134770222e-07
HD 116497, ,13,23,44.7,+,19,5,28,347,79,7.867,0.359,2.637,0.019,3.775,-0.1,49,4.44,0.29,5.1,0.0,8.8,1.03,0.98,1.11,-12.6,0.5,0.0,1,0,0.0,11,23,-17,2,20.6,0.9,4,1,-14,7.991,0.048,7.8,8.58,0.05,0.11,200.93625,19.09111111111111,9.110013,-2.1032119,48.09973,*,G,5956.621435290103,9.349643691417905,1.1667523931790261e-06
HD 116630, ,13,26,34.8,-,65,50,39,307,-3,8.021,0.451,2.635,0.104,3.789,0.36,139,1.86,2.2,1.3,1.1,1.6,1.78,1.69,1.88,18.2,0.2,0.5,4,1536,0.299,17,7,-25,2,7.2,0.9,13,-13,-17,7.917,-0.008,7.15,8.3,0.07,0.15,201.645,-65.84416666666667,83.53767,-110.85819,-7.2746983,*,G,6151.7687270986835,138.80951191869022,3.303533387126855e-08
HD 117079, ,13,27,45.7,+,12,42,9,335,73,8.205,0.389,2.596,-0.003,3.761,-0.3,112,2.96,2.27,4.4,3.2,6.0,1.2,1.09,1.33,-10.7,0.4,0.6,2,873,0.205,13,28,-20,1,4.9,1.0,15,2,-15,7.971,0.107,7.58,8.88,0.08,0.17,201.9404166666666,12.7025,29.677626,-13.838911,107.10613,*,G,5767.664633922509,32.74564005576616,1.5100060952541168e-07
HD 117207, ,13,29,21.1,-,35,34,15,312,27,7.248,0.451,0.0,0.0,3.735,0.07,33,4.66,0.84,16.1,11.1,0.0,0.91,0.9,0.95,-17.9,0.1,0.1,5,2100,0.972,2,-205,-73,2,30.3,0.9,-34,-13,-14,7.98,0.015,7.19,8.38,0.08,0.1,202.33791666666664,-35.57083333333334,19.674595,-21.850843,14.981687,PM*,G,5432.503314924331,29.403214589984444,1.5811704900714475e-06
HD 117266, ,13,29,12.5,+,0,7,9,323,62,7.796,0.346,2.602,-0.03,3.782,-0.12,75,3.42,1.17,5.0,2.8,6.0,1.17,1.11,1.27,-21.4,0.6,0.0,1,0,0.0,7,-166,0,1,13.3,1.0,-55,-29,-10,7.971,0.066,6.16,8.59,0.16,0.08,202.3020833333333,0.1191666666666666,28.120255,-21.19013,66.22107,PM*,G,6053.408747539136,35.21037277112989,2.8508784449224386e-07
HD 117618, ,13,32,25.5,-,47,16,16,310,15,7.179,0.376,2.622,0.016,3.768,-0.02,38,4.28,0.55,6.7,3.6,9.6,1.04,0.99,1.11,0.9,0.2,0.4,5,1211,0.297,3,26,-124,1,26.3,0.9,5,-5,-22,7.976,0.01,7.64,8.38,0.05,0.22,203.10625,-47.27111111111111,23.593632,-28.117804,9.835124,PM*,G,5861.3816451402845,36.705181824012804,9.353597990167014e-07
HD 117655, ,13,24,38.8,+,83,18,30,122,34,7.24,0.457,0.0,0.0,3.734,-0.17,46,3.91,1.8,9.8,8.9,10.8,1.04,0.98,1.06,-23.9,0.3,0.0,1,0,0.0,4,26,92,2,21.6,0.6,6,-6,-30,8.02,0.026,7.64,8.44,0.05,0.38,201.16166666666663,83.30833333333334,-20.208862,32.34093,25.722874,PM*,G,5420.008904016238,38.13572939645896,5.610204605383642e-07
HD 117858, ,13,32,30.9,+,36,2,6,81,78,7.965,0.388,2.586,0.015,3.755,-0.78,60,4.08,1.6,13.3,11.0,15.5,0.87,0.82,0.91,-28.8,0.2,0.3,7,1056,0.894,3,86,-290,2,16.7,0.9,69,-55,-20,7.998,0.058,4.82,9.13,0.31,0.21,203.12875,36.035,1.9514732,12.3211155,58.688858,PM*,G,5688.529308438413,12.474699788558379,7.095429681178739e-07
HD 117860, ,13,33,11.3,-,8,26,36,320,53,7.329,0.393,2.613,0.015,3.759,-0.04,32,4.79,0.26,6.7,0.0,12.7,0.98,0.9,1.05,-9.9,0.1,0.3,6,4063,0.503,3,-239,48,1,31.0,0.9,-36,-13,2,7.985,0.026,7.13,8.44,0.08,0.14,203.2970833333333,-8.443333333333333,14.7525425,-12.378858,25.556337,PM*,G,5741.164622073275,19.258079748471037,1.8922508123754359e-06
HD 117939, ,13,34,32.6,-,38,54,25,312,23,7.282,0.415,2.59,0.016,3.745,-0.27,30,4.88,0.68,0.0,11.1,0.0,0.86,0.84,0.9,81.7,0.1,0.2,5,4517,0.614,4,448,-394,2,33.1,0.8,108,-40,-26,7.981,0.012,4.88,10.66,0.37,0.36,203.6358333333333,-38.90694444444444,18.478144,-20.522049,11.721933,PM*,G,5559.042572704037,27.615146221650484,2.142785507266722e-06
HD 118936, ,13,36,40.7,+,75,54,31,119,41,8.183,0.428,2.59,0.029,3.756,-0.04,57,4.26,0.86,10.6,7.1,12.9,1.0,0.96,1.05,-44.9,0.2,0.1,2,705,0.792,2,258,-129,2,17.4,0.7,89,-2,-16,8.021,0.038,6.19,11.26,0.29,0.16,204.1695833333333,75.90861111111111,-20.855755,37.624783,37.395363,PM*,G,5701.642722807472,43.01844735014403,9.09868647726075e-07
HD 119251, ,13,42,58.4,-,42,10,55,313,20,7.522,0.365,2.632,0.012,3.776,0.19,47,4.16,0.29,3.7,1.0,5.6,1.16,1.1,1.22,7.8,0.1,0.2,7,1520,0.782,4,0,-43,2,0.0,0.0,6,-9,-6,7.97,0.016,7.48,8.25,0.05,0.02,205.74333333333328,-42.18194444444444,30.120836,-32.30064,16.074945,*,G,5970.352865838366,44.165553384379734,7.92462463811988e-07
HD 119550, ,13,43,35.7,+,14,21,56,349,72,6.938,0.404,2.584,-0.006,3.755,-0.07,61,3.03,2.14,3.8,3.4,4.4,1.28,1.25,1.33,5.3,0.2,0.3,3,1835,0.471,4,-313,-7,2,16.5,0.9,-66,-57,23,7.982,0.058,4.95,8.57,0.27,0.54,205.89875,14.365555555555556,18.503706,-3.5967593,58.01445,PM*,G,5688.529308438413,18.85003483276815,1.6633310715695407e-07
HD 119703, ,13,41,22.0,+,74,29,7,118,42,8.021,0.344,2.635,0.018,3.783,-0.28,102,2.98,1.73,4.0,3.5,4.6,1.29,1.14,1.37,-47.2,0.3,0.2,2,767,0.538,7,24,-21,2,9.8,0.7,31,-28,-27,8.036,0.069,6.32,8.6,0.15,0.32,205.34166666666664,74.48527777777778,-35.586308,66.92811,68.25132,*,G,6067.363295885053,75.80077324963753,1.5523108761915437e-07
HD 119856, ,13,46,17.6,-,30,28,28,317,31,8.213,0.381,2.584,-0.011,3.762,-0.12,48,4.79,0.26,6.3,0.0,12.6,0.97,0.9,1.04,-1.9,0.2,0.3,4,1772,0.376,5,33,-16,2,20.7,1.1,5,4,-6,7.97,0.025,7.8,8.75,0.06,0.04,206.57333333333327,-30.474444444444444,30.090841,-28.060158,24.721828,*,G,5780.960474057181,41.144029689278675,1.8922508123754359e-06
HD 119949, ,13,46,45.6,-,20,51,9,320,40,8.118,0.331,2.621,0.009,3.785,-0.59,75,3.75,1.17,6.5,4.1,8.6,1.03,0.98,1.08,-39.4,0.2,0.3,7,5780,0.725,5,-117,120,2,13.4,1.1,-67,20,13,7.956,0.048,7.27,10.8,0.2,0.37,206.69,-20.852500000000003,44.0118,-36.930298,48.20907,PM*,G,6095.368972401694,57.45333279809627,4.497577963252594e-07
HD 120056, ,13,48,31.6,-,55,36,53,311,6,7.961,0.446,0.0,0.0,3.739,0.0,101,2.94,2.53,3.4,2.8,4.2,1.28,1.23,1.39,5.1,0.2,0.3,4,1978,0.411,3,-142,-79,2,9.9,1.0,-51,-55,-21,7.934,0.011,5.09,8.26,0.24,0.21,207.13166666666663,-55.61472222222223,65.89896,-75.80811,10.557375,PM*,G,5482.769649208536,100.44671458466772,1.4688542370447329e-07
HD 120553, ,13,49,51.1,+,14,53,2,354,72,8.164,0.384,2.59,0.017,3.756,-0.55,44,4.96,0.56,0.0,0.0,0.0,0.84,0.8,0.94,-22.0,0.2,0.4,3,2193,0.31,4,-215,-147,1,22.9,1.0,-22,-51,-18,7.986,0.041,5.48,8.02,0.19,0.16,207.46291666666664,14.883888888888889,13.522262,-1.4212495,41.84649,PM*,G,5701.642722807472,13.596746660061527,2.3931983809430355e-06
HD 121320, ,13,54,28.2,+,20,38,30,12,74,7.895,0.426,2.594,0.0,3.738,-0.37,33,5.3,0.48,0.0,1.7,0.0,0.82,0.79,0.89,-12.3,0.2,0.2,5,5061,0.777,2,210,-76,1,30.2,1.0,29,11,-21,7.991,0.032,7.49,9.74,0.13,0.24,208.6175,20.641666666666666,8.897265,1.891172,31.721636,PM*,G,5470.159628939716,9.096035180990068,3.82805968430505e-06
HD 121608, ,13,56,36.3,-,10,2,2,328,50,7.682,0.349,2.601,-0.018,3.778,-0.15,49,4.23,0.48,5.6,2.5,8.3,1.05,0.99,1.11,-43.4,0.2,0.2,6,3283,0.966,4,-236,-31,1,20.4,1.4,-61,-25,-24,7.973,0.037,6.26,8.84,0.17,0.27,209.15125,-10.033888888888889,26.710625,-16.69065,37.53618,PM*,G,5997.910762555094,31.496591645972188,8.729285552249458e-07
HD 121825, ,13,56,54.9,+,44,16,57,90,68,7.652,0.392,2.581,-0.002,3.756,-0.36,44,4.41,0.99,13.5,9.6,17.2,0.87,0.84,0.96,20.6,0.2,0.1,3,2538,0.971,2,-25,8,1,22.5,0.9,-5,5,20,8.0,0.041,7.97,8.78,0.05,0.47,209.22875,44.2825,-7.204814e-07,16.482693,40.79609,*,G,5701.642722807472,16.482693000000015,1.1193829828386824e-06
HD 121849, ,13,58,36.7,-,34,0,4,319,27,8.153,0.431,2.568,0.0,3.736,-0.38,36,5.35,0.47,0.0,0.3,0.0,0.82,0.79,0.89,56.3,0.2,0.1,5,1801,0.979,2,-462,-306,2,27.5,1.0,-14,-110,1,7.976,0.016,3.01,7.98,0.45,0.12,209.65291666666664,-34.00111111111111,24.208242,-21.043907,16.343658,PM*,G,5445.026528424214,32.07623735033791,4.101839853334638e-06
HD 122518, ,14,1,57.4,+,21,33,22,18,73,7.932,0.396,2.593,0.001,3.759,-0.04,55,4.22,0.83,9.6,6.2,12.0,1.02,0.97,1.07,-0.7,0.2,0.1,2,1108,0.914,3,-121,11,1,18.1,1.0,-25,-18,8,7.985,0.053,7.11,8.13,0.07,0.24,210.48916666666665,21.55611111111111,15.293415,4.969132,52.59676,PM*,G,5741.164622073275,16.080448227448418,8.609515264400525e-07
HD 122674, ,14,2,10.4,+,45,59,22,91,67,8.039,0.36,2.633,0.024,3.789,-0.01,66,3.83,0.49,3.5,2.2,4.5,1.18,1.11,1.24,-14.4,0.3,0.2,2,880,0.554,7,-29,11,2,15.1,0.8,-9,-9,-12,8.0,0.061,7.76,8.0,0.02,0.09,210.5433333333333,45.989444444444445,-0.45006573,25.784332,60.75332,*,G,6151.7687270986835,25.78825965139068,5.023179531184576e-07
HD 122973, ,14,5,10.6,-,9,2,54,332,50,8.082,0.381,2.586,-0.021,3.765,0.04,49,4.65,0.2,4.4,0.0,9.6,1.03,0.97,1.09,-12.2,0.1,0.2,8,1743,0.93,5,-103,-6,2,20.6,1.2,-23,-12,-3,7.972,0.037,7.39,8.15,0.05,0.07,211.29416666666663,-9.048333333333334,27.809841,-14.786752,37.53618,PM*,G,5821.032177708716,31.496591738706982,1.559476017642916e-06
HD 123300, ,14,4,51.5,+,58,52,3,106,56,7.595,0.389,2.619,0.021,3.775,0.15,48,4.11,0.4,4.1,2.2,6.0,1.18,1.12,1.21,-33.0,0.2,0.2,3,2293,0.789,4,-179,20,2,20.9,0.6,-27,-41,-18,8.007,0.04,5.93,8.09,0.15,0.17,211.2145833333333,58.8675,-7.3984537,25.801474,39.793804,PM*,G,5956.621435290103,26.84125886995093,7.395690025727166e-07
HD 123651, ,14,10,4.8,-,46,16,10,317,14,8.198,0.364,2.609,0.02,3.778,-0.27,54,4.46,0.36,5.9,0.0,9.7,1.0,0.94,1.07,-21.2,0.2,0.2,4,4870,0.738,3,-92,-112,1,18.6,1.2,-32,-12,-25,7.962,0.013,7.22,8.35,0.07,0.27,212.51999999999995,-46.269444444444446,38.31999,-35.73396,13.063783,PM*,G,5997.910762555094,52.39596865104891,1.1994404760661065e-06
HD 123710, ,14,4,57.0,+,74,34,24,116,42,8.21,0.402,2.589,0.038,3.766,-0.36,44,4.84,0.33,5.3,0.0,13.0,0.93,0.85,1.01,12.8,0.3,0.2,2,743,0.557,3,-149,92,1,22.8,0.7,-38,-4,4,8.015,0.029,7.43,8.79,0.08,0.17,211.23749999999995,74.57333333333332,-14.334022,29.389103,29.441748,PM*,G,5834.451042737448,32.69837246471287,2.0275832758118263e-06
HD 124292, ,14,12,45.2,-,3,19,12,339,54,7.044,0.448,2.568,0.0,3.731,-0.1,22,5.31,0.4,0.0,5.0,0.0,0.85,0.83,0.91,37.5,0.1,0.3,5,2261,0.526,2,-162,-323,2,44.9,1.0,24,-44,19,7.988,0.018,5.7,8.27,0.18,0.44,213.1883333333333,-3.32,12.072385,-4.634156,17.798374,PM*,G,5382.697825162882,12.931275320731556,3.8813132991964495e-06
HD 124364, ,14,14,24.8,-,48,8,47,317,12,8.228,0.42,2.58,0.0,3.741,-0.31,36,5.43,0.24,0.0,0.0,0.0,0.83,0.79,0.92,-24.5,0.2,0.3,5,1979,0.364,1,-103,-121,2,27.6,1.1,-31,-3,-19,7.974,0.008,7.56,8.59,0.06,0.18,213.6033333333333,-48.146388888888886,25.75339,-24.015419,7.4848213,PM*,G,5508.076964054036,35.21331347995614,4.581194180471064e-06
HD 124580, ,14,15,38.6,-,45,0,2,318,15,6.323,0.383,2.602,0.008,3.761,-0.25,21,4.71,0.48,10.1,4.2,15.5,0.92,0.85,1.0,4.5,0.2,0.4,4,2282,0.241,5,128,-136,1,47.5,0.8,12,0,-15,7.985,0.006,7.62,8.72,0.07,0.12,213.9108333333333,-45.00055555555556,15.07428,-13.572941,5.4351997,PM*,G,5767.664633922509,20.28444342120042,1.6942547049835658e-06
HD 124584, ,14,17,4.7,-,66,18,57,311,-5,7.29,0.373,2.603,-0.001,3.768,-0.18,45,4.0,0.97,8.9,6.6,10.4,1.02,0.99,1.07,-9.0,0.2,0.4,9,2187,0.037,4,-394,-223,2,22.0,0.8,-79,-56,-17,7.97,-0.004,4.85,8.82,0.29,0.15,214.2695833333333,-66.31583333333333,29.410307,-33.832703,-3.9220083,PM*,G,5861.3816451402845,44.82876253166552,6.352997732962232e-07
HD 125141, ,14,16,5.3,+,50,10,9,94,62,7.793,0.402,2.594,0.011,3.754,-0.16,45,4.51,0.76,11.9,7.9,16.2,0.94,0.88,0.99,-47.5,0.2,0.1,3,2200,0.897,2,-298,186,2,22.1,0.8,-72,-40,-35,8.001,0.04,5.6,8.9,0.23,0.51,214.0220833333333,50.16916666666666,-1.4736909,21.07476,39.73264,PM*,G,5675.446054085472,21.12622242442654,1.2852236255882161e-06
HD 125881, ,14,24,45.9,-,63,42,23,313,-3,7.269,0.371,2.631,0.018,3.771,0.0,36,4.46,0.28,5.0,0.0,8.9,1.05,0.99,1.12,18.0,0.1,0.2,6,1360,0.692,3,-264,-135,8,27.4,0.9,-25,-48,-6,7.975,-0.002,5.58,8.02,0.18,0.01,216.19125,-63.70638888888889,24.518291,-26.292648,-1.8840945,PM*,G,5902.010801718442,35.950659693705,1.1994404760661065e-06
HD 125960, ,14,20,42.8,+,57,10,52,101,56,8.269,0.373,2.62,0.017,3.77,-0.21,99,3.29,1.66,5.2,4.4,6.2,1.17,1.1,1.25,2.5,0.2,0.3,4,1085,0.551,6,-18,-60,2,10.1,0.7,14,-19,17,8.011,0.082,6.97,8.34,0.09,0.42,215.1783333333333,57.18111111111111,-10.563206,54.342976,82.07472,PM*,G,5888.43655355589,55.36009719585951,2.3822026331875928e-07
HD 126053, ,14,23,15.2,+,1,14,29,347,56,6.262,0.405,2.59,0.014,3.748,-0.37,18,5.03,0.54,14.4,4.9,0.0,0.84,0.81,0.91,-19.6,0.1,0.3,367,6975,0.359,2,223,-478,2,56.8,1.0,22,-15,-40,7.99,0.015,6.99,8.57,0.1,0.6,215.81333333333328,1.2413888888888889,9.807494,-2.264238,14.922677,PM*,G,5597.576014951104,10.065471289546258,2.636202092139624e-06
HD 126244, ,14,22,29.5,+,55,52,12,99,57,8.216,0.402,2.574,0.0,3.747,-0.54,41,5.15,0.55,0.0,0.0,0.0,0.82,0.79,0.91,-14.6,0.3,0.4,2,380,0.283,1,-234,163,2,24.4,0.7,-53,-20,-10,8.004,0.034,6.57,8.73,0.14,0.06,215.62291666666667,55.87,-3.493213,22.055279,34.385494,PM*,G,5584.701947368307,22.330200823799366,3.1115637291006563e-06
HD 126323, ,14,22,28.9,+,60,57,56,105,53,7.413,0.379,2.613,0.007,3.767,0.01,43,4.27,0.55,6.7,3.6,9.5,1.05,1.0,1.11,-3.3,0.2,0.3,3,2252,0.469,3,-8,-83,2,23.5,0.6,11,-11,6,8.007,0.034,7.33,8.39,0.07,0.21,215.62041666666667,60.96555555555556,-6.69773,24.996271,34.341328,PM*,G,5847.900841444806,25.87804380277499,9.225261814543033e-07
HD 126351, ,14,25,35.3,-,30,51,49,326,28,8.16,0.353,2.619,0.003,3.776,-0.2,58,4.34,0.46,6.3,2.5,9.2,1.02,0.96,1.09,-17.5,0.2,0.5,4,1800,0.145,5,-45,-14,2,17.2,1.2,-20,-2,-7,7.958,0.027,7.8,8.34,0.03,0.03,216.39708333333328,-30.863611111111112,42.455803,-28.636818,27.229351,*,G,5970.352865838366,51.21096126358041,1.0161988529530514e-06
HD 126512, ,14,25,30.1,+,20,35,24,21,68,7.274,0.384,2.586,0.011,3.756,-0.72,47,3.92,1.7,11.6,10.1,13.2,0.9,0.87,0.93,-49.0,0.2,0.3,5,619,0.631,2,132,-581,1,21.3,0.8,86,-84,-74,7.983,0.043,3.82,9.33,0.42,1.75,216.3754166666666,20.59,16.437094,6.3096094,43.57764,PM*,G,5701.642722807472,17.606511010004347,5.68825032571083e-07
HD 126525, ,14,27,32.9,-,51,55,59,318,8,7.848,0.426,2.599,0.0,3.742,-0.15,38,4.95,0.58,16.6,9.1,0.0,0.87,0.85,0.92,12.5,0.2,0.4,5,1958,0.089,3,-305,40,1,26.3,0.9,-27,-41,29,7.972,0.005,5.98,8.05,0.15,0.66,216.8870833333333,-51.93305555555556,27.964678,-25.179506,5.288578,PM*,G,5520.774392807573,37.630183869438106,2.360362468169936e-06
HD 126583, ,14,25,58.2,+,13,25,59,6,64,8.047,0.457,2.573,0.0,3.729,-0.02,34,5.38,0.31,0.0,0.0,0.0,0.86,0.83,0.93,0.0,0.2,0.4,5,3696,0.298,3,-298,-127,2,29.3,0.9,-20,-47,12,7.985,0.031,5.68,8.01,0.17,0.29,216.4925,13.433055555555557,14.822971,1.557957,30.558998,PM*,G,5357.966575133417,14.904620064956035,4.275419171710767e-06
HD 126677, ,14,27,1.2,+,1,8,34,348,55,8.04,0.426,2.573,0.0,3.739,-0.46,84,3.42,2.39,7.1,4.9,9.3,0.97,0.93,1.11,8.6,0.7,1.0,2,449,0.012,2,75,-52,1,11.9,1.2,35,3,-13,7.953,0.069,7.2,9.49,0.14,0.11,216.755,1.1427777777777777,47.12756,-10.017276,68.80877,PM*,G,5482.769649208536,48.180418532986785,2.8508784449224386e-07
HD 126793, ,14,30,12.6,-,62,51,44,314,-2,8.205,0.369,2.592,0.01,3.763,-0.73,56,4.44,1.04,12.0,7.4,16.2,0.85,0.8,0.92,-9.6,0.2,0.5,5,2639,0.119,5,-14,-64,2,17.7,1.0,-14,0,-14,7.961,-0.002,7.94,8.32,0.02,0.1,217.5525,-62.86222222222222,38.87717,-40.258495,-1.9543717,PM*,G,5794.286964268809,55.96588931549221,1.1667523931790261e-06
HD 126961, ,14,28,31.1,+,2,47,19,351,56,7.024,0.346,2.625,-0.003,3.784,0.02,41,3.98,0.43,3.6,1.9,5.5,1.16,1.09,1.21,-6.0,0.3,0.3,2,353,0.469,7,-196,53,1,24.6,1.0,-33,-16,13,7.978,0.034,7.06,8.31,0.08,0.32,217.1295833333333,2.788611111111111,22.64464,-3.5865562,33.990543,PM*,G,6081.350012787177,22.926907905458126,6.179860907400366e-07
HD 127024, ,14,31,48.7,-,64,17,1,314,-4,8.218,0.411,2.587,0.014,3.746,-0.32,44,5.02,0.56,16.5,6.5,0.0,0.85,0.82,0.91,-9.7,0.1,0.2,6,2673,0.779,2,-112,-148,6,22.9,1.0,-31,-15,-19,7.97,-0.003,7.12,8.27,0.07,0.17,217.95291666666665,-64.28361111111111,30.490513,-31.573853,-3.0692847,PM*,G,5571.857489319298,43.89281918798083,2.600032043455381e-06
HD 127600, ,14,32,34.3,-,9,45,24,340,46,8.226,0.391,2.624,0.034,3.783,0.2,110,2.87,1.4,2.6,2.1,3.3,1.43,1.36,1.49,-8.6,0.2,0.1,2,971,0.923,2,-41,38,1,8.7,1.2,-27,2,13,7.928,0.079,7.7,8.7,0.06,0.34,218.14291666666665,-9.756666666666666,71.804184,-26.134604,79.12738,PM*,G,6067.363295885053,76.41242285219514,1.333456032228426e-07
HD 128400, ,14,41,52.4,-,75,8,22,310,-14,6.73,0.437,2.609,0.0,3.737,-0.1,20,5.19,0.4,15.4,4.3,0.0,0.86,0.84,0.92,-3.5,0.1,0.3,5,2188,0.505,4,120,-19,2,49.2,0.6,4,10,-6,7.987,-0.005,7.88,9.12,0.07,0.03,220.4683333333333,-75.13944444444445,12.47388,-14.865795,-4.838438,PM*,G,5457.57861091271,19.405915161012764,3.2883550299477244e-06
HD 128596, ,14,38,6.9,-,12,54,38,339,42,7.48,0.409,2.604,0.017,3.754,0.03,60,3.61,1.5,6.4,5.5,7.6,1.13,1.09,1.19,-43.3,0.1,0.3,6,2105,0.375,3,-248,-53,2,16.8,1.0,-69,-46,-11,7.959,0.04,5.31,8.69,0.24,0.07,219.52875,-12.910555555555556,41.627125,-15.979162,40.14784,PM*,G,5675.446054085472,44.58868863274484,3.706625424759005e-07
HD 129010, ,14,40,55.8,-,26,25,43,331,30,7.46,0.368,2.618,0.008,3.773,-0.08,67,3.34,1.42,4.9,4.2,5.8,1.19,1.14,1.27,-8.2,0.5,0.7,2,628,0.018,7,-40,10,2,15.0,0.9,-15,-3,3,7.949,0.034,7.89,8.16,0.02,0.16,220.2325,-26.428611111111117,50.748676,-28.13044,33.5,*,G,5929.2532458,58.023700074595176,2.5525761104483704e-07
HD 129171, ,14,40,18.3,+,30,26,37,47,66,7.707,0.396,2.609,0.018,3.761,-0.02,56,3.98,1.01,8.4,6.5,9.9,1.05,1.01,1.11,-12.2,0.1,0.1,6,1720,0.999,3,95,-43,2,18.0,0.9,21,5,-21,7.985,0.051,7.54,9.22,0.1,0.23,220.07625,30.44361111111111,15.534046,16.658226,51.158546,PM*,G,5767.664633922509,22.777249144644134,6.179860907400366e-07
HD 129209, ,14,40,28.4,+,30,31,13,48,66,7.989,0.395,2.625,0.031,3.777,0.27,51,4.34,0.01,1.5,0.0,5.1,1.14,1.12,1.18,-12.0,0.1,0.1,6,1720,0.982,3,97,-44,2,19.8,1.0,19,4,-20,7.986,0.046,7.57,9.15,0.09,0.22,220.1183333333333,30.52027777777778,13.880155,15.415475,46.59082,PM*,G,5984.115950603199,20.743567010031086,1.0161988529530514e-06
HD 129357, ,14,41,22.3,+,29,3,31,44,66,7.823,0.408,2.605,0.013,3.753,0.01,47,4.45,0.7,10.1,6.6,13.7,0.98,0.93,1.04,-33.2,0.4,0.6,3,2205,0.02,2,3,-173,2,21.2,1.0,18,-36,-31,7.986,0.043,6.11,8.23,0.15,0.39,220.34291666666664,29.058611111111112,13.751346,13.279521,42.936638,PM*,G,5662.3928903825345,19.116620904363746,1.182983535779732e-06
HD 129381, ,14,42,51.9,-,24,29,30,333,32,7.798,0.427,2.574,0.0,3.737,-0.61,63,3.8,2.14,11.1,9.4,12.9,0.93,0.9,0.97,-52.7,0.2,0.4,4,3036,0.153,3,-248,-41,2,15.9,1.0,-84,-37,-7,7.952,0.033,5.48,9.19,0.25,0.04,220.71625,-24.491666666666667,47.603832,-24.255365,33.384914,PM*,G,5457.57861091271,53.42703016608212,4.81924161443639e-07
HD 129499, ,14,39,39.6,+,66,20,48,107,47,7.378,0.389,2.613,0.024,3.774,-0.06,53,3.66,1.06,6.2,3.5,7.3,1.12,1.08,1.17,-11.5,0.2,0.2,3,1352,0.692,2,-29,-25,2,18.9,0.6,2,-15,-2,8.011,0.039,7.33,8.14,0.05,0.08,219.915,66.34666666666666,-10.568043,34.566505,38.761745,*,G,5942.921586155727,36.14590987601327,3.9717206999138233e-07
HD 129829, ,14,45,18.6,-,18,0,10,338,37,8.22,0.351,2.629,0.01,3.776,-0.23,57,4.44,0.39,6.3,1.1,9.7,1.0,0.95,1.08,-17.6,0.2,0.4,7,2105,0.476,5,-124,-72,2,17.5,1.1,-29,-30,-10,7.958,0.034,6.43,8.08,0.11,0.05,221.3275,-18.002777777777776,42.207474,-17.052927,34.303455,PM*,G,5970.352865838366,45.522227326087695,1.1667523931790261e-06
HD 130045, ,14,45,33.4,+,17,53,5,20,62,7.955,0.367,2.623,0.028,3.786,-0.17,103,2.77,1.77,2.5,2.2,3.7,1.39,1.3,1.47,20.8,0.3,0.4,2,423,0.263,6,31,88,2,9.7,0.9,-9,45,20,7.955,0.091,7.95,11.8,0.19,0.6,221.38916666666665,17.884722222222223,45.43938,16.538582,90.943596,PM*,G,6109.420249055721,48.35557826513012,1.1613916528782609e-07
HD 130087, ,14,45,56.7,+,10,3,7,6,58,7.525,0.381,2.616,0.005,3.772,0.28,56,3.79,0.67,3.7,2.3,7.2,1.24,1.21,1.28,-15.8,0.2,0.1,2,595,0.92,4,-96,-24,2,17.9,1.0,-20,-22,-5,7.971,0.047,6.9,8.03,0.08,0.06,221.48625,10.051944444444445,29.512915,3.1019323,47.490692,PM*,G,5915.616341754737,29.675480380122043,4.7531191406188385e-07
HD 130838, ,14,50,0.6,+,12,20,7,11,59,8.284,0.368,2.608,0.0,3.772,-0.1,80,3.77,1.03,6.6,4.5,8.3,1.09,1.04,1.15,3.0,0.3,0.1,2,595,0.879,3,17,-82,1,12.5,1.1,24,-19,-9,7.959,0.068,6.74,8.5,0.12,0.08,222.5025,12.335277777777778,40.44603,7.861912,68.57339,PM*,G,5915.616341754737,41.20304604099852,4.623583448318132e-07
HD 131042, ,14,50,40.9,+,22,54,27,31,63,7.501,0.411,2.577,0.0,3.747,-0.33,37,4.64,0.92,16.0,11.9,0.0,0.86,0.84,0.9,-27.4,0.2,0.1,3,2192,0.967,1,-433,-61,2,26.8,0.9,-50,-65,8,7.985,0.033,4.73,8.26,0.27,0.24,222.67041666666665,22.9075,14.398396,8.651429,32.967243,PM*,G,5584.701947368307,16.797649571141108,1.5380792045350664e-06
HD 131117, ,14,52,33.1,-,30,34,38,332,25,6.291,0.387,2.617,0.026,3.778,0.01,40,3.17,1.39,4.2,2.6,4.6,1.35,1.31,1.39,-28.6,0.3,0.5,3,628,0.024,6,-336,-41,1,25.0,0.8,-60,-35,10,7.968,0.017,5.86,8.64,0.19,0.27,223.13791666666663,-30.577222222222225,32.008892,-17.019426,16.904732,PM*,G,5997.910762555094,36.25231066342034,2.0182673768744495e-07
HD 131183, ,14,52,37.0,-,25,27,17,335,30,7.897,0.435,2.586,0.0,3.742,0.08,56,4.14,1.2,10.3,8.6,12.1,1.03,0.99,1.07,-26.6,0.2,0.3,2,972,0.368,2,-198,-115,2,17.7,1.0,-47,-46,-12,7.956,0.028,5.53,8.27,0.2,0.08,223.15416666666667,-25.454722222222223,43.953587,-20.495905,28.0,PM*,G,5520.774392807573,48.49742191019636,7.70865661620565e-07
HD 131790, ,14,56,2.5,-,15,39,23,342,38,7.999,0.388,2.626,0.041,3.786,0.05,98,2.87,1.46,2.5,2.1,3.0,1.4,1.3,1.49,-15.2,0.2,0.1,2,497,0.899,10,2,11,2,7.6,1.4,-12,8,-7,7.926,0.06,7.92,8.76,0.05,0.06,224.01041666666663,-15.65638888888889,73.4454,-23.863852,60.334827,*,G,6109.420249055721,77.22506208115281,1.333456032228426e-07
HD 131900, ,14,56,48.6,-,20,29,23,339,34,8.198,0.463,0.0,0.0,3.727,0.04,40,5.16,0.53,0.0,10.7,0.0,0.88,0.86,0.92,-6.3,0.2,0.3,4,1835,0.342,1,-25,-55,2,24.7,1.0,-5,-9,-9,7.969,0.022,7.71,8.02,0.02,0.03,224.2025,-20.489722222222223,30.95893,-11.884024,22.367716,PM*,G,5333.348954876208,33.161504386524385,3.1548498923804364e-06
HD 132307, ,14,58,10.8,+,6,54,17,5,54,8.143,0.474,0.0,0.0,3.723,0.06,33,5.54,0.22,0.0,0.0,0.0,0.87,0.83,0.94,-30.6,0.2,0.2,4,725,0.733,2,-166,96,3,30.2,1.5,-42,-8,-7,7.98,0.027,7.21,8.72,0.09,0.03,224.545,6.904722222222222,19.323103,1.6905522,26.697561,PM*,G,5284.452517751803,19.396914091925392,5.333087391270233e-06
HD 132505, ,14,58,58.1,+,17,19,37,21,59,7.83,0.394,2.621,0.025,3.778,0.33,63,3.73,0.55,2.8,1.6,5.5,1.26,1.23,1.3,-15.9,0.2,0.2,2,377,0.556,4,-35,-72,1,15.9,1.0,0,-25,-13,7.97,0.054,6.75,8.02,0.09,0.1,224.7420833333333,17.326944444444443,30.292255,11.628108,54.00154,PM*,G,5997.910762555094,32.447397563513306,4.375006477474418e-07
HD 132648, ,15,1,53.2,-,47,0,26,325,10,7.744,0.445,0.0,0.0,3.729,-0.38,27,5.57,0.39,0.0,0.0,0.0,0.81,0.77,0.88,-7.9,0.2,0.2,4,1900,0.773,2,-25,-72,1,36.8,1.0,-10,-2,-8,7.978,0.005,7.98,8.17,0.01,0.01,225.47166666666664,-47.00722222222223,21.781094,-15.251291,4.688501,PM*,G,5357.966575133417,26.589808818483764,5.558769940398637e-06
HD 132996, ,15,3,18.1,-,36,55,28,330,19,7.78,0.387,2.608,0.017,3.76,-0.23,47,4.42,0.78,11.3,6.9,15.0,0.95,0.89,1.01,17.9,0.2,0.4,5,1919,0.163,3,-4,-393,2,21.3,0.9,15,-61,-63,7.961,0.015,5.11,8.08,0.23,1.28,225.82541666666663,-36.92444444444444,38.485622,-22.219694,15.3017025,PM*,G,5754.399373371566,44.43937333244608,1.1349551513000262e-06
HD 133826, ,15,2,58.9,+,65,46,41,104,46,7.34,0.36,2.619,0.008,3.773,-0.22,40,4.32,0.57,7.2,4.3,9.5,1.0,0.96,1.06,-3.1,0.2,0.3,4,1113,0.487,4,75,-125,2,24.9,0.6,28,0,3,8.007,0.029,7.31,9.19,0.11,0.16,225.74541666666664,65.77805555555555,-6.722122,26.960962,28.773592,PM*,G,5929.2532458,27.786334701581783,9.885046130154186e-07
HD 134048, ,15,8,6.4,-,12,3,5,348,39,7.67,0.457,0.0,0.0,3.731,-0.19,62,3.72,2.06,8.3,6.3,10.4,1.04,0.96,1.1,12.8,0.2,0.2,3,1693,0.683,2,-138,-60,1,16.2,1.3,-7,-42,18,7.953,0.039,5.94,7.96,0.14,0.41,227.0266666666666,-12.051388888888887,47.130135,-10.017823,39.017864,PM*,G,5382.697825162882,48.18305099075352,4.3149791382366836e-07
HD 134060, ,15,10,44.7,-,61,25,20,319,-3,6.292,0.395,2.616,0.025,3.758,-0.12,24,4.38,0.77,9.6,6.7,14.2,0.97,0.93,1.03,37.4,0.1,0.2,5,2187,0.664,4,-186,-13,2,41.4,0.8,16,-39,8,7.982,-0.001,5.96,8.17,0.16,0.23,227.68625,-61.42222222222222,18.088205,-15.723839,-1.256063,PM*,G,5727.960309858292,23.967108148876576,1.0739367406436191e-06
HD 134088, ,15,8,12.5,-,7,54,47,351,42,8.0,0.388,2.576,0.0,3.752,-0.75,35,5.26,0.46,0.0,0.0,13.9,0.84,0.77,0.9,-61.2,0.2,0.5,8,3046,0.157,3,-156,-446,2,28.3,1.0,-28,-67,-69,7.974,0.024,4.94,8.04,0.24,1.27,227.0520833333333,-7.913055555555556,25.689842,-4.0688686,23.41957,PM*,G,5649.369748123023,26.0100686978914,3.6222523292156442e-06
HD 134664, ,15,12,10.3,-,30,53,10,335,23,7.769,0.409,2.594,0.017,3.751,-0.15,40,4.78,0.55,12.5,6.3,0.0,0.9,0.86,0.97,7.5,0.1,0.3,5,1921,0.627,2,97,-106,2,25.3,1.1,18,-4,-21,7.967,0.015,7.39,8.74,0.08,0.22,228.04291666666663,-30.88611111111111,33.370426,-15.560893,15.629245,PM*,G,5636.376558259543,36.82019449132399,1.8662881579148912e-06
HD 134987, ,15,13,28.6,-,25,18,33,339,27,6.467,0.434,2.606,0.0,3.745,0.23,26,4.42,0.75,11.1,6.4,12.6,1.07,0.99,1.1,4.7,0.2,0.2,3,721,0.682,2,-400,-75,1,39.0,1.0,-21,-40,21,7.979,0.012,6.04,8.01,0.14,0.47,228.36916666666664,-25.309166666666663,21.627481,-8.302015,11.803753,PM*,G,5559.042572704037,23.16616902868461,1.1349551513000262e-06
HD 135011,*,15,14,34.3,-,45,53,42,327,10,7.998,0.349,0.0,0.0,3.778,-0.27,61,4.09,0.73,6.3,4.1,9.7,1.03,0.97,1.09,-9.5,0.3,0.3,2,994,0.453,8,-38,-93,2,16.5,1.0,-17,-17,-18,7.95,0.011,7.22,7.99,0.05,0.16,228.64291666666665,-45.895,50.381687,-32.718243,10.592539,PM*,G,5997.910762555094,60.073270345246044,7.194136940441091e-07
HD 135045, ,15,8,35.8,+,70,8,48,108,43,8.015,0.36,2.62,0.019,3.772,-0.5,69,3.81,1.33,8.6,7.3,10.0,0.99,0.96,1.04,-9.2,0.2,0.3,4,1119,0.694,6,10,10,1,14.4,0.7,1,-3,-10,8.016,0.047,7.8,8.35,0.03,0.06,227.14916666666664,70.14666666666668,-15.594046,47.993553,47.057884,*,G,5915.616341754737,50.46340654587168,4.886283943493073e-07
HD 135143, ,15,8,30.3,+,72,22,9,110,41,7.841,0.375,2.612,0.003,3.769,0.02,47,4.47,0.3,5.2,0.0,9.1,1.05,0.99,1.12,-4.4,0.2,0.3,3,2233,0.629,4,81,-7,2,21.2,0.6,12,9,-11,8.012,0.031,7.77,9.23,0.09,0.07,227.12625,72.36916666666666,-12.131915,33.33217,30.834774,PM*,G,5874.893525297769,35.47135349089635,1.2161263551968444e-06
HD 135446, ,15,16,3.3,-,30,43,49,336,23,8.175,0.403,2.634,0.052,3.79,0.48,92,3.14,0.85,1.8,1.4,2.2,1.39,1.33,1.45,-10.4,0.3,0.3,2,719,0.486,6,-91,-69,2,10.9,1.2,-27,-43,-6,7.922,0.035,5.8,8.0,0.16,0.04,229.01375,-30.730277777777776,77.36493,-34.44507,35.94726,PM*,G,6165.9500186148225,84.68645252465001,1.9363269959413497e-07
HD 135625, ,15,17,48.4,-,45,55,20,328,10,7.719,0.384,2.631,0.032,3.784,0.23,54,3.92,0.31,3.1,0.6,5.2,1.23,1.19,1.26,-15.4,0.2,0.2,2,619,0.528,5,-89,-44,2,18.5,1.0,-26,-14,0,7.955,0.009,7.26,8.17,0.06,0.1,229.45166666666665,-45.92222222222222,45.098873,-28.180904,9.377002,PM*,G,6081.350012787177,53.17961729955702,5.68825032571083e-07
HD 136257, ,15,20,0.0,-,8,39,42,353,39,7.537,0.356,2.618,0.009,3.775,-0.3,45,4.28,0.63,7.0,4.4,9.4,0.99,0.95,1.06,30.9,0.2,0.6,7,3286,0.048,5,100,-200,2,22.3,1.0,51,-20,-15,7.966,0.028,6.26,9.22,0.19,0.12,230.0,-8.661666666666667,34.710896,-4.2619653,28.319418,PM*,G,5956.621435290103,34.97156915754882,9.353597990167014e-07
HD 136352, ,15,21,48.1,-,48,19,3,327,7,5.654,0.405,2.589,0.012,3.749,-0.32,15,4.84,0.67,15.9,9.2,0.0,0.85,0.84,0.88,-69.0,0.1,0.2,4,3209,0.681,2,-1621,-275,1,68.7,0.8,-119,-47,36,7.988,0.002,4.8,10.22,0.36,0.98,230.45041666666663,-48.3175,12.486289,-8.108689,1.8280402,PM*,G,5610.479760324706,14.888191639357748,2.0275832758118263e-06
HD 136749, ,15,19,18.7,+,61,22,29,98,48,7.393,0.38,2.617,0.019,3.767,-0.11,65,3.34,1.59,5.1,4.6,5.8,1.2,1.15,1.26,-40.3,0.2,0.2,3,507,0.757,6,-37,-19,1,15.5,0.6,2,-36,-21,8.006,0.048,6.2,8.05,0.13,0.22,229.82791666666665,61.37472222222223,-6.0531225,43.070213,48.304417,*,G,5847.900841444806,43.49348847661424,2.5525761104483704e-07
HD 136925, ,15,22,52.0,+,13,21,59,19,52,7.915,0.407,2.583,0.015,3.749,-0.3,47,4.58,0.92,15.8,11.3,0.0,0.87,0.84,0.92,-49.0,0.3,0.7,5,2625,0.041,1,-273,-27,1,21.5,1.2,-55,-54,-7,7.973,0.037,5.12,8.38,0.24,0.04,230.71666666666664,13.366388888888888,27.35961,9.42067,37.036507,PM*,G,5610.479760324706,28.936089621802736,1.4157243451367577e-06
HD 138123, ,15,30,42.8,-,21,52,42,345,28,7.801,0.396,2.592,0.007,3.756,-0.3,76,3.39,1.96,6.4,5.1,7.9,1.11,1.04,1.17,-67.9,0.2,0.3,4,3022,0.417,3,-56,20,2,13.1,1.2,-69,6,-17,7.935,0.035,6.97,10.03,0.18,0.17,232.6783333333333,-21.87833333333333,64.81749,-17.367811,35.67984,PM*,G,5701.642722807472,67.10400784477646,2.7351345804337536e-07
HD 138549, ,15,33,53.5,-,31,1,8,339,20,7.961,0.439,2.589,0.0,3.737,0.01,33,5.36,0.14,0.0,0.0,0.0,0.9,0.84,0.97,11.6,0.2,0.4,5,1919,0.126,1,-192,-35,2,30.2,1.1,-4,-27,17,7.971,0.011,6.7,7.99,0.09,0.4,233.47291666666663,-31.01888888888889,28.950195,-11.112943,11.286664,PM*,G,5457.57861091271,31.00985799160122,4.158902129764468e-06
HD 138573, ,15,32,43.6,+,10,58,5,18,49,7.232,0.413,2.595,0.0,3.749,-0.05,31,4.78,0.51,11.7,5.9,17.2,0.91,0.87,0.99,-36.1,0.2,0.3,3,1482,0.425,2,-7,159,1,32.3,0.9,-37,9,-19,7.981,0.023,7.66,9.34,0.1,0.19,233.18166666666664,10.968055555555557,19.342426,6.284735,23.395998,PM*,G,5610.479760324706,20.337830208399836,1.8662881579148912e-06
HD 138919, ,15,34,50.2,+,6,48,13,13,46,8.026,0.432,2.573,0.0,3.74,-0.04,41,4.96,0.52,15.1,7.5,0.0,0.89,0.86,0.94,-6.2,0.2,0.4,3,2116,0.246,3,-82,-165,2,24.4,1.1,7,-35,-7,7.972,0.03,6.21,8.06,0.13,0.03,233.70916666666665,6.803611111111111,27.75103,6.4068294,29.492931,PM*,G,5495.408738576249,28.480995927488287,2.3931983809430355e-06
HD 139018, ,15,35,33.8,+,6,3,27,12,46,8.183,0.411,2.62,0.052,3.777,0.0,79,3.48,1.11,3.5,2.8,6.0,1.18,1.11,1.29,0.3,0.4,0.0,1,0,0.0,4,145,-123,2,12.7,1.2,51,2,-49,7.946,0.056,6.89,10.1,0.19,0.9,233.8908333333333,6.0575,53.6788,11.409781,56.827843,PM*,G,5984.115950603199,54.878016289840154,3.09726739238131e-07
HD 139213, ,15,24,29.1,+,81,53,42,117,33,7.721,0.395,2.595,0.033,3.751,-0.62,39,4.76,0.91,0.0,9.9,0.0,0.82,0.8,0.86,-6.6,0.2,0.2,3,1788,0.762,4,197,35,1,25.6,0.6,16,20,-28,8.015,0.021,7.81,10.05,0.13,0.36,231.12125,81.89500000000001,-14.849186,29.143179,21.240923,PM*,G,5636.376558259543,32.70815199745527,1.8154266243795335e-06
HD 139324, ,15,36,12.6,+,35,42,19,57,54,7.51,0.393,2.614,0.012,3.763,0.15,53,3.9,0.91,6.8,4.0,8.2,1.17,1.09,1.21,-29.8,0.2,0.2,2,352,0.587,2,-176,-75,2,19.0,0.7,-15,-54,2,7.983,0.043,5.32,7.99,0.2,0.14,234.0525,35.70527777777778,16.966932,26.126783,42.877903,PM*,G,5794.286964268809,31.15261740884244,5.533229712483625e-07
HD 139590, ,15,39,1.0,-,0,18,41,6,41,7.498,0.351,2.622,0.0,3.781,-0.03,55,3.79,0.74,3.8,3.0,6.1,1.14,1.08,1.22,-29.4,0.3,0.1,2,364,0.72,3,-208,-82,1,18.1,0.9,-36,-55,3,7.959,0.036,5.22,8.1,0.22,0.16,234.75416666666663,-0.3113888888888889,41.28164,4.3388753,36.08325,PM*,G,6039.4862937638,41.50903082412971,4.7531191406188385e-07
HD 139839, ,15,40,21.4,+,1,28,7,8,42,8.116,0.434,2.585,0.0,3.74,-0.12,65,4.05,1.49,11.2,9.2,13.4,0.96,0.92,1.04,-1.9,0.2,0.1,3,2851,0.98,4,-21,-112,1,15.4,1.2,13,-30,-13,7.952,0.044,6.38,8.14,0.12,0.09,235.08916666666664,1.468611111111111,47.834316,6.7226753,43.493492,PM*,G,5495.408738576249,48.30441129314264,6.80735971699978e-07
HD 139879, ,15,40,55.3,-,8,59,54,358,35,7.976,0.382,2.628,0.03,3.783,0.17,56,4.11,0.19,2.9,0.0,4.8,1.19,1.15,1.23,-9.2,0.2,0.3,4,1959,0.59,4,-20,-134,2,17.9,0.9,4,-30,-21,7.954,0.032,6.47,8.03,0.11,0.21,235.23041666666663,-8.998333333333333,45.844574,-1.6009325,32.12028,PM*,G,6067.363295885053,45.87251846270305,7.395690025727166e-07
HD 140023, ,15,38,5.7,+,61,25,13,96,46,8.126,0.358,2.619,0.004,3.776,-0.13,72,3.84,0.9,6.7,3.8,8.5,1.09,1.04,1.15,-51.1,0.3,0.2,2,1149,0.667,9,-154,28,2,13.9,0.7,-29,-67,-9,8.005,0.052,4.72,8.07,0.26,0.06,234.52374999999995,61.42027777777778,-5.2280354,49.741417,51.792465,PM*,G,5970.352865838366,50.01540681941457,5.093058919267476e-07
HD 140209, ,15,42,5.7,+,10,58,38,19,47,8.275,0.407,2.582,0.006,3.75,-0.28,65,4.23,1.23,12.9,10.4,15.8,0.93,0.87,0.97,-82.5,0.4,0.6,2,382,0.141,3,-172,-28,2,15.5,1.2,-72,-60,-31,7.958,0.047,4.78,8.62,0.29,0.42,235.52374999999995,10.977222222222222,41.914734,14.4324,47.53799,PM*,G,5623.413251903491,44.32988942069173,8.729285552249458e-07
HD 140233, ,15,42,13.0,+,7,49,23,16,45,7.337,0.383,2.588,-0.011,3.762,-0.38,78,2.87,2.41,3.7,3.2,4.4,1.29,1.17,1.35,-0.9,0.2,0.3,3,4378,0.464,4,-65,69,2,12.8,0.9,-26,3,23,7.947,0.055,7.75,8.76,0.06,0.54,235.55416666666665,7.823055555555555,53.017742,15.202593,55.154327,PM*,G,5780.960474057181,55.15432712582226,1.333456032228426e-07
HD 140269, ,15,43,8.7,-,13,3,22,355,32,6.637,0.351,2.614,-0.003,3.778,-0.29,54,2.98,1.85,4.0,3.6,4.5,1.3,1.17,1.36,-53.3,0.2,0.6,8,2107,0.02,7,72,-93,1,18.6,0.9,-30,-1,-54,7.955,0.029,7.64,8.74,0.07,0.95,235.78625,-13.056111111111113,45.620335,-3.9912753,28.61564,PM*,G,5997.910762555094,45.794598415453045,1.5523108761915437e-07
HD 140324, ,15,42,54.4,+,4,6,7,11,43,7.412,0.375,2.597,0.002,3.765,-0.31,55,3.7,1.45,7.9,6.8,9.1,1.04,0.99,1.09,33.0,0.3,0.2,2,391,0.555,5,-38,-12,2,18.1,1.0,21,-4,27,7.96,0.038,7.34,8.85,0.09,0.64,235.72666666666663,4.101944444444444,39.485416,7.6751876,37.509907,*,G,5821.032177708716,40.22445253062184,4.1973839773752496e-07
HD 140750, ,15,45,15.1,+,4,42,29,12,43,8.041,0.41,2.59,0.02,3.759,-0.23,68,3.79,1.43,8.5,7.1,10.2,1.02,0.99,1.07,4.7,0.2,0.2,3,737,0.732,3,-13,-137,1,14.7,1.1,26,-35,-12,7.951,0.046,6.03,8.32,0.16,0.08,236.31291666666664,4.708055555555556,48.645287,10.339875,46.375885,PM*,G,5741.164622073275,49.73205166015167,4.7531191406188385e-07
HD 140785, ,15,47,12.8,-,42,12,16,334,10,7.378,0.42,2.601,0.033,3.763,0.02,56,3.48,1.43,5.5,4.8,6.3,1.17,1.13,1.22,-55.5,0.1,0.3,5,2103,0.416,2,-4,-141,1,17.7,0.9,-55,-1,-38,7.95,0.01,7.11,9.38,0.14,0.58,236.8033333333333,-42.20444444444445,49.5678,-24.175837,9.7242985,PM*,G,5794.286964268809,55.14923291842389,3.09726739238131e-07
HD 140990, ,15,47,20.2,-,20,28,9,349,26,7.865,0.376,2.606,0.003,3.769,-0.01,63,3.86,0.93,6.7,4.2,8.4,1.1,1.05,1.16,15.2,0.2,0.1,2,979,0.703,3,-90,-117,1,15.8,1.2,9,-46,1,7.944,0.028,5.65,8.03,0.17,0.12,236.83416666666665,-20.469166666666663,55.583683,-10.804383,27.617382,PM*,G,5874.893525297769,56.62402765483199,5.23574757632536e-07
HD 141004, ,15,46,26.6,+,7,21,11,16,44,4.424,0.385,2.603,0.0,3.765,0.05,12,4.07,0.77,6.5,4.1,9.7,1.07,1.03,1.15,-66.8,0.1,0.3,15,4035,0.72,3,-225,-69,1,85.1,0.8,-49,-24,-40,7.992,0.008,6.52,8.6,0.14,0.61,236.6108333333333,7.353055555555555,8.297685,2.379323,8.335901,PM*,G,5821.032177708716,8.63207705581652,6.998076736285392e-07
HD 141024, ,15,46,22.5,+,13,43,14,24,47,7.926,0.43,2.584,0.0,3.742,-0.14,73,3.61,1.91,7.6,5.9,9.2,1.07,1.02,1.16,-19.0,0.2,0.1,2,353,0.791,2,-82,-2,1,13.7,1.1,-24,-24,3,7.955,0.053,6.77,8.04,0.09,0.16,236.59375,13.720555555555556,45.48166,20.24974,53.38882,PM*,G,5520.774392807573,49.78587516980293,3.706625424759005e-07
HD 141039, ,15,44,21.6,+,52,59,0,84,49,7.373,0.4,2.602,0.022,3.768,-0.01,42,4.15,0.67,6.7,4.0,9.6,1.06,1.0,1.12,-39.7,0.2,0.3,2,376,0.298,1,-248,59,2,23.7,0.6,-35,-54,-3,7.997,0.032,5.27,8.13,0.21,0.07,236.09,52.98333333333333,2.8802261,27.403534,31.697803,PM*,G,5861.3816451402845,27.554480181565342,7.81589471190529e-07
HD 141247, ,15,48,11.7,-,4,47,9,3,37,8.099,0.402,2.595,0.014,3.753,-0.38,85,3.44,2.04,7.0,5.6,8.5,1.07,1.0,1.14,-70.5,0.2,0.3,5,3422,0.564,5,-102,-34,2,11.7,1.0,-67,-42,-24,7.932,0.051,5.49,8.68,0.23,0.28,237.04875,-4.785833333333334,67.790985,3.5527751,51.154274,PM*,G,5662.3928903825345,67.88401769327892,2.9307495053577235e-07
HD 141366, ,15,50,34.2,-,44,33,54,333,7,8.008,0.42,2.601,0.03,3.767,0.19,106,2.74,1.93,2.5,2.2,3.1,1.49,1.44,1.52,-9.6,0.2,0.2,4,1128,0.791,5,-1,-31,2,9.4,1.0,-12,-6,-13,7.906,0.014,7.85,7.93,0.0,0.09,237.6425,-44.565,93.7427,-47.764294,12.918151,*,G,5847.900841444806,105.20989299779957,1.1142398852087356e-07
HD 141599, ,15,51,5.2,-,30,5,11,343,18,8.193,0.452,0.0,0.0,3.737,0.18,46,4.87,0.51,12.7,6.9,0.0,0.95,0.9,1.04,-34.6,0.2,0.1,2,355,0.755,3,69,-139,3,21.6,1.2,-24,-2,-42,7.958,0.015,7.74,8.49,0.05,0.63,237.77166666666665,-30.086388888888887,41.836994,-12.790854,14.214782,PM*,G,5457.57861091271,43.74860012623663,2.1133853879250417e-06
HD 141885, ,15,52,52.0,-,37,23,54,338,13,7.736,0.405,2.631,0.051,3.789,0.48,104,2.43,1.58,1.6,1.4,1.8,1.6,1.52,1.68,-16.8,0.2,0.1,2,1099,0.794,8,7,-33,2,9.6,1.0,-15,-3,-18,7.906,0.023,7.85,8.13,0.02,0.16,238.21666666666664,-37.39833333333333,93.9557,-37.960567,23.394909,*,G,6151.7687270986835,101.33448677252719,7.260703469971069e-08
HD 141937, ,15,52,17.5,-,18,26,9,352,27,7.265,0.388,2.589,-0.019,3.765,0.24,33,4.64,0.03,1.8,0.0,7.5,1.09,1.04,1.11,-3.3,0.1,0.3,6,2110,0.535,4,98,24,2,29.9,1.1,3,13,-9,7.97,0.015,7.9,9.3,0.08,0.03,238.07291666666663,-18.43583333333333,29.117065,-4.0921364,14.981687,PM*,G,5821.032177708716,29.403215037312332,1.5380792045350664e-06
HD 142093, ,15,52,0.5,+,15,14,9,27,47,7.322,0.385,2.611,0.011,3.76,-0.19,31,4.83,0.33,8.0,0.0,14.7,0.94,0.86,1.02,-23.8,0.2,0.1,3,674,0.959,2,-61,-126,2,31.8,0.9,-6,-26,-17,7.981,0.023,6.74,7.99,0.08,0.14,238.00208333333333,15.235833333333332,18.837612,9.598243,22.671965,PM*,G,5754.399373371566,21.141946328320696,1.999763790342133e-06
HD 142137, ,15,55,55.5,-,58,41,1,325,-4,7.944,0.398,2.618,0.032,3.778,0.16,106,2.67,1.76,2.3,2.0,2.7,1.47,1.41,1.53,7.2,0.2,0.2,4,1898,0.893,7,-9,-18,2,9.4,1.0,0,-12,-5,7.913,-0.007,7.4,8.03,0.04,0.04,238.98125,-58.68361111111111,86.61859,-60.651012,-7.394186,*,G,5997.910762555094,105.74178639597613,1.0115298433358763e-07
HD 142229, ,15,53,20.0,+,4,15,11,13,41,8.067,0.393,2.602,0.011,3.757,-0.17,40,5.03,0.18,3.3,0.0,13.6,0.93,0.85,1.0,-20.6,0.3,0.4,2,333,0.336,5,-25,7,2,24.7,1.4,-18,-6,-10,7.97,0.027,7.77,8.14,0.02,0.05,238.3333333333333,4.253055555555555,29.41466,6.790909,26.242361,*,G,5714.786366718672,30.188386309338913,2.636202092139624e-06
HD 142415, ,15,57,40.7,-,60,12,0,324,-5,7.333,0.383,2.624,0.015,3.766,0.13,35,4.64,0.11,2.4,0.0,7.9,1.08,1.01,1.11,-12.0,0.1,0.3,5,1470,0.374,3,-113,-100,2,28.9,0.8,-24,-13,1,7.972,-0.003,7.34,8.15,0.05,0.11,239.4195833333333,-60.2,28.207844,-20.4942,-3.0504508,PM*,G,5834.451042737448,34.866813688209824,1.5380792045350664e-06
HD 142637, ,15,54,54.9,+,22,8,33,36,48,8.239,0.382,2.598,0.001,3.762,-0.22,66,4.13,1.01,10.2,7.6,12.4,1.0,0.96,1.04,-20.2,0.2,0.3,4,1091,0.719,4,49,-8,1,15.1,1.1,-3,0,-25,7.965,0.049,7.9,8.43,0.03,0.29,238.72875,22.1425,35.72831,25.958134,49.04756,*,G,5780.960474057181,44.16261831252825,7.602889882338923e-07
HD 142921, ,16,0,37.1,-,61,18,14,324,-6,7.956,0.393,2.605,0.016,3.759,-0.16,58,4.15,1.01,10.5,8.1,12.5,1.0,0.96,1.04,-2.3,0.2,0.2,5,1355,0.685,1,-273,-214,2,17.3,0.9,-57,-76,5,7.954,-0.006,4.22,8.28,0.32,0.19,240.15458333333328,-61.303888888888885,46.665936,-33.90479,-6.062651,PM*,G,5741.164622073275,57.68227082648702,7.81589471190529e-07
HD 143098, ,15,59,47.7,-,35,50,43,340,13,7.656,0.43,2.586,0.0,3.74,-0.13,30,5.24,0.31,0.0,0.0,0.0,0.87,0.83,0.95,14.0,0.2,0.4,5,1830,0.143,3,103,-66,2,32.8,1.0,18,-1,-13,7.972,0.007,7.45,8.85,0.09,0.09,239.94875,-35.84527777777778,27.468248,-9.997632,6.7485313,PM*,G,5495.408738576249,29.23110148107539,3.5235358970641673e-06
HD 143114, ,15,59,38.2,-,29,37,57,345,18,7.352,0.386,2.6,0.016,3.757,-0.4,36,4.56,0.84,13.3,8.4,0.0,0.86,0.83,0.94,-32.1,0.1,0.3,5,3517,0.484,2,-77,-39,2,27.7,0.9,-34,-6,-6,7.967,0.011,7.4,8.56,0.07,0.02,239.9091666666666,-29.6325,33.071404,-8.8614645,11.124612,PM*,G,5714.786366718672,34.23803901534047,1.377141926365241e-06
HD 143291, ,15,58,32.0,+,27,44,23,45,49,8.006,0.465,2.555,0.0,3.718,-0.52,26,5.92,0.33,0.0,0.0,0.0,0.76,0.74,0.82,-73.1,0.2,0.2,3,1804,0.778,1,-775,294,2,38.3,1.0,-101,-75,12,7.988,0.02,4.02,9.19,0.39,0.32,239.6333333333333,27.739722222222223,12.061499,12.061499,19.62245,PM*,G,5223.9618899911975,17.057535468349524,9.015269218233797e-06
HD 143467, ,15,58,23.5,+,47,7,2,75,49,8.263,0.361,2.6,0.001,3.77,-0.38,101,3.24,1.86,5.4,4.5,6.5,1.11,1.06,1.19,-12.2,0.4,0.1,2,379,0.983,13,-12,-44,2,9.9,0.8,15,-20,-3,7.982,0.076,6.85,8.28,0.09,0.1,239.59791666666663,47.11722222222223,17.14986,64.00414,76.22567,*,G,5888.43655355589,66.26196220426317,2.2232008527922416e-07
HD 143616, ,16,2,15.1,-,19,27,7,353,24,8.248,0.44,2.585,0.0,3.737,-0.06,45,4.99,0.57,17.3,9.4,0.0,0.88,0.85,0.93,-21.8,0.3,0.6,5,2579,0.01,2,26,18,2,22.3,1.3,-18,9,-11,7.959,0.019,7.92,8.91,0.06,0.05,240.56291666666667,-19.451944444444443,40.80312,-5.0099964,18.303148,*,G,5457.57861091271,41.109544702689334,2.4944723844527592e-06
HD 143846, ,16,4,9.5,-,37,18,26,340,11,7.86,0.375,2.595,-0.002,3.764,-0.23,40,4.87,0.23,4.9,0.0,12.8,0.95,0.87,1.02,-29.0,0.2,0.4,5,1768,0.151,2,-332,-17,2,25.2,1.0,-50,-33,33,7.963,0.008,6.13,8.48,0.16,0.79,241.0395833333333,-37.30722222222222,36.89711,-13.42946,7.63236,PM*,G,5807.644175213118,39.26508782931346,2.1133853879250417e-06
HD 143893, ,16,1,45.6,+,31,52,34,51,49,7.679,0.389,2.592,0.011,3.757,-0.53,76,3.27,2.22,6.1,5.2,7.1,1.07,1.03,1.12,-1.3,0.2,0.1,3,451,0.979,4,9,12,2,13.1,0.8,-3,4,-3,7.968,0.057,7.92,8.61,0.04,0.09,240.44,31.87611111111111,31.37822,38.748875,57.35793,*,G,5714.786366718672,49.86048539809881,2.3172809979074063e-07
HD 144009, ,16,9,13.4,-,71,4,10,318,-14,7.232,0.45,0.0,0.0,3.732,-0.05,27,5.09,0.56,0.0,11.0,0.0,0.87,0.85,0.91,26.8,0.1,0.3,7,2675,0.283,2,-199,-392,2,37.3,1.0,-20,-54,-24,7.981,-0.007,5.35,8.0,0.2,0.26,242.30583333333328,-71.06944444444444,19.468899,-17.529873,-6.5318913,PM*,G,5395.1062251512785,26.19798609947585,2.8640375019334002e-06
HD 144082, ,16,1,9.7,+,56,26,23,87,45,8.008,0.292,2.66,0.01,3.809,-0.38,96,3.09,1.12,2.7,2.3,3.1,1.27,1.2,1.33,-9.0,0.4,0.2,2,382,0.685,13,-49,-45,2,10.4,0.7,10,-27,13,7.997,0.069,6.63,8.16,0.1,0.34,240.2904166666666,56.439722222222215,3.5526836,67.789215,67.88225,PM*,G,6441.692655151775,67.88224533026242,1.807085496711585e-07
HD 144302, ,16,1,51.7,+,59,37,50,92,44,7.867,0.409,2.608,0.025,3.77,0.22,72,3.46,1.11,5.3,2.9,6.2,1.33,1.29,1.36,-39.4,0.2,0.1,2,351,0.687,4,-123,53,2,13.8,0.6,-32,-51,-5,8.001,0.05,5.42,8.11,0.2,0.06,240.4654166666666,59.63055555555555,-1.8075292,51.760914,50.015404,PM*,G,5888.43655355589,51.792464509079394,3.0128582572338447e-07
HD 144544, ,16,5,37.8,+,21,53,34,37,46,7.25,0.358,2.63,0.019,3.778,-0.2,81,2.72,2.03,3.3,2.4,3.8,1.38,1.32,1.45,-23.7,0.3,0.4,2,1071,0.375,10,-59,-95,1,12.4,0.9,5,-48,-9,7.955,0.058,5.59,8.01,0.18,0.06,241.4075,21.892777777777777,44.937088,33.862522,58.26652,PM*,G,5997.910762555094,56.26732865633687,1.0838737549583642e-07
HD 144579, ,16,4,56.7,+,39,9,23,62,48,6.664,0.456,2.55,0.0,3.72,-0.65,14,5.88,0.41,0.0,0.0,0.0,0.77,0.73,0.82,-59.9,0.1,0.3,238,6875,1.0,2,-572,52,1,69.6,0.6,-36,-59,-19,7.996,0.011,5.06,8.12,0.23,0.18,241.23625,39.15638888888888,4.3979297,8.271301,10.404028,PM*,G,5248.074602497728,9.367828237043156,8.530582754009961e-06
HD 144821, ,16,8,16.5,-,13,46,8,359,27,7.521,0.365,2.621,0.015,3.772,-0.25,76,3.11,1.83,4.5,3.9,5.3,1.19,1.14,1.3,-0.3,0.2,0.3,3,4215,0.35,6,-119,-85,2,13.1,0.9,-6,-51,11,7.932,0.035,5.43,7.93,0.19,0.29,242.06875,-13.76888888888889,67.706184,-1.1818296,34.503277,PM*,G,5915.616341754737,67.71649779075473,1.857713342727478e-07
HD 144988, ,16,10,0.5,-,35,38,33,342,12,7.175,0.383,2.608,0.018,3.762,-0.38,73,2.86,2.42,3.7,3.1,4.6,1.29,1.16,1.36,-53.2,0.2,0.4,5,3663,0.144,4,28,-76,2,13.7,1.1,-48,3,-37,7.932,0.015,7.33,9.29,0.12,0.54,242.5020833333333,-35.6425,67.90998,-22.065287,15.177554,PM*,G,5780.960474057181,71.40477766923422,1.3151603295780848e-07
HD 145229, ,16,9,26.6,+,11,34,28,24,41,7.451,0.376,2.603,0.0,3.764,-0.2,33,4.86,0.22,4.5,0.0,12.3,0.96,0.88,1.03,-36.4,0.1,0.3,10,3800,0.875,4,-100,103,2,30.3,1.0,-41,-10,-8,7.977,0.022,7.14,8.61,0.09,0.03,242.3608333333333,11.574444444444444,22.75223,10.129946,21.649948,PM*,G,5807.644175213118,24.90541659831885,2.0843886533432196e-06
HD 145377, ,16,11,36.4,-,27,4,41,349,18,8.126,0.381,2.612,0.009,3.765,-0.05,55,4.41,0.51,7.5,3.6,10.9,1.01,0.96,1.08,11.1,0.2,0.3,4,775,0.622,5,24,12,2,18.1,1.1,12,4,1,7.948,0.017,7.66,8.93,0.08,0.13,242.90166666666664,-27.078055555555554,51.34706,-9.980866,16.995935,*,G,5821.032177708716,52.3081089005668,1.1193829828386824e-06
HD 145518, ,16,12,2.4,-,18,13,57,356,24,7.418,0.383,2.609,0.001,3.762,-0.09,34,4.79,0.24,5.6,0.0,12.1,0.98,0.9,1.05,-12.4,0.1,0.3,7,2106,0.446,4,40,-35,2,29.8,1.0,-8,1,-13,7.969,0.013,7.96,8.35,0.02,0.08,243.01,-18.2325,30.984884,-2.1666713,13.829046,PM*,G,5780.960474057181,31.060545729521557,1.8922508123754359e-06
HD 145666, ,16,15,4.1,-,56,22,28,328,-4,7.8,0.384,2.606,0.005,3.761,-0.13,41,4.71,0.37,8.4,1.5,13.5,0.96,0.9,1.04,-8.7,0.1,0.3,6,2149,0.431,2,-213,-223,5,24.1,1.0,-39,-47,-2,7.965,-0.003,5.53,8.15,0.19,0.07,243.7670833333333,-56.37444444444444,34.685276,-21.673765,-2.8600154,PM*,G,5767.664633922509,40.90012787842357,1.6942547049835658e-06
HD 145809, ,16,13,40.3,-,21,23,59,353,21,6.686,0.396,2.571,0.0,3.756,-0.2,39,3.73,1.53,8.1,7.3,9.0,1.06,1.02,1.1,20.7,0.1,0.2,5,1859,0.735,3,-122,9,1,25.6,0.9,11,-15,24,7.964,0.014,7.16,8.28,0.07,0.55,243.41791666666663,-21.399722222222223,36.138245,-4.4372215,13.97635,PM*,G,5701.642722807472,36.40963727256957,4.375006477474418e-07
HD 145825, ,16,14,11.9,-,31,39,49,346,14,6.563,0.395,2.597,-0.012,3.76,0.17,22,4.86,0.0,0.2,0.0,7.6,1.05,1.0,1.08,-20.8,0.2,0.2,4,1774,0.719,3,-78,-257,2,45.7,0.9,-22,-20,-18,7.979,0.005,7.02,8.06,0.07,0.16,243.5495833333333,-31.66361111111111,20.712425,-5.1641846,5.322282,PM*,G,5754.399373371566,21.346506785970913,2.0843886533432196e-06
HD 146044, ,16,10,47.2,+,59,40,31,91,43,8.108,0.436,2.572,0.0,3.736,-0.25,41,5.05,0.68,0.0,12.4,0.0,0.85,0.83,0.89,-68.0,0.2,0.2,2,670,0.651,1,-39,-117,2,24.5,0.7,19,-60,-35,8.001,0.028,5.04,8.16,0.24,0.48,242.69666666666663,59.67527777777777,-0.52331746,29.980936,27.961931,PM*,G,5445.026528424214,29.985502907238974,2.710058715874637e-06
HD 146070, ,16,15,19.0,-,27,12,36,349,17,7.539,0.388,2.607,0.003,3.76,-0.07,36,4.74,0.32,7.6,0.0,12.9,0.97,0.9,1.05,-23.5,0.2,0.3,5,1805,0.325,3,-62,-135,1,27.6,0.9,-24,-20,-15,7.966,0.011,6.99,8.08,0.07,0.11,243.82916666666665,-27.21,33.79445,-6.5689816,10.525381,PM*,G,5754.399373371566,34.42697154940641,1.7659512088359783e-06
HD 146124,*,16,16,53.0,-,49,51,24,333,1,7.63,0.456,0.0,0.0,3.732,0.11,28,5.4,0.14,0.0,0.0,0.0,0.94,0.85,0.99,10.8,0.2,0.1,2,1182,0.975,2,-18,-33,1,35.8,1.0,8,-9,-1,7.975,0.0,7.45,8.31,0.05,0.09,244.22083333333327,-49.85666666666667,24.944384,-12.709799,0.48866737,*,G,5395.1062251512785,27.99573688545913,4.395200589841064e-06
HD 146481, ,16,19,20.8,-,54,30,48,330,-3,7.094,0.418,2.587,0.037,3.761,-0.27,44,3.72,1.49,8.1,7.2,9.1,1.04,1.01,1.08,90.0,0.1,0.3,5,4406,0.433,2,145,-99,2,22.8,0.9,81,-37,-39,7.962,-0.002,5.31,9.77,0.3,0.65,244.83666666666664,-54.513333333333335,38.05289,-21.969856,-2.3027823,PM*,G,5767.664633922509,43.93969742741563,4.3149791382366836e-07
HD 146588, ,16,16,14.5,+,19,31,29,35,43,7.81,0.354,2.588,-0.011,3.771,-0.58,45,4.53,0.69,8.5,2.8,12.9,0.92,0.85,1.0,2.0,0.3,0.5,3,406,0.348,4,31,266,1,22.1,1.0,-38,42,11,7.973,0.031,7.84,11.72,0.2,0.35,244.06041666666664,19.52472222222222,26.959044,18.876926,30.689924,PM*,G,5902.010801718442,32.910915949019284,1.321230833841885e-06
HD 146775, ,16,19,8.4,-,28,17,37,349,15,7.682,0.379,2.61,-0.007,3.767,0.11,41,4.61,0.14,3.0,0.0,8.0,1.07,1.01,1.12,-30.4,0.1,0.2,5,1805,0.786,2,52,-255,2,24.3,1.0,-23,-26,-48,7.961,0.011,6.82,8.05,0.08,0.77,244.785,-28.29361111111111,38.87534,-7.5566072,10.611581,PM*,G,5847.900841444806,39.602959138058004,1.4756341601524642e-06
HD 146817, ,16,19,59.5,-,40,49,5,340,7,7.726,0.419,2.585,0.0,3.746,-0.11,47,4.39,1.02,13.8,11.0,16.0,0.94,0.9,0.97,30.6,0.1,0.2,5,1860,0.62,3,43,-115,1,21.5,0.9,28,-22,-20,7.957,0.005,6.56,8.55,0.13,0.2,244.99791666666664,-40.81805555555556,43.836346,-15.955137,5.7278595,PM*,G,5571.857489319298,46.649669101939885,1.088876688899508e-06
HD 146851, ,16,19,22.5,-,25,45,38,351,17,8.16,0.442,2.583,0.0,3.736,-0.01,37,5.34,0.2,0.0,0.0,0.0,0.87,0.84,0.97,-11.0,0.1,0.3,5,1859,0.387,2,-92,-36,2,27.3,1.1,-15,-13,4,7.965,0.011,7.45,7.99,0.04,0.16,244.84375,-25.760555555555555,34.947647,-5.5351596,10.817753,PM*,G,5445.026528424214,35.383273204073156,4.045560500688487e-06
HD 147044, ,16,18,5.8,+,34,28,57,56,46,7.507,0.387,2.611,0.007,3.762,-0.02,36,4.72,0.25,6.1,0.0,11.5,1.0,0.93,1.07,-14.8,0.2,0.2,2,382,0.494,1,-56,-68,2,27.7,0.8,1,-21,-5,7.986,0.026,7.01,8.06,0.07,0.05,244.52416666666664,34.4825,13.984129,20.732325,25.896233,PM*,G,5780.960474057181,25.007702089441683,1.7178241357207713e-06
HD 147062, ,16,19,25.9,+,5,32,17,19,36,7.595,0.388,2.608,0.011,3.766,0.05,65,3.52,1.3,5.5,4.6,6.5,1.17,1.12,1.27,-47.5,0.2,0.1,2,382,0.816,5,-32,-23,2,15.3,0.9,-36,-24,-24,7.95,0.039,6.65,8.23,0.11,0.26,244.85791666666665,5.538055555555555,49.721138,17.120361,38.20604,*,G,5834.451042737448,52.58610391334735,3.2732464109851e-07
HD 147231, ,16,14,50.2,+,70,55,46,104,38,7.836,0.443,2.585,0.0,3.734,-0.23,41,4.79,0.96,0.0,0.0,0.0,0.0,0.0,0.0,-16.4,0.1,0.2,7,4116,0.787,2,-2,-288,2,24.6,0.6,54,-17,11,8.008,0.025,6.35,9.45,0.2,0.32,243.70916666666665,70.92944444444444,-7.8161187,31.348742,25.24212,PM*,G,5420.008904016238,32.30844063886485,1.8922508123754359e-06
HD 147513, ,16,24,1.2,-,39,11,34,342,7,5.374,0.397,2.605,0.009,3.756,-0.08,13,4.83,0.33,8.5,0.0,14.5,0.95,0.88,1.03,12.6,0.1,0.2,7,1745,0.707,3,72,3,1,77.7,0.9,13,-1,-1,7.988,0.002,7.57,8.74,0.07,0.09,246.005,-39.19277777777778,12.271578,-3.9872766,1.5843015,PM*,G,5701.642722807472,12.90310045279783,1.999763790342133e-06
HD 147528, ,16,22,7.0,+,12,12,52,27,39,8.182,0.356,2.611,0.006,3.773,-0.36,51,4.65,0.36,5.4,0.0,11.3,0.96,0.89,1.03,-7.0,0.2,0.2,4,2292,0.847,6,65,-68,2,19.7,1.1,11,-4,-21,7.965,0.032,7.54,8.54,0.06,0.21,245.52916666666664,12.214444444444444,35.31455,17.993662,32.09534,PM*,G,5929.2532458,39.63444605230082,1.559476017642916e-06
HD 147572, ,16,20,16.5,+,49,3,7,76,45,8.139,0.352,2.623,0.009,3.779,-0.21,101,3.12,1.62,4.4,3.8,5.1,1.19,1.14,1.33,-21.7,0.3,0.4,2,741,0.309,1,-59,52,2,9.9,0.7,-36,-25,2,7.983,0.071,6.64,8.27,0.11,0.15,245.06874999999997,49.051944444444445,17.277527,69.29637,71.417786,PM*,G,6011.737374832779,71.41778374055463,1.8835567096263446e-07
HD 148156, ,16,28,17.2,-,46,19,3,337,2,7.704,0.349,2.635,0.006,3.785,0.16,53,4.09,0.17,2.7,0.0,4.6,1.19,1.15,1.23,-2.0,0.2,0.4,3,621,0.248,6,44,27,1,18.9,1.0,3,12,-3,7.951,0.002,7.87,9.21,0.08,0.06,247.07166666666663,-46.3175,48.757042,-20.696133,1.8496733,PM*,G,6095.368972401694,52.967717203438674,7.194136940441091e-07
HD 148317, ,16,26,39.2,+,15,58,21,32,39,6.702,0.4,2.619,0.033,3.779,0.23,80,2.04,2.3,2.0,1.4,2.2,1.73,1.69,1.82,-37.9,0.3,0.0,1,0,0.0,3,1,-2,2,12.5,0.8,-24,-16,-25,7.947,0.05,7.2,8.1,0.06,0.27,246.6633333333333,15.9725,52.72457,32.94597,50.34563,*,G,6011.737374832779,62.171675391015484,4.2362218931380014e-08
HD 148329, ,16,24,17.4,+,55,19,55,85,43,6.935,0.377,2.592,-0.001,3.764,-0.26,43,3.79,1.34,8.5,7.4,9.4,1.03,1.0,1.07,-43.2,0.3,0.5,3,2648,0.127,3,-3,-325,2,23.5,0.6,59,-49,-17,7.997,0.029,5.13,8.95,0.27,0.16,246.0725,55.331944444444446,2.7408938,31.32854,29.325928,PM*,G,5807.644175213118,31.44821008188667,4.7531191406188385e-07
HD 148577, ,16,29,43.2,-,18,40,50,358,20,7.939,0.416,2.595,0.0,3.748,-0.1,54,4.29,1.07,12.2,9.8,14.7,0.95,0.91,1.0,62.2,0.1,0.4,8,2226,0.367,2,81,-239,1,18.6,1.2,77,-35,-29,7.95,0.018,5.38,9.65,0.28,0.38,247.43,-18.68055555555556,50.71249,-1.7709243,18.469088,PM*,G,5597.576014951104,50.743401688066115,9.483719499834043e-07
HD 148587, ,16,33,5.5,-,63,50,32,325,-11,7.385,0.375,2.607,0.02,3.773,-0.26,46,3.99,0.93,8.9,5.6,10.4,1.01,0.98,1.08,42.0,0.2,0.4,4,3210,0.129,4,-449,-189,2,21.8,0.9,-13,-107,37,7.963,-0.009,3.18,7.96,0.43,0.91,248.27291666666665,-63.84222222222223,36.98868,-25.899763,-8.777214,PM*,G,5929.2532458,45.15484660142884,6.265831336282235e-07
HD 148729, ,16,30,25.6,-,10,26,28,5,25,7.466,0.371,2.621,0.006,3.774,0.13,55,3.78,0.77,3.8,3.2,5.4,1.22,1.15,1.27,20.6,0.2,0.1,2,615,0.803,5,-132,-80,2,18.3,1.0,16,-35,23,7.951,0.023,6.15,8.16,0.14,0.52,247.60666666666663,-10.44111111111111,49.657246,4.3444457,23.244005,PM*,G,5942.921586155727,49.84692857884791,4.6879039011534105e-07
HD 149026, ,16,30,29.6,+,38,20,50,61,43,8.163,0.38,2.619,0.016,3.77,0.04,79,3.68,1.05,5.8,3.3,7.2,1.14,1.09,1.24,-18.1,0.4,0.0,1,0,0.0,7,-78,53,2,12.7,0.8,-32,-21,10,7.972,0.054,6.86,8.23,0.09,0.26,247.6233333333333,38.34722222222222,28.010815,50.532852,53.877865,PM*,G,5888.43655355589,57.77694080009887,4.082993611117695e-07
HD 149105, ,16,30,14.9,+,47,57,8,74,43,6.982,0.386,2.598,0.007,3.76,-0.38,51,3.45,1.87,6.7,6.1,7.3,1.09,1.04,1.13,-47.5,0.2,0.1,3,4295,0.895,5,-94,-276,1,19.7,0.6,47,-70,-11,7.99,0.035,4.42,8.5,0.32,0.07,247.5620833333333,47.95222222222223,10.281011,35.854137,34.781914,PM*,G,5754.399373371566,37.2990392261904,2.971520292224332e-07
HD 149222, ,16,29,1.1,+,64,47,12,96,39,7.695,0.381,2.611,0.009,3.768,0.03,62,3.74,1.04,6.5,4.3,7.6,1.12,1.09,1.17,-34.3,0.3,0.2,2,701,0.677,5,-137,113,1,16.2,0.6,-40,-48,-2,8.005,0.039,5.54,8.21,0.19,0.09,247.25458333333333,64.78666666666666,-5.0365024,47.9191,39.017864,PM*,G,5861.3816451402845,48.183052012457715,4.435868880183037e-07
HD 149724, ,16,36,48.5,-,6,17,39,10,26,7.854,0.46,0.0,0.0,3.735,0.29,56,4.12,1.24,9.6,5.0,11.5,1.07,1.02,1.17,-33.6,0.2,0.3,2,733,0.316,3,-21,-2,1,17.9,1.1,-31,-10,-11,7.951,0.025,7.34,8.35,0.06,0.06,249.20208333333332,-6.2941666666666665,49.567802,8.740141,24.548784,*,G,5432.503314924331,50.33246526657606,7.49857432246398e-07
HD 149894, ,16,38,46.7,-,29,53,33,351,11,8.222,0.372,2.594,0.006,3.764,-0.43,47,4.87,0.4,6.2,0.0,14.1,0.91,0.83,0.99,-27.0,0.2,0.4,5,1855,0.381,2,119,-86,3,21.4,1.1,-19,5,-37,7.955,0.009,7.89,8.79,0.05,0.54,249.69458333333327,-29.8925,45.568462,-7.2173305,8.968023,PM*,G,5807.644175213118,46.13647785203888,2.1133853879250417e-06
HD 150248, ,16,41,49.7,-,45,22,7,339,1,7.026,0.418,2.607,0.028,3.745,-0.22,28,4.76,0.76,16.0,11.3,0.0,0.87,0.85,0.91,65.6,0.2,0.6,5,1857,0.011,2,64,-95,1,35.2,1.0,61,-26,-14,7.973,0.0,5.9,9.35,0.23,0.1,250.4570833333333,-45.36861111111112,26.13627,-10.032778,0.48866737,PM*,G,5559.042572704037,27.99573617374946,1.8154266243795335e-06
HD 150256, ,16,39,1.8,+,21,41,16,40,38,7.961,0.396,2.603,0.016,3.758,-0.37,135,2.31,3.05,2.6,2.0,3.1,1.37,1.33,1.43,-25.2,0.3,0.2,2,370,0.676,6,-1,-29,1,7.4,0.9,-1,-24,-20,7.919,0.084,6.78,7.96,0.08,0.21,249.75749999999996,21.68777777777778,81.49292,68.38068,83.1143,*,G,5727.960309858292,106.38145236547957,6.151467025705241e-08
HD 150698, ,16,43,51.4,-,26,48,32,354,12,6.725,0.418,2.611,0.0,3.751,0.02,47,3.37,1.82,5.0,4.4,5.7,1.2,1.16,1.27,47.9,0.2,0.4,4,774,0.205,4,-19,-101,2,21.3,0.9,47,-24,1,7.954,0.01,6.16,8.99,0.19,0.12,250.9641666666666,-26.80888888888889,45.721092,-4.805489,9.77185,PM*,G,5636.376558259543,45.9729374545676,2.6605945697733073e-07
HD 150706, ,16,31,17.5,+,79,47,23,113,33,7.003,0.389,2.603,0.008,3.759,-0.18,27,4.83,0.35,8.0,0.0,15.0,0.93,0.86,1.02,-17.3,0.1,0.3,12,4048,0.67,4,95,-89,1,36.7,0.6,20,-5,-13,8.009,0.015,7.37,8.79,0.09,0.09,247.82291666666663,79.78972222222222,-8.847757,20.844007,14.705255,PM*,G,5741.164622073275,22.64410368610553,1.999763790342133e-06
HD 151084, ,16,38,10.4,+,73,19,35,106,35,8.102,0.344,2.648,0.03,3.801,0.0,91,3.18,0.86,2.5,2.0,2.9,1.34,1.3,1.39,-29.5,0.2,0.3,4,1553,0.597,9,-22,39,2,11.0,0.6,-12,-29,-16,8.02,0.052,6.61,8.02,0.1,0.13,249.5433333333333,73.32638888888889,-20.546791,71.655174,52.195457,*,G,6324.118513762197,74.54283722375985,2.0463442728739028e-07
HD 151192, ,16,46,34.3,-,17,35,42,2,18,8.191,0.432,2.563,0.0,3.734,-0.52,35,5.48,0.47,0.0,0.0,0.0,0.8,0.77,0.87,41.4,0.2,0.3,5,1852,0.603,2,193,-100,2,28.7,1.2,50,8,-21,7.967,0.011,7.03,10.24,0.19,0.23,251.6429166666666,-17.595,33.2667,1.1616988,10.815595,PM*,G,5420.008904016238,33.28697752863605,4.9088380054169274e-06
HD 151450, ,16,48,1.8,-,15,57,50,3,18,7.437,0.35,2.617,-0.009,3.78,0.01,43,4.26,0.25,3.8,0.0,6.6,1.1,1.04,1.17,57.4,0.1,0.3,6,2433,0.469,4,78,-93,2,23.2,1.0,62,-1,-4,7.959,0.014,6.61,10.23,0.21,0.06,252.0075,-15.963888888888889,40.839386,2.1403017,13.287731,PM*,G,6025.595860743575,40.89543177696035,9.09868647726075e-07
HD 151625, ,16,47,24.8,+,28,23,55,49,38,7.966,0.423,2.6,0.043,3.767,0.01,119,2.4,2.42,2.5,2.0,3.1,1.5,1.35,1.59,-38.2,0.3,0.1,2,707,0.863,4,52,9,2,8.4,1.0,-18,-2,-45,7.939,0.074,7.85,8.35,0.03,0.7,251.85333333333327,28.398611111111112,61.52081,70.7716,73.26372,PM*,G,5847.900841444806,93.77328739900345,6.965923494340181e-08
HD 151798, ,16,50,5.1,-,12,23,14,7,20,7.94,0.39,2.602,0.001,3.758,-0.13,41,4.85,0.3,7.7,0.0,14.4,0.94,0.87,1.02,-18.0,0.1,0.5,23,2889,0.182,12,-73,-104,2,24.1,1.0,-14,-27,-6,7.961,0.014,6.69,7.97,0.09,0.02,252.52124999999995,-12.387222222222222,38.24022,4.6953087,14.022825,PM*,G,5727.960309858292,38.527397387270994,2.055789768874886e-06
HD 151928, ,16,51,33.3,-,29,24,34,353,9,8.289,0.366,2.603,-0.006,3.774,-0.04,101,3.27,1.43,4.7,2.8,6.0,1.19,1.11,1.3,-10.9,0.2,0.3,3,2863,0.483,5,-20,12,2,8.7,1.2,-13,0,9,7.901,0.016,7.89,8.27,0.02,0.25,252.88875,-29.409444444444443,99.012955,-12.15727,15.799882,*,G,5942.921586155727,99.7565259603848,2.3172809979074063e-07
HD 152260, ,17,0,54.6,-,76,13,7,316,-20,6.926,0.336,2.644,0.015,3.791,-0.07,56,3.17,1.16,2.8,2.5,3.2,1.33,1.28,1.37,-15.5,0.2,0.1,2,449,0.713,12,-34,-159,1,17.7,0.7,-42,-16,-9,7.962,-0.019,6.89,8.52,0.11,0.04,255.2275,-76.21861111111112,37.853657,-36.554867,-19.153128,PM*,G,6180.164001384158,52.62278641103432,2.0182673768744495e-07
HD 152264, ,16,51,12.8,+,29,34,15,51,38,7.727,0.395,2.613,0.04,3.777,-0.17,64,3.52,1.23,5.8,4.7,6.9,1.13,1.08,1.18,-27.7,0.2,0.1,2,696,0.904,5,94,-68,2,15.6,0.8,9,-10,-43,7.968,0.039,7.41,8.37,0.06,0.64,252.8033333333333,29.570833333333333,31.73832,39.19356,39.402336,PM*,G,5984.115950603199,50.43268882278635,3.2732464109851e-07
HD 152305, ,16,51,15.2,+,34,17,21,57,39,8.031,0.4,2.616,0.027,3.774,0.18,73,3.6,0.91,3.4,2.9,5.4,1.28,1.24,1.32,-13.5,0.2,0.3,2,677,0.417,4,-50,109,3,13.7,0.7,-43,-2,10,7.969,0.046,7.34,8.94,0.1,0.28,252.8133333333333,34.28916666666667,30.898275,47.57917,45.940388,PM*,G,5942.921586155727,56.73165620590082,3.655768617358884e-07
HD 152322, ,16,57,6.0,-,64,11,19,326,-13,8.014,0.379,2.622,0.009,3.765,0.02,46,4.72,0.14,2.9,0.0,9.5,1.02,0.95,1.08,18.1,0.2,0.1,4,3210,0.916,4,9,-36,2,21.9,1.0,11,-13,-10,7.963,-0.01,7.2,8.28,0.07,0.04,254.27499999999995,-64.18861111111111,37.158306,-25.063608,-10.347748,*,G,5821.032177708716,44.82102353547161,1.7178241357207713e-06
HD 152391, ,16,52,58.8,-,0,1,34,18,26,6.608,0.456,2.573,0.0,3.728,-0.06,17,5.46,0.28,0.0,0.0,0.0,0.85,0.82,0.93,44.8,0.1,0.2,15,5572,0.992,3,-709,-1484,2,59.0,0.9,85,-111,9,7.986,0.007,2.79,9.0,0.53,0.29,253.24499999999995,-0.0261111111111111,14.531668,4.721625,7.4523096,PM*,G,5345.643593969719,15.279499910103373,4.775058541740164e-06
HD 152429, ,16,54,20.6,-,25,49,45,356,11,7.22,0.336,2.633,-0.006,3.794,0.19,65,3.14,0.89,2.4,2.0,2.8,1.4,1.34,1.45,-22.6,0.2,0.2,3,2863,0.703,8,-73,-40,1,15.3,1.2,-25,-22,5,7.936,0.013,6.84,8.06,0.08,0.19,253.58583333333328,-25.829166666666666,63.65034,-4.4508595,12.402585,PM*,G,6223.002851691595,63.80576723466571,1.9363269959413497e-07
HD 153075, ,17,0,31.6,-,57,17,49,332,-9,7.008,0.39,2.592,0.025,3.753,-0.76,31,4.52,1.19,15.5,11.6,0.0,0.82,0.8,0.85,99.3,0.1,0.3,6,1897,0.587,5,-163,-297,2,31.8,0.9,63,-89,-23,7.973,-0.005,3.6,8.67,0.41,0.25,255.13166666666663,-57.29694444444444,27.03439,-14.374437,-4.8494687,PM*,G,5662.3928903825345,30.6183389774669,1.303102867201668e-06
HD 153205, ,16,54,3.1,+,61,38,47,91,37,8.183,0.419,2.595,0.027,3.762,0.07,89,3.31,1.59,4.6,4.2,5.3,1.24,1.18,1.29,-40.3,0.2,0.2,3,2204,0.688,3,22,35,2,11.2,0.6,-12,-25,-34,8.002,0.054,6.88,8.0,0.08,0.45,253.5129166666666,61.646388888888886,-1.2404879,71.06773,53.561535,*,G,5780.960474057181,71.07855553950816,2.448943132356654e-07
HD 153276, ,16,58,58.0,-,15,48,43,5,16,8.228,0.375,2.599,-0.009,3.769,0.06,56,4.47,0.27,4.7,0.0,8.5,1.07,1.0,1.13,3.8,0.3,0.4,2,977,0.25,3,-14,-56,1,17.7,1.0,7,-14,-4,7.946,0.016,7.24,8.17,0.06,0.05,254.74166666666665,-15.811944444444444,53.625813,4.6916504,15.435692,PM*,G,5874.893525297769,53.83065486678375,1.2161263551968444e-06
HD 153344, ,16,54,45.9,+,62,5,59,92,37,7.079,0.431,2.596,0.0,3.741,-0.19,40,4.07,1.51,11.6,10.6,12.8,0.97,0.94,1.01,-90.1,0.2,0.3,2,28,0.401,2,-332,-55,2,25.0,0.5,1,-110,-4,8.001,0.024,3.01,8.01,0.45,0.05,253.69125,62.09972222222223,-1.114878,31.92596,24.0726,PM*,G,5508.076964054036,31.94542024886328,6.998076736285392e-07
HD 153361, ,16,59,44.3,-,18,14,53,3,15,6.639,0.351,2.619,-0.001,3.782,-0.06,51,3.11,1.42,2.9,2.5,4.5,1.35,1.28,1.4,-3.4,0.2,0.3,5,3930,0.421,7,-25,-141,1,19.7,0.8,2,-31,-15,7.951,0.013,6.42,8.01,0.11,0.12,254.9345833333333,-18.24805555555556,49.194702,2.5781853,13.199771,PM*,G,6053.408747539136,49.26221416369691,1.857713342727478e-07
HD 153386, ,17,2,28.2,-,56,40,47,333,-9,7.464,0.362,2.629,0.016,3.775,-0.13,85,2.8,1.96,3.5,2.4,4.0,1.36,1.29,1.44,-63.4,0.2,0.2,4,3633,0.602,5,-72,-111,2,11.7,0.9,-80,-20,5,7.925,-0.013,6.09,9.46,0.22,0.21,255.6175,-56.67972222222222,74.80313,-38.114098,-13.29693,PM*,G,5956.621435290103,83.95351525785269,1.2105387621469116e-07
HD 153421, ,17,0,40.4,-,27,47,32,355,9,8.191,0.363,2.599,0.003,3.769,-0.34,47,4.84,0.25,2.8,0.0,11.2,0.95,0.87,1.01,-9.8,0.2,0.3,4,4846,0.477,2,102,19,2,21.4,1.2,-6,17,-17,7.954,0.007,7.95,9.49,0.09,0.15,255.1683333333333,-27.792222222222225,46.244705,-4.045901,7.3524203,PM*,G,5874.893525297769,46.4213534425573,2.0275832758118263e-06
HD 153451, ,16,58,15.2,+,34,43,4,57,37,8.277,0.303,2.67,0.019,3.805,-0.15,92,3.46,0.63,2.8,2.0,3.4,1.24,1.18,1.3,-24.2,1.8,0.0,1,0,0.0,40,-18,-22,2,10.9,0.8,-3,-25,-10,7.961,0.056,6.78,7.98,0.08,0.07,254.56333333333328,34.717777777777776,40.017067,61.620876,55.366978,*,G,6382.634861905489,73.47447182722625,3.0128582572338447e-07
HD 153458, ,17,0,1.6,-,7,31,53,12,21,7.976,0.405,2.586,0.0,3.755,0.05,44,4.78,0.3,7.3,0.0,12.7,0.99,0.92,1.06,0.3,0.2,0.4,6,2104,0.199,3,98,-20,2,22.9,1.1,5,9,-18,7.96,0.015,7.83,9.05,0.07,0.17,255.00666666666663,-7.531388888888888,40.179897,8.540501,15.768189,PM*,G,5688.529308438413,41.0775398516222,1.8662881579148912e-06
HD 153701, ,17,0,28.6,+,15,9,33,35,31,8.018,0.425,2.582,0.0,3.742,-0.14,37,5.16,0.36,0.0,0.0,0.0,0.87,0.83,0.95,-17.4,0.2,0.4,2,1071,0.322,2,48,129,1,26.8,1.0,-27,11,-8,7.974,0.019,7.85,9.22,0.08,0.03,255.11916666666664,15.159166666666668,25.979565,18.191086,19.056408,PM*,G,5520.774392807573,31.715192060724164,3.1548498923804364e-06
HD 154159, ,16,57,13.3,+,71,27,47,103,35,8.149,0.391,2.603,0.009,3.759,-0.12,51,4.63,0.49,9.3,4.7,13.9,0.96,0.9,1.02,-16.9,0.2,0.2,3,2225,0.591,3,-191,85,1,19.8,0.7,-25,-42,21,8.009,0.029,5.97,8.07,0.15,0.48,254.30541666666664,71.46305555555556,-9.397724,40.70602,29.2524,PM*,G,5741.164622073275,41.77675526678174,1.5169759667089017e-06
HD 154345, ,17,2,36.4,+,47,4,54,73,38,6.771,0.449,2.565,0.0,3.73,-0.16,18,5.49,0.29,0.0,0.0,0.0,0.83,0.8,0.92,-47.3,0.1,0.1,16,3618,1.0,2,123,856,2,55.4,0.6,-79,-9,-36,7.996,0.011,6.5,9.9,0.21,0.56,255.65166666666667,47.08166666666667,4.147058,13.564411,11.081907,PM*,G,5370.317963702527,14.184193168181437,4.977126744429156e-06
HD 154682, ,17,8,32.7,-,36,38,34,349,2,7.693,0.384,2.603,0.006,3.763,-0.1,46,4.39,0.62,8.4,5.0,12.1,0.99,0.95,1.05,7.6,0.1,0.2,5,1774,0.829,3,43,-83,2,21.8,1.1,7,-10,-18,7.955,0.002,7.4,8.24,0.05,0.16,257.13625,-36.64277777777778,45.127342,-8.771874,1.6053768,PM*,G,5794.286964268809,45.971978089449664,1.088876688899508e-06
HD 154931, ,17,8,21.4,+,4,25,28,25,25,7.259,0.389,2.591,-0.01,3.761,-0.12,55,3.56,1.52,6.5,5.6,7.6,1.12,1.08,1.17,-18.9,0.2,0.2,4,3686,0.769,3,-52,-203,1,18.2,1.0,12,-53,-20,7.955,0.023,5.31,8.05,0.21,0.19,257.08916666666664,4.424444444444445,45.17666,21.066223,23.244005,PM*,G,5767.664633922509,49.84692929600909,3.459224119099821e-07
HD 155059, ,17,7,8.0,+,44,15,19,70,37,8.073,0.376,2.635,0.045,3.793,0.0,130,2.31,1.91,1.9,1.6,2.2,1.58,1.49,1.66,-8.2,0.2,0.3,4,1061,0.718,6,-59,-32,1,7.7,0.7,11,-33,23,7.964,0.078,6.3,8.11,0.13,0.53,256.7833333333333,44.25527777777778,35.50943,97.561356,78.23595,PM*,G,6208.690342300638,103.82262664507981,6.151467025705241e-08
HD 155107, ,17,10,12.3,-,16,10,22,6,14,8.238,0.367,2.594,-0.006,3.768,-0.37,70,4.01,1.12,8.9,6.2,11.8,0.99,0.93,1.04,90.5,0.2,0.2,2,668,0.58,5,28,-136,2,0.0,0.0,99,-21,-10,7.932,0.017,5.49,10.79,0.33,0.05,257.55125,-16.172777777777778,67.54862,7.0996466,16.934532,PM*,G,5861.3816451402845,67.92069674075267,6.441376735009708e-07
HD 155114, ,17,11,51.2,-,45,52,27,342,-4,7.53,0.396,2.609,0.013,3.756,-0.12,35,4.79,0.4,9.5,2.5,15.4,0.94,0.87,1.02,12.3,0.2,0.4,7,2980,0.133,4,-61,-103,1,28.3,1.0,6,-23,-2,7.966,-0.002,6.84,8.1,0.08,0.07,257.9633333333333,-45.87416666666667,33.205894,-10.789247,-2.4414766,PM*,G,5701.642722807472,34.91474254761511,1.8922508123754359e-06
HD 155358, ,17,9,34.6,+,33,21,21,56,35,7.282,0.367,2.587,-0.001,3.764,-0.72,43,4.09,1.37,11.9,9.5,14.1,0.89,0.86,0.93,-9.1,0.3,0.1,3,395,0.921,2,-221,-218,2,23.0,0.7,29,-53,24,7.98,0.025,5.28,8.3,0.22,0.56,257.39416666666665,33.35583333333334,19.696753,29.201637,24.663788,PM*,G,5807.644175213118,35.223538752129635,7.194136940441091e-07
HD 155579, ,17,11,12.1,+,30,57,22,54,34,8.098,0.304,2.671,0.025,3.816,-0.16,84,3.37,0.49,2.2,1.3,2.9,1.28,1.23,1.34,-7.4,0.7,1.0,2,1915,0.317,21,7,51,2,11.9,0.8,-21,6,-2,7.959,0.047,7.88,8.78,0.05,0.09,257.80041666666665,30.95611111111111,40.93287,56.339264,46.972202,PM*,G,6546.361740672747,69.63915934658169,2.6605945697733073e-07
HD 155859, ,17,5,59.9,+,75,6,12,107,33,7.379,0.369,2.614,0.013,3.769,-0.29,49,3.92,1.12,8.9,7.6,10.3,1.01,0.98,1.05,-40.9,0.3,0.4,2,737,0.317,4,-110,1,2,20.3,0.6,6,-48,-2,8.012,0.027,5.61,8.07,0.18,0.08,256.49958333333325,75.10333333333332,-12.014974,39.299206,26.687313,PM*,G,5874.893525297769,41.09485603395043,5.68825032571083e-07
HD 155877, ,17,12,39.2,+,37,12,52,61,35,8.266,0.357,2.614,0.003,3.775,-0.49,114,2.99,2.08,4.6,3.8,5.5,1.16,1.1,1.22,-11.1,0.2,0.4,4,1853,0.532,3,-23,-45,2,8.8,0.7,16,-25,0,7.955,0.065,6.61,8.23,0.11,0.13,258.1633333333333,37.214444444444446,45.273132,81.674904,65.38772,PM*,G,5956.621435290103,93.38333054940072,1.5739056715734894e-07
HD 155918, ,17,22,12.6,-,75,20,53,317,-21,7.013,0.386,2.587,0.017,3.754,-0.66,28,4.78,0.85,14.6,7.7,0.0,0.82,0.8,0.87,59.7,0.2,0.5,4,4641,0.064,5,-958,-253,2,35.8,0.7,6,-127,69,7.981,-0.01,2.64,8.01,0.5,2.45,260.55249999999995,-75.34805555555555,19.117771,-17.827606,-10.034303,PM*,G,5675.446054085472,26.140250643398144,1.8662881579148912e-06
HD 155921, ,17,12,22.9,+,43,44,14,69,36,7.243,0.43,2.587,0.025,3.752,-0.14,55,3.45,1.85,6.0,5.3,6.7,1.15,1.11,1.19,-46.4,0.2,0.3,2,674,0.349,2,32,180,1,18.3,0.6,-57,-16,-31,7.984,0.032,6.67,8.93,0.14,0.4,258.0954166666666,43.73722222222222,15.945918,41.54053,32.32819,PM*,G,5649.369748123023,44.49593165159736,2.971520292224332e-07
HD 156062, ,17,16,29.8,-,27,33,55,358,6,8.231,0.37,2.617,0.007,3.769,-0.13,59,4.38,0.52,7.2,3.6,10.6,1.01,0.96,1.07,43.3,0.3,0.3,2,1092,0.475,5,-73,-122,2,17.0,1.1,42,-41,2,7.942,0.006,5.59,8.59,0.21,0.14,259.1241666666666,-27.56527777777778,58.64105,-2.0477965,6.1671796,PM*,G,5874.893525297769,58.67679452396758,1.0739367406436191e-06
HD 156152, ,17,17,19.1,-,32,3,57,354,3,8.15,0.405,2.623,0.036,3.777,0.38,62,4.03,0.24,2.3,0.3,4.0,1.2,1.17,1.24,-39.3,0.3,0.4,2,1071,0.163,3,95,-106,2,16.1,1.1,-38,-6,-43,7.938,0.004,7.35,8.69,0.08,0.67,259.32958333333335,-32.06583333333333,61.57585,-6.4718947,3.2448294,PM*,G,5984.115950603199,61.91502825833473,6.621840265962693e-07
HD 156617, ,17,18,39.2,-,1,30,35,20,20,8.019,0.402,2.593,0.007,3.753,-0.26,59,4.16,1.22,11.9,10.0,14.1,0.95,0.91,1.01,-102.6,0.1,0.3,7,2687,0.499,2,-103,54,1,16.9,1.0,-100,-40,-5,7.948,0.02,5.18,9.61,0.3,0.04,259.6633333333333,-1.5097222222222222,52.09831,18.962233,20.179188,PM*,G,5662.3928903825345,55.441863110851436,7.92462463811988e-07
HD 156968, ,17,20,11.6,+,9,27,39,31,25,7.943,0.381,2.613,0.018,3.763,-0.23,55,4.23,0.9,10.8,6.9,13.2,0.98,0.95,1.03,-11.5,0.3,0.7,4,724,0.02,3,-25,-309,2,18.1,1.0,41,-64,-31,7.957,0.023,4.69,8.4,0.28,0.4,260.0483333333333,9.460833333333332,42.727158,25.673065,23.244005,PM*,G,5794.286964268809,49.846928664173376,8.729285552249458e-07
HD 157067, ,17,20,28.6,+,15,59,53,38,27,8.095,0.334,2.644,0.025,3.803,-0.18,114,2.71,1.46,2.3,2.0,2.7,1.4,1.31,1.48,-63.4,0.5,0.8,4,1840,0.627,28,-16,16,1,8.8,1.0,-52,-34,-19,7.92,0.052,5.98,8.41,0.17,0.19,260.1191666666666,15.998055555555554,80.04199,62.53566,51.754917,*,G,6353.309318517436,101.5747455561455,1.069002449529503e-07
HD 157068, ,17,20,36.2,+,15,9,33,37,27,7.133,0.38,2.625,0.034,3.787,0.05,135,1.33,2.98,0.0,0.0,0.0,0.0,0.0,0.0,-8.9,0.7,0.9,2,1159,0.369,26,11,-33,2,7.4,0.9,9,-14,-17,7.904,0.061,7.15,8.17,0.07,0.16,260.1508333333333,15.159166666666668,96.06458,72.38985,61.288715,*,G,6123.503917247734,120.28588409950231,1.5884688414480028e-08
HD 157347, ,17,22,51.2,-,2,23,17,20,18,6.287,0.425,2.596,0.0,3.745,-0.04,19,4.84,0.53,13.2,6.9,0.0,0.9,0.87,0.96,-36.5,0.1,0.4,28,3709,0.165,1,50,-107,2,51.4,0.9,-27,-17,-20,7.983,0.006,7.11,8.18,0.07,0.19,260.7133333333333,-2.388055555555556,16.980314,6.180329,5.871323,PM*,G,5559.042572704037,18.07007277480744,2.0275832758118263e-06
HD 157637, ,17,23,53.0,+,13,5,58,35,25,8.06,0.461,0.0,0.0,3.728,-0.1,41,5.01,0.76,0.0,0.0,0.0,0.0,0.0,0.0,-50.6,0.2,0.1,2,1110,0.85,5,-32,86,2,24.6,1.0,-49,-19,-10,7.97,0.017,6.65,8.62,0.13,0.05,260.9708333333333,13.099444444444446,30.438559,21.313309,17.327349,PM*,G,5345.643593969719,37.158619653129776,2.564358266443843e-06
HD 157664, ,17,18,58.4,+,68,52,40,100,33,7.981,0.346,2.609,-0.01,3.78,-0.23,84,3.36,1.37,5.1,4.5,6.0,1.16,1.11,1.24,6.8,0.4,0.4,2,387,0.441,13,32,6,2,11.9,0.6,-2,13,-7,8.012,0.046,7.98,9.25,0.07,0.05,259.7433333333333,68.87777777777777,-12.233225,69.37806,45.74968,*,G,6025.595860743575,70.44832860518571,2.6240898437492055e-07
HD 157830, ,17,27,21.9,-,38,3,41,350,-2,7.883,0.428,2.583,0.0,3.738,-0.24,31,5.41,0.27,0.0,0.0,0.0,0.84,0.8,0.92,-23.4,0.1,0.2,6,2976,0.765,2,-174,-13,2,32.0,1.2,-25,-12,21,7.969,-0.001,7.41,8.2,0.05,0.47,261.84124999999995,-38.061388888888885,30.510443,-5.3798223,-1.0818844,PM*,G,5470.159628939716,30.98111715280497,4.456343920636423e-06
HD 157896, ,17,25,39.3,+,7,30,5,30,22,7.893,0.43,2.594,0.033,3.763,0.17,94,2.89,1.9,3.0,2.4,4.4,1.48,1.42,1.52,-30.5,0.3,0.4,2,1149,0.239,2,-35,-8,2,6.6,0.9,-24,-25,0,7.925,0.036,6.69,8.01,0.09,0.11,261.41375,7.501388888888889,75.47868,43.57764,35.21302,*,G,5794.286964268809,87.15527432411649,1.370814533965882e-07
HD 158096, ,17,24,37.1,+,50,41,8,78,34,7.575,0.444,2.592,0.0,3.736,-0.15,57,3.79,1.86,8.6,7.7,9.6,1.05,1.02,1.09,-0.8,0.3,0.4,2,228,0.205,1,-78,-103,1,17.5,0.6,26,-18,16,7.99,0.032,6.8,8.6,0.12,0.39,261.1545833333333,50.68555555555555,9.824895,46.222504,31.873995,PM*,G,5445.026528424214,47.25514191906571,4.7531191406188385e-07
HD 158210, ,17,27,6.6,+,21,43,10,44,28,8.032,0.371,2.618,0.01,3.771,-0.11,60,4.16,0.67,6.8,4.1,9.8,1.04,0.98,1.1,-21.1,0.3,0.5,2,752,0.217,7,-32,-2,1,16.8,1.1,-14,-18,-2,7.962,0.028,7.17,7.97,0.05,0.07,261.7775,21.71944444444444,38.108356,36.800816,28.168295,*,G,5902.010801718442,52.97685207039572,7.92462463811988e-07
HD 158221, ,17,34,1.5,-,69,58,58,323,-19,8.226,0.42,2.615,0.06,3.778,-0.04,95,3.08,1.53,3.1,2.5,5.0,1.27,1.14,1.4,0.7,1.2,1.8,2,1156,0.103,26,-8,-49,2,5.4,0.9,-14,-16,-7,7.928,-0.031,7.24,7.94,0.05,0.03,263.50625,-69.98277777777778,71.73685,-54.057587,-30.928974,PM*,G,5997.910762555094,89.82426376088517,1.7822913541883197e-07
HD 158259, ,17,25,24.0,+,52,47,26,80,34,6.477,0.392,2.602,0.011,3.759,-0.13,27,4.31,0.82,12.0,6.7,13.8,0.98,0.94,1.04,13.3,0.2,0.1,2,682,0.735,4,-90,-51,2,36.8,0.5,7,3,17,7.996,0.015,7.78,8.85,0.06,0.41,261.35,52.79055555555556,3.8869445,22.043953,15.098208,PM*,G,5741.164622073275,22.384016650554234,9.74941821268923e-07
HD 158420, ,17,29,58.3,-,17,48,52,8,9,7.67,0.369,2.631,0.026,3.786,0.06,76,3.14,1.18,2.7,2.4,3.1,1.36,1.29,1.42,27.9,0.2,0.3,2,448,0.396,7,-30,-82,2,13.1,1.0,33,-26,-2,7.925,0.012,6.29,8.56,0.15,0.08,262.49291666666664,-17.814444444444444,74.33379,10.446934,11.88902,PM*,G,6109.420249055721,75.0643108658466,1.9363269959413497e-07
HD 158630, ,17,34,5.2,-,59,46,32,332,-14,7.605,0.385,2.585,0.0,3.759,-0.36,37,4.76,0.57,11.3,4.5,0.0,0.87,0.83,0.97,-25.4,0.2,0.5,7,1912,0.033,3,-46,-405,2,27.0,0.9,-57,-45,-22,7.968,-0.009,5.51,8.48,0.21,0.23,263.52166666666665,-59.77555555555556,31.698652,-16.85447,-8.951111,PM*,G,5741.164622073275,35.90094285110078,1.8154266243795335e-06
HD 158651, ,17,51,51.8,-,84,6,40,309,-25,7.641,0.379,2.613,0.019,3.766,-0.22,73,3.32,1.73,5.3,4.7,6.1,1.19,1.12,1.25,36.7,0.2,0.4,5,1570,0.242,5,12,-7,1,13.7,0.7,19,-25,-20,7.958,-0.031,6.57,8.3,0.12,0.2,267.9658333333333,-84.1111111111111,41.63613,-51.416344,-30.851133,*,G,5834.451042737448,66.16046970588431,2.483011324918055e-07
HD 158809, ,17,31,25.4,-,2,32,19,21,17,8.152,0.426,2.561,0.0,3.736,-0.73,75,3.77,2.25,11.7,9.3,14.6,0.92,0.84,0.97,4.0,0.2,0.3,5,2411,0.533,2,-274,-107,1,13.3,1.3,16,-81,65,7.933,0.021,4.34,8.04,0.3,1.88,262.8558333333333,-2.538611111111111,66.95905,25.703173,21.927877,PM*,G,5445.026528424214,71.7228518616656,4.623583448318132e-07
HD 158917, ,17,31,5.8,+,21,1,16,44,27,8.082,0.336,2.632,0.007,3.786,-0.23,65,4.02,0.58,4.7,2.6,7.0,1.07,1.02,1.14,-1.1,0.4,0.1,2,1907,0.845,9,-75,-76,1,15.4,1.2,16,-26,11,7.958,0.029,6.54,8.22,0.11,0.29,262.7741666666666,21.02111111111111,41.66087,40.231438,29.509382,PM*,G,6109.420249055721,57.91542707003674,6.530985211445702e-07
HD 159063, ,17,31,54.1,+,16,49,26,40,25,6.985,0.339,2.652,0.023,3.802,0.2,50,3.38,0.47,2.2,1.2,3.1,1.38,1.33,1.42,-6.7,0.3,0.2,2,748,0.745,13,-37,-20,2,19.9,0.9,-2,-12,3,7.965,0.021,7.51,8.05,0.03,0.15,262.9754166666666,16.823888888888888,34.7136,29.128168,21.130913,*,G,6338.69711256927,45.315385863922906,2.697607127122331e-07
HD 159222, ,17,32,0.9,+,34,16,16,59,30,6.528,0.406,2.599,0.006,3.756,0.09,24,4.65,0.37,7.6,2.5,11.8,1.03,0.95,1.08,-52.0,0.1,0.2,15,3013,0.977,3,-240,63,2,42.2,0.6,-31,-50,-2,7.989,0.012,5.47,8.09,0.19,0.07,263.00375,34.27111111111111,10.7048645,17.815887,12.0,PM*,G,5701.642722807472,20.784608573656836,1.559476017642916e-06
HD 159333, ,17,33,52.8,+,8,6,13,31,21,7.852,0.371,2.603,0.0,3.768,-0.45,94,2.98,2.22,4.6,3.6,5.7,1.16,1.09,1.24,-29.2,0.5,0.7,2,749,0.079,6,-19,-58,2,10.6,1.0,-8,-37,-14,7.925,0.034,6.15,7.93,0.13,0.1,263.47,8.10361111111111,75.22205,45.19797,33.68659,PM*,G,5861.3816451402845,87.75655701042173,1.5523108761915437e-07
HD 159644, ,17,35,1.8,+,18,13,22,42,25,8.271,0.413,2.617,0.051,3.778,0.06,102,3.01,1.51,2.8,2.3,3.4,1.36,1.26,1.46,-21.6,0.9,1.3,2,1161,0.026,11,-19,13,2,3.7,1.1,-20,-14,1,7.931,0.043,7.32,8.02,0.05,0.12,263.75749999999994,18.22277777777777,68.69882,61.856705,43.107063,*,G,5997.910762555094,92.44338712341421,1.6180006820912398e-07
HD 159909, ,17,36,50.2,+,10,34,28,34,21,7.285,0.429,2.601,0.0,3.743,-0.08,37,4.47,0.98,14.9,11.7,17.1,0.92,0.89,0.96,-77.3,0.2,0.3,2,993,0.374,2,-149,-9,2,27.3,0.9,-59,-55,-7,7.972,0.013,5.04,8.44,0.25,0.01,264.20916666666665,10.574444444444444,28.637009,19.315905,13.259614,PM*,G,5533.501092157366,34.54247342671202,1.2161263551968444e-06
HD 160017, ,17,38,1.1,-,9,1,48,16,12,7.983,0.366,2.609,0.003,3.771,-0.25,67,3.85,1.11,7.9,6.0,9.7,1.03,0.98,1.1,-54.8,0.3,0.6,3,1434,0.072,7,-29,-53,2,14.9,1.3,-46,-33,-12,7.937,0.014,6.07,8.32,0.16,0.07,264.5045833333333,-9.03,62.99714,18.064138,13.930084,PM*,G,5902.010801718442,65.53588886909709,5.163910426473034e-07
HD 160113, ,17,40,50.2,-,49,57,29,341,-10,7.307,0.432,2.582,0.025,3.752,-0.12,74,2.87,2.41,3.4,2.9,4.0,1.3,1.26,1.35,-21.4,0.1,0.2,5,1896,0.563,2,117,-185,2,13.6,1.0,-41,-24,-64,7.931,-0.013,6.73,8.4,0.11,1.22,265.20916666666665,-49.95805555555556,68.905396,-23.72602,-12.849965,PM*,G,5649.369748123023,72.87576842104113,1.333456032228426e-07
HD 160411, ,17,41,15.6,-,34,58,9,354,-2,7.809,0.415,2.619,0.044,3.776,0.29,90,2.85,1.51,2.5,1.9,4.6,1.45,1.4,1.5,-25.1,0.2,0.3,4,1891,0.378,3,-28,-40,2,11.1,1.2,-26,-19,2,7.91,-0.004,6.96,8.07,0.07,0.13,265.315,-34.969166666666666,89.452446,-9.401848,-3.1409545,*,G,5970.352865838366,89.94517686456578,1.2971156533788488e-07
HD 160420, ,17,37,55.1,+,41,0,39,67,31,8.057,0.372,2.606,0.01,3.765,-0.36,55,4.37,0.82,9.2,6.0,14.5,0.95,0.87,1.01,-5.6,0.4,0.6,2,1090,0.089,2,120,9,1,18.3,0.7,-3,13,-29,7.981,0.028,7.96,9.27,0.08,0.37,264.4795833333333,41.01083333333333,18.420712,43.396465,28.327093,PM*,G,5821.032177708716,47.144202242515135,1.0592017761624506e-06
HD 160662, ,17,41,45.5,-,13,18,55,13,9,7.716,0.445,2.605,0.0,3.736,-0.06,34,5.06,0.52,17.1,4.9,0.0,0.88,0.84,0.94,2.4,0.2,0.4,7,2127,0.068,3,-1,48,2,0.0,0.0,0,7,4,7.967,0.005,7.9,8.84,0.06,0.18,265.4395833333333,-13.315277777777778,32.720715,7.554172,5.3187723,*,G,5445.026528424214,33.58140415046412,2.747759388040215e-06
HD 160859, ,17,46,35.9,-,62,45,6,330,-17,7.517,0.393,2.611,0.021,3.757,-0.23,35,4.8,0.47,11.0,3.9,17.6,0.91,0.85,0.99,-6.7,0.2,0.3,5,1922,0.312,3,-48,-383,2,28.6,0.8,-40,-47,-19,7.971,-0.01,5.55,8.17,0.19,0.18,266.6495833333333,-62.751666666666665,28.986444,-16.735338,-10.233009,PM*,G,5714.786366718672,33.47066586937553,1.9185746433369414e-06
HD 160955, ,17,42,6.0,+,20,9,58,44,24,8.206,0.367,2.631,0.035,3.792,-0.08,114,2.78,1.54,2.4,2.1,2.9,1.4,1.31,1.49,-46.6,0.2,0.5,4,1797,0.344,8,-5,51,1,8.8,1.0,-51,-16,-7,7.926,0.046,6.7,8.71,0.13,0.05,265.5249999999999,20.16611111111111,74.915054,72.34463,46.367977,PM*,G,6194.410750767812,104.14418277397837,1.1775482201528085e-07
HD 161098, ,17,43,44.2,-,3,55,4,21,13,7.674,0.423,2.566,0.0,3.74,-0.28,30,5.29,0.38,0.0,0.0,0.0,0.84,0.81,0.91,-17.2,0.2,0.5,5,3285,0.076,1,-107,-241,2,33.4,1.1,0,-41,-7,7.973,0.007,5.96,8.0,0.15,0.01,265.9341666666666,-3.917777777777778,27.289583,10.47549,6.7485313,PM*,G,5495.408738576249,29.23110040785309,3.7755367364019577e-06
HD 161174, ,17,45,53.6,-,41,15,45,349,-6,8.158,0.357,2.646,0.036,3.799,0.1,85,3.36,0.63,2.3,1.6,2.9,1.31,1.24,1.38,29.7,0.3,0.2,2,468,0.632,6,37,-38,2,0.0,0.0,26,-10,-24,7.917,-0.01,6.99,8.7,0.11,0.26,266.4733333333333,-41.2625,82.981224,-16.12993,-8.884919,PM*,G,6295.061828571975,84.5343609329548,2.6240898437492055e-07
HD 161515, ,17,48,1.6,-,43,26,35,348,-8,8.181,0.413,2.593,0.023,3.759,-0.23,77,3.65,1.57,8.0,6.2,10.2,1.03,0.98,1.11,58.2,0.1,0.3,5,1858,0.527,5,-21,13,2,7.7,1.4,58,-11,1,7.925,-0.011,6.38,9.62,0.2,0.14,267.00666666666666,-43.44305555555555,74.58438,-15.853405,-10.71633,*,G,5741.164622073275,76.25064058798735,3.917226648981836e-07
HD 161555, ,17,46,31.8,-,7,59,8,18,11,7.356,0.414,2.596,0.019,3.752,-0.05,56,3.63,1.59,7.0,6.0,8.0,1.12,1.07,1.16,71.9,0.2,0.1,3,1436,0.839,4,-2,-150,1,18.0,0.9,82,-7,-4,7.948,0.01,6.12,10.64,0.27,0.05,266.63249999999994,-7.985555555555556,52.280647,16.987011,10.685304,PM*,G,5649.369748123023,54.971125088110846,3.81047134770222e-07
HD 161612, ,17,47,57.5,-,34,1,7,356,-3,7.19,0.443,2.595,0.0,3.739,0.13,27,5.04,0.33,10.8,1.3,0.0,0.95,0.88,1.03,2.1,0.3,0.6,4,1733,0.01,2,-205,-563,2,37.2,1.1,-4,-75,-15,7.973,-0.001,4.39,7.98,0.29,0.11,266.9895833333333,-34.01861111111111,26.897318,-1.8808411,-1.4130709,PM*,G,5482.769649208536,26.96299832801562,2.6728753163232114e-06
HD 161784, ,17,50,30.1,-,54,43,50,338,-14,7.693,0.375,2.613,0.016,3.768,-0.2,62,3.74,1.24,7.5,6.2,8.8,1.07,1.02,1.12,57.9,0.2,0.2,3,2193,0.545,5,-11,-12,2,16.2,1.0,51,-24,-12,7.944,-0.015,6.09,9.09,0.2,0.08,267.6254166666666,-54.730555555555554,55.77784,-22.535711,-14.999158,*,G,5861.3816451402845,60.158338618525036,4.435868880183037e-07
HD 161788, ,17,48,4.0,-,13,36,41,13,7,8.133,0.395,2.611,0.026,3.772,-0.04,82,3.45,1.3,5.3,3.3,6.8,1.14,1.08,1.24,-41.1,0.2,0.1,2,302,0.758,4,-121,-138,2,0.0,0.0,-24,-78,8,7.921,0.011,4.21,7.95,0.31,0.23,267.01666666666665,-13.611388888888888,79.302795,18.308493,9.993286,PM*,G,5915.616341754737,81.38878430559751,2.971520292224332e-07
HD 162209, ,17,48,13.0,+,38,13,57,64,28,7.795,0.402,2.611,0.025,3.77,0.13,53,4.07,0.58,4.4,3.1,7.2,1.17,1.08,1.21,12.4,0.2,0.1,2,682,0.671,2,58,-76,2,18.9,0.7,22,11,-11,7.979,0.025,7.6,9.57,0.11,0.06,267.0541666666667,38.2325,20.514116,42.060165,24.881994,PM*,G,5888.43655355589,46.79622244464483,6.998076736285392e-07
HD 162556, ,17,50,43.5,+,22,10,29,47,23,8.252,0.366,2.629,0.025,3.787,0.0,89,3.4,0.96,3.0,2.5,4.1,1.22,1.13,1.32,10.1,0.3,0.6,4,1136,0.39,14,-16,-69,1,5.8,1.0,29,-12,0,7.944,0.035,6.88,8.76,0.12,0.11,267.6812499999999,22.174722222222226,55.872665,59.916103,34.77507,PM*,G,6123.503917247734,81.92492961796692,2.773184092623894e-07
HD 162752, ,17,50,55.1,+,37,42,16,63,28,8.097,0.297,2.645,-0.002,3.807,-0.33,100,3.1,1.11,2.7,2.3,3.1,1.27,1.21,1.33,3.3,0.4,0.6,2,387,0.161,7,-15,-82,2,10.0,0.7,37,-14,-1,7.96,0.046,6.7,8.96,0.14,0.11,267.7295833333333,37.70444444444445,40.084984,78.6712,46.94716,PM*,G,6412.095765851615,88.2947543839398,1.8322245601154965e-07
HD 163183, ,17,47,38.1,+,73,7,57,104,30,7.754,0.385,2.61,0.008,3.761,-0.14,40,4.75,0.34,8.2,0.2,13.6,0.96,0.89,1.04,-4.7,0.3,0.1,2,362,0.729,9,54,-70,1,25.1,0.6,14,4,-10,8.008,0.02,7.68,8.99,0.08,0.04,266.90875,73.1325,-8.380419,33.612026,20.0,PM*,G,5767.664633922509,34.64101202967715,1.7905180372942511e-06
HD 163272, ,17,56,24.4,-,26,46,24,3,-1,7.396,0.381,2.612,0.005,3.77,0.16,47,4.02,0.61,4.2,3.0,7.0,1.18,1.1,1.22,-38.1,0.1,0.3,4,3957,0.456,4,-15,-85,1,21.1,1.1,-37,-21,-6,7.953,-0.001,6.76,8.28,0.1,0.01,269.10166666666663,-26.773333333333333,46.92844,2.4594154,-0.8202631,PM*,G,5888.43655355589,46.99284206071556,6.530985211445702e-07
HD 163589, ,17,54,40.0,+,45,33,14,72,29,7.683,0.452,0.0,0.0,3.735,0.03,64,3.65,1.88,6.7,5.8,7.7,1.14,1.09,1.24,-36.6,0.2,0.1,2,439,0.784,4,43,25,1,15.6,0.6,-17,-22,-28,7.983,0.031,6.96,8.01,0.07,0.31,268.66666666666663,45.553888888888885,17.29743,53.23602,31.027815,*,G,5432.503314924331,55.975663551630184,3.917226648981836e-07
HD 163622, ,17,56,42.0,+,11,52,19,38,17,8.131,0.377,2.603,0.002,3.766,-0.14,53,4.49,0.49,8.0,3.6,11.7,0.99,0.94,1.05,-8.6,0.2,0.2,2,1111,0.648,2,34,-139,1,18.7,1.0,16,-23,-24,7.96,0.016,6.68,8.26,0.11,0.26,269.17499999999995,11.871944444444445,39.939655,31.20428,15.4957,PM*,G,5834.451042737448,50.68415069661743,1.2501977137235027e-06
HD 163874, ,18,0,18.4,-,39,14,58,353,-8,7.277,0.366,2.615,0.0,3.776,0.05,60,3.39,1.18,3.2,2.7,5.4,1.28,1.17,1.35,-6.9,0.2,0.2,4,4071,0.738,5,-35,-107,2,16.7,0.9,-11,-30,-5,7.941,-0.008,6.49,7.94,0.1,0.03,270.07666666666665,-39.24944444444444,58.973206,-7.2410045,-8.350387,PM*,G,5970.352865838366,59.41608512925987,2.7351345804337536e-07
HD 164395, ,17,58,38.0,+,44,56,14,72,28,8.1,0.363,2.606,-0.012,3.774,-0.37,128,2.56,2.44,3.3,2.5,4.2,1.33,1.16,1.42,3.3,0.3,0.2,4,3332,0.978,17,5,17,1,5.2,0.7,-9,6,1,7.965,0.06,7.96,8.73,0.05,0.14,269.6583333333333,44.93722222222222,34.92426,107.48583,60.09236,*,G,5942.921586155727,113.01728888686235,8.689178128317536e-08
HD 164509, ,18,1,31.2,+,0,6,16,27,11,8.114,0.404,2.625,0.042,3.779,0.26,52,4.36,-0.04,1.3,0.0,4.6,1.14,1.11,1.18,13.3,0.4,0.5,2,2581,0.155,2,-8,-19,1,19.3,1.1,14,2,2,7.955,0.01,7.58,8.84,0.08,0.14,270.37999999999994,0.1044444444444444,45.481083,23.173769,9.922068,*,G,6011.737374832779,51.04461264931148,1.0446689829731647e-06
HD 165173, ,18,4,26.3,+,6,26,11,33,13,7.958,0.459,0.0,0.0,3.73,0.04,33,5.39,0.24,0.0,0.0,0.0,0.87,0.84,0.96,-0.5,0.3,0.0,1,0,0.0,1,-63,71,2,30.6,1.1,-6,3,13,7.973,0.008,7.96,8.53,0.03,0.32,271.10958333333326,6.436388888888889,26.966791,17.51244,7.4233847,PM*,G,5370.317963702527,32.154212345994125,4.334896176994429e-06
HD 165185, ,18,6,23.7,-,36,1,11,356,-7,5.949,0.386,2.606,0.01,3.76,-0.21,17,4.75,0.43,9.8,3.1,15.3,0.93,0.87,1.01,14.9,0.2,0.4,5,1859,0.26,8,107,7,2,57.6,0.8,14,4,-9,7.983,-0.002,7.64,8.97,0.08,0.03,271.59874999999994,-36.01972222222222,16.832184,-1.1770194,-2.071779,PM*,G,5754.399373371566,16.87328636863111,1.7905180372942511e-06
HD 165269, ,18,6,13.7,-,27,29,33,4,-3,7.316,0.38,2.641,0.041,3.795,0.48,63,3.16,0.73,1.6,1.1,2.1,1.41,1.38,1.45,-1.1,0.5,0.7,2,721,0.042,8,39,-39,2,16.0,0.9,-2,-5,-16,7.938,-0.003,7.76,8.16,0.03,0.12,271.5570833333333,-27.4925,62.760406,4.3886347,-3.2971654,PM*,G,6237.348354824191,62.913660486534084,1.990575710329982e-07
HD 165271, ,18,7,26.2,-,46,53,55,346,-13,7.643,0.415,2.593,0.022,3.763,0.11,65,3.47,1.37,5.2,4.4,6.2,1.2,1.14,1.3,-83.3,0.2,0.3,4,2588,0.26,4,-34,-106,1,15.3,1.1,-88,-16,11,7.938,-0.014,6.1,9.84,0.23,0.33,271.8591666666666,-46.89861111111111,61.452766,-15.321886,-14.621818,PM*,G,5794.286964268809,63.33405592292153,3.054771290620165e-07
HD 165476, ,18,5,52.2,+,7,5,26,34,13,7.658,0.4,2.595,0.009,3.755,-0.22,45,4.39,0.91,12.9,9.0,15.9,0.94,0.88,0.99,28.2,0.1,0.3,7,2296,0.528,3,-210,-103,3,22.2,1.0,39,-21,36,7.964,0.01,6.47,8.9,0.16,0.9,271.4675,7.090555555555556,36.350525,24.518738,10.122797,PM*,G,5688.529308438413,43.84665529875989,1.088876688899508e-06
HD 165672, ,18,6,48.8,+,6,24,37,34,13,7.78,0.399,2.611,0.017,3.758,0.01,44,4.57,0.47,8.5,3.8,12.4,0.99,0.94,1.06,-5.8,0.2,0.2,2,752,0.446,4,-3,-45,3,22.8,1.1,1,-10,-5,7.964,0.01,7.54,8.12,0.04,0.04,271.7033333333333,6.410277777777778,35.542736,23.973877,9.897846,*,G,5727.960309858292,42.87228546248526,1.3962998789170638e-06
HD 166435, ,18,9,21.3,+,29,57,6,57,22,6.837,0.406,2.598,0.005,3.752,-0.07,25,4.83,0.41,10.4,3.3,16.5,0.92,0.87,1.01,-15.0,0.3,0.3,2,358,0.481,8,71,59,2,39.6,0.7,-15,-5,-11,7.987,0.009,7.9,8.12,0.01,0.05,272.33874999999995,29.951666666666664,12.624513,19.440044,9.365165,PM*,G,5649.369748123023,23.179595320218706,1.999763790342133e-06
HD 167469, ,18,10,1.3,+,67,46,54,98,29,8.261,0.331,2.629,0.005,3.788,-0.34,103,3.19,1.46,4.6,3.9,5.4,1.16,1.12,1.24,-46.7,0.3,0.4,2,588,0.355,8,23,-95,1,9.7,0.7,50,-28,-34,8.012,0.05,6.04,9.08,0.2,0.47,272.50541666666663,67.78166666666667,-12.537522,89.20912,49.93539,PM*,G,6137.620051647939,90.08582879163006,2.074811757403894e-07
HD 168009, ,18,15,32.4,+,45,12,33,73,25,6.297,0.41,2.597,0.014,3.751,-0.1,23,4.52,0.77,12.0,8.3,16.5,0.93,0.88,0.99,-64.9,0.1,0.2,17,4087,0.855,3,-78,-115,2,44.1,0.5,-5,-62,-23,7.994,0.01,4.96,8.0,0.23,0.24,273.885,45.20916666666667,6.0945125,19.934246,9.720221,PM*,G,5636.376558259543,20.845077265416226,1.303102867201668e-06
HD 168443, ,18,20,3.9,-,9,35,44,21,3,6.924,0.455,0.0,0.0,3.732,-0.06,38,4.03,1.63,10.6,9.5,11.8,1.01,0.95,1.05,-49.1,0.3,0.5,3,3650,0.108,3,-90,-224,2,26.4,0.9,-29,-58,-7,7.965,0.002,5.09,8.03,0.22,0.0,275.01625,-9.595555555555556,35.427437,13.5993185,1.9887664,PM*,G,5395.1062251512785,37.94792163022122,6.621840265962693e-07
HD 168746, ,18,21,49.7,-,11,55,21,19,1,7.96,0.434,2.582,0.0,3.74,-0.08,43,4.79,0.72,16.0,10.8,0.0,0.89,0.87,0.93,-26.1,0.1,0.3,7,2545,0.735,2,-22,-66,1,23.2,1.0,-19,-22,-3,7.959,0.001,6.91,8.01,0.07,0.06,275.45708333333334,-11.9225,40.651104,13.997297,0.7504535,PM*,G,5495.408738576249,42.99344810229839,1.8922508123754359e-06
HD 168871, ,18,24,33.1,-,49,39,10,345,-16,6.461,0.37,2.611,0.004,3.769,-0.17,28,4.21,0.72,7.3,4.9,11.5,1.01,0.97,1.07,32.0,0.1,0.2,6,2172,0.942,4,33,-150,1,35.5,0.8,23,-23,-20,7.974,-0.008,6.62,8.42,0.12,0.2,276.13791666666657,-49.65277777777778,25.998207,-6.9662056,-7.717846,PM*,G,5874.893525297769,26.91532625988993,8.491388286507029e-07
HD 168960, ,18,21,50.3,+,15,37,33,44,13,7.856,0.387,2.604,0.004,3.765,0.05,68,3.71,1.13,6.2,4.7,7.7,1.13,1.08,1.21,-10.7,0.2,0.2,2,1005,0.515,3,-43,-159,2,14.8,1.2,30,-43,-11,7.953,0.016,5.61,8.33,0.2,0.06,275.45958333333334,15.625833333333334,47.661415,46.026096,15.296671,PM*,G,5821.032177708716,66.257165595907,4.2557754049694857e-07
HD 169125, ,18,25,17.8,-,44,35,34,350,-14,7.819,0.39,2.588,0.012,3.755,-0.37,39,4.86,0.56,0.0,0.0,0.0,0.87,0.82,0.95,-8.9,0.1,0.3,8,3041,0.684,2,-127,-22,1,0.0,0.0,-6,-13,21,7.963,-0.01,7.55,7.99,0.03,0.47,276.32416666666666,-44.59277777777778,37.266636,-6.571123,-9.434954,PM*,G,5688.529308438413,37.84153559566029,2.0843886533432196e-06
HD 169303, ,18,27,17.5,-,55,57,15,339,-19,7.629,0.358,2.617,0.009,3.777,-0.24,83,3.04,1.77,4.2,3.7,4.9,1.2,1.14,1.35,-13.3,0.2,0.1,2,382,0.905,7,4,-36,2,12.1,0.9,-18,-7,-2,7.927,-0.027,7.67,8.07,0.02,0.08,276.82291666666663,-55.95416666666667,73.265564,-28.124025,-27.022156,*,G,5984.115950603199,78.47804565888934,1.6864703117139513e-07
HD 169359, ,18,23,47.0,+,14,54,27,43,13,7.809,0.377,2.592,-0.003,3.764,-0.32,60,3.94,1.24,9.4,7.7,11.3,1.0,0.96,1.04,-1.2,0.3,0.4,2,592,0.316,4,123,-66,2,16.8,1.1,7,4,-39,7.958,0.013,7.76,8.85,0.07,0.56,275.9458333333333,14.9075,42.75655,39.871124,13.497063,PM*,G,5807.644175213118,58.462202292813735,5.847614042653944e-07
HD 169383, ,18,27,12.9,-,51,53,3,343,-18,7.972,0.396,2.577,0.0,3.752,-0.64,63,3.97,1.69,12.1,10.3,14.1,0.9,0.87,0.93,103.6,0.2,0.5,7,2609,0.083,4,138,-105,2,15.8,0.9,78,-35,-78,7.942,-0.019,5.52,9.88,0.28,1.99,276.80375,-51.884166666666665,57.298492,-17.51791,-19.468071,PM*,G,5649.369748123023,59.91656161898948,6.095070037023257e-07
HD 169506, ,18,37,2.6,-,79,37,44,314,-26,7.955,0.39,2.644,0.058,3.8,0.44,106,2.57,1.24,1.5,1.2,1.7,1.57,1.52,1.63,35.5,0.2,0.4,3,1564,0.32,8,-20,12,2,9.4,0.8,29,-23,-5,7.933,-0.047,6.48,8.53,0.14,0.05,279.2608333333333,-79.62888888888888,66.18161,-68.533066,-46.467342,*,G,6309.57344480193,95.2721713699885,8.810056636995267e-08
HD 169905, ,18,20,49.1,+,70,4,23,100,28,7.778,0.326,2.64,0.004,3.792,-0.13,66,3.67,0.7,3.6,2.8,4.4,1.18,1.1,1.24,-17.6,0.2,0.4,3,2114,0.478,6,38,-1,2,15.1,0.7,1,-10,-19,8.011,0.031,7.57,8.18,0.04,0.17,275.2045833333333,70.07305555555556,-10.119268,57.389217,30.985125,*,G,6194.410750767812,58.2745382884233,4.0269728386086803e-07
HD 169925, ,18,15,34.4,+,79,3,53,111,28,7.326,0.395,2.614,0.02,3.775,0.26,61,3.33,1.08,3.4,2.4,5.9,1.36,1.34,1.39,-22.2,0.4,0.5,2,375,0.12,4,-14,3,1,16.5,0.6,7,-20,-7,8.019,0.029,6.98,8.17,0.08,0.03,273.89333333333326,79.06472222222222,-19.301626,50.28246,28.637766,*,G,5956.621435290103,53.85980458463877,2.517553453247534e-07
HD 170294, ,18,28,34.4,+,0,47,49,31,5,8.049,0.43,2.576,0.0,3.744,0.0,58,4.24,1.12,11.5,9.5,13.7,0.97,0.93,1.04,-107.9,0.3,0.5,2,689,0.151,1,-96,-31,2,17.3,1.1,-83,-73,9,7.951,0.005,4.17,8.76,0.35,0.26,277.14333333333326,0.7969444444444445,49.52652,29.758535,5.0550327,PM*,G,5546.25712957911,57.77929204011265,8.850722010772422e-07
HD 170357, ,18,26,37.7,+,46,5,1,74,23,8.277,0.409,2.582,0.028,3.759,-0.47,69,3.95,1.46,10.6,8.9,12.4,0.97,0.89,1.01,-85.4,0.2,0.4,3,1005,0.24,3,-349,199,1,14.4,0.7,-66,-116,84,7.983,0.027,3.04,8.34,0.47,3.12,276.65708333333333,46.08361111111111,17.507065,61.05438,26.960447,PM*,G,5741.164622073275,63.514837967978984,5.928962457240527e-07
HD 170469, ,18,29,10.9,+,11,41,43,41,10,8.219,0.424,2.616,0.0,3.751,0.26,65,4.16,0.84,8.9,4.3,11.6,1.12,1.07,1.16,-60.2,0.2,0.1,2,729,0.854,3,-48,-16,2,15.4,1.1,-39,-48,0,7.952,0.011,5.48,8.14,0.2,0.11,277.29541666666665,11.695277777777775,48.310852,41.995983,11.287131,PM*,G,5636.376558259543,64.01250666160631,7.92462463811988e-07
HD 170715, ,18,31,26.1,-,12,1,14,20,-1,7.564,0.363,2.618,0.012,3.77,-0.31,40,4.55,0.49,7.6,0.0,12.2,0.97,0.89,1.03,33.0,0.2,0.5,6,1089,0.045,6,-22,-182,2,0.0,0.0,42,-19,-13,7.962,-0.001,6.42,8.95,0.16,0.09,277.85875,-12.020555555555555,37.58198,13.678721,-0.6980962,PM*,G,5888.43655355589,39.993907397455445,1.3582468307766884e-06
HD 170768, ,18,32,12.4,-,26,29,47,7,-8,7.957,0.384,2.587,0.011,3.757,-0.7,59,4.11,1.48,12.7,10.4,15.3,0.88,0.83,0.92,31.0,0.2,0.4,6,3033,0.443,4,-147,-121,2,17.0,1.2,40,-43,17,7.942,-0.008,5.53,8.52,0.21,0.41,278.0516666666667,-26.49638888888889,57.99032,7.120316,-8.211213,PM*,G,5714.786366718672,58.425817184205954,7.395690025727166e-07
HD 170778, ,18,29,3.9,+,43,56,21,72,22,7.497,0.383,2.61,0.01,3.762,-0.14,37,4.66,0.41,8.7,2.9,13.2,0.96,0.9,1.03,-23.0,0.3,0.2,2,1015,0.614,6,75,155,1,27.1,0.6,-34,-9,-13,7.99,0.014,7.31,8.48,0.07,0.09,277.26625,43.939166666666665,10.601075,32.62676,13.860443,PM*,G,5780.960474057181,34.305805037241505,1.5811704900714475e-06
HD 171028, ,18,32,15.4,+,6,56,44,37,7,8.289,0.43,2.575,0.0,3.735,-0.81,43,5.12,0.97,0.0,4.5,0.0,0.78,0.75,0.84,13.1,0.3,0.2,2,677,0.684,4,-44,-13,2,0.0,0.0,14,2,8,7.966,0.006,7.61,8.87,0.08,0.25,278.06416666666667,6.945555555555556,34.085354,25.685154,5.240382,*,G,5432.503314924331,42.67948562610651,2.9852362067012464e-06
HD 171029, ,18,33,11.0,-,16,51,5,16,-4,8.242,0.402,2.581,0.004,3.751,-0.44,74,3.9,1.66,11.2,8.6,14.4,0.92,0.85,1.01,-37.8,0.2,0.4,7,2842,0.179,1,-58,-187,2,0.0,0.0,-16,-76,-10,7.929,-0.005,4.32,7.93,0.3,0.04,278.2958333333333,-16.85138888888889,70.96009,20.347479,-5.1619787,PM*,G,5636.376558259543,73.81974176643766,5.533229712483625e-07
HD 171067, ,18,32,10.4,+,13,44,11,43,10,7.205,0.424,2.597,0.0,3.744,-0.05,25,5.2,0.2,0.0,0.0,0.0,0.9,0.84,0.99,-46.8,0.2,0.1,2,676,0.858,1,112,123,2,39.7,0.9,-46,-17,-14,7.982,0.005,6.8,8.6,0.12,0.1,278.0433333333333,13.736388888888888,18.00607,16.79093,4.3412046,PM*,G,5546.25712957911,24.620192670038147,3.3341006052084653e-06
HD 171242, ,18,31,30.0,+,45,0,35,73,22,7.984,0.378,2.59,-0.003,3.763,-0.42,62,4.02,1.27,10.5,8.8,12.4,0.98,0.9,1.02,-6.0,0.3,0.3,2,644,0.382,3,-108,-357,2,16.1,0.6,104,-37,-2,7.984,0.023,5.02,10.57,0.36,0.09,277.87499999999994,45.00972222222222,16.80711,54.97356,23.225609,PM*,G,5794.286964268809,57.48540028238213,6.530985211445702e-07
HD 171304, ,18,33,57.7,+,5,40,18,36,6,8.001,0.396,2.614,0.023,3.773,0.12,77,3.47,1.12,3.5,2.7,5.6,1.23,1.13,1.34,-60.7,0.3,0.4,2,703,0.214,2,39,126,3,0.0,0.0,-77,3,1,7.938,0.009,6.76,10.17,0.2,0.14,278.49041666666665,5.671666666666667,61.953056,45.011528,8.048692,PM*,G,5929.2532458,76.57818749901253,3.054771290620165e-07
HD 171377, ,18,37,1.8,-,48,12,33,347,-18,7.33,0.425,2.61,0.046,3.77,0.17,103,2.07,2.55,1.8,1.6,2.2,1.7,1.6,1.8,33.9,0.2,0.2,2,1458,0.533,4,1,42,2,9.7,1.0,38,11,-4,7.904,-0.031,7.26,9.93,0.16,0.07,279.25749999999994,-48.20916666666667,95.44814,-22.035938,-31.82875,*,G,5888.43655355589,97.95881784198625,4.4154879139952447e-08
HD 171489, ,18,34,35.6,+,12,32,20,42,9,8.287,0.391,2.606,0.002,3.762,0.08,56,4.55,0.34,6.1,0.5,10.2,1.05,0.98,1.11,-33.7,0.3,0.4,2,702,0.247,5,24,25,2,17.9,1.2,-30,-16,-8,7.959,0.009,7.11,8.23,0.07,0.02,278.64833333333326,12.53888888888889,41.103745,37.00998,8.76033,*,G,5780.960474057181,55.31054576322155,1.3582468307766884e-06
HD 171645, ,18,38,17.7,-,45,27,58,350,-17,7.631,0.347,2.639,0.008,3.79,0.31,114,2.35,1.71,1.7,1.4,2.3,1.63,1.54,1.72,15.6,0.3,0.4,2,358,0.134,6,-52,-23,2,8.8,1.0,17,-25,16,7.893,-0.033,6.55,8.2,0.11,0.38,279.57375,-45.46611111111111,107.362495,-18.930933,-33.33037,PM*,G,6165.9500186148225,109.01873947572277,6.500978060115766e-08
HD 171665, ,18,37,12.8,-,25,40,16,8,-9,7.44,0.425,2.565,0.0,3.742,-0.14,30,5.05,0.47,14.9,6.0,0.0,0.87,0.84,0.93,-23.4,0.1,0.2,5,1857,0.615,2,170,-283,1,33.2,1.0,-24,-30,-36,7.971,-0.004,6.53,8.05,0.1,0.49,279.3033333333333,-25.671111111111117,29.342287,4.12379,-4.693034,PM*,G,5520.774392807573,29.630650521958998,2.710058715874637e-06
HD 171706, ,18,36,27.3,-,4,34,30,27,1,7.879,0.381,2.589,-0.01,3.765,-0.15,64,3.84,1.17,7.9,6.4,9.5,1.05,1.0,1.11,18.1,0.1,0.3,6,2113,0.685,3,51,-200,2,15.6,1.1,39,-32,-41,7.943,0.001,6.01,8.66,0.18,0.63,279.11375,-4.575,57.01573,29.050966,1.116954,PM*,G,5821.032177708716,63.99024998361904,5.093058919267476e-07
HD 171918, ,18,37,42.6,-,7,20,12,25,0,7.983,0.426,2.585,0.0,3.749,0.19,57,4.19,0.91,9.2,7.2,11.0,1.11,1.03,1.15,-67.3,0.2,0.1,2,350,0.908,2,106,-77,2,17.4,1.0,-58,-34,-35,7.948,0.0,5.95,8.61,0.18,0.49,279.42749999999995,-7.336666666666666,51.659542,24.089241,0.0,PM*,G,5610.479760324706,56.99999834741968,8.25997438171197e-07
HD 172066, ,18,32,30.2,+,68,36,51,99,27,7.589,0.346,2.636,0.021,3.795,-0.08,90,2.73,1.52,2.3,2.1,2.5,1.45,1.39,1.5,-19.2,0.2,0.2,4,1363,0.95,11,-15,67,2,11.1,0.6,-24,-26,0,8.012,0.041,6.75,8.1,0.09,0.11,278.12583333333333,68.61416666666666,-12.544572,79.203316,40.859142,PM*,G,6237.348354824191,80.19059515965098,1.0989519408534521e-07
HD 172083, ,18,31,3.1,+,73,5,1,104,27,8.178,0.349,2.619,0.002,3.778,-0.22,60,4.29,0.48,6.3,3.0,8.6,1.03,0.97,1.09,-10.9,0.3,0.1,2,734,0.78,3,63,103,1,16.7,0.6,-29,-10,-19,8.013,0.028,7.44,8.36,0.06,0.18,277.7629166666666,73.08361111111111,-12.933238,51.87239,27.23943,PM*,G,5997.910762555094,53.46039178192341,9.483719499834043e-07
HD 172233, ,18,39,10.3,+,0,6,22,32,3,8.045,0.39,2.604,0.008,3.761,-0.07,63,4.05,0.98,8.3,5.9,10.9,1.02,0.97,1.08,-37.7,0.2,0.2,2,404,0.462,2,79,3,1,0.0,0.0,-37,-9,-22,7.946,0.003,7.22,8.52,0.08,0.24,279.79291666666666,0.1061111111111111,53.35381,33.33916,3.2971654,PM*,G,5767.664633922509,62.913660130544784,6.80735971699978e-07
HD 172513, ,18,42,2.3,-,34,27,58,1,-13,7.945,0.444,2.603,0.0,3.735,-0.01,33,5.34,0.22,0.0,0.0,0.0,0.87,0.84,0.96,-12.1,0.1,0.2,6,3033,0.673,3,-6,-64,2,30.1,1.3,-12,-10,-1,7.968,-0.008,7.67,7.98,0.02,0.1,280.5095833333333,-34.46611111111111,32.149315,0.5611684,-7.4233847,PM*,G,5432.503314924331,32.15421224260336,4.045560500688487e-06
HD 172867, ,18,42,4.9,+,11,45,39,42,7,7.838,0.387,2.602,0.011,3.76,-0.25,66,3.73,1.48,8.2,6.9,9.6,1.03,1.0,1.09,-8.6,0.2,0.2,2,404,0.547,2,-53,-105,2,15.1,1.0,18,-33,-1,7.952,0.009,6.19,8.21,0.14,0.09,280.5204166666666,11.760833333333334,48.681965,43.833443,8.043377,PM*,G,5754.399373371566,65.50804867720817,4.375006477474418e-07
HD 173071, ,18,43,15.7,+,9,2,28,40,6,8.2,0.386,2.609,0.007,3.764,0.0,52,4.64,0.26,5.9,0.0,10.7,1.01,0.95,1.08,-36.5,0.2,0.1,2,742,0.92,4,39,31,3,19.4,1.2,-35,-15,-9,7.961,0.005,7.08,8.34,0.08,0.03,280.81541666666664,9.04111111111111,39.616096,33.24185,5.43548,PM*,G,5807.644175213118,51.71513950192647,1.5380792045350664e-06
HD 173493, ,18,44,29.1,+,27,31,53,57,14,8.263,0.362,2.646,0.047,3.803,0.05,136,2.39,1.56,1.8,1.5,2.1,1.55,1.45,1.66,-31.0,1.1,1.8,4,1544,0.62,35,17,17,2,4.8,0.9,-28,-16,-13,7.928,0.032,7.09,8.14,0.07,0.09,281.12125,27.531388888888888,71.87069,110.67115,32.90138,*,G,6353.309318517436,131.9602194731374,6.870347440944186e-08
HD 173742, ,18,45,28.2,+,34,12,49,64,16,7.619,0.451,0.0,0.0,3.736,0.04,77,3.19,2.31,3.8,3.3,4.5,1.27,1.24,1.34,-34.5,0.2,0.3,2,1100,0.367,2,18,50,3,13.0,0.7,-32,-21,-9,7.967,0.021,6.82,8.2,0.09,0.03,281.36749999999995,34.21361111111111,32.446987,66.52618,21.224077,PM*,G,5445.026528424214,74.017157408067,2.074811757403894e-07
HD 173906, ,18,44,31.0,+,57,17,6,87,23,7.7,0.363,2.626,0.017,3.773,-0.23,68,3.54,1.36,6.3,5.4,7.3,1.11,1.07,1.15,-17.0,0.2,0.5,4,981,0.251,9,11,110,1,14.7,0.6,-36,-16,-2,7.997,0.027,7.03,8.4,0.09,0.08,281.12916666666666,57.285,3.2759352,62.508545,26.569717,PM*,G,5929.2532458,62.594328412817276,3.3649506582766625e-07
HD 174719, ,18,51,48.4,+,3,1,51,36,1,7.517,0.425,2.575,0.0,3.74,-0.25,28,5.26,0.39,0.0,0.0,0.0,0.84,0.81,0.91,-17.8,0.3,0.4,2,738,0.241,3,-7,-141,2,35.3,1.0,-4,-24,-8,7.977,0.001,6.83,7.99,0.08,0.01,282.95166666666665,3.0308333333333333,22.649025,16.45548,0.48866737,PM*,G,5495.408738576249,27.995734594416792,3.6222523292156442e-06
HD 175036, ,18,52,27.4,+,26,32,5,57,12,8.256,0.376,2.624,0.021,3.778,0.0,69,3.96,0.61,4.2,2.6,6.9,1.11,1.05,1.18,-55.6,0.2,0.3,4,1832,0.79,5,110,156,2,14.4,1.7,-80,-10,-22,7.963,0.014,6.41,9.81,0.21,0.26,283.1141666666666,26.534722222222225,36.75888,56.60371,14.345907,PM*,G,5997.910762555094,67.49218654495125,6.011442541001502e-07
HD 175425, ,18,53,38.1,+,37,59,6,68,16,7.902,0.415,2.603,0.022,3.762,0.12,53,4.19,0.67,6.9,3.9,9.6,1.1,1.04,1.15,-68.3,0.2,0.1,2,372,0.833,3,-47,-84,2,18.9,0.8,-3,-71,-16,7.981,0.014,4.58,7.99,0.27,0.13,283.40874999999994,37.985,19.085035,47.23711,14.60878,PM*,G,5780.960474057181,50.946865674968905,8.25997438171197e-07
HD 176377, ,18,58,51.0,+,30,10,50,61,12,6.804,0.385,2.588,0.005,3.759,-0.29,23,4.96,0.31,7.1,0.0,15.8,0.9,0.83,0.99,-41.2,0.2,0.2,2,643,0.595,1,55,196,2,42.7,0.6,-39,-25,-5,7.989,0.005,6.57,8.33,0.12,0.03,284.7125,30.18055555555556,10.906952,19.676664,4.781969,PM*,G,5741.164622073275,22.497393362325333,2.3931983809430355e-06
HD 176463, ,19,4,6.3,-,59,44,34,337,-25,7.883,0.416,2.6,0.03,3.764,0.01,83,3.17,1.73,4.3,3.8,5.1,1.23,1.18,1.33,-12.8,0.1,0.2,6,1898,0.895,4,75,-71,2,12.1,0.9,-32,-10,-26,7.931,-0.035,7.31,8.37,0.07,0.3,286.02625,-59.74277777777778,69.24364,-29.392174,-35.077316,PM*,G,5807.644175213118,75.22354400648693,2.0182673768744495e-07
HD 176790, ,19,3,47.4,-,40,15,4,357,-19,8.156,0.418,2.567,0.0,3.746,-0.22,67,4.02,1.48,11.1,9.2,13.4,0.97,0.92,1.03,19.5,0.2,0.3,5,2521,0.584,3,-123,-6,2,14.9,1.2,30,-17,28,7.937,-0.022,6.76,8.7,0.13,0.65,285.9475,-40.25111111111111,63.262924,-3.3154697,-21.813065,PM*,G,5571.857489319298,63.34974263847797,6.530985211445702e-07
HD 176796, ,18,57,23.5,+,64,49,50,95,24,8.213,0.351,2.608,-0.001,3.776,-0.61,120,2.81,2.32,4.0,3.3,4.9,1.18,1.13,1.25,-0.4,0.3,0.5,3,414,0.322,6,-19,-92,2,8.3,0.6,53,5,-2,8.01,0.049,6.95,10.25,0.19,0.11,284.3479166666666,64.83055555555555,-9.55449,109.2083,48.808395,PM*,G,5970.352865838366,109.62545812013786,1.2273790338163375e-07
HD 176845, ,19,0,25.5,+,39,20,15,70,15,7.913,0.351,2.656,0.043,3.809,0.21,137,2.04,1.65,1.5,1.2,1.9,1.73,1.66,1.85,-32.3,2.0,2.8,2,1021,0.018,40,14,44,2,7.3,0.8,-39,-19,-6,7.954,0.036,6.78,8.36,0.1,0.04,285.10625,39.337500000000006,45.260155,124.35125,35.45821,*,G,6441.692655151775,132.33183671054567,4.2362218931380014e-08
HD 177122, ,19,4,41.4,-,31,22,21,6,-16,8.222,0.368,2.601,-0.001,3.768,-0.31,53,4.6,0.48,8.3,2.2,13.0,0.95,0.88,1.02,-31.6,0.2,0.2,4,3217,0.758,3,-1,-53,2,18.9,1.3,-30,-16,4,7.949,-0.015,7.1,8.22,0.07,0.17,286.1725,-31.3725,50.667778,5.325398,-14.60878,PM*,G,5861.3816451402845,50.946870279887534,1.4553877004550159e-06
HD 177153, ,19,1,39.6,+,41,29,24,72,16,7.213,0.365,2.618,0.012,3.771,-0.26,41,4.13,0.84,10.1,5.4,11.7,1.0,0.96,1.06,-15.3,0.2,0.2,4,999,0.852,3,-77,30,2,24.2,0.6,-6,-18,11,7.988,0.011,7.22,8.0,0.05,0.28,285.415,41.49,12.178893,37.48278,11.301131,PM*,G,5902.010801718442,39.411727077531744,7.602889882338923e-07
HD 177305, ,19,3,26.5,+,17,4,2,50,5,7.615,0.389,2.587,0.005,3.757,-0.36,43,4.43,0.94,13.1,8.9,17.0,0.87,0.84,0.97,-52.5,0.2,0.1,2,644,0.984,2,-117,-60,1,23.1,1.0,-18,-55,11,7.972,0.004,5.28,7.99,0.2,0.28,285.86041666666665,17.06722222222222,27.534687,32.814564,3.7476966,PM*,G,5714.786366718672,42.83637004576911,1.150743950203592e-06
HD 177409, ,19,9,54.5,-,68,17,58,327,-27,7.532,0.392,2.587,0.004,3.757,-0.25,35,4.8,0.48,11.3,4.3,0.0,0.9,0.84,0.98,-9.7,0.1,0.2,6,2685,0.811,3,155,-43,2,28.4,0.9,-20,8,-19,7.974,-0.016,7.91,8.89,0.06,0.19,287.47708333333327,-68.29944444444445,26.154135,-16.98469,-15.8896675,PM*,G,5714.786366718672,31.18522842620084,1.9185746433369414e-06
HD 177565, ,19,6,52.4,-,37,48,38,359,-19,6.156,0.436,2.588,0.0,3.74,0.05,17,4.98,0.43,13.2,5.0,0.0,0.91,0.87,0.98,59.5,0.1,0.2,4,3216,0.624,3,-188,-366,2,58.2,0.9,58,-32,-15,7.984,-0.006,5.74,9.17,0.23,0.13,286.71833333333336,-37.81055555555555,16.07137,-0.28053004,-5.5346584,PM*,G,5495.408738576249,16.073818176781845,2.4602469402593257e-06
HD 177675, ,19,4,57.2,+,20,37,31,53,6,8.24,0.33,2.613,-0.016,3.787,-0.23,66,4.14,0.43,4.4,0.8,7.0,1.07,1.0,1.13,9.0,0.4,0.6,2,346,0.293,7,25,-30,1,0.0,0.0,10,5,-10,7.96,0.007,7.72,8.92,0.07,0.04,286.2383333333333,20.62527777777778,39.502197,52.421192,6.8988786,*,G,6123.503917247734,65.63844101231894,7.70865661620565e-07
HD 178478, ,19,8,18.8,+,15,1,2,48,3,8.242,0.415,2.582,0.027,3.757,-0.28,47,4.77,0.54,11.3,2.0,0.0,0.9,0.84,0.98,-110.4,0.3,0.1,2,378,0.928,3,62,58,1,0.0,0.0,-86,-70,-12,7.969,0.003,4.26,8.86,0.35,0.08,287.0783333333333,15.017222222222223,31.406036,34.879944,2.45979,PM*,G,5714.786366718672,46.93558980854968,1.8406817244279151e-06
HD 178673, ,19,10,41.8,-,29,48,49,8,-17,8.021,0.365,2.616,0.012,3.772,-0.27,73,3.7,1.26,7.3,5.8,8.9,1.06,1.0,1.12,27.6,0.3,0.1,2,1525,0.985,5,-108,-89,3,13.7,1.2,39,-37,14,7.931,-0.021,5.78,8.56,0.19,0.35,287.6741666666667,-29.81361111111111,69.13085,9.715708,-21.343134,PM*,G,5915.616341754737,69.8102385303457,4.1973839773752496e-07
HD 179889, ,19,38,34.0,-,85,0,16,308,-28,8.275,0.377,2.627,0.035,3.784,-0.09,93,3.27,1.24,3.1,2.6,5.1,1.21,1.15,1.34,-33.4,0.4,0.7,3,2209,0.021,3,93,-28,2,10.7,0.8,-44,26,-18,7.949,-0.044,7.68,10.53,0.16,0.19,294.6416666666666,-85.00444444444445,50.554504,-64.70681,-43.66086,PM*,G,6081.350012787177,82.11412262858391,2.3172809979074063e-07
HD 180502, ,19,15,38.0,+,29,7,19,62,8,7.922,0.408,2.614,0.027,3.773,0.37,88,3.07,1.28,2.4,2.0,2.9,1.43,1.39,1.47,-7.4,0.2,0.3,2,1048,0.336,2,-6,-88,1,11.3,0.8,28,-21,-15,7.958,0.012,6.6,8.54,0.13,0.12,288.9083333333333,29.121944444444445,40.91144,76.943214,12.247233,PM*,G,5929.2532458,87.14358326075073,1.7578374000538127e-07
HD 180751, ,19,19,33.1,-,42,3,54,356,-23,8.001,0.373,2.616,0.024,3.782,-0.14,84,3.28,1.33,4.7,2.8,5.6,1.19,1.12,1.29,-22.5,0.2,0.1,3,1813,0.957,7,74,-15,2,11.9,1.1,-32,5,-19,7.923,-0.032,7.65,8.94,0.08,0.19,289.8879166666666,-42.065,77.134056,-5.3937316,-32.821415,PM*,G,6053.408747539136,77.32240901306668,2.3495175877295774e-07
HD 181177, ,19,23,36.4,-,63,11,30,333,-28,8.054,0.404,2.594,0.006,3.754,-0.23,63,4.05,1.28,10.8,8.9,12.8,0.99,0.95,1.04,48.3,0.2,0.3,5,2219,0.575,2,-83,-136,2,15.8,1.1,28,-62,-4,7.95,-0.029,4.82,8.2,0.26,0.05,290.90166666666664,-63.19166666666666,49.56286,-25.25354,-29.57671,PM*,G,5675.446054085472,55.62569886222734,6.80735971699978e-07
HD 181253, ,19,19,17.0,+,14,10,39,49,0,7.515,0.345,2.637,0.015,3.785,-0.13,76,3.12,1.41,2.9,2.5,4.8,1.31,1.18,1.38,-29.0,0.3,0.1,2,744,0.842,8,2,10,2,13.2,1.0,-22,-19,1,7.95,0.001,7.03,8.03,0.07,0.12,289.8208333333333,14.1775,49.860485,57.35793,0.0,*,G,6095.368972401694,76.00000064684292,1.8835567096263446e-07
HD 181428, ,19,21,39.3,-,29,36,19,9,-19,7.106,0.368,2.628,0.022,3.783,0.01,50,3.52,0.92,3.4,2.9,3.8,1.25,1.14,1.3,36.7,0.2,0.4,4,3967,0.134,6,124,-10,1,20.0,1.0,24,13,-38,7.953,-0.016,7.57,9.77,0.13,0.6,290.41375,-29.60527777777778,46.693886,7.395585,-16.278406,PM*,G,6067.363295885053,47.27593116241309,3.2732464109851e-07
HD 181720, ,19,22,52.9,-,32,55,8,6,-20,7.846,0.386,2.576,0.0,3.757,-0.54,56,4.11,1.39,12.1,9.9,14.7,0.9,0.85,0.94,-45.2,0.2,0.3,5,4671,0.421,2,92,-414,2,17.9,1.3,-51,-102,-42,7.948,-0.02,3.29,8.15,0.43,0.65,290.72041666666667,-32.91888888888889,52.334515,5.5005794,-19.153128,PM*,G,5714.786366718672,52.62278816274305,7.395690025727166e-07
HD 182407, ,19,24,23.0,+,5,33,51,42,-5,7.78,0.384,2.613,0.016,3.767,-0.04,95,2.89,1.98,3.7,2.7,4.4,1.31,1.26,1.4,-28.0,0.2,0.2,2,641,0.509,6,4,22,2,10.5,1.0,-27,-11,5,7.929,-0.008,7.34,8.21,0.06,0.19,291.0958333333333,5.564166666666667,70.33011,63.325516,-8.279795,*,G,5847.900841444806,94.63849824082352,1.370814533965882e-07
HD 182758, ,19,24,56.1,+,31,48,4,65,7,8.186,0.357,2.599,0.003,3.77,-0.58,66,4.08,1.16,10.4,6.6,12.5,0.96,0.87,1.01,2.5,0.2,0.1,3,785,0.975,5,72,-92,2,15.1,0.8,17,0,-33,7.972,0.009,7.52,8.88,0.08,0.44,291.23375,31.801111111111112,27.684898,59.370453,8.043377,PM*,G,5888.43655355589,65.508047343022,7.095429681178739e-07
HD 183216, ,19,29,40.5,-,30,47,51,8,-21,7.149,0.376,2.615,0.002,3.77,0.13,35,4.45,0.2,4.0,0.0,7.4,1.11,1.05,1.15,-43.1,0.2,0.3,5,1785,0.38,5,4,-263,2,28.8,1.0,-38,-47,0,7.968,-0.013,5.53,8.15,0.19,0.11,292.41875,-30.797500000000003,32.357323,4.5475254,-12.542878,PM*,G,5888.43655355589,32.67531696846986,1.182983535779732e-06
HD 183263, ,19,28,24.5,+,8,21,29,45,-4,7.872,0.407,2.611,0.022,3.77,0.32,53,4.16,0.3,3.3,1.1,5.8,1.17,1.14,1.2,-50.7,0.2,0.4,3,1094,0.327,2,-18,-32,2,18.9,1.1,-30,-42,4,7.962,-0.004,5.84,8.06,0.16,0.16,292.10208333333327,8.358055555555556,37.38537,37.38537,-3.697093,*,G,5888.43655355589,52.87089728833624,7.92462463811988e-07
HD 183298, ,19,26,22.0,+,50,59,14,83,16,8.152,0.377,2.621,0.016,3.769,-0.02,84,3.53,1.27,5.7,4.8,6.7,1.15,1.11,1.21,-18.8,0.5,0.7,2,307,0.051,6,30,74,1,11.9,0.7,-34,-14,-4,7.99,0.023,7.13,8.36,0.08,0.05,291.59166666666664,50.98722222222222,9.840458,80.14411,23.153538,PM*,G,5874.893525297769,80.74597811248474,3.318781804419511e-07
HD 183341, ,19,28,46.3,+,11,1,37,47,-3,7.455,0.383,2.613,0.013,3.764,-0.06,45,4.21,0.74,7.8,5.1,11.4,1.02,0.98,1.08,-41.3,0.2,0.1,3,1094,0.933,4,-10,-27,2,22.4,0.9,-24,-34,1,7.97,-0.002,6.26,8.03,0.12,0.12,292.1929166666666,11.026944444444446,30.647863,32.865814,-2.355118,*,G,5807.644175213118,44.9383270310474,8.491388286507029e-07
HD 183414, ,19,35,9.7,-,69,58,32,326,-29,7.901,0.418,2.599,0.019,3.744,-0.25,35,5.15,0.41,14.1,2.1,0.0,0.85,0.82,0.93,3.2,0.2,0.4,6,2904,0.468,10,-2,-174,2,28.2,1.0,-13,-26,-2,7.974,-0.017,6.74,7.98,0.08,0.08,293.7904166666666,-69.97555555555556,25.378237,-17.117847,-16.968336,PM*,G,5546.25712957911,30.611690563305682,3.1115637291006563e-06
HD 183490, ,19,28,39.1,+,31,20,27,65,7,8.218,0.411,2.613,0.033,3.771,0.21,77,3.64,0.92,5.0,2.8,6.9,1.22,1.15,1.31,-66.1,0.4,0.7,3,1094,0.014,3,-55,-54,2,0.0,0.0,-4,-72,1,7.968,0.009,4.52,7.97,0.28,0.12,292.1629166666666,31.34083333333333,32.29905,69.265526,9.38394,PM*,G,5902.010801718442,76.4260539538656,3.863480284458676e-07
HD 183505, ,19,35,16.5,-,69,5,36,327,-29,8.163,0.42,2.585,0.0,3.746,-0.03,44,4.93,0.41,11.7,3.2,0.0,0.91,0.86,0.99,29.0,0.1,0.3,6,2904,0.37,3,-25,-178,2,22.6,1.1,3,-46,-10,7.968,-0.022,5.66,8.01,0.17,0.04,293.81875,-69.09333333333333,32.274788,-20.959486,-21.331623,PM*,G,5571.857489319298,38.4832690117295,2.296036038019654e-06
HD 183650, ,19,29,21.4,+,31,36,31,65,7,6.946,0.457,0.0,0.0,3.734,0.1,36,4.14,1.36,10.6,9.6,11.8,1.04,1.0,1.07,-10.2,0.1,0.2,18,3026,0.996,1,-24,-411,2,27.5,0.7,56,-33,-31,7.985,0.004,5.76,9.1,0.22,0.41,292.33916666666664,31.608611111111117,15.100854,32.383884,4.3872967,PM*,G,5420.008904016238,35.731662911971675,7.70865661620565e-07
HD 183877, ,19,32,40.3,-,28,1,11,11,-21,7.159,0.428,2.579,0.0,3.739,-0.27,26,5.08,0.6,0.0,10.8,0.0,0.85,0.82,0.89,-42.9,0.1,0.3,6,3274,0.498,2,71,-749,1,38.4,1.1,-37,-93,-23,7.976,-0.009,3.65,8.07,0.38,0.25,293.16791666666666,-28.01972222222222,23.827126,4.631524,-9.317567,PM*,G,5482.769649208536,24.27309102653496,2.8247414342353697e-06
HD 184317, ,19,34,26.0,-,12,55,36,26,-15,7.74,0.381,2.615,0.005,3.769,0.16,49,4.28,0.37,4.6,2.0,7.4,1.13,1.07,1.17,7.2,0.2,0.2,4,1528,0.613,4,-171,-95,2,20.3,0.9,29,-27,24,7.957,-0.013,6.38,8.52,0.14,0.56,293.6083333333333,-12.926666666666666,42.54025,20.748266,-12.682133,PM*,G,5874.893525297769,47.33036458838296,9.353597990167014e-07
HD 184385, ,19,33,25.5,+,21,50,25,57,1,6.899,0.454,0.0,0.0,3.731,0.01,20,5.38,0.25,0.0,0.0,0.0,0.87,0.84,0.96,11.0,0.1,0.3,45,7393,0.458,2,-21,-205,1,49.6,0.9,21,-1,-7,7.989,0.0,7.42,8.97,0.09,0.0,293.35625,21.84027777777777,10.891122,16.770857,0.3490481,PM*,G,5382.697825162882,19.99695434143242,4.275419171710767e-06
HD 184403, ,19,33,26.2,+,23,29,51,58,2,7.818,0.41,2.616,0.031,3.77,0.22,44,4.45,0.12,2.8,0.0,7.2,1.12,1.08,1.15,-27.3,0.2,0.2,3,777,0.63,1,-30,-2,1,22.5,1.0,-11,-25,4,7.977,0.001,6.81,7.98,0.08,0.17,293.3591666666666,23.4975,23.302244,37.291386,1.5355778,*,G,5888.43655355589,43.97319689579702,1.182983535779732e-06
HD 184525, ,19,34,29.2,+,11,15,30,48,-4,8.191,0.401,2.602,0.008,3.757,0.04,75,3.82,1.22,7.4,5.5,9.5,1.08,1.01,1.16,0.1,0.4,0.6,3,807,0.075,5,-60,-93,2,0.0,0.0,29,-26,3,7.95,-0.006,6.36,8.49,0.14,0.15,293.62166666666667,11.258333333333333,50.062546,55.600098,-5.231735,PM*,G,5714.786366718672,74.81730688558443,4.954258924249949e-07
HD 184592, ,19,34,55.6,+,11,25,26,48,-4,7.922,0.415,2.592,0.0,3.748,-0.03,42,4.8,0.5,11.7,5.4,17.5,0.91,0.87,0.99,-60.2,0.2,0.2,3,1098,0.635,1,278,8,2,23.7,1.1,-63,-29,-43,7.972,-0.003,6.12,8.86,0.18,0.7,293.7316666666666,11.423888888888888,28.035025,31.136053,-2.9297717,PM*,G,5597.576014951104,41.897689950275705,1.9185746433369414e-06
HD 184601, ,19,31,44.5,+,60,51,51,93,19,8.264,0.363,2.587,0.0,3.765,-0.93,78,3.8,1.78,10.4,8.8,12.1,0.89,0.86,0.94,-63.0,0.7,1.0,2,753,0.044,3,-53,-92,2,12.8,0.7,41,-60,-15,8.003,0.025,4.87,8.48,0.27,0.12,292.93541666666664,60.86416666666667,-3.8597994,73.649376,25.394316,PM*,G,5821.032177708716,73.75044838234963,4.81924161443639e-07
HD 184954, ,19,37,52.8,-,28,48,58,11,-22,8.121,0.434,2.605,0.044,3.767,0.24,87,3.23,1.39,5.0,2.6,6.6,1.41,1.31,1.48,-12.8,0.5,0.7,2,717,0.04,3,4,-45,2,8.4,1.1,-11,-20,-3,7.921,-0.033,7.05,7.92,0.06,0.07,294.47,-28.816111111111116,79.182945,15.391606,-32.59077,*,G,5847.900841444806,80.6649881555329,2.1926973935468034e-07
HD 185269, ,19,37,11.7,+,28,29,59,63,4,6.672,0.391,2.615,0.026,3.776,0.02,47,3.18,1.42,4.2,2.6,4.7,1.35,1.3,1.4,0.2,0.2,0.2,2,1049,0.602,4,-33,-81,2,21.1,0.7,18,-8,-2,7.979,0.003,7.26,8.58,0.08,0.07,294.29875,28.499722222222225,21.28558,41.7753,3.2785542,PM*,G,5970.352865838366,46.88551595137245,2.0463442728739028e-07
HD 185615, ,19,41,13.6,-,32,52,24,7,-24,8.117,0.45,0.0,0.0,3.735,0.08,41,5.03,0.47,14.8,6.6,0.0,0.9,0.87,0.97,9.1,0.1,0.3,5,2582,0.475,2,-78,-116,2,24.1,1.1,15,-24,3,7.962,-0.017,6.64,8.23,0.11,0.15,295.3066666666666,-32.873333333333335,37.176178,4.564661,-16.676203,PM*,G,5432.503314924331,37.455364645569865,2.636202092139624e-06
HD 185707, ,19,41,0.2,-,15,24,16,24,-18,8.255,0.406,2.591,0.009,3.753,-0.08,71,4.0,1.23,9.5,7.2,12.2,1.02,0.95,1.07,-17.7,0.1,0.2,6,3331,0.836,3,94,-21,2,0.0,0.0,-27,-5,-25,7.938,-0.022,7.57,8.36,0.05,0.27,295.2508333333333,-15.404444444444444,61.687172,27.4649,-21.940207,PM*,G,5662.3928903825345,67.52501700383038,6.352997732962232e-07
HD 185975, ,20,28,18.7,-,87,28,19,306,-28,8.107,0.428,2.601,0.0,3.744,-0.07,78,3.64,1.78,7.2,6.2,8.3,1.11,1.06,1.16,-20.0,0.2,0.3,5,2215,0.356,1,171,-57,1,12.8,0.7,-60,7,-35,7.96,-0.037,7.2,9.91,0.16,0.51,307.0779166666666,-87.47194444444445,40.480705,-55.716938,-36.618782,PM*,G,5546.25712957911,68.86991111793937,3.863480284458676e-07
HD 186104, ,19,42,29.7,+,1,35,11,40,-11,7.643,0.413,2.587,0.0,3.751,0.02,40,4.62,0.57,10.3,6.0,14.4,0.96,0.9,1.02,-62.2,0.2,0.3,2,643,0.341,2,160,-60,1,24.8,1.1,-54,-40,-20,7.97,-0.007,5.73,8.45,0.19,0.2,295.62375,1.586388888888889,30.078802,25.23911,-7.63236,PM*,G,5636.376558259543,39.265086315291654,1.4961622761605684e-06
HD 186411, ,19,42,39.4,+,37,39,32,72,7,8.083,0.403,2.601,0.024,3.77,0.07,100,2.98,1.72,3.0,2.4,4.7,1.39,1.23,1.49,-73.6,0.2,0.3,3,1682,0.496,4,44,94,1,0.0,0.0,-69,-55,-6,7.969,0.012,4.98,8.63,0.27,0.03,295.66416666666663,37.65888888888889,30.67136,94.39675,12.186934,PM*,G,5888.43655355589,99.25461568517657,1.5523108761915437e-07
HD 186413, ,19,44,4.3,+,3,30,27,42,-10,8.005,0.38,2.605,0.009,3.766,-0.18,74,3.66,1.35,7.1,5.8,8.6,1.09,1.03,1.14,-40.0,0.2,0.4,3,1099,0.283,3,52,-128,2,13.5,1.1,-13,-54,-30,7.946,-0.013,5.35,7.95,0.2,0.35,296.0179166666666,3.5075,54.15725,48.76341,-12.849965,PM*,G,5834.451042737448,72.87577020101125,3.9717206999138233e-07
HD 186760, ,19,43,14.4,+,58,0,59,90,16,6.275,0.379,2.621,0.023,3.781,0.05,45,2.91,1.54,2.5,2.3,2.8,1.44,1.41,1.47,-29.9,0.1,0.3,12,3016,0.61,6,128,-54,1,22.2,0.5,-1,-20,-37,8.0,0.013,7.11,8.05,0.06,0.5,295.80999999999995,58.01638888888889,-1.8908137e-06,43.256775,12.403681,PM*,G,6039.4862937638,43.25677500000004,1.4092196826255733e-07
HD 186803, ,19,47,18.1,-,18,44,47,22,-20,7.595,0.431,2.588,0.0,3.738,-0.19,31,5.14,0.5,0.0,8.1,0.0,0.86,0.83,0.91,-23.4,0.1,0.3,5,2937,0.454,4,-68,-111,2,32.3,0.9,-12,-26,11,7.973,-0.011,6.79,7.97,0.08,0.27,296.8254166666666,-18.74638888888889,27.009302,10.912466,-10.602624,PM*,G,5470.159628939716,29.130470451545406,3.0688714742461266e-06
HD 186853, ,19,47,51.1,-,29,9,33,11,-24,7.701,0.421,2.593,0.0,3.745,-0.06,34,5.04,0.35,0.0,0.0,0.0,0.89,0.85,0.98,19.0,0.1,0.3,5,2155,0.358,3,-98,23,2,29.4,1.1,24,3,7,7.97,-0.014,7.43,9.2,0.11,0.22,296.9629166666667,-29.159166666666664,30.489874,5.9266315,-13.829046,PM*,G,5559.042572704037,31.060543740776147,2.6728753163232114e-06
HD 187085, ,19,49,33.9,-,37,46,49,2,-27,7.225,0.356,2.625,0.002,3.779,0.05,45,3.96,0.54,3.9,2.5,6.1,1.16,1.08,1.22,14.9,0.2,0.4,5,1830,0.247,6,10,-104,2,22.2,1.1,11,-20,-14,7.96,-0.021,6.89,8.19,0.09,0.1,297.39125,-37.780277777777776,40.07087,1.3993056,-20.429571,PM*,G,6011.737374832779,40.095294969847664,6.011442541001502e-07
HD 187123, ,19,46,58.1,+,34,25,10,69,5,7.834,0.405,2.608,0.011,3.757,0.17,48,4.43,0.51,7.3,3.8,10.6,1.07,1.05,1.12,-17.6,0.2,0.2,2,330,0.425,2,143,-126,2,20.9,0.7,3,-16,-44,7.983,0.004,7.29,8.13,0.05,0.66,296.7420833333333,34.419444444444444,17.136206,44.641335,4.1834755,PM*,G,5714.786366718672,47.817343575910414,1.150743950203592e-06
HD 187237, ,19,48,0.8,+,27,52,10,64,1,6.877,0.409,2.599,0.012,3.75,-0.12,26,4.8,0.53,12.5,6.3,0.0,0.9,0.86,0.97,-33.2,0.2,0.3,2,709,0.42,2,-10,222,2,38.4,0.7,-35,-20,14,7.989,0.001,6.88,8.31,0.09,0.34,297.00333333333333,27.869444444444444,11.395915,23.365086,0.45376256,PM*,G,5623.413251903491,25.99604051532889,1.9185746433369414e-06
HD 187300, ,19,48,34.8,+,20,12,45,57,-3,8.2,0.344,2.615,-0.008,3.782,-0.19,81,3.66,0.99,5.4,3.1,7.2,1.1,1.04,1.17,-19.8,0.3,0.2,2,305,0.678,7,25,-42,1,0.0,0.0,-3,-22,-16,7.956,-0.004,6.93,7.98,0.07,0.12,297.145,20.2125,44.055305,67.83922,-4.2392125,PM*,G,6053.408747539136,80.88899596886726,3.9717206999138233e-07
HD 187462, ,19,49,8.5,+,27,43,54,64,1,6.961,0.383,2.619,0.023,3.778,0.03,50,3.39,1.15,3.2,2.7,5.4,1.29,1.17,1.34,2.9,0.2,0.1,2,375,0.79,3,94,-216,2,20.2,0.7,31,-11,-45,7.978,0.001,6.97,8.94,0.12,0.73,297.2854166666666,27.731666666666666,21.915222,44.932858,0.8726203,PM*,G,5997.910762555094,49.99238625388318,2.7351345804337536e-07
HD 187548, ,19,49,26.8,+,28,36,36,65,1,7.977,0.353,2.603,0.006,3.772,-0.61,45,4.71,0.51,4.6,0.0,11.5,0.93,0.85,1.0,14.8,0.3,0.7,5,3614,0.071,3,75,70,2,22.2,0.9,-13,23,-6,7.981,0.001,7.98,9.89,0.11,0.02,297.3616666666666,28.610000000000003,19.014927,40.77764,0.78535825,PM*,G,5915.616341754737,44.99314806484348,1.6942547049835658e-06
HD 187748, ,19,48,15.4,+,59,25,22,92,16,6.649,0.372,2.62,0.009,3.769,-0.06,28,4.38,0.46,6.6,3.2,9.8,1.03,0.97,1.09,-5.5,0.2,0.3,2,346,0.348,6,17,117,1,35.2,0.5,-15,-7,3,8.001,0.008,7.81,8.07,0.02,0.15,297.0641666666666,59.422777777777775,-0.93933046,26.898932,7.717846,PM*,G,5874.893525297769,26.915328057701764,1.0739367406436191e-06
HD 187792, ,19,47,46.4,+,63,51,37,96,18,7.869,0.375,2.609,0.009,3.767,-0.15,53,4.24,0.72,7.6,5.1,11.7,1.01,0.97,1.07,-24.4,0.2,0.2,4,1359,0.901,3,-48,38,2,18.8,0.6,-1,-28,7,8.005,0.017,6.65,8.04,0.09,0.21,296.9433333333333,63.86027777777778,-5.2688637,50.12987,16.377901,PM*,G,5847.900841444806,50.405999552692904,8.850722010772422e-07
HD 187876, ,19,49,12.1,+,57,24,33,90,15,7.76,0.379,2.613,0.013,3.765,-0.13,49,4.32,0.67,8.0,5.1,11.7,1.0,0.96,1.06,-52.4,0.2,0.3,2,403,0.423,4,-8,-61,2,20.5,0.6,14,-49,-18,8.0,0.013,5.51,8.12,0.19,0.17,297.30041666666665,57.40916666666666,-2.068876e-06,47.330364,12.682133,PM*,G,5821.032177708716,47.330364000000046,9.885046130154186e-07
HD 187881, ,19,51,32.0,+,22,16,50,59,-2,7.915,0.414,2.598,0.031,3.765,-0.04,81,3.23,1.68,4.6,4.0,5.5,1.22,1.16,1.28,-11.4,0.2,0.1,2,342,0.832,2,-111,-127,1,12.3,1.0,49,-42,12,7.959,-0.003,5.49,8.76,0.23,0.32,297.8833333333333,22.280555555555555,41.692673,69.38826,-2.8268592,PM*,G,5821.032177708716,80.95066156439074,2.1926973935468034e-07
HD 187882, ,19,51,37.2,+,22,9,21,59,-2,8.18,0.39,2.6,0.03,3.77,-0.52,76,3.64,1.56,7.8,6.4,9.4,1.02,0.97,1.07,-56.0,0.2,0.1,2,380,0.722,2,60,-57,1,13.1,1.1,-23,-53,-27,7.961,-0.003,5.38,8.0,0.2,0.3,297.905,22.15583333333333,39.11905,65.105034,-2.6523616,PM*,G,5888.43655355589,75.9537064602094,3.863480284458676e-07
HD 187897, ,19,52,9.3,+,7,27,36,47,-10,7.15,0.399,2.602,0.012,3.756,-0.08,33,4.53,0.63,10.2,6.3,14.1,0.96,0.91,1.02,-38.2,0.2,0.3,2,698,0.435,5,134,67,2,29.9,1.0,-42,-16,-7,7.977,-0.006,6.92,8.51,0.1,0.01,298.03875,7.46,22.164026,23.768011,-5.73039,PM*,G,5701.642722807472,32.49865220935781,1.321230833841885e-06
HD 187956, ,19,51,6.0,+,39,31,39,74,7,8.147,0.306,2.648,0.009,3.8,-0.42,72,3.85,0.59,3.6,1.9,5.0,1.1,1.05,1.17,9.4,0.7,0.9,2,317,0.397,21,15,-39,1,13.8,0.7,11,8,-10,7.981,0.008,7.75,9.12,0.08,0.04,297.775,39.5275,19.697966,68.694954,8.774593,*,G,6309.57344480193,71.46332324765811,5.163910426473034e-07
HD 188015, ,19,52,4.5,+,28,6,1,65,1,8.235,0.439,2.597,0.0,3.742,0.21,53,4.63,0.62,10.8,6.0,0.0,0.97,0.93,1.07,-0.4,0.2,0.3,2,698,0.33,2,54,-90,2,19.0,0.9,11,-5,-23,7.977,0.0,7.5,8.51,0.06,0.25,298.01874999999995,28.10027777777778,22.395357,48.026997,0.9249775,PM*,G,5520.774392807573,52.99192821548824,1.5169759667089017e-06
HD 188345, ,19,53,59.7,+,20,0,34,58,-4,7.979,0.388,2.602,0.009,3.764,-0.04,71,3.71,1.23,6.8,5.6,8.1,1.11,1.06,1.16,-86.3,0.2,0.3,3,377,0.558,4,73,-11,2,14.0,0.9,-55,-69,-17,7.962,-0.005,4.5,8.28,0.3,0.15,298.49875,20.009444444444444,37.53262,60.064743,-4.952709,PM*,G,5807.644175213118,70.82704932241953,4.2557754049694857e-07
HD 188641, ,19,57,37.1,-,37,44,42,3,-29,7.348,0.403,2.601,0.024,3.766,-0.12,60,3.35,1.61,5.2,4.5,6.2,1.18,1.12,1.26,-34.1,0.2,0.2,4,3223,0.707,5,7,39,2,16.6,1.1,-30,9,17,7.947,-0.029,7.75,9.18,0.08,0.42,299.4045833333333,-37.745,52.405266,2.7464437,-29.088577,*,G,5834.451042737448,52.477184161576595,2.5880859813430504e-07
HD 188659, ,19,57,15.4,-,26,13,2,15,-25,8.117,0.328,2.621,-0.013,3.791,-0.11,64,4.08,0.29,3.2,0.0,5.5,1.13,1.06,1.18,-10.0,0.3,0.2,2,717,0.546,8,9,45,2,15.6,1.0,-12,11,6,7.944,-0.027,7.94,9.04,0.06,0.21,299.3141666666666,-26.21722222222222,56.027267,15.012462,-27.04757,*,G,6180.164001384158,58.00369525117114,7.095429681178739e-07
HD 188748, ,20,1,52.0,-,69,11,16,326,-31,8.133,0.425,2.584,0.0,3.742,-0.17,38,5.26,0.28,0.0,0.0,0.0,0.86,0.82,0.95,-31.4,0.1,0.3,8,3330,0.467,2,223,-135,2,26.6,1.0,-54,2,-15,7.973,-0.02,7.21,9.43,0.13,0.13,300.4666666666666,-69.18777777777778,27.003704,-18.21424,-19.571447,PM*,G,5520.774392807573,32.57235896426932,3.6222523292156442e-06
HD 189067, ,19,57,19.7,+,24,5,17,62,-3,7.204,0.395,2.608,0.018,3.758,-0.13,43,4.06,1.09,9.9,8.4,11.5,1.02,0.98,1.05,-11.3,0.2,0.1,2,359,0.748,2,-114,-126,1,23.5,0.8,24,-26,7,7.98,-0.002,6.48,8.43,0.13,0.22,299.3320833333333,24.08805555555556,20.159615,37.914715,-2.2504463,PM*,G,5727.960309858292,42.94107230239425,6.902059523871276e-07
HD 189087, ,19,57,13.4,+,29,49,26,67,0,7.886,0.483,0.0,0.0,3.715,-0.17,26,5.85,0.23,0.0,0.0,0.0,0.81,0.78,0.87,-30.1,0.1,0.2,20,5194,0.98,2,96,243,2,39.2,1.0,-41,-15,5,7.99,0.0,6.97,8.51,0.1,0.19,299.3058333333333,29.823888888888888,10.159012,23.933125,0.0,PM*,G,5188.000389289609,25.999999943880173,8.184246481396083e-06
HD 189567, ,20,5,32.7,-,67,19,15,328,-32,6.078,0.403,2.59,0.009,3.75,-0.28,18,4.84,0.62,15.1,8.6,0.0,0.86,0.84,0.91,-10.8,0.2,0.4,7,3330,0.083,2,845,-674,2,56.5,0.7,-70,-32,-50,7.987,-0.009,5.95,9.02,0.2,0.87,301.38625,-67.32083333333333,12.94534,-8.089147,-9.538547,PM*,G,5623.413251903491,15.264865767611878,2.0275832758118263e-06
HD 189625, ,20,1,32.8,-,16,52,8,25,-23,7.336,0.406,2.607,0.008,3.757,0.22,34,4.66,0.23,5.5,0.0,11.0,1.08,1.01,1.11,-28.5,0.1,0.2,6,2558,0.919,3,148,-77,1,29.2,0.9,-32,-18,-14,7.971,-0.013,6.98,8.24,0.08,0.1,300.3866666666666,-16.86888888888889,28.364862,13.226753,-13.284859,PM*,G,5714.786366718672,31.29716267015355,1.5811704900714475e-06
HD 189931, ,20,4,2.6,-,37,52,35,3,-30,6.911,0.389,2.599,-0.005,3.762,0.04,28,4.69,0.23,5.5,0.0,10.6,1.02,0.95,1.09,-41.1,0.1,0.1,6,2556,0.958,4,79,-390,2,35.9,0.9,-43,-51,1,7.976,-0.014,5.34,8.2,0.21,0.12,301.0108333333333,-37.87638888888889,24.215479,1.2690796,-14.0,PM*,G,5780.960474057181,24.248711022043565,1.648081560643825e-06
HD 190102, ,20,4,18.0,-,26,19,46,16,-27,8.176,0.389,2.601,-0.007,3.762,0.06,46,4.85,0.05,0.0,0.0,8.5,1.02,0.95,1.07,-10.0,0.2,0.2,5,2979,0.938,11,32,-78,2,21.6,1.1,-10,-17,-6,7.96,-0.021,7.23,7.96,0.05,0.02,301.07499999999993,-26.329444444444444,39.39856,11.297356,-20.883562,PM*,G,5780.960474057181,40.986299938690934,2.055789768874886e-06
HD 190151, ,20,3,2.5,+,18,17,43,57,-7,6.847,0.385,2.612,0.013,3.769,0.05,64,2.81,1.93,2.5,2.3,3.6,1.48,1.43,1.52,-57.1,0.2,0.2,2,832,0.588,8,49,-26,1,15.6,0.8,-32,-49,-10,7.966,-0.007,5.5,8.08,0.19,0.04,300.76041666666663,18.29527777777778,34.59708,53.27483,-7.7996383,PM*,G,5874.893525297769,63.522952198833615,1.2273790338163375e-07
HD 190248, ,20,8,43.6,-,66,10,55,330,-32,3.546,0.458,2.603,0.0,3.735,0.27,6,4.62,0.76,11.4,6.6,13.4,0.98,0.95,1.01,-21.9,0.1,0.3,5,1766,0.261,1,1211,-1131,1,163.7,0.6,-49,-14,-15,7.996,-0.003,6.89,8.77,0.12,0.12,302.1816666666666,-66.18194444444445,4.4065866,-2.544145,-3.1795156,PM*,G,5432.503314924331,5.088288439576177,1.4961622761605684e-06
HD 190605, ,20,4,55.1,+,26,3,15,64,-3,7.685,0.418,2.599,0.026,3.762,0.08,44,4.33,0.56,7.0,3.7,10.1,1.07,1.0,1.13,23.5,0.1,0.3,7,1684,0.367,3,52,-382,2,22.5,0.9,65,-8,-53,7.981,-0.002,6.44,10.2,0.23,1.07,301.2295833333333,26.054166666666667,19.261896,39.492737,-2.3027823,PM*,G,5780.960474057181,43.93969632651078,1.0022560819895619e-06
HD 190617, ,20,6,32.5,-,21,40,36,21,-26,8.002,0.371,2.593,0.005,3.764,-0.54,47,4.63,0.72,10.3,4.3,15.6,0.88,0.82,0.97,7.8,0.2,0.5,8,5475,0.067,3,-203,-98,2,21.2,1.0,34,-26,28,7.96,-0.021,6.35,8.65,0.15,0.66,301.63541666666663,-21.67666666666667,39.437534,15.138652,-20.603445,PM*,G,5807.644175213118,42.243317487837764,1.5169759667089017e-06
HD 190647, ,20,7,19.6,-,35,32,19,6,-30,7.779,0.458,0.0,0.0,3.734,0.12,54,4.1,1.39,10.2,8.8,11.9,1.04,1.0,1.08,-40.8,0.2,0.3,3,2283,0.338,1,-28,-206,2,18.4,1.1,-32,-57,15,7.953,-0.027,5.13,8.05,0.22,0.35,301.8316666666666,-35.53861111111111,46.509186,4.8883123,-27.0,PM*,G,5420.008904016238,46.76537158544693,7.294217354462061e-07
HD 190873, ,20,7,9.1,-,0,52,27,41,-17,8.177,0.439,2.568,0.0,3.737,-0.07,48,4.77,0.8,0.0,12.3,0.0,0.89,0.87,0.93,-3.5,0.1,0.3,6,3329,0.595,3,114,-70,1,20.8,1.2,-8,-9,-28,7.965,-0.014,7.74,7.98,0.02,0.33,301.78791666666666,-0.8741666666666666,34.643154,30.114832,-14.033841,PM*,G,5457.57861091271,45.90262765306514,1.8406817244279151e-06
HD 191022, ,20,5,40.4,+,48,34,0,84,9,7.444,0.41,2.602,0.025,3.766,0.07,50,3.85,0.95,6.8,4.2,8.1,1.11,1.08,1.2,-12.9,0.2,0.1,2,362,0.859,2,-86,3,2,20.1,0.6,8,-17,15,7.994,0.008,7.16,8.22,0.07,0.36,301.4183333333333,48.56666666666667,5.162075,49.113888,7.821724,PM*,G,5834.451042737448,49.384420749687536,5.163910426473034e-07
HD 191358, ,20,8,41.1,+,24,39,4,64,-4,8.13,0.291,2.663,0.012,3.809,-0.4,104,3.04,1.19,2.6,2.2,3.1,1.26,1.16,1.33,2.9,0.2,0.2,4,1115,0.935,6,21,27,1,9.6,1.0,-14,10,-2,7.954,-0.008,7.95,8.97,0.06,0.08,302.17125,24.65111111111111,45.47955,93.24689,-7.254673,*,G,6441.692655151775,103.74667205686454,1.6864703117139513e-07
HD 191649, ,20,8,42.9,+,50,35,10,86,10,7.398,0.36,2.609,0.004,3.772,-0.4,45,4.15,0.92,10.5,5.2,12.3,0.99,0.95,1.04,-8.9,0.2,0.2,3,2858,0.714,4,62,77,1,22.4,0.6,-21,-7,-4,7.997,0.007,7.68,8.23,0.03,0.05,302.17875,50.58611111111112,3.0913537,44.208397,7.814168,PM*,G,5915.616341754737,44.316349500022135,7.81589471190529e-07
HD 191672, ,20,10,21.3,+,21,14,21,61,-7,8.018,0.351,2.598,-0.01,3.775,-0.5,69,3.81,1.26,8.3,6.6,9.8,1.0,0.96,1.06,-33.0,0.2,0.4,7,3371,0.405,4,43,20,1,14.4,1.0,-28,-23,-5,7.966,-0.008,6.79,8.12,0.09,0.04,302.58875,21.239166666666662,33.20252,59.898933,-8.408985,*,G,5956.621435290103,68.4856883508437,4.886283943493073e-07
HD 191760,*,20,13,26.7,-,46,12,3,354,-33,8.268,0.406,0.0,0.0,3.758,0.08,85,3.63,1.35,6.2,5.1,7.5,1.14,1.09,1.22,-30.5,0.3,0.4,2,1470,0.224,2,-2,-61,2,11.8,1.0,-29,-22,15,7.929,-0.046,6.85,8.11,0.08,0.36,303.3612499999999,-46.200833333333335,70.89648,-7.4515333,-46.29432,PM*,G,5727.960309858292,71.2869989893768,3.81047134770222e-07
HD 193093, ,20,17,10.4,+,36,3,8,74,0,8.284,0.381,2.617,0.018,3.764,-0.15,66,4.19,0.84,8.6,5.6,11.7,1.0,0.95,1.06,-23.1,0.4,0.6,2,706,0.172,9,26,-26,2,0.0,0.0,-4,-23,-11,7.982,0.0,6.93,8.0,0.07,0.06,304.2933333333333,36.05222222222222,18.19207,63.44327,0.0,*,G,5807.644175213118,65.9999993877106,8.25997438171197e-07
HD 193193, ,20,19,45.1,-,25,13,42,18,-30,7.208,0.378,2.613,0.012,3.765,-0.15,43,4.03,0.98,9.2,6.9,10.7,1.02,0.99,1.07,69.1,0.1,0.1,5,2978,0.945,3,-123,-148,1,23.1,1.0,75,-14,-22,7.964,-0.022,6.07,10.2,0.25,0.25,304.93791666666664,-25.22833333333333,35.41648,11.507512,-21.5,PM*,G,5821.032177708716,37.23909085921062,6.621840265962693e-07
HD 193365, ,20,23,54.2,-,66,10,44,330,-34,8.145,0.382,2.597,-0.005,3.764,-0.19,92,3.33,1.74,5.6,4.4,7.1,1.13,1.07,1.24,16.9,0.2,0.1,2,317,0.772,4,-67,-10,2,10.9,1.1,27,-15,15,7.934,-0.051,6.85,8.63,0.12,0.37,305.9758333333333,-66.17888888888889,66.05302,-38.135746,-51.445747,PM*,G,5807.644175213118,76.27146631668305,2.517553453247534e-07
HD 193454, ,20,20,53.5,-,18,9,22,26,-28,7.813,0.327,2.614,-0.016,3.789,-0.35,82,3.24,1.39,4.7,2.9,5.8,1.15,1.09,1.23,-27.6,0.2,0.1,2,428,0.845,5,57,-36,2,12.2,1.3,-31,-20,-10,7.935,-0.038,6.87,8.16,0.09,0.06,305.2229166666666,-18.15611111111111,65.07422,31.738817,-38.49667,PM*,G,6151.7687270986835,72.40170310958085,2.2232008527922416e-07
HD 193664, ,20,17,31.3,+,66,51,13,100,17,5.922,0.382,2.594,-0.003,3.762,-0.19,18,4.7,0.41,10.0,3.4,13.8,0.95,0.87,1.02,-4.7,0.1,0.2,14,4054,0.984,3,473,296,2,56.9,0.5,-41,-6,-22,8.003,0.005,7.31,8.79,0.09,0.24,304.38041666666663,66.8536111111111,-2.9890907,16.951973,5.2626905,PM*,G,5780.960474057181,17.213484592189793,1.6710086589594444e-06
HD 193813, ,20,20,27.1,+,45,34,35,82,5,8.206,0.329,2.643,0.011,3.793,-0.13,111,2.98,1.37,2.7,2.3,3.3,1.32,1.19,1.42,-29.6,0.3,0.1,2,319,0.955,4,9,56,2,0.0,0.0,-31,-27,10,7.985,0.01,6.61,8.16,0.1,0.26,305.1129166666666,45.57638888888889,15.38943,109.50148,9.674287,PM*,G,6208.690342300638,110.57761381905155,1.5523108761915437e-07
HD 193909, ,20,21,35.6,+,34,59,59,74,-1,8.118,0.38,2.604,0.0,3.766,0.01,68,3.96,0.89,6.7,4.2,9.0,1.08,1.01,1.14,-37.4,0.3,0.5,2,706,0.201,4,86,51,2,0.0,0.0,-39,-28,-13,7.981,-0.001,6.44,8.28,0.12,0.08,305.3983333333333,34.999722222222225,18.74049,65.35584,-1.1867636,PM*,G,5834.451042737448,67.98964470818846,6.011442541001502e-07
HD 194640, ,20,27,44.2,-,30,52,4,12,-33,6.615,0.443,2.576,0.0,3.735,-0.03,19,5.17,0.41,15.0,5.3,0.0,0.87,0.85,0.93,-0.6,0.1,0.2,5,2803,0.536,2,-14,-519,2,51.5,0.8,5,-47,-9,7.984,-0.011,5.66,8.04,0.17,0.03,306.9341666666666,-30.86777777777778,15.586528,3.3130188,-10.348142,PM*,G,5432.503314924331,15.934740307389307,3.1987382261746624e-06
HD 195016, ,20,27,23.5,+,39,43,50,78,1,7.63,0.366,2.623,0.014,3.772,-0.16,60,3.74,1.12,6.6,4.8,8.6,1.07,1.0,1.14,3.0,0.2,0.3,2,721,0.456,5,-1,-50,2,0.0,0.0,12,1,-8,7.988,0.001,7.63,8.78,0.07,0.01,306.8479166666666,39.730555555555554,12.4728,58.67992,1.0471443,*,G,5915.616341754737,59.99086389648344,4.435868880183037e-07
HD 195034, ,20,28,11.8,+,22,7,44,64,-10,7.09,0.408,0.0,0.0,3.75,-0.14,28,4.84,0.5,12.6,5.8,0.0,0.9,0.85,0.97,-1.6,0.2,0.2,4,1084,0.735,3,-23,-243,1,35.4,0.8,24,-16,-15,7.988,-0.005,6.86,8.57,0.11,0.12,307.0491666666666,22.128888888888888,12.087916,24.783901,-4.8621492,PM*,G,5623.413251903491,27.57461626207801,2.0275832758118263e-06
HD 195087, ,20,25,54.1,+,61,33,19,96,13,7.947,0.376,2.617,0.012,3.771,0.02,81,3.4,1.32,5.0,3.0,6.4,1.17,1.1,1.28,2.3,0.3,0.1,2,332,0.724,5,-20,-91,2,0.0,0.0,33,9,-12,8.009,0.019,7.4,9.77,0.14,0.07,306.47541666666666,61.555277777777775,-8.249805,78.49162,18.221035,PM*,G,5902.010801718442,78.92397413183414,2.773184092623894e-07
HD 195353, ,20,28,49.5,+,48,51,42,86,6,7.591,0.361,2.626,0.019,3.775,-0.28,68,3.43,1.46,6.0,4.6,7.7,1.09,1.03,1.16,-29.9,0.3,0.5,2,716,0.195,6,-45,-125,2,0.0,0.0,39,-31,-15,7.995,0.007,6.04,8.69,0.18,0.11,307.20624999999995,48.861666666666665,4.7174573,67.46275,7.1079354,PM*,G,5956.621435290103,67.62748731795247,2.89053811465814e-07
HD 195419, ,20,29,54.9,+,36,34,34,76,-1,8.168,0.36,2.612,-0.004,3.775,-0.06,64,4.14,0.56,5.5,2.5,8.2,1.07,1.0,1.13,-4.2,0.3,0.3,2,327,0.431,4,40,145,2,0.0,0.0,-42,7,16,7.985,-0.002,7.54,9.37,0.11,0.41,307.47875,36.57611111111112,15.480644,62.08947,-1.116954,PM*,G,5956.621435290103,63.990254129325315,7.70865661620565e-07
HD 195488, ,20,33,56.0,-,52,50,21,346,-37,8.243,0.37,2.602,0.002,3.768,-0.46,89,3.49,1.71,7.1,5.7,8.7,1.04,0.99,1.1,-22.6,0.2,0.1,3,650,0.948,4,20,-29,2,11.2,1.1,-25,-7,7,7.931,-0.053,7.53,8.25,0.05,0.22,308.4833333333333,-52.83916666666667,68.967224,-17.195452,-53.561535,*,G,5861.3816451402845,71.07855904385288,3.140354673806367e-07
HD 195711, ,20,31,1.0,+,46,46,37,84,4,8.144,0.369,2.613,0.009,3.771,-0.2,86,3.47,1.45,6.1,4.6,7.9,1.1,1.04,1.17,-42.6,0.3,0.3,2,333,0.474,3,84,102,2,0.0,0.0,-58,-37,-6,7.992,0.007,5.83,8.59,0.19,0.01,307.7541666666666,46.776944444444446,8.967546,85.32054,5.9990563,PM*,G,5902.010801718442,85.79050895730667,3.054771290620165e-07
HD 195988, ,20,33,1.4,+,41,28,25,80,1,7.254,0.383,2.596,0.007,3.761,-0.33,44,4.04,1.22,10.2,7.5,13.1,0.98,0.89,1.03,-19.2,0.2,0.1,2,379,0.825,5,16,34,1,0.0,0.0,-11,-18,1,7.993,0.001,7.24,7.99,0.05,0.12,308.2558333333333,41.47361111111111,7.639358,43.32494,0.76790583,*,G,5767.664633922509,43.99329740603407,6.713959240189154e-07
HD 196050, ,20,37,51.7,-,60,38,4,336,-36,7.514,0.407,2.611,0.02,3.769,0.33,47,4.07,0.4,3.5,1.8,5.3,1.19,1.16,1.21,60.9,0.2,0.2,3,2193,0.69,4,-190,-65,2,21.3,0.9,66,-37,-1,7.965,-0.028,5.47,9.29,0.26,0.1,309.4654166666666,-60.63444444444444,34.736473,-15.465667,-27.625906,PM*,G,5874.893525297769,38.0238006021836,6.998076736285392e-07
HD 196141, ,20,37,11.6,-,44,44,41,356,-37,8.111,0.413,2.593,0.014,3.746,-0.28,37,5.28,0.27,0.0,0.0,0.0,0.85,0.81,0.94,-19.8,0.2,0.5,6,3299,0.085,4,138,-69,1,27.2,1.2,-31,-9,-8,7.971,-0.022,7.37,8.39,0.06,0.03,309.29833333333335,-44.74472222222222,29.477535,-2.0612671,-22.267155,PM*,G,5571.857489319298,29.549515930616653,3.723734430360274e-06
HD 196227, ,20,43,13.8,-,76,32,50,317,-33,7.669,0.39,2.622,0.027,3.779,0.19,66,3.46,0.92,3.1,2.7,3.5,1.33,1.29,1.36,21.3,0.2,0.2,3,2214,0.571,5,57,-148,2,15.2,0.7,-20,-48,-12,7.959,-0.036,5.57,7.98,0.18,0.08,310.80749999999995,-76.54722222222222,40.482082,-37.75014,-35.94618,PM*,G,6011.737374832779,55.35225409208124,3.0128582572338447e-07
HD 196254, ,20,37,15.8,-,34,9,29,9,-36,8.051,0.353,2.618,0.008,3.774,-0.32,48,4.63,0.32,5.2,0.0,10.9,0.97,0.9,1.04,-0.3,0.2,0.2,5,2984,0.948,3,-111,-14,2,20.7,1.1,15,-6,20,7.961,-0.028,7.41,8.62,0.08,0.46,309.31583333333333,-34.15805555555556,38.35472,6.0747914,-28.213692,PM*,G,5942.921586155727,38.832816493681136,1.5169759667089017e-06
HD 196361, ,20,35,38.5,+,36,28,29,77,-2,8.26,0.396,2.615,0.018,3.76,0.08,66,4.17,0.77,7.7,4.8,10.3,1.06,1.01,1.14,-14.9,0.2,0.1,2,702,0.848,2,-101,-223,1,15.2,0.8,69,-32,-16,7.985,-0.003,5.59,9.48,0.26,0.14,308.9104166666666,36.47472222222223,14.837725,64.26925,-2.3033667,PM*,G,5754.399373371566,65.9597951690128,8.034867148279148e-07
HD 196378, ,20,40,2.6,-,60,32,56,336,-37,5.12,0.356,2.609,0.009,3.773,-0.59,24,3.2,1.98,5.7,5.2,6.1,1.1,1.08,1.13,-31.9,0.1,0.2,5,4672,0.868,7,313,-569,2,41.3,0.7,-65,-49,-2,7.982,-0.014,5.27,8.6,0.24,0.09,310.0108333333333,-60.54888888888889,17.510159,-7.7960215,-14.44356,PM*,G,5929.2532458,19.167253831306752,2.1036752640921397e-07
HD 196390, ,20,39,2.5,-,49,19,53,350,-37,7.345,0.387,2.617,0.008,3.765,0.18,34,4.71,0.02,0.0,0.0,6.9,1.07,1.02,1.1,27.3,0.1,0.3,6,2187,0.378,5,-147,14,1,29.7,0.9,36,-4,2,7.974,-0.02,7.04,9.27,0.14,0.15,309.76041666666663,-49.331388888888895,26.741083,-4.7151814,-20.46171,PM*,G,5821.032177708716,27.15360851982283,1.6942547049835658e-06
HD 196531, ,20,39,2.6,-,28,25,31,16,-35,7.959,0.352,2.606,-0.006,3.776,-0.3,62,3.99,0.9,7.9,4.6,10.3,1.02,0.97,1.08,-33.9,0.2,0.3,4,3219,0.368,5,78,9,2,16.1,1.0,-41,-3,2,7.951,-0.035,7.33,8.82,0.09,0.14,309.76083333333327,-28.42527777777778,48.820007,13.998912,-35.56174,PM*,G,5970.352865838366,50.78742581253545,6.265831336282235e-07
HD 196761, ,20,40,11.7,-,23,46,26,21,-34,6.372,0.442,2.565,0.0,3.731,-0.29,15,5.54,0.32,0.0,0.0,0.0,0.81,0.78,0.9,-42.1,0.2,0.4,6,3274,0.108,2,500,461,1,68.3,0.8,-60,20,4,7.989,-0.008,7.41,10.58,0.18,0.2,310.04875,-23.773888888888887,11.609599,4.4565077,-8.387894,PM*,G,5382.697825162882,12.435563912463332,5.333087391270233e-06
HD 196800, ,20,40,22.3,-,24,7,4,21,-34,7.215,0.383,2.62,0.017,3.767,0.07,43,4.06,0.72,6.4,3.5,8.9,1.09,1.04,1.17,-63.8,0.2,0.2,4,3963,0.828,4,181,-290,2,23.4,0.9,-61,-72,-8,7.967,-0.024,4.37,8.36,0.31,0.03,310.0929166666666,-24.11777777777778,33.28085,12.775322,-24.045294,PM*,G,5847.900841444806,35.64861608711037,6.902059523871276e-07
HD 197037, ,20,39,32.9,+,42,14,54,82,0,6.816,0.334,2.621,-0.006,3.786,-0.2,33,4.24,0.33,4.3,0.3,7.2,1.06,1.0,1.14,8.4,0.4,0.6,2,1084,0.158,4,-63,-220,1,30.5,0.6,34,4,-13,7.995,0.0,7.26,9.53,0.13,0.09,309.88708333333324,42.248333333333335,4.5927124,32.678844,0.0,PM*,G,6109.420249055721,32.999997763112795,8.850722010772422e-07
HD 197140, ,20,40,20.9,+,38,46,49,79,-2,8.034,0.39,2.614,0.019,3.761,-0.08,54,4.38,0.66,8.7,5.4,12.5,0.99,0.95,1.05,-38.6,0.2,0.2,2,702,0.526,1,156,36,2,18.6,0.7,-38,-33,-25,7.99,-0.002,6.25,8.25,0.14,0.27,310.0870833333333,38.780277777777776,10.297413,52.97558,-1.8845727,PM*,G,5767.664633922509,53.96710841641387,1.0739367406436191e-06
HD 197195, ,20,41,53.3,+,12,58,49,58,-17,8.276,0.376,2.629,0.022,3.781,0.18,56,4.45,-0.11,0.0,0.0,4.5,1.14,1.09,1.19,28.6,0.3,0.4,2,367,0.309,5,-95,-74,1,17.9,2.0,42,10,1,7.972,-0.017,7.22,10.04,0.16,0.13,310.4720833333333,12.980277777777776,28.378801,45.415577,-16.372814,PM*,G,6039.4862937638,53.55306695643612,1.182983535779732e-06
HD 197197, ,20,42,37.1,-,13,5,41,33,-31,8.097,0.383,2.576,0.0,3.759,-0.54,72,3.81,1.64,9.9,8.0,12.1,0.97,0.88,1.02,-28.2,0.2,0.2,5,2544,0.866,2,-156,-156,1,13.9,1.4,30,-65,37,7.948,-0.037,4.79,8.24,0.26,0.92,310.6545833333333,-13.094722222222222,51.75943,33.61297,-37.08274,PM*,G,5741.164622073275,61.71604609942053,4.886283943493073e-07
HD 197210, ,20,42,29.4,-,5,18,4,41,-27,7.611,0.436,2.579,0.0,3.738,-0.02,30,5.22,0.29,0.0,0.0,0.0,0.88,0.84,0.97,2.5,0.1,0.3,38,3299,0.717,1,-59,-171,2,33.2,1.2,17,-19,-5,7.98,-0.014,6.87,8.36,0.1,0.04,310.62249999999995,-5.301111111111111,20.173536,17.536587,-13.619715,PM*,G,5470.159628939716,26.730197125196533,3.427509761747643e-06
HD 197263, ,20,41,44.3,+,28,16,10,71,-8,8.161,0.393,2.613,0.035,3.778,-0.1,93,3.17,1.49,4.5,2.7,5.6,1.19,1.12,1.32,-8.1,0.2,0.5,7,3379,0.225,10,-5,-12,2,5.3,0.8,2,-10,0,7.97,-0.014,7.53,8.17,0.04,0.1,310.4345833333333,28.26944444444444,29.983175,87.07747,-12.943099,*,G,5997.910762555094,92.09493235070823,2.0182673768744495e-07
HD 197310, ,20,41,41.1,+,35,32,44,77,-4,7.435,0.396,2.607,0.008,3.759,0.02,46,4.12,0.89,8.1,5.5,10.7,1.03,0.98,1.1,-29.2,0.2,0.2,2,365,0.625,2,92,51,2,0.0,0.0,-27,-24,-7,7.989,-0.003,6.77,8.13,0.09,0.0,310.42125,35.54555555555555,10.322541,44.71184,-3.2087977,PM*,G,5741.164622073275,45.88794491892485,7.49857432246398e-07
HD 197666, ,20,43,2.0,+,52,17,43,90,6,7.746,0.388,2.581,0.007,3.755,-0.9,79,3.27,2.48,7.2,6.3,8.2,1.0,0.96,1.06,-22.4,0.2,0.5,9,1515,0.196,5,-23,164,1,12.7,0.6,-43,-27,42,8.0,0.008,6.57,8.45,0.13,1.02,310.75833333333327,52.29527777777778,-3.4342827e-06,78.56723,8.257749,PM*,G,5688.529308438413,78.56723000000007,2.3172809979074063e-07
HD 197808, ,20,51,37.3,-,73,41,31,320,-34,8.04,0.423,2.608,0.0,3.748,0.02,70,3.82,1.44,8.0,6.9,9.3,1.07,1.03,1.14,-3.8,0.2,0.2,5,1150,0.923,4,-45,-63,2,14.3,0.9,-2,-17,20,7.956,-0.039,7.27,8.01,0.05,0.44,312.90541666666667,-73.69194444444445,44.455566,-37.302666,-39.1435,PM*,G,5597.576014951104,58.03263081308577,4.954258924249949e-07
HD 197818, ,20,46,34.2,-,17,9,46,29,-33,7.666,0.387,2.597,0.003,3.76,-0.19,35,4.94,0.22,4.9,0.0,13.5,0.94,0.86,1.01,43.0,0.2,0.3,6,2501,0.729,3,-66,-60,1,28.5,1.1,41,8,-18,7.974,-0.019,7.2,9.95,0.16,0.18,311.6424999999999,-17.162777777777777,25.673124,14.2308445,-19.062366,PM*,G,5754.399373371566,29.353470512063073,2.3279770810098656e-06
HD 198075, ,20,48,15.1,-,12,27,15,35,-31,8.04,0.385,2.61,0.013,3.758,-0.32,38,5.15,0.17,0.0,0.0,12.1,0.91,0.83,0.97,-18.4,0.1,0.4,17,2959,0.555,3,-13,33,2,26.4,1.3,-13,-4,13,7.973,-0.02,7.93,8.12,0.01,0.32,312.06291666666664,-12.454166666666666,26.681713,18.682737,-19.571447,*,G,5727.960309858292,32.572357458826,3.1115637291006563e-06
HD 198188, ,20,49,15.1,-,20,37,50,26,-35,8.126,0.386,2.599,0.004,3.761,-0.23,61,4.2,0.97,10.9,7.9,13.2,0.98,0.94,1.03,-83.2,0.2,0.4,6,2896,0.134,4,214,-191,1,16.4,1.0,-86,-78,-17,7.955,-0.035,3.97,8.78,0.38,0.15,312.31291666666664,-20.63055555555556,44.91119,21.904652,-34.988163,PM*,G,5767.664633922509,49.96827760146635,8.37488207151103e-07
HD 198388, ,20,48,32.5,+,42,15,31,83,-1,8.164,0.412,2.594,0.021,3.759,-0.13,61,4.15,0.98,9.5,6.7,12.4,1.0,0.94,1.05,18.5,0.2,0.2,2,713,0.539,1,100,25,1,0.0,0.0,-21,21,-18,7.992,-0.001,7.95,9.86,0.11,0.18,312.13541666666663,42.25861111111111,7.4328966,60.536095,-1.0645968,PM*,G,5741.164622073275,60.99071035588385,7.81589471190529e-07
HD 198759, ,20,51,49.8,+,21,52,7,67,-14,8.21,0.318,2.661,0.024,3.811,-0.04,97,3.17,0.69,2.2,1.6,2.7,1.34,1.27,1.4,-11.8,0.4,0.2,2,735,0.677,11,21,-13,1,10.3,1.0,-7,-13,-8,7.963,-0.024,7.5,7.98,0.03,0.03,312.9575,21.86861111111111,36.77511,86.6367,-23.466425,*,G,6471.426157485831,94.11868306772094,2.0182673768744495e-07
HD 198902, ,20,54,5.7,-,18,59,48,28,-35,7.462,0.359,2.632,0.018,3.778,-0.1,67,3.34,1.32,4.9,3.0,5.7,1.19,1.14,1.29,-13.2,0.2,0.1,2,362,0.695,8,-9,-38,2,15.0,1.0,-4,-17,6,7.952,-0.039,7.25,7.98,0.05,0.2,313.52374999999995,-18.996666666666663,48.458977,25.766096,-38.429623,*,G,5997.910762555094,54.8831864505674,2.5525761104483704e-07
HD 199086, ,20,55,3.3,-,7,10,43,41,-31,7.83,0.368,2.606,-0.002,3.772,-0.1,53,4.19,0.61,6.5,3.7,9.4,1.04,0.99,1.11,15.4,0.1,0.3,6,2938,0.471,4,-11,-183,2,18.7,1.2,31,-29,-24,7.965,-0.027,6.22,8.5,0.16,0.27,313.76375,-7.178611111111112,34.286358,29.804674,-27.297018,PM*,G,5915.616341754737,45.42986833736633,8.25997438171197e-07
HD 199190, ,21,0,5.7,-,69,34,46,324,-36,6.87,0.401,2.606,0.018,3.757,-0.05,37,4.02,1.09,9.3,7.9,10.7,1.03,1.0,1.07,-34.6,0.1,0.2,5,3983,0.54,3,453,-283,2,26.9,0.7,-93,-26,-26,7.976,-0.022,5.74,9.77,0.26,0.33,315.02374999999995,-69.57944444444443,24.216814,-17.594547,-21.748055,PM*,G,5714.786366718672,29.933629322983958,6.530985211445702e-07
HD 199288, ,20,57,40.0,-,44,7,45,357,-41,6.521,0.384,2.575,0.0,3.755,-0.68,22,4.85,0.77,13.2,5.2,0.0,0.82,0.79,0.89,-8.0,0.1,0.2,5,2542,0.818,3,-517,-977,1,46.3,0.8,23,-102,45,7.984,-0.014,3.38,8.12,0.41,1.17,314.41666666666663,-44.12916666666667,16.580856,-0.868966,-14.433298,PM*,G,5688.529308438413,16.60361067966519,2.055789768874886e-06
HD 199509, ,21,9,20.7,-,82,1,38,311,-31,6.988,0.396,2.594,0.013,3.751,-0.45,24,5.07,0.5,0.0,0.0,0.0,0.83,0.8,0.93,-21.6,0.3,0.6,4,3217,0.014,3,266,-51,2,41.3,0.6,-36,10,-9,7.987,-0.013,7.71,9.33,0.1,0.03,317.33624999999995,-82.02722222222222,13.496453,-15.5259,-12.360914,PM*,G,5636.376558259543,20.572015321577247,2.7859845287988294e-06
HD 199683, ,20,59,24.2,-,20,26,39,27,-37,8.18,0.369,2.609,-0.001,3.773,-0.04,78,3.73,0.99,6.0,3.5,7.6,1.11,1.06,1.18,-11.2,0.2,0.1,2,371,0.953,5,16,-18,1,12.9,1.1,-10,-10,0,7.945,-0.047,7.65,7.95,0.02,0.12,314.8508333333333,-20.444166666666668,55.50398,28.28069,-46.94157,*,G,5929.2532458,62.29357288449989,4.375006477474418e-07
HD 199903,*,21,1,4.8,-,34,57,50,9,-41,8.034,0.393,0.0,0.0,3.76,-0.07,59,4.18,0.88,8.8,5.9,11.7,1.01,0.96,1.07,42.0,0.2,0.1,2,396,0.708,2,30,-99,2,0.0,0.0,28,-21,-37,7.956,-0.038,6.63,8.59,0.13,0.53,315.27,-34.96388888888889,43.979656,6.9656935,-38.70748,PM*,G,5754.399373371566,44.52786799089171,8.146643284521832e-07
HD 199960, ,21,0,33.8,-,4,43,48,44,-31,6.216,0.401,2.618,0.026,3.76,0.1,26,4.1,0.82,8.0,4.8,10.0,1.12,1.03,1.15,-17.8,0.2,0.4,6,2938,0.15,4,48,-138,1,37.8,1.0,-7,-24,-3,7.984,-0.014,6.85,7.99,0.08,0.06,315.1408333333333,-4.73,16.031458,15.4814005,-13.39099,PM*,G,5754.399373371566,22.286350240610602,7.294217354462061e-07
HD 200078, ,21,0,43.5,+,17,26,52,65,-19,8.057,0.439,2.606,0.0,3.742,0.16,53,4.45,0.84,11.6,8.7,14.2,0.98,0.95,1.03,-60.6,0.2,0.1,3,1097,0.9,3,265,8,1,19.0,1.1,-69,-49,-29,7.979,-0.017,5.24,8.7,0.25,0.38,315.18125,17.447777777777777,21.178452,45.41733,-17.255112,PM*,G,5520.774392807573,50.112480416012176,1.182983535779732e-06
HD 200474, ,21,6,3.9,-,57,8,48,339,-41,8.15,0.399,2.604,0.019,3.758,-0.12,68,4.0,1.15,9.3,7.4,11.2,1.02,0.98,1.06,-33.6,0.4,0.7,3,2583,0.014,4,134,-197,5,14.8,1.1,-66,-51,0,7.952,-0.044,5.14,8.57,0.25,0.13,316.51625,-57.14666666666667,47.91158,-18.391539,-44.612015,PM*,G,5727.960309858292,51.32025141096759,6.352997732962232e-07
HD 200538, ,21,5,4.9,-,32,49,34,12,-41,7.719,0.377,2.63,0.027,3.784,0.17,55,3.89,0.38,3.3,1.8,4.2,1.23,1.18,1.27,15.3,0.2,0.3,4,3973,0.306,5,-47,-5,2,18.1,1.1,20,1,-1,7.959,-0.036,7.47,8.98,0.09,0.1,316.2704166666666,-32.82611111111112,40.60196,8.630213,-36.08325,*,G,6081.350012787177,41.50903193603735,5.457310954707681e-07
HD 200625, ,21,6,17.1,-,48,31,34,351,-42,7.263,0.392,2.621,0.029,3.779,0.17,72,2.85,1.55,2.4,2.2,2.7,1.46,1.43,1.51,4.9,0.2,0.2,2,1472,0.513,7,3,-39,1,13.9,0.9,2,-14,-3,7.947,-0.048,7.32,8.07,0.05,0.07,316.57125,-48.52611111111111,52.847675,-8.370244,-48.177406,*,G,6011.737374832779,53.50642706745762,1.2971156533788488e-07
HD 200655, ,21,7,24.6,-,59,59,31,336,-40,6.78,0.413,2.605,0.035,3.771,0.11,78,2.18,2.47,1.8,1.6,2.2,1.68,1.58,1.76,40.5,0.2,0.4,3,2600,0.184,5,-49,-17,1,12.9,0.9,39,-17,-12,7.946,-0.05,6.52,8.91,0.16,0.09,316.8525,-59.99194444444444,54.585686,-24.3031,-50.137432,PM*,G,5902.010801718442,59.751466807942016,5.140184413229288e-08
HD 200962, ,21,6,25.9,+,13,6,51,62,-22,8.175,0.391,2.588,-0.01,3.76,-0.09,58,4.37,0.7,9.3,5.8,12.9,0.99,0.94,1.05,36.8,0.3,0.1,2,372,0.734,3,32,-129,2,17.3,1.1,31,10,-40,7.975,-0.022,7.43,9.83,0.14,0.64,316.60791666666665,13.114166666666666,25.246618,47.481976,-21.727182,PM*,G,5754.399373371566,53.776665620903835,1.0592017761624506e-06
HD 200993, ,21,7,11.6,-,15,44,51,33,-37,7.542,0.341,2.632,0.007,3.785,-0.16,58,3.72,0.84,4.0,2.8,6.5,1.11,1.05,1.19,23.4,0.4,0.6,2,348,0.128,8,-123,-151,2,0.0,0.0,52,-27,-2,7.961,-0.035,6.01,9.08,0.2,0.08,316.79833333333335,-15.7475,38.847942,25.22815,-34.90527,PM*,G,6095.368972401694,46.32086085186527,4.3149791382366836e-07
HD 201219, ,21,7,56.5,+,7,25,58,57,-26,8.018,0.442,2.594,0.0,3.738,0.05,36,5.25,0.2,0.0,0.0,0.0,0.9,0.85,0.99,4.5,0.2,0.2,3,1510,0.763,3,189,-12,3,27.9,1.3,-18,2,-27,7.982,-0.016,7.91,8.59,0.04,0.31,316.98541666666665,7.432777777777778,17.62266,27.136517,-15.781362,PM*,G,5470.159628939716,32.35658666124858,3.572553164085265e-06
HD 201446, ,21,9,30.5,+,1,34,6,52,-29,8.268,0.397,2.61,0.032,3.772,-0.13,91,3.34,1.49,5.2,4.0,6.6,1.14,1.08,1.25,-34.0,0.2,0.3,4,1041,0.718,4,-14,27,1,11.0,1.2,-20,-15,27,7.951,-0.045,7.37,8.05,0.04,0.59,317.3770833333333,1.5683333333333334,49.00074,62.718086,-44.117676,*,G,5915.616341754737,79.5903940940802,2.5525761104483704e-07
HD 201496, ,21,10,40.6,-,23,18,41,24,-40,8.054,0.377,2.617,0.008,3.767,-0.01,56,4.31,0.53,6.7,3.4,9.9,1.04,0.99,1.11,-29.3,0.2,0.2,5,2155,0.864,3,96,-103,1,17.8,1.1,-31,-35,-6,7.961,-0.036,6.15,8.1,0.14,0.04,317.6691666666666,-23.31138888888889,39.189716,17.448387,-35.996105,PM*,G,5847.900841444806,42.89848539357101,9.74941821268923e-07
HD 201701, ,21,9,43.0,+,46,9,31,88,-1,7.61,0.327,2.646,0.01,3.793,-0.11,65,3.55,0.78,3.4,2.7,3.9,1.22,1.14,1.27,5.0,0.3,0.2,2,731,0.606,8,27,8,2,15.4,0.6,-7,5,-4,7.998,-0.001,7.99,8.68,0.04,0.04,317.4291666666666,46.15861111111111,2.2681217,64.950516,-1.1344063,*,G,6208.690342300638,64.99010620634702,3.4117617848688533e-07
HD 201989, ,21,14,1.8,-,29,39,48,16,-43,7.389,0.429,2.604,0.0,3.742,-0.02,30,5.02,0.4,13.1,3.8,0.0,0.89,0.86,0.97,-23.9,0.2,0.4,6,2908,0.173,5,232,-39,2,33.6,0.9,-38,-11,-8,7.979,-0.02,7.16,8.54,0.09,0.03,318.50749999999994,-29.66333333333333,21.09067,6.0476522,-20.45995,PM*,G,5520.774392807573,21.94061207398428,2.600032043455381e-06
HD 202048, ,21,11,20.5,+,54,25,25,94,4,8.279,0.375,2.619,0.014,3.77,-0.01,86,3.61,1.16,5.7,3.5,7.4,1.12,1.06,1.2,-28.3,0.4,0.6,2,333,0.135,4,-29,-65,2,0.0,0.0,30,-25,-11,8.007,0.006,6.42,8.57,0.14,0.06,317.8354166666666,54.42361111111111,-5.984444,85.581535,5.9990563,PM*,G,5888.43655355589,85.7905163928121,3.706625424759005e-07
HD 202072, ,21,13,22.4,+,11,12,41,61,-25,8.191,0.407,2.585,0.013,3.748,-0.32,49,4.73,0.81,16.0,10.9,0.0,0.86,0.84,0.91,-49.5,0.3,0.1,2,364,0.825,5,162,-16,2,20.3,1.0,-45,-42,-9,7.979,-0.021,5.73,8.29,0.18,0.03,318.3433333333333,11.211388888888887,21.529947,38.841057,-20.708296,PM*,G,5597.576014951104,44.409079327318395,1.7417214499005635e-06
HD 202108, ,21,12,57.6,+,30,48,34,77,-12,7.333,0.408,2.586,0.008,3.747,-0.28,27,5.18,0.35,0.0,0.0,0.0,0.85,0.81,0.94,2.1,0.2,0.3,2,368,0.409,2,-20,108,2,37.1,0.8,-7,6,11,7.994,-0.006,7.99,8.77,0.05,0.28,318.23999999999995,30.809444444444445,5.940954,25.7331,-5.613616,PM*,G,5584.701947368307,26.40998618023334,3.2432371075096336e-06
HD 202530, ,21,15,18.7,+,41,12,44,85,-5,7.928,0.301,2.644,-0.01,3.804,-0.16,62,3.97,0.16,2.2,0.0,4.0,1.16,1.1,1.22,-26.0,0.4,0.3,2,55,0.645,15,103,77,2,0.0,0.0,-39,-23,-4,7.995,-0.006,6.66,8.36,0.11,0.05,318.8279166666666,41.21222222222222,5.3830967,61.52904,-5.4036555,PM*,G,6367.955209079156,61.76407121784599,6.095070037023257e-07
HD 202628, ,21,18,27.2,-,43,20,4,358,-44,6.753,0.402,2.584,-0.001,3.753,-0.14,24,4.87,0.41,10.8,2.7,0.0,0.91,0.86,1.0,11.9,0.1,0.3,6,3675,0.324,3,243,22,1,42.0,0.9,-11,2,-28,7.983,-0.017,7.98,8.46,0.03,0.33,319.6133333333333,-43.33444444444444,17.253637,-0.60251206,-16.671803,PM*,G,5662.3928903825345,17.26415391816855,2.1133853879250417e-06
HD 202707, ,21,26,35.2,-,80,40,56,312,-33,8.149,0.412,2.59,0.033,3.766,-0.05,112,2.75,2.15,3.3,2.5,3.8,1.34,1.29,1.44,-6.8,0.1,0.1,5,4672,0.983,3,-30,15,1,8.9,0.8,11,11,11,7.937,-0.061,7.75,9.28,0.09,0.31,321.64666666666665,-80.68222222222222,62.852184,-69.8044,-60.999573,*,G,5834.451042737448,93.93109864645392,1.1297405060550694e-07
HD 202732, ,21,23,27.1,-,75,29,37,317,-35,7.877,0.429,2.587,0.0,3.739,-0.15,34,5.2,0.39,14.5,2.4,0.0,0.86,0.83,0.93,-2.1,0.2,0.3,5,2648,0.612,3,30,104,2,29.2,0.8,1,15,-9,7.98,-0.02,7.93,9.42,0.09,0.04,320.86291666666665,-75.49361111111111,20.369057,-18.99445,-19.501598,PM*,G,5482.769649208536,27.851168985731086,3.3341006052084653e-06
HD 202783, ,21,18,30.0,-,12,15,54,39,-38,7.973,0.342,2.624,0.0,3.785,-0.11,69,3.76,0.75,3.8,2.9,6.0,1.13,1.07,1.21,-18.9,0.3,0.5,2,739,0.229,9,37,-20,2,14.4,1.1,-18,-15,1,7.957,-0.043,7.3,8.01,0.05,0.12,319.62499999999994,-12.265,42.255558,34.217876,-42.480644,*,G,6095.368972401694,54.372743354025644,4.5601455051801926e-07
HD 202871, ,21,20,4.8,-,42,40,43,359,-45,8.236,0.356,2.624,0.001,3.776,-0.05,55,4.54,0.12,2.3,0.0,7.6,1.05,0.98,1.11,-15.9,0.2,0.4,5,1694,0.39,4,134,-21,1,18.2,1.1,-36,-6,-13,7.961,-0.039,7.35,8.57,0.08,0.1,320.02,-42.67861111111111,38.88495,-0.6787472,-38.890873,PM*,G,5970.352865838366,38.89087340577488,1.33961098561865e-06
HD 203019, ,21,20,46.5,-,38,46,53,4,-45,7.838,0.424,2.588,0.0,3.746,0.07,36,5.03,0.23,6.9,0.0,15.4,0.96,0.88,1.03,24.0,0.1,0.3,6,2901,0.254,6,-23,48,2,27.5,1.2,19,10,-14,7.974,-0.026,7.64,9.43,0.11,0.11,320.1937499999999,-38.78138888888889,25.393835,1.7757097,-25.455843,PM*,G,5571.857489319298,25.45584414129492,2.636202092139624e-06
HD 203021, ,21,21,23.5,-,51,45,9,346,-44,6.765,0.409,2.602,0.021,3.764,0.08,48,3.28,1.56,4.4,4.1,4.9,1.24,1.2,1.39,17.0,0.1,0.2,6,2185,0.807,3,-123,-91,2,20.9,0.8,30,-22,10,7.967,-0.033,6.53,8.59,0.14,0.28,320.3479166666666,-51.7525,33.502674,-8.353149,-33.343605,PM*,G,5807.644175213118,34.52831104132487,2.3495175877295774e-07
HD 203270, ,21,21,44.1,-,18,44,7,31,-41,7.973,0.415,2.602,0.031,3.769,0.13,109,2.65,2.03,2.5,2.1,3.1,1.48,1.42,1.52,17.9,0.3,0.4,2,739,0.259,3,-24,-29,2,6.6,1.1,25,-6,-7,7.93,-0.072,7.15,8.81,0.1,0.08,320.43375000000003,-18.735277777777775,70.51345,42.368755,-71.51044,*,G,5874.893525297769,82.2633456112291,9.839628468725223e-08
HD 203311, ,21,21,51.0,-,16,16,25,34,-40,7.46,0.388,2.603,0.01,3.764,-0.04,67,3.33,1.61,5.0,4.2,6.0,1.19,1.13,1.27,-26.1,0.1,0.3,5,2672,0.553,4,116,-166,2,14.9,1.1,-25,-60,-25,7.958,-0.044,5.03,8.0,0.23,0.27,320.4625,-16.27361111111111,42.550335,28.700563,-43.06677,PM*,G,5807.644175213118,51.324977595018915,2.517553453247534e-07
HD 203432, ,21,23,22.5,-,41,33,8,0,-45,7.617,0.456,0.0,0.0,3.735,0.2,38,4.73,0.69,14.0,8.3,0.0,0.95,0.91,0.98,6.4,0.2,0.2,3,1842,0.765,2,-71,-144,2,26.5,1.0,15,-25,5,7.974,-0.027,6.62,8.22,0.11,0.18,320.84375,-41.55222222222222,26.870058,0.0,-26.870058,PM*,G,5432.503314924331,26.870058,1.7417214499005635e-06
HD 203448, ,21,23,6.4,-,30,48,42,15,-45,7.823,0.37,2.619,0.01,3.771,-0.11,68,3.67,1.16,6.5,5.1,7.8,1.11,1.06,1.16,-41.6,0.2,0.3,2,1553,0.309,2,343,101,2,14.8,1.1,-112,19,-44,7.954,-0.048,6.54,12.57,0.32,0.9,320.77666666666664,-30.811666666666667,46.444862,12.444863,-48.08326,PM*,G,5902.010801718442,48.083259262323445,4.0269728386086803e-07
HD 203473, ,21,22,18.8,+,5,1,24,57,-30,8.243,0.418,2.605,0.0,3.751,0.04,63,4.25,0.92,10.1,7.5,12.5,1.01,0.96,1.07,-61.7,0.2,0.6,6,1777,0.023,1,183,0,2,15.9,1.3,-67,-47,-7,7.971,-0.032,5.32,8.67,0.24,0.03,320.5783333333333,5.023333333333333,29.71529,45.75753,-31.5,PM*,G,5636.376558259543,54.55960054367151,8.973847818712385e-07
HD 203844, ,21,24,56.5,-,8,10,45,44,-38,7.781,0.348,2.615,-0.004,3.78,-0.21,88,3.05,1.67,4.3,2.9,5.3,1.19,1.13,1.34,-15.2,0.3,0.3,2,378,0.348,10,112,126,2,11.3,1.2,-64,34,-4,7.95,-0.054,7.47,11.6,0.22,0.1,321.23541666666665,-8.179166666666665,49.88258,48.17105,-54.17821,PM*,G,6025.595860743575,69.34494823387568,1.7099314507536642e-07
HD 204231, ,21,25,3.3,+,58,5,5,98,5,7.147,0.375,2.608,0.007,3.767,-0.34,59,3.29,1.84,6.1,4.6,7.9,1.09,1.02,1.16,-37.4,0.3,0.1,2,704,0.795,8,132,110,2,0.0,0.0,-42,-43,-7,8.009,0.006,5.72,8.26,0.18,0.01,321.26375,58.08472222222223,-8.179966,58.20349,5.1421885,PM*,G,5847.900841444806,58.77548887028722,2.3822026331875928e-07
HD 204287, ,21,29,14.4,-,50,19,0,348,-45,7.341,0.422,2.608,0.035,3.764,0.11,53,3.58,1.24,5.6,4.8,6.6,1.18,1.13,1.28,-43.9,0.1,0.2,6,3674,0.625,2,62,-25,2,19.0,1.0,-42,-1,22,7.964,-0.037,7.4,9.0,0.1,0.52,322.31,-50.31666666666667,36.657703,-7.7918377,-37.476658,PM*,G,5807.644175213118,37.47665838864706,3.5561387733068084e-07
HD 204313, ,21,28,12.2,-,21,43,34,28,-44,7.923,0.425,2.601,0.0,3.748,0.14,47,4.54,0.62,10.0,6.3,13.4,0.99,0.94,1.08,-10.1,0.2,0.4,5,2921,0.229,2,42,-272,2,21.1,1.1,4,-61,-14,7.97,-0.033,4.99,8.01,0.23,0.1,322.0508333333333,-21.72611111111111,29.85155,15.872351,-32.648945,PM*,G,5597.576014951104,33.8089716446641,1.33961098561865e-06
HD 204385, ,21,30,47.9,-,62,10,3,332,-42,7.156,0.377,2.607,0.007,3.767,-0.09,39,4.19,0.72,7.3,4.8,11.1,1.03,0.98,1.09,-14.9,0.1,0.2,6,3284,0.918,3,153,-80,2,25.5,0.8,-33,-10,-5,7.974,-0.026,7.28,8.42,0.07,0.04,322.6995833333333,-62.1675,25.590158,-13.606526,-26.096094,PM*,G,5847.900841444806,28.982645432286542,8.25997438171197e-07
HD 204421, ,21,29,31.0,-,38,5,9,5,-47,7.437,0.387,2.623,0.033,3.782,0.08,94,2.42,1.98,2.0,1.8,2.3,1.56,1.49,1.64,-14.5,0.2,0.2,3,1841,0.831,6,39,-38,2,10.6,0.9,-21,-19,-2,7.935,-0.069,7.06,8.02,0.06,0.1,322.37916666666666,-38.08583333333333,63.86389,5.587366,-68.747246,PM*,G,6053.408747539136,64.10783965124746,7.161082883683798e-08
HD 204426, ,21,22,41.6,+,76,33,18,112,18,6.857,0.415,2.578,0.0,3.742,-0.66,39,3.91,1.96,12.3,11.2,13.4,0.91,0.88,0.93,-41.4,0.2,0.4,3,827,0.242,3,-134,137,2,25.7,0.5,17,-48,20,8.014,0.012,5.61,8.18,0.19,0.47,320.67333333333335,76.55499999999999,-13.894609,34.390366,12.051663,PM*,G,5520.774392807573,37.09120425217867,5.610204605383642e-07
HD 204521, ,21,25,16.7,+,70,28,39,107,14,7.286,0.396,2.565,0.0,3.748,-0.88,26,5.24,0.64,0.0,0.0,0.0,0.8,0.75,0.89,-76.9,0.2,0.4,5,3621,0.459,4,41,38,2,38.9,0.6,16,-73,-19,8.007,0.006,4.45,8.11,0.29,0.18,321.3195833333333,70.4775,-7.375863,24.125359,6.2899694,PM*,G,5597.576014951104,25.227689190126988,3.5235358970641673e-06
HD 204814, ,21,29,46.8,+,45,53,40,90,-4,7.92,0.455,2.565,0.0,3.728,-0.08,30,5.55,0.21,0.0,0.0,0.0,0.85,0.81,0.93,-87.8,0.2,0.1,3,1102,0.964,2,427,353,1,33.6,0.8,-77,-88,1,8.0,-0.002,3.67,8.6,0.4,0.12,322.445,45.894444444444446,-1.3081473e-06,29.926922,-2.092694,PM*,G,5345.643593969719,29.92692200000003,5.407278027137611e-06
HD 205045, ,21,33,38.8,-,34,56,46,10,-47,8.043,0.377,2.63,0.027,3.784,0.17,61,4.01,0.26,3.1,0.7,4.5,1.2,1.16,1.25,-25.9,0.2,0.2,2,377,0.496,4,82,-177,2,16.5,1.1,-27,-55,0,7.96,-0.045,5.22,8.02,0.21,0.11,323.41166666666663,-34.94611111111111,40.96987,7.224094,-44.612576,PM*,G,6081.350012787177,41.601896374296885,6.441376735009708e-07
HD 205067, ,21,33,30.9,-,27,53,24,20,-46,7.658,0.399,2.602,0.006,3.757,0.02,47,4.29,0.76,9.2,5.8,12.2,1.02,0.97,1.07,-29.6,0.1,0.3,5,2978,0.532,2,201,-64,2,21.2,0.9,-49,-24,-11,7.969,-0.034,6.45,8.52,0.14,0.07,323.37875,-27.89,30.679972,11.166596,-33.80897,PM*,G,5714.786366718672,32.64894405869813,9.483719499834043e-07
HD 205353, ,21,34,23.3,+,13,55,11,67,-27,8.178,0.374,2.597,-0.01,3.77,0.02,62,4.21,0.53,5.6,2.9,8.7,1.07,1.01,1.14,5.5,0.3,0.5,2,785,0.205,5,-95,-49,1,16.1,1.2,31,-2,8,7.979,-0.028,7.18,9.2,0.12,0.24,323.5970833333333,13.91972222222222,21.584932,50.8509,-28.14741,PM*,G,5888.43655355589,55.24240509114917,8.491388286507029e-07
HD 205354, ,21,34,23.5,+,12,15,24,66,-28,8.062,0.329,2.62,-0.017,3.792,0.01,63,4.06,0.17,2.4,0.0,4.6,1.16,1.1,1.22,3.4,0.3,0.2,2,1050,0.703,2,-68,-140,2,15.8,1.0,40,-21,-12,7.977,-0.03,6.41,8.9,0.16,0.08,323.5979166666666,12.256666666666666,22.625008,50.816605,-29.57671,PM*,G,6194.410750767812,55.62569847405145,6.902059523871276e-07
HD 205536, ,21,40,29.7,-,74,4,27,318,-37,7.057,0.462,0.0,0.0,3.726,-0.09,22,5.33,0.48,0.0,9.1,0.0,0.85,0.83,0.89,33.8,0.2,0.3,5,2610,0.276,2,-139,214,2,45.2,0.7,38,2,-21,7.987,-0.013,7.15,9.57,0.14,0.22,325.12375,-74.07416666666666,13.057042,-11.756613,-13.239929,PM*,G,5321.082592667942,17.569982783757442,3.990053329708989e-06
HD 205881, ,21,37,24.0,+,34,36,10,84,-13,7.767,0.355,2.645,0.034,3.8,0.11,119,2.24,1.72,1.6,1.4,1.9,1.64,1.55,1.73,-17.9,0.3,0.2,2,659,0.511,4,79,33,1,8.4,0.9,-47,-16,-12,7.987,-0.027,6.81,8.66,0.12,0.08,324.35,34.60277777777778,12.120074,115.31485,-26.769175,PM*,G,6309.57344480193,115.95003589601849,5.584428056649369e-08
HD 205891, ,21,39,20.9,-,37,8,27,7,-49,8.075,0.429,2.595,0.0,3.74,-0.14,40,5.05,0.51,17.0,7.6,0.0,0.87,0.84,0.92,-45.7,0.1,0.2,5,2141,0.624,1,135,-64,2,24.8,1.0,-48,-18,17,7.973,-0.03,6.75,8.64,0.12,0.41,324.8370833333332,-37.14083333333333,26.046755,3.1981394,-30.188385,PM*,G,5495.408738576249,26.242361586790498,2.710058715874637e-06
HD 205905, ,21,39,10.1,-,27,18,23,21,-48,6.756,0.388,2.608,-0.004,3.764,0.15,26,4.72,0.07,1.6,0.0,7.7,1.07,1.01,1.1,-17.5,0.2,0.4,5,2804,0.086,4,387,-85,2,39.1,0.8,-44,-18,-20,7.984,-0.019,6.8,8.53,0.11,0.19,324.79208333333327,-27.30638888888889,16.241867,6.2346683,-19.321766,PM*,G,5807.644175213118,17.397394415736912,1.7178241357207713e-06
HD 206025, ,21,40,42.9,-,48,42,58,349,-48,7.645,0.347,2.633,-0.001,3.788,0.26,80,3.13,0.99,2.7,1.9,4.1,1.4,1.35,1.45,-9.7,0.4,0.6,2,377,0.051,5,52,-41,1,12.5,1.0,-21,-16,-4,7.947,-0.059,7.22,8.05,0.05,0.08,325.17875,-48.71611111111111,52.54694,-10.214099,-59.45159,PM*,G,6137.620051647939,53.530446679860624,1.9097595935708584e-07
HD 206116, ,21,40,11.8,-,9,47,40,45,-42,7.608,0.362,2.618,-0.002,3.778,0.11,54,3.94,0.53,3.7,2.6,5.5,1.19,1.12,1.24,-6.9,0.2,0.3,2,731,0.312,5,68,-165,2,18.5,1.1,1,-40,-22,7.971,-0.036,5.98,8.0,0.14,0.23,325.0491666666667,-9.794444444444444,28.376066,28.376066,-36.133053,PM*,G,5997.910762555094,40.129817383994066,5.847614042653944e-07
HD 206255, ,21,42,21.8,-,50,5,37,347,-47,7.64,0.441,0.0,0.0,3.739,0.0,76,3.24,2.23,4.2,3.5,5.2,1.25,1.2,1.3,-4.1,0.2,0.2,3,2595,0.624,2,81,5,1,13.2,1.0,-25,0,-16,7.95,-0.056,7.73,8.51,0.05,0.15,325.5908333333333,-50.09361111111112,50.50342,-11.659633,-55.582882,PM*,G,5482.769649208536,51.83186735388846,2.2232008527922416e-07
HD 206332, ,21,40,43.0,+,28,45,20,80,-18,7.43,0.393,2.61,0.014,3.763,0.05,50,3.94,0.95,7.6,5.5,9.0,1.09,1.05,1.15,-44.8,0.2,0.2,3,1089,0.655,3,132,30,2,20.0,0.8,-35,-42,-2,7.992,-0.015,5.81,8.16,0.17,0.08,325.1791666666667,28.75555555555556,8.257463,46.83039,-15.4508505,PM*,G,5794.286964268809,47.55282455068752,5.847614042653944e-07
HD 206586, ,21,41,59.1,+,42,34,8,90,-8,7.96,0.355,2.635,0.024,3.792,-0.01,100,2.86,1.39,2.4,2.1,2.8,1.41,1.34,1.48,-16.0,0.4,0.6,2,421,0.178,8,34,4,2,10.0,0.9,-13,-17,-7,8.0,-0.014,7.27,8.01,0.05,0.01,325.49625,42.56888888888889,-4.328599e-06,99.0268,-13.917311,*,G,6194.410750767812,99.02680000000008,1.3151603295780848e-07
HD 206658, ,21,43,18.4,+,12,31,6,68,-30,7.853,0.402,2.611,0.019,3.757,0.03,48,4.46,0.58,8.7,4.8,12.3,1.0,0.95,1.07,5.7,0.2,0.3,2,326,0.26,2,74,-75,2,21.0,1.2,-1,-7,-23,7.984,-0.023,7.73,8.16,0.03,0.25,325.82666666666665,12.518333333333334,15.572104,38.542305,-24.0,PM*,G,5714.786366718672,41.5692157455471,1.1994404760661065e-06
HD 207043, ,21,47,55.2,-,52,55,50,343,-48,7.595,0.416,2.603,0.0,3.747,-0.08,34,4.94,0.42,12.2,3.7,0.0,0.89,0.86,0.98,-0.3,0.1,0.2,5,2591,0.849,5,100,-88,2,29.4,0.9,-13,-16,-7,7.978,-0.025,7.34,7.99,0.04,0.03,326.98,-52.93055555555555,21.756351,-6.6515856,-25.266926,PM*,G,5584.701947368307,22.7504373546824,2.3279770810098656e-06
HD 207237, ,21,47,50.2,-,16,4,47,38,-46,7.988,0.389,2.572,0.0,3.757,-0.26,47,4.61,0.68,12.3,7.4,17.1,0.91,0.85,0.98,51.9,0.2,0.3,6,3244,0.499,2,-226,-62,2,21.1,1.0,72,15,-9,7.974,-0.034,6.79,11.37,0.25,0.05,326.95916666666665,-16.079722222222223,25.72772,20.100698,-33.80897,PM*,G,5714.786366718672,32.64894541153824,1.4756341601524642e-06
HD 207583, ,21,50,23.1,-,16,11,47,38,-47,8.103,0.445,0.0,0.0,3.735,0.05,39,5.17,0.35,13.5,1.6,0.0,0.89,0.85,0.97,21.4,0.2,0.6,6,2499,0.012,3,-81,-140,2,25.9,1.0,32,-12,-13,7.979,-0.028,6.86,8.87,0.13,0.09,327.59624999999994,-16.19638888888889,20.95946,16.375324,-28.522795,PM*,G,5432.503314924331,26.59793600256561,3.1987382261746624e-06
HD 207700, ,21,54,45.1,-,73,26,18,318,-38,7.424,0.433,2.581,0.0,3.741,-0.04,40,4.42,1.04,14.3,12.0,16.2,0.92,0.89,0.98,6.2,0.1,0.3,5,2208,0.383,2,-198,-439,2,25.1,0.7,12,-69,58,7.977,-0.025,4.9,8.07,0.24,1.44,328.6879166666666,-73.43833333333333,23.424248,-21.091284,-24.626461,PM*,G,5508.076964054036,31.5204323437062,1.1349551513000262e-06
HD 207740, ,21,50,36.2,+,28,46,1,82,-19,8.0,0.444,2.59,0.0,3.734,-0.09,49,4.54,1.1,16.8,14.3,0.0,0.91,0.88,0.93,9.2,0.2,0.1,2,343,0.753,6,-49,-18,2,20.3,1.0,13,8,1,7.993,-0.016,7.75,9.2,0.09,0.13,327.6508333333333,28.766944444444444,6.447947,45.879524,-15.952839,PM*,G,5420.008904016238,46.33040840507868,1.33961098561865e-06
HD 207970, ,21,53,41.8,-,28,40,14,20,-51,7.805,0.453,0.0,0.0,3.734,0.03,36,5.01,0.54,17.1,9.6,0.0,0.89,0.86,0.94,-42.1,0.2,0.2,4,2538,0.604,1,155,-219,2,27.6,0.9,-36,-49,12,7.979,-0.028,5.48,8.13,0.19,0.29,328.4241666666666,-28.67055555555556,21.289236,7.748648,-27.977255,PM*,G,5420.008904016238,22.655531670909866,2.564358266443843e-06
HD 208225, ,21,54,22.8,+,20,28,17,76,-26,8.072,0.393,2.609,0.022,3.773,-0.02,96,3.07,1.64,4.1,2.5,5.3,1.26,1.14,1.39,1.4,0.2,0.2,2,715,0.663,7,17,-44,1,0.0,0.0,6,-9,-18,7.98,-0.042,7.48,8.28,0.05,0.17,328.595,20.47138888888889,20.874044,83.721214,-42.08363,*,G,5929.2532458,86.284224436149,1.7578374000538127e-07
HD 208487, ,21,57,19.8,-,37,45,49,5,-52,7.482,0.363,2.624,0.011,3.773,-0.15,44,4.26,0.56,6.6,3.8,9.3,1.03,0.97,1.09,5.3,0.2,0.4,7,2834,0.222,4,102,-116,2,22.7,1.0,-10,-26,-17,7.973,-0.035,6.74,7.97,0.08,0.14,329.3325,-37.76361111111111,26.986025,2.360971,-34.672474,PM*,G,5929.2532458,27.08910720868198,9.09868647726075e-07
HD 208669, ,21,57,41.7,+,10,26,25,69,-34,7.316,0.319,2.652,0.009,3.799,0.0,73,3.0,1.09,2.4,2.0,2.8,1.38,1.32,1.44,-17.5,0.5,0.8,3,1757,0.057,10,-6,-48,2,13.7,1.1,5,-24,2,7.978,-0.04,6.81,8.09,0.09,0.13,329.42375,10.440277777777778,21.68834,56.500046,-40.821083,*,G,6295.061828571975,60.51974297663297,1.5958008804838936e-07
HD 208704, ,21,58,24.3,-,12,39,52,44,-47,7.168,0.399,2.596,0.012,3.754,-0.24,34,4.49,0.85,13.1,9.0,0.0,0.91,0.86,0.97,3.6,0.2,0.4,6,2558,0.3,1,33,62,1,29.1,0.9,-6,10,-3,7.983,-0.025,7.98,8.97,0.06,0.07,329.60124999999994,-12.664444444444444,16.68001,16.107698,-24.866026,PM*,G,5675.446054085472,23.187942307572353,1.2501977137235027e-06
HD 208787, ,21,57,38.9,+,43,13,3,92,-9,7.897,0.35,2.632,0.017,3.78,-0.26,83,3.31,1.45,5.1,4.3,6.1,1.16,1.1,1.23,11.6,0.2,0.3,3,3630,0.603,8,-9,-24,1,12.1,0.9,8,11,-7,8.003,-0.013,7.85,9.27,0.08,0.01,329.4120833333333,43.2175,-2.8609927,81.9282,-12.984061,*,G,6025.595860743575,81.97813875948547,2.448943132356654e-07
HD 208930, ,21,57,3.6,+,66,1,45,106,9,7.31,0.364,2.615,0.002,3.774,-0.08,53,3.69,1.05,5.8,3.5,7.7,1.1,1.05,1.17,-14.4,0.2,0.2,2,334,0.604,4,111,76,2,0.0,0.0,-28,-23,-5,8.015,0.008,6.84,8.18,0.09,0.04,329.265,66.02916666666667,-14.428923,50.31963,8.291027,PM*,G,5942.921586155727,52.347483055795806,4.1397937102023456e-07
HD 208998, ,22,1,36.5,-,53,5,36,341,-49,7.132,0.371,2.602,0.01,3.765,-0.44,36,4.37,0.89,11.8,6.2,14.8,0.93,0.85,0.99,-27.1,0.2,0.3,4,3218,0.504,3,54,-508,6,28.0,0.9,-25,-79,37,7.978,-0.027,4.29,8.01,0.3,0.89,330.4020833333333,-53.09333333333333,22.331377,-7.6893067,-27.169546,PM*,G,5821.032177708716,23.61812516358557,1.0592017761624506e-06
HD 209449, ,22,4,22.6,-,38,52,34,3,-53,7.245,0.44,0.0,0.0,3.744,0.22,51,3.7,1.5,7.1,6.0,8.2,1.21,1.18,1.23,-17.6,0.2,0.1,2,1093,0.924,2,129,-42,2,19.5,0.9,-34,-16,-4,7.969,-0.041,7.04,8.31,0.08,0.06,331.09416666666664,-38.87611111111112,30.6505,1.6063248,-40.73041,PM*,G,5546.25712957911,30.692563099439823,4.1973839773752496e-07
HD 209653, ,22,7,29.9,-,68,1,24,322,-42,6.99,0.376,2.602,-0.001,3.766,-0.25,44,3.75,1.33,8.0,6.9,9.0,1.05,1.01,1.09,25.8,0.2,0.3,5,1764,0.35,3,-242,-55,2,22.5,0.7,54,-14,18,7.974,-0.03,6.44,9.51,0.19,0.45,331.8745833333333,-68.02333333333333,25.766672,-20.131124,-29.441748,PM*,G,5834.451042737448,32.698372122461386,4.497577963252594e-07
HD 209659, ,22,5,35.4,-,30,42,28,17,-54,8.187,0.38,2.618,0.013,3.77,0.09,96,3.27,1.42,3.4,2.7,5.6,1.26,1.15,1.41,29.9,0.3,0.1,2,830,0.804,5,43,12,2,10.4,1.2,0,8,-35,7.946,-0.078,7.88,8.96,0.06,0.5,331.3974999999999,-30.70777777777778,53.961773,16.49777,-77.665634,*,G,5888.43655355589,56.42738129912134,2.3172809979074063e-07
HD 210094, ,22,8,15.3,-,17,50,9,38,-51,7.843,0.354,2.617,0.005,3.776,-0.25,58,4.01,0.83,6.9,4.4,10.1,1.03,0.98,1.09,-4.6,0.2,0.3,6,2494,0.609,4,165,-106,1,17.1,1.1,-28,-36,-30,7.971,-0.046,6.2,8.07,0.13,0.38,332.0637499999999,-17.835833333333333,28.762854,22.472004,-45.074467,PM*,G,5970.352865838366,36.50058539258421,6.441376735009708e-07
HD 210193, ,22,9,34.6,-,41,13,29,359,-54,7.827,0.416,2.61,0.0,3.749,-0.01,44,4.63,0.63,11.4,7.0,15.8,0.94,0.89,1.0,3.6,0.1,0.1,5,2588,0.963,2,160,-73,1,22.9,1.0,-22,-20,-21,7.974,-0.035,7.01,8.06,0.07,0.2,332.39416666666665,-41.22472222222223,25.858612,-0.451369,-35.59675,PM*,G,5610.479760324706,25.862551083385124,1.5169759667089017e-06
HD 210205, ,22,10,51.3,-,63,5,57,328,-46,7.777,0.412,2.6,0.034,3.768,0.0,86,2.95,1.86,3.7,2.6,4.2,1.32,1.27,1.46,39.5,0.1,0.3,5,2267,0.379,3,118,-9,2,11.6,0.8,-15,-26,-54,7.949,-0.062,6.88,7.96,0.07,0.94,332.71375,-63.09916666666667,50.66292,-31.657707,-61.86322,PM*,G,5861.3816451402845,59.7406216524757,1.489288034927216e-07
HD 210272, ,22,10,49.6,-,55,27,25,337,-50,7.223,0.421,2.581,0.027,3.757,-0.13,51,3.56,1.62,6.7,5.8,7.6,1.12,1.08,1.16,31.1,0.2,0.3,5,3220,0.329,3,193,-138,3,19.5,0.9,-19,-47,-41,7.969,-0.039,5.69,7.99,0.17,0.61,332.70666666666665,-55.456944444444446,30.176144,-12.8090105,-39.068268,PM*,G,5714.786366718672,32.782166137975786,3.459224119099821e-07
HD 210483, ,22,10,26.1,+,18,47,49,78,-30,7.576,0.392,2.601,0.014,3.758,-0.24,49,4.15,1.1,11.3,9.5,13.2,0.98,0.95,1.02,-73.5,0.2,0.1,2,1812,0.738,2,352,-29,2,20.6,0.8,-74,-79,-15,7.991,-0.024,4.01,8.58,0.36,0.11,332.60875,18.79694444444445,8.8227825,41.507935,-24.5,PM*,G,5727.960309858292,42.43524665895712,7.81589471190529e-07
HD 210752, ,22,12,43.5,-,6,28,8,54,-47,7.442,0.361,2.585,-0.008,3.767,-0.66,38,4.57,0.79,9.8,4.2,14.7,0.88,0.82,0.97,57.0,0.2,0.4,4,782,0.517,2,223,20,1,26.6,0.9,-11,28,-63,7.985,-0.028,7.99,10.74,0.15,1.27,333.1812499999999,-6.468888888888889,15.233005,20.966433,-27.791441,PM*,G,5847.900841444806,25.915936295521217,1.3962998789170638e-06
HD 210902, ,22,10,43.8,+,71,7,41,111,12,7.502,0.394,2.604,0.014,3.759,-0.11,42,4.38,0.73,9.4,6.3,13.6,0.98,0.93,1.03,19.4,0.2,0.2,2,727,0.667,1,55,-74,2,23.7,0.6,-8,21,-14,8.015,0.009,8.01,9.84,0.1,0.11,332.68249999999995,71.12805555555555,-14.722542,38.35354,8.732291,PM*,G,5741.164622073275,41.082201419512124,1.0739367406436191e-06
HD 210918, ,22,14,38.6,-,41,22,53,359,-55,6.221,0.411,2.59,0.012,3.749,-0.2,22,4.5,0.92,15.8,10.6,0.0,0.89,0.87,0.95,-19.4,0.1,0.3,6,3273,0.306,2,572,-791,1,45.2,0.7,-47,-92,-9,7.987,-0.018,3.63,8.17,0.38,0.04,333.6608333333333,-41.38138888888889,12.61676,-0.22022893,-18.021345,PM*,G,5610.479760324706,12.618681931137218,1.2675896963662255e-06
HD 210923, ,22,13,3.2,+,33,36,12,89,-19,7.4,0.349,2.618,0.002,3.78,-0.34,68,3.24,1.59,4.9,4.3,5.8,1.16,1.11,1.21,-5.7,0.3,0.4,2,789,0.356,3,8,68,2,14.7,0.7,-15,0,17,7.999,-0.022,7.96,8.42,0.03,0.4,333.26333333333326,33.60333333333333,1.1221056,64.28548,-22.138634,PM*,G,6025.595860743575,64.29527245301907,2.2232008527922416e-07
HD 210942, ,22,12,53.4,+,44,46,15,96,-10,7.992,0.388,2.623,0.028,3.781,0.19,84,3.25,1.08,2.8,2.5,3.2,1.37,1.33,1.42,-22.6,0.2,0.1,2,386,0.885,8,4,-66,2,11.9,0.8,16,-24,-18,8.008,-0.014,6.66,8.3,0.11,0.17,333.2224999999999,44.770833333333336,-8.647,82.270676,-14.586447,PM*,G,6039.4862937638,82.72384625062459,2.254128657425552e-07
HD 211080, ,22,14,46.7,-,5,53,11,55,-47,7.838,0.443,0.0,0.0,3.742,0.16,81,3.29,2.0,4.5,3.7,5.5,1.25,1.23,1.29,7.6,0.2,0.1,2,730,0.714,3,19,-112,2,12.3,0.9,17,-31,-27,7.969,-0.06,6.34,8.21,0.13,0.32,333.6945833333333,-5.886388888888888,31.685432,45.251488,-59.23965,PM*,G,5520.774392807573,55.24186607312218,2.3822026331875928e-07
HD 211180, ,22,15,1.7,+,21,16,42,81,-29,8.251,0.325,2.641,0.009,3.795,-0.18,122,2.82,1.53,2.5,2.2,3.0,1.36,1.26,1.45,-9.4,0.3,0.6,4,4777,0.256,11,7,-34,1,8.2,1.0,7,-18,-11,7.983,-0.058,7.07,8.15,0.07,0.08,333.7570833333333,21.27833333333333,16.692123,105.38991,-59.14677,*,G,6237.348354824191,106.70360865526165,1.2444535770008678e-07
HD 211275, ,22,15,17.7,+,39,46,35,93,-14,7.595,0.382,2.628,0.031,3.785,0.18,74,3.11,1.13,2.6,2.3,2.9,1.41,1.37,1.45,-46.5,0.4,0.6,2,1101,0.163,2,228,49,2,13.5,0.8,-72,-57,-20,8.004,-0.018,4.9,8.71,0.28,0.2,333.82375,39.77638888888889,-3.7578197,71.70348,-17.902222,PM*,G,6095.368972401694,71.80188196007197,1.857713342727478e-07
HD 211476, ,22,17,15.1,+,12,53,54,75,-35,7.049,0.386,2.6,0.007,3.76,-0.22,31,4.61,0.58,10.4,5.9,15.1,0.94,0.87,1.0,-25.5,0.2,0.2,3,674,0.688,2,852,99,1,32.5,0.9,-114,-35,-46,7.993,-0.018,5.24,10.35,0.33,0.85,334.31291666666664,12.898333333333332,6.572377,24.528442,-17.78087,PM*,G,5754.399373371566,25.393711945627267,1.4756341601524642e-06
HD 211526, ,22,16,59.1,+,35,22,14,91,-18,8.137,0.356,2.65,0.038,3.802,0.21,118,2.62,1.22,2.0,1.6,2.4,1.54,1.46,1.62,-10.3,0.3,0.2,2,773,0.638,11,75,0,3,8.5,0.9,-34,-18,-20,8.001,-0.036,7.01,8.32,0.09,0.2,334.24625,35.370555555555555,-1.9585842,112.20758,-36.464005,PM*,G,6338.69711256927,112.2246722495766,9.440145766777144e-08
HD 211738, ,22,19,34.4,-,16,42,15,41,-53,7.29,0.342,2.629,0.005,3.782,-0.19,45,4.04,0.61,5.2,3.2,7.2,1.07,1.02,1.13,15.0,0.3,0.1,2,735,0.7,5,40,-80,1,22.4,0.9,6,-10,-21,7.98,-0.036,7.43,8.25,0.05,0.21,334.89333333333326,-16.704166666666666,20.438799,17.767178,-35.9386,PM*,G,6053.408747539136,27.08167496012913,6.713959240189154e-07
HD 211786, ,22,19,25.1,+,12,27,35,75,-36,7.992,0.4,2.585,0.007,3.752,-0.26,42,4.88,0.52,13.5,5.8,0.0,0.87,0.83,0.94,21.3,0.3,0.0,1,0,0.0,1,72,-100,2,23.9,1.0,4,2,-32,7.991,-0.025,7.83,8.7,0.05,0.42,334.8545833333333,12.459722222222222,8.794339,32.820915,-24.686981,PM*,G,5649.369748123023,33.97871186322615,2.142785507266722e-06
HD 211987, ,22,21,6.5,+,1,2,5,65,-44,7.684,0.351,2.614,-0.006,3.779,-0.27,63,3.69,1.1,6.8,5.3,8.1,1.08,1.03,1.13,-20.9,0.2,0.5,4,1473,0.243,7,156,-84,1,15.9,1.0,-32,-41,-22,7.981,-0.044,5.9,8.11,0.16,0.23,335.27708333333334,1.0347222222222223,19.152386,41.072422,-43.763477,PM*,G,6011.737374832779,45.318403970562336,4.1397937102023456e-07
HD 212231, ,22,23,14.4,-,25,50,32,27,-57,7.876,0.395,2.592,0.01,3.755,-0.33,53,4.25,1.14,12.9,10.5,15.3,0.93,0.87,0.98,5.3,0.2,0.2,4,3219,0.724,3,377,-92,2,18.8,0.9,-68,-40,-58,7.974,-0.045,5.7,8.85,0.22,1.1,335.80999999999995,-25.842222222222222,25.719679,13.10483,-44.44954,PM*,G,5688.529308438413,28.865870109732377,8.973847818712385e-07
HD 212291, ,22,23,9.1,+,9,27,39,73,-39,7.91,0.431,2.592,0.0,3.737,-0.25,32,5.35,0.36,0.0,0.0,0.0,0.84,0.8,0.91,-6.1,0.2,0.2,4,1519,0.759,2,305,34,2,30.8,1.0,-42,-11,-18,7.993,-0.02,7.1,8.67,0.1,0.17,335.78791666666666,9.460833333333332,7.270898,23.782028,-20.138252,PM*,G,5457.57861091271,24.868671325971317,4.101839853334638e-06
HD 212708, ,22,27,24.6,-,49,21,57,344,-55,7.494,0.451,2.59,0.0,3.736,0.15,36,4.72,0.71,13.3,9.1,0.0,0.95,0.9,0.98,4.9,0.2,0.2,4,2592,0.762,2,341,-331,2,27.9,1.0,-39,-67,-21,7.98,-0.029,4.66,8.12,0.27,0.21,336.8525,-49.365833333333335,19.848854,-5.6915708,-29.489473,PM*,G,5445.026528424214,20.6487525842296,1.7178241357207713e-06
HD 212837, ,22,27,6.7,-,1,18,32,64,-47,6.782,0.403,2.597,0.015,3.757,-0.05,114,1.5,3.61,1.2,1.0,1.5,1.85,1.83,1.92,-13.7,0.2,0.3,3,1892,0.584,17,57,-5,1,8.8,1.0,-28,-17,-7,7.965,-0.083,7.08,8.17,0.07,0.08,336.7779166666666,-1.308888888888889,34.0824,69.87927,-83.37432,PM*,G,5714.786366718672,77.74781260905608,2.0089942806046824e-08
HD 213199, ,22,29,58.7,-,16,28,7,44,-56,8.158,0.376,2.602,-0.003,3.766,-0.07,46,4.84,0.07,0.8,0.0,9.2,0.99,0.93,1.05,6.5,0.1,0.3,10,2954,0.573,3,57,-78,2,21.7,1.4,-1,-15,-16,7.981,-0.038,7.32,8.05,0.05,0.13,337.4945833333333,-16.46861111111111,18.503487,17.86861,-38.13573,PM*,G,5834.451042737448,25.722874149116173,2.0275832758118263e-06
HD 213472, ,22,30,49.9,+,40,43,19,96,-15,8.192,0.415,2.598,0.0,3.752,0.13,65,4.14,0.94,8.8,6.7,10.8,1.1,1.01,1.15,16.6,0.3,0.4,2,1409,0.235,2,-213,41,2,15.5,1.2,46,33,39,8.007,-0.016,7.5,11.93,0.23,1.09,337.7079166666666,40.721944444444446,-6.562841,62.44124,-16.823238,PM*,G,5649.369748123023,62.785184038345236,7.70865661620565e-07
HD 213519, ,22,31,5.7,+,45,8,42,99,-11,7.702,0.416,2.598,0.033,3.763,-0.12,43,4.38,0.65,8.5,5.3,12.3,0.99,0.95,1.05,-32.0,0.4,0.6,2,371,0.077,2,-175,38,2,23.1,0.8,30,-22,31,8.006,-0.008,6.6,8.68,0.14,0.74,337.77374999999995,45.145,-6.6030936,41.690296,-8.204787,PM*,G,5794.286964268809,42.20997069008668,1.0739367406436191e-06
HD 213575, ,22,32,34.0,-,6,28,1,59,-51,6.951,0.421,2.594,0.023,3.745,-0.18,36,4.18,1.31,12.5,10.9,14.0,0.95,0.93,0.98,-21.7,0.1,0.2,5,4443,0.828,2,293,30,1,27.9,0.9,-51,-19,-6,7.988,-0.028,6.64,8.68,0.13,0.03,338.14166666666665,-6.466944444444445,11.668462,19.419582,-27.977255,PM*,G,5559.042572704037,22.655532889344446,8.146643284521832e-07
HD 213628, ,22,33,30.6,-,35,26,40,8,-60,7.803,0.442,2.576,0.0,3.737,0.02,32,5.27,0.23,0.0,0.0,0.0,0.89,0.84,0.98,-50.5,0.2,0.2,4,2153,0.642,2,331,-137,2,31.2,1.0,-62,-36,19,7.984,-0.028,5.83,8.69,0.2,0.46,338.3775,-35.44444444444444,15.844288,2.2267694,-27.712814,PM*,G,5457.57861091271,15.999998880866222,3.672642878602949e-06
HD 213802, ,22,33,34.2,+,31,17,1,91,-23,7.97,0.409,2.598,0.027,3.767,0.04,79,3.37,1.43,5.1,3.2,6.5,1.18,1.1,1.28,-16.8,0.2,0.4,3,374,0.308,3,15,-58,2,6.6,0.9,8,-24,-13,8.002,-0.031,6.8,8.15,0.09,0.09,338.3925,31.283611111111117,-1.2691329,72.70881,-30.86776,PM*,G,5847.900841444806,72.71988551925782,2.6605945697733073e-07
HD 213885,*,22,35,56.3,-,59,51,52,329,-50,7.961,0.391,0.0,0.0,3.758,-0.19,48,4.57,0.64,10.9,6.5,15.3,0.94,0.88,1.0,35.5,0.3,0.3,2,1489,0.491,4,-107,-87,7,21.0,1.0,40,-23,-8,7.974,-0.036,6.32,8.84,0.17,0.04,338.9845833333333,-59.864444444444445,26.446869,-15.890885,-36.770134,PM*,G,5727.960309858292,30.85380213176953,1.3962998789170638e-06
HD 213941, ,22,36,7.7,-,54,36,38,335,-53,7.586,0.422,2.584,0.033,3.739,-0.51,32,5.04,0.8,0.0,11.7,0.0,0.82,0.8,0.86,66.9,0.1,0.2,5,2609,0.707,3,369,-264,11,31.0,0.8,-8,-67,-69,7.982,-0.026,5.0,7.98,0.23,1.32,339.03208333333333,-54.61055555555556,17.453745,-8.13882,-25.556337,PM*,G,5482.769649208536,19.258078967472976,2.6728753163232114e-06
HD 214059, ,22,35,38.1,+,5,22,24,73,-44,8.265,0.429,2.581,0.024,3.752,-0.12,81,3.63,1.65,7.7,5.9,9.6,1.06,1.01,1.15,-12.2,0.2,0.3,5,1092,0.638,2,426,-206,2,12.4,1.3,-99,-101,-114,7.983,-0.056,3.48,9.2,0.45,4.0,338.90874999999994,5.373333333333333,17.035486,55.72055,-56.26733,PM*,G,5649.369748123023,58.26652105247658,3.81047134770222e-07
HD 214067, ,22,37,3.7,-,59,33,33,329,-50,8.205,0.454,0.0,0.0,3.725,-0.36,30,5.8,0.22,0.0,0.0,0.0,0.79,0.76,0.86,77.7,0.2,0.2,5,2609,0.786,3,-250,75,6,33.1,0.9,72,-6,-47,7.983,-0.023,6.37,10.51,0.25,0.89,339.2654166666666,-59.55916666666666,16.529293,-9.931803,-22.981333,PM*,G,5308.8444423098845,19.28362616083028,7.637983227545537e-06
HD 214385, ,22,38,11.0,-,27,26,36,25,-60,7.893,0.404,2.575,0.0,3.749,-0.33,40,4.9,0.62,15.4,7.8,0.0,0.85,0.82,0.91,45.9,0.1,0.3,5,2162,0.54,3,445,16,2,25.2,1.0,-51,-8,-81,7.982,-0.035,7.14,9.34,0.13,1.88,339.5458333333333,-27.44333333333333,18.126154,8.452365,-34.641018,PM*,G,5610.479760324706,19.999998323123453,2.2028184248593965e-06
HD 214529, ,22,38,57.6,-,10,6,8,55,-54,8.242,0.379,2.628,0.023,3.781,0.2,105,3.03,1.29,2.8,2.2,4.4,1.41,1.33,1.47,-24.8,0.2,0.1,2,372,0.831,6,27,25,2,9.5,1.2,-25,-5,18,7.965,-0.086,7.67,8.39,0.04,0.43,339.73999999999995,-10.102222222222222,35.399677,50.555977,-84.946785,*,G,6039.4862937638,61.71745249221534,1.6633310715695407e-07
HD 214560, ,22,38,53.9,+,8,22,27,76,-42,8.131,0.383,2.592,0.004,3.761,-0.28,55,4.42,0.8,11.6,7.1,15.1,0.95,0.87,1.0,-44.8,0.2,0.3,6,1503,0.669,3,258,24,2,18.1,1.2,-68,-45,1,7.99,-0.037,5.4,8.72,0.23,0.13,339.72458333333327,8.374166666666667,9.888065,39.658863,-36.802185,PM*,G,5767.664633922509,40.872964706477966,1.1349551513000262e-06
HD 214572, ,22,39,16.0,-,10,1,40,55,-54,6.944,0.389,2.588,-0.015,3.763,-0.15,69,2.75,2.31,3.3,2.8,3.8,1.34,1.28,1.39,10.4,0.5,0.7,2,721,0.026,6,-48,-6,1,14.5,1.1,17,7,-1,7.977,-0.056,7.63,9.23,0.09,0.11,339.8166666666666,-10.02777777777778,23.262644,33.2225,-55.822174,PM*,G,5794.286964268809,40.55718323701408,1.1297405060550694e-07
HD 214691, ,22,42,35.3,-,73,14,32,315,-41,8.1,0.452,0.0,0.0,3.734,0.04,49,4.65,0.9,16.4,12.5,0.0,0.91,0.89,0.94,-10.5,0.2,0.4,6,3727,0.101,2,157,-281,2,20.4,0.8,-42,-56,28,7.974,-0.032,5.18,8.18,0.22,0.65,340.6470833333333,-73.24222222222222,26.14935,-26.149357,-32.146893,PM*,G,5420.008904016238,36.98077036698869,1.559476017642916e-06
HD 214722, ,22,40,12.4,-,6,32,4,60,-53,7.172,0.454,0.0,0.0,3.731,-0.33,101,2.15,3.73,1.6,1.3,2.2,1.38,1.3,1.57,8.8,0.4,0.5,2,721,0.085,5,-13,-34,1,9.9,1.2,15,-7,-10,7.97,-0.08,7.36,8.56,0.08,0.1,340.0516666666666,-6.5344444444444445,30.391655,52.639896,-80.66219,*,G,5382.697825162882,60.78331468857092,4.9314961721605446e-08
HD 214813, ,22,41,4.3,-,23,31,16,33,-60,7.103,0.365,2.626,0.021,3.788,0.03,85,2.37,1.94,1.9,1.7,2.2,1.56,1.49,1.65,4.6,0.2,0.1,2,1530,0.691,5,36,-50,2,11.8,1.0,-3,-21,-14,7.965,-0.074,7.02,7.99,0.06,0.12,340.2679166666666,-23.52111111111111,35.643494,23.147158,-73.61216,PM*,G,6137.620051647939,42.49999515299972,6.683111399561631e-08
HD 214954, ,22,43,28.8,-,64,48,43,322,-47,8.26,0.434,0.0,0.0,3.742,-0.02,52,4.68,0.74,14.4,9.4,0.0,0.9,0.88,0.96,-13.3,0.2,0.3,3,2666,0.341,2,127,-33,2,19.2,0.9,-34,-10,-1,7.972,-0.038,7.28,8.43,0.07,0.1,340.86999999999995,-64.81194444444444,27.945948,-21.833761,-38.03039,PM*,G,5520.774392807573,35.463913052902456,1.6254690339100712e-06
HD 215274, ,22,43,40.4,+,30,5,33,93,-25,7.997,0.417,2.608,0.0,3.75,0.11,45,4.74,0.4,8.9,3.5,13.5,1.01,0.92,1.07,-10.2,0.2,0.3,2,344,0.304,3,241,26,2,22.3,1.0,-46,-21,-16,8.002,-0.019,6.68,8.55,0.12,0.13,340.9183333333333,30.0925,-2.1344612,40.727955,-19.017822,PM*,G,5623.413251903491,40.78384782112069,1.7659512088359783e-06
HD 215456, ,22,46,8.0,-,48,58,43,342,-57,6.64,0.401,2.596,0.008,3.755,-0.06,39,3.71,1.45,7.5,6.6,8.3,1.1,1.06,1.14,-19.1,0.2,0.4,6,2828,0.201,2,208,-49,1,25.9,0.8,-40,-16,1,7.98,-0.033,6.93,8.48,0.1,0.13,341.5333333333333,-48.97861111111112,20.201319,-6.563805,-32.708153,PM*,G,5688.529308438413,21.240923365470394,4.2557754049694857e-07
HD 215625, ,22,46,50.2,-,20,47,26,39,-61,7.922,0.34,2.634,0.002,3.787,0.01,53,4.28,0.07,1.0,0.0,5.0,1.12,1.06,1.18,8.4,0.2,0.2,3,802,0.76,5,6,34,2,18.7,1.1,-1,10,-6,7.98,-0.047,7.94,9.05,0.07,0.05,341.7091666666666,-20.79055555555556,19.968695,16.17033,-46.354847,*,G,6123.503917247734,25.694909073820927,9.353597990167014e-07
HD 215641, ,22,47,9.3,-,32,40,31,14,-63,7.577,0.45,0.0,0.0,3.733,0.01,27,5.4,0.19,0.0,0.0,0.0,0.87,0.83,0.96,0.3,0.1,0.3,5,2586,0.473,4,248,-91,2,36.7,1.0,-23,-20,-15,7.988,-0.024,7.03,8.1,0.07,0.11,341.78875,-32.67527777777777,11.893638,2.965417,-24.057177,PM*,G,5407.5432294558095,12.25774542315727,4.395200589841064e-06
HD 215768, ,22,48,6.9,-,37,45,23,3,-62,7.499,0.375,2.611,0.007,3.765,-0.2,40,4.51,0.54,8.7,4.8,12.9,0.97,0.92,1.03,-24.8,0.2,0.3,5,2143,0.38,7,158,2,2,25.3,0.9,-37,-9,8,7.982,-0.035,7.28,8.56,0.08,0.25,342.02874999999995,-37.756388888888885,18.75313,0.98280996,-35.3179,PM*,G,5821.032177708716,18.77886578615373,1.2852236255882161e-06
HD 215942, ,22,48,13.9,+,41,31,56,99,-16,8.05,0.411,2.587,0.006,3.749,-0.14,46,4.72,0.65,13.5,8.0,0.0,0.9,0.86,0.96,-70.9,0.2,0.1,2,366,0.921,2,-157,-142,1,21.6,1.0,56,-63,8,8.007,-0.012,4.64,8.75,0.31,0.25,342.05791666666664,41.532222222222224,-6.917225,43.67364,-12.679318,PM*,G,5610.479760324706,44.21803741178734,1.7178241357207713e-06
HD 216000, ,22,51,8.9,-,71,25,30,315,-43,7.659,0.384,2.603,0.006,3.763,-0.25,130,2.09,3.06,2.1,1.7,2.4,1.66,1.48,1.68,13.0,0.3,0.7,4,4010,0.019,10,23,20,2,7.7,0.7,-5,0,-22,7.932,-0.088,7.89,8.3,0.03,0.25,342.7870833333333,-71.42500000000001,67.22886,-67.22888,-88.65978,*,G,5794.286964268809,95.07597973701876,4.539193539767575e-08
HD 216054, ,22,50,10.5,-,41,29,24,355,-61,7.78,0.454,0.0,0.0,3.729,-0.13,28,5.56,0.22,0.0,0.0,0.0,0.84,0.8,0.92,20.5,0.1,0.2,5,2550,0.681,3,-369,-208,1,35.9,1.0,58,-13,8,7.987,-0.024,6.38,9.63,0.2,0.25,342.54374999999993,-41.49,13.523012,-1.1831142,-24.489353,PM*,G,5357.966575133417,13.574668053487924,5.482500757558595e-06
HD 216106, ,22,49,17.5,+,50,58,36,104,-7,6.746,0.367,2.608,0.007,3.769,-0.52,67,2.63,2.59,3.1,2.8,3.5,1.28,1.25,1.34,-44.3,0.4,0.7,3,675,0.057,7,-19,-145,1,15.0,0.6,37,-41,-32,8.016,-0.009,5.71,8.57,0.2,0.43,342.32291666666663,50.97666666666667,-16.087948,64.525246,-8.165246,PM*,G,5874.893525297769,66.50059730717626,9.571471275949219e-08
HD 216175, ,22,49,57.0,+,50,1,0,104,-8,7.927,0.372,2.628,0.022,3.781,0.05,57,4.04,0.41,3.8,1.9,5.8,1.15,1.08,1.21,-40.6,0.2,0.2,2,365,0.658,2,150,50,2,17.4,0.8,-32,-50,0,8.014,-0.008,5.49,8.12,0.19,0.1,342.48749999999995,50.016666666666666,-13.655348,54.768612,-7.932867,PM*,G,6039.4862937638,56.44527783090139,6.713959240189154e-07
HD 216190, ,22,49,49.6,+,54,2,4,106,-5,8.055,0.382,2.595,0.001,3.762,-0.23,57,4.28,0.87,10.0,6.5,13.4,0.97,0.9,1.03,-16.9,0.2,0.1,2,1413,0.798,1,35,-147,2,0.0,0.0,15,-17,-38,8.015,-0.005,7.08,8.39,0.08,0.55,342.45666666666665,54.03444444444444,-15.651544,54.58342,-4.967877,PM*,G,5780.960474057181,56.783101081926965,9.353597990167014e-07
HD 216275, ,22,50,46.3,+,52,3,41,105,-7,7.204,0.378,2.604,0.007,3.763,-0.24,31,4.73,0.41,9.0,2.1,14.4,0.94,0.87,1.02,13.6,0.3,0.1,2,727,0.925,1,144,170,2,32.0,0.7,-33,7,11,8.008,-0.004,7.73,9.16,0.08,0.3,342.6929166666666,52.061388888888885,-7.9635844,29.720505,-3.7779498,PM*,G,5794.286964268809,30.76893065985473,1.7417214499005635e-06
HD 216435, ,22,53,37.9,-,48,35,53,342,-59,6.038,0.395,2.616,0.025,3.761,-0.04,33,3.42,1.59,5.4,4.9,6.0,1.17,1.15,1.21,-1.1,0.3,0.5,3,2198,0.077,6,218,-81,1,30.0,0.7,-28,-22,-11,7.984,-0.028,6.87,8.14,0.08,0.06,343.4079166666666,-48.59805555555556,16.1644,-5.252131,-28.286522,PM*,G,5767.664633922509,16.99625568768489,2.8508784449224386e-07
HD 216437, ,22,54,39.4,-,70,4,25,316,-44,6.057,0.419,2.606,0.0,3.751,0.05,27,3.94,1.23,8.7,7.5,9.7,1.06,1.02,1.1,-2.7,0.2,0.2,2,1149,0.582,4,-44,73,1,37.7,0.6,3,10,-1,7.986,-0.018,7.89,9.14,0.07,0.1,343.6641666666666,-70.0736111111111,13.971139,-13.491779,-18.755777,PM*,G,5636.376558259543,19.422173553497096,5.847614042653944e-07
HD 216770, ,22,55,53.7,-,26,39,31,27,-64,8.108,0.486,0.0,0.0,3.72,0.23,38,5.22,0.51,16.9,7.4,0.0,0.89,0.86,0.99,30.7,0.1,0.2,5,2135,0.695,3,228,-178,2,26.4,1.1,-12,-35,-48,7.985,-0.034,6.39,7.99,0.11,0.76,343.97375,-26.65861111111111,14.84248,7.5626206,-34.154175,PM*,G,5248.074602497728,16.658104420669968,3.427509761747643e-06
HD 217014, ,22,57,27.9,+,20,46,7,90,-35,5.454,0.416,2.603,0.0,3.752,0.16,15,4.52,0.54,9.2,4.8,12.0,1.06,0.96,1.1,-33.7,0.1,0.2,26,4697,0.963,2,208,60,1,65.1,0.8,-15,-30,16,8.0,-0.009,6.58,8.01,0.1,0.37,344.36625,20.76861111111111,-5.3709414e-07,12.287281,-8.603647,PM*,G,5649.369748123023,12.287281000000013,1.303102867201668e-06
HD 217142, ,22,56,4.3,+,75,56,22,116,15,8.268,0.526,0.0,0.0,3.697,-0.05,26,6.19,0.18,0.0,0.0,0.0,0.79,0.76,0.84,-9.6,0.2,0.1,2,1085,0.748,5,33,-39,2,0.0,0.0,2,-8,-8,8.011,0.007,7.65,8.24,0.04,0.02,344.0179166666666,75.93944444444445,-11.009283,22.572378,6.7292953,*,G,4977.37084978936,25.114070971249824,1.3091177167478464e-05
HD 217165, ,22,58,29.8,+,9,49,31,83,-44,7.676,0.382,2.595,-0.008,3.765,-0.01,44,4.48,0.41,6.9,2.4,10.6,1.02,0.96,1.09,13.4,0.2,0.1,2,472,0.681,3,128,3,1,22.9,1.0,-22,2,-20,7.996,-0.03,7.87,8.63,0.05,0.2,344.6241666666666,9.825277777777778,3.85728,31.41503,-30.56497,PM*,G,5821.032177708716,31.650951311126498,1.2330443580285334e-06
HD 217343, ,23,0,19.2,-,26,9,13,29,-65,7.492,0.415,2.588,0.0,3.746,-0.18,32,4.96,0.51,14.6,6.6,0.0,0.87,0.84,0.93,6.1,0.2,0.3,5,2135,0.573,13,109,-162,2,31.2,0.9,-3,-27,-14,7.988,-0.029,6.72,8.01,0.09,0.1,345.0799999999999,-26.15361111111111,11.828169,6.556461,-29.001848,PM*,G,5571.857489319298,13.5237850743452,2.3931983809430355e-06
HD 217429, ,23,0,47.9,-,14,15,30,54,-61,8.263,0.394,2.605,0.023,3.768,-0.18,81,3.63,1.34,6.8,5.4,8.4,1.09,1.03,1.15,-14.1,0.2,0.2,4,1448,0.879,3,206,-24,2,12.4,1.2,-68,-37,-23,7.977,-0.071,5.69,8.8,0.21,0.25,345.1995833333333,-14.258333333333333,23.082077,31.769756,-70.8442,PM*,G,5861.3816451402845,39.26957696402477,3.81047134770222e-07
HD 217877, ,23,3,57.2,-,4,47,41,69,-56,6.7,0.367,2.601,-0.01,3.77,-0.2,31,4.26,0.68,7.3,4.9,11.2,1.0,0.96,1.06,-13.1,0.1,0.2,6,3999,0.851,3,319,37,1,32.5,0.9,-45,-17,-6,7.994,-0.026,6.81,8.58,0.12,0.04,345.9883333333333,-4.794722222222222,6.2123017,16.183598,-25.700167,PM*,G,5888.43655355589,17.33498014528505,9.09868647726075e-07
HD 218133, ,23,5,31.1,+,14,27,5,88,-41,7.106,0.377,2.607,0.01,3.766,-0.17,38,4.21,0.79,7.9,5.4,12.2,1.0,0.97,1.06,-49.3,0.2,0.2,5,1470,0.795,4,387,90,2,26.4,0.9,-69,-50,15,7.999,-0.025,5.22,8.71,0.25,0.38,346.3795833333333,14.451388888888888,1.0008813,28.661495,-24.930243,PM*,G,5834.451042737448,28.67896544528262,8.491388286507029e-07
HD 218152, ,23,5,4.7,+,49,2,58,106,-10,8.204,0.34,2.625,0.01,3.782,-0.47,84,3.58,1.31,6.1,4.5,8.0,1.05,0.99,1.11,14.9,0.3,0.2,2,384,0.681,5,42,-74,2,0.0,0.0,-6,7,-36,8.022,-0.015,8.0,8.95,0.06,0.51,346.26958333333323,49.04944444444444,-22.801783,79.519264,-14.586447,PM*,G,6053.408747539136,82.72384574643992,3.5561387733068084e-07
HD 218168, ,23,4,2.1,+,74,28,38,116,13,8.141,0.374,2.601,-0.015,3.77,0.18,49,4.7,-0.09,0.0,0.0,4.7,1.08,1.03,1.11,2.3,0.3,0.5,2,1086,0.214,5,108,36,2,20.5,0.7,-25,-9,-2,8.021,0.011,7.55,8.29,0.05,0.07,346.00875,74.47722222222222,-20.92965,42.912144,11.022601,PM*,G,5888.43655355589,47.74413421352654,1.6710086589594444e-06
HD 218209, ,23,5,6.0,+,68,25,1,113,8,7.485,0.419,2.568,0.0,3.739,-0.62,30,5.12,0.78,0.0,9.8,0.0,0.8,0.78,0.85,-16.1,0.1,0.2,8,2293,0.955,3,592,163,1,33.7,0.6,-73,-47,-14,8.012,0.004,5.28,8.83,0.25,0.11,346.2749999999999,68.41694444444445,-11.607858,27.346397,4.1751933,PM*,G,5482.769649208536,29.708042618620517,2.9852362067012464e-06
HD 218354, ,23,6,53.6,+,38,14,36,101,-20,8.202,0.413,2.615,0.0,3.754,0.07,67,4.07,1.01,8.7,6.8,10.6,1.05,1.01,1.13,-10.9,0.3,0.2,2,1101,0.609,3,80,30,2,14.9,1.0,-24,-16,2,8.012,-0.023,7.24,8.16,0.06,0.14,346.72333333333336,38.24333333333333,-12.013223,61.80266,-22.915348,PM*,G,5675.446054085472,62.95940207723807,6.998076736285392e-07
HD 218355, ,23,6,55.4,+,38,0,58,101,-20,8.279,0.375,2.61,0.004,3.77,0.01,76,3.87,0.88,6.3,3.7,8.2,1.1,1.05,1.17,-7.1,0.3,0.2,2,418,0.573,2,95,20,2,13.1,1.1,-32,-16,-5,8.014,-0.027,7.11,8.32,0.08,0.05,346.7308333333333,38.01611111111111,-13.62694,70.104515,-25.99353,PM*,G,5888.43655355589,71.41664033787102,5.308584080479523e-07
HD 218504, ,23,8,42.9,-,18,45,6,47,-65,8.113,0.359,2.593,-0.003,3.769,-0.63,62,4.16,1.14,10.7,6.4,13.3,0.9,0.86,0.99,-29.7,0.1,0.3,7,4052,0.614,2,-86,-36,2,16.2,1.0,18,-11,34,7.982,-0.056,7.23,8.61,0.09,0.82,347.17875,-18.751666666666665,17.869947,19.163174,-56.191082,PM*,G,5874.893525297769,26.20233278807605,7.92462463811988e-07
HD 218730, ,23,10,24.7,-,7,48,43,67,-59,7.332,0.38,2.617,0.007,3.767,0.1,36,4.58,0.17,3.7,0.0,8.3,1.07,1.0,1.12,1.7,0.2,0.2,5,3999,0.915,4,140,-135,1,28.1,1.1,-10,-25,-19,7.993,-0.031,6.82,7.99,0.08,0.17,347.60291666666666,-7.811944444444444,7.2446923,17.067421,-30.858023,PM*,G,5847.900841444806,18.541370664352737,1.4157243451367577e-06
HD 218949, ,23,11,38.7,+,47,5,55,106,-12,7.225,0.429,2.594,0.0,3.743,-0.05,48,3.83,1.59,8.6,7.7,9.5,1.05,1.03,1.1,-10.7,0.2,0.1,2,1528,0.908,2,-250,-163,1,20.9,0.7,68,6,-10,8.013,-0.01,6.71,10.77,0.23,0.05,347.91125,47.09861111111111,-12.941474,45.132282,-9.979761,PM*,G,5533.501092157366,46.9510876106209,5.023179531184576e-07
HD 219129, ,23,13,41.7,-,10,19,7,64,-62,7.937,0.332,2.624,-0.009,3.79,-0.06,71,3.67,0.68,3.4,2.5,4.5,1.18,1.11,1.25,0.5,0.9,1.2,2,721,0.021,16,10,-19,2,14.0,1.3,0,-6,-4,7.985,-0.063,7.71,8.2,0.03,0.08,348.4237499999999,-10.31861111111111,14.612,29.95904,-62.689278,*,G,6165.9500186148225,33.332485981720595,4.0269728386086803e-07
HD 219249, ,23,15,9.6,-,56,43,45,326,-56,7.949,0.431,2.569,0.0,3.734,-0.41,30,5.53,0.35,0.0,0.0,0.0,0.81,0.77,0.88,-10.7,0.1,0.3,6,3033,0.664,3,242,85,2,32.8,1.0,-38,2,-9,7.986,-0.025,7.55,8.99,0.09,0.04,348.79,-56.72916666666667,13.907756,-9.380905,-24.871128,PM*,G,5420.008904016238,16.775787778061602,5.259914689088306e-06
HD 219396, ,23,12,9.5,+,82,23,40,120,20,7.531,0.433,2.58,0.027,3.752,-0.11,53,3.81,1.46,8.5,7.5,9.4,1.05,1.02,1.1,-47.2,0.2,0.3,3,706,0.533,4,66,85,1,19.0,0.6,4,-54,-4,8.024,0.018,5.34,8.06,0.2,0.05,348.03958333333327,82.39444444444445,-24.901857,43.131275,18.127066,PM*,G,5649.369748123023,49.80370834761277,4.886283943493073e-07
HD 219428, ,23,15,13.3,+,52,21,6,108,-8,8.247,0.396,2.62,0.026,3.774,0.22,61,4.22,0.25,3.7,0.1,6.6,1.16,1.12,1.2,-6.5,0.2,0.1,2,730,0.948,4,178,18,2,16.5,1.0,-44,-24,-13,8.019,-0.008,6.59,8.49,0.13,0.08,348.80541666666664,52.35166666666667,-18.666584,57.449856,-8.489559,PM*,G,5942.921586155727,60.406351591945956,8.609515264400525e-07
HD 219828, ,23,18,46.7,+,18,38,44,94,-39,8.046,0.407,2.604,0.016,3.756,0.05,81,3.5,1.55,5.8,4.7,7.0,1.16,1.1,1.24,-24.6,0.2,0.2,2,402,0.64,4,-3,5,2,12.3,1.0,2,-18,17,8.005,-0.051,7.21,8.1,0.06,0.4,349.6945833333333,18.645555555555557,-4.3910885,62.795486,-50.974953,*,G,5701.642722807472,62.94882620185247,3.1840413590236713e-07
HD 220008, ,23,20,18.2,+,6,52,20,87,-49,7.963,0.42,2.595,0.027,3.76,0.0,87,3.15,1.85,4.4,3.7,5.3,1.23,1.17,1.31,-20.2,0.3,0.0,1,0,0.0,1,-74,27,2,11.5,1.0,20,5,32,7.997,-0.066,7.57,9.34,0.1,0.79,350.07583333333326,6.872222222222223,2.9871876,56.998913,-65.65974,PM*,G,5754.399373371566,57.07713529022951,1.963263987694239e-07
HD 220066, ,23,20,56.8,-,18,59,18,50,-68,7.744,0.403,2.588,0.0,3.754,-0.17,74,3.4,1.88,6.1,4.7,7.5,1.13,1.07,1.22,45.7,0.1,0.2,5,3627,0.855,3,133,6,2,13.5,1.2,-31,0,-58,7.982,-0.069,7.66,8.89,0.07,1.08,350.2366666666666,-18.988333333333333,17.818645,21.235435,-68.6116,PM*,G,5675.446054085472,27.720891206367266,2.773184092623894e-07
HD 220284, ,23,22,8.7,+,49,32,1,108,-11,7.92,0.41,2.609,0.029,3.769,0.17,71,3.54,1.1,3.6,2.8,6.1,1.22,1.13,1.33,-15.4,0.3,0.5,2,1416,0.164,3,-62,-137,2,0.0,0.0,40,-10,-33,8.022,-0.013,6.84,9.28,0.15,0.46,350.53624999999994,49.53361111111111,-21.537096,66.284386,-13.547439,PM*,G,5874.893525297769,69.69552590740822,3.3649506582766625e-07
HD 220367, ,23,24,18.8,-,72,9,54,312,-43,6.888,0.352,2.607,-0.004,3.776,-0.34,42,3.78,1.14,7.7,6.6,8.9,1.04,0.99,1.1,19.6,0.2,0.3,5,1545,0.494,4,-18,-44,2,23.9,0.6,13,-16,-7,7.98,-0.029,7.06,8.31,0.08,0.03,351.07833333333326,-72.165,20.553593,-22.827068,-28.643929,*,G,5970.352865838366,30.71685561196447,4.6879039011534105e-07
HD 220476, ,23,24,6.3,-,7,33,2,72,-62,7.619,0.423,2.592,0.0,3.743,-0.08,30,5.22,0.23,0.0,0.0,0.0,0.88,0.84,0.98,4.0,0.1,0.2,7,3999,0.931,4,146,-5,1,33.1,0.9,-17,-6,-11,7.996,-0.027,7.79,8.14,0.02,0.06,351.02624999999995,-7.5505555555555555,4.352241,13.394822,-26.488426,PM*,G,5533.501092157366,14.084149180329105,3.427509761747643e-06
HD 220507, ,23,24,42.1,-,52,42,6,329,-60,7.597,0.429,2.595,0.0,3.743,-0.09,43,4.41,1.05,14.2,11.6,16.4,0.93,0.89,0.97,22.7,0.1,0.2,7,1125,0.763,2,-15,-155,2,23.0,0.9,20,-33,-7,7.981,-0.038,6.19,8.27,0.14,0.04,351.1754166666666,-52.70166666666667,18.429094,-11.0733185,-37.239094,PM*,G,5533.501092157366,21.49999740147143,1.1193829828386824e-06
HD 220689, ,23,25,52.9,-,20,36,57,47,-69,7.795,0.389,2.602,0.013,3.759,-0.21,45,4.52,0.68,10.9,6.8,15.1,0.95,0.88,1.0,11.8,0.2,0.2,5,1758,0.771,3,-13,-177,2,22.1,0.9,22,-29,-16,7.989,-0.042,6.34,8.33,0.14,0.14,351.47041666666667,-20.61583333333333,10.998285,11.794218,-42.011116,PM*,G,5741.164622073275,16.12655732550345,1.303102867201668e-06
HD 220718, ,23,27,7.3,-,72,52,53,311,-43,8.109,0.405,2.604,0.017,3.758,0.04,88,3.39,1.62,5.1,4.4,6.0,1.19,1.15,1.27,33.1,0.2,0.2,4,1967,0.732,3,-77,-2,2,11.4,0.8,44,-6,-12,7.958,-0.06,6.8,9.4,0.16,0.11,351.7804166666666,-72.88138888888888,42.223373,-48.572456,-60.01585,PM*,G,5727.960309858292,64.35912296923463,2.7351345804337536e-07
HD 220721, ,23,25,45.6,+,45,20,50,108,-15,7.893,0.371,2.63,0.023,3.783,0.09,59,3.95,0.42,3.5,2.0,4.8,1.19,1.13,1.24,-15.5,0.2,0.2,5,2298,0.851,3,47,-45,1,17.0,0.9,-2,-21,-12,8.017,-0.015,7.06,8.06,0.07,0.07,351.44,45.34722222222222,-17.610758,54.200356,-15.270324,PM*,G,6067.363295885053,56.9896252651419,5.928962457240527e-07
HD 220773, ,23,26,27.4,+,8,38,37,90,-49,7.105,0.39,2.602,0.009,3.763,-0.03,49,3.67,1.28,6.7,5.6,7.8,1.12,1.08,1.16,-38.0,0.2,0.1,4,2572,0.937,3,28,-225,2,20.6,1.0,20,-61,-3,8.0,-0.036,4.92,8.16,0.25,0.07,351.6141666666666,8.643611111111111,-1.4051853e-06,32.146893,-36.98077,PM*,G,5794.286964268809,32.146893000000034,4.0269728386086803e-07
HD 220899, ,23,27,25.3,+,25,28,4,100,-34,7.941,0.323,2.648,0.015,3.797,-0.17,128,2.4,1.89,2.1,1.8,2.4,1.48,1.4,1.57,-19.8,2.0,2.8,2,39,0.127,55,56,-38,2,7.8,0.9,-16,-39,-18,8.019,-0.071,6.1,8.03,0.14,0.17,351.85541666666666,25.467777777777776,-18.426992,104.50466,-71.57669,PM*,G,6266.138646723356,106.11681297458789,6.965923494340181e-08
HD 220928, ,23,27,57.0,-,26,27,15,30,-71,8.267,0.374,2.597,-0.002,3.765,-0.33,60,4.39,0.78,9.8,5.9,14.2,0.96,0.88,1.01,1.3,0.5,0.7,2,903,0.092,4,144,-44,2,16.8,1.1,-30,-26,-15,7.984,-0.056,6.63,8.15,0.1,0.12,351.98749999999995,-26.454166666666666,16.917017,9.767044,-56.731113,PM*,G,5821.032177708716,19.534088478253217,1.088876688899508e-06
HD 221146, ,23,29,30.3,-,1,2,9,83,-57,6.891,0.393,2.612,0.013,3.762,0.08,40,3.91,0.98,7.3,5.6,8.7,1.1,1.06,1.18,-15.6,0.2,0.5,5,4499,0.042,2,-13,-31,1,25.3,1.0,4,-12,11,7.997,-0.033,7.44,8.19,0.05,0.29,352.37625,-1.0358333333333334,2.6549919,21.623177,-33.54682,*,G,5780.960474057181,21.785563237208134,5.610204605383642e-07
HD 221149, ,23,29,36.3,-,6,50,8,75,-62,8.282,0.397,2.614,0.03,3.777,0.08,118,2.79,1.73,2.5,2.2,3.0,1.44,1.33,1.51,-8.0,0.3,0.0,1,0,0.0,5,6,-3,2,9.2,1.2,-3,-7,5,7.986,-0.104,7.78,8.13,0.02,0.21,352.40125,-6.835555555555556,14.337969,53.51002,-104.18781,*,G,5984.115950603199,55.397649728534155,1.1939295476668923e-07
HD 221167, ,23,28,49.4,+,72,13,48,117,10,7.737,0.332,2.615,0.003,3.784,-0.63,57,3.96,1.01,5.7,4.0,9.2,1.01,0.96,1.06,-62.8,0.3,0.2,3,705,0.752,5,58,84,1,17.6,0.6,9,-68,5,8.025,0.01,4.71,8.09,0.26,0.18,352.20583333333326,72.23,-25.484314,50.0158,9.897946,PM*,G,6081.350012787177,56.13404056088066,6.011442541001502e-07
HD 221275,*,23,30,54.0,-,35,6,23,3,-71,8.126,0.478,0.0,0.0,3.722,0.07,35,5.4,0.38,0.0,5.2,0.0,0.86,0.84,0.94,6.1,0.4,0.5,2,1501,0.124,3,-204,-6,1,28.5,1.1,32,12,5,7.989,-0.033,7.45,9.91,0.14,0.2,352.725,-35.10638888888889,11.379269,0.59636223,-33.09315,PM*,G,5272.298614228227,11.394885294891369,4.395200589841064e-06
HD 221420,*,23,33,19.5,-,77,23,7,308,-39,5.818,0.427,0.0,0.0,3.75,0.11,32,3.31,1.83,4.5,4.2,4.8,1.25,1.24,1.27,26.0,0.2,0.1,2,1204,0.765,4,16,2,1,31.5,0.5,10,-16,-18,7.985,-0.02,7.1,8.25,0.08,0.16,353.33124999999995,-77.38527777777779,15.310683,-19.596779,-20.138252,*,G,5623.413251903491,24.86867027207788,2.448943132356654e-07
HD 221573, ,23,32,53.5,+,47,0,44,109,-14,7.86,0.328,2.636,-0.002,3.79,-0.1,51,4.34,0.05,0.0,0.0,4.8,1.1,1.04,1.15,9.1,0.3,0.2,2,791,0.712,6,-28,-24,2,19.8,0.9,5,10,-5,8.016,-0.012,7.9,9.19,0.08,0.03,353.2229166666666,47.01222222222222,-16.110764,46.789066,-12.3380165,*,G,6165.9500186148225,49.485082740317324,1.0161988529530514e-06
HD 221706, ,23,34,36.7,-,16,59,35,59,-70,8.279,0.388,2.586,0.0,3.759,-0.19,48,4.87,0.31,7.8,0.0,14.9,0.93,0.86,1.01,-30.2,0.2,0.3,5,2868,0.656,2,140,128,3,20.8,1.2,-46,3,25,7.991,-0.045,7.42,9.34,0.11,0.62,353.6529166666666,-16.993055555555557,8.455363,14.072087,-45.105247,PM*,G,5741.164622073275,16.416966711220986,2.1133853879250417e-06
HD 222033, ,23,37,6.6,+,30,40,40,105,-30,7.21,0.395,2.612,0.018,3.761,0.02,50,3.7,1.26,6.8,5.7,7.7,1.12,1.08,1.16,-13.7,0.2,0.2,2,469,0.472,3,189,78,2,19.9,0.8,-44,-22,9,8.011,-0.025,6.65,8.5,0.12,0.26,354.2775,30.67777777777778,-11.207191,41.825813,-25.0,PM*,G,5767.664633922509,43.30126745513865,4.1973839773752496e-07
HD 222155, ,23,38,0.3,+,48,59,47,111,-12,7.107,0.422,2.582,0.022,3.755,-0.13,51,3.5,1.72,6.3,5.5,7.1,1.13,1.09,1.18,-44.2,0.2,0.1,2,385,0.983,2,197,-121,2,19.8,0.8,-16,-62,-31,8.017,-0.011,5.03,8.02,0.23,0.38,354.5012499999999,48.99638888888889,-17.877373,46.572155,-10.603497,PM*,G,5688.529308438413,49.88552983306035,3.1840413590236713e-07
HD 222335,*,23,39,51.3,-,32,44,36,9,-74,7.185,0.477,0.0,0.0,3.717,-0.17,19,5.83,0.21,0.0,0.0,0.0,0.81,0.78,0.88,-7.6,0.2,0.3,2,1525,0.359,1,136,-305,2,53.5,0.9,-2,-30,5,7.995,-0.018,6.54,8.02,0.1,0.19,354.96374999999995,-32.74333333333333,5.1726336,0.8192647,-18.263971,PM*,G,5211.947111050806,5.237111131961499,7.961203043484434e-06
HD 222391, ,23,40,3.4,+,26,48,7,104,-33,7.559,0.371,2.624,0.025,3.784,-0.03,81,2.92,1.54,2.6,2.3,2.9,1.4,1.33,1.46,-3.0,0.3,0.1,2,673,0.73,6,147,32,2,12.4,0.7,-54,-20,-4,8.016,-0.044,6.59,8.79,0.14,0.07,355.01416666666665,26.801944444444445,-16.434313,65.91443,-44.115765,PM*,G,6081.350012787177,67.93230988275658,1.4288238812182962e-07
HD 222422, ,23,40,37.8,-,18,59,20,56,-72,7.586,0.448,2.566,0.0,3.731,-0.13,26,5.49,0.25,0.0,0.0,0.0,0.85,0.81,0.93,10.2,0.1,0.2,6,2239,0.931,4,304,-44,2,38.1,1.0,-29,-17,-21,7.995,-0.025,7.11,8.23,0.07,0.21,355.1575,-18.98888888888889,4.492802,6.660854,-24.72747,PM*,G,5382.697825162882,8.034441226402743,4.977126744429156e-06
HD 222480, ,23,41,8.3,-,32,4,16,11,-74,7.107,0.421,2.611,0.038,3.77,0.28,45,3.67,0.83,3.4,2.5,7.2,1.27,1.25,1.3,20.1,0.2,0.1,3,1881,0.999,3,114,30,2,22.1,0.8,-19,-3,-26,7.988,-0.043,7.85,8.31,0.03,0.3,355.2845833333333,-32.071111111111115,12.175793,2.3667345,-43.256775,PM*,G,5888.43655355589,12.403683621099791,4.0269728386086803e-07
HD 222595, ,23,42,12.6,-,53,25,23,324,-61,7.997,0.44,0.0,0.0,3.736,-0.14,35,5.3,0.34,0.0,0.0,0.0,0.85,0.82,0.93,18.8,0.1,0.3,5,1889,0.599,3,188,7,2,28.9,1.0,-20,-17,-25,7.986,-0.03,7.25,8.06,0.05,0.28,355.55249999999995,-53.42305555555555,13.727672,-9.973739,-30.61169,PM*,G,5445.026528424214,16.968336635619444,3.82805968430505e-06
HD 222669, ,23,43,57.3,-,82,30,30,306,-34,7.686,0.392,2.606,0.005,3.761,0.03,40,4.69,0.26,6.2,0.0,11.1,1.01,0.94,1.08,27.8,0.2,0.4,5,2274,0.256,4,-129,-91,2,25.2,0.6,36,-19,3,7.981,-0.022,6.55,8.81,0.15,0.17,355.9887499999999,-82.50833333333334,19.491837,-26.828224,-22.367716,PM*,G,5767.664633922509,33.16150347358734,1.648081560643825e-06
HD 223061, ,23,46,18.3,+,9,47,6,98,-50,7.485,0.375,2.598,0.006,3.764,-0.34,45,4.22,0.98,11.3,7.3,13.7,0.98,0.89,1.02,5.9,0.3,0.2,2,301,0.691,2,-50,-182,2,22.2,0.9,27,-17,-25,8.004,-0.034,6.8,8.66,0.12,0.29,356.57625,9.785,-4.025643,28.64394,-34.472,PM*,G,5807.644175213118,28.925440364617597,8.609515264400525e-07
HD 223171, ,23,47,20.8,-,48,16,32,329,-65,6.896,0.408,2.6,0.011,3.755,0.05,41,3.82,1.26,7.6,6.6,8.6,1.1,1.07,1.14,32.2,0.1,0.2,4,2812,0.817,3,-386,-211,2,24.2,0.8,91,-12,3,7.985,-0.038,5.89,10.89,0.3,0.18,356.83666666666664,-48.27555555555556,14.852436,-8.924245,-37.15862,PM*,G,5688.529308438413,17.327348439796584,4.954258924249949e-07
HD 223238, ,23,47,52.4,+,4,10,31,94,-55,7.695,0.401,2.603,0.017,3.755,-0.13,47,4.35,0.87,11.7,8.0,14.5,0.96,0.92,1.01,-15.9,0.2,0.2,5,2560,0.732,2,350,-32,2,21.4,1.0,-64,-47,-10,8.002,-0.038,5.38,8.62,0.23,0.05,356.96833333333336,4.175277777777778,-1.8805016,26.892426,-38.500145,PM*,G,5688.529308438413,26.95809456235879,1.0303355871816525e-06
HD 223583, ,23,50,44.1,+,41,49,39,111,-20,8.282,0.36,2.599,0.003,3.769,-0.58,72,3.98,1.28,9.9,7.8,11.9,0.97,0.88,1.01,-20.8,0.3,0.1,2,420,0.919,5,179,69,2,13.8,1.0,-55,-39,14,8.024,-0.024,5.81,8.54,0.19,0.36,357.68375,41.8275,-24.246408,63.164062,-24.625448,PM*,G,5874.893525297769,67.65786746005455,6.179860907400366e-07
HD 224022, ,23,54,38.6,-,40,18,0,341,-72,6.03,0.362,2.626,0.007,3.776,0.04,28,3.81,0.77,3.8,3.1,6.9,1.19,1.09,1.23,-9.2,0.1,0.2,5,4411,0.705,5,368,32,1,35.9,0.8,-47,-16,-3,7.992,-0.027,6.81,8.64,0.12,0.08,358.66083333333324,-40.3,8.181076,-2.8169692,-26.629583,PM*,G,5970.352865838366,8.65247478999648,4.886283943493073e-07
HD 224156, ,23,55,32.4,+,3,30,5,97,-57,7.75,0.458,0.0,0.0,3.729,-0.02,29,5.41,0.28,0.0,0.0,0.0,0.86,0.83,0.94,14.3,0.2,0.2,5,2559,0.796,1,-208,-295,1,34.1,0.9,44,-9,-27,8.002,-0.024,6.77,9.38,0.16,0.33,358.885,3.501388888888889,-1.9248686,15.676803,-24.321445,PM*,G,5357.966575133417,15.794532960112337,4.456343920636423e-06
HD 224233, ,23,56,11.4,+,59,46,3,116,-2,7.665,0.411,2.585,0.018,3.748,-0.35,50,4.17,1.39,13.3,11.4,15.0,0.93,0.88,0.97,3.6,0.2,0.1,2,384,0.889,3,192,281,2,20.0,0.7,-55,-20,55,8.022,-0.002,6.68,8.89,0.14,1.51,359.0475,59.7675,-21.905205,44.912327,-1.7449747,PM*,G,5597.576014951104,49.96954194954116,8.034867148279148e-07
HD 224383, ,23,57,33.5,-,9,38,51,84,-68,7.9,0.401,2.592,0.005,3.756,-0.09,48,4.51,0.66,10.3,6.3,14.3,0.96,0.91,1.02,-31.4,0.2,0.3,5,3632,0.488,3,455,-145,2,21.0,1.2,-75,-84,-3,7.998,-0.044,3.85,8.57,0.38,0.08,359.3895833333333,-9.6475,1.8795379,17.882618,-44.50482,PM*,G,5701.642722807472,17.981120355847143,1.2852236255882161e-06
HD 224578, ,23,59,2.8,-,11,56,17,81,-70,8.053,0.359,2.608,-0.006,3.774,-0.12,53,4.45,0.32,5.6,0.0,9.3,1.03,0.97,1.1,5.4,0.2,0.6,6,2561,0.052,3,69,-61,2,19.0,1.3,-7,-18,-13,7.997,-0.05,7.22,8.0,0.05,0.1,359.76166666666666,-11.938055555555556,2.8356986,17.903894,-49.803707,PM*,G,5942.921586155727,18.12706834855758,1.182983535779732e-06
HD 224693, ,23,59,53.8,-,22,25,41,52,-77,8.239,0.403,2.632,0.051,3.787,0.39,94,3.15,0.93,2.0,1.5,2.5,1.38,1.32,1.44,1.5,0.2,0.2,3,1181,0.562,5,149,28,2,10.6,1.2,-64,-19,-13,7.987,-0.092,6.44,9.06,0.17,0.14,359.97416666666663,-22.42805555555556,13.018407,16.662802,-91.59078,PM*,G,6123.503917247734,21.145398821229477,1.963263987694239e-07
HD 224792, ,0,0,41.6,+,62,10,33,117,0,7.039,0.34,2.631,0.007,3.783,-0.22,38,4.12,0.54,5.4,3.0,7.3,1.06,1.0,1.12,4.1,0.5,0.1,2,1168,0.921,21,-47,-43,2,26.1,0.7,7,8,-6,8.017,0.0,7.86,9.09,0.07,0.02,0.1733333333333333,62.17583333333333,-17.251635,33.85825,0.0,PM*,G,6067.363295885053,38.00000004257533,7.49857432246398e-07
HD 225261, ,0,4,56.3,+,23,16,10,109,-38,7.824,0.453,0.0,0.0,3.725,-0.34,26,5.78,0.23,0.0,0.0,0.0,0.8,0.76,0.87,7.0,0.2,0.1,3,1954,0.857,1,382,-7,1,39.1,0.9,-42,-16,-13,8.007,-0.016,6.92,8.54,0.1,0.09,1.2345833333333331,23.26944444444444,-6.6703305,19.37205,-16.007198,PM*,G,5308.8444423098845,20.488280312943065,7.429826979849944e-06
HD 225297, ,0,5,2.6,-,36,0,54,348,-77,7.745,0.343,2.616,-0.008,3.782,-0.12,51,4.23,0.36,4.7,0.9,7.3,1.07,1.01,1.14,4.9,0.2,0.4,4,2979,0.227,5,208,64,2,19.8,0.9,-49,-9,-16,7.989,-0.049,7.02,8.89,0.12,0.14,1.260833333333333,-36.015,11.221802,-2.3852684,-49.692875,PM*,G,6053.408747539136,11.472503888308017,8.729285552249458e-07
HD 225299, ,0,4,58.7,-,70,12,44,309,-46,8.134,0.432,0.0,0.0,3.742,0.04,45,4.86,0.51,13.0,6.5,0.0,0.9,0.88,0.98,12.1,0.2,0.2,4,2170,0.856,3,53,-97,2,22.1,0.7,0,-26,3,7.981,-0.033,6.7,8.03,0.09,0.15,1.2445833333333332,-70.21222222222222,19.672321,-24.293295,-32.37029,PM*,G,5520.774392807573,31.25962884431077,2.0843886533432196e-06
