Name,fs,RAh,RAm,RAs,DE_,DEd,DEm,DEs,GLON,GLAT,Vmag,b_y,Hbeta,E(b-y),logTe,[Fe/H],Dist,VMAG,dVMag,Age,clAge,chAge,mass,clmass,chmass,RVel,meRVel,e_RVel,o_RVel,dT,P(chi2),vsini,pmRA,pmDE,e_pm,plx,e_plx,UVel,VVel,WVel,Rgal,zgal,Rmin,Rmax,ecc,zmax,RA,DEC,X,Y,Z,ObjType,SpecType
HD 23, ,0,5,7.4,-,52,9,6,319,-64,7.552,0.366,2.626,0.015,3.77,-0.19,42,4.44,0.49,7.6,3.6,10.9,0.99,0.94,1.06,34.3,0.2,0.3,3,1767,0.309,4,-111,-131,2,23.9,0.9,40,-22,-16,7.986,-0.037,6.39,8.88,0.16,0.15,1.2808333333333333,-52.151666666666664,13.895403,-12.079091,-37.74935,PM*,G0V
HD 59, ,0,5,33.5,+,46,39,46,115,-15,8.595,0.363,2.613,0.007,3.772,-0.24,87,3.9,1.03,7.4,5.3,9.8,1.02,0.97,1.09,-34.2,0.3,0.2,2,94,0.626,4,159,41,2,0.0,0.0,-48,-57,13,8.035,-0.023,5.1,8.31,0.24,0.33,1.3895833333333332,46.66277777777778,-35.51496,76.16206,-22.517258,PM*,G5
HD 67,*,0,5,28.4,-,61,13,33,313,-55,8.822,0.424,0.0,0.0,3.743,-0.14,54,5.17,0.33,0.0,0.0,0.0,0.87,0.83,0.96,6.3,0.3,0.1,2,1085,0.986,4,84,-78,2,18.6,0.9,-10,-28,2,7.979,-0.044,6.65,7.98,0.09,0.14,1.3683333333333332,-61.225833333333334,21.123623,-22.652313,-44.23421,PM*,G5V
HD 70, ,0,5,41.6,+,58,18,47,117,-4,8.221,0.395,2.582,0.01,3.752,-0.49,48,4.83,0.74,14.9,7.4,0.0,0.84,0.81,0.9,-28.4,0.2,0.4,3,727,0.287,3,65,-166,2,21.0,1.1,7,-31,-37,8.022,-0.003,6.49,8.13,0.11,0.52,1.4233333333333331,58.31305555555555,-21.738455,42.664135,-3.3483105,PM*,G0
HD 105, ,0,5,52.5,-,41,45,11,333,-73,7.509,0.373,2.627,0.019,3.766,-0.21,40,4.49,0.55,8.6,4.8,12.6,0.97,0.92,1.03,1.6,0.3,0.5,4,3363,0.176,15,99,-76,1,24.9,0.9,-10,-21,-2,7.989,-0.038,7.02,7.99,0.06,0.09,1.4687499999999998,-41.753055555555555,10.420206,-5.3093605,-38.25219,PM*,G0V
HD 153, ,0,6,26.0,+,42,45,9,114,-19,8.357,0.388,2.601,0.01,3.763,-0.16,123,2.9,2.16,3.8,3.1,4.9,1.3,1.18,1.36,-31.8,0.3,0.2,2,133,0.645,5,78,-1,2,8.1,0.9,-27,-48,2,8.048,-0.041,5.61,8.12,0.18,0.14,1.6083333333333334,42.7525,-47.30297,106.244225,-40.04488,PM*,G1V
HD 299, ,0,7,52.0,+,55,34,37,117,-7,7.831,0.388,0.0,0.0,3.762,-0.04,46,4.52,0.46,8.1,3.6,11.8,0.99,0.94,1.06,1.4,0.2,0.2,3,1765,0.82,8,201,8,2,21.8,0.8,-39,-19,-6,8.021,-0.005,6.87,8.44,0.1,0.02,1.9666666666666666,55.57694444444445,-20.727894,40.680798,-5.60599,PM*,G0
HD 308,*,0,7,37.8,-,51,57,17,318,-64,9.402,0.438,0.0,0.0,3.737,-0.24,78,4.94,0.76,0.0,11.7,0.0,0.86,0.83,0.91,-33.4,0.3,0.1,2,360,0.87,1,114,38,2,0.0,0.0,-53,1,18,7.974,-0.07,7.24,9.41,0.13,0.47,1.9075,-51.95472222222222,25.410316,-22.879549,-70.105934,PM*,G8(IV)+F/G
HD 361, ,0,8,16.3,-,14,49,28,82,-74,7.045,0.388,2.598,0.004,3.758,-0.2,28,4.84,0.38,9.2,0.7,16.1,0.92,0.85,1.01,7.7,0.2,0.4,6,3621,0.154,3,-14,-10,2,36.2,1.0,2,2,-7,7.999,-0.027,7.86,8.62,0.05,0.03,2.067916666666666,-14.824444444444444,1.0741168,7.6427383,-26.915327,*,G1V
HD 377, ,0,8,25.7,+,6,37,0,104,-55,7.581,0.391,2.603,0.001,3.76,-0.02,40,4.58,0.43,8.2,3.4,12.2,0.99,0.93,1.06,1.3,0.3,0.3,2,1437,0.475,13,85,-3,2,25.1,1.0,-14,-7,-4,8.006,-0.033,7.84,8.06,0.01,0.06,2.107083333333333,6.616666666666667,-5.5504274,22.26155,-32.766083,PM*,G2V
HD 382, ,0,8,25.4,-,21,24,31,61,-79,8.346,0.512,0.0,0.0,3.702,-0.42,27,6.19,0.31,0.0,0.0,0.0,0.75,0.72,0.79,1.2,0.2,0.2,2,1305,0.452,2,137,35,2,0.0,0.0,-17,-4,-4,7.997,-0.026,7.86,8.22,0.02,0.06,2.105833333333333,-21.40861111111111,2.4976635,4.5059047,-26.503933,PM*,G8/K0V
HD 410,*,0,8,35.1,-,66,25,1,310,-50,9.425,0.426,0.0,0.0,3.745,0.06,90,4.65,0.64,11.2,6.3,15.6,0.95,0.89,1.02,-36.2,0.3,0.4,2,362,0.283,3,149,79,2,0.0,0.0,-80,13,-3,7.963,-0.069,6.96,10.81,0.22,0.12,2.1462499999999998,-66.41694444444445,37.185825,-44.316353,-68.944,PM*,G6/8
HD 435, ,0,8,56.5,+,12,48,15,107,-49,8.477,0.353,2.637,0.017,3.779,-0.11,78,4.03,0.62,5.2,2.9,7.7,1.08,1.02,1.15,8.7,0.3,0.2,2,1904,0.531,7,38,-38,2,12.9,1.0,-8,-10,-18,8.015,-0.058,7.74,8.03,0.02,0.16,2.2354166666666666,12.804166666666667,-14.961422,48.936604,-58.867348,PM*,G0
HD 457, ,0,8,59.6,-,39,44,13,335,-75,7.725,0.391,2.617,0.018,3.765,0.11,55,4.03,0.76,6.6,3.6,8.7,1.12,1.06,1.19,-19.4,0.2,0.1,3,1477,0.856,3,112,-17,2,18.2,0.9,-28,-16,15,7.987,-0.053,7.2,8.21,0.07,0.36,2.248333333333333,-39.73694444444445,12.901335,-6.0159945,-53.12592,PM*,G0V
HD 547, ,0,9,48.5,-,40,53,34,332,-74,8.578,0.408,2.59,0.013,3.75,-0.34,72,4.29,1.22,13.8,11.0,16.7,0.91,0.85,0.96,14.3,0.2,0.3,3,1476,0.34,3,138,-118,1,13.9,1.1,-20,-59,-13,7.982,-0.069,5.1,8.0,0.22,0.11,2.452083333333333,-40.89277777777778,17.522884,-9.317081,-69.21084,PM*,G3V
HD 564, ,0,9,52.8,-,50,16,4,319,-66,8.323,0.381,2.584,-0.005,3.761,-0.33,53,4.69,0.57,10.6,4.5,16.0,0.91,0.84,0.99,11.1,0.2,0.3,5,3659,0.448,3,-96,-19,2,18.8,1.0,26,4,-4,7.983,-0.048,7.41,9.32,0.11,0.07,2.4699999999999998,-50.26777777777777,16.269304,-14.142693,-48.41791,PM*,G2/3V
HD 631, ,0,10,39.1,+,12,49,12,108,-49,8.475,0.366,2.611,0.003,3.771,-0.18,64,4.44,0.46,7.1,2.6,10.6,1.0,0.95,1.07,32.3,0.2,0.3,4,1162,0.618,6,39,-17,1,15.6,1.2,-14,12,-29,8.013,-0.048,8.0,9.19,0.07,0.38,2.662916666666666,12.82,-12.974934,39.93275,-48.301414,*,G5
HD 700, ,0,11,24.4,+,23,49,5,111,-38,8.239,0.362,2.621,0.011,3.771,-0.25,54,4.59,0.37,7.3,0.3,11.6,0.97,0.91,1.05,4.1,0.3,0.1,2,346,0.894,4,-34,32,1,18.6,0.9,3,11,5,8.015,-0.033,7.93,9.22,0.08,0.2,2.851666666666666,23.818055555555556,-15.24948,39.726257,-33.24572,*,G0V
HD 741,*,0,11,33.0,-,58,54,35,313,-57,8.355,0.398,0.0,0.0,3.755,-0.26,59,4.51,0.83,13.2,8.8,0.0,0.91,0.85,0.97,-4.8,0.2,0.4,4,2273,0.354,1,273,-5,3,17.0,0.8,-67,-35,-7,7.979,-0.05,5.78,8.82,0.21,0.05,2.8874999999999993,-58.90972222222222,21.915134,-23.501104,-49.481564,PM*,G3V
HD 804, ,0,12,28.3,+,20,14,3,111,-42,8.197,0.395,2.606,0.012,3.759,-0.05,52,4.64,0.42,8.6,3.1,12.9,0.97,0.92,1.05,-48.5,0.3,0.3,2,69,0.433,4,216,-21,1,19.4,1.0,-31,-61,21,8.014,-0.034,5.01,8.09,0.24,0.48,3.1179166666666664,20.234166666666667,-13.848602,36.076847,-34.794792,PM*,G5
HD 823, ,0,12,32.8,-,30,51,35,7,-81,8.657,0.454,0.0,0.0,3.731,0.01,47,5.28,0.35,0.0,0.0,0.0,0.87,0.84,0.95,16.0,0.2,0.4,3,1478,0.163,1,-15,-224,2,21.1,1.2,29,-42,-14,7.992,-0.047,5.71,8.37,0.19,0.11,3.1366666666666663,-30.859722222222224,7.2976174,0.8960348,-46.421352,PM*,G8/K0V
HD 912, ,0,13,46.5,+,64,51,53,119,2,8.075,0.349,2.617,0.002,3.779,-0.47,108,2.92,2.04,4.2,3.5,5.1,1.17,1.12,1.24,9.5,0.2,0.5,7,4752,0.243,7,78,9,2,9.3,0.8,-40,-11,-1,8.052,0.004,7.19,8.65,0.09,0.1,3.4437499999999996,64.86472222222221,-52.32754,94.40139,3.7691455,PM*,G0
HD 967, ,0,14,4.4,-,11,18,41,92,-72,8.375,0.413,2.561,0.0,3.74,-0.76,42,5.25,0.71,15.1,0.1,0.0,0.79,0.76,0.86,-24.6,0.2,0.5,7,3996,0.152,2,424,-191,2,23.7,1.2,-54,-79,0,8.0,-0.04,4.12,8.28,0.34,0.12,3.518333333333333,-11.311388888888889,-0.4529501,12.970807,-39.944374,PM*,G6wF7
HD 1080, ,0,15,19.6,+,46,53,57,117,-16,8.387,0.352,2.627,0.01,3.775,-0.27,47,5.03,-0.14,0.0,0.0,7.1,0.96,0.9,1.02,20.5,0.4,0.6,2,354,0.125,6,55,31,2,0.0,0.0,-21,13,-1,8.02,-0.013,7.96,9.31,0.08,0.1,3.8316666666666657,46.899166666666666,-20.510967,40.25505,-12.954956,PM*,G5
HD 1108, ,0,15,4.6,-,68,31,48,308,-48,8.572,0.433,2.582,0.0,3.739,-0.1,44,5.37,0.18,0.0,0.0,0.0,0.87,0.82,0.95,-18.4,0.2,0.3,4,3709,0.494,3,49,54,2,22.9,0.9,-19,13,5,7.982,-0.033,7.94,9.23,0.08,0.2,3.769166666666666,-68.53,18.12615,-23.20041,-32.698376,PM*,G6V
HD 1204, ,0,16,22.2,-,19,23,58,75,-79,8.751,0.4,2.601,0.018,3.755,-0.19,80,4.24,1.04,11.3,8.6,14.2,0.96,0.9,1.02,16.2,0.5,0.7,2,1444,0.051,1,-19,-151,2,12.5,1.2,35,-42,-24,7.996,-0.078,5.65,8.49,0.2,0.28,4.092499999999999,-19.399444444444445,3.9508018,14.744592,-78.530174,PM*,G3V
HD 1237, ,0,16,12.6,-,79,51,4,305,-37,6.586,0.46,0.0,0.0,3.726,-0.12,18,5.36,0.47,0.0,8.8,0.0,0.85,0.82,0.89,-6.1,0.2,0.3,4,3987,0.246,6,434,-58,1,56.8,0.5,-33,-16,3,7.992,-0.011,7.06,8.32,0.08,0.15,4.052499999999999,-79.85111111111111,8.245412,-11.775672,-10.83267,PM*,G8V
HD 1320, ,0,17,16.5,-,43,51,9,323,-72,7.956,0.406,2.575,0.0,3.747,-0.34,37,5.14,0.43,0.0,0.0,0.0,0.84,0.81,0.93,11.2,0.2,0.2,4,3337,0.585,3,396,-16,1,27.3,0.8,-56,-37,-19,7.991,-0.035,5.84,8.54,0.19,0.19,4.31875,-43.8525,9.131302,-6.8809285,-35.18909,PM*,G2V
HD 1388, ,0,17,58.8,-,13,27,20,92,-74,6.512,0.381,2.601,0.003,3.765,-0.08,26,4.42,0.53,7.8,4.2,11.2,1.01,0.96,1.06,27.8,0.2,0.3,5,3592,0.27,4,400,-1,2,38.2,0.9,-43,-16,-33,8.0,-0.025,6.92,8.59,0.11,0.44,4.494999999999999,-13.455555555555556,-0.25010955,7.1622076,-24.992804,PM*,G0V
HD 1461, ,0,18,41.8,-,8,3,10,99,-69,6.463,0.422,2.598,0.0,3.749,0.15,23,4.62,0.51,9.6,5.4,13.1,1.03,0.95,1.08,-10.5,0.1,0.2,15,5845,0.873,2,419,-145,1,42.7,0.9,-32,-39,-1,8.001,-0.022,6.0,8.13,0.15,0.09,4.674166666666666,-8.052777777777779,-1.2894052,8.140985,-21.47235,PM*,G3VFe0.5
HD 1582, ,0,19,36.4,-,69,6,10,307,-48,8.753,0.377,2.605,0.006,3.766,-0.2,68,4.57,0.46,8.4,3.1,12.6,0.97,0.91,1.04,13.7,0.2,0.2,2,823,0.461,2,0,-18,2,14.6,0.8,7,-11,-6,7.972,-0.051,7.35,8.24,0.06,0.05,4.901666666666666,-69.10277777777777,27.383118,-36.33861,-50.53385,*,G1V
HD 1591,*,0,19,48.9,-,60,54,43,310,-56,7.964,0.352,0.0,0.0,3.777,-0.22,61,4.02,0.77,6.1,4.0,9.6,1.05,0.99,1.1,3.6,0.6,0.8,2,1063,0.08,8,139,7,2,16.3,0.8,-34,-20,-9,7.978,-0.051,6.88,8.28,0.09,0.06,4.953749999999999,-60.911944444444444,21.925976,-26.130367,-50.571293,PM*,G0IV/V
HD 1893, ,0,22,34.7,-,73,1,56,306,-44,8.605,0.468,0.0,0.0,3.726,0.08,44,5.37,0.32,0.0,0.0,0.0,0.87,0.84,0.96,36.8,0.2,0.3,4,3162,0.402,3,-8,-46,2,22.5,0.9,20,-27,-18,7.981,-0.031,6.48,8.31,0.12,0.17,5.6445833333333315,-73.03222222222222,18.603956,-25.606161,-30.56497,*,G8V
HD 2039, ,0,24,20.2,-,56,39,0,310,-60,9.011,0.408,2.621,0.035,3.777,0.45,90,4.09,0.14,1.8,0.0,3.4,1.19,1.15,1.24,8.4,0.2,0.1,2,654,0.793,4,79,17,2,11.1,1.1,-29,-14,-14,7.971,-0.078,7.21,8.24,0.07,0.13,6.0841666666666665,-56.65,28.925436,-34.472004,-77.94229,PM*,G2/3IV/V
HD 2151, ,0,25,45.0,-,77,15,15,305,-40,2.806,0.386,2.6,0.001,3.764,0.01,7,3.44,1.46,5.4,4.9,5.9,1.17,1.16,1.22,22.4,0.2,0.4,5,1673,0.115,4,2222,323,1,133.8,0.5,-61,-46,-31,7.997,-0.005,5.44,8.57,0.22,0.4,6.4375,-77.25416666666666,3.0756946,-4.392548,-4.499513,PM*,G0V
HD 2163, ,0,25,32.0,-,24,58,21,52,-84,8.679,0.393,2.615,0.038,3.78,-0.09,120,3.12,1.49,3.2,2.5,5.3,1.2,1.13,1.36,-13.9,0.2,0.1,2,1305,0.778,6,-3,-45,2,0.0,0.0,14,-23,12,7.992,-0.119,6.79,8.26,0.1,0.33,6.383333333333333,-24.972499999999997,7.7224946,9.884342,-119.34263,*,G1/2V
HD 2404,*,0,27,43.5,-,32,23,14,346,-83,9.024,0.455,0.0,0.0,3.724,-0.44,46,5.71,0.38,0.0,0.0,0.0,0.79,0.76,0.85,-43.1,0.3,0.2,2,1536,0.709,4,333,-103,2,21.7,1.4,-57,-55,38,7.994,-0.046,5.18,8.43,0.24,0.95,6.9312499999999995,-32.38722222222222,5.4394674,-1.3562107,-45.657124,PM*,G6V
HD 2550, ,0,29,23.5,+,40,50,30,118,-22,7.961,0.409,0.0,0.0,3.753,0.0,58,4.14,1.02,10.0,7.9,11.8,1.03,0.98,1.07,-25.1,0.3,0.4,2,70,0.227,2,-18,-61,1,17.2,0.9,20,-23,-6,8.026,-0.022,6.7,8.4,0.11,0.03,7.347916666666666,40.84166666666667,-25.246616,47.481976,-21.727182,PM*,G5
HD 2567, ,0,29,16.1,-,5,54,37,108,-68,7.786,0.391,2.606,0.012,3.763,-0.02,56,4.05,0.89,8.3,5.7,10.3,1.04,1.0,1.1,9.6,0.2,0.3,4,1882,0.43,4,-111,-222,2,17.9,1.0,53,-27,-29,8.006,-0.052,6.03,9.16,0.21,0.4,7.317083333333333,-5.910277777777778,-6.482548,19.951237,-51.922295,PM*,G1V
HD 2691, ,0,30,31.1,-,0,22,23,111,-63,9.119,0.423,2.585,0.0,3.745,-0.08,78,4.66,0.74,13.4,8.3,0.0,0.9,0.87,0.97,34.9,0.2,0.1,2,1307,0.698,4,-5,-25,1,0.0,0.0,0,9,-35,8.013,-0.069,7.95,9.1,0.07,0.51,7.629583333333332,-0.37305555555555553,-12.690261,33.05926,-69.49851,*,G5V
HD 2990,*,0,32,17.9,-,70,45,46,305,-46,10.566,0.367,0.0,0.0,3.77,-0.12,167,4.45,0.42,6.5,0.4,10.3,1.01,0.95,1.08,-0.4,0.4,0.3,2,362,0.619,7,-5,-7,3,0.0,0.0,5,-1,4,7.933,-0.121,7.69,8.46,0.05,0.21,8.074583333333333,-70.76277777777777,66.53941,-95.02816,-120.129745,*,G0
BD +61 119, ,0,34,38.3,+,62,37,19,121,0,8.915,0.416,0.0,0.0,3.745,-0.27,66,4.82,0.74,16.7,9.7,0.0,0.87,0.83,0.92,-17.8,0.4,0.0,1,0,0.0,10,89,-1,2,0.0,0.0,-15,-30,-2,8.034,0.0,6.6,8.04,0.1,0.08,8.659583333333332,62.621944444444445,-33.99251,56.573044,0.0,PM*,G1V
HD 3248, ,0,36,32.4,+,69,16,46,122,6,8.348,0.312,2.633,-0.005,3.798,-0.41,110,3.14,1.34,3.1,2.5,5.0,1.17,1.1,1.26,-3.0,0.3,0.1,3,430,0.994,9,18,-70,2,0.0,0.0,-7,-3,-37,8.057,0.012,8.02,8.33,0.02,0.51,9.134999999999998,69.27944444444444,-57.971806,92.774254,11.498131,PM*,G0
HD 3349, ,0,36,33.1,+,13,16,22,117,-49,8.559,0.312,2.633,-0.008,3.798,-0.23,81,4.01,0.31,3.1,0.0,5.1,1.12,1.06,1.18,2.7,0.4,0.3,2,800,0.509,7,63,15,2,12.3,1.1,-24,-8,0,8.024,-0.062,7.62,8.31,0.04,0.13,9.137916666666664,13.272777777777778,-24.125402,47.348785,-61.131477,PM*,G0
HD 3459, ,0,37,18.9,-,35,25,12,322,-81,8.274,0.402,2.59,-0.008,3.756,-0.09,114,3.0,2.17,4.2,3.2,5.5,1.23,1.16,1.33,-10.2,0.3,0.5,3,1536,0.054,4,62,6,2,8.8,1.1,-31,-14,8,7.986,-0.112,7.21,8.31,0.07,0.26,9.32875,-35.419999999999995,14.053017,-10.979417,-112.59647,PM*,G3V
HD 3555, ,0,38,57.7,+,54,42,44,121,-8,8.495,0.365,0.0,0.0,3.771,-0.2,68,4.33,0.59,7.3,3.3,10.7,1.0,0.95,1.06,-13.6,0.2,0.2,3,884,0.661,3,-35,48,2,0.0,0.0,15,-4,18,8.035,-0.01,7.52,8.73,0.07,0.42,9.740416666666665,54.71222222222222,-34.68175,57.720127,-9.463771,PM*,G5
HD 3611, ,0,38,8.3,-,66,2,34,305,-51,7.369,0.386,2.605,0.01,3.761,-0.42,104,2.28,3.05,2.3,2.0,2.7,1.43,1.37,1.51,3.2,0.2,0.3,3,379,0.311,6,122,52,2,9.6,0.6,-60,-15,-22,7.962,-0.081,6.6,9.0,0.15,0.25,9.534583333333332,-66.04277777777777,37.54018,-53.612946,-80.82318,PM*,G0V
HD 3675, ,0,39,35.1,-,0,9,45,116,-63,10.208,0.466,0.0,0.0,3.725,0.03,88,5.49,0.25,0.0,0.0,0.0,0.87,0.83,0.93,9.9,0.4,0.6,2,821,0.086,4,123,-51,2,0.0,0.0,-35,-39,-21,8.018,-0.078,6.01,8.2,0.15,0.22,9.89625,-0.1625,-17.51344,35.90787,-78.40858,PM*,G8(V)
HD 3808,*,0,40,30.6,-,27,16,34,29,-88,8.796,0.427,0.0,0.0,3.74,-0.15,52,5.2,0.37,0.0,0.0,0.0,0.87,0.83,0.94,19.4,0.2,0.2,2,315,0.627,3,-131,-201,2,19.1,1.1,54,-25,-18,7.998,-0.052,6.07,9.23,0.21,0.19,10.127499999999998,-27.27611111111111,1.5872368,0.87981963,-51.968323,PM*,G5V
HD 3810,*,0,40,32.2,-,29,52,5,343,-86,8.685,0.404,0.0,0.0,3.75,-0.31,58,4.88,0.61,14.7,6.8,0.0,0.86,0.83,0.93,37.4,0.2,0.2,2,869,0.643,3,136,109,2,17.3,1.2,-46,6,-39,7.996,-0.058,7.48,9.5,0.12,0.61,10.134166666666665,-29.868055555555557,3.8690917,-1.1829003,-57.858715,PM*,G3/5V
HD 3823, ,0,40,25.6,-,59,27,16,306,-58,5.907,0.361,2.607,0.006,3.771,-0.43,25,3.88,1.23,8.9,7.6,10.4,0.99,0.96,1.03,2.8,0.2,0.3,3,3329,0.457,3,883,443,1,39.3,0.6,-113,-18,-35,7.992,-0.021,5.73,10.79,0.31,0.56,10.106666666666664,-59.45444444444445,7.786966,-10.717844,-21.201202,PM*,G0VFe-0.9CH-0.4
HD 3854,*,0,40,1.2,-,70,44,7,304,-46,10.735,0.393,0.0,0.0,3.759,-0.4,252,3.73,1.63,9.1,7.0,11.6,0.99,0.94,1.05,25.8,0.3,0.3,2,362,0.502,6,0,1,3,0.0,0.0,10,-14,-20,7.902,-0.182,7.17,8.19,0.07,0.27,10.004999999999997,-70.73527777777778,97.8889,-145.12627,-181.27362,*,G
HD 3964, ,0,42,9.7,-,3,3,22,117,-66,8.401,0.419,2.595,0.0,3.747,0.04,51,4.86,0.4,10.1,3.0,16.2,0.94,0.88,1.02,-12.3,0.2,0.3,6,3999,0.455,2,142,-144,2,19.6,1.1,-10,-49,-4,8.01,-0.047,5.58,8.01,0.18,0.06,10.540416666666665,-3.056111111111111,-9.417379,18.482655,-46.59082,PM*,G5V
HD 4113, ,0,43,12.5,-,37,58,57,311,-79,7.9,0.441,0.0,0.0,3.741,0.16,44,4.68,0.63,11.5,7.6,15.8,0.96,0.91,1.04,4.0,0.2,0.4,4,1885,0.167,2,51,-111,2,22.7,1.0,4,-25,-1,7.994,-0.043,6.74,8.08,0.09,0.1,10.802083333333332,-37.9825,5.5080066,-6.33624,-43.191597,PM*,G5V
HD 4208, ,0,44,26.6,-,26,30,56,54,-88,7.783,0.412,2.574,0.0,3.746,-0.22,33,5.21,0.29,0.0,0.0,0.0,0.86,0.82,0.95,56.2,0.2,0.4,4,957,0.158,3,315,148,2,30.6,1.1,-53,-4,-57,7.999,-0.033,7.14,9.35,0.13,1.1,11.110833333333332,-26.515555555555554,0.6769424,0.9317313,-32.979897,PM*,G7VFe-1CH-0.5
HD 4308, ,0,44,39.2,-,65,38,58,304,-51,6.553,0.408,2.578,0.0,3.748,-0.34,22,4.86,0.69,17.1,9.6,0.0,0.85,0.83,0.9,95.1,0.2,0.1,4,799,0.981,3,158,-741,2,45.8,0.6,50,-109,-30,7.992,-0.017,2.98,8.4,0.48,0.4,11.16333333333333,-65.64944444444446,7.742053,-11.478066,-17.097212,PM*,G6VFe-0.9
HD 4406, ,0,46,51.7,+,46,21,49,122,-17,7.479,0.456,0.0,0.0,3.734,-0.01,139,1.77,3.81,1.2,0.9,1.5,1.76,1.71,1.91,-0.1,0.2,0.3,2,618,0.359,5,-25,-23,1,7.2,0.9,16,5,-14,8.071,-0.039,7.71,9.2,0.09,0.12,11.715416666666666,46.36361111111111,-70.440254,112.727936,-40.639664,*,G5
HD 4557,*,0,46,7.4,-,71,13,46,304,-46,9.85,0.455,0.0,0.0,3.732,0.07,85,5.21,0.36,0.0,0.0,0.0,0.89,0.85,0.97,34.8,0.3,0.1,2,362,0.815,5,-96,-7,2,11.8,1.2,47,-1,-22,7.967,-0.061,6.89,9.72,0.17,0.27,11.530833333333334,-71.22944444444444,33.01808,-48.951324,-61.143883,PM*,G8IV/V
HD 4572, ,0,47,34.8,-,25,23,41,96,-88,8.908,0.383,2.591,-0.005,3.762,-0.37,132,3.31,1.96,6.5,4.8,8.4,1.08,1.01,1.15,11.0,0.4,0.6,2,818,0.114,4,-14,-2,2,8.5,1.4,8,4,-11,8.0,-0.132,7.79,8.87,0.06,0.15,11.895,-25.39472222222222,-0.48153493,4.5814967,-131.91959,*,G0V
HD 4649, ,0,48,33.2,+,0,22,55,121,-62,8.164,0.406,2.604,0.021,3.767,0.14,78,3.63,1.09,5.5,3.1,6.7,1.21,1.13,1.29,-26.7,0.3,0.3,2,429,0.391,3,63,-26,1,12.9,1.0,-9,-30,19,8.019,-0.069,6.6,8.02,0.1,0.44,12.138333333333334,0.3819444444444444,-18.86007,31.388426,-68.86991,PM*,G3V
HD 4742, ,0,50,15.2,+,56,31,34,123,-6,8.439,0.393,0.0,0.0,3.758,-0.49,89,3.69,1.75,9.2,7.2,11.8,0.98,0.91,1.04,-23.6,0.2,0.2,2,351,0.64,4,95,32,2,0.0,0.0,-22,-40,16,8.048,-0.01,6.06,8.09,0.14,0.37,12.563333333333333,56.52611111111111,-48.207336,74.23279,-9.303033,PM*,G5
HD 4915, ,0,51,10.8,-,5,2,21,123,-68,6.983,0.416,2.58,0.0,3.744,-0.26,22,5.26,0.31,0.0,0.0,0.0,0.85,0.81,0.94,-3.9,0.1,0.2,5,3996,0.795,3,264,-119,2,45.3,1.0,-16,-26,-1,8.004,-0.02,6.77,8.02,0.08,0.09,12.794999999999998,-5.039166666666667,-4.4885592,6.9117746,-20.398045,PM*,G5V
HD 5035, ,0,52,40.1,+,31,27,33,123,-31,8.365,0.439,2.589,0.0,3.737,-0.03,39,5.43,0.11,0.0,0.0,17.2,0.89,0.83,0.96,-7.6,0.2,0.1,3,1054,0.899,3,213,-43,2,25.9,1.2,-27,-30,-3,8.018,-0.02,6.49,8.12,0.11,0.07,13.167083333333332,31.459166666666665,-18.207024,28.036356,-20.086485,PM*,G0
HD 5065, ,0,52,51.7,+,40,14,44,123,-23,6.767,0.378,2.6,-0.003,3.765,-0.28,42,3.65,1.48,7.6,6.6,8.5,1.06,1.02,1.11,-74.3,0.2,0.1,2,134,0.78,4,-90,53,1,23.8,0.9,50,-44,38,8.021,-0.016,5.5,8.88,0.23,0.97,13.215416666666666,40.245555555555555,-21.056402,32.424015,-16.410707,PM*,G0
HD 5078, ,0,52,32.0,-,20,59,46,125,-84,7.85,0.418,2.601,0.03,3.764,0.06,70,3.48,1.38,5.3,4.5,6.5,1.18,1.12,1.27,21.4,0.2,0.3,5,3029,0.333,4,130,-88,2,14.2,1.2,-22,-45,-25,8.004,-0.07,5.76,8.04,0.17,0.28,13.133333333333331,-20.996111111111112,-4.196853,5.9937267,-69.61653,PM*,G3/5V
HD 5324,*,0,53,29.3,-,70,54,41,303,-46,10.413,0.398,0.0,0.0,3.758,0.05,171,4.25,0.76,8.1,4.9,11.0,1.03,0.97,1.1,-2.8,0.5,0.7,2,362,0.091,5,49,-7,3,0.0,0.0,-32,-24,6,7.936,-0.123,6.7,8.16,0.1,0.24,13.372083333333332,-70.9113888888889,64.695816,-99.62281,-123.0071,*,G5
HD 5354, ,0,55,14.8,-,25,36,20,152,-88,9.344,0.379,2.618,0.021,3.778,-0.04,134,3.62,0.99,4.0,2.8,6.7,1.13,1.07,1.22,-7.9,0.2,0.3,4,1639,0.512,4,67,5,2,11.1,1.5,-37,-21,9,8.004,-0.134,6.8,8.35,0.1,0.29,13.811666666666664,-25.605555555555558,-4.1291323,2.1954987,-133.91837,PM*,G2/3V
HD 5372, ,0,56,17.3,+,52,29,28,124,-10,7.535,0.406,0.0,0.0,3.756,0.05,41,4.47,0.58,8.9,4.9,12.2,1.0,0.95,1.08,0.3,0.2,0.2,3,881,0.615,4,201,1,2,24.4,0.9,-33,-21,1,8.022,-0.007,6.87,8.28,0.09,0.12,14.072083333333332,52.49111111111111,-22.578594,33.474148,-7.1195755,PM*,G5
HD 5390,*,0,54,22.2,-,69,44,35,303,-47,10.015,0.384,0.0,0.0,3.762,-0.14,132,4.41,0.66,9.0,4.9,12.7,0.98,0.92,1.04,-1.5,0.3,0.3,2,362,0.439,7,-11,1,3,0.0,0.0,5,5,1,7.952,-0.097,7.8,8.8,0.06,0.16,13.5925,-69.74305555555556,49.03047,-75.5003,-96.53869,*,G0/2V
HD 5470, ,0,56,40.2,+,17,57,35,125,-45,8.361,0.392,2.614,0.012,3.765,0.18,68,4.21,0.52,5.1,2.9,8.2,1.11,1.06,1.17,-2.8,0.5,0.6,2,367,0.104,4,99,-42,2,14.8,1.3,-20,-27,-7,8.027,-0.048,6.7,8.07,0.09,0.05,14.167499999999999,17.959722222222222,-27.579428,39.387497,-48.08326,PM*,G0
HD 5475,*,0,54,56.2,-,71,3,35,303,-46,10.672,0.448,0.0,0.0,3.733,-0.09,123,5.22,0.44,0.0,0.0,0.0,0.87,0.83,0.93,50.8,0.3,0.3,2,362,0.419,3,-61,-41,4,0.0,0.0,58,-24,-20,7.954,-0.089,5.99,9.31,0.22,0.25,13.734166666666665,-71.05972222222222,46.53559,-71.658516,-88.47879,PM*,G5
HD 5488, ,0,55,22.2,-,68,37,40,302,-49,8.331,0.381,2.605,0.018,3.761,-0.85,113,3.07,2.53,6.4,4.8,8.3,1.03,0.96,1.13,40.5,0.9,1.5,3,379,0.026,23,19,-4,2,5.7,0.8,6,-29,-29,7.96,-0.085,6.53,8.06,0.11,0.36,13.842499999999998,-68.62777777777777,39.285397,-62.86976,-85.28219,*,G0IV/V
HD 5817, ,1,3,38.7,+,82,6,2,123,19,8.452,0.398,0.0,0.0,3.748,-0.71,44,5.22,0.56,0.0,0.0,0.0,0.81,0.77,0.9,-51.7,0.6,0.8,2,352,0.056,2,-175,-63,1,22.6,0.7,54,-17,-31,8.023,0.015,6.37,9.48,0.2,0.43,15.911249999999999,82.10055555555554,-22.65852,34.891056,14.324998,PM*,G5
HD 5911, ,1,0,28.0,-,19,23,21,138,-82,8.01,0.415,2.592,0.02,3.757,-0.2,81,3.39,1.85,6.1,4.8,7.5,1.12,1.07,1.21,4.8,0.2,0.2,4,3649,0.749,3,128,-56,2,12.4,1.1,-29,-44,-6,8.008,-0.08,5.77,8.1,0.17,0.08,15.116666666666667,-19.389166666666664,-8.377487,7.5431247,-80.211716,PM*,G3V
HD 5975, ,1,1,1.7,-,4,38,54,129,-67,7.341,0.349,2.606,-0.006,3.777,-0.32,40,4.31,0.57,6.9,3.8,9.0,1.0,0.95,1.06,27.5,0.2,0.5,7,2115,0.132,5,0,-55,2,24.8,0.9,-2,1,-29,8.01,-0.037,7.93,8.52,0.04,0.36,15.25708333333333,-4.6483333333333325,-9.835804,12.146209,-36.82019,PM*,G0V
HD 6067, ,1,1,47.1,-,19,25,9,141,-82,8.239,0.395,2.593,0.001,3.76,-0.03,60,4.34,0.68,8.7,5.3,12.1,1.01,0.96,1.07,-2.2,0.2,0.3,2,1004,0.387,3,110,-165,2,16.6,1.1,0,-56,-4,8.007,-0.06,5.22,8.03,0.21,0.08,15.446249999999997,-19.41916666666667,-6.4894686,5.2550697,-59.416084,PM*,G5V
HD 6103, ,1,2,6.9,-,19,40,10,142,-82,8.262,0.381,2.612,0.024,3.776,-0.18,80,3.64,1.14,6.3,4.7,7.7,1.1,1.05,1.16,5.0,0.3,0.1,2,1228,0.944,5,128,-55,2,12.5,1.0,-29,-44,-6,8.009,-0.079,5.8,8.1,0.17,0.08,15.528749999999999,-19.669444444444444,-8.773592,6.8546815,-79.22144,PM*,G3V
HD 6107, ,1,1,19.0,-,60,51,36,301,-56,6.9,0.41,2.586,0.006,3.75,-0.22,45,3.63,1.78,7.6,6.9,8.3,1.07,1.04,1.12,31.1,0.1,0.2,4,3330,0.665,3,73,97,2,22.2,0.6,-15,-9,-37,7.987,-0.037,7.78,8.06,0.02,0.5,15.329166666666662,-60.86,12.960249,-21.569489,-37.306694,PM*,G1/2V
HD 6168, ,1,2,3.5,-,49,39,25,298,-67,8.325,0.386,2.619,0.029,3.779,-0.02,92,3.39,1.17,3.3,2.7,5.6,1.21,1.13,1.31,-1.3,0.2,0.3,2,333,0.401,5,-96,-83,2,10.9,0.9,54,-4,12,7.983,-0.085,6.72,9.87,0.19,0.35,15.514583333333333,-49.65694444444444,16.876225,-31.739557,-84.68644,PM*,G0/1V
HD 6171,*,1,0,56.0,-,72,33,53,302,-45,10.562,0.402,0.0,0.0,3.753,-0.09,152,4.65,0.58,10.8,4.8,15.4,0.94,0.88,1.01,-6.1,0.4,0.6,2,362,0.135,2,69,5,3,0.0,0.0,-45,-22,4,7.943,-0.107,6.58,8.44,0.12,0.21,15.23333333333333,-72.56472222222222,56.95586,-91.1484,-107.48023,PM*,G2.5V
HD 6234,*,1,2,49.7,-,37,18,58,290,-80,8.525,0.373,0.0,0.0,3.762,-0.48,59,4.66,0.69,10.7,4.5,16.3,0.88,0.82,0.97,18.1,0.6,0.9,2,788,0.017,3,-168,-106,2,16.9,1.1,57,-1,-15,7.996,-0.058,6.75,10.08,0.2,0.15,15.707083333333333,-37.316111111111105,3.5040793,-9.627381,-58.103657,PM*,G5V
HD 6236, ,1,2,43.9,-,47,17,15,297,-70,7.699,0.376,2.613,0.007,3.768,-0.02,49,4.25,0.58,6.7,3.7,9.5,1.05,0.99,1.11,18.1,0.2,0.3,5,3031,0.384,4,-39,-131,2,20.4,0.8,27,-24,-7,7.992,-0.046,6.52,8.51,0.13,0.05,15.682916666666666,-47.2875,7.608417,-14.932369,-46.044937,PM*,G0V
HD 6250, ,1,4,16.6,+,54,12,15,125,-9,6.833,0.342,2.621,0.001,3.783,-0.36,62,2.87,1.91,3.7,3.4,4.1,1.25,1.17,1.38,-39.1,0.6,0.9,2,132,0.038,7,-136,-61,2,16.1,0.7,56,-12,-14,8.035,-0.009,6.49,9.67,0.2,0.11,16.069166666666664,54.20416666666667,-35.12392,50.162148,-9.698937,PM*,G0
HD 6312, ,1,5,26.4,+,63,43,16,124,1,8.276,0.382,2.589,0.004,3.76,-0.38,55,4.58,0.74,11.6,6.8,16.5,0.87,0.83,0.97,-28.8,0.2,0.3,3,425,0.599,4,228,-162,3,18.2,1.0,-35,-58,-39,8.031,0.001,5.17,8.15,0.22,0.58,16.36,63.721111111111114,-30.750921,45.590122,0.9598823,PM*,G0
HD 6320, ,1,5,25.9,+,64,12,46,124,1,8.676,0.375,2.602,0.001,3.766,-0.18,78,4.22,0.79,8.4,5.3,11.6,1.0,0.95,1.06,-43.7,0.3,0.2,2,352,0.589,3,-52,23,4,0.0,0.0,41,-25,6,8.044,0.002,6.3,8.91,0.17,0.22,16.357916666666664,64.21277777777777,-43.610397,64.65508,1.3612876,PM*,G5
HD 6434, ,1,4,40.1,-,39,29,17,291,-77,7.733,0.383,2.586,0.009,3.757,-0.53,40,4.71,0.78,13.3,7.0,0.0,0.84,0.81,0.91,22.9,0.2,0.5,6,4989,0.036,2,-168,-527,1,24.8,0.9,85,-67,-4,7.997,-0.039,4.24,9.38,0.38,0.06,16.16708333333333,-39.488055555555555,3.2246087,-8.400396,-38.974804,PM*,G2/3V
HD 6512, ,1,6,12.6,+,13,15,9,128,-49,8.15,0.407,2.613,0.022,3.769,0.3,48,4.65,-0.14,1.2,0.0,4.8,1.09,1.06,1.12,9.9,0.2,0.2,4,1886,0.795,3,164,-17,2,20.8,1.0,-33,-19,-8,8.019,-0.037,6.97,8.31,0.09,0.04,16.552500000000002,13.2525,-19.387693,24.815117,-36.22606,PM*,G0
HD 6558, ,1,6,25.7,-,0,44,58,131,-63,8.202,0.376,2.634,0.027,3.787,0.33,74,3.75,0.36,2.0,0.4,3.9,1.26,1.23,1.31,10.7,0.2,0.1,2,1004,0.754,7,68,-36,1,13.6,1.0,-17,-19,-14,8.022,-0.066,7.16,8.05,0.06,0.12,16.607083333333332,-0.7494444444444444,-22.040497,25.354696,-65.93449,PM*,G2V
HD 6594, ,1,6,17.4,-,34,47,51,281,-82,8.124,0.378,2.603,0.003,3.768,-0.02,79,3.63,1.2,6.1,4.6,7.5,1.13,1.08,1.19,-12.8,0.2,0.1,2,339,0.704,5,-8,-7,2,12.6,1.1,4,1,13,7.998,-0.079,7.82,8.63,0.05,0.33,16.572499999999998,-34.7975,2.0978818,-10.792673,-78.23118,*,G2V
HD 6686,*,1,5,37.2,-,74,18,43,302,-43,10.923,0.351,0.0,0.0,3.775,-0.5,189,4.54,0.53,6.3,0.0,11.0,0.95,0.88,1.02,-3.3,0.4,0.1,2,362,0.945,7,37,2,4,0.0,0.0,-29,-16,3,7.927,-0.128,7.09,8.17,0.07,0.21,16.404999999999998,-74.31194444444444,73.24856,-117.22215,-128.89767,*,G5
HD 6715, ,1,8,12.4,+,21,58,37,128,-41,7.627,0.422,2.576,0.0,3.742,-0.19,32,5.07,0.49,16.2,6.7,0.0,0.86,0.83,0.92,-23.9,0.2,0.4,4,2986,0.191,1,401,-47,1,30.8,0.9,-37,-54,14,8.015,-0.021,5.32,8.17,0.21,0.34,17.051666666666662,21.97694444444444,-14.868661,19.031017,-20.993889,PM*,G5
HD 6718, ,1,7,48.6,-,8,14,1,135,-71,8.448,0.416,2.581,0.013,3.745,-0.25,55,4.75,0.79,16.7,11.7,0.0,0.87,0.85,0.91,34.1,0.3,0.6,6,3992,0.015,3,191,19,2,18.2,1.0,-51,-16,-27,8.013,-0.052,6.77,8.81,0.13,0.33,16.9525,-8.23361111111111,-12.66163,12.66163,-52.00352,PM*,G5V
HD 6880,*,1,8,57.9,-,30,55,45,259,-85,9.091,0.464,0.0,0.0,3.723,-0.16,46,5.76,0.16,0.0,0.0,0.0,0.83,0.79,0.89,4.0,0.3,0.3,2,1060,0.433,3,212,-104,2,21.6,1.3,-25,-46,0,8.001,-0.046,5.72,8.06,0.17,0.12,17.241249999999997,-30.929166666666667,-0.7649845,-3.9355073,-45.82496,PM*,G8/K0V
HD 6910, ,1,9,2.4,-,42,24,6,291,-74,7.865,0.398,2.628,0.04,3.786,0.42,96,2.78,1.31,1.9,1.5,2.1,1.48,1.42,1.56,-2.6,0.2,0.2,2,1441,0.623,6,32,-1,1,10.4,0.9,-12,-8,4,7.991,-0.093,7.82,8.0,0.01,0.19,17.259999999999994,-42.401666666666664,9.48284,-24.703653,-92.28112,*,G2/3IV
HD 7052,*,1,10,16.9,-,40,37,21,288,-76,9.589,0.482,0.0,0.0,3.717,-0.08,58,5.75,0.23,0.0,0.0,0.0,0.83,0.79,0.89,10.1,0.3,0.1,2,364,0.788,1,144,36,2,17.1,1.5,-38,-17,-9,7.996,-0.057,6.95,8.41,0.09,0.06,17.570416666666663,-40.6225,4.3359647,-13.344721,-56.277153,PM*,G8V
HD 7134, ,1,11,32.0,-,12,50,35,142,-75,7.491,0.364,2.588,-0.016,3.77,-0.28,41,4.45,0.56,8.1,4.5,11.9,0.97,0.92,1.03,-17.1,0.2,0.3,4,3649,0.492,2,-31,-69,2,24.6,0.9,16,-10,12,8.008,-0.039,7.28,8.53,0.08,0.31,17.883333333333333,-12.843055555555557,-8.3620405,6.5331426,-39.60296,PM*,G1V
HD 7170, ,1,11,54.3,-,14,33,16,145,-77,8.864,0.38,2.602,0.005,3.766,-0.09,97,3.93,1.0,7.4,5.2,9.7,1.04,0.99,1.11,16.0,0.3,0.3,2,1202,0.469,6,-10,1,2,10.3,1.3,0,5,-16,8.018,-0.094,7.94,8.8,0.05,0.17,17.976249999999997,-14.554444444444446,-17.874102,12.515584,-94.51389,*,G2V
HD 7352, ,1,14,7.1,+,25,49,39,129,-37,8.356,0.364,2.629,0.02,3.784,0.0,70,4.05,0.38,3.7,1.4,5.8,1.14,1.07,1.2,-17.6,0.2,0.1,3,1097,0.928,5,43,-58,1,14.3,1.0,3,-29,-4,8.035,-0.042,6.57,8.1,0.1,0.07,18.52958333333333,25.8275,-35.18183,43.44595,-42.12705,PM*,G0V
HD 7573,*,1,13,21.5,-,74,16,38,301,-43,8.516,0.41,0.0,0.0,3.75,-0.16,66,4.43,0.93,13.5,9.9,16.5,0.93,0.88,0.97,-39.4,0.2,0.2,2,1529,0.467,1,242,-38,2,15.2,0.8,-71,-25,42,7.975,-0.045,6.19,9.19,0.2,1.06,18.339583333333334,-74.27722222222222,24.860542,-41.37491,-45.01189,PM*,G5V
HD 7678, ,1,15,45.0,-,53,42,56,295,-63,8.255,0.408,2.606,0.015,3.751,-0.09,48,4.85,0.43,11.0,3.5,17.7,0.91,0.86,1.0,-0.8,0.2,0.3,4,1669,0.578,4,116,26,2,20.8,0.9,-25,-11,1,7.991,-0.043,7.45,8.22,0.05,0.12,18.937499999999996,-53.71555555555556,9.209503,-19.749847,-42.768314,PM*,G3V
HD 7727, ,1,16,59.0,-,2,16,44,138,-64,6.535,0.361,2.613,0.004,3.774,-0.19,30,4.17,0.67,6.6,4.3,9.8,1.03,0.98,1.09,5.5,0.1,0.2,6,3997,0.87,5,259,-142,1,33.7,0.8,-21,-35,-10,8.01,-0.027,6.29,8.05,0.12,0.05,19.24583333333333,-2.278888888888889,-9.773197,8.799829,-26.963821,PM*,G2V
HD 7883,*,1,18,10.4,-,26,51,43,212,-84,9.278,0.445,0.0,0.0,3.734,-0.17,66,5.18,0.53,0.0,3.1,0.0,0.86,0.82,0.92,39.8,0.3,0.1,2,885,0.923,5,-20,-71,2,5.5,1.6,14,-15,-41,8.006,-0.066,7.16,8.39,0.08,0.62,19.543333333333333,-26.861944444444447,-5.8505783,-3.655847,-65.63844,PM*,G6IV/V
HD 8004, ,1,20,36.9,+,54,57,44,127,-8,7.211,0.37,0.0,0.0,3.769,-0.07,33,4.6,0.24,5.1,0.0,10.1,1.01,0.95,1.09,-8.2,0.1,0.3,12,3663,0.791,4,-92,-82,2,30.1,0.9,16,0,-13,8.02,-0.004,7.56,8.89,0.08,0.09,20.15375,54.96222222222222,-19.666622,26.098482,-4.5927124,PM*,G0
HD 8038, ,1,19,29.0,-,24,57,4,195,-83,8.42,0.43,2.595,0.0,3.746,0.21,53,4.8,0.36,0.0,0.0,0.0,1.02,0.96,1.07,9.4,0.2,0.3,4,2953,0.486,2,-23,-123,2,18.9,1.1,21,-22,-12,8.006,-0.053,6.7,8.44,0.11,0.09,19.87083333333333,-24.95111111111111,-6.2389865,-1.6717316,-52.604946,PM*,G5V
HD 8076, ,1,19,33.3,-,39,21,45,279,-76,7.651,0.395,2.607,0.013,3.757,-0.11,39,4.69,0.47,9.7,4.4,14.6,0.95,0.88,1.02,2.3,0.2,0.1,4,3329,0.919,4,-3,51,2,25.6,0.9,-5,7,-4,7.999,-0.038,7.98,8.83,0.05,0.06,19.888749999999998,-39.362500000000004,1.4759526,-9.318793,-37.841534,PM*,G1V
HD 8100, ,1,21,3.9,+,38,2,3,129,-24,7.839,0.402,2.604,0.018,3.756,-0.1,50,4.37,0.8,10.9,7.2,14.0,0.97,0.92,1.03,16.6,0.2,0.3,2,1004,0.392,2,278,16,2,20.2,1.2,-62,-25,4,8.029,-0.021,6.26,8.92,0.18,0.18,20.26625,38.034166666666664,-28.745636,35.497913,-20.336832,PM*,G0
HD 8262, ,1,22,17.8,+,18,40,57,133,-44,6.965,0.402,2.6,0.017,3.752,-0.27,26,4.93,0.48,13.0,4.9,0.0,0.87,0.83,0.94,5.4,0.1,0.3,8,5186,0.624,4,557,-4,1,39.1,0.8,-56,-37,4,8.013,-0.018,5.85,8.57,0.19,0.17,20.574166666666663,18.6825,-12.755302,13.678388,-18.06112,PM*,G2V
HD 8306, ,1,19,1.7,-,77,1,50,301,-40,7.867,0.348,2.639,0.024,3.794,-0.08,74,3.43,0.85,3.1,2.5,3.6,1.26,1.18,1.31,22.3,0.2,0.1,2,261,0.965,5,129,22,2,13.6,0.6,-31,-37,-15,7.971,-0.047,6.06,8.1,0.14,0.13,19.75708333333333,-77.03055555555555,29.196102,-48.5905,-47.56628,PM*,G0IV
HD 8307, ,1,23,26.0,+,52,48,25,128,-10,8.375,0.321,0.0,0.0,3.796,-0.29,122,2.94,1.48,2.8,2.3,4.4,1.27,1.14,1.38,-21.1,0.7,1.0,2,132,0.021,9,90,-5,2,8.2,1.0,-29,-48,7,8.074,-0.021,5.65,8.16,0.18,0.22,20.85833333333333,52.80694444444444,-73.969604,94.67677,-21.185078,PM*,G0
HD 8406, ,1,23,0.8,-,16,29,14,159,-77,7.93,0.415,2.59,0.016,3.745,-0.26,37,5.09,0.46,14.9,4.7,0.0,0.85,0.82,0.92,-8.3,0.2,0.2,6,3120,0.846,2,-137,-177,2,27.0,1.0,38,-12,-1,8.008,-0.036,6.78,9.11,0.15,0.1,20.75333333333333,-16.487222222222222,-7.770366,2.9827638,-36.051693,PM*,G3V
HD 8490,*,1,22,14.1,-,65,18,11,298,-52,10.361,0.382,0.0,0.0,3.761,-0.25,144,4.57,0.62,10.3,4.7,14.9,0.94,0.86,1.01,53.5,0.3,0.1,2,362,0.988,5,64,8,3,0.0,0.0,-23,-52,-40,7.958,-0.113,5.46,7.99,0.19,0.61,20.558749999999996,-65.30305555555556,41.621128,-78.27795,-113.47355,PM*,G2/5V
HD 8535, ,1,23,37.2,-,41,16,11,280,-74,7.701,0.36,2.616,0.01,3.774,-0.27,56,3.95,0.96,8.6,5.7,10.1,1.02,0.98,1.08,2.4,0.2,0.2,5,2831,0.835,4,57,-70,1,17.8,0.8,-1,-24,4,7.997,-0.054,6.87,8.04,0.08,0.17,20.904999999999998,-41.26972222222222,2.68038,-15.201193,-53.830654,PM*,G0V
HD 8542, ,1,24,46.8,+,20,9,31,133,-42,8.159,0.411,2.608,0.03,3.767,0.1,93,3.2,1.55,4.4,2.7,5.2,1.36,1.2,1.45,-13.4,0.3,0.5,3,2180,0.181,3,110,44,1,10.8,1.0,-38,-24,29,8.047,-0.062,6.74,8.39,0.11,0.69,21.194999999999993,20.15861111111111,-47.134586,50.54566,-62.22915,PM*,G0
HD 8638, ,1,24,49.2,-,27,50,20,220,-83,8.304,0.435,2.565,0.0,3.734,-0.37,40,5.28,0.57,0.0,7.1,0.0,0.82,0.79,0.88,84.3,0.2,0.1,4,5071,0.943,4,322,-276,2,24.8,1.2,-27,-84,-77,8.004,-0.04,4.24,8.02,0.31,1.79,21.205,-27.83888888888889,-3.734293,-3.1334436,-39.701847,PM*,G6V(w)
HD 8813, ,1,23,25.8,-,76,36,42,301,-40,8.391,0.418,2.597,0.0,3.745,-0.15,48,4.97,0.49,14.5,6.3,0.0,0.87,0.84,0.94,12.2,0.2,0.4,5,3330,0.186,7,101,-21,2,20.7,0.7,-11,-24,-2,7.981,-0.031,6.88,7.98,0.07,0.08,20.857499999999998,-76.61166666666666,18.938013,-31.518162,-30.853804,PM*,G6V
HD 8859,*,1,26,49.2,-,29,28,29,232,-82,8.405,0.442,0.0,0.0,3.735,-0.07,41,5.35,0.26,0.0,0.0,0.0,0.87,0.83,0.95,24.0,0.3,0.5,2,821,0.174,3,22,-192,3,24.5,1.0,17,-34,-23,8.004,-0.04,6.19,8.22,0.14,0.24,21.705,-29.47472222222222,-3.5130243,-4.4964657,-40.60099,PM*,G5V
HD 9081, ,1,29,42.3,+,17,5,56,136,-45,8.129,0.451,0.0,0.0,3.737,0.09,84,3.51,1.93,5.8,4.3,7.4,1.23,1.19,1.26,27.9,0.4,0.6,2,1112,0.105,1,117,-6,1,11.9,1.0,-50,-16,-14,8.043,-0.059,6.82,8.81,0.13,0.12,22.426249999999996,17.098888888888887,-42.7266,41.26061,-59.39697,PM*,G5
HD 9180, ,1,30,33.9,+,5,22,15,141,-56,8.534,0.358,2.627,0.013,3.777,-0.16,92,3.72,1.02,6.2,3.9,7.9,1.1,1.05,1.16,-24.7,0.2,0.4,4,1591,0.444,4,10,-51,2,10.9,0.9,17,-27,9,8.039,-0.076,6.55,8.32,0.12,0.27,22.641249999999996,5.370833333333333,-39.98085,32.375862,-76.27146,PM*,G0V
HD 9192,*,1,29,46.2,-,40,50,45,275,-74,9.259,0.438,0.0,0.0,3.739,-0.08,74,4.91,0.62,15.6,8.0,0.0,0.89,0.85,0.94,26.6,0.3,0.4,2,1098,0.341,5,181,54,1,5.8,1.5,-61,-30,-20,7.998,-0.071,6.07,8.78,0.18,0.22,22.442499999999995,-40.84583333333334,1.7777303,-20.319551,-71.13336,PM*,G6V
HD 9224, ,1,31,19.5,+,29,24,47,133,-33,7.327,0.395,2.614,0.02,3.77,0.11,43,4.07,0.6,4.6,3.1,7.5,1.13,1.07,1.2,14.6,0.2,0.1,2,1003,0.964,1,180,-87,2,23.2,0.9,-33,-22,-17,8.025,-0.023,6.82,8.28,0.1,0.14,22.831249999999997,29.413055555555555,-24.594791,26.374685,-23.41948,PM*,G0V
HD 9280, ,1,31,13.9,-,10,53,47,155,-71,8.035,0.456,0.0,0.0,3.736,0.12,58,4.23,1.22,11.2,9.6,13.0,1.02,0.98,1.05,41.6,0.2,0.3,2,1199,0.365,2,20,36,2,17.3,1.0,-22,11,-35,8.017,-0.055,7.93,9.27,0.08,0.51,22.807916666666664,-10.896388888888888,-17.113766,7.9802814,-54.840076,*,G6V
HD 9331, ,1,33,2.1,+,53,2,1,129,-9,8.418,0.437,0.0,0.0,3.745,0.25,51,4.88,0.27,0.0,0.0,0.0,1.02,0.97,1.07,-20.4,0.3,0.1,2,1111,0.779,2,220,13,2,19.6,1.0,-29,-47,15,8.032,-0.008,5.68,8.11,0.18,0.35,23.25875,53.03361111111111,-31.70019,39.14648,-7.9781585,PM*,G5
HD 9351, ,1,31,1.5,-,51,12,55,288,-65,7.761,0.397,2.61,0.024,3.772,0.02,86,2.98,1.72,2.8,2.4,4.2,1.4,1.28,1.47,21.7,0.2,0.3,3,1980,0.317,4,135,-71,1,11.6,0.8,-23,-62,0,7.988,-0.078,4.97,8.02,0.23,0.13,22.756249999999998,-51.21527777777778,11.23128,-34.56631,-77.94247,PM*,G2V
HD 9472, ,1,33,19.0,+,23,58,32,135,-38,7.643,0.413,2.592,0.0,3.748,-0.12,33,5.04,0.33,0.0,0.0,0.0,0.89,0.84,0.98,10.9,0.2,0.1,3,2673,0.894,4,0,28,1,30.1,0.9,-7,9,-3,8.019,-0.02,8.01,8.94,0.05,0.06,23.329166666666662,23.975555555555555,-18.387856,18.387856,-20.31683,*,G0
HD 9562, ,1,33,42.8,-,7,1,31,151,-68,5.759,0.398,2.591,0.002,3.761,0.12,30,3.4,1.48,4.9,4.5,5.3,1.24,1.18,1.34,-15.3,0.1,0.3,13,2614,0.224,4,177,-82,1,33.7,0.7,-8,-27,14,8.01,-0.027,6.77,8.01,0.08,0.33,23.42833333333333,-7.025277777777777,-9.829151,5.4483867,-27.815514,PM*,G1V
HD 9578, ,1,33,17.1,-,38,14,42,267,-76,8.205,0.376,2.618,0.011,3.768,-0.04,57,4.42,0.42,6.5,2.5,10.0,1.03,0.97,1.1,-3.9,0.2,0.3,3,1536,0.358,2,-31,-38,2,17.5,0.9,13,-2,4,8.001,-0.055,7.57,8.73,0.07,0.19,23.32125,-38.245,-0.72169155,-13.770651,-55.306858,*,G1V
HD 9580,*,1,32,53.3,-,52,36,56,289,-63,8.947,0.433,0.0,0.0,3.74,-0.05,59,5.1,0.39,13.4,1.0,0.0,0.89,0.85,0.96,-1.4,0.2,0.1,2,1530,0.886,4,189,101,2,17.0,1.1,-58,-12,-2,7.991,-0.053,6.75,9.08,0.15,0.11,23.222083333333327,-52.61555555555556,8.720488,-25.326132,-52.569386,PM*,G5V
HD 9595, ,1,34,7.5,+,2,26,46,144,-59,8.902,0.403,2.609,0.03,3.771,0.0,126,3.27,1.47,4.7,2.9,6.0,1.19,1.11,1.3,29.8,0.2,0.2,3,427,0.634,4,-3,-115,1,9.8,1.4,21,-40,-59,8.053,-0.108,6.08,8.31,0.16,1.17,23.53125,2.4461111111111116,-52.500996,38.144203,-108.00308,PM*,G1V
HD 9608, ,1,33,16.1,-,47,18,21,284,-68,8.196,0.369,2.598,0.007,3.766,-0.45,56,4.46,0.78,9.5,5.6,14.4,0.92,0.85,0.99,18.6,0.2,0.3,4,3331,0.552,3,-51,208,1,17.9,1.0,-22,41,-37,7.995,-0.052,7.96,11.56,0.18,0.65,23.317083333333333,-47.30583333333333,5.075032,-20.354837,-51.922295,PM*,G0/1V
HD 9986, ,1,37,40.8,+,12,4,42,140,-49,6.771,0.407,2.608,0.017,3.754,0.01,26,4.72,0.41,9.1,3.5,13.8,0.96,0.9,1.04,-21.5,0.2,0.3,3,1881,0.407,1,122,6,1,38.9,0.8,-1,-18,19,8.013,-0.019,7.26,8.08,0.05,0.44,24.419999999999998,12.078333333333333,-13.06683,10.964373,-19.62245,PM*,G2V
HD 10002,*,1,37,8.6,-,29,23,35,228,-80,8.13,0.502,0.0,0.0,3.714,0.25,34,5.49,0.36,0.0,0.0,0.0,0.94,0.85,0.97,11.0,0.5,0.7,2,823,0.023,2,287,-70,2,29.7,1.1,-30,-38,-3,8.004,-0.033,6.06,8.12,0.14,0.08,24.285833333333333,-29.393055555555556,-3.9505742,-4.3875556,-33.483463,PM*,G9V
HD 10004,*,1,35,40.8,-,65,17,37,296,-51,8.821,0.45,0.0,0.0,3.732,-0.03,49,5.38,0.26,0.0,0.0,0.0,0.86,0.83,0.95,6.3,0.2,0.1,2,362,0.966,3,63,-63,2,20.5,0.8,-1,-21,6,7.987,-0.038,7.04,8.03,0.07,0.2,23.92,-65.2936111111111,13.517914,-27.715843,-38.080154,PM*,G6V
HD 10013, ,1,39,42.1,+,65,9,38,128,3,8.524,0.458,0.0,0.0,3.73,0.06,44,5.29,0.33,0.0,0.0,0.0,0.88,0.85,0.97,-62.2,0.2,0.3,3,350,0.47,1,-50,254,2,22.6,1.0,56,-39,47,8.027,0.002,5.69,9.09,0.23,1.3,24.925416666666663,65.16055555555556,-27.05198,34.624954,2.3027823,PM*,G5
HD 10086, ,1,39,36.0,+,45,52,39,132,-16,6.617,0.419,0.0,0.0,3.749,0.1,21,4.96,0.21,6.2,0.0,13.4,0.98,0.91,1.05,1.8,0.1,0.3,17,2896,0.525,2,216,-228,2,46.7,0.8,-17,-20,-18,8.014,-0.006,7.12,8.05,0.06,0.16,24.899999999999995,45.8775,-13.507403,15.001488,-5.7883844,PM*,G5V
HD 10126, ,1,39,35.9,+,28,6,39,136,-34,7.739,0.446,2.58,0.0,3.734,-0.01,34,5.08,0.5,0.0,8.9,0.0,0.88,0.86,0.93,55.8,0.2,0.2,3,1823,0.57,1,501,147,2,29.4,0.9,-101,-4,3,8.02,-0.019,6.27,10.84,0.27,0.19,24.89958333333333,28.110833333333336,-20.27623,19.580532,-19.012558,PM*,G8V
HD 10145, ,1,41,37.7,+,66,54,35,128,5,7.713,0.421,2.586,0.0,3.746,0.02,37,4.89,0.41,11.0,3.6,0.0,0.91,0.87,1.0,17.5,0.2,0.2,2,351,0.616,1,694,-266,1,27.3,1.0,-112,-63,-20,8.022,0.003,4.34,9.69,0.38,0.22,25.40708333333333,66.90972222222223,-22.692793,29.04545,3.2247622,PM*,G6
HD 10166,*,1,38,57.8,-,27,15,7,216,-79,9.364,0.47,0.0,0.0,3.717,-0.4,39,6.42,-0.22,0.0,0.0,0.0,0.0,0.0,0.0,-1.8,0.3,0.6,3,2599,0.067,2,268,5,3,25.8,1.6,-38,-29,11,8.006,-0.038,6.43,8.29,0.13,0.28,24.740833333333327,-27.251944444444444,-6.020344,-4.3740344,-38.28346,PM*,G9V
HD 10180, ,1,37,53.5,-,60,30,41,293,-56,7.33,0.396,2.587,-0.008,3.758,-0.09,39,4.35,0.77,9.3,6.4,13.8,0.98,0.94,1.04,35.2,0.1,0.3,5,3334,0.35,3,-15,7,2,25.4,0.6,9,-15,-31,7.991,-0.033,7.2,8.24,0.07,0.38,24.472916666666666,-60.51138888888889,8.521271,-20.07485,-32.332466,*,G1V
HD 10188,*,1,39,1.9,-,33,28,5,248,-78,8.935,0.428,0.0,0.0,3.749,0.26,125,3.45,1.6,6.5,4.6,7.9,1.2,1.14,1.28,26.0,0.2,0.3,2,1035,0.465,3,22,-101,2,8.0,1.0,26,-59,-18,8.01,-0.122,5.02,8.25,0.24,0.22,24.75791666666666,-33.46805555555556,-9.73564,-24.096539,-122.268456,PM*,G5V(CNIV)
HD 10226, ,1,39,54.6,-,9,58,20,159,-69,7.856,0.384,2.604,0.003,3.765,0.02,47,4.49,0.37,6.4,1.8,10.2,1.03,0.97,1.1,12.9,0.2,0.1,2,766,0.927,5,240,92,2,21.2,1.0,-57,-15,5,8.015,-0.044,6.72,8.98,0.14,0.2,24.977499999999996,-9.972222222222223,-15.72457,6.036096,-43.87828,PM*,G1V
HD 10318, ,1,40,35.6,-,16,17,33,172,-74,8.096,0.398,2.592,-0.003,3.758,-0.07,62,4.13,0.97,9.8,7.3,11.8,1.02,0.98,1.06,11.3,0.2,0.1,2,1418,0.677,3,66,-115,2,16.1,1.0,2,-38,-14,8.017,-0.06,6.13,8.06,0.14,0.12,25.148333333333326,-16.2925,-16.923204,2.3784027,-59.598225,PM*,G2/3V
HD 10366, ,1,41,23.7,+,6,2,45,145,-55,7.953,0.458,0.0,0.0,3.731,0.1,34,5.3,0.27,0.0,0.0,0.0,0.9,0.85,0.97,-0.9,0.2,0.1,2,359,0.654,2,37,-98,2,0.0,0.0,3,-15,-7,8.016,-0.028,7.29,8.14,0.06,0.03,25.34875,6.045833333333333,-15.974773,11.185658,-27.85117,PM*,G5
HD 10370, ,1,40,36.4,-,36,29,1,258,-76,7.925,0.422,2.573,0.0,3.744,-0.09,35,5.18,0.25,0.0,0.0,0.0,0.88,0.84,0.98,42.8,0.2,0.3,3,1535,0.432,4,91,-156,1,28.3,0.9,2,-39,-35,8.002,-0.034,6.12,8.05,0.14,0.48,25.151666666666664,-36.48361111111111,-1.7604455,-8.282236,-33.96035,PM*,G5V
HD 10678, ,1,42,37.0,-,58,24,47,290,-57,8.404,0.438,0.0,0.0,3.739,0.06,44,5.17,0.25,0.0,0.0,0.0,0.9,0.86,1.0,15.6,0.2,0.5,5,3331,0.047,2,21,-37,2,22.6,0.8,4,-15,-9,7.992,-0.037,7.26,8.15,0.06,0.04,25.654166666666665,-58.41305555555555,8.19621,-22.518906,-36.901505,*,G6V
HD 10697, ,1,44,55.8,+,20,4,59,140,-41,6.283,0.44,2.594,0.0,3.741,0.08,33,3.72,1.65,7.1,6.4,7.9,1.13,1.09,1.23,-46.6,0.1,0.3,17,2893,0.397,1,-44,-106,1,30.7,0.8,37,-29,17,8.019,-0.021,6.22,8.72,0.17,0.42,26.232499999999998,20.083055555555557,-19.078655,16.008894,-21.649948,PM*,G3Va
HD 10718, ,1,44,22.3,-,20,35,46,187,-76,8.116,0.397,2.603,0.012,3.757,-0.1,58,4.31,0.84,10.6,7.1,13.4,0.98,0.94,1.04,3.6,0.2,0.4,6,3660,0.192,3,-47,-307,2,17.3,1.1,60,-58,-18,8.014,-0.056,4.78,8.87,0.3,0.19,26.092916666666664,-20.59611111111111,-13.926882,-1.7100043,-56.277153,PM*,G3V
HD 10753,*,1,44,28.9,-,33,50,33,247,-77,8.743,0.413,0.0,0.0,3.745,-0.3,47,5.36,0.22,0.0,0.0,0.0,0.85,0.8,0.93,-8.8,0.2,0.1,2,364,0.755,3,95,-75,2,21.1,1.2,-4,-24,14,8.004,-0.046,6.89,8.02,0.08,0.34,26.120416666666664,-33.8425,-4.1310835,-9.73222,-45.79539,PM*,G6V
HD 10757, ,1,46,47.1,+,59,9,22,130,-3,7.372,0.377,0.0,0.0,3.768,-0.11,70,3.15,1.75,4.4,3.9,5.2,1.22,1.17,1.31,-22.4,0.2,0.2,2,357,0.57,3,-68,-52,1,14.3,1.0,29,-6,-20,8.045,-0.004,7.16,9.05,0.12,0.21,26.696249999999996,59.15611111111111,-44.93347,53.54962,-3.6635172,PM*,G0V
HD 10887,*,1,45,19.9,-,56,6,28,288,-59,9.557,0.428,0.0,0.0,3.743,0.03,74,5.22,0.14,0.0,0.0,15.8,0.92,0.86,0.99,-4.1,0.3,0.2,2,359,0.635,3,-30,-28,2,13.6,1.0,13,2,6,7.988,-0.063,7.64,8.91,0.08,0.22,26.332916666666662,-56.10777777777778,11.777513,-36.24744,-63.43038,*,G8V
HD 11020,*,1,47,38.3,-,26,45,0,214,-77,8.97,0.474,0.0,0.0,3.721,-0.06,39,6.03,-0.15,0.0,0.0,14.0,0.83,0.78,0.88,22.2,0.3,0.5,2,820,0.143,2,-85,-276,2,25.8,1.3,39,-32,-27,8.007,-0.038,6.04,8.7,0.18,0.34,26.909583333333327,-26.75,-7.2732215,-4.9058504,-38.00043,PM*,G9V
HD 11045, ,1,49,16.1,+,35,26,25,136,-26,8.142,0.39,2.589,0.009,3.756,-0.46,58,4.33,1.14,13.5,10.5,16.6,0.86,0.83,0.94,30.6,0.2,0.3,6,1159,0.617,2,52,-98,1,17.3,1.1,-27,-2,-34,8.037,-0.025,7.73,8.61,0.05,0.45,27.31708333333333,35.44027777777777,-37.499218,36.21258,-25.425528,PM*,G0
HD 11170, ,1,49,55.9,+,7,13,24,147,-53,7.426,0.387,2.638,0.048,3.795,0.37,91,2.43,1.51,1.5,1.3,1.8,1.61,1.55,1.69,-11.6,0.6,0.8,2,611,0.082,11,-18,-61,2,11.0,1.0,23,-18,-7,8.046,-0.072,6.88,8.58,0.11,0.08,27.482916666666664,7.223333333333334,-45.92993,29.827246,-72.675835,PM*,G1IV
HD 11271, ,1,50,52.0,+,6,31,42,148,-53,8.456,0.371,2.611,0.003,3.771,-0.07,85,3.8,1.0,6.4,4.2,8.3,1.09,1.03,1.16,9.0,0.2,0.4,4,1415,0.323,2,95,-116,2,11.7,1.2,-13,-55,-24,8.043,-0.069,5.35,8.05,0.2,0.28,27.716666666666665,6.528333333333333,-43.381283,27.107641,-67.88402,PM*,G5
HD 11277, ,1,49,57.8,-,35,32,24,251,-75,8.475,0.378,2.613,0.016,3.766,-0.19,76,4.08,0.94,9.0,6.2,11.3,1.01,0.97,1.06,39.8,0.2,0.2,3,2208,0.8,4,-91,-85,2,13.2,1.0,40,-12,-42,8.007,-0.073,6.79,9.23,0.15,0.71,27.490833333333327,-35.54,-6.4040074,-18.598587,-73.41036,PM*,G1V
HD 11309, ,1,51,32.2,+,18,30,29,142,-42,8.302,0.369,2.627,0.025,3.787,0.03,113,2.93,1.4,2.5,2.2,3.0,1.37,1.28,1.47,-34.3,0.3,0.2,2,1116,0.619,4,-3,-8,1,7.0,1.1,23,-17,20,8.066,-0.076,6.95,8.62,0.11,0.47,27.884166666666665,18.508055555555554,-66.17349,51.700397,-75.61176,*,G0
HD 11393,*,1,50,37.0,-,54,0,34,285,-61,9.503,0.449,0.0,0.0,3.733,0.0,68,5.32,0.28,0.0,0.0,0.0,0.87,0.84,0.95,22.6,0.2,0.2,2,1527,0.485,2,214,40,2,14.6,1.1,-58,-46,-9,7.991,-0.06,5.46,8.49,0.22,0.07,27.654166666666665,-54.00944444444445,8.532499,-31.843727,-59.47414,PM*,G8V
HD 11397, ,1,51,40.5,-,16,19,3,178,-72,8.95,0.425,2.568,0.0,3.732,-0.77,55,5.26,0.86,0.0,6.7,0.0,0.78,0.75,0.83,40.6,0.1,0.2,6,2206,0.923,3,119,-351,2,18.3,1.4,18,-89,-50,8.017,-0.052,3.85,8.12,0.36,0.89,27.91875,-16.3175,-16.98558,0.59314877,-52.30811,PM*,G6IV/V
HD 11505, ,1,53,6.1,-,1,19,36,155,-60,7.424,0.402,2.591,0.008,3.752,-0.27,38,4.55,0.86,14.2,10.0,0.0,0.88,0.85,0.95,-16.7,0.1,0.2,8,5118,0.85,3,-187,-351,1,26.6,1.1,63,-30,-21,8.017,-0.033,5.79,9.4,0.24,0.24,28.27541666666666,-1.3266666666666667,-17.219845,8.029747,-32.908966,PM*,G5V
HD 11523, ,1,52,42.1,-,27,14,43,217,-76,8.804,0.388,2.595,0.0,3.76,-0.23,75,4.42,0.78,11.1,6.9,14.7,0.95,0.89,1.01,20.6,0.2,0.4,3,1591,0.233,2,-53,-16,2,13.3,1.1,14,5,-25,8.014,-0.073,7.7,9.06,0.08,0.29,28.175416666666663,-27.24527777777778,-14.490557,-10.919416,-72.77218,PM*,G0V
HD 11616, ,1,54,11.9,+,9,57,2,147,-50,7.791,0.397,2.617,0.031,3.775,0.08,80,3.14,1.43,2.9,2.5,4.5,1.36,1.27,1.44,35.4,0.2,0.1,2,635,0.722,3,68,-72,1,12.5,1.2,-27,-23,-37,8.043,-0.061,6.92,8.2,0.08,0.52,28.549583333333327,9.950555555555555,-43.12696,28.006977,-61.283554,PM*,G5
HD 11648, ,1,55,47.4,+,55,34,32,132,-6,7.965,0.382,0.0,0.0,3.766,-0.08,71,3.71,1.21,6.8,5.1,8.7,1.09,1.01,1.15,3.6,0.3,0.4,2,351,0.248,5,54,-66,2,0.0,0.0,-18,-14,-17,8.047,-0.008,7.44,8.11,0.04,0.15,28.947499999999994,55.57555555555556,-47.248024,52.474236,-7.421521,PM*,G5
HD 11850, ,1,56,47.2,+,23,3,4,142,-37,7.861,0.431,2.569,0.0,3.741,0.02,33,5.25,0.16,3.9,0.0,17.4,0.92,0.85,0.99,1.5,0.2,0.3,2,353,0.312,5,-84,-18,1,30.0,0.9,10,7,-6,8.021,-0.02,7.81,9.1,0.08,0.03,29.196666666666662,23.051111111111112,-20.768003,16.225742,-19.859894,PM*,G6V
HD 12039, ,1,57,48.9,-,21,54,5,197,-74,8.086,0.423,2.582,0.0,3.741,-0.25,42,4.95,0.68,0.0,11.7,0.0,0.86,0.83,0.9,5.7,0.3,0.7,4,2593,0.045,15,103,-48,2,23.6,1.0,-11,-21,-2,8.011,-0.041,7.07,8.01,0.06,0.09,29.453749999999996,-21.90138888888889,-11.070922,-3.3847213,-40.37299,PM*,G4V
HD 12074, ,1,59,28.6,+,41,13,43,136,-20,8.905,0.384,0.0,0.0,3.767,0.01,113,3.64,1.18,6.0,3.9,7.8,1.12,1.06,1.2,-3.8,0.2,0.1,2,355,0.856,5,14,-43,2,0.0,0.0,-2,-17,-17,8.077,-0.038,7.32,8.13,0.05,0.16,29.869166666666665,41.228611111111114,-76.38328,73.76249,-38.648273,*,G5
HD 12084, ,1,58,3.3,-,28,48,54,223,-75,8.541,0.367,2.608,0.002,3.771,-0.21,83,3.95,0.97,7.6,5.3,9.9,1.02,0.98,1.09,10.9,0.5,0.7,2,824,0.059,5,7,-26,2,12.1,1.4,2,-11,-10,8.015,-0.08,7.5,8.19,0.04,0.09,29.513749999999998,-28.815,-15.710929,-14.650675,-80.171844,*,G0V
HD 12124, ,1,59,20.5,+,14,37,32,147,-45,8.733,0.385,2.607,0.007,3.766,0.03,93,3.88,0.95,6.6,4.2,8.5,1.1,1.04,1.16,24.2,0.3,0.4,2,361,0.276,3,14,-61,2,10.7,1.1,-9,-13,-33,8.055,-0.066,7.65,8.06,0.03,0.44,29.835416666666664,14.625555555555556,-55.151756,35.81597,-65.76093,PM*,G0
HD 12168,*,1,58,55.7,-,26,30,34,214,-75,9.133,0.41,0.0,0.0,3.744,-0.43,78,4.69,1.01,0.0,12.6,0.0,0.85,0.82,0.89,23.7,0.3,0.5,2,879,0.212,2,137,-50,2,12.9,1.4,-30,-49,-11,8.017,-0.075,5.55,8.11,0.19,0.09,29.732083333333332,-26.509444444444444,-16.736517,-11.288924,-75.34222,PM*,G5V
HD 12235, ,2,0,9.1,+,3,5,49,154,-56,5.881,0.385,2.621,0.017,3.769,0.17,31,3.42,1.22,4.8,2.9,5.3,1.34,1.31,1.36,-18.5,0.1,0.4,12,2967,0.187,5,232,-254,1,32.2,1.0,2,-54,6,8.016,-0.026,5.37,8.05,0.2,0.19,30.037916666666664,3.0969444444444445,-15.580577,7.5991545,-25.700167,PM*,G2IV
HD 12264, ,2,0,5.3,-,13,32,46,176,-69,7.993,0.405,2.585,-0.003,3.752,-0.08,44,4.78,0.47,10.8,4.4,16.4,0.92,0.87,1.0,19.1,0.1,0.3,6,3214,0.44,3,50,-21,2,22.8,1.2,-12,-9,-16,8.016,-0.041,7.76,8.03,0.02,0.14,30.022083333333327,-13.546111111111111,-15.729781,1.0999333,-41.077538,PM*,G5V
HD 12387, ,2,0,32.1,-,40,43,52,261,-70,7.378,0.408,2.586,0.007,3.749,-0.23,35,4.65,0.79,14.5,10.2,0.0,0.88,0.85,0.93,-26.7,0.2,0.3,5,3517,0.286,2,441,-431,1,28.5,0.8,-3,-89,58,8.002,-0.033,4.08,8.01,0.33,1.39,30.133749999999992,-40.73111111111111,-1.8726313,-11.823325,-32.88924,PM*,G5VFe-0.8CH-0.7
HD 12536, ,2,3,1.7,+,3,21,31,155,-55,6.881,0.42,2.581,0.0,3.748,-0.1,49,3.45,1.91,5.9,4.9,7.0,1.15,1.1,1.21,12.4,0.3,0.5,3,1395,0.133,3,219,142,2,20.6,1.1,-58,-5,20,8.025,-0.04,7.03,9.36,0.14,0.51,30.757083333333327,3.358611111111111,-25.472002,11.877792,-40.13845,PM*,G2V
HD 12572, ,2,3,37.0,+,21,16,51,145,-39,9.2,0.428,2.593,0.0,3.74,-0.1,66,5.11,0.42,0.0,0.0,0.0,0.88,0.84,0.95,-15.9,0.2,0.3,2,349,0.356,2,160,106,1,15.2,1.3,-35,-18,48,8.042,-0.041,7.15,8.47,0.08,1.2,30.904166666666658,21.280833333333334,-42.015644,29.419676,-41.535145,PM*,G5
HD 12696,*,2,1,51.3,-,65,23,46,292,-50,9.082,0.432,0.0,0.0,3.741,-0.15,90,4.31,1.24,13.8,11.2,16.6,0.93,0.88,0.97,-7.0,0.2,0.1,2,362,0.82,2,46,13,2,11.1,0.9,-19,-6,8,7.979,-0.069,7.76,8.2,0.03,0.24,30.463749999999997,-65.39611111111111,21.671309,-53.63841,-68.944,*,G5V
HD 12724,*,2,3,46.0,-,40,28,8,259,-70,8.679,0.443,0.0,0.0,3.732,-0.23,45,5.41,0.38,0.0,0.0,0.0,0.84,0.8,0.9,42.3,0.2,0.3,3,1861,0.489,2,377,43,2,22.2,1.0,-68,-59,-19,8.003,-0.042,4.87,8.6,0.28,0.19,30.941666666666663,-40.46888888888889,-2.9367213,-15.108133,-42.286167,PM*,G8V
HD 12782, ,2,6,41.7,+,51,19,41,135,-10,8.403,0.515,0.0,0.0,3.699,-0.59,27,6.25,0.41,0.0,0.0,0.0,0.73,0.7,0.77,-104.4,0.2,0.2,2,353,0.513,2,-25,5,2,0.0,0.0,75,-71,17,8.019,-0.005,4.23,9.11,0.37,0.45,31.67375,51.32805555555556,-18.801834,18.801834,-4.688501,*,G5
HD 12783, ,2,5,19.1,+,0,19,22,159,-57,8.689,0.428,2.583,0.0,3.741,-0.04,48,5.29,0.17,0.0,0.0,0.0,0.9,0.84,0.97,22.8,0.2,0.4,6,1821,0.536,3,3,-26,1,20.9,1.2,-9,0,-22,8.024,-0.04,8.02,8.35,0.02,0.22,31.329583333333332,0.3227777777777778,-24.406288,9.368695,-40.256187,*,G6V
HD 12808, ,2,4,24.5,-,43,30,27,266,-68,7.815,0.379,2.624,0.027,3.781,0.02,67,3.58,0.9,3.5,2.9,5.2,1.23,1.13,1.29,-13.5,0.2,0.2,3,772,0.592,5,53,-5,1,15.0,0.8,-10,-7,18,8.002,-0.062,7.96,8.0,0.0,0.4,31.102083333333336,-43.5075,-1.7507945,-25.037504,-62.121315,PM*,G0V
HD 12846, ,2,6,30.2,+,24,20,2,144,-35,6.896,0.407,2.584,0.005,3.749,-0.23,23,5.07,0.37,0.0,0.0,0.0,0.87,0.83,0.96,-5.1,0.2,0.2,3,3280,0.573,2,7,-148,1,43.1,0.9,7,-13,-9,8.015,-0.013,7.35,8.25,0.06,0.03,31.62583333333333,24.333888888888886,-15.242283,11.074166,-13.192259,PM*,G2V
HD 13033,*,2,6,18.2,-,45,41,47,269,-66,9.33,0.436,0.0,0.0,3.74,-0.11,80,4.81,0.73,15.8,9.8,0.0,0.89,0.85,0.94,-10.1,0.3,0.0,1,0,0.0,3,-37,-25,2,8.2,1.2,17,7,8,8.0,-0.073,7.66,9.23,0.09,0.25,31.57583333333333,-45.69638888888888,-0.567879,-32.533974,-73.08364,*,G6V
HD 13127, ,2,9,38.7,+,44,40,18,137,-16,8.061,0.332,0.0,0.0,3.789,-0.31,123,2.6,2.0,2.6,2.1,3.9,1.39,1.26,1.47,9.1,0.3,0.1,2,604,0.872,6,134,-48,2,8.1,1.0,-62,-56,-5,8.087,-0.034,5.08,8.61,0.26,0.05,32.411249999999995,44.67166666666667,-86.47175,80.6362,-33.903397,PM*,G0
HD 13147,*,2,7,10.1,-,47,47,54,272,-65,9.206,0.45,0.0,0.0,3.736,0.08,93,4.37,1.1,12.5,9.8,15.6,0.96,0.9,1.02,-30.3,0.2,0.1,2,359,0.727,2,29,-65,2,10.8,1.1,11,-14,40,7.998,-0.084,7.3,8.4,0.07,0.95,31.792083333333334,-47.79833333333333,1.3716649,-39.279556,-84.28662,PM*,G6IV/V
HD 13297, ,2,10,7.9,+,12,6,49,151,-46,8.519,0.363,2.62,0.016,3.77,-0.36,57,4.75,0.33,5.0,0.0,11.9,0.95,0.87,1.02,3.9,0.2,0.1,3,3230,0.974,4,-9,-24,1,17.6,1.3,2,-2,-8,8.034,-0.041,7.85,8.47,0.04,0.04,32.532916666666665,12.11361111111111,-34.63103,19.196291,-41.00237,*,G0
HD 13345, ,2,10,32.3,+,6,5,55,156,-52,7.376,0.358,2.639,0.022,3.792,0.2,59,3.43,0.64,2.7,1.7,3.7,1.31,1.25,1.38,22.4,0.3,0.1,2,364,0.705,7,107,9,2,0.0,0.0,-35,-12,-7,8.033,-0.046,7.25,8.48,0.08,0.05,32.63458333333333,6.0986111111111105,-33.18365,14.774311,-46.492638,PM*,G0
HD 13366,*,2,10,3.4,-,26,41,35,216,-72,9.591,0.41,0.0,0.0,3.748,-0.21,93,4.75,0.7,14.3,8.0,0.0,0.88,0.84,0.95,17.8,0.3,0.1,2,366,0.96,6,63,-30,2,0.0,0.0,-15,-31,-9,8.023,-0.089,6.54,8.03,0.1,0.09,32.51416666666666,-26.693055555555556,-23.250002,-16.892109,-88.44826,PM*,G6V
HD 13421, ,2,11,21.0,+,8,34,11,154,-49,5.633,0.358,2.624,0.008,3.78,-0.03,43,2.49,2.06,2.1,1.9,2.3,1.55,1.49,1.59,-18.9,0.2,0.5,5,2272,0.08,10,-142,-114,1,23.5,0.9,40,-3,-8,8.025,-0.032,7.0,9.47,0.15,0.04,32.83749999999999,8.569722222222222,-25.355465,12.366686,-32.452515,PM*,G0IV
HD 13545, ,2,12,29.6,+,16,42,2,149,-42,8.177,0.386,2.619,0.038,3.782,-0.13,85,3.37,1.23,4.6,2.8,6.1,1.16,1.09,1.25,25.0,0.2,0.2,3,2571,0.791,5,-23,-50,2,7.8,1.1,-3,2,-33,8.054,-0.057,8.0,8.63,0.04,0.45,33.123333333333335,16.700555555555553,-54.14495,32.53357,-56.876102,PM*,G0
HD 13608, ,2,13,40.0,+,32,58,52,142,-27,8.556,0.437,0.0,0.0,3.737,-0.29,98,3.6,2.14,8.1,5.7,10.5,1.03,0.95,1.1,1.7,0.2,0.1,2,349,0.806,3,93,11,2,10.2,1.1,-32,-24,17,8.069,-0.044,6.81,8.28,0.1,0.41,33.416666666666664,32.98111111111111,-68.80803,53.758724,-44.49107,PM*,G5
HD 13724, ,2,12,20.6,-,46,48,59,269,-65,7.887,0.419,2.599,0.0,3.749,0.03,43,4.7,0.53,10.5,5.8,15.1,0.95,0.89,1.02,20.3,0.2,0.3,4,3656,0.47,4,-29,-67,1,23.0,0.8,13,-13,-17,8.0,-0.039,7.18,8.38,0.08,0.15,33.08583333333333,-46.81638888888889,-0.31715336,-18.169819,-38.971233,PM*,G3/5V
HD 13759, ,2,15,32.4,+,49,12,35,137,-11,8.358,0.382,2.635,0.068,3.799,-0.3,115,2.76,1.6,2.5,2.1,3.1,1.33,1.21,1.44,18.9,0.8,1.1,2,333,0.129,18,26,-19,2,5.8,1.2,-24,0,-9,8.082,-0.023,7.87,8.64,0.05,0.04,33.88499999999999,49.209722222222226,-82.56042,76.98883,-21.943035,*,G0
HD 13773, ,2,14,45.5,+,22,36,0,147,-36,8.67,0.362,2.642,0.028,3.795,0.3,114,3.27,0.69,2.0,1.1,3.3,1.35,1.29,1.42,8.0,0.4,0.6,2,91,0.174,9,76,-3,1,0.0,0.0,-33,-24,7,8.077,-0.068,6.8,8.32,0.1,0.23,33.68958333333333,22.6,-77.348854,50.230934,-67.007515,PM*,G5
HD 13783, ,2,16,49.2,+,64,57,9,132,4,8.298,0.42,0.0,0.0,3.738,-0.55,39,5.36,0.53,0.0,0.0,0.0,0.8,0.77,0.88,-32.7,0.3,0.2,2,353,0.552,3,-343,-319,2,25.8,1.1,49,6,-78,8.026,0.002,7.09,10.53,0.2,1.97,34.20499999999999,64.9525,-26.032528,28.912046,2.7205024,PM*,G8V
HD 13825, ,2,15,24.4,+,24,16,16,146,-35,6.803,0.434,2.601,0.0,3.743,0.15,26,4.7,0.57,11.1,7.0,15.1,0.95,0.91,1.05,-2.5,0.1,0.2,9,4991,0.955,2,459,-195,1,37.9,1.0,-33,-53,1,8.018,-0.015,5.34,8.13,0.21,0.13,33.85166666666666,24.27111111111111,-17.656801,11.909666,-14.912988,PM*,G5IV-V
HD 13836, ,2,15,27.3,+,27,21,26,145,-32,8.121,0.437,2.58,0.0,3.739,0.04,37,5.27,0.17,0.0,0.0,0.0,0.92,0.85,0.99,0.8,0.2,0.2,3,1918,0.69,1,287,-139,1,26.9,1.1,-31,-47,-3,8.026,-0.02,5.66,8.13,0.18,0.06,33.863749999999996,27.357222222222223,-25.70317,17.997557,-19.607014,PM*,G8
HD 13931, ,2,16,47.3,+,43,46,22,139,-16,7.627,0.399,0.0,0.0,3.757,-0.05,45,4.34,0.77,9.9,6.4,13.3,0.99,0.95,1.05,30.3,0.2,0.1,2,403,0.691,2,99,-184,1,22.0,1.0,-37,-12,-37,8.033,-0.013,7.24,8.59,0.09,0.54,34.197083333333325,43.772777777777776,-32.646305,28.378996,-12.403681,PM*,G0
HD 13942, ,2,16,31.6,+,35,26,57,142,-24,7.947,0.462,0.0,0.0,3.731,0.13,34,5.29,0.26,0.0,0.0,0.0,0.91,0.86,0.98,-11.9,0.2,0.2,2,361,0.495,3,30,15,1,0.0,0.0,5,-9,8,8.024,-0.014,7.57,8.31,0.05,0.24,34.13166666666667,35.44916666666666,-24.476044,19.122782,-13.829046,*,G0
HD 13992, ,2,15,11.3,-,35,7,3,242,-70,8.256,0.357,2.628,0.02,3.785,-0.17,67,4.05,0.52,4.5,2.3,6.8,1.08,1.03,1.15,56.2,0.3,0.3,2,1444,0.441,7,190,4,2,15.0,1.1,-52,-54,-34,8.01,-0.063,5.2,8.36,0.23,0.47,33.79708333333333,-35.1175,-10.758107,-20.233053,-62.959404,PM*,G0V
HD 14374, ,2,19,16.0,-,0,46,47,165,-56,8.482,0.459,0.0,0.0,3.727,-0.04,39,5.51,0.24,0.0,0.0,0.0,0.85,0.82,0.93,24.7,0.1,0.2,6,3411,0.789,2,61,-32,1,25.5,1.1,-19,-8,-19,8.021,-0.033,7.73,8.17,0.03,0.18,34.816666666666656,-0.7797222222222223,-21.065416,5.644463,-32.332466,PM*,G8V
HD 14398, ,2,17,40.4,-,56,15,5,281,-57,8.103,0.4,2.607,0.014,3.757,-0.03,60,4.2,0.89,10.1,6.9,12.1,1.02,0.97,1.06,-31.0,0.3,0.5,4,3656,0.063,2,30,-133,2,16.6,0.8,18,-10,45,7.994,-0.051,7.29,8.73,0.09,1.13,34.41833333333332,-56.25138888888889,6.235318,-32.077953,-50.320232,PM*,G2V
HD 14412, ,2,18,58.5,-,25,56,44,214,-70,6.347,0.442,2.555,0.0,3.728,-0.48,13,5.83,0.21,0.0,0.0,0.0,0.79,0.74,0.84,7.2,0.2,0.1,4,3659,0.966,3,-218,445,1,78.9,0.7,-11,27,-9,8.004,-0.012,8.0,10.28,0.12,0.03,34.74374999999999,-25.945555555555554,-3.6861181,-2.4863183,-12.216004,PM*,G8V
HD 14651, ,2,22,0.8,+,4,44,48,161,-51,8.262,0.449,2.551,0.0,3.734,0.04,40,5.27,0.28,0.0,0.0,0.0,0.89,0.85,0.97,53.1,0.2,0.1,2,435,0.718,2,-21,80,1,25.2,1.2,-35,24,-35,8.023,-0.031,7.86,10.42,0.14,0.55,35.50333333333333,4.746666666666667,-23.801365,8.195466,-31.085838,PM*,G5V
HD 14747, ,2,19,33.7,-,67,41,54,291,-47,8.122,0.425,2.569,0.0,3.739,-0.35,38,5.2,0.54,0.0,6.7,0.0,0.83,0.8,0.89,60.5,0.2,0.2,4,3511,0.867,4,102,-310,2,26.0,0.7,40,-74,-7,7.991,-0.028,4.28,8.37,0.32,0.03,34.89041666666666,-67.69833333333334,9.2874365,-24.19461,-27.791441,PM*,G7VFe-0.9
HD 14868, ,2,23,11.1,-,29,2,12,224,-70,8.262,0.389,2.598,0.005,3.76,-0.17,52,4.67,0.47,9.5,3.9,14.4,0.95,0.88,1.02,28.8,0.3,0.5,3,1335,0.112,3,157,100,3,19.1,1.0,-51,-14,-13,8.013,-0.049,6.84,8.82,0.13,0.11,35.79625,-29.03666666666667,-12.793492,-12.354532,-48.864017,PM*,G1V
HD 14877, ,2,24,39.7,+,22,26,1,150,-36,8.453,0.348,2.608,0.005,3.776,-0.59,90,3.68,1.44,7.5,5.7,9.5,1.01,0.96,1.06,32.5,0.2,0.2,3,611,0.809,4,135,4,1,11.1,1.3,-62,-23,3,8.063,-0.052,6.37,8.99,0.17,0.17,36.16541666666666,22.433611111111112,-63.056633,36.40577,-52.900673,PM*,G0
HD 14955, ,2,39,47.9,+,85,3,33,125,23,8.603,0.393,0.0,0.0,3.761,-0.12,114,3.33,1.75,5.3,4.3,6.6,1.17,1.09,1.25,-44.1,0.2,0.3,6,4992,0.757,5,65,-78,1,8.8,0.8,-22,-55,-37,8.061,0.044,5.37,8.09,0.2,0.54,39.94958333333333,85.05916666666667,-60.189716,85.95981,44.54335,PM*,G5
HD 15018,*,2,24,15.9,-,36,54,27,245,-68,8.809,0.443,0.0,0.0,3.736,-0.02,57,5.01,0.54,16.7,8.7,0.0,0.88,0.86,0.94,19.6,0.3,0.4,2,1383,0.279,2,-105,90,2,17.4,1.0,-2,29,-31,8.009,-0.053,7.99,10.53,0.14,0.44,36.06625,-36.9075,-9.023988,-19.352009,-52.849476,PM*,G5V
HD 15069, ,2,28,20.7,+,62,13,8,134,1,7.792,0.408,0.0,0.0,3.752,-0.09,56,4.04,1.22,10.0,8.5,11.6,1.02,0.98,1.06,-62.3,0.2,0.1,2,353,0.811,2,174,46,3,17.8,0.9,16,-72,27,8.039,0.001,4.55,8.15,0.28,0.63,37.08625,62.21888888888889,-38.89494,40.276897,0.97733474,PM*,G1V
HD 15095, ,2,26,11.0,+,10,38,16,157,-46,7.326,0.366,2.613,0.009,3.768,-0.3,34,4.67,0.4,7.4,0.0,12.8,0.95,0.88,1.02,-0.9,0.2,0.1,2,360,0.757,1,84,-257,2,0.0,0.0,7,-38,-19,8.022,-0.024,6.08,8.11,0.14,0.18,36.545833333333334,10.637777777777778,-21.740839,9.228439,-24.457552,PM*,G0
HD 15143, ,2,26,43.0,+,17,35,52,153,-40,8.747,0.399,2.635,0.058,3.793,0.26,145,2.69,1.32,2.2,1.6,2.8,1.49,1.4,1.59,-5.2,0.3,0.2,2,361,0.576,4,-5,-39,1,6.3,1.2,14,-18,-16,8.099,-0.093,7.09,8.42,0.09,0.17,36.67916666666667,17.597777777777775,-98.96983,50.42766,-93.2042,*,G0
HD 15279,*,2,25,52.0,-,52,57,52,275,-59,8.357,0.401,0.0,0.0,3.753,-0.16,52,4.78,0.51,11.8,5.5,0.0,0.91,0.86,0.98,14.1,0.2,0.1,2,1402,0.729,6,-41,-35,2,19.3,0.7,13,-5,-13,7.998,-0.044,7.46,8.59,0.07,0.1,36.46666666666666,-52.964444444444446,2.3342032,-26.680067,-44.5727,PM*,G2V
HD 15335, ,2,28,48.4,+,29,55,54,147,-28,5.895,0.384,2.595,0.004,3.761,-0.32,31,3.45,1.8,6.5,5.9,7.2,1.1,1.06,1.14,40.8,0.1,0.3,17,2935,0.692,4,-65,73,2,32.5,0.8,-25,32,-14,8.023,-0.015,7.97,10.77,0.15,0.12,37.20166666666667,29.93166666666667,-22.955564,14.907519,-14.553618,PM*,G0V
HD 15361, ,2,28,22.9,+,1,28,53,166,-53,8.677,0.416,2.584,0.0,3.746,-0.1,46,5.37,0.03,0.0,0.0,12.1,0.91,0.84,0.96,4.7,0.4,0.0,1,0,0.0,1,-15,-93,1,21.8,1.5,9,-12,-15,8.027,-0.037,7.34,8.33,0.06,0.12,37.095416666666665,1.481388888888889,-26.861172,6.697241,-36.737236,PM*,G5/6V
HD 15397, ,2,30,14.0,+,48,30,5,139,-11,7.997,0.369,0.0,0.0,3.773,0.01,76,3.6,1.08,5.5,3.1,6.8,1.15,1.09,1.25,-0.2,0.3,0.1,2,604,0.775,6,40,-14,1,13.2,1.1,-10,-12,1,8.056,-0.015,7.66,8.06,0.03,0.12,37.55833333333333,48.50138888888889,-56.304108,48.944405,-14.501484,*,G0
HD 15451, ,2,30,39.2,+,43,40,44,141,-16,7.736,0.405,2.583,0.012,3.749,-0.57,76,3.32,2.36,6.7,5.4,8.1,1.05,1.0,1.1,-33.7,0.3,0.3,2,349,0.511,6,19,53,1,13.1,1.0,22,-16,29,8.057,-0.021,7.04,8.65,0.1,0.68,37.66333333333333,43.678888888888885,-56.775078,45.975567,-20.948439,PM*,G0
HD 15507, ,2,28,28.8,-,45,1,22,262,-64,8.659,0.424,2.582,0.0,3.747,0.08,60,4.79,0.44,10.0,4.2,15.2,0.96,0.9,1.04,18.3,0.2,0.2,3,2061,0.532,2,71,5,1,16.8,0.9,-15,-20,-10,8.004,-0.053,7.09,8.02,0.06,0.06,37.12,-45.022777777777776,-3.6605725,-26.046299,-53.927643,PM*,G3V
HD 15590, ,2,29,11.9,-,42,4,31,256,-65,7.989,0.418,2.618,0.045,3.776,0.3,88,3.08,1.27,2.8,2.0,5.6,1.42,1.38,1.46,36.9,0.2,0.1,2,1379,0.965,4,101,-53,1,11.4,0.8,-15,-56,-14,8.009,-0.08,5.24,8.01,0.21,0.12,37.29958333333333,-42.07527777777778,-8.997175,-36.085693,-79.75508,PM*,G3V
HD 15632, ,2,31,24.1,+,22,5,14,152,-35,8.035,0.414,2.609,0.0,3.749,-0.04,42,4.93,0.35,0.0,0.0,0.0,0.92,0.86,1.01,4.6,0.2,0.2,2,404,0.574,1,146,61,1,23.9,1.1,-25,-9,17,8.03,-0.024,7.57,8.31,0.05,0.4,37.85041666666666,22.08722222222222,-30.377268,16.15188,-24.09021,PM*,G0
HD 15830, ,2,34,10.6,+,42,47,6,142,-16,7.586,0.43,2.584,0.0,3.741,-0.12,31,5.15,0.37,13.4,1.0,0.0,0.87,0.84,0.95,16.4,0.2,0.2,4,2608,0.891,1,406,-194,2,32.6,1.0,-52,-42,-7,8.023,-0.009,5.68,8.45,0.2,0.01,38.54416666666666,42.785,-23.482021,18.346167,-8.544758,PM*,G0
HD 15851, ,2,35,35.5,+,61,6,22,135,1,8.438,0.427,0.0,0.0,3.744,0.07,49,4.98,0.33,9.5,0.0,17.7,0.93,0.88,1.02,8.9,0.6,0.8,2,353,0.011,1,106,-68,2,20.3,1.0,-27,-14,-5,8.035,0.001,7.3,8.25,0.06,0.04,38.89791666666667,61.10611111111111,-34.642956,34.642956,0.85516787,PM*,G3V
HD 16065, ,2,33,55.7,-,32,11,50,232,-67,8.123,0.387,2.625,0.03,3.78,0.13,81,3.46,0.95,3.1,2.6,3.7,1.3,1.23,1.36,14.7,0.2,0.1,2,769,0.794,4,94,70,2,12.4,1.1,-46,-10,-1,8.019,-0.074,7.09,8.83,0.11,0.13,38.48208333333333,-32.197222222222216,-19.485212,-24.939932,-74.56089,PM*,G2/3V
HD 16122,*,2,34,17.0,-,37,30,6,245,-66,9.08,0.401,0.0,0.0,3.754,-0.11,70,4.84,0.39,9.5,0.0,16.0,0.93,0.87,1.01,-1.6,0.2,0.1,2,361,0.869,6,-36,-8,1,14.2,1.3,10,7,-3,8.012,-0.064,7.79,9.07,0.08,0.09,38.570833333333326,-37.501666666666665,-12.0326,-25.804,-63.948185,*,G3V
HD 16141, ,2,35,19.9,-,3,33,38,174,-56,6.829,0.428,2.594,0.0,3.743,-0.16,36,4.06,1.45,11.2,9.7,12.9,0.97,0.94,1.03,-51.2,0.1,0.4,10,2968,0.1,3,-155,-438,1,27.9,1.4,84,-42,0,8.02,-0.03,5.1,9.79,0.31,0.13,38.83291666666666,-3.5605555555555553,-20.020664,2.104257,-29.845354,PM*,G2V
HD 16168,*,2,34,22.8,-,42,18,58,256,-64,9.825,0.458,0.0,0.0,3.725,-0.2,68,5.65,0.26,0.0,0.0,0.0,0.83,0.79,0.89,5.0,0.3,0.3,2,358,0.461,2,-21,80,2,14.6,1.3,-16,19,-12,8.007,-0.062,7.99,9.66,0.09,0.1,38.59499999999999,-42.316111111111105,-7.211509,-28.923779,-61.117996,PM*,G8IV/V
HD 16175, ,2,37,1.9,+,42,3,45,143,-17,7.282,0.407,0.0,0.0,3.758,0.05,60,3.4,1.61,5.2,4.4,6.0,1.19,1.15,1.27,21.4,0.3,0.5,2,1892,0.19,5,-38,-39,2,16.7,1.0,-10,14,-20,8.046,-0.017,8.05,9.36,0.08,0.21,39.25791666666666,42.0625,-45.82433,34.531116,-17.542301,PM*,G2
HD 16252, ,2,35,56.7,-,17,37,57,197,-64,6.935,0.43,2.584,0.009,3.742,-0.2,64,2.91,2.66,3.2,2.7,3.7,1.28,1.25,1.33,3.3,0.2,0.1,3,2598,0.837,2,-34,-12,2,15.7,0.8,7,4,-8,8.027,-0.057,7.81,8.85,0.06,0.06,38.98625,-17.6325,-26.829851,-8.202711,-57.52282,*,G3V
HD 16297,*,2,36,7.8,-,28,13,6,222,-67,8.388,0.465,0.0,0.0,3.726,-0.03,39,5.41,0.35,0.0,1.2,0.0,0.86,0.83,0.92,-1.7,0.2,0.1,2,366,0.651,2,-73,41,3,25.4,1.1,4,15,-4,8.012,-0.036,7.93,9.46,0.09,0.07,39.0325,-28.21833333333333,-11.324427,-10.196558,-35.89969,PM*,G9V
HD 16358, ,2,36,47.7,-,25,1,25,214,-66,7.703,0.379,2.599,-0.009,3.766,-0.14,63,3.7,1.28,7.2,6.0,8.4,1.09,1.04,1.14,2.3,0.2,0.2,3,3372,0.561,3,-74,-70,2,15.8,0.9,28,-1,-12,8.021,-0.058,7.3,9.18,0.11,0.1,39.19875,-25.02361111111111,-21.243595,-14.328988,-57.553368,PM*,G2V
HD 16363, ,2,39,48.6,+,57,40,40,137,-2,8.476,0.447,0.0,0.0,3.737,0.06,50,4.98,0.49,13.6,3.8,0.0,0.91,0.87,0.98,-9.4,0.3,0.4,2,353,0.165,1,-33,-123,2,0.0,0.0,5,-11,-29,8.037,-0.002,7.53,8.27,0.05,0.36,39.95249999999999,57.67777777777778,-36.54541,34.079144,-1.7449747,PM*,G0V
HD 16417, ,2,36,58.6,-,34,34,40,238,-66,5.778,0.413,2.596,0.0,3.752,-0.01,26,3.74,1.45,7.6,6.9,8.3,1.1,1.07,1.14,10.6,0.2,0.3,3,2205,0.327,2,-17,-261,1,39.2,0.6,22,-24,-9,8.005,-0.023,6.61,8.42,0.12,0.03,39.244166666666665,-34.57777777777778,-5.6039777,-8.968236,-23.752182,PM*,G1V
HD 16516,*,2,37,48.8,-,37,48,34,245,-65,9.341,0.403,0.0,0.0,3.753,-0.18,96,4.43,0.88,12.0,8.1,15.8,0.93,0.87,1.0,50.0,0.3,0.3,2,361,0.363,2,80,65,2,8.4,1.2,-55,-22,-34,8.017,-0.087,6.5,8.8,0.15,0.47,39.453333333333326,-37.809444444444445,-17.146193,-36.770134,-87.00555,PM*,G2/3V
HD 16688, ,2,39,54.0,-,23,55,47,212,-65,8.156,0.4,2.628,0.043,3.782,0.27,81,3.42,0.82,3.2,2.0,5.7,1.33,1.28,1.39,14.3,0.2,0.2,2,768,0.484,2,53,11,2,12.3,1.1,-21,-13,-4,8.029,-0.074,7.45,8.15,0.05,0.09,39.974999999999994,-23.929722222222225,-29.030449,-18.140238,-73.41093,PM*,G3V
HD 16689, ,2,39,56.4,-,24,28,52,213,-65,8.544,0.385,2.594,0.009,3.759,-0.35,67,4.41,0.91,12.4,8.1,15.8,0.91,0.85,0.98,40.5,0.4,0.5,2,768,0.161,2,104,-60,2,14.9,1.2,-23,-44,-25,8.023,-0.061,5.83,8.06,0.16,0.28,39.98499999999999,-24.481111111111108,-23.747314,-15.421682,-60.72262,PM*,G3V
HD 16752, ,2,40,37.6,-,21,34,43,206,-65,8.348,0.357,2.602,0.006,3.771,-0.64,58,4.54,0.72,8.4,2.3,13.0,0.91,0.84,0.99,2.7,0.3,0.3,2,768,0.424,3,-30,-190,2,17.3,1.0,39,-33,-14,8.022,-0.052,5.99,8.69,0.18,0.12,40.15666666666666,-21.578611111111112,-22.031115,-10.74529,-52.56585,PM*,G0V
HD 16830,*,2,40,48.5,-,37,32,53,244,-65,9.251,0.395,0.0,0.0,3.751,-0.51,68,5.09,0.51,0.0,0.0,0.0,0.83,0.79,0.92,-20.8,0.3,0.1,2,361,0.885,2,22,-70,2,14.7,1.2,17,-12,24,8.013,-0.062,7.24,8.55,0.08,0.56,40.20208333333333,-37.54805555555556,-12.597924,-25.829584,-61.62893,PM*,G3V
HD 16846, ,2,43,12.4,+,35,57,30,147,-22,8.841,0.435,0.0,0.0,3.743,0.1,67,4.71,0.6,11.3,5.9,15.8,0.96,0.89,1.03,18.0,0.2,0.1,2,356,0.816,3,90,-74,2,0.0,0.0,-31,-23,-14,8.052,-0.025,6.85,8.26,0.09,0.1,40.80166666666666,35.958333333333336,-52.09932,33.833694,-25.09864,PM*,G5
HD 16894, ,2,45,11.7,+,61,23,10,136,1,8.06,0.483,0.0,0.0,3.716,-0.34,26,5.99,0.19,0.0,0.0,0.0,0.78,0.75,0.83,7.5,0.2,0.1,2,354,0.788,1,-18,-20,3,0.0,0.0,-5,6,-3,8.019,0.001,8.0,8.77,0.05,0.06,41.29874999999999,61.38611111111111,-18.699986,18.058369,0.45376256,*,G2V
HD 16931,*,2,41,6.5,-,51,26,27,270,-58,8.551,0.403,0.0,0.0,3.746,-0.62,47,5.2,0.57,0.0,0.0,0.0,0.81,0.77,0.9,5.9,0.2,0.2,4,846,0.697,2,318,119,1,21.4,0.8,-65,-35,15,8.0,-0.04,5.84,8.79,0.2,0.39,40.27708333333333,-51.44083333333333,2.9700354e-07,-24.906206,-39.85826,PM*,G3V
HD 17323,*,2,45,32.4,-,40,44,30,250,-63,9.603,0.425,0.0,0.0,3.744,-0.03,95,4.71,0.68,13.0,7.4,0.0,0.91,0.87,0.98,54.4,0.4,0.0,1,0,0.0,4,36,12,2,8.9,1.2,-24,-30,-42,8.015,-0.085,6.6,8.09,0.1,0.65,41.38499999999999,-40.74166666666667,-14.751018,-40.5281,-84.64562,*,G5V
HD 17338, ,2,46,47.1,-,5,49,45,180,-55,8.191,0.348,2.622,0.01,3.779,-0.36,62,4.23,0.64,6.4,3.4,9.1,1.0,0.95,1.07,-1.2,0.5,0.7,2,1137,0.048,4,46,74,2,16.1,1.3,-19,7,15,8.035,-0.051,7.98,8.97,0.06,0.39,41.69624999999999,-5.829166666666667,-35.56174,-3.1089062e-06,-50.787426,PM*,G0/1V
HD 17396, ,2,48,18.8,+,30,20,35,151,-26,8.551,0.388,2.599,0.005,3.761,-0.18,94,3.69,1.44,7.8,6.0,9.9,1.03,0.99,1.12,14.9,0.2,0.1,2,555,0.76,4,47,-55,2,0.0,0.0,-22,-22,-17,8.074,-0.041,7.0,8.15,0.08,0.15,42.078333333333326,30.343055555555555,-73.893684,40.959934,-41.20689,PM*,G0V
HD 17439,*,2,44,4.0,-,68,8,54,288,-46,8.632,0.422,0.0,0.0,3.746,0.0,56,4.91,0.41,11.4,3.4,0.0,0.91,0.87,1.0,14.7,0.2,0.1,2,1124,0.948,3,-17,-70,2,18.0,0.8,20,-13,-2,7.988,-0.04,7.05,8.53,0.09,0.09,41.016666666666666,-68.14833333333334,12.021035,-36.996925,-40.283028,PM*,G5V
HD 17499, ,2,48,46.8,+,14,36,49,161,-39,8.197,0.339,2.633,0.017,3.783,-0.41,68,4.03,0.79,5.6,3.7,8.0,1.03,0.97,1.09,30.1,0.4,0.0,1,0,0.0,4,59,-6,1,14.7,1.0,-33,-6,-12,8.05,-0.043,7.5,8.6,0.07,0.08,42.19499999999999,14.61361111111111,-49.96681,17.204948,-42.793785,PM*,G0
HD 17591, ,2,52,22.8,+,63,24,35,136,4,6.795,0.36,0.0,0.0,3.773,-0.15,30,4.39,0.43,6.7,2.8,9.6,1.02,0.96,1.08,-10.1,0.2,0.2,4,1841,0.927,8,179,-113,2,33.0,0.7,-14,-29,-4,8.022,0.002,6.65,8.03,0.09,0.05,43.095,63.40972222222222,-21.527624,20.78899,2.092694,PM*,G0
HD 17605, ,2,50,35.2,+,36,56,53,148,-20,6.446,0.388,0.0,0.0,3.765,0.01,61,2.53,2.34,2.7,2.2,3.0,1.53,1.38,1.59,-2.9,0.2,0.1,2,636,0.802,5,-11,-129,2,16.5,0.9,4,-20,-31,8.048,-0.021,7.09,8.17,0.07,0.39,42.64666666666667,36.948055555555555,-48.611176,30.375643,-20.863228,PM*,G0
HD 17674, ,2,51,4.2,+,30,17,12,152,-26,7.566,0.382,2.593,0.003,3.761,-0.29,47,4.2,1.03,11.4,9.3,13.6,0.98,0.91,1.02,10.4,0.2,0.3,3,653,0.398,3,129,-33,2,21.2,0.9,-25,-19,2,8.037,-0.021,7.09,8.17,0.07,0.14,42.7675,30.28666666666667,-37.298637,19.832039,-20.603445,PM*,G0V
HD 17820, ,2,51,58.3,+,11,22,12,164,-42,8.377,0.374,2.585,0.004,3.761,-0.73,65,4.31,1.22,12.6,8.8,16.1,0.86,0.81,0.92,6.4,0.2,0.4,3,2211,0.284,2,36,-445,2,15.4,1.4,37,-105,-81,8.047,-0.043,3.39,8.33,0.42,2.2,42.99291666666666,11.370000000000001,-46.43318,13.314501,-43.493492,PM*,G5
HD 17831, ,2,50,24.8,-,42,13,40,253,-61,8.502,0.396,2.628,0.038,3.785,0.36,110,3.13,1.0,2.1,1.6,2.9,1.38,1.31,1.44,14.1,0.4,0.5,2,403,0.083,6,-3,-44,1,5.6,0.9,17,-19,-9,8.016,-0.097,6.9,8.38,0.1,0.1,42.603333333333325,-42.22777777777778,-15.591918,-50.99882,-96.20817,*,G2V
HD 17900, ,2,50,43.0,-,48,52,25,264,-58,8.174,0.384,2.609,0.013,3.763,-0.13,64,4.15,0.89,9.8,6.4,11.8,1.01,0.97,1.06,7.6,0.2,0.3,2,384,0.269,2,17,-56,2,15.7,0.7,10,-17,0,8.003,-0.054,7.11,8.26,0.07,0.12,42.67916666666667,-48.87361111111111,-3.5450609,-33.729046,-54.275078,PM*,G2V
HD 18001,*,2,52,41.2,-,31,33,43,230,-63,8.512,0.4,0.0,0.0,3.754,-0.17,51,4.96,0.32,8.6,0.0,17.4,0.91,0.85,1.0,20.0,0.3,0.4,2,830,0.264,5,177,102,2,19.5,1.1,-50,-18,2,8.015,-0.046,6.7,8.71,0.13,0.14,43.17166666666666,-31.561944444444446,-14.882792,-17.736628,-45.441334,PM*,G3V
HD 18024,*,2,51,46.5,-,51,29,13,268,-57,9.171,0.438,0.0,0.0,3.735,-0.19,58,5.34,0.36,0.0,0.0,0.0,0.85,0.81,0.92,-43.1,0.4,0.7,3,361,0.087,4,13,-130,2,17.1,0.9,28,2,49,8.001,-0.049,7.4,9.55,0.13,1.3,42.943749999999994,-51.48694444444445,-1.102451,-31.569822,-48.64289,PM*,G6V
HD 18083, ,2,53,16.6,-,34,29,18,236,-63,8.118,0.37,2.629,0.024,3.782,0.0,57,4.22,0.26,3.7,0.0,6.3,1.11,1.05,1.17,13.8,0.2,0.1,2,771,0.984,6,158,88,2,17.4,0.8,-47,-18,6,8.015,-0.051,6.77,8.66,0.12,0.22,43.31916666666666,-34.48833333333334,-14.470492,-21.453388,-50.787373,PM*,G0/1V
HD 18102,*,2,51,46.2,-,60,15,18,280,-51,9.268,0.456,0.0,0.0,3.731,0.08,65,5.22,0.36,14.5,2.2,0.0,0.89,0.85,0.97,0.9,0.2,0.2,2,360,0.685,4,137,80,2,15.5,0.8,-45,-18,7,7.993,-0.05,6.81,8.57,0.11,0.23,42.942499999999995,-60.255,7.103222,-40.284374,-50.51449,PM*,G6V
HD 18123, ,2,57,13.7,+,58,21,37,139,-1,8.824,0.419,0.0,0.0,3.742,-0.24,51,5.29,0.31,0.0,0.0,0.0,0.85,0.81,0.93,4.5,0.2,0.3,4,2213,0.589,1,152,-306,2,19.6,1.2,-47,-48,-49,8.038,-0.001,5.6,8.36,0.2,0.82,44.30708333333333,58.36027777777778,-38.48433,33.45391,-0.8900727,PM*,G5V
HD 18144, ,2,55,17.4,+,16,18,33,161,-37,7.409,0.452,0.0,0.0,3.732,0.03,26,5.32,0.27,0.0,0.0,0.0,0.87,0.84,0.97,-1.9,0.3,0.6,3,2775,0.037,1,204,-46,2,38.3,1.1,-12,-21,9,8.02,-0.016,7.07,8.02,0.06,0.25,43.8225,16.309166666666666,-19.633244,6.760267,-15.64719,PM*,G8V
HD 18194, ,2,55,9.2,-,7,59,45,186,-55,8.326,0.448,0.0,0.0,3.731,-0.16,34,5.65,0.11,0.0,0.0,0.0,0.85,0.8,0.91,14.5,0.2,0.3,5,4011,0.71,2,201,-17,2,29.1,1.1,-26,-24,2,8.02,-0.028,6.8,8.15,0.09,0.14,43.78833333333333,-7.995833333333334,-19.394768,-2.0384715,-27.85117,PM*,G9V
HD 18708,*,2,59,8.1,-,40,43,24,249,-60,8.423,0.4,0.0,0.0,3.758,0.03,68,4.24,0.78,8.8,5.7,11.5,1.03,0.98,1.09,7.6,0.2,0.1,2,677,0.847,4,22,-53,1,14.6,0.9,8,-18,-1,8.012,-0.06,7.06,8.2,0.07,0.11,44.78375,-40.723333333333336,-12.184504,-31.741732,-58.889732,PM*,G3V
HD 18709, ,2,58,59.0,-,43,44,53,254,-59,7.387,0.381,2.6,0.01,3.761,-0.34,39,4.44,0.83,11.9,7.2,15.6,0.93,0.85,0.99,28.5,0.2,0.2,3,3325,0.628,3,52,-166,1,25.7,0.7,14,-38,-15,8.005,-0.034,6.05,8.18,0.15,0.12,44.74583333333333,-43.74805555555556,-5.5365825,-19.308369,-33.429523,PM*,G0VFe-0.4
HD 18803, ,3,2,26.0,+,26,36,33,156,-28,6.619,0.43,2.588,0.0,3.744,0.13,21,4.99,0.27,7.9,0.0,15.7,1.01,0.9,1.05,9.5,0.1,0.4,33,4898,0.054,2,233,-168,1,47.2,0.9,-19,-23,-6,8.017,-0.01,6.92,8.06,0.08,0.02,45.60833333333332,26.609166666666667,-16.938868,7.5416684,-9.858903,PM*,G8V
HD 18836, ,3,1,20.1,-,17,13,48,201,-58,8.216,0.372,2.618,0.017,3.768,-0.29,87,3.52,1.55,6.8,5.4,8.5,1.08,1.01,1.14,35.1,0.2,0.3,2,626,0.404,6,-29,78,2,11.5,1.2,-31,25,-28,8.042,-0.074,7.92,10.36,0.13,0.4,45.333749999999995,-17.229999999999997,-43.04084,-16.521828,-73.78018,PM*,G1V
HD 18916, ,3,4,24.9,+,50,1,56,144,-7,8.005,0.411,0.0,0.0,3.747,-0.22,36,5.24,0.24,0.0,0.0,0.0,0.87,0.82,0.96,-51.5,0.2,0.2,4,2268,0.77,1,-209,144,2,28.0,1.0,66,5,10,8.029,-0.005,6.73,10.71,0.23,0.31,46.10375,50.032222222222224,-28.907522,21.002544,-4.3872967,PM*,G5
HD 18962, ,3,6,49.3,+,67,24,37,135,8,7.914,0.399,2.585,0.001,3.754,-0.41,90,3.14,2.34,5.1,4.0,6.3,1.16,1.06,1.25,-11.1,0.3,0.4,2,307,0.282,3,-33,-1,2,11.1,0.9,15,1,-9,8.064,0.012,7.65,8.98,0.08,0.03,46.705416666666665,67.41027777777778,-63.02027,63.02027,12.525579,*,G0
HD 18993, ,3,4,59.7,+,46,35,5,146,-10,8.233,0.404,0.0,0.0,3.759,0.24,70,4.01,0.81,6.9,3.3,9.2,1.12,1.07,1.18,-20.0,0.2,0.3,4,748,0.567,2,36,-91,2,0.0,0.0,5,-34,-16,8.057,-0.013,6.34,8.13,0.12,0.13,46.248749999999994,46.584722222222226,-57.150974,38.548832,-12.155373,PM*,G0
HD 19019, ,3,3,50.8,+,6,7,59,172,-44,6.924,0.357,2.621,0.008,3.774,-0.24,31,4.44,0.44,7.3,2.8,10.2,0.99,0.94,1.06,24.7,0.3,0.1,3,719,0.919,4,232,51,2,31.8,0.9,-40,-15,4,8.022,-0.022,7.02,8.55,0.1,0.17,45.96166666666666,6.133055555555555,-22.082516,3.103497,-21.53441,PM*,G0V
HD 19034, ,3,3,38.9,-,5,39,58,185,-52,8.083,0.423,2.567,0.0,3.739,-0.39,35,5.34,0.43,0.0,0.0,0.0,0.82,0.79,0.9,-20.5,0.1,0.2,14,2620,0.944,2,333,-264,2,28.3,1.2,5,-69,25,8.022,-0.028,4.69,8.06,0.26,0.59,45.91208333333333,-5.666111111111111,-21.466156,-1.8780468,-27.580378,PM*,G5V
HD 19103, ,3,5,23.1,+,32,5,48,153,-23,8.062,0.341,0.0,0.0,3.785,-0.08,72,3.78,0.7,3.7,2.8,5.7,1.14,1.08,1.21,-16.9,0.4,0.5,2,2146,0.214,3,32,-17,2,13.9,1.1,8,-18,7,8.059,-0.028,7.13,8.26,0.07,0.22,46.34625,32.09666666666667,-59.052658,30.088839,-28.13264,*,G0
HD 19155, ,3,5,2.7,+,2,56,28,175,-46,8.416,0.446,2.591,0.052,3.762,0.09,98,3.24,1.64,4.7,3.2,6.0,1.2,1.13,1.32,11.2,0.6,0.8,2,783,0.271,18,13,-5,2,4.5,1.1,-10,-5,-6,8.068,-0.07,8.06,8.07,0.0,0.07,46.26125,2.9411111111111112,-67.81747,5.9332685,-70.4953,*,G2IV/V
HD 19256, ,3,8,25.7,+,57,0,46,141,-1,6.639,0.388,0.0,0.0,3.767,0.19,32,4.14,0.53,4.7,3.2,7.5,1.17,1.09,1.2,3.7,0.2,0.3,2,601,0.299,3,130,-108,1,31.6,0.8,-19,-17,-4,8.025,-0.001,7.26,8.08,0.05,0.04,47.10708333333333,57.01277777777778,-24.86488,20.13519,-0.558477,PM*,G0IV
HD 19423, ,3,4,54.9,-,57,9,58,274,-52,7.889,0.403,2.598,0.012,3.752,-0.23,53,4.27,1.11,13.1,10.9,15.0,0.94,0.91,0.98,23.5,0.2,0.2,3,2741,0.535,3,-34,-23,2,18.9,0.6,10,-11,-21,7.998,-0.042,7.34,8.36,0.07,0.21,46.22875,-57.16611111111111,2.276161,-32.55057,-41.764572,*,G2V
HD 19467, ,3,7,18.5,-,13,45,42,197,-56,6.974,0.41,2.577,0.0,3.75,-0.13,31,4.49,0.85,13.4,9.0,17.2,0.93,0.88,0.98,6.3,0.1,0.4,15,3775,0.304,1,-8,-261,1,31.8,0.9,21,-29,-17,8.017,-0.026,6.41,8.36,0.13,0.15,46.82708333333333,-13.761666666666667,-16.577524,-5.068259,-25.700167,PM*,G3V
HD 19478, ,3,7,16.8,-,20,38,55,209,-58,8.614,0.379,2.603,0.006,3.764,-0.33,94,3.75,1.44,8.4,6.5,10.8,1.01,0.96,1.06,-21.6,0.4,0.6,3,1567,0.032,1,3,-46,2,10.6,1.4,24,-10,15,8.043,-0.08,7.16,8.79,0.1,0.38,46.81999999999999,-20.648611111111112,-43.566914,-24.14954,-79.71652,*,G1/2V
HD 19518, ,3,8,44.3,+,15,20,5,165,-36,7.862,0.401,2.594,0.008,3.754,-0.14,41,4.8,0.45,10.8,3.9,16.8,0.92,0.86,1.0,-27.5,0.1,0.3,7,2951,0.73,3,70,-195,1,24.4,1.0,25,-42,-1,8.032,-0.024,5.78,8.34,0.18,0.09,47.18458333333332,15.334722222222222,-32.039467,8.584952,-24.099195,PM*,G8V
HD 19537, ,3,11,4.6,+,55,43,59,142,-2,8.671,0.381,2.599,0.007,3.762,-0.33,65,4.61,0.63,10.4,5.0,15.4,0.92,0.85,0.99,-1.8,0.2,0.1,3,397,0.977,5,117,-86,2,15.4,1.2,-26,-36,-4,8.051,-0.002,6.23,8.13,0.13,0.04,47.769166666666656,55.73305555555556,-51.1895,39.993618,-2.2684672,PM*,G0V
HD 19556, ,3,12,47.0,+,67,24,1,136,8,8.446,0.41,0.0,0.0,3.748,-0.35,60,4.56,1.0,15.3,10.9,0.0,0.86,0.83,0.91,-22.1,0.2,0.1,2,710,0.727,2,103,-95,1,0.0,0.0,-12,-42,-11,8.043,0.009,5.94,8.04,0.15,0.05,48.195833333333326,67.40027777777779,-42.74035,41.273884,8.350387,PM*,G5
HD 19617, ,3,10,9.9,+,18,20,44,163,-33,8.699,0.434,2.604,0.0,3.743,0.08,57,4.91,0.41,10.9,3.0,17.6,0.93,0.88,1.02,-27.7,0.2,0.2,4,749,0.667,2,164,-59,1,17.5,1.3,2,-47,27,8.046,-0.031,5.74,8.08,0.17,0.62,47.54124999999999,18.345555555555553,-45.715405,13.976608,-31.044426,PM*,G5
HD 19632, ,3,8,52.4,-,24,53,15,217,-59,7.293,0.424,2.579,0.0,3.745,-0.03,30,4.89,0.47,12.8,5.6,0.0,0.9,0.87,0.97,40.6,0.2,0.3,4,1574,0.342,4,227,136,2,33.1,0.9,-49,-20,-16,8.012,-0.026,6.66,8.67,0.13,0.13,47.21833333333333,-24.8875,-12.339831,-9.298729,-25.71502,PM*,G5V
HD 19638, ,3,9,56.3,+,6,42,17,173,-42,8.183,0.456,0.0,0.0,3.735,0.17,101,3.16,2.27,3.9,3.2,5.1,1.26,1.23,1.28,-0.4,0.4,0.6,2,1459,0.105,5,109,-57,3,9.9,1.1,-17,-55,12,8.074,-0.068,5.35,8.09,0.2,0.31,47.484583333333326,6.704722222222222,-74.49815,9.147219,-67.58219,PM*,G5
HD 19641, ,3,8,26.4,-,37,51,8,242,-59,8.262,0.407,2.603,0.02,3.762,0.01,52,4.59,0.35,7.1,1.4,11.2,1.01,0.95,1.08,50.7,0.2,0.2,5,3517,0.883,5,-22,115,2,19.2,0.8,-33,-1,-48,8.012,-0.045,7.63,8.87,0.07,0.81,47.10999999999999,-37.852222222222224,-12.57338,-23.647085,-44.5727,PM*,G2V
HD 19769, ,3,12,30.4,+,43,51,38,148,-12,7.56,0.376,0.0,0.0,3.768,0.0,41,4.48,0.33,5.8,0.8,9.7,1.03,0.98,1.11,11.5,0.2,0.1,3,2608,0.967,3,175,-21,2,24.2,1.0,-29,-19,12,8.034,-0.009,7.06,8.24,0.08,0.3,48.12666666666666,43.86055555555556,-34.010162,21.251915,-8.52438,PM*,G0
HD 19834, ,3,11,40.4,+,8,56,13,171,-40,8.58,0.355,2.624,0.022,3.786,-0.28,69,4.29,0.35,4.6,0.0,7.6,1.04,0.98,1.1,14.1,0.3,0.1,2,431,0.811,2,-19,-62,2,0.0,0.0,0,-9,-24,8.052,-0.045,7.68,8.22,0.03,0.26,47.91833333333332,8.936944444444444,-52.20631,8.268666,-44.352345,PM*,G0
HD 19962, ,3,13,45.6,+,36,8,24,153,-18,8.559,0.458,0.0,0.0,3.725,-0.18,38,5.68,0.21,0.0,0.0,0.0,0.83,0.79,0.89,14.5,0.2,0.2,2,613,0.454,1,111,-33,2,26.6,1.1,-23,-10,1,8.032,-0.012,7.54,8.23,0.04,0.12,48.44,36.14,-32.201107,16.407288,-11.742646,PM*,G5
HD 20003,*,3,7,37.9,-,72,19,18,290,-41,8.38,0.445,0.0,0.0,3.735,0.05,43,5.21,0.31,0.0,0.0,0.0,0.89,0.85,0.98,-16.5,0.2,0.3,2,363,0.244,2,70,-10,2,23.2,0.8,-10,2,19,7.989,-0.028,7.98,8.49,0.03,0.45,46.907916666666665,-72.32166666666666,11.099411,-30.495388,-28.210539,PM*,G8V
HD 20155,*,3,13,24.0,-,28,58,28,225,-59,7.882,0.389,0.0,0.0,3.764,-0.05,93,3.03,1.91,4.1,3.3,4.8,1.29,1.19,1.36,-8.8,0.2,0.3,2,817,0.408,3,57,-70,2,10.7,0.9,13,-34,18,8.034,-0.08,6.27,8.21,0.13,0.43,48.35,-28.974444444444444,-33.869385,-33.86938,-79.71656,PM*,G0V
HD 20278, ,3,16,3.1,+,11,37,42,170,-38,8.013,0.391,2.619,0.029,3.778,0.07,93,3.04,1.47,2.7,2.4,3.2,1.38,1.29,1.46,45.1,0.2,0.2,3,822,0.678,5,194,-10,1,10.7,1.1,-79,-54,15,8.073,-0.057,5.0,8.97,0.28,0.39,49.012916666666655,11.628333333333334,-72.17164,12.725815,-57.25652,PM*,G5
HD 20339, ,3,15,53.4,-,14,47,56,200,-54,7.859,0.383,2.579,0.0,3.763,-0.09,47,4.5,0.5,8.3,4.1,12.1,0.99,0.94,1.05,40.6,0.2,0.2,5,1569,0.718,4,77,-118,2,21.3,0.9,-16,-38,-31,8.026,-0.038,6.19,8.03,0.13,0.39,48.97249999999999,-14.79888888888889,-25.95986,-9.448617,-38.0238,PM*,G2V
HD 20407, ,3,15,6.3,-,45,39,53,256,-56,6.763,0.373,2.605,0.016,3.763,-0.4,24,4.83,0.44,8.0,0.0,15.1,0.9,0.83,0.99,4.3,0.2,0.2,4,3077,0.806,3,-132,144,1,41.0,0.6,-6,17,-15,8.003,-0.02,8.0,9.49,0.09,0.12,48.77624999999999,-45.664722222222224,-3.2467446,-13.021979,-19.896902,PM*,G5VFe-1.2CH-1
HD 20527, ,3,18,41.2,+,18,28,22,165,-32,8.717,0.435,2.593,0.0,3.741,0.06,65,4.67,0.71,12.9,8.2,17.5,0.93,0.89,0.99,7.1,0.2,0.1,2,412,0.715,3,39,-36,2,15.5,1.4,-10,-14,-5,8.053,-0.034,7.5,8.05,0.04,0.05,49.67166666666666,18.472777777777775,-53.24485,14.26692,-34.44475,PM*,G5
HD 20548, ,3,20,7.2,+,47,16,53,147,-8,8.179,0.421,0.0,0.0,3.746,-0.04,50,4.68,0.67,12.5,7.0,17.6,0.91,0.87,0.99,14.8,0.2,0.4,4,750,0.215,2,108,-92,2,0.0,0.0,-30,-21,-7,8.042,-0.007,6.96,8.25,0.08,0.01,50.029999999999994,47.28138888888889,-41.525433,26.966932,-6.9586554,PM*,G5
HD 20600, ,3,19,29.0,+,19,43,13,164,-31,8.5,0.335,2.651,0.022,3.801,0.04,83,3.81,0.19,2.1,0.0,3.3,1.23,1.17,1.29,33.6,0.3,0.3,2,417,0.441,2,92,-17,2,0.0,0.0,-45,-21,-2,8.068,-0.043,6.74,8.6,0.12,0.09,49.87083333333332,19.720277777777778,-68.388855,19.61019,-42.74816,PM*,G0
HD 20619, ,3,19,1.8,-,2,50,35,185,-47,7.052,0.406,2.584,0.003,3.749,-0.24,25,5.09,0.36,0.0,0.0,0.0,0.86,0.82,0.96,22.5,0.1,0.2,10,2248,0.921,3,255,-102,2,40.5,1.0,-25,-29,-6,8.017,-0.018,6.53,8.1,0.11,0.03,49.75749999999999,-2.843055555555556,-16.985077,-1.4860028,-18.283842,PM*,G1.5V
HD 20670, ,3,21,56.7,+,52,37,18,145,-4,7.695,0.43,0.0,0.0,3.747,0.2,78,3.25,1.89,5.6,3.8,6.7,1.31,1.23,1.38,15.1,0.3,0.3,2,3665,0.426,2,162,-62,2,12.9,0.9,-49,-42,12,8.063,-0.005,5.79,8.45,0.19,0.32,50.48625,52.62166666666667,-63.738216,44.629986,-5.4410048,PM*,G5
HD 20794, ,3,19,55.6,-,43,4,11,251,-56,4.254,0.442,2.575,0.0,3.732,-0.3,6,5.34,0.5,0.0,8.3,0.0,0.83,0.82,0.85,87.2,0.1,0.3,16,4763,0.078,1,3038,728,1,165.0,0.6,-79,-93,-29,8.001,-0.005,3.52,8.62,0.42,0.35,49.981666666666655,-43.069722222222225,-1.0923325,-3.1723635,-4.9742255,PM*,G6V
HD 21036, ,3,21,23.8,-,52,51,18,266,-52,8.436,0.446,0.0,0.0,3.736,0.04,45,5.18,0.32,0.0,0.0,0.0,0.89,0.85,0.98,22.3,0.1,0.3,5,2888,0.594,5,123,132,2,22.3,0.8,-39,-18,-11,8.002,-0.035,6.89,8.43,0.1,0.07,50.34916666666666,-52.855000000000004,-1.9325887,-27.63728,-35.460484,PM*,G6IV
HD 21079, ,3,23,6.8,-,29,21,55,226,-57,9.015,0.35,2.648,0.024,3.802,0.42,143,3.14,0.63,1.4,0.8,1.9,1.4,1.34,1.47,6.8,0.4,0.6,2,777,0.113,11,27,7,2,6.6,1.4,-16,-12,5,8.055,-0.119,7.63,8.1,0.03,0.22,50.77833333333333,-29.36527777777778,-54.102345,-56.024624,-119.929886,*,G0V
HD 21252, ,3,25,15.0,-,15,2,21,202,-52,7.987,0.423,2.582,0.027,3.755,-0.21,65,3.79,1.5,8.6,7.4,10.0,1.03,1.0,1.07,49.8,0.2,0.2,5,2629,0.729,1,-147,-276,2,15.3,0.9,50,-42,-87,8.037,-0.052,5.82,9.04,0.22,2.24,51.31249999999999,-15.039166666666667,-37.10404,-14.991008,-51.2207,PM*,G3V
HD 21313, ,3,27,29.3,+,34,48,23,156,-18,8.191,0.377,0.0,0.0,3.772,0.25,71,3.92,0.57,4.1,2.2,7.1,1.2,1.15,1.25,-20.3,0.2,0.4,4,2113,0.229,3,3,-76,2,14.0,1.3,17,-25,-13,8.062,-0.022,6.67,8.36,0.11,0.09,51.87208333333333,34.80638888888888,-61.687176,27.464895,-21.940207,PM*,G0
HD 21496, ,3,28,13.0,+,7,18,8,176,-39,8.002,0.379,2.611,0.015,3.767,-0.15,74,3.65,1.31,6.9,5.5,8.3,1.09,1.04,1.15,-30.5,0.3,0.2,2,365,0.672,7,-15,-83,2,13.5,1.1,38,-20,0,8.058,-0.046,6.56,8.94,0.15,0.13,52.05416666666667,7.302222222222222,-57.368717,4.011611,-46.56971,PM*,G0
HD 21543, ,3,28,21.0,-,6,31,51,191,-47,8.23,0.4,2.578,0.0,3.749,-0.6,45,4.94,0.76,16.0,6.4,0.0,0.82,0.79,0.88,63.7,0.1,0.3,7,4436,0.604,3,358,-194,2,22.0,1.2,-58,-90,-19,8.03,-0.033,3.73,8.33,0.38,0.19,52.0875,-6.530833333333334,-30.126064,-5.855912,-32.910915,PM*,G2V
HD 21640, ,3,31,47.7,+,50,24,51,147,-5,8.311,0.403,0.0,0.0,3.752,-0.6,71,4.05,1.58,12.8,9.9,16.3,0.85,0.82,0.93,-40.5,0.2,0.5,4,751,0.214,5,29,15,1,0.0,0.0,31,-26,13,8.06,-0.006,6.47,8.65,0.14,0.34,52.94875,50.41416666666667,-59.319023,38.522224,-6.1880574,*,G0
HD 21693, ,3,27,12.4,-,58,19,25,273,-49,7.947,0.462,0.0,0.0,3.727,-0.02,32,5.4,0.33,16.8,0.7,0.0,0.85,0.83,0.92,39.1,0.1,0.3,5,3514,0.546,2,251,95,2,31.0,0.7,-31,-46,-13,7.999,-0.024,5.68,8.1,0.18,0.09,51.80166666666666,-58.32361111111111,1.0987393,-20.965117,-24.150707,PM*,G9IV-V
HD 21774, ,3,31,15.4,+,20,46,5,166,-28,8.092,0.429,2.588,0.0,3.747,0.19,50,4.6,0.55,9.8,5.8,13.3,1.04,0.95,1.08,-3.7,0.2,0.2,5,768,0.908,1,-113,-195,1,20.0,1.2,25,-16,-44,8.043,-0.024,6.95,8.71,0.11,0.72,52.81416666666666,20.768055555555556,-42.83601,10.680216,-23.47358,PM*,G5
HD 21809, ,3,32,19.8,+,38,3,43,155,-15,7.28,0.497,0.0,0.0,3.706,-0.57,16,6.26,0.25,0.0,0.0,0.0,0.74,0.71,0.78,16.3,0.2,0.1,2,408,0.89,1,-75,-50,2,0.0,0.0,-12,8,-10,8.014,-0.004,8.01,8.89,0.05,0.05,53.082499999999996,38.06194444444444,-14.006817,6.5314875,-4.1411047,PM*,G5
HD 21857, ,3,31,42.8,+,8,46,3,176,-37,8.733,0.418,2.595,0.0,3.75,0.04,73,4.42,0.78,10.1,6.6,13.5,0.98,0.92,1.05,-4.2,0.2,0.3,4,755,0.379,2,-22,106,2,0.0,0.0,-6,32,19,8.058,-0.044,8.05,10.83,0.15,0.51,52.92833333333333,8.7675,-58.158382,4.066829,-43.932495,PM*,G5
HD 21863, ,3,33,47.6,+,52,17,17,146,-3,8.824,0.371,0.0,0.0,3.771,-0.04,81,4.27,0.5,6.0,2.6,9.1,1.05,0.99,1.12,3.8,0.3,0.3,2,412,0.472,3,87,-73,1,12.3,1.2,-27,-34,-4,8.068,-0.004,6.32,8.16,0.13,0.05,53.44833333333332,52.28805555555555,-67.060005,45.23256,-4.2392125,PM*,G0V
HD 21892,*,3,29,47.4,-,47,23,33,257,-53,8.802,0.398,0.0,0.0,3.755,-0.1,69,4.61,0.59,10.6,6.0,15.0,0.95,0.89,1.01,15.2,0.2,0.1,2,359,0.926,5,65,79,2,14.5,0.8,-35,-11,-5,8.009,-0.055,7.27,8.48,0.08,0.07,52.4475,-47.3925,-9.34115,-40.460945,-55.105854,PM*,G3V
HD 21938, ,3,30,50.3,-,37,22,20,240,-55,7.72,0.381,2.6,0.015,3.76,-0.42,40,4.72,0.63,11.3,5.0,0.0,0.87,0.82,0.96,79.1,0.2,0.4,4,2744,0.148,4,-195,-22,2,25.1,0.7,-2,-17,-86,8.011,-0.033,7.65,8.18,0.03,1.93,52.70958333333333,-37.37222222222222,-11.471527,-19.869272,-32.766083,PM*,G0V
HD 21939, ,3,30,41.9,-,40,7,8,245,-55,8.494,0.37,2.607,0.008,3.767,-0.47,85,3.83,1.4,9.0,7.3,10.8,0.99,0.95,1.03,-4.6,0.2,0.2,3,1360,0.702,3,-40,-126,1,11.7,0.9,52,-14,-1,8.021,-0.07,6.47,9.46,0.19,0.12,52.674583333333324,-40.11888888888889,-20.604326,-44.18613,-69.62792,PM*,G0/1V
HD 21977, ,3,32,25.9,-,4,21,39,189,-45,8.186,0.387,2.604,-0.004,3.764,0.11,53,4.57,0.25,4.9,0.0,9.2,1.06,1.0,1.12,26.6,0.2,0.4,5,3360,0.263,2,157,-86,2,18.9,1.1,-26,-45,-5,8.037,-0.038,5.78,8.1,0.17,0.05,53.10791666666666,-4.360833333333333,-37.01526,-5.862638,-37.476658,PM*,G2/3V
HD 21995, ,3,32,23.8,-,8,36,13,195,-48,8.058,0.373,2.613,0.009,3.767,-0.21,65,4.01,1.01,8.9,6.5,10.9,1.01,0.98,1.06,-16.2,0.2,0.3,5,3255,0.528,5,-22,-235,2,15.5,1.1,55,-46,-18,8.042,-0.048,5.32,8.94,0.25,0.19,53.099166666666655,-8.60361111111111,-42.011482,-11.256945,-48.304417,PM*,G2/3(V)
HD 22019,*,3,31,4.9,-,46,36,52,256,-53,8.834,0.419,0.0,0.0,3.746,-0.25,85,4.17,1.35,12.7,10.5,15.3,0.94,0.89,0.98,14.2,0.2,0.3,2,359,0.337,2,56,-65,2,11.7,0.9,9,-36,6,8.013,-0.068,6.2,8.13,0.13,0.21,52.77041666666666,-46.614444444444445,-12.37534,-49.634773,-67.88402,PM*,G5V
HD 22104, ,3,27,37.1,-,73,26,22,290,-39,8.311,0.423,0.0,0.0,3.75,0.15,65,4.25,0.86,9.8,7.1,11.7,1.09,1.0,1.13,9.3,0.2,0.1,3,2159,0.943,4,75,129,2,15.4,0.7,-42,-15,-14,7.983,-0.041,6.94,8.55,0.1,0.1,51.90458333333333,-73.43944444444445,17.276968,-47.46809,-40.905827,PM*,G3V
HD 22168, ,3,34,49.2,+,16,7,38,170,-31,8.59,0.347,2.636,0.034,3.798,-0.34,115,3.14,1.28,3.0,2.4,4.8,1.18,1.11,1.29,-5.6,0.3,0.1,2,411,0.803,9,-59,-60,2,0.0,0.0,28,-4,-36,8.097,-0.06,7.32,9.23,0.12,0.54,53.704999999999984,16.127222222222223,-97.076675,17.117249,-59.229378,PM*,G
HD 22177, ,3,32,1.8,-,52,28,25,264,-51,7.787,0.443,0.0,0.0,3.74,0.14,51,4.26,1.08,11.1,9.6,12.6,1.02,0.99,1.05,52.0,0.2,0.2,3,1472,0.656,2,162,-61,2,19.7,0.7,-10,-64,-14,8.003,-0.039,4.87,8.0,0.24,0.11,53.00749999999999,-52.47361111111111,-3.3548725,-31.91952,-39.634445,PM*,G3/5V
HD 22249,*,3,33,3.8,-,46,43,20,256,-53,8.742,0.414,0.0,0.0,3.745,-0.24,54,5.08,0.46,14.6,4.1,0.0,0.86,0.82,0.93,15.6,0.3,0.1,2,1002,0.916,3,41,-3,1,18.5,0.9,-7,-16,-6,8.008,-0.043,7.34,8.02,0.04,0.05,53.26583333333332,-46.72222222222222,-7.861981,-31.532679,-43.12632,*,G2V
HD 22282, ,3,35,12.9,-,0,44,20,186,-43,8.531,0.469,0.0,0.0,3.729,0.23,51,5.01,0.52,14.1,6.6,0.0,0.92,0.88,1.02,-5.2,0.2,0.4,5,1146,0.213,1,104,-120,1,19.8,1.1,6,-38,5,8.037,-0.034,6.15,8.11,0.14,0.18,53.803749999999994,-0.7388888888888888,-37.09471,-3.8988101,-34.781914,PM*,G8/K0V
HD 22309, ,3,36,3.1,+,16,28,2,170,-31,7.652,0.374,2.589,-0.014,3.766,0.11,45,4.38,0.39,5.3,2.0,8.7,1.09,1.03,1.15,-27.5,0.1,0.5,13,5247,0.045,3,-287,-289,1,22.2,1.1,68,-9,-60,8.038,-0.023,6.44,10.37,0.23,1.35,54.01291666666666,16.46722222222222,-37.986523,6.6980534,-23.176714,PM*,G0
HD 22471, ,3,36,12.9,-,18,33,0,209,-51,7.86,0.407,2.597,0.021,3.766,0.07,119,2.39,2.41,2.4,2.0,3.0,1.5,1.45,1.58,-16.2,0.2,0.1,4,827,0.973,4,26,-75,2,8.4,1.0,31,-34,11,8.065,-0.093,6.09,8.57,0.17,0.31,54.053749999999994,-18.55,-65.4995,-36.30697,-92.48037,PM*,G3V
HD 22481, ,3,37,20.6,+,15,5,43,172,-32,8.258,0.337,2.618,-0.004,3.784,-0.27,68,4.09,0.59,5.4,2.8,7.8,1.05,0.99,1.11,25.3,0.4,0.0,1,0,0.0,1,-23,-63,1,14.7,1.3,-12,-7,-30,8.057,-0.036,7.96,8.09,0.01,0.37,54.33583333333333,15.095277777777778,-57.106056,8.025738,-36.03451,PM*,G0
HD 22718, ,3,41,25.6,+,50,49,17,148,-4,8.203,0.394,2.594,0.001,3.758,-0.25,92,3.39,1.87,6.4,4.9,8.1,1.11,1.04,1.18,-58.7,0.2,0.1,2,305,0.924,2,-35,59,2,10.9,1.1,64,-7,15,8.078,-0.006,6.54,10.2,0.22,0.41,55.35666666666666,50.82138888888889,-77.83037,48.633827,-6.4175954,PM*,G0
HD 22839, ,3,39,23.5,-,20,35,20,213,-51,8.52,0.418,2.605,0.039,3.771,0.11,122,2.92,1.73,2.8,2.3,3.7,1.44,1.34,1.5,8.7,0.2,0.1,2,827,0.829,5,12,-2,2,3.1,1.1,-7,-8,-3,8.064,-0.095,7.87,8.09,0.01,0.11,54.84791666666666,-20.58888888888889,-64.390686,-41.81579,-94.81181,*,G1IV/V
HD 23030, ,3,41,41.4,-,2,50,51,190,-43,8.074,0.405,2.607,0.021,3.768,0.19,57,4.19,0.46,4.6,2.8,7.4,1.15,1.08,1.19,-35.2,0.3,0.4,3,2446,0.103,4,-40,-26,2,17.4,1.0,34,5,14,8.042,-0.039,7.34,9.72,0.14,0.37,55.42249999999999,-2.8475,-41.053837,-7.238902,-38.873905,*,G3V
HD 23074, ,3,45,20.9,+,60,21,3,143,4,8.014,0.367,2.615,0.014,3.77,-0.43,78,3.57,1.57,7.2,5.9,8.7,1.04,0.99,1.1,-14.7,0.3,0.4,2,604,0.282,5,-55,-2,2,12.9,1.1,20,4,-14,8.062,0.006,7.61,9.24,0.1,0.11,56.337083333333325,60.350833333333334,-62.14182,46.827232,5.4410048,PM*,G0
HD 23202, ,3,40,40.2,-,53,44,17,265,-49,7.932,0.387,2.579,0.0,3.763,-0.06,80,3.42,1.56,5.5,4.7,6.4,1.16,1.12,1.23,38.4,0.3,0.4,3,2156,0.134,5,92,-8,2,12.5,0.7,-16,-49,-8,8.004,-0.061,5.59,8.01,0.18,0.06,55.16749999999999,-53.738055555555555,-4.574343,-52.285004,-60.37677,PM*,G1V
HD 23314, ,3,44,39.5,+,10,10,40,177,-34,8.618,0.429,2.565,0.0,3.737,-0.39,49,5.17,0.64,0.0,8.4,0.0,0.83,0.8,0.88,5.7,0.2,0.2,5,1479,0.778,1,171,-231,2,20.4,1.2,-4,-66,-9,8.041,-0.027,4.8,8.05,0.25,0.04,56.164583333333326,10.177777777777777,-40.56717,2.126039,-27.400452,PM*,G5
HD 23565, ,3,48,37.4,+,51,49,23,149,-2,7.681,0.438,0.0,0.0,3.738,-0.38,62,3.73,2.05,9.1,7.7,10.9,1.01,0.94,1.05,-39.4,0.2,0.1,2,1094,0.816,2,-74,-43,1,16.2,1.0,39,-13,-22,8.053,-0.002,6.76,9.14,0.15,0.24,57.15583333333333,51.823055555555555,-53.112,31.912909,-2.1637688,PM*,G5V
HD 23576, ,3,44,45.4,-,38,49,4,242,-52,7.509,0.379,2.623,0.017,3.767,-0.01,44,4.29,0.55,6.8,3.7,9.7,1.04,0.99,1.1,53.3,0.2,0.4,4,2743,0.173,3,-46,52,2,22.7,0.8,-21,-16,-48,8.013,-0.035,7.38,8.14,0.05,0.78,56.18916666666666,-38.81777777777778,-12.7175665,-23.91826,-34.672474,PM*,G1V
HD 23698, ,3,49,2.7,+,44,20,36,153,-8,8.75,0.385,0.0,0.0,3.762,-0.17,78,4.29,0.81,9.4,5.9,12.7,0.99,0.93,1.04,24.5,0.2,0.1,4,750,0.979,4,70,-57,1,0.0,0.0,-37,-19,-3,8.069,-0.011,6.95,8.44,0.1,0.06,57.26124999999999,44.343333333333334,-68.82214,35.066643,-10.855502,PM*,G5
HD 23925, ,3,48,39.0,-,6,48,56,195,-43,8.016,0.384,2.574,0.0,3.759,-0.27,44,4.82,0.43,10.2,2.2,17.1,0.9,0.84,0.99,17.9,0.1,0.3,6,2878,0.732,3,-43,21,2,22.9,1.1,-11,6,-16,8.031,-0.03,8.03,8.76,0.04,0.14,57.16249999999999,-6.815555555555555,-31.083069,-8.328684,-30.007925,*,G3V
HD 23996,*,3,47,11.5,-,50,38,13,260,-49,9.268,0.423,0.0,0.0,3.745,-0.15,112,4.01,1.45,11.0,8.6,13.8,0.96,0.91,1.04,-25.9,0.3,0.1,2,361,0.962,5,50,35,2,8.9,1.0,-25,6,33,8.012,-0.085,7.88,9.08,0.07,0.81,56.79791666666666,-50.636944444444445,-12.759423,-72.362305,-84.52747,PM*,G6V
HD 24040, ,3,50,22.9,+,17,28,34,172,-28,7.503,0.414,2.609,0.0,3.753,0.11,47,4.17,0.9,9.2,6.8,11.1,1.05,1.01,1.14,-9.9,0.1,0.2,6,2212,0.852,3,115,-254,1,21.5,1.0,11,-60,-15,8.041,-0.022,5.07,8.12,0.23,0.11,57.59541666666666,17.47611111111111,-41.094673,5.775483,-22.065165,PM*,G1
HD 24045, ,3,49,11.6,-,17,58,17,210,-48,8.515,0.454,0.0,0.0,3.729,-0.12,38,5.62,0.15,0.0,0.0,0.0,0.85,0.8,0.91,2.5,0.2,0.4,3,479,0.108,3,-81,-16,2,26.4,1.2,7,7,-12,8.022,-0.028,7.86,9.01,0.07,0.08,57.29833333333332,-17.97138888888889,-22.020395,-12.71348,-28.239506,PM*,G8V
HD 24053, ,3,50,8.8,+,6,37,14,182,-35,7.728,0.423,2.587,0.0,3.745,0.0,33,5.16,0.18,5.1,0.0,16.4,0.92,0.86,1.0,3.9,0.1,0.2,6,2292,0.837,2,62,-38,2,30.7,1.4,-5,-11,1,8.027,-0.019,7.65,8.07,0.03,0.12,57.53666666666666,6.620555555555556,-27.015553,-0.9434008,-18.928022,PM*,G0
HD 24062, ,3,44,46.8,-,70,1,35,285,-41,7.425,0.391,2.603,0.01,3.764,0.0,55,3.73,1.17,6.9,5.8,7.9,1.12,1.08,1.15,27.1,0.1,0.1,4,1142,0.875,5,-11,-97,2,18.2,0.6,29,-22,-8,7.989,-0.036,6.55,8.57,0.13,0.04,56.19499999999999,-70.02638888888889,10.743325,-40.094643,-36.08325,PM*,G0V
HD 24085, ,3,45,1.5,-,70,1,26,285,-41,7.576,0.378,2.611,0.008,3.769,0.0,52,3.98,0.8,6.9,3.9,9.2,1.08,1.04,1.14,27.3,0.2,0.3,4,1142,0.28,6,-10,-98,2,19.1,0.6,28,-22,-8,7.99,-0.034,6.55,8.56,0.13,0.04,56.256249999999994,-70.02388888888889,10.157325,-37.90766,-34.11507,PM*,G0V
HD 24192, ,3,52,8.8,+,29,36,42,164,-19,8.357,0.499,0.0,0.0,3.711,0.02,29,6.05,-0.02,0.0,0.0,0.0,0.83,0.79,0.88,16.5,0.2,0.4,4,717,0.237,3,-38,-152,2,0.0,0.0,-12,-7,-23,8.026,-0.009,7.92,8.05,0.01,0.24,58.03666666666666,29.611666666666668,-26.357832,7.5579867,-9.441476,PM*,G5
HD 24206, ,3,52,5.5,+,22,40,17,169,-24,7.575,0.428,2.581,0.0,3.742,-0.02,27,5.43,-0.01,0.0,0.0,11.1,0.91,0.84,0.96,10.6,0.2,0.4,5,834,0.17,1,208,-341,1,37.2,1.2,-14,-47,-16,8.024,-0.011,5.69,8.03,0.17,0.14,58.02291666666666,22.67138888888889,-24.212547,4.706443,-10.98189,PM*,G7V
HD 24213, ,3,52,11.3,+,25,9,47,167,-22,6.786,0.366,2.62,0.011,3.773,-0.15,40,3.8,1.02,7.3,5.8,8.5,1.08,1.04,1.13,-39.7,0.2,0.4,3,695,0.172,5,-122,-164,1,25.3,0.9,49,-16,-20,8.036,-0.015,6.5,9.34,0.18,0.22,58.047083333333326,25.163055555555555,-36.13681,8.342842,-14.984263,PM*,G0
HD 24269,*,3,49,58.8,-,42,53,14,248,-51,9.467,0.458,0.0,0.0,3.731,0.08,68,5.3,0.28,0.0,0.0,0.0,0.9,0.85,0.96,46.7,0.3,0.4,2,362,0.291,4,15,68,3,0.0,0.0,-33,-19,-35,8.016,-0.053,6.99,8.32,0.09,0.47,57.49499999999999,-42.88722222222222,-16.030842,-39.677704,-52.84593,PM*,G8(III)
HD 24293, ,3,48,1.1,-,64,50,11,279,-43,7.858,0.415,2.591,0.013,3.747,-0.15,42,4.72,0.7,14.4,9.2,0.0,0.89,0.86,0.94,20.8,0.1,0.3,5,2154,0.563,2,336,99,2,23.6,0.9,-45,-54,20,7.995,-0.029,5.24,8.24,0.22,0.47,57.00458333333332,-64.83638888888889,4.805177,-30.33868,-28.643929,PM*,G3V
HD 24301, ,3,52,59.3,+,26,40,42,166,-21,8.004,0.4,2.59,0.01,3.754,-0.35,88,3.29,2.14,6.0,4.5,7.6,1.1,1.04,1.22,22.6,0.2,0.3,3,617,0.435,1,109,-126,2,11.4,1.1,-35,-62,-15,8.08,-0.031,4.96,8.19,0.25,0.12,58.24708333333333,26.678333333333335,-79.71472,19.875109,-31.536379,PM*,G0IV
HD 24505, ,3,54,59.8,+,28,11,17,165,-19,8.054,0.428,2.58,0.0,3.745,0.11,72,3.75,1.5,7.4,6.0,8.9,1.16,1.08,1.22,-14.1,0.2,0.5,6,1778,0.072,1,13,-60,2,13.8,1.1,12,-21,-7,8.066,-0.024,6.91,8.31,0.09,0.03,58.74916666666666,28.188055555555557,-65.75766,17.619719,-23.440907,PM*,G5III
HD 24516, ,3,55,30.5,+,38,18,50,158,-12,8.85,0.344,0.0,0.0,3.782,-0.11,78,4.39,0.19,3.4,0.0,7.1,1.06,1.0,1.12,81.4,0.4,0.2,2,1765,0.775,3,102,-59,2,12.8,1.1,-91,-9,-9,8.071,-0.016,6.32,10.34,0.24,0.03,58.877083333333324,38.31388888888888,-70.73997,28.580812,-16.217113,PM*,G5
HD 24552, ,3,54,22.6,+,1,15,41,188,-38,7.973,0.39,2.575,0.0,3.76,-0.04,45,4.69,0.34,7.7,0.1,12.5,0.98,0.92,1.05,15.6,0.2,0.3,6,1913,0.738,3,22,-117,1,22.1,1.2,-2,-24,-18,8.036,-0.028,6.93,8.06,0.08,0.17,58.59416666666666,1.261388888888889,-35.115383,-4.9351463,-27.704767,PM*,G1V
HD 24558,*,3,50,31.7,-,64,4,6,278,-43,9.574,0.447,0.0,0.0,3.728,-0.35,56,5.83,0.13,0.0,0.0,0.0,0.8,0.76,0.86,7.8,0.5,0.7,2,409,0.059,1,318,156,1,17.8,0.8,-72,-52,32,7.994,-0.039,5.16,8.78,0.26,0.81,57.63208333333333,-64.06833333333333,5.699954,-40.557228,-38.191906,PM*,G8V
HD 24651, ,3,47,20.7,-,76,25,17,291,-36,8.686,0.433,0.0,0.0,3.738,-0.13,69,4.49,1.1,16.0,13.4,0.0,0.9,0.87,0.94,12.2,0.2,0.4,5,3281,0.41,8,71,64,2,14.5,0.8,-25,-23,-4,7.98,-0.041,6.86,8.09,0.08,0.07,56.83624999999999,-76.4213888888889,20.00487,-52.11449,-40.557182,PM*,G6V
HD 24702, ,3,56,28.7,+,22,40,27,169,-23,7.84,0.432,2.583,0.0,3.742,-0.06,47,4.49,0.96,14.4,11.0,17.6,0.92,0.88,0.97,39.2,0.1,0.3,5,834,0.58,1,176,-232,1,21.4,1.2,-43,-57,-24,8.042,-0.018,5.15,8.26,0.23,0.27,59.119583333333324,22.674166666666668,-42.468853,8.25511,-18.364363,PM*,G0
HD 24908, ,4,1,30.7,+,63,54,1,142,8,8.554,0.411,0.0,0.0,3.746,-0.38,55,4.85,0.77,17.0,8.5,0.0,0.85,0.82,0.9,-63.4,0.2,0.3,4,819,0.466,2,11,71,3,0.0,0.0,57,-32,6,8.043,0.008,5.81,9.23,0.23,0.22,60.377916666666664,63.900277777777774,-42.918804,33.531845,7.654521,PM*,G0
HD 25059, ,3,58,56.1,+,0,45,4,189,-37,9.176,0.395,2.583,-0.002,3.756,-0.31,102,4.13,1.23,11.4,8.7,14.5,0.94,0.86,1.02,12.7,0.3,0.5,3,2566,0.235,4,136,-91,1,9.8,1.2,-15,-77,15,8.08,-0.061,4.36,8.08,0.3,0.35,59.73374999999999,0.7511111111111111,-80.45791,-12.743274,-61.385128,PM*,G3V
HD 25085,*,3,57,30.8,-,39,31,22,243,-50,9.219,0.413,0.0,0.0,3.749,-0.1,75,4.85,0.48,12.0,4.2,0.0,0.9,0.86,0.98,3.3,0.2,0.3,2,362,0.329,2,15,16,2,13.4,1.1,-8,-2,1,8.022,-0.057,8.01,8.22,0.01,0.13,59.37833333333333,-39.522777777777776,-21.886467,-42.95459,-57.45333,*,G6V
HD 25123, ,4,3,21.9,+,63,16,51,143,8,8.129,0.408,2.59,0.014,3.75,-0.37,80,3.61,1.92,8.8,6.6,11.5,1.01,0.94,1.07,-92.9,0.3,0.4,2,802,0.244,4,-68,78,3,0.0,0.0,97,-25,-8,8.063,0.011,5.49,10.76,0.32,0.02,60.841249999999995,63.280833333333334,-63.26905,47.676662,11.133848,PM*,G0
HD 25295, ,4,2,24.2,+,31,19,50,164,-16,8.327,0.372,2.572,0.0,3.765,-0.37,65,4.25,0.95,11.0,6.6,13.7,0.97,0.88,1.02,-48.9,0.2,0.3,3,1022,0.616,2,-116,-193,1,15.3,1.1,59,-32,-52,8.06,-0.018,5.86,9.36,0.23,1.0,60.60083333333332,31.330555555555556,-60.06156,17.222376,-17.916428,PM*,G5
HD 25370, ,4,1,12.8,-,15,51,47,209,-45,8.609,0.395,2.6,0.013,3.757,-0.33,97,3.68,1.67,8.7,6.8,11.2,1.01,0.96,1.06,22.1,0.2,0.3,2,972,0.366,1,8,-55,2,7.2,1.1,1,-27,-20,8.061,-0.068,6.75,8.11,0.09,0.21,60.30333333333333,-15.863055555555555,-59.989597,-33.25278,-68.589355,PM*,G2V
HD 25391, ,4,2,38.5,+,15,3,43,177,-27,8.743,0.402,2.595,0.01,3.756,-0.15,119,3.37,1.85,6.3,4.5,8.3,1.12,1.04,1.22,-46.8,0.4,0.6,2,706,0.07,3,1,-60,2,8.8,1.3,50,-29,2,8.106,-0.055,6.07,9.15,0.2,0.15,60.66041666666666,15.061944444444444,-105.88447,5.54918,-54.024868,PM*,G0V:
HD 25454, ,4,4,7.0,+,37,36,39,160,-11,8.584,0.338,2.617,0.011,3.781,-0.61,72,4.3,0.72,6.4,2.1,9.6,0.97,0.91,1.04,-3.9,0.6,1.0,3,468,0.016,5,88,26,3,13.9,1.1,-7,-15,27,8.066,-0.014,7.57,8.08,0.03,0.61,61.02916666666666,37.61083333333333,-66.4148,24.173016,-13.738248,PM*,G0
HD 25495,*,4,0,31.9,-,51,19,42,260,-47,9.091,0.41,0.0,0.0,3.746,-0.4,65,5.04,0.6,16.7,5.6,0.0,0.84,0.81,0.9,30.0,0.2,0.2,3,361,0.867,4,161,-39,2,15.5,0.8,-12,-56,12,8.007,-0.047,5.26,8.01,0.21,0.31,60.13291666666666,-51.32833333333333,-7.697803,-43.65642,-47.53799,PM*,G6V
HD 25740, ,4,2,58.4,-,44,23,31,250,-48,8.127,0.405,2.593,0.01,3.753,-0.17,67,4.01,1.29,10.2,8.7,11.8,1.02,0.97,1.05,33.0,0.2,0.3,5,3101,0.345,2,-61,-86,1,15.0,0.8,24,-20,-35,8.015,-0.05,6.78,8.55,0.12,0.5,60.74333333333332,-44.39194444444444,-15.333358,-42.128063,-49.790707,PM*,G3V
HD 25825, ,4,6,16.1,+,15,41,53,177,-26,7.844,0.378,2.584,-0.02,3.767,0.04,47,4.5,0.3,5.4,0.0,9.4,1.05,0.98,1.11,37.7,0.3,0.5,3,1146,0.125,7,119,-20,2,21.4,1.5,-42,-18,-2,8.042,-0.021,6.86,8.55,0.11,0.09,61.56708333333333,15.698055555555555,-42.185425,2.2108486,-20.603445,PM*,G0V
HD 25895, ,4,6,44.2,+,17,39,48,175,-25,8.435,0.342,2.628,0.014,3.782,-0.38,104,3.35,1.47,5.4,4.1,6.9,1.09,1.03,1.17,-22.3,0.4,0.6,3,803,0.124,4,36,-26,2,9.6,1.2,17,-23,13,8.094,-0.044,6.82,8.41,0.1,0.34,61.68416666666665,17.66333333333333,-93.89733,8.214964,-43.9523,*,G0
HD 25912, ,4,3,37.9,-,51,55,51,261,-47,8.196,0.4,2.588,-0.003,3.756,0.0,50,4.7,0.39,8.6,2.9,13.3,0.97,0.91,1.05,5.7,0.1,0.2,5,3662,0.89,3,-68,-153,2,20.0,0.7,39,-7,-9,8.005,-0.036,6.93,9.27,0.14,0.05,60.90791666666666,-51.93083333333333,-5.3344035,-33.680088,-36.567684,PM*,G3/5V
HD 25918, ,4,8,14.2,+,44,39,46,156,-5,7.73,0.44,0.0,0.0,3.736,-0.07,30,5.35,0.24,0.0,0.0,0.0,0.87,0.83,0.95,-36.6,0.2,0.1,3,3245,0.938,2,-298,-134,1,33.4,1.0,44,0,-39,8.027,-0.003,7.03,9.8,0.16,0.62,62.05916666666667,44.66277777777778,-27.302076,12.155665,-2.6146722,PM*,G5
HD 25933, ,4,6,51.9,+,13,43,55,178,-27,9.006,0.435,2.578,0.0,3.743,0.04,74,4.66,0.69,12.1,7.3,16.8,0.93,0.88,1.0,-28.3,0.2,0.3,2,706,0.422,3,11,-84,2,0.0,0.0,32,-26,-2,8.066,-0.034,6.43,8.69,0.15,0.09,61.71624999999999,13.731944444444444,-65.894325,2.3010774,-33.595295,PM*,G5
HD 26018, ,4,15,13.7,+,76,17,16,134,18,8.175,0.49,0.0,0.0,3.713,-0.05,26,6.07,-0.03,0.0,0.0,0.0,0.81,0.78,0.87,7.4,0.2,0.3,5,1486,0.624,2,45,-242,1,37.9,0.8,-27,-9,-14,8.017,0.008,7.49,8.33,0.05,0.09,63.80708333333332,76.28777777777778,-17.177141,17.787455,8.034442,PM*,G5
HD 26257, ,4,9,9.0,+,0,10,44,191,-35,7.639,0.345,2.628,-0.002,3.785,0.05,65,3.58,0.78,3.3,2.6,4.0,1.25,1.17,1.3,33.1,0.5,0.7,2,1107,0.091,8,64,17,1,15.4,1.0,-36,-14,-3,8.052,-0.037,7.15,8.48,0.09,0.07,62.2875,0.17888888888888888,-52.266624,-10.1596,-37.28247,PM*,G2V
HD 26421, ,4,12,22.9,+,37,42,43,161,-10,8.151,0.384,2.591,0.008,3.759,-0.5,78,3.69,1.74,8.8,7.3,10.6,0.99,0.95,1.04,-65.3,0.2,0.3,3,468,0.445,4,117,96,2,12.8,1.1,50,-24,66,8.073,-0.013,6.42,9.44,0.19,2.0,63.095416666666665,37.71194444444445,-72.63001,25.008514,-13.544558,PM*,G0
HD 26657,*,4,11,59.6,-,27,33,5,226,-46,9.298,0.431,0.0,0.0,3.739,-0.23,70,5.07,0.58,0.0,8.7,0.0,0.86,0.82,0.91,52.0,0.3,0.2,2,363,0.6,4,56,43,2,14.3,1.2,-44,-29,-22,8.034,-0.05,6.39,8.43,0.14,0.24,62.99833333333333,-27.55138888888889,-33.77852,-34.978683,-50.353786,PM*,G6V
HD 26729, ,4,12,23.7,-,31,34,51,231,-46,7.446,0.46,0.0,0.0,3.735,0.22,52,3.86,1.54,8.4,7.4,10.0,1.19,1.16,1.21,27.7,0.5,0.7,2,837,0.03,3,165,-102,2,19.2,0.9,-6,-55,5,8.022,-0.038,5.33,8.03,0.2,0.19,63.098749999999995,-31.580833333333334,-22.73246,-28.072252,-37.40567,PM*,G5IV
HD 26749, ,4,14,18.2,+,12,20,53,181,-27,6.741,0.422,2.572,0.0,3.74,-0.51,36,3.98,1.84,12.4,11.0,14.0,0.92,0.88,0.95,42.8,0.2,0.2,3,1774,0.688,2,341,-59,1,28.0,1.2,-55,-45,15,8.032,-0.016,5.56,8.49,0.21,0.37,63.57583333333333,12.348055555555556,-32.07135,-0.5598071,-16.343658,PM*,G2V
HD 26756, ,4,14,25.6,+,14,37,30,179,-25,8.457,0.431,2.58,0.0,3.742,0.05,46,5.16,0.21,0.0,0.0,0.0,0.93,0.86,1.0,38.2,0.3,0.5,3,414,0.197,5,108,-21,2,21.9,1.3,-41,-18,-3,8.041,-0.02,6.89,8.53,0.11,0.07,63.60666666666667,14.625,-41.683807,0.7275957,-19.440441,PM*,G2
HD 27063, ,4,16,30.2,-,0,34,22,193,-34,8.066,0.413,2.578,0.0,3.749,-0.04,40,5.04,0.24,7.0,0.0,16.5,0.93,0.86,1.01,-10.0,0.2,0.3,5,2192,0.24,2,-60,-173,1,24.8,1.0,28,-16,-18,8.032,-0.023,6.87,8.73,0.12,0.17,64.12583333333332,-0.5727777777777777,-32.311577,-7.459715,-22.367716,PM*,G3V
HD 27168,*,4,16,13.3,-,30,51,55,230,-45,8.904,0.407,0.0,0.0,3.751,-0.21,87,4.21,1.17,12.0,9.5,14.9,0.94,0.89,1.0,87.4,0.4,0.5,2,366,0.143,5,82,-20,2,11.5,1.1,-46,-72,-40,8.039,-0.062,4.51,8.24,0.29,0.6,64.05541666666666,-30.86527777777778,-39.543186,-47.125748,-61.518288,PM*,G3V
HD 27282, ,4,19,8.0,+,17,31,29,177,-23,8.465,0.444,2.619,0.0,3.737,0.07,47,5.1,0.36,12.7,0.0,0.0,0.9,0.86,0.99,37.5,0.2,0.1,3,1066,0.983,5,111,-27,2,21.2,1.3,-41,-19,-1,8.043,-0.018,6.85,8.51,0.11,0.1,64.78333333333333,17.52472222222222,-43.204437,2.2642527,-18.364363,PM*,G8V
HD 27328,*,4,17,20.1,-,36,51,0,239,-46,9.033,0.469,0.0,0.0,3.724,-0.01,49,5.58,0.21,0.0,0.0,0.0,0.85,0.82,0.93,23.4,0.2,0.2,2,364,0.656,2,80,30,2,20.4,1.1,-21,-22,-3,8.018,-0.035,6.96,8.08,0.07,0.06,64.33374999999998,-36.85,-17.531008,-29.176481,-35.24765,PM*,G8/K0V
HD 27466, ,4,19,57.0,-,4,26,19,198,-35,7.836,0.413,2.587,0.0,3.748,-0.11,36,5.06,0.3,0.0,0.0,0.0,0.89,0.84,0.99,17.6,0.2,0.3,5,1096,0.368,3,-59,-37,2,27.9,1.0,-7,-3,-20,8.028,-0.021,8.01,8.23,0.01,0.19,64.98749999999998,-4.438611111111111,-28.046156,-9.112748,-20.648752,PM*,G5V
HD 27530, ,4,19,34.2,-,28,47,10,228,-44,8.161,0.397,2.629,0.036,3.782,0.42,61,4.07,0.09,1.2,0.0,2.9,1.2,1.17,1.24,41.8,0.2,0.2,3,1411,0.6,4,61,52,2,16.3,0.9,-39,-24,-14,8.029,-0.043,6.66,8.38,0.11,0.11,64.89249999999998,-28.78611111111111,-29.361275,-32.608986,-42.37416,PM*,G2V
HD 27560, ,4,21,42.5,+,19,28,6,176,-21,8.373,0.28,2.664,-0.004,3.815,-0.24,83,3.77,0.18,1.7,0.0,3.3,1.2,1.14,1.25,6.7,1.7,2.0,2,317,0.398,30,-36,4,1,12.0,1.1,-2,11,-11,8.078,-0.03,8.04,9.19,0.07,0.07,65.42708333333331,19.46833333333333,-77.29842,5.4052315,-29.74454,*,G0
HD 27631, ,4,19,45.4,-,41,57,36,246,-45,8.257,0.427,2.579,0.0,3.739,-0.38,44,5.02,0.74,0.0,11.8,0.0,0.84,0.81,0.88,20.4,0.1,0.2,5,3253,0.921,3,-41,-92,1,22.5,0.8,14,-16,-21,8.013,-0.032,7.09,8.36,0.08,0.21,64.93916666666665,-41.96,-12.654675,-28.422863,-31.112698,PM*,G3IV/V
HD 27757, ,4,32,15.9,+,77,37,26,134,20,7.854,0.391,0.0,0.0,3.757,-0.27,42,4.76,0.54,11.9,5.7,0.0,0.89,0.84,0.97,36.9,0.2,0.3,5,1484,0.421,2,199,-142,2,24.0,0.7,-55,-10,25,8.027,0.014,6.95,9.11,0.14,0.59,68.06625,77.62388888888889,-27.416142,28.390251,14.364845,PM*,G5
HD 27771, ,4,23,32.3,+,14,40,13,181,-24,9.101,0.499,2.556,0.0,3.71,0.03,47,5.73,0.32,0.0,0.0,0.0,0.84,0.81,0.9,39.5,0.4,0.8,3,73,0.012,4,110,-18,2,21.2,1.8,-43,-19,-1,8.043,-0.019,6.82,8.54,0.11,0.1,65.88458333333332,14.670277777777777,-42.930096,-0.7493471,-19.116623,PM*,G5
HD 27835, ,4,24,12.7,+,16,22,44,179,-23,8.225,0.381,2.623,0.015,3.767,0.07,61,4.3,0.48,5.5,2.1,8.8,1.07,1.01,1.14,38.9,0.3,0.3,2,66,0.459,1,88,-22,2,0.0,0.0,-42,-20,-1,8.056,-0.023,6.79,8.52,0.11,0.1,66.05291666666666,16.378888888888888,-56.142246,0.97996944,-23.834599,PM*,G0V
HD 27845,*,4,21,21.4,-,48,29,57,255,-44,9.137,0.419,0.0,0.0,3.75,0.08,78,4.69,0.48,9.4,4.3,13.9,0.97,0.91,1.06,-3.9,0.2,0.2,2,359,0.552,2,-40,-173,2,12.9,0.9,65,-11,-2,8.014,-0.054,6.36,9.98,0.22,0.1,65.33916666666666,-48.49916666666667,-14.521946,-54.196655,-54.183353,PM*,G6V
HD 27857, ,4,26,26.1,+,52,30,17,152,2,8.064,0.409,0.0,0.0,3.752,-0.08,46,4.75,0.5,10.9,5.0,16.2,0.93,0.87,1.0,7.4,0.2,0.2,5,1119,0.808,4,79,-90,2,21.7,1.1,-19,-20,-1,8.041,0.002,7.13,8.09,0.06,0.09,66.60875,52.50472222222222,-40.590847,21.582537,1.6053768,PM*,G5
HD 27905, ,4,23,20.1,-,25,23,42,223,-43,7.833,0.396,2.583,0.003,3.755,-0.25,40,4.81,0.52,12.2,5.3,0.0,0.88,0.84,0.97,11.9,0.1,0.3,8,3487,0.278,2,36,-270,2,24.9,0.9,32,-41,-13,8.021,-0.027,5.76,8.45,0.19,0.09,65.83375,-25.395,-21.395132,-19.951279,-27.279932,PM*,G3V
HD 27939, ,4,23,28.8,-,27,39,28,226,-43,8.584,0.432,2.608,0.0,3.744,0.06,71,4.31,1.0,11.3,8.9,13.7,0.99,0.94,1.04,24.0,0.2,0.3,3,1415,0.314,2,7,-37,2,14.0,1.0,-3,-21,-17,8.036,-0.049,7.07,8.06,0.07,0.15,65.87,-27.657777777777778,-36.070908,-37.352524,-48.42188,*,G3/5V
HD 27947, ,4,25,0.3,+,11,58,40,183,-25,8.414,0.398,2.599,0.001,3.758,0.04,48,5.03,-0.02,0.0,0.0,8.2,0.99,0.92,1.04,38.5,0.2,0.3,11,3618,0.968,8,46,-16,2,21.0,1.4,-37,-11,-11,8.043,-0.02,7.24,8.56,0.08,0.06,66.25125,11.977777777777778,-43.443153,-2.2767606,-20.285677,*,G0
HD 27965,*,4,23,42.8,-,28,46,1,228,-43,9.17,0.462,0.0,0.0,3.729,0.08,65,5.11,0.51,0.0,8.4,0.0,0.89,0.86,0.95,-26.6,0.3,0.5,2,820,0.164,2,-58,-180,3,15.4,1.3,64,-7,-3,8.032,-0.045,6.5,10.12,0.22,0.08,65.92833333333333,-28.766944444444444,-31.809132,-35.327606,-44.32989,PM*,G8V
HD 27969, ,4,26,49.4,+,42,54,34,159,-4,7.679,0.395,0.0,0.0,3.761,-0.12,74,3.33,1.75,5.2,4.4,6.3,1.19,1.12,1.25,47.3,0.2,0.2,2,371,0.593,2,135,-179,1,13.5,0.9,-71,-57,-13,8.069,-0.005,4.96,8.76,0.28,0.09,66.70583333333333,42.909444444444446,-68.916664,26.454626,-5.1619787,PM*,G5
HD 28013,*,4,23,53.3,-,34,45,24,236,-44,8.386,0.429,0.0,0.0,3.742,-0.05,47,5.02,0.42,13.7,4.2,0.0,0.89,0.85,0.96,-14.3,0.2,0.1,2,855,0.891,1,-71,-342,2,21.2,0.9,76,-21,-8,8.019,-0.033,5.88,10.06,0.26,0.04,65.97208333333333,-34.75666666666667,-18.905737,-28.02891,-32.648945,PM*,G5V
HD 28082, ,4,28,10.8,+,48,6,0,156,0,9.017,0.45,0.0,0.0,3.733,0.03,58,5.2,0.37,0.0,0.0,0.0,0.89,0.85,0.95,12.5,0.2,0.2,2,614,0.545,2,72,-105,2,0.0,0.0,-26,-26,-6,8.053,0.0,6.72,8.16,0.1,0.02,67.045,48.1,-52.985638,23.590721,0.0,PM*,G5
HD 28185, ,4,26,26.3,-,10,33,2,206,-37,7.807,0.443,2.593,0.0,3.739,0.15,40,4.82,0.54,12.2,7.1,0.0,0.94,0.89,1.03,49.6,0.1,0.1,5,1160,0.994,3,82,-60,2,25.3,1.1,-34,-34,-22,8.028,-0.024,6.25,8.21,0.14,0.23,66.60958333333333,-10.550555555555556,-28.712357,-14.003948,-24.0726,PM*,G6.5IV-V
HD 28187, ,4,25,23.7,-,35,40,32,238,-44,7.803,0.391,2.594,0.018,3.755,-0.43,42,4.7,0.77,14.2,8.2,0.0,0.85,0.82,0.92,18.1,0.2,0.5,4,4198,0.081,3,54,-64,2,24.0,0.7,0,-24,-6,8.016,-0.029,6.87,8.07,0.08,0.03,66.34875,-35.675555555555555,-16.010069,-25.621456,-29.175653,PM*,G3IV/V
HD 28192, ,4,26,48.8,-,1,43,28,196,-33,8.067,0.389,2.603,0.0,3.762,0.05,51,4.52,0.39,6.8,2.1,10.6,1.03,0.97,1.1,-6.3,0.1,0.3,5,2191,0.484,5,-34,32,1,19.5,1.0,4,12,1,8.041,-0.028,7.95,9.34,0.08,0.13,66.70333333333333,-1.7244444444444447,-41.115276,-11.789613,-27.776592,PM*,G0V
HD 28258, ,4,28,4.4,+,13,52,4,182,-23,9.028,0.501,2.59,0.0,3.709,-0.03,47,5.67,0.44,0.0,0.0,0.0,0.83,0.8,0.88,39.7,0.2,0.3,4,4439,0.408,3,104,-21,2,21.3,1.9,-42,-19,-2,8.043,-0.019,6.83,8.52,0.11,0.09,67.01833333333333,13.867777777777778,-43.237373,-1.5098774,-18.364363,PM*,G5V
HD 28287,*,4,26,38.6,-,28,57,7,228,-43,8.782,0.505,0.0,0.0,3.702,-0.4,39,5.83,0.66,0.0,0.0,0.0,0.0,0.0,0.0,28.5,0.2,0.3,2,366,0.319,6,41,-76,2,25.7,1.2,-6,-28,-16,8.019,-0.026,6.69,8.03,0.09,0.13,66.66083333333333,-28.951944444444443,-19.08548,-21.196564,-26.597935,PM*,G9.5Vk:
HD 28576, ,4,11,55.3,-,83,36,6,297,-31,8.463,0.387,2.589,-0.004,3.759,-0.5,141,2.72,2.71,3.4,2.8,4.4,1.22,1.15,1.34,-6.5,0.2,0.3,3,2159,0.396,4,21,40,1,7.1,0.7,-30,-6,0,7.945,-0.073,7.47,8.43,0.06,0.13,62.98041666666666,-83.60166666666666,54.86953,-107.687584,-72.62037,*,G0V
HD 28580, ,4,31,16.4,+,25,1,49,173,-16,8.528,0.486,0.0,0.0,3.714,-0.16,36,5.75,0.34,0.0,0.0,0.0,0.82,0.79,0.88,-9.0,0.3,0.5,2,1019,0.14,2,-54,-63,1,27.8,1.1,12,-4,-11,8.034,-0.01,7.58,8.66,0.07,0.06,67.81833333333331,25.030277777777776,-34.347477,4.2173376,-9.922945,PM*,G8V
HD 28593, ,4,31,15.6,+,20,7,59,177,-19,8.587,0.457,2.577,0.0,3.73,0.02,46,5.28,0.36,15.8,1.8,0.0,0.87,0.84,0.95,38.9,0.4,0.0,1,0,0.0,4,106,-40,1,21.8,1.2,-42,-19,-1,8.043,-0.015,6.83,8.52,0.11,0.1,67.81499999999998,20.133055555555558,-43.434246,2.2762966,-14.976134,PM*,G8V
HD 28653, ,4,30,28.2,-,13,15,58,209,-37,7.981,0.513,0.0,0.0,3.702,-0.32,23,6.17,0.27,0.0,0.0,0.0,0.76,0.73,0.8,0.3,0.2,0.3,2,468,0.239,1,-18,78,2,0.0,0.0,-5,7,1,8.016,-0.014,8.0,8.83,0.05,0.13,67.61749999999999,-13.266111111111112,-16.065554,-8.905284,-13.841744,PM*,G8IV
HD 28701, ,4,25,45.8,-,69,59,37,283,-38,7.857,0.407,2.58,0.012,3.748,-0.43,43,4.68,0.93,16.1,11.9,0.0,0.85,0.83,0.88,-7.2,0.1,0.2,5,1802,0.687,3,145,5,2,23.1,0.6,-11,-13,25,7.992,-0.026,7.59,7.99,0.03,0.56,66.44083333333333,-69.99361111111111,7.622351,-33.016006,-26.473444,PM*,G2V
HD 28798, ,4,30,36.7,-,40,23,42,244,-43,8.174,0.428,2.599,0.0,3.743,-0.14,88,3.44,2.06,6.0,4.6,7.4,1.15,1.08,1.22,2.2,0.1,0.3,5,2929,0.467,3,72,44,2,11.3,0.8,-26,-12,21,8.028,-0.061,7.43,8.27,0.05,0.49,67.65291666666666,-40.394999999999996,-28.213171,-57.8456,-60.01585,PM*,G3/5IV
HD 28821, ,4,32,21.4,-,5,2,20,200,-33,7.619,0.422,2.576,0.0,3.743,-0.25,37,4.78,0.81,17.1,12.5,0.0,0.87,0.85,0.9,37.0,0.2,0.4,5,2191,0.09,1,-2,-35,2,27.0,1.0,-26,-15,-23,8.029,-0.02,7.29,8.22,0.06,0.24,68.08916666666666,-5.038888888888889,-29.159424,-10.613163,-20.151646,*,G3V
HD 28841, ,4,33,59.8,+,32,12,33,168,-10,8.87,0.412,2.59,0.046,3.767,-0.24,53,5.05,-0.01,0.0,0.0,9.8,0.95,0.88,1.01,-74.6,0.3,0.3,2,706,0.455,1,43,-20,2,0.0,0.0,69,-26,18,8.051,-0.01,5.89,9.74,0.25,0.48,68.49916666666665,32.20916666666667,-51.05423,10.851907,-9.203354,*,G
HD 28872,*,4,31,6.0,-,41,43,33,246,-43,9.669,0.448,0.0,0.0,3.731,-0.19,69,5.48,0.3,0.0,0.0,0.0,0.84,0.8,0.91,72.6,0.3,0.5,2,364,0.237,1,-25,-104,2,14.5,1.0,10,-57,-56,8.02,-0.047,5.32,8.1,0.21,1.04,67.77499999999999,-41.725833333333334,-20.525316,-46.100613,-47.057884,PM*,G8V
HD 28878, ,4,33,37.9,+,16,45,45,180,-21,9.379,0.515,2.565,0.0,3.702,-0.02,44,6.16,0.08,0.0,0.0,0.0,0.8,0.77,0.85,40.0,0.3,0.1,2,48,0.938,1,98,-24,2,0.0,0.0,-42,-17,-2,8.041,-0.015,6.92,8.56,0.11,0.08,68.40791666666665,16.7625,-41.077538,-3.5911123e-06,-15.768189,PM*,G5
HD 29021, ,4,37,52.2,+,60,40,34,147,9,7.861,0.419,0.0,0.0,3.743,-0.17,30,5.51,0.01,0.0,0.0,11.4,0.89,0.81,0.93,-0.2,0.1,0.2,6,1534,0.927,2,59,22,2,33.8,0.9,0,-3,8,8.025,0.005,7.85,8.34,0.03,0.23,69.4675,60.67611111111111,-24.850355,16.13801,4.693034,PM*,G5
HD 29150, ,4,36,13.9,+,21,32,11,177,-17,7.6,0.418,2.595,0.0,3.746,-0.05,34,4.96,0.4,11.9,3.0,0.0,0.89,0.86,0.98,-7.2,0.2,0.1,2,701,0.983,2,20,-42,1,29.7,0.9,7,-8,0,8.032,-0.01,7.57,8.39,0.05,0.11,69.05791666666666,21.53638888888889,-32.469803,1.7016734,-9.940638,*,G5
HD 29161, ,4,35,21.5,-,4,44,10,201,-32,7.888,0.392,2.58,-0.01,3.758,-0.11,38,5.0,0.14,1.7,0.0,11.9,0.96,0.87,1.02,13.7,0.2,0.3,4,1859,0.399,5,3,-62,1,26.5,1.1,-5,-12,-12,8.03,-0.02,7.58,8.06,0.03,0.06,68.83958333333331,-4.736111111111112,-30.085402,-11.548701,-20.136932,PM*,G3V
HD 29231, ,4,34,38.4,-,35,39,29,238,-42,7.609,0.469,0.0,0.0,3.725,0.07,28,5.38,0.33,15.8,2.6,0.0,0.86,0.84,0.94,-10.2,0.1,0.3,5,2929,0.359,2,-100,-224,2,35.9,0.7,33,0,-6,8.011,-0.019,7.21,9.38,0.13,0.03,68.65999999999998,-35.658055555555556,-11.026591,-17.646229,-18.735657,PM*,G9V
HD 29247, ,4,36,55.0,+,15,15,40,182,-21,7.335,0.366,2.624,0.017,3.773,-0.2,63,3.34,1.53,5.4,4.1,7.1,1.12,1.06,1.21,36.1,0.3,0.1,2,603,0.753,7,46,-29,2,0.0,0.0,-35,-17,-8,8.059,-0.022,7.07,8.42,0.09,0.02,69.22916666666664,15.261111111111111,-58.77974,-2.052627,-22.57718,PM*,G0
HD 29263, ,4,35,45.6,-,21,20,23,219,-39,8.181,0.411,2.607,0.021,3.763,0.13,54,4.44,0.39,5.7,2.1,9.3,1.08,1.02,1.13,9.6,0.1,0.3,5,2902,0.502,1,113,-43,2,18.6,1.0,-5,-29,12,8.032,-0.034,6.65,8.04,0.1,0.31,68.94,-21.33972222222222,-32.613617,-26.409985,-33.9833,PM*,G3V
HD 29303, ,4,35,4.5,-,41,33,49,246,-43,8.615,0.394,2.589,-0.004,3.755,-0.17,54,4.95,0.31,8.1,0.0,16.6,0.92,0.85,1.0,25.0,0.2,0.1,5,2929,0.954,4,78,-20,2,18.5,0.8,-9,-31,-2,8.016,-0.037,6.51,8.02,0.1,0.08,68.76874999999998,-41.56361111111111,-16.06329,-36.07874,-36.827908,PM*,G2V
HD 29382,*,4,34,2.5,-,59,48,35,270,-40,9.132,0.458,0.0,0.0,3.729,0.01,58,5.31,0.36,16.4,2.5,0.0,0.87,0.84,0.94,13.5,0.2,0.1,2,361,0.799,2,44,102,2,17.2,0.8,-31,-12,-5,8.0,-0.038,7.28,8.34,0.07,0.05,68.51041666666664,-59.80972222222222,5.298293e-07,-44.430576,-37.28168,PM*,G8V
HD 29415,*,4,35,15.2,-,52,24,34,260,-42,9.745,0.371,0.0,0.0,3.767,-0.42,146,3.92,1.28,9.0,6.6,11.7,0.98,0.92,1.04,-53.4,0.5,0.4,2,361,0.615,20,8,-21,3,0.0,0.0,20,31,41,8.018,-0.097,7.83,11.25,0.18,1.14,68.81333333333332,-52.409444444444446,-18.840673,-106.85081,-97.69307,*,G8/K2+A/F
HD 29621, ,4,40,49.0,+,23,48,34,176,-15,8.844,0.429,2.59,0.0,3.743,-0.01,51,5.29,0.1,0.0,0.0,14.8,0.92,0.85,0.98,34.4,0.4,0.0,1,0,0.0,3,62,-49,1,19.5,1.3,-36,-16,-5,8.049,-0.013,7.07,8.44,0.09,0.04,70.20416666666667,23.809444444444445,-49.142216,3.436358,-13.199771,PM*,G5V:
HD 29773, ,4,41,27.4,+,0,49,0,196,-28,8.496,0.381,2.626,0.026,3.78,0.1,71,4.13,0.3,3.5,0.4,5.6,1.15,1.08,1.21,-6.9,0.2,0.3,3,402,0.634,1,-20,-148,1,0.0,0.0,31,-32,-25,8.06,-0.033,6.19,8.58,0.16,0.29,70.36416666666666,0.8166666666666667,-60.2608,-17.279503,-33.33248,PM*,G3V
HD 29818, ,4,44,11.1,+,46,57,55,158,1,8.79,0.421,0.0,0.0,3.743,-0.12,49,5.35,0.13,0.0,0.0,16.9,0.89,0.83,0.95,46.4,0.2,0.1,2,648,0.761,1,82,-122,1,20.5,1.6,-56,-14,-3,8.045,0.001,6.78,9.0,0.14,0.06,71.04625,46.96527777777778,-45.425087,18.352934,0.85516787,PM*,G5
HD 29832, ,4,45,31.9,+,58,21,18,150,8,8.337,0.376,0.0,0.0,3.768,-0.14,81,3.79,1.14,7.1,5.3,9.2,1.06,0.99,1.13,7.3,0.3,0.3,2,495,0.422,4,43,-94,2,0.0,0.0,-27,-29,-9,8.069,0.012,6.61,8.18,0.11,0.03,71.38291666666666,58.355000000000004,-69.465385,40.10586,11.273022,PM*,G5
HD 29843,*,4,40,58.5,-,29,22,59,230,-40,9.107,0.374,0.0,0.0,3.768,-0.11,103,4.04,0.86,7.3,4.8,9.9,1.03,0.98,1.1,17.9,0.3,0.1,2,366,0.95,8,44,4,2,7.8,1.1,-16,-23,5,8.051,-0.066,7.01,8.07,0.07,0.19,70.24375,-29.383055555555558,-50.717594,-60.442894,-66.20712,*,G2V
HD 29859, ,4,43,13.7,+,24,5,20,176,-14,6.13,0.345,2.616,-0.01,3.787,0.04,50,2.64,1.68,2.2,2.0,2.4,1.51,1.47,1.55,8.1,0.2,0.2,2,373,0.617,9,16,-19,1,20.0,0.7,-8,-5,-2,8.048,-0.012,8.01,8.09,0.01,0.08,70.80708333333332,24.08888888888889,-48.396606,3.38422,-12.096095,*,G0
HD 29910, ,4,44,49.1,+,43,12,18,161,-2,8.728,0.5,2.555,0.0,3.711,0.15,37,5.89,0.07,0.0,0.0,0.0,0.87,0.82,0.92,48.3,0.2,0.3,2,366,0.368,1,250,159,1,0.0,0.0,-50,9,50,8.035,-0.001,7.51,9.96,0.14,1.41,71.20458333333333,43.205000000000005,-34.96288,12.038683,-1.2912813,PM*,G5
HD 29941, ,4,41,42.6,-,32,50,44,234,-40,8.612,0.386,2.603,0.012,3.762,-0.18,87,3.92,1.19,8.7,6.9,10.7,1.02,0.98,1.07,101.0,0.1,0.3,6,1121,0.388,4,186,17,2,11.5,1.0,-72,-105,-6,8.039,-0.056,3.13,8.49,0.46,0.06,70.4275,-32.845555555555556,-39.173473,-53.917625,-55.92252,PM*,G1V
HD 29969, ,4,44,22.3,+,24,4,57,176,-14,8.21,0.378,2.611,0.004,3.771,0.11,100,3.21,1.44,3.2,2.6,5.2,1.34,1.18,1.45,19.7,0.3,0.4,2,46,0.191,2,44,-68,1,0.0,0.0,-21,-37,-9,8.097,-0.024,6.25,8.13,0.13,0.03,71.09291666666667,24.0825,-96.79321,6.76844,-24.19219,PM*,G5V
HD 30047, ,4,44,44.7,+,14,37,36,184,-20,8.087,0.295,2.669,0.011,3.809,-0.14,90,3.31,0.69,2.5,1.8,3.0,1.28,1.22,1.34,1.2,0.6,0.0,1,0,0.0,13,13,-13,2,11.1,1.0,-1,-8,1,8.085,-0.03,7.78,8.24,0.03,0.12,71.18624999999999,14.626666666666667,-84.366325,-5.8994617,-30.78181,*,G0
HD 30278, ,4,43,13.6,-,54,35,36,263,-40,7.62,0.453,0.0,0.0,3.73,-0.09,27,5.44,0.28,0.0,0.0,0.0,0.85,0.82,0.93,64.0,0.1,0.4,9,3254,0.032,2,53,-197,2,36.7,0.6,16,-58,-34,8.003,-0.018,5.11,8.13,0.23,0.44,70.80666666666666,-54.593333333333334,-2.520653,-20.52903,-17.355265,PM*,G9V
HD 30286, ,4,46,16.4,+,3,16,7,194,-26,7.815,0.421,2.577,0.0,3.743,-0.15,32,5.28,0.23,0.0,0.0,0.0,0.87,0.82,0.96,18.1,0.3,0.5,3,2600,0.076,1,54,32,2,31.1,1.1,-20,-5,1,8.028,-0.014,7.8,8.27,0.03,0.12,71.56833333333331,3.268611111111111,-27.907072,-6.958012,-14.027877,PM*,G5VFe-0.4
HD 30306, ,4,39,57.9,-,71,30,20,284,-36,7.743,0.46,0.0,0.0,3.733,0.15,38,4.85,0.64,14.4,9.7,0.0,0.91,0.88,0.98,-21.4,0.1,0.2,4,1807,0.597,2,-75,-34,2,26.4,0.7,5,25,5,7.993,-0.022,7.93,10.2,0.13,0.2,69.99125,-71.50555555555556,7.437321,-29.829458,-22.335838,PM*,G9V
HD 30355, ,4,47,37.5,+,18,15,31,181,-17,8.525,0.446,2.584,0.0,3.736,0.07,51,5.01,0.47,14.3,5.8,0.0,0.9,0.87,0.97,43.1,0.2,0.3,2,732,0.279,2,84,-36,2,19.8,1.4,-44,-20,-2,8.048,-0.015,6.77,8.56,0.12,0.08,71.90625,18.25861111111111,-48.764114,-0.8511802,-14.910956,PM*,G5V
HD 30376, ,4,51,57.0,+,66,29,45,144,14,8.097,0.461,0.0,0.0,3.73,0.12,42,4.99,0.59,16.9,10.6,0.0,0.9,0.88,0.95,-46.0,0.1,0.2,5,1481,0.806,2,59,-97,2,23.9,0.9,22,-44,-13,8.033,0.01,5.7,8.29,0.18,0.09,72.98749999999998,66.49583333333334,-32.969402,23.953672,10.16072,PM*,G5
HD 30395,*,4,46,5.8,-,29,3,43,230,-39,8.841,0.413,0.0,0.0,3.751,-0.09,88,4.11,1.17,10.4,8.1,13.0,0.99,0.93,1.05,66.0,0.2,0.1,2,366,0.775,4,133,49,3,11.3,1.2,-63,-62,5,8.045,-0.055,4.78,8.53,0.28,0.2,71.52416666666666,-29.061944444444446,-43.959496,-52.388905,-55.380196,PM*,G3V
HD 30562, ,4,48,36.3,-,5,40,26,203,-30,5.773,0.397,2.612,0.018,3.762,0.08,27,3.65,1.24,6.2,5.4,7.0,1.15,1.11,1.24,77.0,0.1,0.4,10,3399,0.184,4,314,-249,2,37.7,0.9,-54,-72,-21,8.021,-0.013,4.44,8.32,0.3,0.21,72.15124999999999,-5.673888888888889,-21.523874,-9.136342,-13.5,PM*,G2IV
HD 30669,*,4,48,28.4,-,28,25,9,229,-38,9.11,0.475,0.0,0.0,3.726,0.19,55,5.41,0.21,0.0,0.0,0.0,0.94,0.87,0.98,65.4,0.3,0.4,2,712,0.218,1,239,51,3,18.2,1.3,-59,-69,10,8.028,-0.034,4.53,8.41,0.3,0.28,72.11833333333333,-28.41916666666667,-28.433987,-32.70956,-33.86138,PM*,G8/K0V
HD 30708, ,4,51,29.4,+,35,48,54,168,-5,6.78,0.427,2.6,0.0,3.746,0.04,33,4.2,1.09,10.9,9.2,12.5,1.02,0.97,1.05,-56.2,0.3,0.5,3,3202,0.061,1,21,-118,2,30.5,0.9,52,-28,-4,8.032,-0.003,6.02,9.14,0.21,0.05,72.87249999999999,35.815,-32.15604,6.8349743,-2.8761394,PM*,G5
HD 30723, ,4,52,46.6,+,51,32,33,156,5,7.872,0.358,0.0,0.0,3.779,0.02,76,3.47,1.06,3.4,2.7,5.5,1.22,1.13,1.31,-18.1,0.4,0.6,2,607,0.095,6,20,-74,1,13.2,1.1,5,-30,-13,8.069,0.006,6.55,8.16,0.11,0.08,73.19416666666667,51.5425,-69.16526,30.794352,6.623836,PM*,G0
HD 30733, ,4,48,57.9,-,28,43,26,229,-38,8.939,0.465,0.0,0.0,3.721,-0.27,44,5.7,0.33,0.0,0.0,0.0,0.81,0.78,0.87,11.3,0.1,0.2,6,3311,0.875,1,-99,67,2,22.5,1.2,-13,14,-20,8.023,-0.027,8.02,9.31,0.07,0.21,72.24125,-28.723888888888887,-22.747189,-26.167648,-27.089106,PM*,G8V
HD 30854, ,4,53,16.9,+,43,48,42,162,0,8.48,0.417,0.0,0.0,3.751,0.13,66,4.38,0.72,9.0,5.7,12.0,1.03,0.96,1.1,-23.1,0.5,0.8,2,1022,0.016,2,69,-32,2,0.0,0.0,15,-28,10,8.063,0.0,6.59,8.31,0.12,0.28,73.32041666666666,43.81166666666666,-62.76973,20.395124,0.0,PM*,G2V
HD 30857,*,4,50,13.0,-,25,52,41,226,-37,9.216,0.467,0.0,0.0,3.727,-0.05,79,4.74,1.02,0.0,0.0,0.0,0.0,0.0,0.0,73.0,0.3,0.4,2,712,0.284,3,189,116,2,12.7,1.3,-91,-59,21,8.044,-0.047,4.71,9.19,0.32,0.54,72.55416666666665,-25.878055555555555,-43.82753,-45.38474,-47.543385,PM*,G6V
HD 30864, ,4,47,48.7,-,58,21,40,268,-39,8.52,0.427,2.593,0.0,3.746,0.01,70,4.28,1.03,11.6,9.3,13.7,0.99,0.93,1.04,23.0,0.2,0.3,3,1719,0.311,4,2,58,2,14.2,0.8,-20,-15,-17,8.002,-0.044,7.34,8.09,0.05,0.15,71.95291666666667,-58.361111111111114,-1.8985548,-54.36708,-44.052425,PM*,G5V
HD 30925, ,4,53,7.0,+,34,42,20,169,-6,8.272,0.373,2.616,0.002,3.772,0.11,91,3.48,1.14,3.5,2.8,5.8,1.25,1.14,1.34,-13.6,0.2,0.3,3,1854,0.568,3,44,-15,1,11.0,1.1,9,-19,12,8.089,-0.009,7.11,8.3,0.08,0.31,73.27916666666665,34.705555555555556,-88.83873,17.268501,-9.512091,*,G0
HD 30974, ,4,52,45.0,+,14,37,23,185,-18,7.512,0.397,2.581,0.0,3.754,-0.36,51,4.0,1.44,11.1,9.4,12.7,0.98,0.91,1.02,84.3,0.2,0.2,2,378,0.661,5,199,-38,2,19.8,0.9,-87,-43,6,8.048,-0.016,5.29,9.3,0.27,0.21,73.1875,14.623055555555556,-48.319313,-4.2273955,-15.759867,PM*,G0
HD 31016, ,4,54,33.3,+,45,40,52,161,1,7.954,0.333,2.629,0.006,3.788,-0.28,67,3.82,0.78,4.3,3.0,7.0,1.08,1.03,1.15,-7.8,0.5,0.8,2,363,0.1,5,2,15,1,14.9,1.2,8,0,3,8.063,0.002,7.78,8.76,0.06,0.16,73.63874999999999,45.68111111111111,-63.340103,21.809742,1.1693112,*,G0
HD 31018, ,4,53,22.0,+,24,10,38,177,-12,7.663,0.412,2.598,0.02,3.766,0.18,93,2.74,1.97,2.6,2.2,3.4,1.49,1.44,1.52,-5.7,0.4,0.0,1,0,0.0,5,18,-18,1,10.8,1.1,5,-11,3,8.09,-0.02,7.52,8.31,0.05,0.15,73.34166666666665,24.177222222222223,-90.843056,4.760892,-19.335789,*,G5V
HD 31103, ,4,51,40.5,-,31,34,2,233,-38,8.086,0.368,2.611,0.0,3.771,-0.07,55,4.37,0.43,6.2,2.5,9.4,1.03,0.98,1.1,45.8,0.3,0.4,2,764,0.245,5,94,-23,2,18.1,0.9,-22,-46,-10,8.026,-0.034,5.71,8.06,0.17,0.05,72.91874999999999,-31.56722222222222,-26.083025,-34.61333,-33.86138,PM*,G1V
HD 31222, ,4,54,28.9,+,12,27,3,187,-19,8.672,0.426,2.584,0.0,3.746,0.05,64,4.64,0.64,11.1,6.1,15.4,0.95,0.89,1.02,12.0,0.4,0.0,1,0,0.0,2,91,-42,2,0.0,0.0,-13,-28,11,8.06,-0.021,6.73,8.06,0.09,0.28,73.62041666666666,12.450833333333332,-60.06213,-7.374695,-20.83636,PM*,G5
HD 31229, ,4,51,28.0,-,49,23,43,256,-39,8.23,0.362,2.63,0.012,3.778,0.08,74,3.9,0.6,3.7,2.8,5.8,1.18,1.1,1.24,36.4,0.2,0.3,2,1123,0.363,6,-2,79,1,13.6,0.7,-34,-19,-25,8.014,-0.047,6.97,8.32,0.09,0.28,72.86666666666666,-49.39527777777778,-13.912641,-55.80055,-46.56971,PM*,G0/2V
HD 31392, ,4,54,4.2,-,35,24,16,238,-38,7.592,0.473,0.0,0.0,3.724,0.1,26,5.52,0.2,0.0,0.0,0.0,0.87,0.84,0.96,29.0,0.1,0.2,4,1833,0.793,3,126,158,2,38.5,0.8,-33,-20,-3,8.011,-0.016,6.93,8.28,0.09,0.06,73.5175,-35.404444444444444,-10.857137,-17.375046,-16.007198,PM*,G9V
HD 31460, ,4,54,42.5,-,31,26,1,233,-37,8.045,0.376,2.589,-0.008,3.764,-0.44,68,3.87,1.41,9.4,8.0,11.1,0.98,0.95,1.03,23.0,0.2,0.2,3,1420,0.722,5,3,-270,2,14.6,0.8,63,-58,-28,8.033,-0.042,4.77,8.97,0.31,0.37,73.67708333333333,-31.433611111111112,-32.682907,-43.371666,-40.92342,PM*,G0V
HD 31501, ,4,57,59.3,+,34,16,4,170,-5,8.157,0.453,2.554,0.0,3.729,-0.14,33,5.56,0.22,0.0,0.0,0.0,0.84,0.8,0.92,38.6,0.2,0.2,4,3250,0.889,1,583,-203,2,30.2,1.1,-57,-73,48,8.032,-0.003,4.54,8.4,0.3,1.29,74.49708333333332,34.26777777777777,-32.37499,5.708587,-2.8761394,PM*,G8V
HD 31527, ,4,55,38.3,-,23,14,30,223,-35,7.493,0.379,2.59,-0.006,3.764,-0.17,38,4.59,0.46,8.7,3.7,12.9,0.96,0.91,1.03,25.6,0.2,0.2,4,1829,0.767,4,-66,131,2,26.3,0.8,-31,6,-18,8.023,-0.022,7.77,9.1,0.08,0.17,73.90958333333333,-23.241666666666667,-22.765419,-21.229092,-21.795906,PM*,G0V
HD 31619, ,4,58,18.8,+,26,5,39,176,-10,8.55,0.446,2.581,0.0,3.733,-0.03,47,5.19,0.43,0.0,0.0,0.0,0.88,0.84,0.94,12.2,0.3,0.4,2,977,0.195,1,89,102,2,0.0,0.0,-17,7,27,8.046,-0.008,8.01,9.02,0.06,0.64,74.57833333333332,26.094166666666666,-46.173218,3.2287452,-8.161465,PM*,G5
HD 31822, ,4,58,35.7,-,9,20,3,208,-29,7.947,0.357,2.604,-0.005,3.773,-0.24,43,4.77,0.14,2.2,0.0,9.2,0.99,0.91,1.04,15.6,0.2,0.3,5,1104,0.399,3,-33,-97,2,23.1,0.9,1,-16,-21,8.033,-0.021,7.3,8.13,0.05,0.2,74.64874999999999,-9.334166666666667,-33.206467,-17.656189,-20.846813,PM*,G1V
HD 31841, ,4,52,3.3,-,72,59,43,285,-34,7.924,0.385,2.617,0.023,3.779,0.07,110,2.62,1.86,2.2,2.0,2.5,1.51,1.45,1.57,7.9,0.4,0.6,2,1122,0.076,5,78,113,2,9.1,0.6,-63,-32,11,7.977,-0.062,5.95,8.77,0.19,0.31,73.01375,-72.99527777777777,23.602774,-88.08677,-61.51122,PM*,G0V
HD 31867, ,5,0,17.5,+,25,8,11,177,-10,7.96,0.422,2.595,0.0,3.744,-0.04,38,5.03,0.36,11.8,0.3,0.0,0.89,0.85,0.98,-26.9,0.2,0.1,2,977,0.759,1,62,4,1,26.0,1.1,24,-7,14,8.038,-0.007,7.23,8.89,0.1,0.36,75.07291666666666,25.136388888888888,-37.371407,1.9585562,-6.598631,PM*,G0
HD 31966, ,5,0,33.7,+,14,23,1,186,-17,6.751,0.423,2.599,0.029,3.747,-0.13,35,4.03,1.37,10.6,9.2,12.0,1.01,0.96,1.05,-18.4,0.1,0.2,13,2624,0.848,2,41,55,2,28.5,1.3,14,5,16,8.033,-0.01,7.72,9.14,0.08,0.39,75.14041666666665,14.38361111111111,-33.28731,-3.4986362,-10.233009,PM*,G2IV-VFe-1
HD 32016, ,5,3,17.4,+,54,54,53,154,8,8.161,0.378,0.0,0.0,3.768,0.03,63,4.15,0.63,6.3,3.4,9.0,1.07,1.01,1.14,14.9,0.3,0.2,2,1019,0.575,3,24,-110,1,15.8,1.2,-28,-20,-12,8.056,0.009,7.0,8.24,0.08,0.07,75.82249999999998,54.914722222222224,-56.072964,27.34861,8.767905,PM*,G0
HD 32071, ,5,0,57.2,+,9,12,55,191,-20,8.928,0.368,2.582,-0.014,3.766,-0.52,95,4.04,1.25,10.0,7.0,12.9,0.92,0.86,1.01,8.3,0.4,0.0,1,0,0.0,2,155,44,2,0.0,0.0,-26,-27,63,8.088,-0.032,7.01,8.16,0.08,1.69,75.23833333333333,9.215277777777777,-87.63064,-17.033667,-32.491913,PM*,G5
HD 32259, ,5,2,20.3,+,13,54,36,187,-17,7.515,0.385,2.597,0.003,3.76,-0.23,38,4.59,0.61,10.6,6.1,15.2,0.94,0.87,1.0,27.6,0.2,0.1,2,731,0.689,3,-8,-101,2,26.0,1.2,-21,-17,-19,8.037,-0.011,7.24,8.13,0.06,0.18,75.58458333333333,13.91,-36.06871,-4.4286766,-11.110125,PM*,G0
HD 32530, ,5,2,43.3,-,26,38,6,228,-35,8.834,0.375,2.589,-0.007,3.764,-0.33,90,4.06,1.13,9.7,6.9,12.7,0.98,0.91,1.03,40.5,0.2,0.4,3,1406,0.371,10,59,-62,2,8.2,1.1,-6,-54,-9,8.05,-0.051,5.4,8.05,0.2,0.06,75.68041666666666,-26.634999999999998,-49.330784,-54.787365,-51.62188,PM*,G1V
HD 32564, ,5,4,6.2,-,0,38,56,201,-24,8.598,0.443,2.586,0.0,3.737,0.04,48,5.19,0.29,0.0,0.0,0.0,0.89,0.85,0.98,-41.3,0.1,0.4,24,1912,0.075,2,62,-144,1,20.8,1.2,49,-20,12,8.041,-0.02,6.35,9.24,0.19,0.33,76.02583333333331,-0.6488888888888888,-40.93767,-15.714497,-19.52336,PM*,G6V
HD 32724, ,5,4,47.5,-,11,41,56,212,-29,7.204,0.395,2.598,0.012,3.756,-0.3,42,4.07,1.28,11.3,9.6,12.9,0.98,0.95,1.02,-48.2,0.1,0.1,5,2498,0.936,1,76,-216,2,23.6,0.9,62,-17,19,8.032,-0.02,6.25,9.73,0.22,0.48,76.19791666666666,-11.69888888888889,-31.152222,-19.466068,-20.362003,PM*,G2V
HD 32793,*,5,1,37.2,-,62,5,24,272,-37,9.35,0.436,0.0,0.0,3.737,-0.13,63,5.36,0.25,0.0,0.0,0.0,0.86,0.82,0.94,71.1,0.5,0.7,2,2599,0.063,3,105,177,3,15.9,0.9,-55,-71,-25,7.998,-0.037,4.45,8.33,0.3,0.29,75.40499999999999,-62.09,1.7559252,-50.283386,-37.914345,PM*,G6V
HD 32829, ,5,6,19.6,+,10,17,14,191,-18,8.572,0.36,2.611,-0.002,3.775,-0.12,85,3.92,0.83,6.1,3.6,8.4,1.07,1.01,1.14,41.3,0.4,0.0,1,0,0.0,9,8,-20,2,0.0,0.0,-37,-16,-14,8.079,-0.026,7.1,8.49,0.09,0.11,76.58166666666665,10.287222222222223,-79.354546,-15.424958,-26.266445,*,G5
HD 32909, ,5,6,45.7,+,6,25,17,194,-20,8.011,0.324,2.631,-0.008,3.794,-0.05,76,3.6,0.65,3.1,2.3,4.0,1.22,1.14,1.28,-2.7,0.6,0.5,2,1079,0.554,22,-45,-7,2,13.1,1.1,6,8,-13,8.07,-0.026,7.93,9.13,0.07,0.1,76.69041666666665,6.421388888888889,-69.295265,-17.277243,-25.99353,*,G0
HD 32963, ,5,7,55.7,+,26,19,40,178,-8,7.603,0.414,2.594,0.0,3.751,0.07,35,4.87,0.28,7.4,0.0,13.7,0.98,0.9,1.05,-62.9,0.1,0.3,155,6999,1.0,2,-68,-67,2,28.4,1.1,64,-5,-6,8.035,-0.005,6.53,10.21,0.22,0.01,76.9820833333333,26.32777777777778,-34.638268,1.2095934,-4.8710585,PM*,G3V
HD 33093, ,5,7,24.9,-,12,29,28,213,-29,5.968,0.387,2.609,0.019,3.763,-0.17,36,3.17,1.9,4.4,4.1,4.9,1.22,1.19,1.28,53.0,0.1,0.4,9,2225,0.104,5,136,-109,1,27.6,0.7,-31,-51,-13,8.027,-0.017,5.47,8.12,0.19,0.09,76.85374999999998,-12.49111111111111,-26.406643,-17.14867,-17.453146,PM*,G0IV
HD 33132, ,5,5,22.9,-,51,26,0,259,-37,8.684,0.4,2.588,0.0,3.755,-0.19,78,4.24,1.04,11.7,9.4,14.0,0.96,0.92,1.01,-8.0,0.2,0.1,2,386,0.925,2,-41,146,2,12.9,0.7,-48,27,-8,8.012,-0.047,7.7,10.82,0.17,0.06,76.34541666666667,-51.43333333333333,-11.886165,-61.149067,-46.94157,PM*,G2V
HD 33283, ,5,8,1.0,-,26,47,50,229,-34,8.046,0.403,2.617,0.033,3.777,0.23,87,3.21,1.18,3.2,2.4,5.5,1.39,1.34,1.44,4.1,0.2,0.1,3,1410,0.839,4,58,-46,2,11.5,0.9,10,-27,12,8.048,-0.048,6.69,8.21,0.1,0.31,77.00416666666666,-26.797222222222224,-47.31909,-54.43439,-48.64978,PM*,G3/5V
HD 33366, ,5,10,44.5,+,25,8,29,179,-9,8.47,0.394,2.601,0.015,3.758,-0.26,67,4.34,0.93,11.8,8.3,15.1,0.94,0.87,1.0,-66.0,0.2,0.3,2,976,0.413,3,-25,-190,1,14.9,1.4,71,-46,-31,8.066,-0.01,5.18,9.38,0.29,0.44,77.68541666666665,25.141388888888887,-66.16504,1.1549184,-10.48111,PM*,G5
HD 33393, ,5,12,18.8,+,45,45,19,162,4,8.397,0.366,0.0,0.0,3.768,-0.68,77,3.96,1.39,9.8,7.1,12.5,0.9,0.86,0.99,57.8,0.3,0.1,2,606,0.961,7,79,-86,1,0.0,0.0,-67,-23,9,8.073,0.005,6.31,9.16,0.18,0.26,78.07833333333332,45.75527777777778,-73.05296,23.73635,5.3712482,PM*,G0
HD 33617, ,5,5,58.8,-,68,24,59,279,-35,8.158,0.379,2.601,0.007,3.764,-0.45,90,3.39,1.9,7.1,5.4,9.0,1.04,0.98,1.12,7.0,0.2,0.2,2,621,0.474,5,25,43,2,0.0,0.0,-19,-12,1,7.988,-0.051,7.5,8.08,0.04,0.13,76.49499999999999,-68.41638888888889,11.53293,-72.816025,-51.62188,PM*,G0V
HD 33873, ,5,10,34.0,-,51,18,5,258,-36,8.642,0.434,2.577,0.0,3.742,0.04,58,4.82,0.55,12.9,7.1,0.0,0.9,0.88,0.98,22.0,0.1,0.1,5,3310,0.969,3,37,102,2,17.2,0.8,-33,-17,-5,8.009,-0.034,7.05,8.31,0.08,0.05,77.64166666666665,-51.30138888888889,-9.755847,-45.897602,-34.091545,PM*,G6V
HD 33876, ,5,5,57.4,-,73,35,38,285,-33,8.258,0.372,2.583,-0.019,3.766,-0.35,64,4.24,0.92,11.1,6.3,13.6,0.98,0.9,1.02,10.5,0.3,0.5,2,1039,0.186,5,-27,152,2,15.7,0.7,-41,-7,-23,7.986,-0.035,7.24,8.73,0.09,0.26,76.48916666666665,-73.59388888888888,13.892087,-51.845985,-34.8569,PM*,G0/2V
HD 33995, ,5,13,25.2,-,18,33,30,220,-30,7.747,0.418,2.592,0.024,3.76,0.02,100,2.64,2.34,2.9,2.4,3.5,1.48,1.31,1.54,12.9,0.1,0.2,5,1708,0.634,3,-5,-38,2,10.0,0.9,4,-16,-14,8.067,-0.05,7.26,8.21,0.06,0.12,78.35499999999999,-18.558333333333334,-66.3414,-55.667038,-50.0,*,G2/3V
HD 34046,*,5,12,46.7,-,37,56,18,242,-35,9.511,0.464,0.0,0.0,3.727,-0.03,73,5.19,0.55,0.0,9.9,0.0,0.87,0.84,0.92,66.6,0.3,0.1,2,821,0.833,4,112,211,2,13.7,1.0,-98,-40,5,8.028,-0.042,5.26,9.66,0.3,0.2,78.19458333333333,-37.93833333333333,-28.073511,-52.798588,-41.871082,PM*,G8/K0V
HD 34239, ,5,15,44.9,-,4,47,48,206,-23,7.123,0.386,2.593,-0.007,3.762,-0.02,37,4.28,0.69,7.9,4.5,11.0,1.02,0.96,1.08,33.8,0.2,0.2,4,2191,0.776,7,50,37,2,0.0,0.0,-33,-13,-3,8.03,-0.015,7.23,8.4,0.08,0.06,78.93708333333333,-4.796666666666667,-30.611742,-14.930341,-14.457051,PM*,G0V
HD 34445, ,5,17,40.9,+,7,21,12,195,-17,7.311,0.411,2.606,0.019,3.752,-0.01,45,4.04,1.15,9.5,8.0,11.1,1.04,1.0,1.07,-79.4,0.4,0.6,2,1003,0.047,3,-2,-149,2,22.2,1.0,85,-5,7,8.042,-0.013,6.2,11.01,0.28,0.25,79.42041666666665,7.353333333333333,-41.567375,-11.137946,-13.156726,PM*,G0
HD 34449, ,4,50,33.2,-,85,22,30,298,-29,8.134,0.389,2.595,0.001,3.758,-0.16,43,4.96,0.22,5.2,0.0,13.9,0.94,0.86,1.02,25.8,0.2,0.2,5,1807,0.731,4,48,-37,1,23.2,0.7,15,-24,-2,7.982,-0.021,6.66,8.25,0.11,0.08,72.63833333333332,-85.375,17.656193,-33.206463,-20.846813,PM*,G3V
HD 34590, ,5,20,0.7,+,32,47,8,174,-3,7.005,0.367,2.618,0.015,3.772,-0.26,57,3.21,1.74,4.8,4.3,5.6,1.19,1.14,1.25,0.4,0.2,0.1,2,635,0.953,8,15,-39,1,17.4,0.9,-1,-11,-3,8.057,-0.003,7.61,8.15,0.03,0.06,80.00291666666665,32.785555555555554,-56.61006,5.949959,-2.9831498,*,G0
HD 34599, ,5,16,35.0,-,42,30,51,248,-35,8.287,0.414,2.595,0.0,3.749,-0.08,47,4.93,0.39,11.1,2.0,0.0,0.9,0.86,0.99,30.5,0.2,0.3,4,1861,0.416,4,17,94,1,21.3,0.8,-30,-18,-12,8.015,-0.027,7.05,8.25,0.08,0.08,79.14583333333331,-42.51416666666667,-14.422416,-35.69671,-26.958094,PM*,G3V
HD 34735, ,5,19,22.8,-,5,26,52,207,-23,8.569,0.447,0.0,0.0,3.737,0.17,52,4.99,0.4,0.0,0.0,0.0,0.96,0.89,1.02,18.1,0.2,0.3,3,472,0.438,4,-148,-51,2,0.0,0.0,-4,4,-42,8.043,-0.02,8.01,8.81,0.05,0.65,79.84499999999998,-5.447777777777778,-42.649143,-21.730827,-20.318018,PM*,G8V
HD 34796, ,5,19,25.6,-,14,46,6,216,-27,8.009,0.363,2.601,-0.007,3.771,-0.29,67,3.89,1.11,8.4,6.6,10.1,1.01,0.98,1.07,54.0,0.2,0.3,4,1575,0.43,4,-34,0,2,15.0,1.0,-39,-21,-33,8.048,-0.03,6.82,8.44,0.11,0.43,79.85666666666665,-14.768333333333334,-48.29625,-35.089264,-30.417362,*,G1V
HD 34834, ,5,20,32.0,+,5,39,49,197,-17,8.7,0.327,2.629,-0.005,3.794,-0.09,139,2.98,1.31,2.6,2.2,3.1,1.33,1.23,1.43,28.3,0.4,0.7,4,1500,0.169,12,17,-13,3,7.0,1.3,-24,-21,-3,8.127,-0.041,7.11,8.23,0.07,0.07,80.13333333333331,5.663611111111112,-127.11811,-38.86392,-40.639664,*,G5
HD 34962, ,5,18,28.1,-,51,25,37,258,-35,8.296,0.447,0.0,0.0,3.732,-0.11,37,5.45,0.25,0.0,0.0,0.0,0.85,0.82,0.93,0.3,0.1,0.2,4,1830,0.853,2,-31,-153,2,27.0,0.7,27,-3,-5,8.006,-0.021,7.26,9.06,0.11,0.04,79.61708333333333,-51.426944444444445,-6.301524,-29.646309,-21.222328,PM*,G8V
HD 34991, ,5,21,17.9,-,5,48,41,208,-23,7.231,0.359,2.608,-0.005,3.774,-0.15,37,4.39,0.41,5.9,0.2,9.5,1.02,0.96,1.09,-5.2,0.2,0.1,3,472,0.817,2,2,-7,2,0.0,0.0,5,1,2,8.03,-0.014,7.83,8.67,0.05,0.14,80.32458333333332,-5.811388888888889,-30.072031,-15.989581,-14.457051,*,G0V
HD 35041, ,5,21,12.9,-,14,9,8,216,-26,7.679,0.402,2.588,0.002,3.751,-0.21,37,4.83,0.55,13.6,6.7,0.0,0.88,0.84,0.95,-4.3,0.2,0.2,4,1121,0.74,5,-29,28,2,26.9,1.0,0,8,0,8.027,-0.016,7.96,9.0,0.06,0.1,80.30374999999998,-14.152222222222223,-26.904171,-19.547016,-16.219732,*,G2VFe-0.4CH-0.5
HD 35073, ,5,26,7.5,+,61,14,29,150,14,8.33,0.434,0.0,0.0,3.741,-0.03,49,4.9,0.55,14.7,7.8,0.0,0.89,0.86,0.95,1.3,0.2,0.1,3,2143,0.831,1,91,-257,2,20.6,1.1,-34,-51,-12,8.041,0.012,5.44,8.17,0.2,0.07,81.53124999999999,61.24138888888889,-41.174736,23.772247,11.854174,PM*,G5
HD 35190, ,5,23,41.7,+,16,29,49,188,-11,8.136,0.35,2.622,0.007,3.778,-0.24,66,4.04,0.75,6.4,3.7,9.0,1.04,0.97,1.1,-0.2,0.3,0.5,2,241,0.253,5,-47,-18,2,0.0,0.0,3,4,-15,8.064,-0.012,7.94,8.79,0.05,0.12,80.92375,16.496944444444445,-64.15688,-9.016664,-12.593393,*,G0
HD 35676, ,5,24,57.9,-,34,12,22,238,-32,8.069,0.445,0.0,0.0,3.736,0.03,37,5.21,0.3,0.0,0.0,0.0,0.88,0.85,0.98,45.9,0.1,0.2,5,3217,0.695,4,16,182,2,26.8,0.8,-50,-21,-16,8.017,-0.02,6.61,8.65,0.13,0.13,81.24125,-34.20611111111111,-16.627693,-26.609863,-19.607014,PM*,G7V
HD 35769, ,5,28,5.9,+,22,55,49,183,-7,8.678,0.419,2.583,0.0,3.745,-0.07,56,4.92,0.48,13.0,4.5,0.0,0.89,0.86,0.97,-22.2,0.2,0.3,2,986,0.386,2,-118,-82,1,17.7,1.4,26,0,-36,8.056,-0.006,7.41,9.29,0.11,0.52,82.02458333333333,22.93027777777778,-55.50641,-2.9089694,-6.8246837,PM*,G5
HD 35828,*,5,18,8.7,-,76,54,14,289,-32,9.04,0.417,0.0,0.0,3.743,-0.36,63,5.06,0.61,0.0,7.8,0.0,0.84,0.81,0.89,50.8,0.3,0.2,2,1528,0.593,4,244,138,2,16.0,0.7,-35,-88,23,7.983,-0.033,3.86,8.06,0.35,0.54,79.53625,-76.9038888888889,17.39414,-50.516247,-33.384914,PM*,G5V
HD 35833, ,5,28,9.2,+,16,26,20,189,-10,6.853,0.418,2.572,0.0,3.748,-0.21,61,2.93,2.52,3.5,2.9,4.2,1.28,1.25,1.33,54.8,0.2,0.2,2,1487,0.596,4,-38,-54,1,16.4,1.3,-49,-15,-27,8.059,-0.011,6.9,8.83,0.12,0.32,82.03833333333333,16.43888888888889,-59.33367,-9.397526,-10.592539,PM*,G0
HD 35974, ,5,27,6.6,-,31,33,58,235,-31,7.188,0.376,2.608,0.011,3.766,-0.22,58,3.35,1.7,5.5,4.8,6.3,1.16,1.1,1.24,76.4,0.2,0.4,3,3722,0.182,5,-58,40,2,17.1,0.7,-47,-39,-50,8.029,-0.03,5.96,8.41,0.17,0.85,81.77749999999999,-31.566111111111113,-28.51575,-40.724724,-29.872208,PM*,G1V
HD 36114, ,5,29,40.6,+,6,49,40,197,-15,8.771,0.373,2.598,-0.001,3.766,-0.4,105,3.67,1.53,8.1,6.2,10.3,1.0,0.96,1.07,-20.9,0.3,0.4,3,1443,0.416,2,62,-92,2,0.0,0.0,35,-47,8,8.097,-0.027,5.52,8.55,0.22,0.25,82.41916666666665,6.8277777777777775,-96.99054,-29.652992,-27.175999,PM*,G0
HD 36130, ,5,37,33.4,+,74,41,19,139,21,7.76,0.377,0.0,0.0,3.772,0.26,50,4.27,0.21,3.3,0.0,6.8,1.15,1.13,1.18,-62.6,0.2,0.3,2,609,0.307,4,-26,-180,2,20.0,0.7,13,-60,-45,8.035,0.018,5.11,8.14,0.23,0.71,84.38916666666667,74.68861111111111,-35.229107,30.62419,17.918398,PM*,G0
HD 36152, ,5,28,59.1,-,17,25,45,220,-26,8.28,0.411,2.594,0.005,3.751,0.0,47,4.93,0.28,7.6,0.0,15.1,0.95,0.88,1.03,-9.7,0.2,0.3,5,1840,0.33,1,-85,-72,2,21.4,1.1,19,6,-17,8.032,-0.02,7.63,9.3,0.1,0.16,82.24624999999999,-17.429166666666667,-32.360264,-27.153482,-20.603445,PM*,G5V
HD 36308, ,5,31,23.5,+,12,33,22,192,-11,8.363,0.465,0.0,0.0,3.725,-0.01,36,5.6,0.17,0.0,0.0,0.0,0.85,0.82,0.93,25.6,0.2,0.3,4,1454,0.456,3,173,-134,1,28.0,1.3,-20,-40,8,8.034,-0.007,6.07,8.06,0.14,0.23,82.84791666666665,12.556111111111111,-34.566345,-7.3473067,-6.869124,PM*,G5
HD 36379, ,5,30,59.9,-,10,4,51,213,-22,6.953,0.359,2.605,-0.005,3.773,-0.32,42,3.85,1.13,8.2,7.0,9.6,1.02,0.98,1.08,22.8,0.2,0.1,5,1192,0.984,4,160,-314,2,24.0,0.9,19,-70,-7,8.032,-0.016,4.56,8.17,0.28,0.02,82.74958333333332,-10.080833333333333,-32.65928,-21.209179,-15.733477,PM*,G2V
HD 36435, ,5,27,39.3,-,60,24,57,269,-34,6.979,0.455,0.0,0.0,3.726,-0.21,20,5.52,0.37,0.0,3.0,0.0,0.83,0.8,0.89,13.7,0.1,0.2,5,2126,0.671,5,-148,-92,2,51.1,0.5,9,-4,-19,8.0,-0.011,7.59,8.51,0.06,0.17,81.91375,-60.41583333333333,-0.28937218,-16.578226,-11.183858,PM*,G5V
HD 36516, ,5,31,1.1,-,28,31,43,232,-29,8.179,0.384,2.573,0.0,3.758,-0.52,50,4.71,0.75,12.4,6.4,0.0,0.84,0.81,0.92,25.2,0.2,0.4,5,3336,0.208,3,-22,136,2,20.2,0.9,-40,1,-8,8.027,-0.024,7.52,9.06,0.09,0.03,82.75458333333331,-28.52861111111111,-26.923485,-34.460487,-24.24048,PM*,G3V
HD 36518, ,5,30,30.4,-,37,12,9,242,-31,8.31,0.401,2.583,0.001,3.751,-0.24,44,5.08,0.33,0.0,0.0,0.0,0.87,0.83,0.97,50.5,0.2,0.5,4,1861,0.108,3,174,173,2,22.6,0.7,-56,-44,11,8.018,-0.023,5.57,8.5,0.21,0.29,82.62666666666667,-37.2025,-17.706293,-33.300686,-22.661674,PM*,G3V
HD 36792, ,5,35,49.4,+,36,6,41,173,2,8.736,0.343,2.63,0.019,3.782,-0.46,120,3.34,1.54,5.6,4.3,7.1,1.07,1.02,1.15,32.3,0.3,0.2,2,111,0.728,7,-36,-25,2,0.0,0.0,-33,3,-24,8.119,0.004,7.79,9.09,0.08,0.27,83.95583333333332,36.11138888888889,-119.03298,14.615405,4.1879396,*,G5
HD 37006, ,5,46,11.9,+,78,15,22,135,23,8.187,0.447,0.0,0.0,3.731,-0.15,35,5.44,0.31,0.0,0.0,0.0,0.84,0.81,0.92,-12.0,0.2,0.3,2,986,0.43,4,-46,71,2,28.2,0.8,17,3,-7,8.023,0.014,7.61,9.04,0.09,0.01,86.54958333333332,78.25611111111111,-22.781332,22.781332,13.67559,PM*,G0
HD 37088, ,5,36,27.4,+,14,39,14,191,-9,8.513,0.409,2.613,0.022,3.767,0.31,78,3.96,0.58,3.6,2.0,6.9,1.17,1.11,1.23,4.6,0.2,0.2,2,731,0.503,3,-76,-125,2,0.0,0.0,8,-24,-48,8.076,-0.013,6.95,8.25,0.09,0.79,84.11416666666665,14.65388888888889,-75.62426,-14.699863,-12.201889,PM*,G0
HD 37216, ,5,39,52.3,+,52,53,50,159,11,7.845,0.448,0.0,0.0,3.732,-0.04,28,5.62,0.03,0.0,0.0,14.6,0.88,0.82,0.93,11.0,0.2,0.3,4,615,0.45,2,-10,-141,2,35.9,1.1,-18,-10,-8,8.025,0.006,7.66,8.11,0.03,0.01,84.96791666666665,52.89722222222222,-25.659983,9.849943,5.342652,PM*,G5V
HD 37351, ,5,33,13.6,-,65,1,21,275,-33,8.607,0.38,2.599,-0.007,3.767,0.08,63,4.63,0.14,2.9,0.0,8.4,1.06,0.99,1.11,37.1,0.2,0.2,2,628,0.424,4,83,140,2,16.0,0.7,-40,-46,-3,7.996,-0.034,5.62,8.2,0.19,0.08,83.30666666666666,-65.0225,4.604982,-52.63519,-34.31226,PM*,G1V
HD 37464, ,5,44,26.1,+,68,29,33,145,19,8.011,0.368,0.0,0.0,3.768,-0.49,64,3.98,1.24,9.3,6.5,12.1,0.97,0.88,1.03,-15.4,0.2,0.1,3,612,0.969,4,31,-90,2,0.0,0.0,-6,-31,-8,8.049,0.021,6.53,8.06,0.1,0.03,86.10874999999999,68.4925,-49.5695,34.708942,20.83636,PM*,G0
HD 37548, ,5,38,37.8,-,16,55,9,221,-24,7.592,0.382,2.601,0.005,3.765,-0.08,56,3.86,1.09,7.8,6.2,9.1,1.08,1.02,1.12,71.5,0.2,0.4,5,1815,0.165,3,108,-104,2,17.9,1.0,-33,-74,-14,8.039,-0.022,4.45,8.12,0.29,0.1,84.65749999999998,-16.91916666666667,-38.60984,-33.563026,-22.777252,PM*,G3V
HD 37685, ,5,40,46.3,+,9,15,55,196,-11,7.961,0.402,2.599,0.014,3.756,-0.07,73,3.64,1.51,7.1,5.8,8.5,1.11,1.05,1.16,-64.8,0.3,0.5,2,731,0.163,3,-52,-70,2,13.7,1.1,69,8,-15,8.069,-0.014,6.78,11.04,0.24,0.14,85.19291666666666,9.265277777777778,-68.88284,-19.751833,-13.929057,PM*,G0
HD 37693, ,5,43,26.8,+,52,29,19,159,12,7.143,0.391,0.0,0.0,3.758,-0.12,30,4.74,0.41,9.2,2.8,14.5,0.95,0.88,1.02,-25.4,0.4,0.6,2,983,0.103,4,246,20,2,33.0,0.9,24,-25,26,8.028,0.006,6.59,8.5,0.13,0.62,85.86166666666665,52.48861111111111,-27.395386,10.516102,6.237351,PM*,G0
HD 37773, ,5,41,34.3,+,15,12,49,191,-8,7.676,0.428,2.581,0.0,3.743,-0.03,38,4.79,0.62,14.1,8.3,0.0,0.9,0.87,0.95,-42.7,0.2,0.1,2,731,0.66,4,71,-201,1,26.5,1.1,50,-28,-2,8.037,-0.005,6.05,9.07,0.2,0.09,85.39291666666665,15.21361111111111,-36.938812,-7.180176,-5.288578,PM*,G0
HD 37799, ,5,43,13.7,+,41,41,46,169,6,6.798,0.446,0.0,0.0,3.738,-0.16,89,2.04,3.58,1.5,1.2,1.8,1.76,1.57,1.78,9.4,0.3,0.3,2,382,0.457,4,63,-100,1,11.2,1.0,-19,-47,2,8.087,0.01,5.73,8.1,0.17,0.14,85.80708333333332,41.69611111111111,-86.88622,16.888973,9.303033,PM*,G0
HD 37962, ,5,40,51.9,-,31,21,4,236,-28,7.846,0.405,2.587,0.008,3.749,-0.28,37,5.01,0.47,13.8,4.6,0.0,0.86,0.82,0.93,2.7,0.2,0.3,4,1069,0.453,3,-61,-364,2,27.1,0.7,54,-24,-27,8.018,-0.017,6.13,9.26,0.2,0.33,85.21624999999999,-31.351111111111113,-18.268307,-27.08388,-17.37045,PM*,G2V
HD 37975, ,5,45,17.4,+,52,38,56,159,12,8.323,0.445,0.0,0.0,3.73,-0.28,39,5.37,0.5,0.0,0.0,0.0,0.83,0.79,0.88,4.1,0.4,0.6,2,983,0.12,4,2,49,1,0.0,0.0,0,8,5,8.036,0.008,7.98,9.01,0.06,0.2,86.32249999999999,52.64888888888889,-35.614002,13.670933,8.108557,PM*,G0
HD 38078,*,5,41,23.4,-,35,42,50,241,-29,9.005,0.412,0.0,0.0,3.744,-0.44,55,5.31,0.39,0.0,0.0,0.0,0.83,0.79,0.91,15.7,0.3,0.5,2,363,0.195,4,7,-118,2,18.2,0.9,20,-25,-13,8.024,-0.027,6.6,8.39,0.12,0.09,85.3475,-35.71388888888889,-23.321321,-42.07278,-26.664528,PM*,G6V
HD 38110, ,5,42,58.8,-,7,28,52,212,-19,8.181,0.415,2.612,0.0,3.752,0.01,60,4.31,0.86,10.4,7.4,13.1,1.0,0.94,1.05,57.0,0.2,0.1,2,1107,0.733,4,49,-98,2,16.8,1.2,-30,-54,-18,8.048,-0.019,5.32,8.14,0.21,0.16,85.745,-7.481111111111111,-48.110714,-30.06291,-19.534088,PM*,G3/5V
HD 38215, ,5,37,58.1,-,69,57,27,280,-32,8.14,0.438,0.0,0.0,3.737,-0.21,43,4.97,0.71,0.0,10.8,0.0,0.87,0.83,0.91,17.5,0.1,0.3,4,2167,0.48,2,54,169,2,0.0,0.0,-32,-24,-3,7.993,-0.023,6.74,8.22,0.1,0.07,84.49208333333333,-69.9575,6.332266,-35.912067,-22.786528,PM*,G5V
HD 38254,*,5,42,50.7,-,35,6,10,240,-28,9.551,0.425,0.0,0.0,3.744,-0.11,109,4.37,1.08,13.2,10.0,16.8,0.92,0.88,0.98,15.5,0.3,0.1,2,827,0.86,3,-38,-203,2,9.2,1.0,87,-41,-47,8.048,-0.052,5.17,10.01,0.32,0.92,85.71124999999999,-35.10277777777778,-48.120636,-83.347404,-51.1724,PM*,G8V
HD 38265, ,5,43,28.5,-,25,37,19,230,-26,8.695,0.432,2.564,0.0,3.739,-0.09,54,5.03,0.51,16.0,7.4,0.0,0.88,0.85,0.93,-8.1,0.2,0.3,4,1563,0.425,2,-24,-43,2,18.5,1.0,14,3,-5,8.031,-0.023,7.69,8.99,0.08,0.04,85.86874999999999,-25.621944444444445,-31.197613,-37.17988,-23.672043,PM*,G8/K0V+F/G
HD 38277, ,5,44,17.5,-,10,1,0,214,-19,7.12,0.392,2.593,0.0,3.758,-0.2,39,4.14,1.08,11.0,9.2,12.7,0.99,0.96,1.03,32.3,0.2,0.2,4,3281,0.757,3,66,-141,2,25.4,0.8,-9,-41,-11,8.031,-0.013,6.0,8.03,0.14,0.05,86.07291666666666,-10.016666666666667,-30.570946,-20.620365,-12.697158,PM*,G1V
HD 38406, ,5,45,28.7,-,1,36,54,207,-15,8.205,0.388,2.603,0.006,3.762,-0.03,66,4.11,0.87,8.3,5.7,10.7,1.03,0.99,1.09,-2.0,0.2,0.4,3,1494,0.244,3,133,-60,1,15.2,1.3,11,-35,27,8.057,-0.017,6.33,8.2,0.13,0.63,86.36958333333332,-1.615,-56.802647,-28.942398,-17.082056,PM*,G1/2V
HD 38554,*,5,45,0.2,-,35,47,53,241,-28,9.372,0.446,0.0,0.0,3.738,0.14,83,4.79,0.6,12.8,7.5,0.0,0.94,0.89,1.02,-0.9,0.3,0.4,2,363,0.185,1,42,-11,2,12.1,1.0,4,-10,13,8.035,-0.039,7.57,8.29,0.05,0.33,86.25083333333333,-35.79805555555556,-35.5291,-64.0962,-38.96614,*,G6V
HD 38858, ,5,48,34.9,-,4,5,40,209,-16,5.975,0.402,2.578,0.0,3.751,-0.26,16,5.01,0.41,12.2,2.4,0.0,0.86,0.83,0.95,31.2,0.1,0.2,5,2200,0.862,3,62,-229,1,64.2,1.2,-17,-29,-12,8.013,-0.004,6.6,8.03,0.1,0.07,87.14541666666665,-4.094444444444444,-13.451814,-7.4564633,-4.4101977,PM*,G2V
HD 38949, ,5,48,20.0,-,24,27,49,229,-24,7.817,0.363,2.59,-0.016,3.772,-0.11,43,4.67,0.14,2.6,0.0,9.0,1.02,0.95,1.08,3.0,0.2,0.3,4,1046,0.349,7,-31,-39,2,23.5,0.8,4,-3,-9,8.025,-0.017,7.76,8.46,0.04,0.03,87.08333333333331,-24.46361111111111,-25.771606,-29.646843,-17.489676,*,G1V
HD 38973, ,5,46,27.9,-,53,13,9,261,-31,6.631,0.373,2.598,-0.013,3.768,-0.17,29,4.33,0.63,7.9,4.8,10.3,1.0,0.96,1.06,-5.9,0.1,0.3,5,1120,0.504,4,40,-139,2,34.7,0.5,20,0,6,8.004,-0.015,7.48,8.97,0.09,0.21,86.61624999999998,-53.219166666666666,-3.8886256,-24.55181,-14.936104,PM*,G0V
HD 38976, ,5,56,51.1,+,73,11,27,141,22,8.696,0.344,2.619,-0.002,3.783,-0.29,115,3.39,1.33,5.3,3.6,6.7,1.11,1.05,1.2,9.3,0.3,0.2,2,609,0.6,5,-35,-54,1,8.7,1.0,-28,-4,-23,8.082,0.043,7.72,8.6,0.05,0.25,89.21291666666666,73.19083333333333,-82.86407,67.10202,43.079758,PM*,G0
HD 39091, ,5,37,9.8,-,80,28,8,293,-30,5.662,0.372,2.615,0.004,3.77,-0.03,18,4.36,0.43,6.0,2.9,9.0,1.04,0.99,1.1,10.3,0.1,0.1,5,2167,0.915,3,312,1050,1,54.9,0.4,-84,-46,0,7.994,-0.009,5.2,9.1,0.27,0.11,84.29083333333332,-80.46888888888888,6.0908966,-14.34925,-9.0,PM*,G0V
HD 39093, ,5,52,21.4,+,42,16,0,169,8,8.549,0.381,0.0,0.0,3.762,-0.44,77,4.12,1.2,10.8,7.6,13.9,0.91,0.85,1.0,54.3,0.3,0.2,2,710,0.532,2,-81,-33,1,0.0,0.0,-56,15,-24,8.075,0.011,7.5,10.32,0.16,0.28,88.08916666666666,42.266666666666666,-74.8497,14.54931,10.71633,PM*,G5
HD 39427,*,5,50,27.3,-,43,41,58,250,-29,8.724,0.413,0.0,0.0,3.744,-0.28,50,5.23,0.36,0.0,0.0,0.0,0.85,0.81,0.93,31.4,0.2,0.1,3,1453,0.972,3,33,204,2,20.0,0.8,-56,-17,0,8.015,-0.024,6.66,8.9,0.14,0.12,87.61375,-43.69944444444444,-14.956875,-41.093685,-24.24048,PM*,G6V
HD 39480, ,5,52,58.1,+,3,2,52,203,-12,8.352,0.389,2.628,0.029,3.783,0.42,82,3.66,0.48,2.0,1.0,3.0,1.28,1.23,1.33,48.4,0.2,0.4,4,1158,0.209,2,36,-92,1,12.2,1.2,-28,-53,-14,8.074,-0.016,5.4,8.14,0.2,0.11,88.24208333333333,3.0477777777777777,-73.831955,-31.339802,-17.04876,PM*,G3V
HD 39490,*,5,43,32.8,-,76,46,4,288,-30,8.752,0.429,0.0,0.0,3.737,-0.27,44,5.52,0.2,0.0,0.0,0.0,0.84,0.79,0.91,32.0,0.3,0.5,2,1528,0.136,6,105,228,2,22.6,0.7,-39,-48,-4,7.988,-0.022,5.53,8.17,0.19,0.05,85.88666666666666,-76.76777777777778,11.775134,-36.24012,-22.0,PM*,G8V
HD 39503,*,5,51,43.8,-,30,27,57,236,-25,8.958,0.446,0.0,0.0,3.737,0.14,64,4.94,0.47,13.0,5.8,0.0,0.93,0.88,1.02,3.1,0.3,0.5,2,816,0.128,2,152,-87,2,15.7,1.0,22,-37,31,8.032,-0.027,6.1,8.33,0.15,0.72,87.93249999999998,-30.465833333333332,-32.435253,-48.087246,-27.04757,PM*,G5IV/V
HD 39537, ,5,56,22.0,+,54,16,11,159,14,8.001,0.482,0.0,0.0,3.718,-0.14,26,5.93,0.07,0.0,0.0,0.0,0.82,0.78,0.87,16.0,0.2,0.1,2,276,0.921,1,-45,-112,2,0.0,0.0,-21,-2,-7,8.023,0.006,7.85,8.39,0.03,0.01,89.09166666666665,54.26972222222222,-23.552078,9.040794,6.2899694,PM*,G0
HD 39649, ,5,53,13.2,-,17,46,27,223,-21,8.564,0.416,2.585,0.0,3.748,-0.04,60,4.67,0.64,11.8,6.2,16.5,0.93,0.87,1.0,42.3,0.2,0.3,2,467,0.302,3,73,-101,2,0.0,0.0,-9,-54,-7,8.041,-0.021,5.38,8.04,0.2,0.02,88.30499999999998,-17.774166666666666,-40.966652,-38.20201,-21.502077,PM*,G5V
HD 39804,*,5,53,15.1,-,36,15,49,242,-27,8.587,0.423,0.0,0.0,3.745,0.01,47,5.21,0.12,0.0,0.0,14.2,0.93,0.86,1.0,10.4,0.5,0.7,2,361,0.062,5,-89,-44,2,21.1,0.8,4,-1,-24,8.02,-0.021,7.8,8.53,0.04,0.27,88.31291666666665,-36.26361111111111,-19.660208,-36.975468,-21.337553,PM*,G5V
HD 39833, ,5,55,1.9,-,0,30,28,207,-13,7.647,0.391,2.603,-0.005,3.764,0.21,47,4.3,0.43,5.4,2.2,9.0,1.12,1.07,1.17,24.3,0.1,0.2,4,2948,0.531,3,-104,-51,1,21.4,1.1,-17,-7,-30,8.041,-0.01,7.83,8.17,0.02,0.37,88.75791666666666,-0.5077777777777778,-40.803993,-20.790674,-10.572699,PM*,G3V
HD 40040, ,5,57,1.7,+,15,44,28,193,-4,8.185,0.414,2.578,0.0,3.746,-0.41,68,4.02,1.62,12.2,10.0,14.7,0.93,0.86,0.98,-26.6,0.2,0.3,3,719,0.637,2,88,-243,1,14.7,1.2,45,-74,-12,8.066,-0.005,4.3,8.53,0.33,0.08,89.25708333333333,15.74111111111111,-66.095764,-15.25941,-4.74344,PM*,G0
HD 40053,*,5,54,21.2,-,42,39,7,249,-28,9.886,0.491,0.0,0.0,3.718,0.24,81,5.35,0.42,0.0,0.0,0.0,0.93,0.86,0.98,85.2,0.5,0.7,2,360,0.052,4,112,-40,2,12.4,1.1,-13,-96,-6,8.025,-0.038,3.58,8.03,0.38,0.04,88.58833333333334,-42.651944444444446,-25.630018,-66.76851,-38.0272,PM*,G8V
HD 40199,*,5,54,51.3,-,47,38,32,255,-29,8.258,0.385,0.0,0.0,3.763,-0.25,96,3.34,1.81,5.7,4.8,6.7,1.13,1.08,1.23,15.4,0.2,0.1,2,1080,0.744,5,64,107,2,10.4,0.7,-50,-18,26,8.022,-0.046,6.77,8.77,0.13,0.61,88.71374999999999,-47.64222222222222,-21.731346,-81.10251,-46.54172,PM*,G0V
HD 40293,*,5,54,31.0,-,55,50,37,264,-30,9.092,0.442,0.0,0.0,3.737,0.06,71,4.84,0.63,14.7,8.9,0.0,0.9,0.88,0.96,36.3,0.2,0.2,4,2240,0.895,1,-28,213,2,14.1,0.9,-76,-20,-20,8.006,-0.035,6.21,9.4,0.2,0.21,88.62916666666665,-55.843611111111116,-6.4272175,-61.15097,-35.5,PM*,G6V
HD 40330, ,5,58,57.0,+,18,58,47,190,-2,8.469,0.376,2.623,0.021,3.78,0.04,74,4.03,0.46,3.8,2.0,6.1,1.13,1.07,1.2,56.7,0.2,0.2,2,365,0.607,3,49,-49,1,13.5,1.2,-52,-33,4,8.073,-0.003,6.12,8.59,0.17,0.17,89.73749999999998,18.97972222222222,-72.83138,-12.842142,-2.5825627,PM*,G0
HD 40583, ,5,58,3.7,-,35,48,1,242,-26,8.265,0.368,2.611,-0.001,3.772,-0.06,61,4.34,0.43,5.9,2.4,9.0,1.04,0.98,1.11,17.7,0.2,0.1,3,1447,0.929,3,-7,-51,2,16.4,0.8,5,-18,-13,8.026,-0.026,7.11,8.17,0.07,0.09,89.51541666666665,-35.80027777777777,-25.739458,-48.40887,-26.74064,PM*,G2/3V
HD 40616, ,6,0,13.7,+,4,50,7,203,-9,7.464,0.397,2.583,0.002,3.754,-0.27,53,3.82,1.55,9.1,8.0,10.5,1.02,0.99,1.05,76.6,0.3,0.1,2,360,0.807,3,-61,136,2,18.7,1.0,-85,5,-9,8.049,-0.008,6.79,10.7,0.22,0.04,90.05708333333331,4.835277777777778,-48.186115,-20.45379,-8.291027,PM*,G3V
HD 40647, ,6,6,5.7,+,69,28,34,145,21,8.285,0.476,0.0,0.0,3.716,-0.34,32,5.76,0.42,0.0,0.0,0.0,0.79,0.76,0.85,-13.8,0.2,0.1,2,612,0.789,1,-135,-56,1,31.3,1.0,3,-3,-26,8.024,0.012,7.77,8.44,0.04,0.29,91.52374999999999,69.47611111111111,-24.471815,17.135353,11.467774,PM*,G5V
HD 40663,*,5,58,10.1,-,42,16,19,249,-27,9.44,0.443,0.0,0.0,3.736,0.02,83,4.84,0.68,15.9,10.1,0.0,0.9,0.87,0.95,-7.2,0.3,0.4,2,360,0.248,3,-20,-79,2,12.0,0.9,31,2,-10,8.027,-0.038,7.3,9.4,0.13,0.06,89.54208333333332,-42.27194444444444,-26.50257,-69.04159,-37.68121,PM*,G6/8V
HD 40668, ,6,3,7.4,+,51,15,33,162,14,8.264,0.436,2.59,0.0,3.739,-0.14,48,4.86,0.72,17.2,10.3,0.0,0.88,0.85,0.93,-12.7,0.2,0.2,2,983,0.665,2,-1,-22,2,0.0,0.0,10,-8,-5,8.044,0.011,7.51,8.47,0.06,0.03,90.78083333333332,51.259166666666665,-44.29469,14.39222,11.612251,*,G0
HD 40907,*,6,0,7.5,-,38,10,3,244,-26,8.593,0.388,0.0,0.0,3.756,-0.44,64,4.57,0.88,13.7,8.7,0.0,0.85,0.83,0.92,65.7,0.3,0.4,2,360,0.288,5,81,-10,2,15.7,0.8,-22,-66,-8,8.025,-0.028,4.79,8.05,0.25,0.03,90.03124999999999,-38.1675,-25.216335,-51.70117,-28.055754,PM*,G3V
HD 41019, ,6,1,9.5,-,31,43,35,238,-24,8.468,0.387,2.585,-0.002,3.758,-0.42,94,3.59,1.81,8.0,6.7,9.5,1.02,0.97,1.08,33.1,0.2,0.2,3,621,0.732,3,-7,6,2,10.6,0.8,-19,-22,-15,8.046,-0.038,6.98,8.09,0.07,0.12,90.28958333333333,-31.726388888888888,-45.50591,-72.82465,-38.233246,*,G0V
HD 41071,*,6,0,41.2,-,44,53,50,252,-27,9.078,0.44,0.0,0.0,3.734,-0.12,54,5.43,0.24,0.0,0.0,0.0,0.85,0.82,0.94,23.7,0.3,0.3,2,360,0.461,8,17,21,1,18.6,0.8,-12,-21,-6,8.015,-0.025,7.09,8.02,0.06,0.03,90.17166666666667,-44.89722222222222,-14.868159,-45.759468,-24.515486,*,G8V
HD 41087,*,6,1,10.4,-,38,16,25,245,-26,9.028,0.434,0.0,0.0,3.736,-0.2,54,5.36,0.33,0.0,0.0,0.0,0.85,0.81,0.92,-7.7,0.3,0.2,2,360,0.489,3,-12,-76,2,18.5,0.9,21,2,-4,8.021,-0.023,7.5,9.09,0.1,0.05,90.29333333333332,-38.27361111111111,-20.511723,-43.987537,-23.672043,PM*,G6V
HD 41248, ,6,0,32.7,-,56,9,42,264,-29,8.822,0.4,2.599,0.02,3.76,-0.29,52,5.15,0.1,0.0,0.0,10.4,0.92,0.84,0.97,3.2,0.2,0.4,4,2198,0.123,4,126,58,2,19.2,0.8,-13,-17,27,8.004,-0.025,7.35,8.01,0.04,0.6,90.13624999999999,-56.16166666666666,-4.753972,-45.23108,-25.2101,PM*,G2V
HD 41343, ,6,6,3.3,+,33,15,14,178,6,8.153,0.403,2.588,-0.012,3.757,-0.09,116,2.83,2.31,3.7,2.9,4.8,1.29,1.19,1.37,28.7,0.3,0.0,1,0,0.0,10,48,-82,2,0.0,0.0,-30,-51,4,8.115,0.012,5.51,8.2,0.2,0.18,91.51374999999999,33.25388888888889,-115.294266,4.0261593,12.125302,PM*,G5
HD 41484, ,6,5,10.8,-,9,17,30,216,-14,7.958,0.37,2.628,0.018,3.773,-0.03,81,3.41,1.31,5.1,3.1,6.2,1.17,1.11,1.27,0.2,0.2,0.1,2,795,0.89,5,-7,-57,2,12.3,1.1,13,-13,-12,8.064,-0.02,7.25,8.44,0.08,0.07,91.29499999999999,-9.291666666666666,-63.583855,-46.196358,-19.595675,PM*,G2V
HD 41708, ,6,7,59.0,+,27,25,41,184,4,8.026,0.394,2.616,0.018,3.759,-0.02,44,4.79,0.25,6.4,0.0,12.3,0.98,0.91,1.05,34.2,0.2,0.2,3,2522,0.624,2,27,-94,1,22.5,1.1,-33,-22,-3,8.044,0.003,6.83,8.29,0.1,0.07,91.99583333333331,27.428055555555556,-43.7859,-3.0618052,3.0692847,PM*,G0V
HD 41761,*,6,3,59.9,-,54,7,56,262,-28,9.324,0.442,0.0,0.0,3.736,-0.1,68,5.15,0.46,0.0,5.9,0.0,0.87,0.84,0.93,22.6,0.3,0.4,2,361,0.256,2,62,-22,2,14.6,0.9,6,-30,6,8.008,-0.033,6.51,8.1,0.11,0.2,90.99958333333332,-54.132222222222225,-8.356023,-59.456127,-31.924067,PM*,G6V
HD 41805, ,6,10,0.4,+,50,9,5,164,14,8.557,0.384,2.584,0.018,3.755,-1.23,60,4.67,1.27,0.0,9.7,0.0,0.78,0.75,0.82,-18.6,0.2,0.3,4,1517,0.696,3,206,-266,2,0.0,0.0,-4,-96,15,8.056,0.015,3.59,8.06,0.38,0.35,92.50166666666665,50.15138888888889,-55.962486,16.046986,14.515314,PM*,G0
HD 42129, ,6,10,16.9,+,30,25,31,181,5,8.295,0.359,2.63,0.018,3.779,-0.14,123,2.85,1.83,3.0,2.3,4.7,1.33,1.18,1.43,-11.0,0.4,0.0,1,0,0.0,8,20,-40,2,0.0,0.0,11,-26,-2,8.122,0.012,6.74,8.32,0.1,0.07,92.57041666666666,30.42527777777778,-122.51329,-2.138476,10.720156,*,G5
HD 42160, ,6,10,1.0,+,17,56,3,192,-1,8.484,0.417,2.584,0.009,3.745,-0.22,45,5.22,0.3,0.0,0.0,0.0,0.86,0.82,0.95,4.4,0.3,0.6,4,1487,0.071,1,209,-225,1,22.2,1.4,9,-63,16,8.044,-0.001,4.94,8.11,0.24,0.37,92.50416666666666,17.934166666666666,-44.009937,-9.354606,-0.78535825,PM*,G6
HD 42250, ,6,16,2.6,+,70,46,53,144,23,7.433,0.469,0.0,0.0,3.725,-0.02,26,5.38,0.39,0.0,6.3,0.0,0.85,0.84,0.91,19.3,0.2,0.4,3,2880,0.158,1,-11,-443,1,38.9,0.7,-50,-26,-9,8.019,0.01,6.38,8.58,0.15,0.03,94.01083333333332,70.78138888888888,-19.362307,14.067538,10.159009,PM*,G9V
HD 42287, ,6,5,42.0,-,61,44,54,271,-29,7.834,0.371,2.619,0.013,3.768,-0.2,49,4.39,0.59,7.9,4.8,11.5,0.99,0.94,1.05,-5.2,0.1,0.2,5,1159,0.763,5,-50,10,2,20.5,0.7,-3,10,-7,7.999,-0.024,7.97,9.04,0.06,0.03,91.42499999999998,-61.748333333333335,0.7479429,-42.84984,-23.75567,PM*,G0V
HD 42380, ,6,11,2.6,+,15,50,9,194,-1,8.61,0.403,2.605,0.032,3.773,-0.06,151,2.58,2.16,2.6,2.2,3.6,1.38,1.29,1.52,19.1,0.4,0.3,2,120,0.538,15,15,-18,2,0.0,0.0,-15,-20,3,8.146,-0.004,7.22,8.16,0.06,0.15,92.76083333333332,15.835833333333333,-146.49234,-36.524628,-2.6353133,*,G5
HD 42618, ,6,12,0.5,+,6,46,59,202,-6,6.857,0.402,2.581,-0.012,3.754,-0.03,23,5.04,0.12,2.5,0.0,12.0,0.96,0.88,1.02,-53.7,0.1,0.2,8,2238,0.868,4,197,-253,2,43.3,0.9,62,-12,11,8.021,-0.002,6.38,9.88,0.22,0.32,93.00208333333332,6.783055555555555,-21.208406,-8.568754,-2.4041548,PM*,G4V
HD 42626,*,6,9,22.6,-,46,16,48,254,-26,9.107,0.409,0.0,0.0,3.751,-0.18,98,4.15,1.21,11.4,9.2,13.9,0.96,0.92,1.02,60.7,0.3,0.4,2,360,0.306,3,-32,77,2,10.2,0.8,-52,-38,-32,8.025,-0.043,5.89,8.49,0.18,0.43,92.34416666666667,-46.28,-24.278625,-84.669685,-42.960373,PM*,G5V
HD 42647, ,6,8,15.9,-,57,55,54,267,-28,8.67,0.432,2.577,0.0,3.74,-0.22,102,3.63,1.99,7.8,6.2,9.4,1.05,1.01,1.13,53.9,0.2,0.3,2,654,0.243,3,55,-80,2,9.8,0.7,36,-61,-7,8.005,-0.048,4.84,8.38,0.27,0.05,92.06625,-57.931666666666665,-4.7134256,-89.937225,-47.8861,PM*,G2V
HD 42819, ,6,16,12.3,+,56,56,3,157,18,7.475,0.373,2.612,0.0,3.77,0.02,53,3.86,0.88,6.5,3.7,8.2,1.11,1.06,1.18,22.2,0.1,0.3,6,1517,0.717,2,-208,-187,2,18.9,1.0,-47,-6,-56,8.046,0.016,7.27,9.17,0.12,1.06,94.05124999999998,56.93416666666666,-46.398968,19.695194,16.377901,PM*,G0
HD 42902, ,6,11,14.0,-,44,13,28,252,-25,8.911,0.408,2.624,0.04,3.78,0.47,96,3.82,0.35,2.0,0.8,3.1,1.24,1.21,1.29,68.1,0.2,0.1,2,625,0.722,3,2,-78,2,10.4,0.8,14,-66,-36,8.027,-0.041,4.79,8.13,0.26,0.51,92.80833333333332,-44.224444444444444,-26.886204,-82.74719,-40.571354,PM*,G2/3V
HD 43279, ,6,18,52.0,+,57,8,16,157,18,8.186,0.418,2.599,0.0,3.75,0.07,57,4.41,0.76,9.8,6.3,13.1,0.99,0.93,1.06,5.1,0.2,0.3,5,1517,0.432,2,62,-108,2,0.0,0.0,-16,-29,6,8.05,0.018,6.63,8.06,0.1,0.2,94.71666666666664,57.13777777777778,-49.900776,21.181623,17.61397,PM*,G0
HD 43548,*,6,14,14.0,-,49,48,58,258,-26,8.808,0.431,0.0,0.0,3.739,-0.17,61,4.88,0.72,0.0,12.2,0.0,0.87,0.85,0.91,-29.5,0.2,0.1,3,2160,0.951,1,110,-219,2,16.4,0.8,71,2,28,8.012,-0.027,6.58,10.82,0.24,0.77,93.55833333333332,-49.816111111111105,-11.39907,-53.62835,-26.74064,PM*,G6V
HD 43691, ,6,19,34.6,+,41,5,32,173,12,8.028,0.371,2.626,0.02,3.785,0.13,93,3.09,1.19,2.6,2.2,3.1,1.38,1.3,1.45,-29.2,0.2,0.3,2,1082,0.325,5,23,-52,1,10.7,1.2,25,-29,-7,8.091,0.019,6.42,8.51,0.14,0.02,94.89416666666665,41.092222222222226,-90.289665,11.086171,19.335789,PM*,G0IV
HD 43717, ,6,16,52.8,-,18,36,24,226,-16,7.492,0.38,2.595,0.004,3.762,-0.29,53,3.87,1.33,9.1,7.8,10.5,1.01,0.98,1.05,77.0,0.2,0.2,4,3279,0.808,4,-125,27,2,18.9,0.9,-61,-34,-45,8.035,-0.014,5.99,8.78,0.19,0.75,94.21999999999998,-18.60666666666667,-35.390667,-36.648113,-14.60878,PM*,G0V
HD 43834, ,6,10,14.4,-,74,45,10,286,-29,5.073,0.442,2.587,0.0,3.738,0.1,10,5.04,0.38,12.8,3.9,0.0,0.91,0.88,1.0,35.6,0.2,0.4,4,3280,0.116,3,122,-213,1,98.5,0.4,18,-31,-12,7.998,-0.005,6.33,8.27,0.13,0.07,92.55999999999999,-74.75277777777778,2.4107773,-8.407384,-4.848096,PM*,G7V
HD 43976, ,6,15,38.8,-,57,42,5,266,-27,8.888,0.403,2.599,0.012,3.751,-0.21,63,4.89,0.49,12.9,5.0,0.0,0.88,0.84,0.96,27.2,0.2,0.2,2,628,0.661,8,30,48,2,15.9,0.7,-15,-28,-2,8.003,-0.029,6.66,8.02,0.09,0.07,93.91166666666666,-57.70138888888889,-3.9156725,-55.99667,-28.6014,PM*,G2V
HD 44219, ,6,20,14.3,-,10,43,30,219,-12,7.7,0.418,2.6,0.023,3.76,0.09,51,4.08,0.85,7.8,5.1,9.8,1.09,1.03,1.16,-12.4,0.2,0.3,5,1166,0.261,2,73,-15,2,19.8,1.0,14,-3,16,8.038,-0.01,7.57,8.77,0.07,0.4,95.05958333333332,-10.725,-38.768337,-31.39398,-10.603497,PM*,G3V
HD 44280, ,6,32,56.2,+,79,28,6,135,26,7.954,0.316,0.0,0.0,3.8,-0.19,143,2.18,2.06,1.9,1.6,2.2,1.56,1.46,1.64,-9.7,2.7,3.8,2,609,0.042,55,-12,-23,2,7.0,0.8,-7,-13,-14,8.09,0.062,7.61,8.1,0.03,0.11,98.23416666666665,79.46833333333333,-90.882706,90.882706,62.687077,*,G0
HD 44420, ,6,21,43.5,-,0,32,20,210,-7,7.612,0.428,2.605,0.0,3.748,0.21,41,4.54,0.57,9.1,4.8,13.4,1.05,1.03,1.07,-0.9,0.1,0.2,5,2197,0.6,1,-1,-155,2,24.3,0.9,15,-22,-14,8.035,-0.005,6.8,8.33,0.1,0.1,95.43124999999998,-0.5388888888888889,-35.24238,-20.347195,-4.996643,PM*,G6V
HD 44447, ,6,15,6.0,-,71,42,9,282,-28,6.61,0.369,2.598,0.004,3.767,-0.42,31,4.14,1.06,10.7,8.9,12.9,0.98,0.89,1.03,13.3,0.2,0.2,4,4752,0.872,3,-16,54,2,32.0,0.5,-6,-12,-8,7.994,-0.015,7.56,8.02,0.03,0.02,93.77499999999999,-71.7025,5.6908226,-26.773245,-14.553618,PM*,G0VFe-0.8CH-0.3
HD 44569, ,6,21,37.3,-,18,10,0,226,-15,7.725,0.392,2.586,0.0,3.757,-0.18,44,4.5,0.72,11.2,7.2,15.3,0.95,0.89,1.0,20.2,0.1,0.3,5,1811,0.432,3,-46,-97,2,22.6,0.9,0,-21,-22,8.03,-0.011,7.04,8.09,0.07,0.22,95.40541666666665,-18.166666666666668,-29.52349,-30.572474,-11.388038,PM*,G3/5V
HD 44614, ,6,24,30.8,+,38,34,9,175,12,7.588,0.391,0.0,0.0,3.763,0.13,45,4.33,0.5,6.0,3.1,9.3,1.09,1.04,1.15,32.1,0.2,0.2,2,1045,0.472,1,89,-92,2,22.3,1.0,-32,-23,15,8.044,0.009,6.83,8.26,0.09,0.36,96.12833333333333,38.56916666666667,-43.849144,3.836309,9.356027,PM*,G0
HD 44673, ,6,24,54.2,+,40,51,7,173,13,8.463,0.398,0.0,0.0,3.758,0.0,70,4.24,0.8,8.6,5.6,11.6,1.02,0.96,1.08,28.9,0.2,0.2,2,612,0.519,5,-65,-33,1,0.0,0.0,-33,3,-17,8.068,0.015,7.73,9.02,0.08,0.16,96.22583333333333,40.85194444444445,-67.6975,8.312204,15.746573,PM*,G0V
HD 44675, ,6,23,48.7,+,17,53,3,194,2,8.447,0.408,2.593,0.013,3.751,-0.45,118,3.09,2.48,5.2,3.5,7.3,1.1,1.02,1.23,-21.9,0.4,0.5,2,53,0.414,18,1,-10,1,0.0,0.0,22,0,-3,8.114,0.005,7.53,9.18,0.1,0.06,95.95291666666667,17.884166666666665,-114.42515,-28.52938,4.1181407,*,G0
HD 44748,*,6,21,57.2,-,34,30,43,242,-21,9.125,0.427,0.0,0.0,3.739,-0.23,60,5.23,0.42,17.4,1.2,0.0,0.85,0.81,0.92,25.1,0.3,0.0,1,0,0.0,8,-7,68,2,16.6,1.0,-29,-13,-4,8.026,-0.021,7.31,8.31,0.06,0.05,95.48833333333332,-34.511944444444445,-26.29737,-49.458153,-21.502077,PM*,G6V
HD 45184, ,6,24,43.8,-,28,46,48,237,-18,6.37,0.394,2.597,-0.001,3.76,0.03,22,4.66,0.31,7.4,0.3,11.5,1.01,0.94,1.08,-4.1,0.1,0.1,4,4740,0.959,2,-165,-122,2,45.4,0.6,10,5,-18,8.012,-0.007,7.77,9.0,0.07,0.18,96.18249999999999,-28.779999999999998,-11.3956175,-17.547709,-6.798374,PM*,G2Va
HD 45205, ,6,30,15.6,+,60,47,2,154,21,8.448,0.368,2.583,0.0,3.763,-0.9,72,4.16,1.44,12.2,9.1,15.2,0.86,0.81,0.91,61.8,0.4,0.6,2,1134,0.287,6,137,-249,3,13.9,1.1,-88,-64,39,8.061,0.026,4.62,9.11,0.33,1.02,97.56499999999998,60.78388888888889,-60.414948,29.466337,25.802492,PM*,G0
HD 45253, ,6,26,50.4,+,11,39,27,200,0,8.175,0.389,2.596,0.012,3.756,-0.36,50,4.68,0.72,12.5,5.7,0.0,0.87,0.83,0.96,28.0,0.3,0.1,2,120,0.86,1,-120,32,2,0.0,0.0,-33,9,-22,8.047,0.0,7.8,9.34,0.09,0.23,96.71,11.6575,-46.98463,-17.101007,0.0,PM*,G0
HD 45289, ,6,24,24.3,-,42,50,51,251,-23,6.667,0.418,2.581,0.0,3.748,-0.04,28,4.44,0.87,13.7,8.8,15.8,0.94,0.91,1.0,56.0,0.1,0.2,4,1918,0.749,3,-75,777,1,35.8,0.5,-116,-20,-2,8.008,-0.011,5.63,10.81,0.32,0.1,96.10125,-42.847500000000004,-8.391238,-24.369923,-10.940472,PM*,G2V
HD 45345,*,6,25,16.2,-,34,22,42,242,-20,8.797,0.437,0.0,0.0,3.737,-0.06,50,5.32,0.24,0.0,0.0,0.0,0.87,0.83,0.96,-3.4,0.3,0.0,1,0,0.0,4,-68,-22,2,20.2,0.9,4,8,-15,8.022,-0.017,7.91,9.03,0.07,0.12,96.3175,-34.37833333333333,-22.057951,-41.484966,-17.101006,PM*,G5V
HD 45346, ,6,24,43.7,-,43,24,20,251,-23,8.66,0.411,2.585,0.001,3.749,-0.14,62,4.69,0.68,13.5,8.3,0.0,0.9,0.86,0.96,43.7,0.2,0.2,2,625,0.434,2,4,81,2,16.1,0.8,-36,-33,-9,8.018,-0.024,6.25,8.23,0.14,0.04,96.18208333333332,-43.40555555555555,-18.580599,-53.961975,-24.22533,PM*,G5V
HD 45350, ,6,28,45.7,+,38,57,46,175,13,7.892,0.457,0.0,0.0,3.736,0.19,49,4.44,0.96,12.6,10.4,14.6,0.98,0.95,1.02,-21.3,0.2,0.2,2,1361,0.564,3,-42,-54,1,20.4,1.0,17,-9,-18,8.048,0.011,7.33,8.65,0.08,0.17,97.19041666666666,38.96277777777778,-47.56245,4.1611814,11.022601,PM*,G5
HD 45364, ,6,25,38.4,-,31,28,51,239,-19,8.086,0.443,2.563,0.0,3.734,-0.09,33,5.52,0.12,0.0,0.0,0.0,0.87,0.81,0.94,15.9,0.2,0.4,7,3311,0.058,2,55,-11,2,30.7,0.8,-5,-17,2,8.016,-0.011,7.28,8.03,0.05,0.13,96.40999999999998,-31.480833333333333,-16.070284,-26.745426,-10.743749,PM*,G8V
HD 45385, ,6,23,38.0,-,56,6,32,265,-26,8.43,0.401,2.605,0.017,3.758,-0.02,97,3.5,1.56,6.3,4.7,8.2,1.12,1.05,1.2,2.8,0.3,0.4,2,466,0.196,3,-45,3,2,0.0,0.0,-5,7,-19,8.008,-0.043,7.99,8.82,0.05,0.19,95.90833333333333,-56.10888888888889,-7.598498,-86.851265,-42.522003,*,G2IV
HD 45391, ,6,28,46.0,+,36,28,47,178,12,7.137,0.399,2.568,0.0,3.749,-0.45,26,5.09,0.52,11.7,0.2,0.0,0.83,0.8,0.92,-6.1,0.2,0.4,3,3279,0.225,2,-291,-220,2,39.0,0.9,-3,-9,-44,8.025,0.005,7.79,8.15,0.02,0.66,97.19166666666666,36.47972222222222,-25.416348,0.8875572,5.405704,PM*,G1V
HD 45444, ,6,29,17.2,+,39,38,52,175,13,7.89,0.396,0.0,0.0,3.759,-0.12,110,2.69,2.43,3.3,2.6,4.1,1.33,1.26,1.39,14.6,0.2,0.2,3,3224,0.678,5,8,-107,2,9.1,1.1,-23,-50,-16,8.107,0.025,5.58,8.15,0.19,0.13,97.32166666666666,39.647777777777776,-106.77285,9.341428,24.744616,PM*,G0
HD 45525,*,6,26,9.3,-,37,51,36,246,-21,9.681,0.418,0.0,0.0,3.747,-0.05,98,4.72,0.62,12.2,6.1,17.6,0.91,0.87,0.99,31.8,0.3,0.2,2,360,0.532,1,-57,41,3,0.0,0.0,-34,-9,-29,8.038,-0.035,7.37,8.56,0.07,0.35,96.53875,-37.86,-37.212692,-83.58107,-35.12006,PM*,G8(III)
HD 45580, ,6,29,3.6,+,17,44,42,195,3,7.609,0.386,2.596,0.004,3.76,-0.29,48,4.21,1.04,11.5,9.0,13.9,0.97,0.9,1.02,-14.4,0.3,0.1,2,1078,0.712,5,-124,-165,1,20.9,1.2,17,-16,-43,8.046,0.003,7.1,8.49,0.09,0.67,97.265,17.745,-46.300896,-12.406289,2.512126,PM*,G0
HD 45665,*,6,27,20.6,-,33,6,50,241,-19,8.392,0.431,0.0,0.0,3.741,-0.03,45,5.12,0.33,0.0,0.0,0.0,0.88,0.85,0.97,-3.5,0.2,0.1,2,361,0.959,4,-13,-68,2,22.2,0.8,14,-1,-6,8.021,-0.015,7.59,8.78,0.07,0.02,96.83583333333333,-33.11388888888889,-20.627842,-37.213615,-14.650566,PM*,G5V
HD 45821, ,6,36,30.5,+,72,0,33,143,25,7.78,0.424,0.0,0.0,3.746,-0.03,50,4.29,1.05,12.2,10.1,14.1,0.96,0.92,1.02,41.8,0.2,0.4,5,1507,0.139,2,-46,-244,2,20.0,0.8,-71,-14,-4,8.036,0.021,6.51,9.43,0.18,0.06,99.12708333333332,72.00916666666667,-36.190475,27.271484,21.130913,PM*,G0V:
HD 45943,*,6,28,41.2,-,38,34,15,247,-21,9.057,0.455,0.0,0.0,3.731,0.05,59,5.21,0.39,15.6,3.5,0.0,0.88,0.85,0.96,9.7,0.2,0.1,2,678,0.897,2,1,-194,2,17.0,1.1,45,-24,-20,8.022,-0.021,6.26,9.02,0.18,0.2,97.17166666666667,-38.57083333333334,-21.521961,-50.702553,-21.14371,PM*,G6/8V
HD 45987, ,6,24,51.7,-,68,48,11,279,-28,8.967,0.423,2.605,0.0,3.748,0.01,98,4.01,1.25,9.4,7.6,11.4,1.04,0.99,1.08,58.1,0.2,0.2,2,623,0.521,4,21,-9,2,10.2,0.9,12,-55,-19,7.986,-0.045,5.26,8.09,0.21,0.18,96.21541666666667,-68.80305555555556,13.536102,-85.46355,-46.008213,*,G3V
HD 46098, ,6,28,40.3,-,50,4,52,259,-24,8.253,0.389,2.607,0.021,3.772,-0.22,169,2.02,2.89,2.1,1.7,2.5,1.55,1.43,1.67,-13.2,0.2,0.2,3,2128,0.602,3,-24,-22,1,5.9,0.7,17,18,-16,8.031,-0.069,7.81,9.96,0.12,0.16,97.16791666666666,-50.08111111111111,-29.45882,-151.55261,-68.738495,*,G0V
HD 46100,*,6,16,21.2,-,81,38,2,294,-28,9.376,0.453,0.0,0.0,3.73,-0.06,59,5.53,0.17,0.0,0.0,0.0,0.86,0.82,0.93,21.0,0.2,0.2,2,363,0.658,1,-3,-9,2,17.0,0.9,9,-16,-10,7.979,-0.028,7.13,8.22,0.07,0.05,94.08833333333332,-81.63388888888889,21.188501,-47.59015,-27.698822,*,G8V
HD 46164, ,6,31,56.2,+,1,55,4,209,-3,8.422,0.446,2.593,0.0,3.736,0.05,47,5.06,0.44,0.0,0.0,0.0,0.9,0.86,0.97,-48.2,0.3,0.4,2,121,0.268,2,-18,-8,2,0.0,0.0,42,24,-2,8.041,-0.003,7.48,10.98,0.19,0.1,97.98416666666665,1.9177777777777776,-41.05079,-22.754827,-2.45979,*,G8/K0V
HD 46175, ,6,21,0.0,-,78,24,43,290,-28,8.331,0.371,2.618,0.01,3.77,-0.14,63,4.32,0.56,7.1,4.1,10.1,1.01,0.97,1.08,22.4,0.2,0.1,3,2174,0.95,4,-31,-21,2,15.8,0.7,11,-12,-19,7.981,-0.03,7.25,8.33,0.07,0.17,95.24999999999999,-78.41194444444444,19.025105,-52.271057,-29.57671,*,G0V
HD 46375, ,6,33,12.6,+,5,27,46,206,-2,7.914,0.502,0.0,0.0,3.716,0.39,33,5.29,0.47,16.4,7.7,0.0,0.87,0.84,0.92,-1.6,0.3,0.6,4,1090,0.033,1,120,-98,3,29.9,1.1,11,-20,10,8.03,-0.001,6.98,8.27,0.08,0.26,98.30249999999998,5.462777777777778,-29.642138,-14.457433,-1.1516833,PM*,G9V
HD 46572, ,6,34,46.2,+,15,4,38,198,3,8.351,0.436,2.604,0.0,3.744,0.22,55,4.65,0.55,9.6,3.7,16.1,1.01,0.95,1.07,45.6,0.2,0.1,2,410,0.856,3,-31,-47,2,0.0,0.0,-42,-21,-10,8.052,0.003,6.77,8.51,0.11,0.04,98.69249999999998,15.077222222222222,-52.23642,-16.972641,2.8784778,PM*,G5
HD 47015,*,6,35,4.2,-,33,0,11,242,-18,8.935,0.431,0.0,0.0,3.743,-0.06,74,4.59,0.84,14.4,10.1,0.0,0.91,0.88,0.96,47.2,0.2,0.1,2,361,0.847,2,138,-49,2,13.5,1.0,3,-66,23,8.034,-0.022,4.85,8.06,0.25,0.52,98.76749999999998,-33.003055555555555,-33.04056,-62.140244,-22.867258,PM*,G5V
HD 47017,*,6,34,53.9,-,34,50,10,243,-18,8.549,0.392,0.0,0.0,3.762,-0.01,101,3.53,1.43,5.9,4.9,7.2,1.14,1.09,1.21,-4.6,0.2,0.1,2,361,0.962,3,-15,-12,2,9.9,0.8,6,5,-7,8.043,-0.032,7.87,8.9,0.06,0.03,98.72458333333331,-34.836111111111116,-43.60885,-85.58714,-31.210718,*,G1V
HD 47126, ,6,37,42.5,+,15,10,8,198,4,8.509,0.388,2.623,0.031,3.78,0.11,92,3.56,0.86,3.2,2.6,4.4,1.23,1.15,1.32,7.3,0.2,0.2,2,410,0.457,3,33,-23,1,0.0,0.0,-2,-17,9,8.087,0.006,7.34,8.14,0.05,0.24,99.42708333333333,15.168888888888889,-87.284065,-28.36031,6.4175954,*,G0
HD 47186, ,6,36,8.7,-,27,37,20,237,-15,7.619,0.445,0.0,0.0,3.739,0.18,38,4.73,0.61,11.9,7.9,16.6,0.95,0.93,1.03,3.8,0.2,0.3,3,1407,0.239,1,22,-261,2,26.4,0.9,37,-25,-15,8.02,-0.01,6.33,8.76,0.16,0.13,99.03624999999998,-27.622222222222224,-19.991077,-30.783554,-9.835124,PM*,G6V
HD 47309, ,6,40,49.0,+,51,58,41,164,20,7.594,0.412,2.598,0.019,3.749,-0.16,42,4.46,0.92,14.2,10.1,17.2,0.92,0.88,0.97,27.2,0.1,0.2,7,1116,0.877,3,-1,-294,2,23.6,1.0,-47,-44,-10,8.038,0.014,5.66,8.36,0.19,0.04,100.20416666666667,51.97805555555556,-37.9382,10.878605,14.364845,PM*,G0
HD 48056, ,6,41,23.3,-,2,21,0,214,-3,7.701,0.361,2.629,0.015,3.776,-0.11,72,3.42,1.3,5.2,3.6,6.2,1.16,1.11,1.26,-8.7,0.2,0.3,2,776,0.387,6,67,-136,2,13.9,1.0,36,-38,0,8.06,-0.004,5.84,8.6,0.19,0.1,100.34708333333333,-2.35,-59.608894,-40.20671,-3.768189,PM*,G0V
HD 48115, ,6,38,0.5,-,59,46,24,269,-25,8.783,0.391,2.581,-0.001,3.756,-0.33,57,4.99,0.38,0.0,0.0,0.0,0.87,0.82,0.97,2.3,0.2,0.1,2,621,0.854,1,-35,-5,2,17.4,0.7,-1,2,-10,8.001,-0.024,7.91,8.56,0.04,0.05,99.5020833333333,-59.77333333333333,-0.9015776,-51.651676,-24.089241,*,G0V
HD 48141, ,6,44,18.7,+,47,41,18,168,19,8.459,0.396,2.623,0.028,3.781,0.45,105,3.23,0.93,2.1,1.7,2.6,1.36,1.29,1.43,-7.8,0.5,0.7,2,60,0.071,6,26,-11,2,0.0,0.0,9,-11,7,8.097,0.033,7.45,8.41,0.06,0.23,101.07791666666665,47.68833333333333,-97.109955,20.64135,34.184654,*,G0
HD 48178, ,6,42,16.4,+,2,28,21,210,-1,8.661,0.397,2.596,0.013,3.753,-0.3,65,4.6,0.81,13.5,8.3,0.0,0.87,0.84,0.95,25.8,0.4,0.6,2,52,0.174,2,-25,-45,2,0.0,0.0,-18,-20,-14,8.056,-0.001,7.11,8.09,0.06,0.09,100.56833333333331,2.4725,-56.283085,-32.49505,-1.1344063,PM*,G5V
HD 48265, ,6,40,1.7,-,48,32,31,258,-22,8.051,0.452,0.0,0.0,3.738,0.17,88,3.34,2.03,4.5,3.8,5.4,1.25,1.23,1.27,22.5,0.2,0.1,2,623,0.607,3,26,30,1,11.4,0.7,-15,-23,5,8.018,-0.033,6.95,8.03,0.07,0.18,100.00708333333333,-48.54194444444444,-16.963985,-79.80919,-32.965378,*,G5IV/V
HD 48299, ,6,44,11.5,+,34,9,59,181,13,8.48,0.361,2.623,0.018,3.773,-0.33,75,4.1,0.88,7.8,5.0,11.1,1.0,0.95,1.06,37.4,0.3,0.1,3,820,0.909,4,34,-80,2,13.3,1.3,-36,-32,8,8.073,0.018,6.38,8.3,0.13,0.23,101.04791666666665,34.16638888888889,-73.06662,-1.2753818,16.871328,PM*,G0
HD 48308, ,6,44,15.4,+,33,49,11,182,13,8.577,0.387,2.582,0.003,3.757,-0.51,77,4.14,1.34,12.1,9.1,15.4,0.89,0.83,0.95,-22.1,0.3,0.2,2,1082,0.634,5,115,-19,2,0.0,0.0,30,-22,29,8.075,0.018,6.65,8.75,0.14,0.71,101.06416666666665,33.819722222222225,-74.9808,-2.6183784,17.32123,PM*,G2V
HD 48342, ,6,40,51.4,-,44,24,55,253,-20,8.677,0.399,2.597,0.013,3.755,-0.25,74,4.34,0.99,12.8,9.8,15.6,0.94,0.88,0.98,7.1,0.2,0.2,2,623,0.488,3,108,-63,2,13.6,0.8,26,-26,24,8.02,-0.026,6.52,8.53,0.13,0.57,100.21416666666666,-44.415277777777774,-20.330742,-66.4988,-25.309488,PM*,G1V
HD 48410, ,6,45,28.9,+,44,14,0,172,18,7.469,0.382,2.593,-0.01,3.764,-0.11,45,4.19,0.81,9.5,5.5,11.9,1.01,0.97,1.07,2.5,0.2,0.4,5,832,0.307,1,144,-190,2,22.1,0.9,-5,-49,14,8.043,0.014,5.64,8.05,0.18,0.33,101.37041666666666,44.233333333333334,-42.38104,5.95627,13.905766,PM*,G0
HD 48611, ,6,37,50.5,-,70,55,57,282,-27,8.698,0.46,0.0,0.0,3.722,-0.46,39,5.76,0.38,0.0,0.0,0.0,0.78,0.75,0.84,17.3,0.1,0.2,5,2167,0.774,2,-148,298,2,25.8,2.5,-56,-16,-26,7.993,-0.017,6.68,8.91,0.14,0.3,99.46041666666666,-70.9325,7.224769,-33.989902,-17.70563,PM*,G9.5V
HD 48670, ,6,44,9.2,-,10,59,59,222,-7,8.874,0.405,2.588,0.002,3.752,-0.12,83,4.29,0.99,11.3,8.3,14.4,0.95,0.9,1.02,-8.3,0.2,0.2,3,782,0.707,2,-24,-184,2,12.1,1.4,48,-38,-40,8.061,-0.009,5.76,8.92,0.22,0.62,101.03833333333333,-10.999722222222221,-61.221264,-55.123867,-10.115156,PM*,G2/3V
HD 48684, ,6,46,2.8,+,33,1,46,182,13,7.597,0.388,2.598,0.005,3.761,-0.09,54,3.93,1.12,8.4,6.8,10.1,1.03,1.0,1.09,-13.4,0.2,0.4,5,832,0.354,3,168,-8,2,18.5,1.2,23,-18,34,8.053,0.012,6.94,8.62,0.11,0.83,101.51166666666666,33.029444444444444,-52.58393,-1.8362653,12.147356,PM*,G0V
HD 48893, ,6,49,35.9,+,60,9,46,156,23,8.389,0.317,0.0,0.0,3.797,-0.26,91,3.6,0.77,3.4,2.6,4.8,1.15,1.08,1.22,-11.1,0.2,0.3,3,247,0.668,8,-22,-60,3,11.0,1.1,-6,-22,-19,8.076,0.036,7.05,8.09,0.07,0.18,102.39958333333333,60.16277777777778,-76.524,34.070675,35.556534,PM*,G0
HD 48903, ,6,44,21.7,-,30,10,18,240,-15,8.784,0.382,2.604,0.007,3.762,-0.18,63,4.79,0.32,7.5,0.0,13.6,0.95,0.88,1.03,16.2,0.3,0.4,2,323,0.136,4,-28,-52,2,15.9,1.0,3,-16,-18,8.031,-0.016,7.26,8.16,0.06,0.15,101.09041666666666,-30.171666666666667,-30.426657,-52.700527,-16.3056,PM*,G3V
HD 48969, ,6,44,1.3,-,42,42,52,252,-19,8.534,0.426,2.583,0.0,3.743,-0.01,50,5.04,0.35,11.6,0.4,0.0,0.89,0.86,0.98,16.4,0.2,0.3,4,1094,0.375,3,-83,216,1,20.0,0.7,-57,4,-6,8.015,-0.017,7.24,9.65,0.14,0.03,101.00541666666666,-42.714444444444446,-14.609072,-44.96208,-16.278406,PM*,G5V
HD 49035, ,6,42,23.2,-,61,13,29,271,-25,8.525,0.459,0.0,0.0,3.732,0.11,53,4.88,0.66,15.9,10.5,0.0,0.9,0.88,0.95,26.8,0.1,0.1,5,2167,0.943,2,-97,138,2,18.7,0.7,-39,-18,-26,7.999,-0.022,6.91,8.44,0.1,0.3,100.59666666666665,-61.224722222222226,0.83831006,-48.026993,-22.398767,PM*,G5/6IV/V
HD 49039, ,6,50,19.5,+,60,55,44,155,23,8.614,0.468,0.0,0.0,3.725,0.02,38,5.69,0.06,0.0,0.0,0.0,0.87,0.81,0.93,-16.5,0.2,0.1,2,612,0.652,2,-240,-184,1,26.0,1.2,-14,-18,-53,8.032,0.015,7.43,8.04,0.04,0.9,102.58124999999998,60.928888888888885,-31.701904,14.782844,14.847783,PM*,G5
HD 49178, ,6,48,53.8,+,37,30,18,178,16,8.069,0.42,2.584,0.0,3.747,0.04,43,4.89,0.37,9.7,1.8,16.3,0.94,0.88,1.02,33.8,0.5,0.6,2,1077,0.053,2,-115,-59,2,23.1,1.2,-40,-1,-16,8.042,0.012,7.49,8.97,0.09,0.14,102.22416666666666,37.505,-41.30907,1.4425427,11.8524065,PM*,G0
HD 49289, ,6,49,33.9,+,40,10,31,176,17,8.149,0.389,0.0,0.0,3.763,-0.01,69,3.94,1.0,7.7,5.8,9.5,1.07,1.01,1.13,42.8,0.4,0.6,2,590,0.094,5,68,-136,2,14.4,1.1,-43,-47,16,8.066,0.02,5.62,8.32,0.19,0.4,102.39124999999999,40.17527777777777,-65.82429,4.602882,20.173647,PM*,G0V
HD 49383, ,6,48,44.5,+,12,33,49,201,5,8.624,0.332,2.629,0.001,3.791,-0.14,151,2.73,1.67,2.5,2.1,3.0,1.4,1.29,1.49,34.5,1.4,1.9,2,632,0.131,25,7,-17,2,1.3,1.2,-27,-25,2,8.14,0.013,6.86,8.27,0.09,0.14,102.18541666666665,12.563611111111111,-140.43422,-53.907635,13.160517,*,G0
HD 49425, ,6,50,54.7,+,49,4,0,167,20,8.229,0.402,2.611,0.013,3.756,0.04,57,4.45,0.61,8.6,4.4,12.1,1.01,0.94,1.07,1.0,0.2,0.3,5,1110,0.606,2,-71,17,2,0.0,0.0,-4,12,-15,8.052,0.02,8.03,9.21,0.07,0.13,102.72791666666664,49.06666666666667,-52.18968,12.048939,19.495148,PM*,G5
HD 49426, ,6,49,48.5,+,32,6,46,184,14,8.455,0.344,2.64,0.02,3.796,0.0,115,3.07,1.08,2.5,2.1,3.0,1.33,1.25,1.42,-16.2,0.3,0.3,3,820,0.748,9,14,-21,1,9.1,1.3,17,-12,-1,8.112,0.027,7.25,8.61,0.09,0.09,102.45208333333332,32.11277777777778,-111.312195,-7.783699,27.821018,*,G0
HD 49674, ,6,51,30.5,+,40,52,3,175,17,8.097,0.451,0.0,0.0,3.739,0.23,41,5.04,0.27,0.0,0.0,0.0,0.99,0.92,1.04,11.8,0.3,0.0,1,0,0.0,1,35,-124,1,24.5,1.1,-14,-24,1,8.039,0.012,6.93,8.05,0.07,0.12,102.87708333333332,40.8675,-39.05929,3.4172504,11.987239,PM*,G3V
HD 49773,*,6,48,38.7,-,32,28,4,242,-15,8.365,0.453,0.0,0.0,3.73,-0.22,81,3.83,1.99,9.4,7.6,11.5,0.97,0.93,1.07,83.8,0.2,0.3,2,361,0.368,2,4,-120,2,12.4,0.9,1,-88,-37,8.036,-0.02,3.91,8.05,0.35,0.52,102.16124999999998,-32.467777777777776,-36.731457,-69.08181,-20.964342,PM*,G8V
HD 49985, ,7,2,28.5,+,79,9,51,135,27,8.306,0.39,0.0,0.0,3.756,-0.35,48,4.91,0.48,10.8,1.2,0.0,0.87,0.82,0.96,-12.1,0.2,0.4,6,1082,0.465,4,-6,-81,1,20.9,0.9,-6,-20,-8,8.03,0.022,7.14,8.04,0.06,0.02,105.61874999999998,79.16416666666667,-30.241764,30.241764,21.791544,PM*,G0
HD 50117, ,6,50,58.4,-,17,51,15,229,-8,8.154,0.385,2.609,0.014,3.764,-0.1,69,3.96,1.03,8.2,6.2,10.1,1.03,0.99,1.1,84.0,0.4,0.5,2,1106,0.104,1,40,107,2,14.5,1.1,-78,-46,16,8.045,-0.01,5.29,9.0,0.26,0.41,102.74333333333331,-17.854166666666668,-44.82753,-51.568172,-9.602944,PM*,G2V
HD 50177, ,6,50,45.4,-,29,26,51,240,-13,7.998,0.42,2.615,0.041,3.771,0.27,69,3.63,0.86,5.5,2.5,7.0,1.28,1.24,1.32,59.2,0.2,0.2,4,1025,0.867,4,6,-4,2,14.5,0.9,-28,-51,-12,8.034,-0.016,5.49,8.11,0.19,0.07,102.68916666666665,-29.4475,-33.61576,-58.22422,-15.521622,*,G3V
HD 50483, ,6,53,54.0,+,11,1,23,203,6,8.135,0.293,2.645,-0.009,3.807,-0.28,84,3.51,0.66,2.9,2.1,3.7,1.19,1.13,1.26,12.9,0.3,0.0,1,0,0.0,1,-26,-26,1,11.9,1.1,-11,-10,-13,8.077,0.008,7.78,8.08,0.02,0.08,103.47499999999998,11.023055555555556,-76.89883,-32.641613,8.780391,*,G0
HD 50499, ,6,52,2.0,-,33,54,56,244,-15,7.208,0.382,2.613,0.004,3.771,0.23,47,3.84,0.69,4.3,2.8,7.4,1.23,1.21,1.26,36.5,0.2,0.3,4,3748,0.298,5,-70,68,2,21.2,0.7,-33,-20,-17,8.02,-0.012,6.91,8.3,0.09,0.14,103.00833333333333,-33.91555555555556,-19.90139,-40.803917,-12.164495,PM*,G0/2V
HD 50692, ,6,55,18.6,+,25,22,32,190,12,5.752,0.378,2.593,-0.003,3.763,-0.21,17,4.57,0.54,9.5,5.5,13.7,0.96,0.9,1.01,-15.2,0.1,0.2,15,2652,0.853,3,-37,25,1,57.9,0.9,14,6,-5,8.017,0.004,7.71,9.1,0.08,0.03,103.8275,25.375555555555557,-16.375885,-2.8875115,3.534499,*,G0V
HD 50787, ,6,52,23.7,-,46,2,52,256,-19,8.329,0.408,2.613,0.032,3.773,0.21,106,3.06,1.45,3.2,2.4,5.3,1.43,1.38,1.47,38.9,0.2,0.4,4,1742,0.188,3,21,29,2,9.4,0.7,-20,-38,1,8.025,-0.035,6.16,8.06,0.13,0.13,103.09875,-46.047777777777775,-24.246618,-97.247856,-34.510223,*,G3V
HD 50806, ,6,53,33.9,-,28,32,23,239,-12,6.051,0.436,2.587,0.0,3.741,0.01,26,4.0,1.42,9.9,8.8,10.8,1.05,1.01,1.08,72.1,0.1,0.2,6,555,0.54,2,284,-442,2,38.8,0.6,15,-95,-6,8.013,-0.005,3.56,8.1,0.39,0.02,103.39124999999999,-28.539722222222224,-13.0983715,-21.799337,-5.405704,PM*,G5V
HD 51046, ,6,58,37.7,+,51,52,1,165,22,8.063,0.421,2.595,0.0,3.747,0.06,39,5.1,0.15,3.9,0.0,13.8,0.96,0.88,1.02,-0.3,0.2,0.3,5,1080,0.504,2,-165,-209,2,25.6,1.0,-22,-24,-37,8.035,0.015,6.94,8.11,0.08,0.52,104.65708333333332,51.86694444444444,-34.928043,9.358944,14.609656,PM*,G0
HD 51219, ,6,56,34.1,+,1,9,43,212,2,7.397,0.431,2.599,0.0,3.741,-0.02,32,4.86,0.58,14.8,8.5,0.0,0.89,0.87,0.94,-8.4,0.1,0.3,8,5185,0.698,2,-11,-578,2,31.1,0.9,48,-62,-42,8.027,0.001,4.8,8.62,0.28,0.67,104.14208333333333,1.1619444444444444,-27.121008,-16.947086,1.1167839,PM*,G8V
HD 51419, ,6,58,11.7,+,22,28,33,193,11,6.939,0.397,2.577,0.0,3.752,-0.33,24,5.01,0.45,11.4,1.0,0.0,0.85,0.82,0.95,-27.1,0.2,0.3,3,3250,0.58,4,48,98,1,41.2,0.9,26,14,4,8.023,0.005,7.62,9.91,0.13,0.19,104.54875,22.47583333333333,-22.955235,-5.299633,4.579416,PM*,G5VFe-1
HD 51754, ,6,58,38.5,-,0,28,49,214,1,8.994,0.376,2.58,-0.003,3.76,-0.65,68,4.82,0.68,0.0,0.0,0.0,0.85,0.8,0.94,-93.8,0.1,0.3,7,4026,0.524,3,336,-606,2,14.6,1.4,202,-136,5,8.057,0.002,1.71,13.1,0.77,0.26,104.66041666666666,-0.4802777777777778,-56.36597,-38.019333,1.1867636,PM*,G2V
HD 51929, ,6,55,53.2,-,56,56,32,267,-22,7.397,0.373,2.583,-0.002,3.762,-0.58,38,4.52,0.89,11.4,7.2,16.4,0.84,0.81,0.93,62.7,0.2,0.5,5,2894,0.023,4,-14,622,2,26.6,0.6,-112,-60,5,8.002,-0.014,4.43,9.71,0.37,0.21,103.97166666666666,-56.94222222222222,-1.843958,-35.1847,-14.23505,PM*,G2VFe-1.4CH-0.7
HD 52063, ,6,56,23.2,-,57,34,34,268,-22,7.69,0.385,2.6,0.004,3.761,-0.31,62,3.74,1.5,8.4,7.4,9.4,1.03,0.99,1.07,29.9,0.1,0.3,5,1265,0.493,3,37,-162,2,16.2,0.6,47,-30,-14,8.002,-0.023,6.01,8.92,0.19,0.11,104.09666666666665,-57.57611111111112,-2.006227,-57.450382,-23.225609,PM*,G1V
HD 52217,*,6,59,13.5,-,27,7,40,238,-10,9.948,0.455,0.0,0.0,3.733,0.16,75,5.58,-0.1,0.0,0.0,13.0,0.93,0.87,0.98,30.6,0.3,0.3,2,361,0.397,4,-10,19,2,13.4,1.4,-22,-21,-6,8.039,-0.014,7.0,8.12,0.07,0.03,104.80624999999999,-27.12777777777778,-39.140152,-62.63732,-13.023613,*,G8V
HD 52265, ,7,0,18.0,-,5,22,1,219,0,6.294,0.358,2.628,0.005,3.78,0.14,28,4.05,0.35,3.8,1.6,5.2,1.19,1.17,1.22,53.2,0.2,0.1,4,4755,0.931,5,-115,82,2,35.6,0.8,-52,-20,-9,8.022,0.0,6.62,8.75,0.14,0.02,105.07499999999999,-5.366944444444444,-21.760088,-17.620972,0.0,PM*,G0V
HD 52368, ,7,2,18.3,+,31,14,20,186,16,8.476,0.369,2.622,0.024,3.786,-0.07,134,2.74,1.71,2.5,2.1,3.0,1.4,1.3,1.5,38.6,0.5,0.0,1,0,0.0,2,-1,-46,1,5.4,1.4,-38,-30,-1,8.128,0.037,6.46,8.39,0.13,0.1,105.57624999999999,31.23888888888889,-128.10344,-13.4642105,36.935406,*,G0
HD 52415, ,6,59,19.8,-,39,35,32,250,-15,8.792,0.404,2.591,0.017,3.75,-0.4,78,4.33,1.22,14.6,11.8,0.0,0.86,0.84,0.93,84.1,0.2,0.2,3,1413,0.593,3,-54,181,3,12.8,0.8,-95,-52,-14,8.026,-0.021,4.86,9.35,0.32,0.12,104.83249999999998,-39.592222222222226,-25.768549,-70.79852,-20.187885,PM*,G3V
HD 52447, ,6,57,26.3,-,60,51,5,271,-23,8.377,0.382,2.641,0.047,3.793,0.26,79,3.69,0.32,2.1,0.2,3.9,1.29,1.25,1.33,29.8,0.2,0.3,2,323,0.26,7,9,29,2,12.7,0.7,-10,-30,-6,7.999,-0.03,6.57,8.0,0.1,0.04,104.35958333333333,-60.85138888888889,1.2691306,-72.70881,-30.86776,*,G0V
HD 52491, ,7,0,2.7,-,31,13,41,242,-12,8.446,0.448,0.0,0.0,3.732,-0.04,39,5.47,0.18,0.0,0.0,0.0,0.87,0.82,0.95,16.4,0.2,0.4,4,2163,0.192,2,20,34,2,25.4,0.9,-12,-13,2,8.018,-0.008,7.53,8.02,0.03,0.14,105.01124999999999,-31.228055555555553,-17.90929,-33.682472,-8.108557,*,G9V
HD 52576,*,6,59,33.4,-,44,16,56,254,-17,9.456,0.436,0.0,0.0,3.738,-0.03,74,5.11,0.4,14.2,2.2,0.0,0.88,0.85,0.95,58.5,0.3,0.0,1,0,0.0,4,43,-135,2,13.5,1.0,32,-67,-20,8.019,-0.022,4.66,8.32,0.28,0.21,104.88916666666667,-44.282222222222224,-19.505894,-68.02518,-21.635506,PM*,G8V
HD 52613, ,7,1,4.5,-,21,57,52,234,-8,7.668,0.34,2.61,-0.017,3.783,-0.07,43,4.49,0.03,0.0,0.0,5.4,1.07,1.01,1.13,61.8,0.2,0.3,2,760,0.318,4,-9,52,2,23.1,1.0,-46,-42,-4,8.025,-0.006,5.75,8.35,0.18,0.04,105.26874999999998,-21.964444444444442,-25.028803,-34.449173,-5.9844437,PM*,G1V
HD 52711, ,7,3,30.4,+,29,20,13,187,15,5.939,0.386,2.594,0.0,3.76,-0.22,19,4.54,0.65,11.0,6.7,14.7,0.95,0.87,1.0,24.3,0.1,0.3,19,4042,0.456,3,157,-828,1,52.4,0.8,-18,-77,-9,8.018,0.005,4.3,8.03,0.3,0.03,105.87666666666665,29.336944444444445,-18.215794,-2.236616,4.917562,PM*,G0V
HD 52764, ,7,3,36.8,+,27,0,19,190,14,8.46,0.349,2.634,0.024,3.796,-0.1,146,2.54,1.71,2.2,1.9,2.6,1.45,1.37,1.55,-10.3,0.3,0.5,2,650,0.269,10,19,7,1,3.7,1.1,13,1,11,8.139,0.036,7.77,9.03,0.08,0.3,105.90333333333332,27.005277777777778,-139.51099,-24.599562,35.3206,*,G0
HD 52906, ,6,57,29.8,-,68,20,56,279,-25,9.333,0.415,2.623,0.049,3.778,0.28,126,3.62,0.7,3.3,1.9,6.2,1.27,1.2,1.34,33.4,0.2,0.2,2,627,0.559,5,6,-29,2,0.0,0.0,22,-28,-14,7.982,-0.052,6.42,8.34,0.13,0.11,104.37416666666665,-68.34888888888888,17.864008,-112.78885,-53.2499,*,G0(IV)
HD 53051, ,7,4,21.5,+,18,4,1,198,11,8.463,0.41,2.63,0.06,3.788,0.27,118,2.85,1.26,2.5,1.7,3.2,1.42,1.36,1.49,46.1,0.7,1.2,3,113,0.013,10,-6,-25,2,0.0,0.0,-41,-25,0,8.11,0.022,6.63,8.49,0.12,0.11,106.08958333333331,18.066944444444445,-110.16279,-35.794056,22.515461,*,G0
HD 53143, ,6,59,59.6,-,61,20,10,272,-23,6.825,0.482,0.0,0.0,3.718,-0.01,18,5.5,0.41,0.0,7.5,0.0,0.85,0.83,0.89,21.9,0.1,0.2,7,3283,0.797,4,-161,266,2,54.3,0.5,-26,-18,-15,8.0,-0.007,7.1,8.16,0.07,0.11,104.99833333333332,-61.336111111111116,0.57824975,-16.558994,-7.03316,PM*,G9V
HD 53168, ,7,8,55.1,+,65,57,53,150,26,8.697,0.415,0.0,0.0,3.747,-0.32,69,4.5,1.06,15.2,11.2,0.0,0.87,0.84,0.93,-34.7,0.2,0.2,5,1517,0.937,3,-38,-21,2,8.4,1.2,19,-17,-27,8.053,0.031,6.99,8.52,0.1,0.33,107.22958333333334,65.96472222222222,-53.708115,31.008398,30.24761,*,G5
HD 53464,*,7,3,26.9,-,37,12,18,248,-14,9.624,0.419,0.0,0.0,3.749,-0.09,118,4.26,1.06,11.4,8.4,14.7,0.95,0.89,1.02,15.2,0.5,0.7,2,361,0.08,2,26,46,2,7.8,1.1,-24,-12,20,8.043,-0.028,7.49,8.25,0.05,0.45,105.86208333333332,-37.205000000000005,-42.890564,-106.15781,-28.546783,PM*,G6V
HD 53505, ,7,6,50.2,+,32,47,22,184,17,8.274,0.384,2.584,0.006,3.757,-0.6,58,4.45,1.08,13.8,9.5,0.0,0.84,0.81,0.9,65.1,0.3,0.1,2,734,0.75,5,206,-76,1,17.2,1.4,-46,-44,62,8.055,0.017,5.93,8.34,0.17,1.74,106.70916666666665,32.78944444444444,-55.330566,-3.869086,16.957558,PM*,G0
HD 53532, ,7,6,16.8,+,22,41,0,194,13,8.268,0.437,2.604,0.0,3.739,-0.04,44,5.06,0.44,14.6,5.3,0.0,0.88,0.85,0.95,42.5,0.2,0.4,4,870,0.35,6,-92,-78,1,22.8,1.0,-44,-18,-14,8.041,0.01,6.84,8.59,0.11,0.1,106.57,22.683333333333334,-41.598793,-10.37174,9.897846,PM*,G0V
HD 53749, ,7,6,15.0,+,2,53,35,212,5,8.442,0.402,2.586,0.012,3.751,-0.54,82,3.87,1.75,11.4,8.8,14.6,0.9,0.84,0.99,71.8,0.3,0.7,4,833,0.036,5,-48,21,2,0.0,0.0,-70,-25,-7,8.069,0.007,6.18,9.17,0.2,0.01,106.56249999999997,2.8930555555555557,-69.27532,-43.288025,7.1467705,PM*,G3V
HD 54177,*,7,6,2.3,-,39,52,3,251,-14,8.709,0.433,0.0,0.0,3.74,-0.2,115,3.41,2.2,5.8,4.2,7.7,1.15,1.06,1.23,35.7,0.2,0.1,2,677,0.75,4,22,-171,3,8.7,0.8,74,-59,-34,8.037,-0.029,4.69,9.26,0.33,0.52,106.50958333333332,-39.8675,-36.3282,-105.504745,-27.821018,PM*,G3V
HD 54351, ,7,9,4.9,+,15,25,17,201,11,8.0,0.395,2.599,0.003,3.757,-0.09,44,4.79,0.35,8.5,0.2,14.4,0.95,0.88,1.03,42.6,0.2,0.2,6,2219,0.918,2,-158,-286,2,22.8,1.1,-35,-56,-46,8.04,0.008,5.31,8.16,0.21,0.75,107.27041666666665,15.421388888888888,-40.32283,-15.478481,8.395596,PM*,G4
HD 54397,*,7,6,22.9,-,46,50,55,257,-17,9.918,0.463,0.0,0.0,3.729,0.11,81,5.38,0.22,0.0,0.0,0.0,0.9,0.85,0.97,17.0,0.3,0.1,2,360,0.782,2,50,-111,3,0.0,0.0,41,-28,-3,8.017,-0.024,6.16,8.83,0.18,0.06,106.59541666666665,-46.84861111111111,-17.424873,-75.47537,-23.682106,PM*,G8(IV)
HD 54494, ,7,8,29.9,-,13,5,45,227,-2,7.956,0.362,2.635,0.019,3.777,0.01,77,3.52,1.07,3.6,2.8,6.1,1.16,1.09,1.26,33.5,0.3,0.4,2,1332,0.189,7,-41,17,2,0.0,0.0,-32,-16,-12,8.053,-0.003,7.17,8.36,0.08,0.06,107.12458333333332,-13.095833333333333,-52.481884,-56.27993,-2.687261,*,G1V
HD 54521,*,7,8,1.7,-,27,45,24,240,-9,8.124,0.385,0.0,0.0,3.76,-0.23,51,4.61,0.59,10.6,5.9,15.2,0.94,0.87,1.0,19.1,0.2,0.3,2,361,0.347,3,-20,70,2,19.8,0.9,-25,-7,0,8.025,-0.008,7.61,8.33,0.05,0.11,107.00708333333333,-27.756666666666668,-25.186049,-43.623524,-7.9781585,PM*,G2V
HD 54637, ,7,8,53.9,-,18,11,3,231,-4,7.375,0.373,2.613,0.008,3.767,-0.19,44,4.16,0.84,8.2,5.3,11.3,1.0,0.95,1.06,7.3,0.2,0.1,4,1781,0.995,3,11,-10,2,0.0,0.0,-2,-8,1,8.028,-0.003,7.76,8.15,0.02,0.11,107.22458333333333,-18.184166666666666,-27.622644,-34.111126,-3.0692847,*,G1V
HD 54684, ,7,15,47.9,+,70,30,21,145,27,7.919,0.424,0.0,0.0,3.745,-0.13,81,3.39,2.06,5.6,4.4,6.9,1.17,1.1,1.24,-41.1,0.2,0.3,2,648,0.335,2,14,-92,2,12.4,0.9,10,-51,-16,8.059,0.037,5.49,8.15,0.2,0.14,108.94958333333332,70.50583333333333,-59.119453,41.395897,36.77323,PM*,G2IV
HD 54718, ,7,11,14.7,+,32,36,54,185,18,8.02,0.357,2.594,-0.003,3.77,-0.47,46,4.72,0.44,5.8,0.0,12.4,0.93,0.85,1.01,3.1,0.3,0.1,2,1041,0.831,1,-112,-9,2,21.9,1.1,-11,6,-21,8.043,0.014,8.04,8.8,0.05,0.22,107.81124999999999,32.615,-43.582123,-3.8129447,14.214782,PM*,G0
HD 54943, ,7,14,54.1,+,62,8,12,154,26,7.819,0.445,2.585,0.026,3.749,-0.19,102,2.66,2.75,3.0,2.4,4.0,1.32,1.25,1.38,-32.1,0.3,0.6,3,374,0.097,12,-5,-41,2,5.7,0.9,15,-29,-19,8.082,0.045,6.53,8.32,0.12,0.19,108.72541666666666,62.13666666666666,-82.398735,40.188545,44.713856,*,G0
HD 55095, ,7,10,52.3,-,18,3,2,231,-4,8.046,0.366,2.605,0.001,3.768,-0.25,48,4.64,0.39,7.4,0.0,12.4,0.97,0.9,1.03,-5.6,0.2,0.4,4,1781,0.198,4,118,-118,2,0.0,0.0,31,-19,12,8.03,-0.003,6.68,8.76,0.13,0.31,107.71791666666665,-18.050555555555555,-30.133795,-37.21214,-3.3483105,PM*,G2V
HD 55137, ,7,11,17.7,-,12,2,28,226,-1,7.146,0.407,2.594,0.017,3.755,-0.07,63,3.15,2.02,4.3,3.8,4.9,1.23,1.19,1.29,70.8,0.2,0.3,4,1784,0.356,4,29,-73,2,15.9,0.9,-33,-67,-4,8.044,-0.001,4.74,8.13,0.26,0.05,107.82374999999999,-12.04111111111111,-43.75681,-45.31151,-1.0995016,PM*,G3V
HD 55282, ,7,12,50.4,+,15,20,28,201,12,8.726,0.376,2.622,0.026,3.782,-0.04,83,4.01,0.5,4.0,2.1,6.4,1.11,1.05,1.18,59.1,0.3,0.6,3,3635,0.12,5,-17,-79,2,12.0,1.4,-48,-46,-7,8.076,0.017,5.59,8.41,0.2,0.02,108.21,15.341111111111111,-75.7939,-29.094547,17.256672,PM*,G0
HD 55488, ,7,13,10.7,+,0,13,51,215,5,8.233,0.353,2.627,0.012,3.779,-0.19,83,3.64,1.08,5.7,3.6,7.5,1.09,1.04,1.16,-8.4,0.3,0.2,2,116,0.677,6,5,-3,1,0.0,0.0,8,3,0,8.068,0.007,7.84,8.9,0.06,0.12,108.29458333333332,0.23083333333333333,-67.730896,-47.425682,7.2339263,*,G0/1V
HD 55536, ,7,13,0.1,-,8,6,44,223,1,8.443,0.378,2.612,0.021,3.775,-0.24,82,3.78,1.08,6.8,4.8,8.9,1.05,0.99,1.12,27.4,0.3,0.1,2,329,0.799,7,56,-49,1,0.0,0.0,-2,-38,11,8.06,0.002,6.18,8.08,0.13,0.29,108.25041666666665,-8.112222222222222,-59.961876,-55.91534,1.4310973,PM*,G1V
HD 55619, ,7,15,51.5,+,45,2,36,173,23,8.677,0.383,0.0,0.0,3.758,-0.41,75,4.31,1.08,12.5,9.2,15.7,0.9,0.84,0.97,-24.4,0.3,0.4,2,651,0.323,2,186,-4,2,13.4,1.2,44,-26,48,8.068,0.029,6.37,9.07,0.17,1.32,108.96458333333332,45.04333333333333,-68.52327,8.413595,29.304834,PM*,G
HD 55647, ,7,15,54.4,+,43,33,42,174,23,8.505,0.435,0.0,0.0,3.741,0.04,45,5.23,0.17,4.6,0.0,17.6,0.92,0.86,0.99,-17.0,0.2,0.4,3,2826,0.326,1,3,-68,1,22.1,1.3,13,-15,-10,8.042,0.017,7.14,8.37,0.08,0.04,108.97666666666666,43.56166666666666,-41.1958,4.3298545,17.582901,PM*,G5
HD 55693, ,7,13,2.6,-,24,13,32,237,-6,7.179,0.407,2.619,0.032,3.756,0.07,37,4.34,0.7,8.6,5.4,12.0,1.02,0.98,1.1,31.8,0.2,0.3,4,1024,0.304,3,-93,103,2,27.1,0.8,-37,-13,-10,8.02,-0.004,7.16,8.49,0.09,0.04,108.26083333333332,-24.225555555555555,-20.041254,-30.86082,-3.8675532,PM*,G1.5V
HD 55696, ,7,12,14.9,-,38,10,28,250,-13,7.955,0.379,2.626,0.023,3.783,0.2,74,3.52,0.75,3.3,2.4,5.2,1.31,1.27,1.35,19.1,0.2,0.4,3,1413,0.176,7,-32,-24,2,13.6,0.7,-3,-16,-18,8.025,-0.016,7.36,8.07,0.05,0.15,108.06208333333332,-38.17444444444444,-24.660805,-67.75502,-16.646378,*,G0V
HD 55720, ,7,11,31.6,-,49,25,27,260,-17,7.507,0.437,0.0,0.0,3.735,-0.25,28,5.29,0.46,0.0,6.5,0.0,0.84,0.81,0.89,86.7,0.2,0.4,4,1830,0.139,2,-7,818,1,36.1,0.6,-116,-74,13,8.004,-0.008,3.93,9.61,0.42,0.36,107.88166666666666,-49.424166666666665,-4.649695,-26.369738,-8.186407,PM*,G8V
HD 55918, ,7,16,25.3,+,35,1,2,183,20,8.517,0.459,0.0,0.0,3.725,-0.21,38,5.59,0.32,0.0,0.0,0.0,0.82,0.79,0.89,2.0,0.3,0.7,5,5066,0.023,4,-128,17,2,26.0,1.2,-10,10,-19,8.036,0.013,8.03,9.08,0.06,0.19,109.10541666666666,35.01722222222222,-35.65938,-1.8688301,12.996765,PM*,G5
HD 56145, ,7,12,52.5,-,53,53,39,265,-19,7.848,0.37,2.61,0.008,3.77,-0.32,85,3.21,1.84,5.1,4.4,5.9,1.17,1.11,1.24,32.1,0.2,0.3,2,437,0.274,7,47,-15,2,11.8,0.6,8,-37,5,8.007,-0.027,6.16,8.1,0.14,0.18,108.21874999999999,-53.89416666666666,-7.004624,-80.063255,-27.673292,*,G0V
HD 56202, ,7,16,18.5,+,5,4,33,211,8,8.422,0.4,2.609,0.021,3.765,-0.05,53,4.73,0.19,4.4,0.0,10.6,1.0,0.93,1.07,21.8,0.3,0.1,2,374,0.768,7,-23,-38,2,19.0,1.2,-17,-17,-6,8.045,0.007,7.31,8.08,0.05,0.01,109.07708333333332,5.075833333333333,-44.98775,-27.031359,7.3761744,*,G1V
HD 56274, ,7,15,50.7,-,13,2,58,227,-1,7.752,0.384,2.573,0.0,3.756,-0.54,33,5.14,0.38,3.5,0.0,14.3,0.87,0.8,0.94,66.6,0.1,0.4,8,2562,0.377,4,-510,178,2,30.1,1.0,-90,-6,-59,8.023,0.0,6.44,10.57,0.24,1.28,108.96124999999999,-13.049444444444445,-22.50252,-24.130999,-0.5759294,PM*,G7VFe-1.5CH-1.3
HD 56288, ,7,13,48.2,-,51,18,29,262,-18,9.687,0.418,0.0,0.0,3.741,-0.67,89,4.94,0.95,0.0,9.1,0.0,0.81,0.77,0.86,70.3,0.2,0.4,3,1090,0.402,4,102,-18,3,0.0,0.0,11,-81,14,8.012,-0.027,4.16,8.08,0.32,0.35,108.45083333333332,-51.308055555555555,-11.780186,-83.82028,-27.502514,PM*,G0V(w)
HD 56303, ,7,16,36.4,+,1,52,43,214,6,7.349,0.381,2.612,0.004,3.769,0.14,41,4.28,0.39,4.8,2.2,7.6,1.13,1.06,1.17,8.2,0.2,0.2,2,797,0.667,3,58,-117,2,24.3,1.0,8,-26,1,8.034,0.005,6.73,8.17,0.1,0.11,109.15166666666664,1.8786111111111112,-33.804337,-22.801315,4.285667,PM*,G2V
HD 56322, ,7,49,53.4,+,86,21,54,127,28,7.893,0.374,0.0,0.0,3.766,-0.15,47,4.52,0.47,8.1,3.7,11.9,0.98,0.93,1.05,6.1,0.2,0.6,8,2220,0.288,14,-70,-134,1,21.2,0.7,-32,-12,-5,8.025,0.022,7.28,8.39,0.07,0.04,117.47249999999998,86.365,-24.974445,33.1422,22.065165,PM*,G0
HD 56380,*,7,14,1.0,-,51,28,8,262,-18,9.176,0.449,0.0,0.0,3.728,-0.33,57,5.4,0.54,0.0,6.8,0.0,0.82,0.79,0.87,90.6,0.2,0.3,2,1087,0.322,3,-116,253,2,17.6,0.9,-87,-73,-30,8.007,-0.017,4.18,8.89,0.36,0.4,108.50416666666665,-51.46888888888889,-7.5446134,-53.68265,-17.61397,PM*,G8V
HD 56413,*,7,12,57.9,-,61,36,47,272,-21,8.903,0.436,0.0,0.0,3.743,0.11,66,4.8,0.5,11.2,5.8,16.2,0.95,0.89,1.03,20.7,0.2,0.1,2,361,0.977,3,47,-41,2,15.1,0.8,17,-23,2,7.997,-0.024,6.72,8.33,0.11,0.14,108.24125,-61.613055555555555,2.1503665,-61.578773,-23.652285,PM*,G5V
HD 56513, ,7,18,28.8,+,27,15,10,191,18,8.026,0.408,2.577,0.0,3.744,-0.58,35,5.28,0.5,0.0,0.0,0.0,0.81,0.77,0.89,-33.4,0.2,0.2,3,2499,0.688,1,157,-158,2,28.2,1.3,42,-27,4,8.033,0.011,6.2,8.88,0.18,0.17,109.61999999999999,27.252777777777776,-32.675404,-6.351454,10.815595,PM*,G2V
HD 56560, ,7,12,17.6,-,67,46,57,279,-23,7.332,0.46,0.0,0.0,3.731,-0.02,46,4.0,1.65,10.1,9.1,11.0,1.03,0.99,1.07,21.2,0.2,0.2,2,1121,0.573,1,198,-201,2,21.6,0.5,58,-24,19,7.993,-0.018,6.06,9.38,0.22,0.48,108.07333333333332,-67.7825,6.6239424,-41.821907,-17.97363,PM*,G6IV/V
HD 56586, ,7,19,54.8,+,46,58,20,171,24,8.274,0.398,0.0,0.0,3.755,-0.21,58,4.46,0.83,12.6,8.4,16.1,0.94,0.87,0.99,24.3,0.2,0.3,3,1736,0.517,2,-43,-144,2,17.3,1.1,-36,-30,-10,8.052,0.024,6.44,8.29,0.13,0.04,109.97833333333332,46.97222222222222,-52.333294,8.288778,23.590725,PM*,G5
HD 56662, ,7,15,29.1,-,48,13,48,259,-16,7.678,0.379,2.612,0.01,3.764,-0.15,39,4.71,0.32,7.5,0.0,12.7,0.97,0.9,1.05,13.9,0.2,0.1,4,1859,0.927,2,-139,162,1,25.5,0.7,-39,-3,-15,8.007,-0.011,7.43,8.85,0.09,0.12,108.87124999999999,-48.230000000000004,-7.1532717,-36.800423,-10.749857,PM*,G0V
HD 56890, ,7,19,3.3,+,1,38,32,215,7,8.447,0.423,2.594,0.0,3.745,0.0,55,4.75,0.59,12.1,5.8,0.0,0.92,0.87,0.99,42.9,0.3,0.5,2,374,0.173,4,-115,-20,2,0.0,0.0,-43,-19,-24,8.045,0.007,6.84,8.57,0.11,0.26,109.76374999999999,1.6422222222222222,-44.71754,-31.311558,6.702814,PM*,G3V
HD 56906,*,7,17,12.7,-,39,41,44,251,-12,9.896,0.375,0.0,0.0,3.77,-0.01,176,3.67,1.1,5.8,3.6,7.7,1.11,1.06,1.19,35.8,0.3,0.1,2,361,0.849,3,-9,43,2,0.0,0.0,-46,-22,1,8.055,-0.038,6.64,8.59,0.13,0.14,109.30291666666665,-39.69555555555555,-56.047855,-162.77478,-36.59246,*,G8/K1+A/F
HD 57062,*,7,18,12.9,-,33,27,53,246,-9,8.834,0.411,0.0,0.0,3.751,-0.22,111,3.61,1.78,7.9,6.2,9.8,1.04,1.0,1.13,36.2,0.3,0.4,2,361,0.21,4,-64,-3,2,9.0,0.9,-26,-22,-36,8.045,-0.018,6.99,8.18,0.08,0.5,109.55374999999998,-33.46472222222223,-44.591923,-100.1551,-17.364227,PM*,G5V
HD 57319, ,7,20,30.3,-,6,36,12,222,3,7.883,0.407,2.625,0.045,3.783,0.39,118,2.34,1.81,1.6,1.4,2.0,1.63,1.53,1.72,9.2,0.5,0.3,2,505,0.663,24,31,-50,2,8.5,1.0,15,-31,3,8.087,0.007,6.45,8.3,0.13,0.16,110.12624999999997,-6.603333333333333,-87.570915,-78.8492,6.175643,PM*,G8/K0(IV)+F/G
HD 57349,*,7,19,28.4,-,32,48,19,245,-9,9.461,0.391,0.0,0.0,3.757,-0.29,116,4.13,1.19,11.2,8.6,14.1,0.96,0.88,1.02,5.6,0.3,0.2,2,361,0.551,1,-91,-12,2,8.6,0.9,-14,8,-48,8.048,-0.018,8.02,9.15,0.07,0.82,109.86833333333333,-32.805277777777775,-48.420147,-103.837364,-18.146399,PM*,G8V(+F)
HD 57438,*,7,19,55.0,-,30,37,28,243,-8,8.369,0.36,0.0,0.0,3.771,-0.45,65,4.29,0.84,7.7,5.2,12.4,0.97,0.88,1.02,18.7,0.3,0.1,2,361,0.833,4,23,34,2,15.3,0.9,-15,-15,8,8.029,-0.009,7.44,8.05,0.04,0.24,109.97916666666664,-30.624444444444446,-29.22221,-57.351788,-9.046252,*,G1/2V
HD 57678, ,7,22,9.6,-,1,51,45,218,6,8.741,0.465,2.577,0.0,3.728,0.06,45,5.46,0.2,0.0,0.0,0.0,0.87,0.84,0.96,98.5,0.1,0.3,7,4019,0.424,3,-370,256,1,22.1,1.1,-134,7,-33,8.035,0.005,6.05,12.9,0.36,0.6,110.53999999999998,-1.8625,-35.26623,-27.552994,4.703781,PM*,G8V
HD 57724, ,7,33,5.2,+,78,41,12,136,29,7.416,0.379,0.0,0.0,3.768,-0.2,91,2.62,2.36,3.0,2.6,3.4,1.37,1.34,1.42,23.8,0.3,0.2,2,713,0.613,6,-35,-97,1,11.0,0.7,-49,-12,1,8.057,0.044,6.98,8.88,0.12,0.14,113.27166666666665,78.68666666666667,-57.252533,55.28814,44.117676,PM*,G0
HD 57828,*,7,21,27.2,-,35,17,42,248,-10,9.423,0.449,0.0,0.0,3.732,-0.04,65,5.35,0.3,0.0,0.0,0.0,0.87,0.83,0.94,-7.6,0.2,0.2,2,363,0.621,1,16,13,2,15.3,1.0,1,6,8,8.024,-0.011,7.94,8.91,0.06,0.23,110.36333333333332,-35.294999999999995,-23.979519,-59.351353,-11.287131,*,G8IV/V
HD 57924, ,7,27,25.9,+,62,13,46,154,28,8.51,0.503,0.0,0.0,3.703,-0.68,25,6.52,0.12,0.0,0.0,0.0,0.72,0.68,0.75,-41.7,0.2,0.3,2,642,0.298,1,55,19,3,0.0,0.0,37,-16,-14,8.02,0.012,6.68,8.96,0.15,0.1,111.85791666666665,62.22944444444445,-19.8397,9.676468,11.73679,PM*,G5
HD 58556, ,7,25,57.2,-,2,14,54,219,7,6.988,0.356,2.616,-0.005,3.777,-0.03,36,4.23,0.39,4.9,1.8,7.6,1.07,1.02,1.15,10.4,0.1,0.3,5,1099,0.423,6,-16,-47,1,28.1,0.9,-5,-11,-5,8.028,0.004,7.61,8.06,0.03,0.04,111.48833333333333,-2.2483333333333335,-27.768719,-22.486664,4.3872967,*,G1V
HD 58660, ,7,29,1.8,+,50,6,37,168,26,8.978,0.289,2.68,0.027,3.826,-0.23,147,3.03,0.67,2.0,1.5,2.4,1.32,1.26,1.4,13.0,0.8,1.1,2,34,0.292,22,-5,-46,2,0.0,0.0,-22,-27,-3,8.129,0.065,6.81,8.19,0.09,0.09,112.25749999999998,50.11027777777778,-129.23553,27.469849,64.44056,*,G0
HD 58781, ,7,27,50.7,+,19,2,41,200,16,7.243,0.439,2.591,0.0,3.74,0.14,29,4.89,0.45,11.9,5.6,0.0,0.94,0.89,1.04,4.4,0.2,0.4,4,1475,0.144,1,118,-70,1,33.9,1.0,4,-15,12,8.027,0.008,7.31,8.19,0.06,0.3,111.96124999999999,19.044722222222223,-26.195425,-9.534355,7.9934835,PM*,G5
HD 58971, ,7,28,11.9,+,9,29,53,209,12,8.798,0.474,2.57,0.0,3.721,-0.06,43,5.62,0.26,0.0,0.0,0.0,0.84,0.81,0.91,-26.0,0.2,0.3,4,1126,0.457,1,-69,-267,3,23.1,1.3,36,-30,-41,8.037,0.009,6.24,8.72,0.17,0.64,112.04958333333332,9.498055555555554,-36.786808,-20.391264,8.940203,PM*,G5
HD 58982, ,7,24,13.7,-,60,29,58,272,-20,9.102,0.375,2.619,0.017,3.766,-0.17,87,4.4,0.6,8.2,3.9,11.9,0.99,0.93,1.05,11.6,0.2,0.2,2,738,0.619,5,-6,35,2,0.0,0.0,-14,-12,-1,7.997,-0.029,7.56,8.02,0.03,0.09,111.05708333333332,-60.49944444444444,2.8531322,-81.70346,-29.75575,*,G0V
HD 59058, ,7,29,57.8,+,38,26,17,180,24,7.764,0.434,0.0,0.0,3.74,0.01,37,4.92,0.52,13.6,4.7,0.0,0.9,0.86,0.97,16.5,0.3,0.4,2,340,0.199,2,-49,-67,2,0.0,0.0,-20,-9,-4,8.034,0.015,7.67,8.18,0.03,0.05,112.49083333333333,38.43805555555555,-33.80118,-2.954993e-06,15.049255,PM*,G5V
HD 59106, ,7,30,10.3,+,38,10,10,181,24,6.995,0.324,0.0,0.0,3.794,-0.24,65,2.95,1.47,2.7,2.3,4.1,1.34,1.26,1.4,1.5,0.3,0.3,2,635,0.445,9,25,-62,2,15.5,1.0,0,-20,2,8.059,0.026,7.11,8.11,0.07,0.14,112.54291666666664,38.169444444444444,-59.371407,-1.036331,26.437881,PM*,G0
HD 59360, ,7,30,23.3,+,19,48,50,199,17,7.065,0.395,2.592,0.005,3.757,-0.28,41,3.98,1.33,10.3,8.8,11.9,1.0,0.97,1.04,59.9,0.2,0.1,2,734,0.912,4,56,-128,1,24.2,1.1,-45,-45,18,8.037,0.012,5.69,8.33,0.19,0.42,112.59708333333332,19.81388888888889,-37.07236,-12.765033,11.987239,PM*,G0
HD 59468, ,7,27,25.4,-,51,24,9,263,-16,6.718,0.434,2.588,0.0,3.74,0.03,23,4.95,0.47,14.0,6.4,0.0,0.9,0.87,0.96,4.3,0.1,0.1,4,1863,0.891,2,-287,-1,1,44.4,0.5,-12,5,-28,8.003,-0.006,8.0,8.7,0.04,0.34,111.85583333333332,-51.402499999999996,-2.694417,-21.944221,-6.339659,PM*,G6.5V
HD 59490, ,7,30,28.0,+,6,43,15,211,12,8.679,0.427,2.577,0.0,3.739,-0.26,52,5.1,0.58,0.0,5.0,0.0,0.85,0.81,0.91,91.0,0.2,0.2,2,340,0.523,3,-142,-64,2,0.0,0.0,-84,-49,-19,8.043,0.011,5.11,9.11,0.28,0.19,112.61666666666666,6.720833333333333,-43.598686,-26.196724,10.811408,PM*,G
HD 59711, ,7,30,40.0,-,15,59,40,232,1,7.742,0.406,2.584,0.001,3.751,-0.16,36,4.93,0.41,11.5,2.5,0.0,0.89,0.85,0.98,8.4,0.2,0.3,5,1819,0.259,2,48,-108,2,27.4,0.9,10,-20,-1,8.023,0.001,6.99,8.24,0.08,0.09,112.66666666666666,-15.994444444444444,-22.160439,-28.364067,0.6282866,PM*,G2V
HD 59741,*,7,30,1.9,-,32,55,41,246,-7,9.176,0.402,0.0,0.0,3.755,-0.2,107,4.03,1.25,10.3,7.8,13.2,0.99,0.92,1.05,34.4,0.3,0.1,2,361,0.829,3,-52,22,2,6.9,0.9,-34,-20,-22,8.042,-0.013,6.95,8.34,0.09,0.22,112.50791666666666,-32.92805555555555,-43.196423,-97.02075,-13.04002,PM*,G3/5V
HD 59824, ,7,28,22.0,-,58,32,10,270,-18,8.778,0.406,2.619,0.035,3.775,0.25,79,4.15,0.27,3.5,0.5,6.3,1.18,1.14,1.21,18.2,0.2,0.2,2,738,0.531,3,-29,-6,2,12.7,0.8,-2,-14,-16,8.0,-0.025,7.42,8.06,0.04,0.13,112.09166666666665,-58.53611111111111,8.9595767e-07,-75.13347,-24.412344,*,G3V
HD 59967, ,7,30,42.5,-,37,20,21,250,-9,6.65,0.4,2.596,0.006,3.753,-0.19,22,4.96,0.36,0.0,0.0,0.0,0.88,0.84,0.98,9.2,0.2,0.4,4,1835,0.145,4,-87,54,2,45.9,0.6,-11,-5,-7,8.007,-0.003,7.99,8.06,0.0,0.01,112.67708333333331,-37.33916666666667,-7.4318027,-20.418715,-3.4415584,PM*,G3V
HD 60152,*,7,21,29.0,-,79,57,36,292,-25,9.113,0.393,0.0,0.0,3.76,-0.11,80,4.6,0.49,9.0,4.0,13.4,0.97,0.91,1.03,33.8,0.3,0.2,2,361,0.661,6,-28,125,2,12.5,0.8,-35,-46,-14,7.973,-0.034,5.65,8.12,0.18,0.1,110.37083333333332,-79.96000000000001,27.160692,-67.22512,-33.809464,PM*,G6IV/V+(F)
HD 60234, ,7,35,16.1,+,40,30,23,178,25,7.678,0.411,0.0,0.0,3.754,0.06,109,2.5,2.59,2.7,2.2,3.3,1.51,1.48,1.53,-2.7,0.2,0.3,4,355,0.633,8,-12,1,1,9.2,1.1,0,2,-6,8.098,0.046,8.0,8.7,0.04,0.05,113.81708333333331,40.506388888888885,-98.72736,3.4476311,46.06539,*,G0
HD 60272, ,7,36,58.1,+,57,32,58,160,29,7.968,0.475,0.0,0.0,3.716,-0.3,27,5.79,0.36,0.0,0.0,0.0,0.8,0.77,0.86,34.4,0.2,0.3,2,705,0.332,2,71,-188,2,36.6,0.9,-34,-14,22,8.023,0.013,7.19,8.43,0.08,0.51,114.24208333333331,57.54944444444444,-22.19059,8.076715,13.089859,PM*,G9V
HD 60513, ,7,34,13.1,-,16,11,15,232,2,6.732,0.393,2.599,0.006,3.758,-0.35,58,2.91,2.43,3.6,3.2,4.2,1.3,1.25,1.34,36.1,0.1,0.2,6,4399,0.743,4,-78,132,2,17.2,0.8,-55,-2,0,8.036,0.002,7.13,9.37,0.14,0.12,113.55458333333333,-16.1875,-35.686615,-45.67678,2.0241706,PM*,G2V
HD 60517, ,7,32,20.5,-,49,50,53,262,-14,8.883,0.428,2.586,0.0,3.738,-0.35,59,5.04,0.72,0.0,11.8,0.0,0.84,0.82,0.88,16.9,0.1,0.2,5,2189,0.665,3,7,233,2,17.0,0.8,-61,-14,25,8.008,-0.015,6.71,9.17,0.15,0.61,113.08541666666665,-49.84805555555556,-7.967314,-56.69032,-14.273392,PM*,G6V
HD 60521, ,7,36,14.0,+,32,50,9,187,23,7.998,0.393,2.611,0.01,3.763,0.13,52,4.43,0.4,5.8,2.2,9.3,1.08,1.02,1.13,29.4,0.2,0.2,2,1022,0.475,3,-36,-105,1,19.3,1.2,-31,-25,-4,8.047,0.02,6.71,8.23,0.1,0.05,114.05833333333331,32.83583333333333,-47.509464,-5.833423,20.318018,PM*,G0
HD 60683, ,7,34,43.7,-,26,2,20,241,-3,7.976,0.396,2.609,0.01,3.759,0.03,58,4.16,0.84,8.0,5.2,10.7,1.04,0.98,1.1,-22.5,0.2,0.4,4,2165,0.179,1,-44,-143,2,0.0,0.0,37,7,-29,8.028,-0.003,7.32,9.85,0.15,0.38,113.68208333333331,-26.03888888888889,-28.080421,-50.658424,-3.0354855,PM*,G2V
HD 60696, ,7,36,2.5,+,6,13,34,212,13,8.212,0.38,2.619,0.011,3.767,0.06,63,4.22,0.57,5.9,2.7,8.9,1.07,1.01,1.14,3.2,0.3,0.3,2,703,0.461,2,-29,-104,2,0.0,0.0,6,-24,-20,8.052,0.014,6.82,8.18,0.09,0.2,114.01041666666664,6.226111111111111,-52.057697,-32.529263,14.171916,PM*,G0
HD 60737, ,7,38,16.4,+,47,44,55,171,27,7.718,0.386,2.617,0.012,3.761,-0.07,38,4.8,0.23,5.7,0.0,12.2,0.98,0.91,1.05,5.8,0.2,0.3,5,1081,0.696,11,-14,-165,1,26.1,1.0,-13,-27,-5,8.034,0.018,6.74,8.04,0.09,0.04,114.56833333333331,47.74861111111111,-33.4414,5.2965965,17.251638,PM*,G0
HD 60779, ,7,36,1.4,-,3,9,6,221,8,7.167,0.368,2.599,0.001,3.768,-0.39,35,4.42,0.73,8.4,5.5,13.3,0.95,0.88,1.01,129.4,0.1,0.4,13,5270,0.085,4,-277,112,1,28.2,0.9,-126,-57,-13,8.027,0.005,4.4,10.22,0.4,0.09,114.00583333333331,-3.1516666666666664,-26.157766,-22.738602,4.8710585,PM*,G1V
HD 60865,*,7,33,57.2,-,50,51,59,263,-14,9.594,0.441,0.0,0.0,3.735,-0.11,75,5.23,0.41,17.2,1.0,0.0,0.86,0.83,0.93,20.7,0.3,0.5,2,359,0.282,5,-19,14,2,13.4,1.0,-10,-18,-9,8.009,-0.019,7.24,8.01,0.05,0.03,113.48833333333332,-50.86638888888889,-8.868715,-72.229744,-18.144142,*,G8/K0V
HD 61005, ,7,35,47.4,-,32,12,14,246,-6,8.205,0.456,0.0,0.0,3.728,-0.14,34,5.52,0.28,0.0,0.0,0.0,0.84,0.81,0.91,22.3,0.2,0.2,4,2165,0.865,9,-54,76,2,29.0,0.9,-23,-14,-4,8.014,-0.003,7.35,8.15,0.05,0.05,113.94749999999998,-32.20388888888889,-13.753288,-30.89039,-3.5539677,PM*,G8Vk
HD 61092, ,7,39,40.2,+,45,40,17,173,27,8.707,0.339,0.0,0.0,3.786,-0.09,89,3.95,0.52,3.8,2.2,5.9,1.12,1.06,1.19,-87.4,0.4,0.0,1,0,0.0,7,14,-73,2,11.2,1.2,73,-40,-40,8.079,0.041,5.36,9.6,0.28,0.67,114.91749999999999,45.671388888888885,-78.708496,9.664184,40.405155,PM*,G0
HD 61127, ,7,38,1.8,+,5,35,11,213,13,8.201,0.39,2.573,0.0,3.757,-0.27,52,4.62,0.68,11.9,6.1,16.9,0.91,0.84,0.98,152.4,0.2,0.2,3,741,0.776,3,-198,-141,2,0.0,0.0,-130,-96,-24,8.042,0.012,3.16,9.83,0.51,0.29,114.50749999999998,5.586388888888888,-42.49313,-27.595354,11.697454,PM*,G0
HD 61447,*,7,38,17.3,-,27,8,43,242,-3,8.41,0.446,0.0,0.0,3.737,0.1,51,4.88,0.56,13.9,7.7,0.0,0.91,0.88,0.98,88.3,0.3,0.4,2,810,0.243,6,-74,163,3,19.7,1.1,-80,-58,0,8.024,-0.002,4.81,8.88,0.3,0.11,114.57208333333331,-27.14527777777778,-23.910238,-44.96861,-2.669134,PM*,G5IV/V
HD 61632, ,7,39,45.7,-,12,30,46,230,5,8.302,0.416,2.565,0.0,3.741,-0.6,69,4.11,1.74,14.6,12.2,17.4,0.85,0.83,0.89,58.2,0.1,0.3,5,1833,0.384,4,-43,-158,2,14.5,1.0,-12,-71,-32,8.045,0.006,4.61,8.05,0.27,0.4,114.94041666666666,-12.512777777777778,-44.183563,-52.655937,6.013746,PM*,G3V
HD 61686,*,7,39,35.3,-,26,28,27,242,-2,8.549,0.419,0.0,0.0,3.752,0.17,72,4.26,0.79,8.9,6.1,11.2,1.09,1.02,1.14,61.0,0.2,0.1,2,361,0.662,3,-24,12,2,13.9,1.0,-36,-49,-7,8.034,-0.003,5.5,8.19,0.2,0.01,114.89708333333333,-26.474166666666665,-33.781364,-63.533497,-2.5127637,*,G3V
HD 61690, ,7,47,39.5,+,73,59,30,141,30,8.104,0.338,0.0,0.0,3.785,-0.14,68,3.94,0.6,4.2,2.7,6.4,1.1,1.05,1.17,-23.5,0.2,0.4,4,2428,0.367,6,-8,-12,2,14.7,0.8,12,-15,-14,8.046,0.034,7.16,8.37,0.08,0.1,116.91458333333333,73.99166666666667,-45.765907,37.060513,34.0,*,G0
HD 61929,*,7,36,35.8,-,67,36,48,279,-21,7.987,0.421,0.0,0.0,3.743,-0.39,72,3.7,1.99,8.8,7.8,10.0,1.02,0.96,1.05,29.9,0.2,0.3,2,1061,0.316,3,21,-66,2,13.9,0.6,27,-24,-12,7.989,-0.026,6.5,8.52,0.13,0.07,114.14916666666666,-67.61333333333333,10.515183,-66.39022,-25.802492,PM*,G5V
HD 61986, ,7,40,54.3,-,26,21,48,242,-2,8.681,0.403,2.579,0.0,3.748,-0.51,55,4.99,0.67,15.7,5.5,0.0,0.82,0.8,0.89,-8.1,0.2,0.1,5,3285,0.98,3,321,-279,2,18.3,1.0,94,-44,37,8.026,-0.002,4.99,10.2,0.34,1.04,115.22625,-26.363333333333333,-25.80521,-48.53253,-1.9194722,PM*,G5V
HD 62346, ,7,44,13.8,+,20,12,5,200,20,7.367,0.408,2.589,0.029,3.762,-0.24,51,3.73,1.43,8.0,6.9,9.2,1.04,1.0,1.1,-10.1,0.2,0.3,3,642,0.569,1,69,-111,1,19.8,1.1,21,-25,1,8.044,0.018,6.59,8.43,0.12,0.13,116.05749999999999,20.20138888888889,-45.034134,-16.391085,17.443026,PM*,G5
HD 62529, ,7,44,1.5,-,11,18,59,229,6,8.041,0.38,2.589,-0.004,3.764,-0.2,65,3.98,1.1,8.6,6.3,11.3,1.01,0.96,1.06,44.8,0.2,0.3,4,1793,0.286,3,52,-83,2,0.0,0.0,-7,-53,6,8.042,0.007,5.42,8.05,0.2,0.21,116.00624999999998,-11.31638888888889,-42.41023,-48.787388,6.79435,PM*,G1V
HD 62549, ,7,44,19.7,-,5,3,17,224,9,7.724,0.387,2.603,0.012,3.762,-0.15,47,4.37,0.71,9.1,5.8,13.1,0.98,0.94,1.04,83.6,0.2,0.2,4,1461,0.79,4,-30,191,1,21.3,1.1,-86,-26,28,8.034,0.008,5.93,9.66,0.24,0.72,116.08208333333332,-5.054722222222222,-33.392727,-32.246983,7.3524203,PM*,G2/3V
HD 62613, ,7,56,17.2,+,80,15,55,134,29,6.539,0.45,2.567,0.0,3.73,-0.19,17,5.38,0.42,0.0,6.2,0.0,0.83,0.8,0.9,-7.9,0.1,0.3,9,3304,0.484,2,-475,88,1,58.7,0.6,-9,9,-38,8.01,0.008,8.0,9.01,0.06,0.56,119.07166666666666,80.26527777777778,-10.328551,10.69553,8.241763,PM*,G9
HD 62683,*,7,44,11.4,-,27,42,35,243,-2,8.591,0.424,0.0,0.0,3.744,-0.21,76,4.19,1.34,12.8,10.4,15.6,0.94,0.89,0.98,20.1,0.2,0.1,2,361,0.847,2,-66,112,2,13.2,1.1,-51,4,-1,8.034,-0.002,7.37,9.51,0.13,0.1,116.04749999999999,-27.709722222222222,-34.482273,-67.67524,-2.6523616,PM*,G3V
HD 62847,*,7,43,52.0,-,46,51,8,260,-11,9.437,0.46,0.0,0.0,3.723,-0.38,54,5.78,0.29,0.0,0.0,0.0,0.79,0.76,0.85,9.1,0.3,0.3,2,361,0.447,3,52,-150,3,18.6,0.9,38,-15,-8,8.009,-0.01,6.67,8.98,0.15,0.01,115.96666666666665,-46.852222222222224,-9.204717,-52.20256,-10.303686,PM*,G8V
HD 62850, ,7,42,36.0,-,59,17,50,272,-17,7.177,0.392,2.616,0.015,3.761,0.06,33,4.57,0.36,6.8,1.8,10.8,1.03,0.96,1.1,17.5,0.2,0.5,6,5464,0.093,14,-53,158,2,30.1,0.6,-26,-18,-2,7.999,-0.01,7.1,8.15,0.07,0.07,115.64999999999999,-59.29722222222222,1.1013544,-31.538832,-9.648266,PM*,G3V
HD 62928, ,7,46,51.3,+,14,3,19,206,19,8.475,0.402,2.599,0.014,3.756,-0.09,88,3.75,1.42,8.0,6.1,10.2,1.04,0.99,1.12,-5.6,0.4,0.0,1,0,0.0,5,13,82,2,0.0,0.0,-3,31,16,8.075,0.028,8.06,10.77,0.14,0.45,116.71374999999998,14.055277777777778,-74.78474,-36.47494,28.649996,PM*,G0
HD 63278, ,7,50,31.5,+,51,22,8,167,30,8.339,0.305,0.0,0.0,3.804,-0.16,99,3.36,0.77,2.7,2.1,3.3,1.24,1.17,1.31,9.5,1.3,0.0,1,0,0.0,35,-55,-58,1,10.1,1.1,-27,-18,-20,8.084,0.049,7.17,8.27,0.07,0.21,117.63124999999998,51.36888888888889,-83.53909,19.286522,49.5,PM*,G0
HD 63637, ,7,48,42.8,-,30,15,16,246,-2,7.524,0.411,2.581,0.009,3.748,-0.34,68,3.35,2.2,5.9,4.9,6.9,1.13,1.07,1.21,40.0,0.1,0.3,6,2938,0.282,3,-213,187,2,14.6,0.8,-96,1,-30,8.028,-0.003,6.49,10.89,0.25,0.45,117.17833333333331,-30.254444444444445,-27.641245,-62.083252,-2.3731656,PM*,G2V
HD 63678, ,7,49,33.8,-,16,51,37,235,5,8.181,0.41,2.58,0.013,3.747,-0.42,57,4.4,1.23,15.3,11.5,0.0,0.85,0.84,0.89,9.8,0.2,0.2,4,1794,0.657,2,-32,-73,2,0.0,0.0,3,-17,-16,8.033,0.005,7.23,8.16,0.06,0.13,117.39083333333332,-16.860277777777778,-32.569443,-46.513996,4.967877,PM*,G3/5V
HD 63765, ,7,47,49.7,-,54,15,50,267,-14,8.111,0.453,0.0,0.0,3.728,-0.16,33,5.55,0.27,0.0,0.0,0.0,0.83,0.8,0.91,22.1,0.2,0.3,4,1859,0.368,3,147,-282,2,30.7,0.7,48,-24,-5,8.002,-0.008,6.19,9.05,0.19,0.03,116.95708333333332,-54.263888888888886,-1.6757902,-31.975878,-7.9834228,PM*,G9V
HD 63935, ,7,51,41.9,+,9,23,9,211,18,8.583,0.452,0.0,0.0,3.733,0.0,50,5.1,0.5,0.0,8.1,0.0,0.88,0.85,0.93,-20.8,0.2,0.2,4,1445,0.896,1,-76,-188,2,20.1,1.3,24,-23,-40,8.041,0.015,6.69,8.55,0.12,0.6,117.92458333333332,9.385833333333332,-40.76073,-24.49151,15.4508505,PM*,G5
HD 64114, ,7,51,55.8,-,11,1,58,230,8,7.711,0.433,2.579,0.0,3.739,-0.04,32,5.21,0.29,0.0,0.0,0.0,0.88,0.84,0.97,52.7,0.2,0.3,5,2187,0.247,2,-69,-173,2,31.6,0.9,-22,-53,-14,8.02,0.004,5.37,8.05,0.2,0.1,117.98249999999999,-11.03277777777778,-20.369022,-24.274862,4.4535394,PM*,G7V
HD 64190, ,7,52,58.9,+,6,41,53,214,17,8.405,0.351,2.63,0.012,3.783,-0.1,126,2.9,1.65,2.8,2.3,4.2,1.34,1.21,1.44,-19.8,0.5,0.7,2,796,0.16,10,-15,-18,2,4.4,1.2,16,4,-18,8.1,0.036,7.73,9.16,0.08,0.17,118.24541666666666,6.698055555555555,-99.89438,-67.379616,36.838833,*,G0
HD 64324, ,7,54,48.4,+,34,37,11,186,27,7.784,0.409,2.597,0.008,3.75,-0.11,35,5.04,0.28,0.0,0.0,0.0,0.9,0.85,1.0,16.8,0.2,0.1,3,916,0.986,3,-121,-173,1,28.3,1.1,-25,-25,-16,8.031,0.016,6.77,8.13,0.09,0.14,118.70166666666665,34.61972222222222,-31.014393,-3.2597432,15.8896675,PM*,G0
HD 64385, ,7,56,10.2,+,50,32,27,168,31,8.826,0.363,2.599,0.015,3.766,-0.78,81,4.28,1.18,11.2,7.2,14.7,0.87,0.82,0.94,6.8,0.5,0.7,2,408,0.144,4,197,-153,1,12.3,1.1,15,-72,63,8.068,0.041,4.81,8.18,0.26,1.75,119.04249999999999,50.54083333333333,-67.91333,14.435417,41.718082,PM*,G2V
HD 64474, ,7,53,42.1,-,12,15,55,231,8,7.83,0.43,2.59,0.0,3.743,0.03,42,4.71,0.65,12.3,6.9,17.5,0.92,0.88,1.0,-9.4,0.1,0.2,6,2576,0.642,2,121,-52,2,0.0,0.0,24,-4,14,8.026,0.006,7.32,8.95,0.1,0.36,118.42541666666665,-12.265277777777778,-26.174227,-32.32248,5.8452706,PM*,G6V
HD 64942, ,7,55,58.2,-,9,47,49,229,10,8.389,0.406,2.598,0.014,3.75,-0.21,48,4.97,0.43,12.4,2.5,0.0,0.87,0.84,0.96,-8.3,0.2,0.3,4,1795,0.462,6,23,-25,2,20.7,1.1,11,1,0,8.031,0.008,7.7,8.83,0.07,0.12,118.99249999999999,-9.796944444444444,-31.012417,-35.675705,8.335113,*,G3/5V
HD 65067, ,7,56,53.5,-,0,48,44,221,14,8.522,0.362,2.61,0.017,3.77,-0.62,88,3.8,1.47,8.8,6.5,11.2,0.97,0.88,1.03,6.8,0.2,0.3,4,1457,0.594,5,52,-88,1,7.6,1.5,22,-36,4,8.064,0.021,6.08,8.37,0.16,0.17,119.22291666666666,-0.8122222222222223,-64.44165,-56.018276,21.289127,PM*,G8III
HD 65080, ,7,57,3.6,+,1,30,47,219,15,8.223,0.37,2.61,0.005,3.768,-0.21,54,4.57,0.42,7.8,1.9,12.0,0.97,0.92,1.04,-8.6,0.2,0.2,2,654,0.664,1,-41,28,1,18.6,1.2,-2,13,-8,8.04,0.014,8.01,9.29,0.07,0.02,119.265,1.5130555555555556,-40.535927,-32.825348,13.976229,PM*,G0V
HD 65114,*,7,54,47.9,-,49,50,10,264,-11,9.365,0.492,0.0,0.0,3.713,-0.03,48,5.94,0.08,0.0,0.0,0.0,0.83,0.79,0.88,55.2,0.2,0.2,2,1086,0.603,2,-104,259,2,20.7,1.1,-70,-47,-1,8.005,-0.009,5.3,8.77,0.25,0.09,118.69958333333332,-49.836111111111116,-4.9251766,-46.859985,-9.158832,PM*,G8/K1III/V
HD 65216, ,7,53,41.3,-,63,38,50,276,-18,7.97,0.42,2.585,0.0,3.743,-0.19,36,5.21,0.33,0.0,0.0,0.0,0.86,0.82,0.95,42.3,0.2,0.5,8,3255,0.033,2,-125,145,10,28.1,0.7,-28,-41,-20,7.996,-0.011,5.95,8.08,0.15,0.19,118.42208333333332,-63.64722222222222,3.578846,-34.05048,-11.124612,PM*,G5V
HD 65243, ,7,57,12.5,-,14,35,27,234,7,8.009,0.396,2.577,0.0,3.756,-0.15,46,4.7,0.52,10.6,5.2,15.7,0.93,0.87,1.0,62.5,0.2,0.4,5,1967,0.217,3,-257,203,2,21.8,1.0,-92,-12,-17,8.027,0.006,6.21,10.24,0.24,0.17,119.30208333333333,-14.590833333333334,-26.836594,-36.93738,5.60599,PM*,G3/5V
HD 65252, ,7,54,37.3,-,58,43,55,272,-15,8.36,0.391,2.6,0.011,3.761,-0.17,93,3.51,1.61,6.4,5.4,7.6,1.12,1.07,1.16,11.6,0.4,0.6,2,792,0.047,3,27,6,2,10.7,0.7,4,-14,9,7.997,-0.025,7.33,8.15,0.05,0.24,118.65541666666665,-58.731944444444444,3.1350434,-89.77638,-24.070171,*,G0V
HD 65272,*,7,55,44.8,-,48,2,30,262,-10,9.415,0.45,0.0,0.0,3.736,0.1,87,4.72,0.74,14.3,9.6,0.0,0.92,0.89,0.98,64.0,0.2,0.3,2,361,0.335,3,13,-1,2,11.5,0.9,-6,-64,-7,8.012,-0.015,4.9,8.02,0.24,0.02,118.93666666666665,-48.041666666666664,-11.924125,-84.84446,-15.107391,*,G6/8V
HD 65518, ,8,2,28.5,+,60,24,57,157,32,8.049,0.405,0.0,0.0,3.749,-0.42,66,3.94,1.65,11.1,9.4,13.1,0.93,0.89,1.01,-0.7,0.3,0.1,2,642,0.742,8,-68,-31,2,15.1,0.9,-14,-5,-18,8.052,0.035,7.98,8.16,0.01,0.17,120.61874999999998,60.41583333333333,-51.521736,21.86968,34.97467,PM*,G0
HD 65629, ,7,59,53.3,+,9,53,55,212,20,7.986,0.419,2.568,0.0,3.739,-0.54,32,5.48,0.38,0.0,0.0,0.0,0.81,0.77,0.88,-33.6,0.4,0.7,3,1836,0.036,3,124,-151,2,31.6,1.4,44,-6,-5,8.025,0.011,6.85,9.47,0.16,0.04,119.97208333333332,9.89861111111111,-25.500944,-15.934759,10.944644,PM*,G5
HD 65911,*,7,50,16.4,-,80,10,9,293,-24,8.679,0.409,0.0,0.0,3.752,-0.19,95,3.78,1.56,8.6,7.3,10.1,1.03,1.0,1.07,6.1,0.5,0.7,2,361,0.041,5,18,20,2,10.5,0.7,-1,-11,7,7.967,-0.039,7.52,8.06,0.03,0.22,117.56833333333331,-80.16916666666667,33.91032,-79.88769,-38.63998,*,G5V
HD 66010, ,7,56,16.3,-,69,38,45,282,-20,8.438,0.422,2.6,0.029,3.761,0.08,75,3.95,0.96,7.5,5.6,9.0,1.1,1.05,1.17,54.9,0.2,0.4,5,2156,0.27,2,-103,171,2,13.4,0.7,-60,-62,-25,7.985,-0.025,4.8,8.42,0.27,0.28,119.06791666666666,-69.64583333333334,14.652966,-68.93686,-25.65151,PM*,G5V
HD 66011, ,8,1,50.7,+,8,54,50,213,20,6.22,0.359,2.625,0.006,3.782,0.12,60,2.35,2.02,1.9,1.7,2.1,1.62,1.56,1.68,10.9,0.2,0.3,5,1943,0.739,14,-1,25,1,16.8,1.0,-11,0,6,8.047,0.02,8.04,8.42,0.02,0.2,120.46125,8.91388888888889,-47.285557,-30.707592,20.521208,*,G0IV
HD 66039, ,7,59,58.7,-,41,42,14,257,-6,7.737,0.362,2.614,-0.002,3.775,-0.02,51,4.19,0.47,5.2,2.6,7.8,1.07,1.02,1.14,-6.8,0.2,0.4,5,2514,0.262,4,-2,-69,2,19.5,0.6,15,4,-8,8.011,-0.006,7.65,9.05,0.08,0.02,119.99458333333332,-41.70388888888889,-11.409663,-49.420654,-5.3309517,PM*,G2V
HD 66221, ,8,2,5.3,-,12,48,16,233,9,8.064,0.451,0.0,0.0,3.736,0.08,43,4.89,0.58,14.8,8.6,0.0,0.9,0.88,0.96,25.5,0.2,0.2,3,1971,0.588,3,-128,-225,2,23.2,1.0,0,-42,-41,8.026,0.007,5.98,8.05,0.15,0.6,120.52208333333333,-12.804444444444446,-25.559452,-33.918526,6.7266827,PM*,G6V
HD 66261,*,7,58,27.4,-,65,0,22,278,-18,8.245,0.484,0.0,0.0,3.721,0.18,31,5.79,-0.06,0.0,0.0,0.0,0.9,0.84,0.95,68.9,0.3,0.4,2,359,0.247,1,14,163,2,0.0,0.0,-11,-72,-9,7.996,-0.009,4.55,8.0,0.28,0.03,119.61416666666666,-65.00611111111111,4.1032114,-29.195827,-9.579527,PM*,G8V
HD 66340, ,7,59,47.6,-,59,12,43,273,-15,9.24,0.492,0.0,0.0,3.716,0.13,51,5.69,0.18,0.0,0.0,0.0,0.9,0.83,0.94,3.3,0.2,0.5,4,1718,0.075,2,-29,-42,2,19.5,0.8,6,0,-12,7.998,-0.013,7.76,8.59,0.05,0.06,119.94833333333331,-59.21194444444445,2.5781946,-49.194702,-13.199771,PM*,G8IV
HD 66370, ,8,4,27.1,+,33,39,47,188,29,8.404,0.438,2.587,0.031,3.753,-0.2,109,3.08,2.25,4.6,3.4,6.4,1.21,1.11,1.3,22.3,1.0,0.0,1,0,0.0,25,-2,-6,2,4.9,1.2,-20,-5,9,8.095,0.053,7.87,8.34,0.03,0.26,121.11291666666665,33.66305555555555,-94.40577,-13.267867,52.844246,*,G5
HD 66428, ,8,3,28.6,-,1,9,45,222,15,8.26,0.441,2.604,0.0,3.741,0.19,55,4.56,0.73,11.5,8.1,14.8,0.97,0.94,1.05,44.3,0.4,0.6,3,853,0.029,1,-67,-209,2,18.2,1.2,-13,-65,-28,8.039,0.015,4.87,8.04,0.25,0.32,120.86916666666666,-1.1624999999999999,-39.480255,-35.548176,14.235047,PM*,G8IV(+G)
HD 66485, ,8,4,42.7,+,24,19,48,198,26,8.437,0.432,2.59,0.0,3.742,0.05,44,5.21,0.16,3.8,0.0,16.2,0.93,0.86,1.0,25.0,0.2,0.1,2,329,0.844,1,-37,37,1,22.6,1.2,-26,2,7,8.038,0.02,7.82,8.77,0.06,0.22,121.17791666666665,24.33,-37.611374,-12.220675,19.28833,PM*,G5
HD 66550, ,8,4,52.2,+,23,36,49,198,26,8.355,0.479,0.0,0.0,3.72,0.07,38,5.48,0.34,0.0,1.5,0.0,0.86,0.83,0.94,21.6,0.2,0.1,2,329,0.718,2,-130,-85,1,26.6,1.1,-28,-16,-15,8.032,0.017,7.2,8.25,0.07,0.11,121.21749999999999,23.613611111111112,-32.48255,-10.554219,16.658104,PM*,G5
HD 66653, ,8,2,26.9,-,46,20,10,261,-8,7.517,0.405,2.603,0.009,3.755,0.06,36,4.72,0.35,7.9,1.8,12.6,1.0,0.92,1.07,22.6,0.2,0.3,5,3283,0.272,4,-121,232,1,27.6,0.6,-48,-15,0,8.005,-0.005,6.85,8.71,0.12,0.1,120.61208333333333,-46.336111111111116,-5.5768356,-35.210743,-5.010232,PM*,G2V
HD 66838,*,8,4,22.0,-,28,25,0,246,2,9.328,0.469,0.0,0.0,3.725,0.04,57,5.53,0.2,0.0,0.0,0.0,0.87,0.83,0.94,-14.7,0.3,0.4,2,361,0.236,2,77,-55,3,17.4,1.2,28,4,9,8.023,0.002,7.41,9.41,0.12,0.26,121.09166666666664,-28.416666666666668,-23.169867,-52.04037,1.9892713,PM*,G8/K0V
HD 67088, ,8,7,36.1,+,30,40,58,191,29,8.757,0.415,2.586,0.019,3.745,-0.35,78,4.3,1.32,14.8,11.3,0.0,0.87,0.84,0.94,-81.9,0.4,0.5,2,411,0.135,1,146,-81,1,0.0,0.0,99,-25,-1,8.067,0.038,5.47,10.85,0.33,0.12,121.90041666666666,30.68277777777778,-66.966934,-13.017051,37.81515,PM*,G5
HD 67163, ,8,5,37.7,-,30,21,44,248,1,8.05,0.392,2.593,0.001,3.761,0.02,73,3.73,1.23,6.8,5.0,8.7,1.1,1.03,1.17,65.3,0.2,0.2,2,480,0.404,3,2,-38,2,0.0,0.0,-14,-65,-5,8.027,0.001,4.86,8.03,0.25,0.03,121.40708333333333,-30.362222222222222,-27.34213,-67.67411,1.2740257,*,G2V
HD 67228, ,8,7,45.8,+,21,34,54,201,26,5.297,0.408,2.619,0.034,3.756,0.04,23,3.46,1.6,5.5,5.0,6.0,1.18,1.16,1.22,-36.2,0.1,0.2,5,965,0.785,3,23,-67,1,42.9,1.0,33,4,-16,8.02,0.01,7.32,9.57,0.13,0.14,121.94083333333333,21.581666666666667,-19.299221,-7.4082756,10.082537,PM*,G1IVb
HD 67371, ,8,8,6.8,+,16,25,1,206,24,8.784,0.308,2.632,0.007,3.797,-0.66,106,3.65,1.06,4.2,2.6,6.4,1.07,1.0,1.13,5.5,0.4,0.1,2,408,0.937,8,-88,45,1,9.4,1.2,-33,26,-27,8.087,0.044,7.95,10.57,0.14,0.37,122.02833333333331,16.416944444444447,-87.03546,-42.45002,43.114082,PM*,G0
HD 67453, ,8,7,37.9,-,11,39,42,232,11,8.457,0.395,2.62,0.027,3.776,0.22,87,3.64,0.78,3.8,2.5,6.2,1.25,1.18,1.33,18.3,0.2,0.3,2,449,0.253,4,-40,-73,2,0.0,0.0,-1,-30,-25,8.052,0.017,6.62,8.08,0.1,0.28,121.90791666666667,-11.661666666666667,-52.578457,-67.29735,16.600382,PM*,G3V
HD 67458, ,8,7,0.5,-,29,24,10,247,2,6.794,0.379,2.59,-0.004,3.763,-0.21,26,4.75,0.36,8.2,0.2,13.9,0.95,0.88,1.03,-16.0,0.1,0.2,5,3256,0.773,4,339,-356,3,39.1,0.8,60,-8,11,8.01,0.001,6.51,9.94,0.21,0.31,121.75208333333333,-29.402777777777775,-10.1528225,-23.918545,0.9073869,PM*,G0V
HD 67581,*,8,6,48.7,-,43,53,40,260,-6,8.691,0.394,0.0,0.0,3.755,-0.51,72,4.4,1.12,13.5,9.5,0.0,0.85,0.82,0.92,-8.6,0.4,0.6,2,360,0.144,1,23,-72,2,0.0,0.0,26,4,-6,8.013,-0.008,7.43,9.34,0.11,0.03,121.70291666666665,-43.894444444444446,-12.434175,-70.51773,-7.5260496,PM*,G5V
HD 67661, ,8,10,31.4,+,37,20,54,184,31,8.261,0.353,2.636,0.018,3.78,-0.14,75,3.88,0.77,5.5,3.1,7.8,1.09,1.04,1.16,6.8,0.6,0.8,2,2460,0.088,10,28,-19,2,13.3,1.1,-1,-9,11,8.064,0.039,7.74,8.2,0.03,0.28,122.6308333333333,37.348333333333336,-64.13094,-4.484468,38.627857,*,G0
HD 67726, ,8,8,46.0,-,15,41,31,236,9,8.922,0.425,2.553,0.0,3.745,-0.07,71,4.67,0.73,13.3,8.0,0.0,0.91,0.87,0.97,63.3,0.2,0.1,2,449,0.983,3,39,-4,2,0.0,0.0,-29,-54,21,8.039,0.011,5.38,8.11,0.2,0.49,122.19166666666665,-15.691944444444445,-39.213894,-58.13699,11.106848,*,G3V
HD 67764,*,8,6,33.6,-,56,16,19,270,-13,9.504,0.475,0.0,0.0,3.719,-0.14,61,5.58,0.4,0.0,0.8,0.0,0.83,0.8,0.89,7.1,0.3,0.1,2,361,0.784,2,-44,148,2,16.4,0.9,-43,-9,9,8.0,-0.013,7.16,8.75,0.1,0.26,121.63999999999999,-56.27194444444444,7.0877405e-07,-59.436573,-13.722013,PM*,G8V
HD 67827, ,8,11,21.6,+,38,43,52,182,32,6.58,0.368,2.608,-0.006,3.774,0.06,45,3.29,1.32,4.5,2.7,5.0,1.34,1.21,1.39,25.7,0.2,0.2,4,1805,0.908,5,-104,-77,1,22.0,0.8,-35,-13,-8,8.039,0.024,7.2,8.45,0.08,0.03,122.83999999999999,38.73111111111111,-38.138916,-1.331836,23.846367,PM*,G0
HD 67864,*,8,8,4.6,-,44,5,59,260,-6,8.932,0.482,0.0,0.0,3.713,-0.56,37,6.09,0.28,0.0,0.0,0.0,0.75,0.72,0.8,8.4,0.3,0.4,2,360,0.257,2,-3,-51,1,0.0,0.0,6,-9,-6,8.006,-0.004,7.51,8.29,0.05,0.02,122.01916666666665,-44.099722222222226,-6.3897843,-36.238277,-3.8675532,PM*,G6V
HD 68089, ,8,9,5.0,-,42,4,28,258,-5,9.59,0.405,2.571,0.0,3.743,-0.93,67,5.47,0.53,0.0,0.0,15.5,0.8,0.74,0.85,78.4,0.2,0.3,5,2661,0.535,4,-395,194,2,15.0,1.0,-131,-46,-79,8.013,-0.006,4.8,10.87,0.39,2.25,122.27083333333331,-42.074444444444445,-13.87709,-65.28651,-5.839434,PM*,G3V(w)
HD 68168, ,8,11,49.1,+,16,31,25,206,25,7.346,0.414,2.591,0.0,3.752,0.09,34,4.7,0.41,8.7,3.5,13.1,1.01,0.92,1.07,9.1,0.2,0.1,2,702,0.847,2,-43,-256,2,29.5,1.0,0,-39,-16,8.028,0.014,6.07,8.06,0.14,0.14,122.9545833333333,16.52361111111111,-27.69586,-13.508169,14.369021,PM*,G0
HD 68644, ,8,13,16.4,-,0,44,59,223,18,8.409,0.381,2.6,0.013,3.76,-0.39,56,4.67,0.66,10.9,3.2,16.6,0.89,0.83,0.97,-24.3,0.3,0.6,4,2164,0.034,2,121,-66,1,0.0,0.0,42,-3,11,8.039,0.017,6.98,9.57,0.16,0.31,123.31833333333331,-0.7497222222222222,-38.95129,-36.32266,17.304953,PM*,G2V
HD 68744, ,8,20,2.5,+,73,20,10,141,32,8.5,0.404,0.0,0.0,3.748,-0.86,98,3.54,2.32,9.6,7.8,11.6,0.91,0.87,1.01,54.9,0.3,0.3,2,642,0.398,4,-99,-249,2,10.2,0.9,-121,-61,13,8.065,0.052,4.37,10.06,0.39,0.38,125.01041666666667,73.33611111111111,-64.58759,52.302017,51.932087,PM*,G0V
HD 68785, ,8,12,15.9,-,40,30,10,257,-4,8.206,0.387,2.591,0.004,3.757,-0.3,42,5.09,0.23,4.3,0.0,14.6,0.91,0.83,0.98,-3.4,0.2,0.3,4,2194,0.455,4,-145,126,1,23.8,0.8,-35,13,-10,8.009,-0.003,7.77,9.51,0.1,0.05,123.06624999999997,-40.50277777777778,-9.424934,-40.823856,-2.9297717,PM*,G3V
HD 68916,*,8,12,56.8,-,40,32,22,257,-3,9.38,0.474,0.0,0.0,3.717,-0.24,48,5.99,0.1,0.0,0.0,0.0,0.8,0.76,0.85,45.1,0.6,0.8,2,1242,0.034,3,194,-152,2,21.0,1.1,40,-57,16,8.01,-0.003,5.01,8.49,0.26,0.38,123.23666666666665,-40.53944444444444,-10.782858,-46.705666,-2.512126,PM*,G8(IV)
HD 68988, ,8,18,22.1,+,61,27,38,155,34,8.201,0.405,2.606,0.004,3.761,0.36,59,4.35,0.29,3.7,1.5,6.1,1.12,1.08,1.16,-69.7,0.2,0.2,2,729,0.521,5,127,31,2,17.0,1.0,75,-22,-10,8.044,0.033,5.9,10.02,0.26,0.06,124.59208333333333,61.46055555555556,-44.33043,20.671623,32.992382,PM*,G1V
HD 69611, ,8,17,29.3,-,3,59,22,227,17,7.745,0.383,2.588,0.011,3.757,-0.64,49,4.3,1.25,13.8,10.6,17.0,0.84,0.82,0.91,112.9,0.2,0.4,6,2566,0.259,4,-146,-439,2,20.5,1.2,-43,-144,-40,8.032,0.014,1.87,8.15,0.63,0.56,124.37208333333331,-3.9894444444444446,-31.957716,-34.270454,14.326213,PM*,G0V
HD 69655, ,8,15,25.2,-,52,3,37,267,-9,6.632,0.37,2.619,0.014,3.767,-0.27,27,4.47,0.6,8.5,5.6,13.0,0.96,0.9,1.02,11.4,0.1,0.2,5,1148,0.612,2,-6,-56,1,36.9,0.5,5,-11,-6,8.001,-0.004,7.45,8.24,0.05,0.01,123.85499999999998,-52.06027777777778,-1.3956782,-26.631039,-4.223731,PM*,G1V
HD 69809, ,8,19,13.3,+,14,12,2,210,26,7.862,0.413,2.601,0.0,3.755,0.15,51,4.35,0.65,8.2,4.9,11.2,1.08,1.01,1.12,17.3,0.3,0.0,1,0,0.0,3,35,26,2,19.8,1.1,-11,-3,17,8.04,0.022,8.03,8.2,0.01,0.39,124.80541666666666,14.200555555555555,-39.697304,-22.919247,22.356928,*,G0
HD 69830, ,8,18,23.9,-,12,37,55,235,13,5.958,0.457,2.576,0.0,3.73,0.05,13,5.46,0.16,0.0,0.0,0.0,0.92,0.83,0.96,29.8,0.1,0.2,11,3303,0.731,1,280,-990,1,79.5,0.8,28,-62,-9,8.007,0.003,4.88,8.26,0.26,0.03,124.59958333333333,-12.631944444444445,-7.265383,-10.376045,2.9243636,PM*,G8:V
HD 69960, ,8,22,16.1,+,56,50,11,161,35,8.025,0.46,0.0,0.0,3.735,0.23,61,4.09,1.31,9.5,8.2,10.8,1.06,1.02,1.18,31.6,0.3,0.0,1,0,0.0,3,-28,-15,2,16.3,1.0,-30,5,12,8.048,0.035,7.8,9.07,0.07,0.31,125.56708333333333,56.83638888888889,-47.245937,16.268078,34.988163,*,G5
HD 69965, ,8,19,15.0,-,5,37,10,228,17,7.431,0.371,2.584,-0.017,3.767,-0.18,34,4.77,0.22,4.5,0.0,11.4,0.97,0.9,1.05,31.1,0.2,0.5,6,1307,0.039,4,-1,42,2,29.3,0.9,-24,-17,12,8.022,0.01,7.22,8.15,0.06,0.31,124.81249999999997,-5.619444444444445,-21.75636,-24.162876,9.940638,*,G1V
HD 70088, ,8,21,20.7,+,34,18,35,188,33,8.478,0.432,2.579,0.0,3.737,-0.21,43,5.3,0.38,0.0,0.0,0.0,0.85,0.81,0.92,33.0,0.2,0.2,2,360,0.616,3,-119,-111,3,23.1,1.2,-41,-23,-6,8.036,0.023,6.7,8.44,0.11,0.03,125.33624999999999,34.30972222222222,-35.711872,-5.0189767,23.41948,PM*,G5V
HD 70110, ,8,20,12.9,-,0,54,33,224,19,6.173,0.381,2.617,0.013,3.769,0.08,41,3.12,1.6,4.0,2.6,4.4,1.41,1.34,1.45,8.8,0.1,0.3,5,1821,0.462,4,38,-87,1,24.5,1.1,6,-19,2,8.028,0.013,7.06,8.18,0.07,0.13,125.05375,-0.9091666666666667,-27.886114,-26.92931,13.348293,PM*,G0V
HD 70395, ,8,20,23.5,-,34,27,17,253,1,8.577,0.36,2.644,0.037,3.798,0.1,122,2.99,1.02,2.2,1.9,2.7,1.4,1.32,1.48,-4.4,0.2,0.1,2,476,0.939,11,-17,0,2,8.2,0.9,-4,6,-8,8.035,0.002,8.01,8.78,0.05,0.02,125.09791666666666,-34.45472222222222,-35.663944,-116.651405,2.1291935,*,G0V
HD 70607, ,8,22,34.8,-,9,59,53,233,15,8.788,0.416,2.584,0.0,3.749,0.06,69,4.59,0.61,10.1,5.4,14.1,0.97,0.91,1.04,7.2,0.2,0.2,2,447,0.441,3,-24,-23,2,0.0,0.0,-4,-9,-8,8.04,0.018,7.74,8.1,0.02,0.02,125.64499999999998,-9.998055555555554,-40.110306,-53.228157,17.858515,*,G6V
HD 70642, ,8,21,28.1,-,39,42,19,258,-2,7.169,0.434,2.61,0.0,3.743,0.14,29,4.88,0.4,10.2,4.2,16.0,0.97,0.89,1.05,48.8,0.1,0.3,4,1859,0.487,3,-202,225,2,34.8,0.6,-51,-38,-6,8.006,-0.001,5.88,8.45,0.18,0.02,125.3670833333333,-39.70527777777778,-6.0257726,-28.348999,-1.0120853,PM*,G6VCN+0.5
HD 70830, ,8,23,54.3,-,6,19,3,230,17,8.944,0.41,2.569,0.0,3.746,-0.6,69,4.75,1.01,0.0,10.9,0.0,0.83,0.8,0.87,87.7,0.2,0.3,2,447,0.314,3,-36,109,2,0.0,0.0,-81,-37,34,8.043,0.02,5.63,9.27,0.24,0.88,125.97624999999998,-6.3175,-42.41435,-50.547466,20.173647,PM*,G5V
HD 70854, ,8,19,32.2,-,68,59,30,283,-18,8.624,0.401,2.6,0.032,3.767,-0.33,74,4.15,0.97,10.4,6.6,12.6,0.98,0.95,1.03,43.8,0.2,0.4,6,982,0.228,4,84,249,2,13.6,0.8,-48,-72,54,7.985,-0.023,4.64,8.23,0.28,1.3,124.88416666666666,-68.99166666666667,15.831656,-68.57439,-22.867258,PM*,G2V
HD 70957, ,8,24,48.5,-,0,8,24,224,21,8.125,0.336,2.62,-0.005,3.785,-0.28,93,3.29,1.37,4.9,3.1,6.2,1.14,1.06,1.22,-16.2,0.3,0.3,2,503,0.37,7,-50,-113,1,10.8,1.4,23,-24,-46,8.062,0.033,6.72,8.53,0.12,0.75,126.20208333333333,-0.13999999999999999,-62.45522,-60.31231,33.32822,PM*,G0V
HD 71067, ,8,32,32.6,+,75,44,19,138,32,8.666,0.377,0.0,0.0,3.763,-0.26,66,4.56,0.59,9.9,5.3,14.6,0.95,0.87,1.01,-1.1,0.4,0.5,2,642,0.146,6,-4,36,2,15.1,1.0,6,9,-5,8.042,0.035,7.91,9.13,0.07,0.06,128.13583333333332,75.73861111111111,-41.594685,37.45203,34.97467,*,G5
HD 71148, ,8,27,36.7,+,45,39,10,175,35,6.325,0.399,2.583,-0.007,3.756,-0.06,22,4.63,0.51,9.5,5.2,14.1,0.96,0.9,1.02,-32.6,0.1,0.2,18,4723,0.988,3,-21,-352,2,45.9,0.8,20,-38,-23,8.018,0.013,5.99,8.27,0.16,0.24,126.90291666666664,45.65277777777778,-17.952768,1.5706661,12.618682,PM*,G1V
HD 71187, ,8,27,18.7,+,35,49,2,186,34,8.154,0.377,2.613,0.017,3.769,-0.18,110,2.95,1.99,4.2,3.2,5.3,1.24,1.14,1.36,8.6,0.2,0.3,3,814,0.571,6,-68,-31,2,9.1,1.1,-27,-12,-26,8.09,0.062,7.46,8.35,0.06,0.31,126.82791666666665,35.81722222222223,-90.694565,-9.53238,61.51122,PM*,G5
HD 71244, ,8,28,51.7,+,53,51,43,164,36,7.128,0.345,0.0,0.0,3.78,-0.17,42,4.0,0.68,5.3,3.4,7.8,1.07,1.02,1.13,-12.4,0.4,0.0,1,0,0.0,4,81,-62,2,23.7,0.8,16,-17,6,8.033,0.025,7.04,8.42,0.09,0.21,127.21541666666664,53.86194444444445,-32.662437,9.365803,24.686981,PM*,G0
HD 71322, ,8,28,12.0,+,35,57,16,186,34,8.547,0.326,2.648,0.02,3.805,-0.14,135,2.81,1.28,2.3,1.9,2.7,1.37,1.28,1.46,-12.9,0.3,0.5,3,814,0.273,6,-11,-47,3,6.5,1.1,7,-28,-18,8.111,0.076,6.7,8.23,0.1,0.17,127.05,35.95444444444445,-111.30697,-11.698831,75.49104,PM*,G
HD 71334, ,8,25,49.5,-,29,55,50,250,5,7.813,0.413,2.599,0.0,3.749,-0.1,39,4.86,0.47,12.3,5.0,0.0,0.9,0.86,0.98,16.9,0.2,0.2,4,1042,0.683,4,141,-292,3,25.7,0.9,48,-38,-8,8.013,0.003,5.67,8.84,0.22,0.01,126.45624999999997,-29.930555555555557,-13.288024,-36.508556,3.3990738,PM*,G2.5V
HD 71408, ,8,27,52.0,+,16,1,58,209,28,8.967,0.393,2.606,0.008,3.763,0.11,138,3.27,1.57,4.8,3.1,6.0,1.22,1.13,1.35,37.4,0.2,0.1,2,361,0.916,3,-67,-37,1,0.0,0.0,-47,-32,-26,8.107,0.066,6.28,8.54,0.15,0.31,126.96666666666665,16.032777777777778,-106.56957,-59.07249,64.78708,PM*,G5
HD 71479, ,8,27,35.1,-,5,8,55,229,19,7.176,0.383,2.626,0.019,3.77,0.25,42,4.07,0.47,4.2,2.1,7.4,1.19,1.15,1.21,59.8,0.1,0.3,5,4088,0.367,4,-125,-81,2,23.9,1.0,-43,-51,-9,8.026,0.013,5.4,8.25,0.21,0.03,126.89624999999998,-5.148611111111111,-26.053272,-29.970861,13.6738615,PM*,G2/3V
HD 71623, ,8,27,13.6,-,33,27,25,253,3,9.013,0.399,2.602,0.021,3.766,-0.14,116,3.6,1.38,6.8,5.1,8.6,1.09,1.02,1.16,0.4,0.3,0.1,2,476,0.985,6,30,-83,2,7.7,1.1,44,-15,-13,8.034,0.006,6.59,9.2,0.17,0.09,126.80666666666664,-33.456944444444446,-33.868664,-110.77931,6.070971,PM*,G2V
HD 71669, ,8,27,33.5,-,30,38,21,251,5,8.655,0.365,2.618,0.011,3.77,-0.25,74,4.32,0.66,7.8,4.8,11.8,0.99,0.94,1.05,12.7,0.2,0.1,2,476,0.871,4,-34,33,2,13.6,1.0,-20,-7,-2,8.024,0.006,7.75,8.22,0.03,0.08,126.88958333333329,-30.639166666666664,-24.000366,-69.70212,6.4495244,*,G1/2V
HD 71835, ,8,28,11.9,-,36,43,22,256,1,8.389,0.452,0.0,0.0,3.732,0.02,40,5.38,0.22,0.0,0.0,0.0,0.87,0.84,0.96,-1.7,0.2,0.4,4,2188,0.108,3,-83,58,2,25.0,0.9,-17,6,-6,8.01,0.001,7.97,8.79,0.05,0.01,127.04958333333333,-36.72277777777778,-9.675404,-38.80592,0.6980962,PM*,G9V+
HD 71848, ,8,29,55.7,+,10,28,14,215,27,8.018,0.381,2.61,0.018,3.764,-0.24,66,3.92,1.19,8.7,6.5,11.3,1.01,0.96,1.06,61.8,0.2,0.3,2,361,0.345,4,-116,64,2,0.0,0.0,-73,-10,6,8.049,0.03,6.6,9.68,0.19,0.22,127.4820833333333,10.470555555555556,-48.17141,-33.72998,29.963373,PM*,G0
HD 72206, ,8,33,14.0,+,41,59,41,179,36,8.832,0.358,0.0,0.0,3.772,-0.49,76,4.43,0.7,7.8,2.3,12.1,0.95,0.87,1.01,45.4,0.3,0.1,2,336,0.742,3,-76,-66,2,0.0,0.0,-55,-20,3,8.061,0.045,6.61,8.85,0.15,0.16,128.30833333333334,41.99472222222222,-61.475925,1.0730695,44.671677,PM*,G
HD 72252,*,8,29,50.1,-,46,59,40,264,-5,9.195,0.484,0.0,0.0,3.714,-0.17,48,5.79,0.31,0.0,0.0,0.0,0.81,0.78,0.87,15.4,0.4,0.0,1,0,0.0,7,-25,70,2,20.8,0.9,-18,-14,4,8.005,-0.004,7.45,8.07,0.04,0.16,127.45874999999998,-46.99444444444445,-4.998267,-47.555397,-4.1834755,PM*,G8/K0V
HD 72374, ,8,29,7.4,-,61,52,24,277,-13,8.496,0.408,2.609,0.023,3.762,-0.01,57,4.62,0.34,7.2,0.9,11.5,1.0,0.94,1.07,40.5,0.2,0.4,4,1562,0.262,4,-42,16,2,17.6,0.8,-6,-39,-15,7.993,-0.013,6.09,8.0,0.14,0.12,127.2808333333333,-61.873333333333335,6.7685018,-55.125114,-12.822209,*,G2V
HD 72616, ,8,34,21.9,+,16,52,48,208,30,8.347,0.396,2.629,0.038,3.785,0.44,72,3.88,0.22,1.5,0.0,2.7,1.24,1.2,1.28,23.2,0.3,0.0,1,0,0.0,6,-48,-57,2,13.8,1.1,-22,-25,-8,8.055,0.036,6.8,8.12,0.09,0.04,128.59124999999997,16.88,-55.055164,-29.273346,36.0,PM*,G5
HD 72647, ,8,32,30.9,-,40,12,35,259,0,8.403,0.404,2.611,0.031,3.769,-0.02,78,3.81,0.99,6.7,4.5,8.3,1.1,1.06,1.16,40.8,0.4,0.6,3,1480,0.015,3,-244,204,2,12.8,0.8,-120,-18,-28,8.015,0.0,5.63,11.07,0.33,0.4,128.12875,-40.209722222222226,-14.88309,-76.566925,0.0,PM*,G3V
HD 72659, ,8,34,3.1,-,1,34,5,227,22,7.468,0.382,2.594,-0.012,3.765,-0.1,51,3.92,1.04,8.2,6.5,9.6,1.05,1.0,1.11,-18.4,0.2,0.2,4,2951,0.804,4,-114,-98,2,19.5,1.0,7,-2,-40,8.033,0.019,7.73,8.64,0.06,0.6,128.51291666666665,-1.5680555555555555,-32.249233,-34.583065,19.104935,PM*,G2V
HD 72769, ,8,33,45.7,-,23,21,19,246,10,7.225,0.452,0.0,0.0,3.738,0.28,31,4.76,0.54,9.6,4.9,0.0,1.01,0.93,1.05,19.6,0.2,0.1,2,393,0.923,3,-345,165,2,32.2,0.8,-55,-1,-23,8.013,0.005,7.16,9.38,0.13,0.27,128.44041666666666,-23.35527777777778,-12.417279,-27.889664,5.3830934,PM*,G8IV-V
HD 72885, ,8,35,46.4,+,14,7,12,211,29,8.508,0.302,2.644,-0.007,3.804,-0.17,81,3.96,0.18,2.1,0.0,4.0,1.16,1.1,1.22,-14.3,0.6,0.9,3,455,0.095,13,33,-58,1,12.3,1.2,25,-15,-4,8.06,0.04,6.97,8.72,0.11,0.06,128.94333333333333,14.120000000000001,-60.725338,-36.487453,39.269577,PM*,G5
HD 73226, ,8,38,8.5,+,26,2,56,198,34,7.558,0.397,2.608,0.011,3.761,0.09,43,4.37,0.54,7.0,3.7,10.3,1.07,1.0,1.13,25.4,0.2,0.2,2,336,0.457,4,-127,-183,1,23.0,0.9,-30,-40,-15,8.034,0.024,5.98,8.14,0.15,0.12,129.53541666666666,26.04888888888889,-33.90385,-11.016027,24.045294,PM*,G5
HD 73261, ,8,38,0.6,+,15,8,5,211,30,8.341,0.352,2.622,0.001,3.778,-0.1,61,4.41,0.25,4.4,0.0,8.0,1.05,0.99,1.11,19.3,0.2,0.7,8,1462,0.198,15,-57,-44,2,0.0,0.0,-20,-18,-8,8.045,0.031,7.2,8.12,0.06,0.03,129.50249999999997,15.134722222222221,-45.28205,-27.208193,30.5,PM*,G0
HD 73393, ,8,40,42.1,+,55,40,3,162,37,8.007,0.423,2.59,0.0,3.744,-0.09,42,4.89,0.54,14.5,7.4,0.0,0.89,0.86,0.95,34.9,0.2,0.1,2,672,0.964,1,-265,-370,1,23.8,1.0,-77,-58,-15,8.032,0.025,4.84,8.83,0.29,0.12,130.17541666666665,55.6675,-31.900997,10.365264,25.27623,PM*,G3V
HD 73524, ,8,37,19.9,-,40,8,51,260,1,6.534,0.382,2.62,0.018,3.766,-0.02,27,4.34,0.53,7.0,3.8,10.0,1.03,0.98,1.09,-2.1,0.1,0.3,4,3698,0.402,4,-305,31,2,36.4,0.6,-26,7,-29,8.005,0.0,7.85,9.01,0.07,0.37,129.33291666666665,-40.1475,-4.6877856,-26.58576,0.47121495,PM*,G0Vp
HD 73526,*,8,37,16.4,-,41,19,8,261,0,8.972,0.451,0.0,0.0,3.738,0.1,94,4.1,1.32,10.3,8.3,12.6,1.03,0.96,1.08,26.1,0.3,0.3,2,768,0.43,1,-63,161,2,10.6,1.0,-78,-13,21,8.015,0.0,6.43,9.72,0.2,0.54,129.31833333333333,-41.31888888888889,-14.7048435,-92.8427,0.0,PM*,G6V
HD 73744, ,8,32,15.5,-,76,55,43,290,-21,7.591,0.386,2.599,0.014,3.757,-0.39,36,4.79,0.61,12.2,5.3,0.0,0.86,0.82,0.95,47.9,0.2,0.3,4,3061,0.326,3,-187,148,2,27.5,0.6,-24,-50,-30,7.988,-0.013,5.52,8.03,0.19,0.36,128.06458333333333,-76.92861111111111,11.494916,-31.58203,-12.901246,PM*,G5VFe-1.3CH-0.9
HD 73877, ,8,39,55.5,-,21,23,45,245,12,8.796,0.386,2.59,-0.002,3.76,-0.41,118,3.44,1.91,7.4,5.6,9.5,1.03,0.97,1.12,49.0,0.2,0.2,2,341,0.618,3,-42,-31,2,0.0,0.0,-23,-49,-17,8.049,0.025,5.6,8.09,0.18,0.16,129.98125,-21.395833333333332,-48.77919,-104.60733,24.53358,PM*,G3/5V
HD 73933, ,8,42,56.2,+,48,11,33,171,38,7.88,0.358,0.0,0.0,3.779,0.1,58,4.04,0.42,3.8,2.0,5.7,1.17,1.1,1.22,0.1,0.4,0.0,1,0,0.0,7,-51,-104,2,17.1,1.0,-13,-27,-11,8.045,0.036,6.74,8.05,0.09,0.06,130.73416666666665,48.192499999999995,-45.141926,7.1497774,35.708366,PM*,G0
HD 73955, ,8,41,4.3,-,2,0,45,228,23,8.48,0.399,2.603,0.02,3.768,0.02,78,3.95,0.84,6.6,3.9,8.6,1.09,1.03,1.16,85.1,0.2,0.3,4,845,0.637,3,-178,-24,1,12.9,1.2,-87,-59,-22,8.048,0.031,4.73,9.09,0.32,0.25,130.26791666666665,-2.0125,-48.04317,-53.357327,30.477028,PM*,G5V
HD 74156, ,8,42,25.1,+,4,34,41,222,27,7.615,0.375,2.626,0.022,3.781,0.09,65,3.47,0.95,3.2,2.7,3.7,1.29,1.21,1.35,3.7,0.3,0.6,4,1733,0.077,3,23,-202,1,15.5,1.1,29,-52,-19,8.043,0.029,5.31,8.35,0.22,0.18,130.6045833333333,4.578055555555555,-43.03955,-38.75298,29.509382,PM*,G1V
HD 74645, ,8,44,10.7,-,28,11,35,251,9,9.276,0.403,2.591,0.004,3.754,-0.12,76,4.88,0.36,9.1,0.0,16.1,0.93,0.86,1.0,53.9,0.3,0.4,2,339,0.242,3,-114,-15,2,13.2,1.3,-39,-49,-27,8.024,0.012,5.52,8.21,0.2,0.31,131.04458333333332,-28.193055555555556,-24.43855,-70.9747,11.88902,PM*,G3V
HD 74698, ,8,40,17.5,-,71,52,37,286,-18,7.772,0.418,2.596,0.021,3.76,0.1,50,4.18,0.74,7.4,4.6,10.3,1.1,1.02,1.14,38.2,0.1,0.2,5,2156,0.694,2,106,61,2,19.9,0.6,13,-43,17,7.987,-0.015,5.82,8.13,0.17,0.39,130.07291666666666,-71.87694444444443,13.107328,-45.710712,-15.4508505,PM*,G5V
HD 74777, ,8,47,59.8,+,50,16,38,169,39,8.492,0.405,2.625,0.044,3.781,0.27,68,4.15,0.12,2.2,0.0,5.1,1.18,1.14,1.23,-20.8,0.6,0.8,2,643,0.011,2,-12,-23,2,14.8,1.3,12,-10,-16,8.052,0.042,7.38,8.48,0.07,0.14,131.99916666666664,50.27722222222222,-51.875,10.083479,42.793785,*,G0
HD 74885, ,8,44,42.2,-,48,40,17,267,-4,8.19,0.462,0.0,0.0,3.724,-0.21,31,5.72,0.21,0.0,0.0,0.0,0.82,0.78,0.89,1.6,0.2,0.1,4,2197,0.971,3,-82,-117,2,32.1,0.8,6,-1,-20,8.001,-0.002,7.74,8.57,0.05,0.2,131.1758333333333,-48.671388888888885,-1.6184678,-30.882105,-2.1624506,PM*,G9V
HD 74935, ,8,45,32.5,-,39,45,8,260,2,8.242,0.379,2.619,0.019,3.766,-0.14,68,4.08,0.9,9.0,5.8,11.0,1.02,0.98,1.07,12.1,0.2,0.3,2,484,0.265,3,-101,33,2,14.7,0.8,-30,-8,-18,8.011,0.002,7.48,8.46,0.06,0.17,131.38541666666666,-39.75222222222222,-11.80088,-66.92614,2.3731656,PM*,G0/1V
HD 74957, ,8,44,24.0,-,57,46,8,275,-9,8.104,0.381,2.604,0.01,3.762,-0.26,51,4.55,0.63,10.3,6.2,14.8,0.94,0.87,1.0,-11.9,0.2,0.4,4,2166,0.228,4,61,75,2,19.5,0.7,-6,8,24,7.996,-0.008,7.97,8.98,0.06,0.58,131.09999999999997,-57.76888888888889,4.390218,-50.180424,-7.9781585,PM*,G2V
HD 75002, ,8,49,23.8,+,50,40,25,168,39,8.39,0.359,0.0,0.0,3.777,0.0,88,3.66,0.93,3.7,2.9,6.6,1.15,1.08,1.24,-16.0,0.4,0.0,1,0,0.0,3,-56,6,1,11.3,1.1,-2,1,-28,8.067,0.056,7.99,8.62,0.04,0.35,132.34916666666663,50.67361111111111,-66.89439,14.218836,55.380196,PM*,G0
HD 75302, ,8,49,12.5,+,3,29,5,224,28,7.456,0.429,2.592,0.0,3.742,-0.03,30,5.08,0.35,12.1,0.1,0.0,0.88,0.85,0.97,9.8,0.2,0.2,3,2234,0.628,2,-148,60,2,33.5,1.0,-23,2,-8,8.019,0.014,7.86,8.66,0.05,0.02,132.30208333333331,3.4847222222222225,-19.054178,-18.400408,14.084147,PM*,G5V
HD 75519, ,8,49,5.6,-,39,57,15,261,2,7.846,0.424,2.567,0.0,3.742,-0.21,36,5.06,0.51,0.0,7.8,0.0,0.86,0.83,0.91,21.9,0.2,0.1,4,2164,0.951,9,-119,131,2,27.7,0.7,-34,-16,0,8.006,0.002,7.07,8.35,0.08,0.1,132.2733333333333,-39.95416666666667,-5.6282115,-35.53512,1.2563819,PM*,G8V
HD 75576, ,8,53,59.3,+,62,35,1,153,38,8.273,0.361,2.617,0.001,3.777,-0.01,85,3.61,0.99,3.7,2.9,6.5,1.15,1.09,1.25,-12.2,0.2,0.2,2,1158,0.636,4,-113,-50,2,11.7,0.9,-27,-21,-39,8.06,0.052,7.05,8.23,0.08,0.56,133.49708333333334,62.58361111111111,-59.68043,30.408707,52.331226,PM*,G0
HD 75782, ,8,53,11.5,+,37,4,13,186,39,7.083,0.388,2.606,0.004,3.768,0.18,72,2.8,1.86,2.5,2.2,2.8,1.49,1.45,1.52,8.9,0.3,0.4,2,730,0.195,4,-100,-145,2,13.9,0.9,-27,-48,-25,8.055,0.046,5.64,8.12,0.18,0.28,133.29791666666665,37.07027777777778,-55.647987,-5.8488374,45.311066,PM*,G0
HD 75880, ,8,53,1.6,+,9,11,6,219,31,8.611,0.434,2.59,0.0,3.743,0.05,61,4.7,0.64,12.3,7.4,17.2,0.93,0.88,1.0,2.0,0.2,0.2,3,1894,0.797,2,120,-273,2,16.5,1.4,51,-69,-2,8.04,0.031,4.45,8.63,0.32,0.09,133.25666666666663,9.185,-40.634792,-32.905403,31.417322,PM*,G0
HD 75898, ,8,53,50.8,+,33,3,24,191,39,8.04,0.389,2.613,0.014,3.765,0.08,81,3.51,1.31,5.4,3.6,6.6,1.18,1.12,1.27,21.3,0.2,0.3,2,420,0.435,4,-96,-29,2,12.4,1.1,-39,-12,-16,8.062,0.051,7.19,8.61,0.09,0.15,133.46166666666664,33.056666666666665,-61.79228,-12.0112,50.974953,PM*,G0
HD 75933, ,8,54,30.1,+,40,7,59,182,40,7.62,0.398,0.0,0.0,3.755,-0.34,75,3.26,2.14,5.5,4.5,6.7,1.16,1.07,1.24,-36.0,0.2,0.2,3,1002,0.594,1,39,-160,1,13.4,0.9,36,-56,-16,8.057,0.048,5.08,8.46,0.25,0.14,133.62541666666664,40.13305555555556,-57.41833,-2.005086,48.20907,PM*,G5
HD 76025, ,8,54,18.7,+,22,12,40,204,36,7.829,0.396,2.608,0.017,3.76,-0.04,61,3.92,1.11,8.2,6.6,9.8,1.05,1.01,1.11,28.9,0.2,0.2,2,645,0.521,2,-117,-212,1,16.5,1.1,-29,-65,-24,8.044,0.036,4.84,8.11,0.25,0.26,133.57791666666668,22.211111111111112,-45.083504,-20.072462,35.8549,PM*,G5
HD 76028,*,8,52,46.1,-,26,56,50,251,11,9.012,0.417,0.0,0.0,3.748,0.01,58,5.2,0.06,0.0,0.0,12.2,0.94,0.87,1.0,9.8,0.3,0.0,1,0,0.0,3,-27,44,2,17.3,1.2,-16,-4,4,8.018,0.011,7.91,8.23,0.02,0.16,133.19208333333333,-26.947222222222223,-18.53602,-53.832508,11.066922,PM*,G5V
HD 76151, ,8,54,17.9,-,5,26,4,233,24,6.009,0.418,2.605,0.0,3.748,0.01,17,4.84,0.42,10.6,4.2,16.8,0.92,0.88,1.01,31.8,0.1,0.4,14,4911,0.3,3,-412,28,2,58.5,0.9,-40,-20,-11,8.009,0.007,6.81,8.44,0.11,0.06,133.57458333333332,-5.434444444444445,-9.346354,-12.403026,6.914523,PM*,G2V
HD 76218, ,8,55,55.6,+,36,11,46,187,40,7.71,0.473,0.0,0.0,3.72,-0.13,26,5.62,0.33,0.0,0.0,0.0,0.83,0.8,0.89,-13.2,0.2,0.1,2,648,0.683,3,-25,-13,2,38.2,1.0,8,0,-11,8.02,0.017,7.73,8.67,0.06,0.06,133.98166666666665,36.19611111111111,-19.768696,-2.4272883,16.712477,*,G5V
HD 76349, ,8,56,39.4,+,33,15,27,191,40,7.321,0.343,2.606,-0.002,3.778,-0.53,49,3.88,1.15,8.5,5.4,10.1,1.0,0.96,1.06,33.7,0.2,0.1,3,409,0.975,6,-1,-34,2,20.5,1.1,-25,-13,20,8.037,0.031,7.45,8.26,0.05,0.46,134.16416666666666,33.2575,-36.84653,-7.162239,31.496592,*,G0
HD 76440, ,8,54,2.8,-,51,35,3,271,-4,8.412,0.419,2.608,0.033,3.763,0.06,55,4.58,0.3,5.9,0.0,10.2,1.04,0.97,1.1,27.8,0.2,0.2,4,2194,0.609,4,178,-160,2,18.3,0.8,61,-29,7,8.0,-0.004,5.84,9.35,0.23,0.23,133.51166666666666,-51.58416666666667,0.9575393,-54.85767,-3.8366058,PM*,G5V
HD 76539, ,9,3,29.9,+,76,23,51,137,34,7.861,0.428,0.0,0.0,3.745,-0.1,53,4.23,1.19,12.3,10.5,14.1,0.95,0.93,0.99,14.6,0.3,0.0,1,0,0.0,2,-55,-193,2,18.8,0.8,-39,-31,16,8.032,0.03,6.35,8.32,0.13,0.37,135.87458333333333,76.39750000000001,-32.134945,29.966318,29.637224,PM*,G0
HD 76613, ,8,53,0.4,-,69,7,8,284,-15,9.623,0.41,2.568,0.0,3.746,-0.4,87,4.93,0.71,0.0,8.0,0.0,0.84,0.81,0.9,26.7,0.3,0.1,2,479,0.939,4,-119,41,2,11.5,1.0,-37,-28,-35,7.979,-0.023,6.48,8.26,0.12,0.46,133.25166666666667,-69.11888888888888,20.330044,-81.53933,-22.517258,PM*,G3V
HD 76700, ,8,53,55.5,-,66,48,3,282,-14,8.149,0.456,0.0,0.0,3.737,0.14,60,4.28,1.13,11.5,10.0,13.1,1.02,0.98,1.04,37.7,0.2,0.4,3,1071,0.156,2,-282,122,2,16.8,0.7,-70,-42,-49,7.988,-0.014,5.57,8.84,0.23,0.86,133.48125,-66.80083333333333,12.104136,-56.945545,-14.515314,PM*,G6V
HD 76752, ,8,58,49.8,+,25,24,17,201,38,7.482,0.412,2.583,-0.006,3.751,-0.01,40,4.47,0.74,11.0,7.3,14.7,0.97,0.91,1.02,-13.6,0.2,0.2,2,667,0.498,2,-57,-138,2,25.0,1.2,8,-21,-22,8.029,0.025,6.97,8.2,0.08,0.23,134.70749999999998,25.404722222222222,-29.426859,-11.295911,24.626461,PM*,G2V
HD 76765, ,8,59,7.6,+,31,54,57,193,40,7.961,0.412,2.601,0.039,3.766,-0.31,61,3.85,1.28,8.7,7.3,10.2,1.01,0.98,1.05,32.2,0.2,0.2,3,615,0.804,2,-50,-141,1,16.3,1.0,-29,-45,4,8.046,0.039,5.76,8.14,0.17,0.17,134.78166666666664,31.91583333333333,-45.531055,-10.511672,39.21004,PM*,G5
HD 76780, ,8,58,55.7,+,21,9,58,206,37,7.644,0.416,2.613,0.0,3.752,0.15,34,5.01,0.06,0.0,0.0,9.7,1.01,0.95,1.05,30.8,0.2,0.1,3,701,0.908,1,-77,-46,1,29.7,1.1,-28,-17,7,8.024,0.02,7.13,8.24,0.07,0.22,134.73208333333332,21.16611111111111,-24.405504,-11.903357,20.46171,PM*,G5
HD 76923, ,9,0,17.8,+,34,51,45,189,41,8.399,0.471,0.0,0.0,3.719,-0.25,35,5.68,0.38,0.0,0.0,0.0,0.81,0.77,0.86,28.6,0.2,0.4,3,1883,0.318,5,-132,-57,3,0.0,0.0,-35,-12,1,8.026,0.023,7.22,8.48,0.08,0.13,135.07416666666666,34.862500000000004,-26.089626,-4.132189,22.962067,PM*,G5
HD 76974, ,9,5,21.6,+,74,41,48,138,35,8.445,0.441,0.0,0.0,3.737,0.01,46,5.12,0.38,14.1,3.5,0.0,0.88,0.85,0.96,-40.7,0.2,0.1,2,643,0.68,3,138,-7,2,21.6,0.9,45,-24,0,8.028,0.026,6.26,9.0,0.18,0.12,136.34,74.69666666666667,-28.002434,25.21351,26.384518,PM*,G0
HD 77006, ,9,1,37.0,+,49,44,12,169,41,7.947,0.393,0.0,0.0,3.757,-0.15,43,4.77,0.42,9.7,3.0,15.4,0.93,0.87,1.01,3.8,0.2,0.2,3,2196,0.747,1,-85,-129,2,23.2,1.0,-17,-25,-9,8.032,0.028,6.84,8.06,0.08,0.04,135.40416666666667,49.736666666666665,-31.85627,6.192232,28.210539,PM*,G5
HD 77056, ,8,59,18.2,-,24,43,43,250,14,8.298,0.451,0.0,0.0,3.729,-0.2,38,5.4,0.43,0.0,0.0,0.0,0.84,0.8,0.9,18.2,0.2,0.4,8,3314,0.089,4,-78,-85,2,0.0,0.0,-5,-22,-15,8.012,0.009,6.98,8.02,0.07,0.12,134.82583333333332,-24.72861111111111,-12.610703,-34.647633,9.193032,PM*,G8V
HD 77110, ,8,59,17.8,-,35,18,37,259,7,8.86,0.399,2.574,0.0,3.749,-0.65,60,4.97,0.75,15.0,5.0,0.0,0.81,0.78,0.88,39.3,0.2,0.2,5,3253,0.745,1,166,-25,2,16.7,1.0,28,-42,36,8.012,0.007,5.84,8.4,0.18,0.87,134.82416666666663,-35.31027777777778,-11.363195,-58.45862,7.312161,PM*,G1V
HD 77248, ,9,1,58.5,+,17,19,36,211,36,8.681,0.428,2.595,0.0,3.743,-0.09,95,3.79,1.67,9.2,7.0,12.0,1.03,0.95,1.09,29.0,0.2,0.1,2,412,0.822,1,-50,1,1,10.5,1.3,-35,-11,0,8.066,0.057,7.31,8.55,0.08,0.13,135.49374999999998,17.326666666666668,-65.87898,-39.584072,55.8396,PM*,G5
HD 77278, ,9,1,47.5,+,6,29,51,223,32,8.029,0.486,0.0,0.0,3.718,0.07,31,5.57,0.29,0.0,0.0,0.0,0.86,0.83,0.94,-1.5,0.2,0.4,5,1499,0.315,2,132,-104,2,32.2,1.1,20,-12,8,8.019,0.016,7.12,8.6,0.09,0.23,135.44791666666666,6.4975000000000005,-19.22692,-17.929388,16.427498,PM*,G5
HD 77301, ,9,0,23.3,-,39,28,11,262,4,8.901,0.393,2.629,0.04,3.783,0.2,90,3.96,0.31,3.3,0.7,5.2,1.21,1.17,1.26,52.0,0.2,0.3,2,451,0.325,5,-97,67,2,11.1,1.0,-56,-45,-8,8.012,0.007,5.53,8.5,0.21,0.01,135.0970833333333,-39.469722222222224,-12.495082,-88.90703,6.2780824,PM*,G2/3V
HD 77386,*,9,0,0.1,-,53,11,21,272,-5,9.324,0.366,0.0,0.0,3.768,-0.32,88,4.6,0.49,8.0,0.0,12.9,0.95,0.88,1.02,-2.4,0.4,0.6,2,359,0.129,3,86,-65,4,0.0,0.0,44,3,9,7.996,-0.007,7.07,9.85,0.16,0.27,135.00041666666664,-53.189166666666665,3.0594528,-87.61173,-7.669705,PM*,G6/K0(IV)+(F)
HD 77407, ,9,3,27.0,+,37,50,27,185,42,7.056,0.388,2.606,0.003,3.761,-0.04,30,4.66,0.35,7.8,1.4,12.2,0.98,0.92,1.06,4.6,0.2,0.3,2,420,0.402,9,-80,-168,2,33.2,0.9,-10,-24,-7,8.022,0.02,6.91,8.02,0.07,0.02,135.8625,37.840833333333336,-22.209507,-1.9430816,20.07392,PM*,G0V
HD 77425, ,8,55,50.1,-,76,14,55,290,-19,8.197,0.396,2.574,0.0,3.755,-0.26,59,4.35,0.99,13.4,10.2,15.9,0.94,0.88,0.98,24.9,0.2,0.4,5,3283,0.338,3,-149,-59,2,17.0,0.7,-7,-13,-49,7.981,-0.02,7.66,7.99,0.02,0.78,133.95874999999998,-76.24861111111112,19.079792,-52.42131,-19.20852,PM*,G2V
HD 77486, ,9,1,32.7,-,38,4,55,261,5,8.494,0.393,2.608,0.021,3.771,-0.05,83,3.82,0.96,6.6,4.2,8.3,1.1,1.05,1.16,23.0,0.3,0.6,3,1450,0.018,3,-147,177,2,12.1,0.9,-93,-8,4,8.013,0.008,6.29,10.36,0.24,0.2,135.38625,-38.081944444444446,-12.934655,-81.666176,7.2339263,PM*,G2/3V
HD 77803, ,9,4,57.5,+,11,34,20,218,35,8.611,0.392,2.605,0.013,3.759,-0.13,67,4.49,0.64,9.9,5.7,13.9,0.97,0.91,1.03,2.2,0.2,0.1,2,412,0.812,2,26,-32,1,15.0,1.2,8,-10,4,8.043,0.038,7.48,8.36,0.06,0.17,136.23958333333331,11.572222222222223,-43.248547,-33.78946,38.429623,*,G5
HD 77902, ,9,3,51.2,-,41,33,19,264,4,7.835,0.416,2.591,0.01,3.748,-0.28,122,2.4,3.1,2.3,1.9,2.8,1.36,1.33,1.41,17.9,0.1,0.1,5,3252,0.935,4,-20,-8,1,8.2,0.7,-7,-18,-10,8.013,0.007,7.23,8.02,0.05,0.05,135.96333333333334,-41.555277777777775,-12.721393,-121.036125,8.510289,*,G2V
HD 78130, ,9,5,57.5,-,21,31,57,249,17,8.658,0.414,2.599,0.0,3.751,0.1,61,4.75,0.38,8.5,2.1,13.3,1.0,0.92,1.07,15.9,0.4,0.5,2,449,0.113,4,-56,-19,2,16.5,1.1,-13,-16,-10,8.021,0.018,7.34,8.03,0.04,0.05,136.48958333333334,-21.5325,-20.905237,-54.46003,17.834673,PM*,G3V
HD 78135, ,9,4,29.8,-,52,30,47,272,-4,7.441,0.364,2.613,0.005,3.773,-0.17,58,3.62,1.22,6.3,4.6,8.1,1.09,1.03,1.16,16.1,0.1,0.3,6,1710,0.631,6,56,-148,2,0.0,0.0,41,-14,-17,7.998,-0.004,6.65,9.1,0.16,0.15,136.12416666666664,-52.51305555555555,2.0192292,-57.82347,-4.045875,PM*,G6/K0III+F
HD 78143, ,9,6,29.8,-,2,35,58,232,28,7.338,0.401,2.59,-0.008,3.758,-0.03,78,2.87,2.2,3.5,2.9,4.1,1.31,1.26,1.38,6.7,0.2,0.3,5,1101,0.263,3,31,42,2,12.8,1.1,-4,6,19,8.042,0.037,8.01,8.91,0.05,0.46,136.62416666666664,-2.5994444444444444,-42.400555,-54.27023,36.618782,PM*,G3V
HD 78157, ,9,6,32.0,-,7,15,16,237,26,8.618,0.355,2.618,0.008,3.776,-0.28,96,3.7,1.17,6.7,5.0,8.7,1.06,0.99,1.12,28.5,0.3,0.2,2,1112,0.609,7,0,-15,2,10.4,1.3,-10,-26,9,8.048,0.042,6.84,8.05,0.08,0.25,136.6333333333333,-7.254444444444444,-46.993763,-72.36404,42.08363,*,G0/1V
HD 78181, ,9,6,9.3,-,20,6,30,248,18,8.664,0.383,2.61,0.017,3.763,-0.21,82,4.09,1.02,9.2,6.5,12.1,1.0,0.95,1.05,9.8,0.2,0.2,2,449,0.554,4,-133,-32,2,0.0,0.0,-30,-14,-43,8.03,0.025,7.32,8.37,0.07,0.65,136.53875,-20.108333333333334,-29.214323,-72.30794,25.339394,PM*,G3/5V
HD 78286,*,9,6,9.9,-,37,9,9,261,7,8.59,0.42,0.0,0.0,3.75,0.11,74,4.26,0.88,9.8,7.2,12.0,1.03,0.98,1.11,0.5,0.2,0.1,2,361,0.944,2,-5,-33,2,13.6,0.9,7,-3,-9,8.011,0.009,7.69,8.53,0.05,0.02,136.54125,-37.152499999999996,-11.489867,-72.54414,9.018332,*,G5V
HD 78317, ,9,7,33.1,+,0,3,47,230,30,8.162,0.388,2.611,0.009,3.762,-0.02,49,4.73,0.24,5.8,0.0,11.4,1.0,0.93,1.07,-10.3,0.2,0.1,2,368,0.8,2,-94,26,1,20.6,1.1,-12,12,-18,8.027,0.024,8.02,9.16,0.07,0.18,136.88791666666665,0.06305555555555556,-27.276846,-32.50729,24.5,PM*,G3V
HD 78350, ,9,6,49.4,-,29,17,32,255,12,8.37,0.363,2.623,0.006,3.777,0.04,120,2.97,1.59,2.7,2.3,3.4,1.36,1.27,1.47,26.4,0.2,0.1,2,353,0.739,7,-32,-23,2,8.3,1.0,-10,-29,-16,8.03,0.025,6.65,8.03,0.09,0.13,136.70583333333332,-29.292222222222225,-30.379581,-113.37817,24.949404,*,G0V
HD 78351, ,9,6,43.8,-,33,34,6,258,9,8.403,0.469,0.0,0.0,3.722,-0.17,39,5.46,0.48,0.0,8.4,0.0,0.84,0.81,0.88,-3.1,0.1,0.2,5,3252,0.663,2,53,-32,2,25.8,0.9,11,1,3,8.008,0.006,7.68,8.81,0.07,0.16,136.68249999999998,-33.568333333333335,-8.008735,-37.678097,6.1009445,PM*,G9Vk:
HD 78366, ,9,8,51.0,+,33,52,55,191,42,5.946,0.378,2.604,-0.004,3.766,-0.01,19,4.53,0.33,6.5,1.1,10.4,1.02,0.96,1.09,26.0,0.1,0.3,22,5576,0.65,4,-192,-117,2,52.2,0.9,-30,-14,4,8.014,0.013,7.24,8.31,0.07,0.16,137.21249999999998,33.88194444444444,-13.860332,-2.6941748,12.713482,PM*,G0IV-V
HD 78372,*,9,6,32.2,-,40,0,2,263,5,9.492,0.422,0.0,0.0,3.746,0.01,89,4.74,0.57,11.8,5.8,16.9,0.93,0.88,1.0,19.9,0.3,0.5,2,359,0.199,2,2,-44,2,11.2,1.1,12,-22,-10,8.011,0.008,6.81,8.24,0.09,0.04,136.63416666666666,-40.00055555555556,-10.8051195,-88.000465,7.7568607,*,G8IV/V
HD 78429, ,9,6,38.8,-,43,29,31,266,3,7.303,0.42,2.589,0.0,3.747,-0.02,38,4.43,0.88,13.4,9.1,15.6,0.95,0.91,1.01,64.5,0.1,0.2,5,3252,0.709,3,50,181,1,26.6,0.7,-23,-61,32,8.003,0.002,5.09,8.04,0.22,0.75,136.66166666666663,-43.49194444444444,-2.6471157,-37.85548,1.9887664,PM*,G2V
HD 78538, ,9,8,46.9,-,5,6,57,235,27,8.164,0.407,2.595,0.009,3.751,-0.12,43,4.99,0.32,0.0,0.0,0.0,0.9,0.85,1.0,4.7,0.2,0.2,5,1800,0.852,5,-53,71,1,23.2,1.1,-18,7,1,8.022,0.02,7.98,8.86,0.05,0.13,137.19541666666663,-5.115833333333333,-21.975592,-31.384405,19.521591,PM*,G5/6
HD 78557, ,9,8,40.1,-,9,23,2,239,25,8.082,0.417,2.585,0.009,3.747,-0.23,80,3.57,1.92,7.7,5.9,9.4,1.05,1.01,1.15,28.4,0.1,0.3,5,1800,0.587,2,-83,46,1,12.5,1.1,-45,-10,-2,8.037,0.034,7.11,8.78,0.11,0.09,137.1670833333333,-9.383888888888889,-37.34266,-62.148582,33.809464,PM*,G5V
HD 78558, ,9,8,25.2,-,15,8,41,244,21,7.296,0.394,2.584,0.007,3.754,-0.4,37,4.48,0.99,13.7,10.1,0.0,0.86,0.84,0.92,66.5,0.2,0.4,5,2096,0.208,3,-532,-199,2,27.3,0.9,-69,-74,-63,8.015,0.013,4.42,8.59,0.32,1.29,137.10499999999996,-15.14472222222222,-15.142417,-31.046572,13.259614,PM*,G0.5V
HD 78660, ,9,9,53.8,+,14,27,24,215,37,8.345,0.409,2.581,-0.008,3.751,-0.04,50,4.84,0.4,9.9,2.3,16.1,0.93,0.87,1.01,-12.2,0.3,0.5,3,1385,0.099,2,-183,26,1,19.9,1.1,-24,11,-37,8.033,0.03,7.94,9.34,0.08,0.56,137.47416666666663,14.456666666666665,-32.710197,-22.903925,30.09075,PM*,G5
HD 78663, ,9,9,30.1,-,0,23,54,231,30,8.613,0.465,0.0,0.0,3.719,-0.45,39,5.68,0.51,0.0,0.0,0.0,0.78,0.76,0.84,5.0,0.2,0.2,5,4048,0.873,2,7,-179,1,25.9,1.2,14,-28,-11,8.021,0.019,6.53,8.24,0.12,0.06,137.37541666666664,-0.3983333333333334,-21.25529,-26.248098,19.5,PM*,G8V
HD 78670, ,9,9,5.8,-,16,45,31,245,21,7.972,0.368,2.605,-0.008,3.771,-0.29,103,2.91,2.09,4.0,3.2,5.0,1.2,1.13,1.36,69.3,0.2,0.5,5,702,0.043,5,-112,-12,2,9.7,1.0,-61,-61,-18,8.04,0.036,4.84,8.51,0.27,0.18,137.27416666666667,-16.75861111111111,-40.63845,-87.14946,36.9119,PM*,G0/1V
HD 78747, ,9,7,56.5,-,50,28,56,271,-2,7.716,0.38,2.584,0.008,3.757,-0.7,40,4.72,0.87,13.5,7.0,0.0,0.82,0.79,0.89,-1.1,0.2,0.4,4,399,0.137,2,-65,-132,1,25.2,0.7,10,2,-26,7.999,-0.001,7.71,8.81,0.07,0.29,136.98541666666665,-50.48222222222223,0.6976674,-39.969543,-1.3959799,PM*,G5VFe-1.6CH-1
HD 78752, ,9,9,1.7,-,28,57,24,255,13,7.85,0.374,2.605,-0.001,3.772,-0.02,83,3.25,1.48,4.6,3.0,5.4,1.22,1.16,1.33,71.4,0.2,0.1,2,354,0.695,8,-90,58,2,12.0,0.9,-59,-58,5,8.021,0.018,4.97,8.47,0.26,0.2,137.25708333333333,-28.956666666666667,-20.931395,-78.11705,18.670937,PM*,G0V
HD 78796, ,9,9,27.3,-,23,31,14,251,16,8.848,0.412,2.579,0.0,3.748,-0.09,65,4.78,0.57,12.3,4.9,0.0,0.91,0.86,0.98,-4.3,0.2,0.3,2,449,0.341,5,15,-55,3,0.0,0.0,16,-4,-8,8.02,0.018,7.48,8.74,0.08,0.02,137.36374999999998,-23.520555555555553,-20.342154,-59.0779,17.916428,PM*,G5V
HD 79282, ,9,14,14.5,+,33,49,0,191,43,8.314,0.406,2.602,0.018,3.752,-0.13,57,4.54,0.75,12.3,7.9,16.3,0.93,0.88,0.99,3.8,0.2,0.1,2,657,0.84,3,14,-72,2,17.6,1.1,2,-20,4,8.041,0.039,7.1,8.13,0.07,0.17,138.56041666666664,33.81666666666667,-40.92125,-7.954283,38.873905,PM*,G5
HD 79375, ,9,13,47.0,+,4,25,15,227,33,8.858,0.461,0.0,0.0,3.725,-0.16,47,5.5,0.38,0.0,0.0,0.0,0.84,0.8,0.89,-16.2,0.5,0.7,2,368,0.024,2,133,-82,2,0.0,0.0,38,-5,5,8.027,0.026,7.02,9.35,0.14,0.2,138.4458333333333,4.420833333333333,-26.88268,-28.828146,25.598036,PM*,G8V
HD 79601, ,9,13,44.6,-,42,18,37,266,4,8.016,0.382,2.592,0.018,3.757,-0.75,53,4.38,1.24,14.1,10.3,0.0,0.83,0.8,0.88,39.2,0.1,0.2,8,3253,0.945,3,-159,-56,1,18.7,0.8,-21,-41,-36,8.004,0.004,6.02,8.03,0.14,0.48,138.43583333333333,-42.31027777777778,-3.6880906,-52.742104,3.697093,PM*,G2V
HD 79726, ,9,16,7.6,+,14,7,33,216,38,8.36,0.404,2.578,0.0,3.751,-0.2,48,4.95,0.42,11.8,1.7,0.0,0.88,0.84,0.97,-43.5,0.2,0.1,2,1100,0.748,2,25,-253,1,20.8,1.2,51,-31,-41,8.03,0.03,5.96,9.09,0.21,0.65,139.03166666666667,14.125833333333334,-30.600681,-22.232689,29.551752,PM*,G0
HD 80327, ,9,19,49.5,+,24,24,59,204,43,7.911,0.334,2.625,0.001,3.788,-0.24,100,2.91,1.65,2.9,2.3,4.6,1.32,1.16,1.41,-33.8,0.3,0.2,2,1080,0.685,7,59,-73,2,10.0,1.0,50,-22,-10,8.067,0.068,6.26,9.24,0.19,0.08,139.95624999999998,24.41638888888889,-66.812485,-29.746826,68.19983,PM*,G0
HD 80355, ,9,21,3.0,+,51,18,21,167,44,7.818,0.445,2.577,0.0,3.73,-0.27,30,5.44,0.42,0.0,4.3,0.0,0.82,0.8,0.88,-7.2,0.1,0.4,15,6933,0.12,3,-37,141,2,33.5,1.0,3,18,-11,8.021,0.021,7.96,9.71,0.1,0.07,140.26249999999996,51.30583333333333,-21.027096,4.8544884,20.839752,PM*,G7V
HD 80408, ,9,20,34.7,+,33,45,37,191,45,8.731,0.476,0.0,0.0,3.717,-0.26,39,5.76,0.34,0.0,0.0,0.0,0.8,0.77,0.86,0.2,0.3,0.1,2,669,0.892,2,8,-81,3,25.4,1.1,3,-15,0,8.028,0.028,7.33,8.16,0.05,0.11,140.14458333333332,33.76027777777778,-27.070494,-5.2619696,27.577164,PM*,G5
HD 80443, ,9,20,42.9,+,34,10,39,191,45,8.726,0.322,2.634,0.022,3.802,-0.58,107,3.48,1.05,3.4,2.5,5.3,1.11,1.05,1.18,-17.8,0.3,0.4,3,64,0.51,4,9,-15,2,5.5,1.1,17,-5,-10,8.075,0.075,7.47,8.76,0.08,0.09,140.17874999999998,34.177499999999995,-74.270325,-14.4366865,75.66042,*,G5
HD 80446, ,9,19,39.4,-,4,32,29,236,30,9.165,0.393,2.599,0.012,3.757,-0.24,94,4.3,0.97,11.4,8.0,14.9,0.95,0.87,1.01,4.8,0.2,0.2,2,327,0.637,4,-33,-71,2,0.0,0.0,4,-26,-23,8.045,0.047,6.76,8.13,0.09,0.25,139.91416666666663,-4.541388888888889,-45.521873,-67.48896,47.0,PM*,G3V
HD 80536, ,9,21,10.6,+,25,9,47,203,43,7.264,0.394,2.615,0.02,3.772,0.17,51,3.64,0.93,3.6,3.0,5.9,1.27,1.21,1.31,-38.5,0.2,0.2,3,1143,0.601,2,57,-144,1,19.6,1.0,43,-22,-23,8.034,0.035,6.37,9.02,0.17,0.26,140.29416666666665,25.163055555555555,-34.333946,-14.573894,34.781914,PM*,G0
HD 80699, ,9,21,47.1,+,18,44,46,211,41,7.691,0.373,2.622,0.02,3.78,-0.02,67,3.49,1.05,3.5,2.8,5.8,1.2,1.12,1.29,43.2,0.3,0.1,2,1086,0.954,1,-65,-109,1,15.0,1.1,-32,-49,5,8.043,0.044,5.55,8.15,0.19,0.19,140.44624999999996,18.746111111111112,-43.343136,-26.043175,43.955956,PM*,G0
HD 80846, ,9,22,17.7,+,6,17,51,226,36,8.512,0.36,2.643,0.033,3.792,0.05,70,4.13,0.06,1.1,0.0,4.2,1.17,1.11,1.22,34.7,0.3,0.2,2,335,0.723,9,-134,5,2,14.2,1.1,-52,-20,-10,8.04,0.042,6.63,8.76,0.14,0.06,140.57375,6.2975,-39.33933,-40.737072,41.144966,PM*,G0
HD 80869, ,9,23,9.8,+,33,54,19,191,45,8.485,0.429,2.597,0.033,3.761,0.13,93,3.51,1.36,5.4,4.3,6.7,1.19,1.12,1.28,-18.7,0.2,0.4,3,816,0.262,3,68,-118,3,10.8,1.1,40,-48,4,8.064,0.066,5.41,8.61,0.23,0.19,140.7908333333333,33.905277777777776,-64.55272,-12.547774,65.76093,PM*,G5
HD 80870, ,9,23,10.4,+,32,55,15,192,45,7.7,0.383,2.593,0.004,3.761,-0.29,45,4.42,0.81,11.8,7.1,15.3,0.94,0.87,1.0,-14.3,0.2,0.2,2,670,0.54,3,159,-22,2,22.1,1.0,35,-1,13,8.031,0.032,7.18,9.41,0.13,0.36,140.7933333333333,32.920833333333334,-31.124464,-6.6157126,31.819805,PM*,G5
HD 80914, ,9,24,56.2,+,59,59,35,155,42,8.504,0.341,0.0,0.0,3.79,0.12,93,3.65,0.52,2.8,1.9,3.6,1.26,1.2,1.32,2.0,0.2,0.2,2,754,0.481,2,-16,-23,3,10.7,1.1,-8,-9,-1,8.063,0.063,7.81,8.07,0.02,0.11,141.23416666666665,59.99305555555556,-62.63716,29.208195,62.22915,*,G0
HD 81040, ,9,23,47.0,+,20,21,52,209,42,7.735,0.407,2.596,0.005,3.75,-0.13,33,5.17,0.17,0.0,0.0,15.0,0.92,0.84,0.99,48.9,0.2,0.3,2,338,0.45,2,-152,36,1,30.7,1.2,-50,-13,18,8.021,0.022,6.92,8.85,0.12,0.43,140.9458333333333,20.364444444444445,-21.448978,-11.889365,22.08131,PM*,G0V
HD 81110, ,9,22,59.6,-,27,10,20,256,16,8.296,0.434,2.595,0.0,3.744,0.17,47,4.95,0.28,8.4,0.0,15.0,1.0,0.92,1.05,29.6,0.1,0.2,5,2872,0.769,4,-80,98,2,21.4,1.0,-34,-20,10,8.011,0.013,6.9,8.31,0.09,0.27,140.74833333333333,-27.172222222222224,-10.929863,-43.83728,12.954956,PM*,G3V
HD 81171,*,9,22,49.9,-,40,45,54,266,7,8.808,0.431,0.0,0.0,3.736,-0.4,47,5.43,0.4,0.0,0.0,0.0,0.81,0.78,0.89,24.8,0.3,0.4,2,359,0.209,3,73,-62,2,21.1,1.0,19,-26,5,8.003,0.005,6.54,8.33,0.12,0.19,140.70791666666668,-40.765,-3.2541194,-46.536034,5.7278595,PM*,G8V
HD 81528, ,9,25,23.2,-,27,31,38,257,16,9.191,0.357,2.631,0.01,3.778,-0.01,106,4.06,0.52,4.3,2.2,7.0,1.1,1.04,1.17,5.6,0.5,0.7,2,377,0.03,3,-1,-11,2,8.5,1.2,2,-7,-2,8.024,0.03,7.67,8.26,0.04,0.08,141.34666666666664,-27.52722222222222,-22.921116,-99.28221,29.21756,*,G0V
HD 81563, ,9,26,49.4,+,14,55,40,217,41,8.281,0.319,2.645,0.002,3.796,-0.07,75,3.92,0.3,3.0,0.0,4.5,1.17,1.11,1.23,10.5,0.3,0.2,2,1467,0.614,10,23,-94,1,13.4,1.1,11,-34,3,8.045,0.049,6.3,8.18,0.13,0.16,141.70583333333332,14.927777777777777,-45.205345,-34.064667,49.204426,PM*,G0
HD 81659, ,9,26,42.8,-,14,29,26,246,25,7.925,0.431,2.592,0.0,3.744,0.13,40,4.92,0.34,9.4,1.9,15.8,0.98,0.9,1.05,-17.0,0.1,0.2,5,2607,0.699,2,37,-130,2,25.1,1.0,26,0,-17,8.014,0.017,7.37,9.16,0.11,0.15,141.6783333333333,-14.490555555555554,-14.745144,-33.118134,16.904732,PM*,G6/8V
HD 81700, ,9,24,22.9,-,63,43,6,282,-9,8.515,0.408,2.608,0.021,3.764,0.1,55,4.71,0.12,2.5,0.0,8.6,1.05,0.98,1.1,25.6,0.2,0.2,2,447,0.477,3,82,-75,2,18.1,0.7,33,-19,-3,7.988,-0.009,6.58,8.75,0.14,0.07,141.09541666666667,-63.718333333333334,11.294346,-53.135777,-8.603896,PM*,G2V
HD 81856, ,9,28,26.8,+,12,40,29,219,41,7.71,0.393,2.609,0.008,3.766,0.21,88,2.99,1.69,3.4,2.5,5.7,1.46,1.41,1.5,16.8,0.2,0.1,2,368,0.77,3,-111,-127,2,11.4,1.0,-24,-56,-38,8.052,0.057,5.3,8.09,0.21,0.54,142.11166666666665,12.674722222222222,-51.61372,-41.795963,57.733192,PM*,G0
HD 82127, ,9,30,29.0,+,14,55,0,217,42,9.077,0.339,2.627,0.007,3.783,-0.29,95,4.19,0.53,5.4,1.9,8.2,1.03,0.97,1.1,-13.2,0.5,0.7,2,111,0.126,4,7,-7,2,0.0,0.0,11,3,-8,8.057,0.063,7.77,8.96,0.07,0.07,142.6208333333333,14.916666666666666,-56.382675,-42.48739,63.56741,*,G
HD 82128, ,9,30,23.7,+,12,56,22,219,41,8.158,0.387,2.599,-0.003,3.761,-0.04,57,4.38,0.63,8.3,4.3,11.7,1.01,0.95,1.07,18.2,0.2,0.3,3,785,0.6,5,-91,-52,2,0.0,0.0,-23,-22,-9,8.033,0.037,6.94,8.13,0.08,0.05,142.59875,12.939444444444444,-33.431614,-27.072386,37.395363,PM*,G0
HD 82246, ,9,32,14.4,+,43,44,18,177,47,7.67,0.345,0.0,0.0,3.783,-0.11,56,3.92,0.64,4.2,2.8,6.7,1.11,1.05,1.18,6.7,0.4,0.0,1,0,0.0,6,-60,-131,1,17.8,1.1,-16,-36,-4,8.038,0.041,6.29,8.05,0.12,0.07,143.05999999999997,43.73833333333334,-38.139565,1.9988136,40.955807,PM*,G0
HD 82266, ,9,31,15.8,+,10,16,41,223,40,8.576,0.427,2.597,0.0,3.745,0.01,61,4.65,0.68,12.0,7.0,16.6,0.93,0.88,1.0,-34.9,0.2,0.2,2,368,0.649,2,117,-27,2,0.0,0.0,47,13,-2,8.034,0.039,7.23,10.49,0.18,0.1,142.81583333333333,10.278055555555556,-34.175217,-31.868898,39.21004,PM*,G0
HD 82410, ,9,32,4.8,+,11,1,27,222,41,8.61,0.393,2.612,0.011,3.764,0.18,106,3.48,1.28,5.2,3.1,6.5,1.21,1.13,1.32,27.3,0.3,0.4,2,372,0.223,3,-132,-45,1,0.0,0.0,-55,-37,-35,8.06,0.069,5.95,8.62,0.18,0.5,143.01999999999998,11.024166666666668,-59.451004,-53.52992,69.54226,PM*,G0
HD 82561, ,9,31,59.3,-,28,13,35,258,17,8.428,0.436,2.579,0.0,3.737,-0.15,44,5.21,0.42,17.0,4.1,0.0,0.86,0.83,0.92,-0.6,0.2,0.3,5,2872,0.316,1,-39,-175,2,22.7,0.9,18,-13,-30,8.009,0.013,7.15,8.53,0.09,0.38,142.9970833333333,-28.226388888888888,-8.748394,-41.157913,12.864354,PM*,G5V
HD 82733, ,9,35,8.5,+,43,40,23,177,47,8.87,0.424,0.0,0.0,3.737,-0.44,47,5.52,0.32,0.0,0.0,0.0,0.81,0.77,0.88,-4.3,0.3,0.1,2,668,0.733,1,32,13,1,21.4,1.4,8,3,1,8.032,0.034,7.8,8.85,0.06,0.14,143.78541666666666,43.67305555555555,-32.00999,1.6775757,34.373623,*,G5
HD 82840, ,9,34,52.7,+,9,40,37,224,41,8.571,0.404,2.591,0.005,3.753,-0.24,94,3.7,1.66,8.7,6.8,11.2,1.02,0.98,1.07,2.7,0.2,0.1,3,1061,0.895,3,-126,-59,2,10.6,1.3,-33,-27,-45,8.052,0.061,6.69,8.26,0.11,0.73,143.71958333333333,9.676944444444445,-51.03191,-49.280945,61.669548,PM*,G0
HD 82939, ,9,36,4.2,+,37,33,10,186,48,8.252,0.452,2.578,0.0,3.733,0.07,38,5.35,0.19,0.0,0.0,0.0,0.9,0.85,0.98,-0.6,0.3,0.5,3,2198,0.123,2,-99,-91,2,26.3,1.1,-11,-17,-12,8.025,0.028,7.28,8.03,0.05,0.08,144.01749999999998,37.55277777777778,-25.28767,-2.6578405,28.239506,PM*,G5V
HD 82960, ,9,34,41.7,-,21,6,3,253,22,8.529,0.395,2.587,0.0,3.756,-0.17,77,4.1,1.14,10.2,7.6,13.1,0.99,0.92,1.05,46.0,0.2,0.2,2,327,0.444,2,68,-139,2,0.0,0.0,37,-62,2,8.021,0.029,4.8,8.41,0.27,0.15,143.67374999999998,-21.100833333333334,-20.873356,-68.27361,28.844707,PM*,G3V
HD 83147, ,9,36,33.7,+,7,7,21,227,40,8.149,0.362,2.627,0.012,3.773,-0.13,57,4.38,0.43,6.3,2.2,9.5,1.02,0.97,1.09,-25.8,0.2,0.6,7,1463,0.053,4,-67,-51,2,17.6,1.0,6,2,-34,8.03,0.036,7.83,8.79,0.06,0.46,144.14041666666665,7.1225,-29.77914,-31.934217,36.638893,PM*,G0
HD 83260, ,9,36,31.1,-,24,13,47,256,20,8.806,0.405,2.608,0.03,3.769,0.02,87,3.98,0.79,6.2,3.4,8.4,1.09,1.02,1.15,-16.9,0.2,0.1,2,367,0.861,1,29,-60,2,7.3,1.0,28,6,-14,8.02,0.03,7.44,9.51,0.12,0.12,144.1295833333333,-24.22972222222222,-19.777906,-79.32484,29.75575,PM*,G5/8III(w)F(7)
HD 83273, ,9,37,49.8,+,24,40,13,205,47,6.616,0.358,2.631,0.016,3.78,-0.05,69,2.42,2.15,2.1,1.9,2.3,1.54,1.47,1.6,31.8,0.6,0.0,1,0,0.0,17,-100,-17,1,14.5,0.9,-43,-17,1,8.043,0.05,6.92,8.59,0.11,0.13,144.45749999999998,24.67027777777778,-42.648926,-19.887522,50.463406,PM*,G0III
HD 83290, ,9,37,25.2,+,1,52,51,233,37,8.388,0.391,2.595,0.0,3.762,0.05,76,3.97,0.94,7.2,5.2,9.2,1.09,1.02,1.15,-7.7,0.3,0.4,2,798,0.329,4,-93,44,2,13.1,1.2,-29,15,-20,8.037,0.046,7.9,9.57,0.1,0.22,144.355,1.8808333333333334,-36.527954,-48.474216,45.737938,PM*,G2V
HD 83365,*,9,37,3.1,-,31,53,23,262,15,8.53,0.39,0.0,0.0,3.761,-0.1,62,4.58,0.48,8.7,3.7,12.9,0.97,0.92,1.04,26.6,0.2,0.2,2,361,0.505,3,-22,13,2,16.2,1.1,-11,-24,6,8.009,0.016,6.88,8.01,0.08,0.19,144.26291666666665,-31.889722222222222,-8.334724,-59.30458,16.046782,*,G3V
HD 83616, ,9,41,26.6,+,52,6,47,164,47,8.375,0.382,0.0,0.0,3.769,-0.01,102,3.33,1.46,4.9,3.3,6.1,1.19,1.12,1.28,-23.6,0.4,0.0,1,0,0.0,5,40,-41,1,9.8,1.0,29,-22,-1,8.067,0.074,6.63,8.67,0.13,0.13,145.36083333333332,52.113055555555555,-66.86904,19.174389,74.598076,PM*,G0
HD 84209, ,9,43,43.7,+,7,57,10,227,42,7.973,0.438,2.588,0.0,3.737,-0.23,71,3.7,1.99,8.4,6.8,10.1,1.04,0.98,1.09,-34.1,0.3,0.4,2,372,0.212,1,50,-67,2,14.0,1.0,40,1,-20,8.036,0.048,7.14,9.66,0.15,0.22,145.9320833333333,7.952777777777778,-35.984474,-38.588623,47.508274,PM*,G0
HD 84266, ,9,44,35.4,+,19,0,9,213,47,8.732,0.385,2.638,0.046,3.792,0.27,115,3.23,0.8,2.5,1.5,3.6,1.35,1.29,1.42,-0.5,0.2,0.2,3,1058,0.737,5,-17,-25,1,8.7,1.1,-2,-13,-10,8.066,0.083,7.51,8.13,0.04,0.09,146.14749999999995,19.0025,-65.77678,-42.715927,84.105675,*,G
HD 84273, ,9,43,20.2,-,29,48,14,261,17,8.42,0.412,2.58,0.008,3.745,-0.29,45,5.15,0.43,13.6,0.1,0.0,0.85,0.81,0.92,11.0,0.2,0.3,5,2932,0.373,5,-95,35,2,22.2,1.0,-22,-10,-5,8.007,0.014,7.57,8.19,0.04,0.04,145.83416666666665,-29.80388888888889,-6.731958,-42.503895,13.156726,PM*,G5V
HD 84295,*,9,40,49.0,-,69,37,12,288,-13,9.314,0.439,0.0,0.0,3.735,-0.14,65,5.24,0.42,0.0,3.4,0.0,0.86,0.83,0.92,22.3,0.3,0.1,2,363,0.848,3,-10,-33,2,15.3,0.9,10,-18,-14,7.981,-0.014,7.03,8.22,0.08,0.1,145.20416666666662,-69.61999999999999,19.571306,-60.23426,-14.621818,*,G6/8V
HD 84312, ,9,43,50.7,-,22,46,39,256,23,8.476,0.398,2.607,0.016,3.76,0.0,103,3.41,1.59,5.7,4.2,7.4,1.14,1.08,1.24,3.0,0.2,0.1,2,413,0.78,4,-4,-56,2,0.0,0.0,14,-15,-18,8.023,0.04,7.1,8.4,0.08,0.17,145.96124999999998,-22.7775,-22.937103,-91.99568,40.245304,PM*,G2V
HD 84326, ,9,42,49.2,-,52,2,14,276,1,9.283,0.365,2.607,0.013,3.768,-0.46,90,4.51,0.69,8.8,3.8,13.6,0.93,0.85,1.0,-4.0,0.2,0.4,3,4016,0.294,4,-127,87,2,11.1,0.9,-65,-3,-7,7.99,0.001,6.89,9.59,0.16,0.0,145.70499999999998,-52.03722222222222,9.40612,-89.49335,1.5707165,PM*,G2/5(III)+F
HD 84353, ,9,44,1.3,-,30,18,55,262,17,8.472,0.384,2.645,0.055,3.8,0.36,122,2.8,1.04,1.6,1.2,2.0,1.48,1.4,1.57,-10.5,0.2,0.5,4,1032,0.272,15,1,0,2,6.3,1.1,2,10,-3,8.017,0.036,7.94,9.11,0.07,0.08,146.00541666666663,-30.31527777777778,-16.237228,-115.53375,35.669346,*,G1V
HD 84603, ,9,43,6.4,-,69,21,2,288,-12,8.703,0.45,0.0,0.0,3.734,-0.03,59,4.84,0.76,0.0,12.6,0.0,0.89,0.87,0.92,38.5,0.1,0.3,5,2126,0.563,2,259,-165,2,16.9,0.8,93,-14,6,7.983,-0.013,5.81,10.9,0.3,0.22,145.77666666666664,-69.35055555555554,17.833597,-54.886143,-12.26679,PM*,G6V
HD 84606, ,9,46,47.1,+,18,6,56,215,47,8.571,0.42,2.611,0.038,3.773,0.32,139,2.69,1.7,2.2,1.8,3.2,1.47,1.42,1.51,9.4,0.4,0.5,2,1808,0.247,8,-77,-60,1,5.8,1.2,-31,-45,-35,8.078,0.101,5.84,8.19,0.17,0.5,146.69625,18.115555555555556,-77.653786,-54.37376,101.658165,PM*,G0IV
HD 84737, ,9,48,35.3,+,46,1,15,173,49,5.1,0.39,2.607,0.006,3.764,0.1,18,3.77,1.06,6.6,5.3,7.6,1.13,1.1,1.23,4.8,0.1,0.2,17,5220,0.895,2,222,-94,1,54.3,0.7,12,-6,17,8.012,0.014,7.52,8.58,0.07,0.41,147.1470833333333,46.020833333333336,-11.72104,1.439162,13.584773,PM*,G0.5Va
HD 84808, ,9,45,46.3,-,57,0,4,280,-3,8.405,0.395,2.617,0.029,3.774,0.03,77,3.85,0.79,4.2,3.0,7.5,1.12,1.07,1.21,51.3,0.2,0.1,2,710,0.679,4,41,55,2,13.0,0.8,7,-52,22,7.987,-0.004,5.44,8.05,0.19,0.51,146.44291666666663,-57.00111111111111,13.352584,-75.726265,-4.0298686,PM*,G1V
HD 84841, ,9,48,26.9,+,18,48,22,214,47,8.631,0.348,2.614,0.008,3.778,-0.6,106,3.5,1.58,6.7,5.2,8.5,1.03,0.98,1.09,22.4,0.3,0.1,3,1884,0.933,6,-41,4,1,9.4,1.1,-29,-9,4,8.06,0.078,7.51,8.45,0.06,0.18,147.11208333333335,18.80611111111111,-59.932636,-40.42508,77.52349,*,G0
HD 85077, ,9,49,1.4,-,21,26,10,256,24,8.389,0.397,2.6,0.011,3.76,-0.03,104,3.3,1.72,5.3,3.9,7.0,1.16,1.09,1.26,-4.8,0.2,0.1,2,413,0.758,4,-27,27,2,0.0,0.0,-17,9,-2,8.023,0.043,7.99,9.0,0.06,0.09,147.2558333333333,-21.43611111111111,-22.984695,-92.18656,42.30061,*,G1V
HD 85119,*,9,48,50.0,-,37,18,34,267,13,8.842,0.45,0.0,0.0,3.728,-0.23,40,5.81,0.06,0.0,0.0,0.0,0.82,0.78,0.88,-11.3,0.2,0.2,2,361,0.516,2,-111,-14,2,24.8,1.1,-14,8,-18,8.002,0.009,7.99,8.9,0.05,0.17,147.20833333333334,-37.309444444444445,-2.0397902,-38.92139,8.998042,PM*,G8V
HD 85301, ,9,52,16.7,+,49,11,26,168,49,7.746,0.436,0.0,0.0,3.739,0.01,32,5.2,0.26,0.0,0.0,0.0,0.89,0.85,0.98,15.1,0.2,0.3,2,671,0.359,6,-214,-69,2,31.0,1.0,-35,-12,-7,8.021,0.024,7.22,8.46,0.08,0.03,148.06958333333333,49.190555555555555,-20.535122,4.3648734,24.150707,PM*,G5
HD 85365, ,9,51,0.9,-,12,56,30,250,31,9.064,0.39,2.607,0.016,3.761,-0.11,121,3.65,1.42,7.2,5.5,9.2,1.08,1.0,1.15,2.5,0.2,0.3,2,413,0.365,9,-59,-11,2,3.8,1.6,-23,-10,-24,8.036,0.062,7.58,8.26,0.04,0.26,147.75374999999997,-12.941666666666666,-35.47338,-97.46233,62.319607,PM*,G3/5V
HD 85380, ,9,51,21.6,-,6,10,54,244,35,6.43,0.36,2.623,0.004,3.778,0.04,44,3.19,1.34,2.9,2.6,4.6,1.35,1.3,1.4,34.9,0.1,0.1,5,5566,0.966,6,-126,54,2,22.5,0.9,-39,-21,9,8.016,0.026,6.8,8.42,0.11,0.26,147.83999999999997,-6.181666666666667,-15.800069,-32.39496,25.237364,PM*,G1V
HD 85404, ,9,51,1.5,-,21,4,6,256,25,7.789,0.36,2.639,0.022,3.792,0.27,98,2.74,1.29,2.3,1.6,2.8,1.51,1.44,1.58,-19.6,0.5,0.7,2,849,0.027,7,-60,-59,2,10.2,0.9,0,1,-44,8.021,0.041,7.92,8.67,0.05,0.68,147.75624999999997,-21.06833333333333,-21.48706,-86.179886,41.41659,PM*,G0V
HD 85426, ,9,52,38.5,+,35,6,41,190,51,8.243,0.418,2.6,0.021,3.756,-0.04,61,4.23,0.89,10.2,7.2,12.5,1.01,0.96,1.06,-54.0,0.2,0.3,2,367,0.404,4,263,-152,2,16.4,1.0,99,-29,5,8.038,0.048,5.35,10.69,0.33,0.23,148.16041666666666,35.11138888888889,-37.805332,-6.666103,47.405907,PM*,G4
HD 85533, ,9,55,46.9,+,70,2,28,141,40,8.467,0.434,0.0,0.0,3.738,-0.13,55,4.78,0.81,0.0,12.8,0.0,0.88,0.86,0.92,-27.1,0.3,0.6,4,2136,0.018,2,-8,20,1,18.3,0.9,15,-9,-21,8.032,0.035,7.35,8.59,0.08,0.22,148.94541666666663,70.0411111111111,-32.743053,26.51481,35.353317,*,G5
HD 85623, ,9,51,21.4,-,52,53,18,278,1,8.776,0.374,2.608,0.009,3.767,-0.3,90,4.0,1.1,9.3,7.0,11.4,1.0,0.96,1.04,37.0,0.2,0.1,2,1089,0.913,6,-136,121,2,11.1,0.9,-73,-45,5,7.988,0.001,5.32,8.84,0.25,0.19,147.83916666666664,-52.888333333333335,12.523688,-89.11056,1.5707165,PM*,G3/5wF7V
HD 85689, ,9,53,48.4,+,14,44,20,220,47,7.724,0.361,2.62,0.009,3.772,-0.24,45,4.45,0.48,7.6,3.3,10.8,0.98,0.93,1.05,8.3,0.4,0.7,3,1880,0.055,3,4,49,1,22.1,1.0,-8,6,9,8.024,0.033,8.02,8.76,0.04,0.27,148.45166666666663,14.738888888888889,-23.509848,-19.727102,32.910915,*,G0
HD 85692, ,9,53,9.3,-,13,32,31,250,31,8.991,0.395,2.601,0.014,3.761,-0.06,156,3.03,1.99,4.3,3.3,5.6,1.22,1.14,1.32,27.1,0.2,0.2,2,1086,0.425,5,-163,-9,1,0.0,0.0,-97,-40,-65,8.045,0.08,5.4,9.8,0.29,1.46,148.28875,-13.541944444444445,-45.734272,-125.65391,80.34594,PM*,G3V
HD 85719, ,9,54,22.7,+,32,15,24,194,51,8.869,0.404,2.584,0.002,3.753,-0.17,93,4.02,1.28,10.2,8.0,12.9,1.0,0.93,1.05,-7.2,0.3,0.1,2,670,0.801,2,-106,-95,2,10.7,1.2,-24,-46,-37,8.056,0.073,5.8,8.1,0.17,0.52,148.5945833333333,32.25666666666667,-56.7883,-14.158907,72.274574,PM*,G5
HD 86165, ,9,58,15.7,+,51,34,8,164,49,7.926,0.386,2.612,0.017,3.76,-0.21,53,4.32,0.86,11.3,7.2,14.1,0.97,0.92,1.02,6.4,0.2,0.1,2,362,0.706,2,-162,-56,1,19.0,1.1,-36,-18,-17,8.033,0.04,6.98,8.39,0.09,0.15,149.56541666666664,51.56888888888889,-33.424156,9.584222,39.999607,PM*,G0
HD 86226, ,9,56,29.8,-,24,5,57,259,24,7.925,0.381,2.602,-0.008,3.765,0.06,43,4.78,0.05,0.0,0.0,7.8,1.03,0.97,1.09,19.4,0.1,0.2,5,2600,0.889,4,-176,45,2,23.5,0.9,-36,-18,-8,8.007,0.017,6.93,8.38,0.09,0.02,149.12416666666667,-24.099166666666665,-7.4954395,-38.560722,17.489676,PM*,G2V
HD 86460, ,9,59,15.8,+,27,31,22,202,52,7.777,0.377,2.591,-0.003,3.764,-0.22,41,4.71,0.39,8.4,1.3,13.7,0.95,0.88,1.03,3.0,0.3,0.4,2,352,0.295,4,-331,-79,1,24.4,0.9,-48,-24,-38,8.023,0.032,6.55,8.6,0.13,0.56,149.8158333333333,27.522777777777776,-23.404085,-9.455866,32.30844,PM*,G0
HD 86652,*,9,59,7.9,-,33,31,1,266,17,8.216,0.399,0.0,0.0,3.759,0.02,53,4.59,0.42,7.9,2.8,11.9,1.0,0.94,1.07,14.0,0.2,0.2,2,684,0.446,2,-162,14,2,18.8,1.0,-35,-18,-18,8.003,0.015,6.97,8.35,0.09,0.16,149.78291666666664,-33.51694444444444,-3.5355508,-50.560684,15.4957,PM*,G3V
HD 86776, ,10,1,32.8,+,36,30,39,187,53,8.111,0.36,2.609,-0.005,3.775,-0.09,81,3.58,1.14,5.7,3.5,7.1,1.13,1.08,1.2,-6.2,0.2,0.3,4,1168,0.731,7,-27,-46,2,12.4,1.0,-1,-18,-11,8.048,0.064,7.22,8.1,0.06,0.08,150.38666666666666,36.51083333333333,-48.38366,-5.9407606,64.689476,PM*,G0
HD 86794, ,10,1,0.6,+,8,56,56,229,46,8.064,0.364,2.604,-0.007,3.771,-0.16,52,4.47,0.41,6.9,2.1,10.4,1.0,0.95,1.07,0.0,0.3,0.6,4,1524,0.112,4,-78,-87,1,19.1,0.9,-6,-21,-19,8.024,0.038,7.09,8.03,0.06,0.18,150.2525,8.94888888888889,-23.69832,-27.2618,37.40567,PM*,G0
HD 86819, ,10,0,5.9,-,36,2,35,268,15,7.378,0.364,2.608,-0.009,3.774,0.03,45,4.12,0.52,4.8,2.8,7.5,1.1,1.04,1.17,2.6,0.1,0.2,6,2570,0.678,4,-218,59,2,22.3,0.7,-44,-6,-18,8.001,0.012,7.22,8.87,0.1,0.17,150.0245833333333,-36.043055555555554,-1.5169762,-43.440186,11.646857,PM*,G1V
HD 86954,*,10,0,56.8,-,38,36,33,270,13,9.713,0.421,0.0,0.0,3.75,0.09,120,4.32,0.84,9.5,6.5,12.5,1.01,0.95,1.08,-26.9,0.5,0.7,2,359,0.051,2,-46,39,2,8.9,1.5,-34,27,-5,8.0,0.027,7.86,10.46,0.14,0.04,150.23666666666665,-38.60916666666667,1.3943096e-06,-116.92441,26.994125,PM*,G8IV/V+A/F
HD 87097, ,10,2,28.2,-,15,7,56,254,31,8.484,0.376,2.59,-0.006,3.765,-0.19,56,4.75,0.3,6.8,0.0,12.6,0.96,0.89,1.03,-9.3,0.3,0.4,2,478,0.364,8,10,-13,2,17.9,1.3,6,6,-5,8.013,0.029,7.85,8.95,0.07,0.04,150.61749999999998,-15.132222222222223,-13.230964,-46.14188,28.842133,*,G3V
HD 87320, ,10,3,37.3,-,29,2,35,264,21,8.11,0.423,2.577,0.0,3.743,-0.18,51,4.57,0.96,16.3,12.4,0.0,0.89,0.86,0.93,86.2,0.1,0.2,6,3338,0.758,2,-235,33,3,19.6,1.1,-58,-86,3,8.005,0.018,3.86,8.32,0.37,0.15,150.90541666666667,-29.043055555555558,-4.976866,-47.351776,18.276766,PM*,G8V
HD 87359, ,10,4,26.7,-,7,13,6,247,37,7.506,0.428,2.579,0.0,3.744,0.0,32,4.99,0.37,11.7,2.4,0.0,0.9,0.86,0.99,-1.1,0.2,0.4,5,4026,0.301,2,138,-210,2,31.4,0.9,34,-17,-5,8.01,0.019,6.68,8.83,0.14,0.04,151.11124999999996,-7.218333333333334,-9.985659,-23.52473,19.25808,PM*,G6V
HD 87620, ,10,7,13.6,+,46,6,53,171,53,9.307,0.394,0.0,0.0,3.758,-0.12,83,4.7,0.45,9.1,0.8,14.2,0.96,0.89,1.02,-10.2,0.2,0.2,2,333,0.552,2,0,-23,2,12.0,1.4,7,-10,-7,8.05,0.066,7.5,8.34,0.05,0.07,151.80666666666664,46.11472222222223,-49.33567,7.8140016,66.28675,*,G5
HD 87654, ,10,4,7.8,-,64,25,52,286,-7,9.074,0.382,2.595,0.01,3.76,-0.52,105,3.96,1.46,10.7,8.6,13.0,0.9,0.87,1.0,24.1,0.2,0.2,2,1090,0.485,3,66,57,2,9.5,0.9,17,-25,39,7.971,-0.013,6.7,8.3,0.11,0.94,151.0325,-64.43111111111112,28.72618,-100.180145,-12.796282,PM*,G3wF6
HD 87705, ,10,7,37.0,+,38,38,52,184,54,8.682,0.379,0.0,0.0,3.764,-0.15,60,4.81,0.22,5.1,0.0,12.1,0.97,0.9,1.04,-14.6,0.2,0.2,2,329,0.501,1,-198,-52,2,16.8,1.2,-34,-23,-43,8.035,0.048,6.86,8.3,0.1,0.67,151.90416666666667,38.647777777777776,-35.181206,-2.4601068,48.54102,PM*,G5
CD -57 3033, ,10,7,58.2,-,58,28,45,283,-2,8.82,0.451,0.0,0.0,3.731,-0.06,44,5.62,0.06,0.0,0.0,17.1,0.87,0.81,0.93,18.3,0.2,0.2,4,4533,0.661,3,-215,107,2,22.9,0.9,-44,-28,-8,7.99,-0.002,6.37,8.39,0.14,0.02,151.99249999999998,-58.47916666666667,9.891824,-42.846165,-1.5355778,PM*,G5
HD 87899, ,10,9,14.2,+,46,17,2,171,53,8.881,0.423,0.0,0.0,3.737,-0.54,52,5.31,0.59,0.0,0.0,0.0,0.8,0.77,0.87,34.8,0.4,0.6,2,333,0.075,2,-204,-29,1,19.3,1.2,-60,-12,0,8.031,0.041,6.76,9.18,0.15,0.12,152.30916666666664,46.28388888888889,-30.909096,4.8955193,41.52905,PM*,G5
HD 87931,*,10,7,28.2,-,37,30,14,270,15,8.6,0.446,0.0,0.0,3.736,0.07,49,5.16,0.32,0.0,0.0,0.0,0.89,0.86,0.99,36.6,0.3,0.4,2,359,0.228,3,-135,15,2,20.5,1.3,-27,-39,-6,8.0,0.012,6.01,8.08,0.15,0.02,151.8675,-37.50388888888889,5.6440894e-07,-47.330364,12.682133,PM*,G8V
HD 87978, ,10,8,26.5,-,11,6,54,251,35,8.147,0.426,2.586,0.0,3.743,-0.06,39,5.18,0.25,0.0,0.0,0.0,0.89,0.84,0.98,28.6,0.1,0.2,5,1780,0.891,5,-181,35,2,25.5,1.1,-38,-24,1,8.01,0.022,6.68,8.34,0.11,0.12,152.11041666666665,-11.115,-10.400904,-30.206415,22.369482,PM*,G6IV
HD 88072, ,10,9,23.4,+,2,22,15,238,44,7.544,0.406,2.592,0.004,3.753,-0.02,37,4.7,0.48,9.8,4.8,14.7,0.95,0.89,1.02,-18.4,0.2,0.3,4,761,0.388,2,-203,-8,1,27.0,1.0,-21,4,-34,8.014,0.026,7.92,8.8,0.05,0.46,152.3475,2.3708333333333336,-14.104108,-22.571283,25.70236,PM*,G3V
HD 88089,*,10,8,30.1,-,41,54,23,273,11,9.044,0.441,0.0,0.0,3.738,0.01,68,4.88,0.6,15.2,8.6,0.0,0.9,0.87,0.95,16.2,0.2,0.1,2,359,0.69,2,-34,15,1,14.7,1.1,-11,-17,1,7.996,0.013,7.3,8.0,0.05,0.12,152.12541666666664,-41.906388888888884,3.4934719,-66.659164,12.975012,*,G6/8V
HD 88261, ,10,9,49.5,-,36,45,14,270,16,8.08,0.384,2.585,0.007,3.757,-0.54,45,4.79,0.71,12.3,5.1,0.0,0.84,0.81,0.92,110.5,0.2,0.4,6,5463,0.267,3,-323,369,2,22.0,0.9,-105,-98,53,8.0,0.012,3.32,9.16,0.47,1.43,152.45624999999998,-36.75388888888889,5.1583186e-07,-43.256775,12.403681,PM*,G3V
HD 88371, ,10,11,48.0,+,23,45,18,209,54,8.416,0.411,2.584,0.017,3.748,-0.33,63,4.44,1.1,15.4,12.1,0.0,0.87,0.84,0.94,82.4,0.1,0.2,8,2094,0.821,2,-380,76,1,16.0,1.0,-140,-22,5,8.032,0.051,5.28,11.78,0.38,0.25,152.95,23.755,-32.387577,-17.95273,50.96807,PM*,G2V
HD 88402, ,10,12,56.0,+,51,28,33,163,52,7.577,0.39,2.598,0.005,3.764,0.03,61,3.66,1.22,6.3,5.3,7.4,1.13,1.09,1.19,34.9,0.2,0.1,2,1072,0.822,4,22,-34,1,16.5,0.8,-15,-2,33,8.036,0.047,7.97,8.45,0.03,0.78,153.23333333333332,51.475833333333334,-35.91436,10.980127,48.068657,*,G0
HD 88446, ,10,12,19.0,+,17,17,57,219,52,7.886,0.362,2.589,-0.013,3.77,-0.34,69,3.68,1.38,7.6,6.2,9.0,1.04,0.99,1.11,61.2,0.4,0.7,3,3636,0.031,5,-155,-230,1,14.4,1.1,-43,-101,2,8.033,0.055,3.33,8.16,0.42,0.14,153.07916666666662,17.299166666666668,-33.01366,-26.733934,54.37274,PM*,G0V
HD 88472,*,10,9,34.4,-,67,35,2,288,-9,9.038,0.421,0.0,0.0,3.747,0.05,75,4.66,0.6,10.7,5.4,15.1,0.96,0.89,1.03,5.7,0.2,0.1,2,361,0.985,4,-67,93,2,0.0,0.0,-35,-19,12,7.977,-0.012,6.92,8.3,0.09,0.3,152.39333333333332,-67.58388888888888,22.890947,-70.45106,-11.732586,PM*,G5V
HD 88725, ,10,14,8.3,+,3,9,4,239,45,7.75,0.396,2.578,0.0,3.749,-0.64,36,4.96,0.76,15.7,6.3,0.0,0.81,0.79,0.87,-22.1,0.3,0.6,4,2164,0.09,3,231,-401,1,27.7,1.0,72,-33,-22,8.013,0.026,5.55,9.59,0.27,0.25,153.5345833333333,3.151111111111111,-13.110734,-21.819914,25.455843,PM*,G3/5V
HD 88742, ,10,13,24.7,-,33,1,54,269,19,6.379,0.383,2.611,0.016,3.762,-0.23,23,4.6,0.55,9.6,5.5,14.5,0.95,0.88,1.01,43.6,0.1,0.2,6,2870,0.571,3,-370,65,1,44.0,0.7,-37,-46,-3,8.001,0.007,5.62,8.18,0.19,0.06,153.35291666666663,-33.031666666666666,-0.3795338,-21.743616,7.488067,PM*,G0V
HD 88775, ,10,15,33.0,+,47,22,9,169,54,7.741,0.422,0.0,0.0,3.747,-0.23,76,3.33,2.16,5.4,4.2,6.8,1.18,1.09,1.24,-27.2,0.2,0.1,2,437,0.853,3,17,-107,1,13.1,1.0,24,-40,-11,8.045,0.061,5.89,8.35,0.17,0.08,153.8875,47.369166666666665,-43.850933,8.523759,61.48529,PM*,G0
HD 88908, ,10,11,26.6,-,74,27,37,293,-15,8.502,0.401,2.613,0.026,3.769,0.06,63,4.41,0.33,5.1,0.8,8.5,1.07,1.01,1.14,-17.0,0.3,0.5,3,2157,0.069,2,-274,83,2,16.0,0.7,-83,-9,-23,7.977,-0.016,6.42,9.96,0.22,0.27,152.86083333333332,-74.46027777777778,23.777294,-56.015778,-16.3056,PM*,G1V
HD 88986, ,10,16,28.0,+,28,40,56,201,56,6.49,0.396,2.589,-0.004,3.761,0.09,32,3.96,0.95,7.7,5.7,9.1,1.09,1.05,1.18,28.5,0.1,0.3,6,684,0.318,1,-62,-91,1,31.2,0.8,-19,-21,17,8.017,0.027,7.09,8.06,0.06,0.4,154.11666666666665,28.682222222222222,-16.70565,-6.412697,26.529203,PM*,G2V
HD 89122,*,10,14,50.2,-,62,35,11,286,-5,8.833,0.424,0.0,0.0,3.74,-0.29,50,5.35,0.33,0.0,0.0,0.0,0.84,0.8,0.92,27.5,0.2,0.3,2,1086,0.431,3,-240,133,2,20.1,0.9,-55,-43,-8,7.986,-0.004,5.6,8.46,0.2,0.01,153.70916666666665,-62.58638888888889,13.729416,-47.88019,-4.3577867,PM*,G6IV/V
HD 89124,*,10,13,46.8,-,71,34,36,291,-12,8.988,0.419,0.0,0.0,3.744,-0.22,66,4.88,0.66,17.0,10.3,0.0,0.87,0.84,0.91,-4.3,0.3,0.3,2,361,0.399,4,19,-16,2,15.1,0.8,6,7,0,7.977,-0.014,7.83,8.94,0.07,0.11,153.445,-71.57666666666667,23.135418,-60.26985,-13.722172,*,G5V
HD 89251, ,10,18,59.7,+,51,24,19,162,52,6.824,0.399,2.588,0.004,3.755,-0.25,51,3.29,2.04,5.3,4.6,6.0,1.2,1.16,1.24,-26.0,0.2,0.2,2,749,0.611,3,24,-2,1,19.6,0.8,20,-4,-17,8.03,0.04,7.39,8.84,0.09,0.16,154.74875,51.405277777777776,-29.861973,9.7027445,40.18855,*,G0
HD 89307, ,10,18,21.2,+,12,37,15,227,51,7.03,0.373,2.606,0.004,3.766,-0.23,31,4.58,0.48,8.8,3.9,13.0,0.96,0.9,1.03,22.6,0.2,0.3,4,1722,0.594,3,-272,-39,1,32.4,1.0,-40,-23,-6,8.013,0.024,6.68,8.39,0.11,0.03,154.5883333333333,12.620833333333334,-13.30506,-14.26793,24.091526,PM*,G0V
HD 89418, ,10,19,0.2,-,11,11,6,254,37,7.823,0.355,2.613,-0.003,3.776,-0.14,47,4.49,0.25,4.7,0.0,9.0,1.03,0.96,1.1,-13.7,0.2,0.4,5,1103,0.229,4,2,-130,2,21.5,1.0,19,-7,-25,8.01,0.028,7.32,8.71,0.09,0.28,154.7508333333333,-11.185,-10.346282,-36.081795,28.285305,PM*,G1V
HD 89454, ,10,19,16.2,-,11,22,42,254,37,8.043,0.429,2.593,0.0,3.744,0.02,41,5.0,0.35,0.0,0.0,0.0,0.91,0.86,1.0,18.0,0.1,0.2,5,2167,0.618,3,-62,-64,2,24.6,1.0,-7,-24,-3,8.009,0.024,6.91,8.01,0.07,0.07,154.81749999999997,-11.378333333333334,-9.02548,-31.475609,24.674414,PM*,G5V
HD 89584, ,10,19,47.8,-,28,57,44,267,23,8.297,0.401,2.602,0.021,3.765,-0.21,106,3.07,1.99,4.5,3.6,5.7,1.21,1.13,1.31,-5.9,0.3,0.4,2,412,0.208,3,42,1,2,9.4,1.0,17,10,9,8.005,0.042,7.7,9.41,0.1,0.28,154.94916666666666,-28.96222222222222,-5.10662,-97.4398,41.4175,*,G0V
HD 89615, ,10,15,54.4,-,77,52,3,295,-17,8.954,0.466,0.0,0.0,3.72,-0.34,45,5.71,0.39,0.0,0.0,0.0,0.8,0.77,0.86,87.8,0.3,0.5,4,1975,0.087,3,-71,-72,2,22.4,0.8,29,-73,-45,7.982,-0.013,4.43,8.22,0.3,0.7,153.97666666666663,-77.86749999999999,18.18683,-39.001793,-13.156726,PM*,G8V
HD 89652, ,10,21,41.8,+,48,2,31,167,54,7.597,0.391,0.0,0.0,3.757,-0.28,47,4.22,1.09,12.1,10.0,14.4,0.95,0.9,1.0,60.6,0.2,0.1,2,362,0.799,2,-219,7,1,21.1,0.9,-75,0,22,8.027,0.038,6.83,10.13,0.19,0.58,155.42416666666665,48.04194444444444,-26.917856,6.214478,38.0238,PM*,G0
HD 89717, ,10,24,42.8,+,74,46,26,135,39,8.077,0.453,0.0,0.0,3.735,-0.11,105,2.97,2.67,3.3,2.7,4.0,1.27,1.24,1.33,0.7,0.3,0.0,1,0,0.0,4,-27,-2,2,9.5,0.8,-11,-3,-6,8.058,0.066,8.05,8.19,0.01,0.07,156.1783333333333,74.77388888888889,-57.70014,57.70014,66.07864,*,G0
HD 89777, ,10,21,16.7,-,17,2,55,259,33,9.357,0.465,2.561,0.0,3.725,-0.06,58,5.55,0.25,0.0,0.0,0.0,0.85,0.81,0.92,49.2,0.2,0.5,5,4033,0.051,2,-463,120,2,17.3,1.3,-130,-48,-21,8.009,0.031,4.63,10.54,0.39,0.26,155.31958333333333,-17.048611111111114,-9.281494,-47.749187,31.589066,PM*,G8V
HD 89793, ,10,22,10.0,+,16,28,11,222,54,8.853,0.424,2.607,0.0,3.746,0.08,62,4.89,0.36,9.5,1.0,15.7,0.96,0.89,1.03,32.1,0.2,0.2,2,700,0.654,1,-81,-8,1,16.1,1.1,-32,-20,13,8.027,0.05,6.97,8.3,0.09,0.32,155.54166666666666,16.46972222222222,-27.082193,-24.384914,50.159054,PM*,G5
HD 89813, ,10,22,9.4,+,11,18,36,230,52,7.781,0.474,2.554,0.0,3.719,-0.19,27,5.64,0.38,0.0,0.0,0.0,0.82,0.79,0.88,-14.3,0.2,0.1,3,3249,0.983,2,22,-324,1,37.3,1.3,25,-28,-22,8.011,0.021,6.39,8.44,0.14,0.24,155.53916666666666,11.31,-10.684967,-12.733851,21.27629,PM*,G9V
HD 89881, ,10,28,26.4,+,81,11,14,129,34,7.684,0.411,0.0,0.0,3.754,0.02,60,3.81,1.31,7.7,6.7,8.8,1.1,1.06,1.14,-49.0,0.2,0.3,2,362,0.315,1,35,11,2,16.8,0.7,34,-27,-24,8.031,0.033,6.32,8.69,0.16,0.28,157.10999999999999,81.18722222222223,-31.303812,38.656998,33.551575,*,G0
HD 89942, ,10,20,50.4,-,63,26,53,287,-5,8.499,0.447,0.0,0.0,3.738,0.05,72,4.21,1.24,11.4,9.7,13.3,1.01,0.95,1.05,18.5,0.3,0.4,2,1090,0.182,3,-182,78,2,13.9,0.7,-59,-36,-13,7.979,-0.007,5.85,8.61,0.19,0.09,155.20999999999998,-63.448055555555555,20.97064,-68.59194,-6.2752132,PM*,G2/3III
HD 89988, ,10,22,7.8,-,46,33,59,278,9,8.573,0.417,2.624,0.05,3.78,0.42,101,3.34,0.85,2.2,1.8,2.9,1.35,1.3,1.41,15.0,0.2,0.2,2,453,0.594,3,-35,50,2,9.9,0.9,-25,-16,13,7.986,0.016,7.2,8.15,0.06,0.32,155.5325,-46.56638888888889,13.883443,-98.7857,15.799882,PM*,G2V
HD 90028, ,10,22,51.4,-,28,0,48,267,24,8.317,0.407,2.612,0.018,3.76,0.29,83,3.71,1.03,6.7,2.8,7.9,1.22,1.16,1.28,11.6,0.2,0.1,2,374,0.704,4,-76,36,2,12.0,0.9,-33,-12,-1,8.004,0.034,7.26,8.42,0.07,0.1,155.71416666666667,-28.013333333333332,-3.9683487,-75.72035,33.75914,PM*,G3V
HD 90081, ,10,23,34.6,-,12,29,11,256,37,8.125,0.378,2.603,0.015,3.762,-0.44,55,4.43,0.89,12.1,7.0,15.7,0.9,0.84,0.97,-7.5,0.1,0.2,6,2557,0.903,3,-173,45,1,18.2,1.0,-42,4,-22,8.011,0.033,7.53,9.21,0.1,0.24,155.89416666666665,-12.486388888888888,-10.62641,-42.620193,33.099823,PM*,G1V
HD 90156, ,10,23,55.2,-,29,38,43,268,23,6.925,0.424,2.578,0.0,3.74,-0.29,22,5.21,0.47,0.0,5.3,0.0,0.84,0.81,0.89,26.4,0.2,0.3,4,1028,0.264,2,-39,98,1,45.3,0.8,-10,-21,16,8.001,0.009,7.08,8.0,0.06,0.37,155.97999999999996,-29.64527777777778,-0.7067588,-20.23877,8.596085,PM*,G5V
HD 90164, ,10,25,1.6,+,30,22,16,198,58,7.916,0.363,2.599,-0.004,3.77,-0.33,54,4.25,0.8,7.6,5.3,12.4,0.98,0.94,1.04,-25.8,0.3,0.1,2,700,0.846,2,98,-124,2,18.5,1.0,42,-21,-10,8.027,0.046,6.41,8.99,0.17,0.06,156.25666666666663,30.371111111111112,-27.215092,-8.842719,45.794598,PM*,G3
HD 90322, ,10,25,21.5,-,15,1,35,258,35,8.771,0.406,2.568,0.0,3.749,-0.28,59,4.91,0.57,14.8,6.7,0.0,0.86,0.83,0.93,23.5,0.2,0.3,6,2970,0.695,4,-169,59,2,16.9,1.2,-52,-20,-1,8.01,0.034,6.62,8.73,0.14,0.09,156.3395833333333,-15.02638888888889,-10.048377,-47.273846,33.84101,PM*,G5V
HD 90323, ,10,25,15.6,-,19,48,11,262,31,8.27,0.378,2.63,0.026,3.785,0.25,80,3.64,0.55,3.2,1.6,5.3,1.28,1.24,1.33,9.8,0.2,0.1,3,2167,0.981,4,-73,-31,2,12.5,1.0,-18,-20,-17,8.01,0.041,7.1,8.05,0.06,0.15,156.31499999999997,-19.803055555555556,-9.543581,-67.90604,41.203045,PM*,G1V
HD 90383, ,10,27,2.3,+,46,56,13,168,56,8.798,0.434,0.0,0.0,3.743,0.01,81,4.27,1.11,11.6,9.2,14.3,0.97,0.91,1.03,-34.4,0.2,0.2,3,2166,0.794,2,15,-94,2,12.4,1.2,28,-38,-18,8.045,0.066,5.95,8.44,0.17,0.17,156.7595833333333,46.93694444444444,-44.30483,9.417278,67.15205,PM*,G5
HD 90422, ,10,25,29.4,-,45,10,57,278,10,8.256,0.348,2.612,0.012,3.776,-0.71,89,3.5,1.7,7.2,5.9,8.6,1.02,0.97,1.07,32.7,0.2,0.1,3,446,0.866,5,-52,-32,2,11.2,0.9,-6,-38,-17,7.988,0.016,6.15,7.99,0.13,0.14,156.37249999999997,-45.1825,12.198244,-86.79491,15.454688,PM*,G0V
HD 90520, ,10,26,10.6,-,45,33,45,278,10,7.535,0.399,2.618,0.024,3.776,0.4,65,3.37,0.9,2.5,2.0,3.1,1.35,1.32,1.38,19.2,0.3,0.4,2,675,0.151,4,-84,80,1,15.4,0.7,-32,-22,10,7.991,0.011,6.83,8.23,0.09,0.27,156.54416666666665,-45.5625,8.908831,-63.389538,11.287131,PM*,G0IV/V
HD 90544, ,10,27,5.5,-,12,20,18,257,37,9.191,0.376,2.589,0.004,3.761,-0.56,84,4.57,0.85,11.5,5.1,16.6,0.86,0.81,0.95,-20.8,0.2,0.1,2,413,0.826,2,-30,-48,2,0.0,0.0,4,2,-30,8.015,0.051,7.84,8.72,0.05,0.38,156.77291666666665,-12.338333333333335,-15.090937,-65.366,50.55246,PM*,G2V
HD 90712, ,10,27,47.7,-,34,23,58,272,20,7.516,0.377,2.617,0.004,3.767,0.04,39,4.56,0.24,4.8,0.0,9.3,1.04,0.98,1.11,19.6,0.2,0.3,4,1427,0.447,11,-122,-38,2,25.6,0.9,-14,-25,-10,7.999,0.013,6.82,8.01,0.08,0.05,156.94874999999996,-34.39944444444444,1.2789903,-36.625687,13.338785,PM*,G0VCH-0.3
HD 90905, ,10,29,42.2,+,1,29,28,244,47,6.879,0.359,2.612,-0.005,3.775,-0.06,32,4.38,0.32,5.1,0.4,8.4,1.05,0.99,1.12,16.3,0.2,0.2,3,1087,0.774,10,-150,-124,1,31.7,1.0,-15,-29,-8,8.009,0.023,6.61,8.02,0.1,0.02,157.4258333333333,1.4911111111111113,-9.566984,-19.615234,23.403318,PM*,G1V
HD 90926, ,10,26,8.4,-,76,27,7,295,-16,8.571,0.456,0.0,0.0,3.732,0.07,55,4.87,0.7,17.0,11.3,0.0,0.9,0.88,0.94,9.5,0.2,0.4,4,1975,0.243,1,-103,98,2,18.2,0.8,-29,-25,4,7.978,-0.015,6.71,8.13,0.1,0.17,156.53499999999997,-76.45194444444445,22.343567,-47.915943,-15.160055,PM*,G6V
HD 90936, ,10,29,33.4,-,18,14,38,262,33,8.371,0.389,2.597,0.003,3.76,-0.13,56,4.64,0.47,9.1,3.8,13.8,0.96,0.9,1.03,12.2,0.2,0.4,5,2171,0.148,3,-171,19,2,17.9,1.0,-42,-17,-13,8.007,0.03,6.88,8.51,0.11,0.1,157.38916666666663,-18.24388888888889,-6.5363483,-46.508484,30.499786,PM*,G3V
HD 91148, ,10,31,45.6,+,24,4,55,211,58,7.927,0.435,2.596,0.0,3.74,0.04,37,5.07,0.35,11.9,0.8,0.0,0.89,0.86,0.99,-23.3,0.2,0.2,2,344,0.636,2,33,-38,2,26.8,1.0,18,1,-18,8.017,0.032,7.56,8.99,0.09,0.17,157.94,24.081944444444446,-16.806492,-10.098356,31.377779,PM*,G8V
HD 91163, ,10,32,1.4,+,29,43,57,200,59,7.864,0.392,2.615,0.021,3.774,0.12,94,2.9,1.66,2.6,2.3,3.0,1.45,1.39,1.5,-21.8,0.2,0.2,2,369,0.513,4,85,-10,2,10.6,1.0,44,8,0,8.045,0.081,7.22,10.1,0.17,0.16,158.0058333333333,29.732499999999998,-45.49388,-16.55842,80.57372,PM*,G0
HD 91204, ,10,32,5.5,+,17,59,23,221,57,7.824,0.404,2.608,0.013,3.759,0.17,52,4.25,0.64,7.2,4.1,9.9,1.1,1.06,1.14,-7.2,0.3,0.2,2,944,0.612,4,16,-16,1,19.3,1.0,8,0,-5,8.021,0.043,7.74,8.67,0.06,0.06,158.02291666666665,17.989722222222223,-21.374302,-18.5804,43.61087,*,G0
HD 91320, ,10,32,8.4,-,31,50,25,271,22,8.429,0.366,2.627,0.015,3.773,-0.1,105,3.32,1.46,5.0,3.8,6.1,1.17,1.1,1.27,17.4,0.4,0.6,2,586,0.121,4,6,4,2,9.5,0.9,1,-15,10,7.998,0.04,7.35,8.11,0.05,0.26,158.03499999999997,-31.840277777777775,1.6990584,-97.339485,39.33369,*,G1V
HD 91332, ,10,33,9.7,+,30,45,16,198,60,8.26,0.413,2.615,0.0,3.753,0.08,59,4.4,0.7,9.4,5.9,12.5,1.01,0.96,1.09,-44.1,0.2,0.3,2,669,0.426,4,9,-102,2,16.9,1.0,31,-20,-37,8.028,0.051,6.66,8.76,0.14,0.55,158.29041666666666,30.754444444444445,-28.056166,-9.116,51.0955,PM*,G1
HD 91369, ,10,32,41.1,-,16,57,31,262,35,7.621,0.39,2.616,0.024,3.776,0.08,75,3.15,1.4,2.9,2.5,4.3,1.38,1.31,1.44,15.6,0.2,0.1,2,1105,0.893,6,-21,-88,1,13.4,0.9,8,-31,-14,8.009,0.042,6.41,8.13,0.12,0.11,158.17125,-16.95861111111111,-8.550304,-60.83851,43.018234,PM*,G2V
HD 91489, ,10,32,48.7,-,50,8,9,281,7,8.466,0.407,2.601,0.018,3.75,-0.24,49,5.01,0.42,12.3,1.7,0.0,0.87,0.83,0.95,-0.9,0.2,0.1,4,1779,0.875,2,5,28,1,20.4,0.9,-3,1,6,7.99,0.006,7.93,8.49,0.03,0.2,158.20291666666665,-50.13583333333333,9.279944,-47.741207,5.971598,*,G2/3V
HD 91682, ,10,31,4.0,-,78,9,53,296,-17,8.504,0.438,0.0,0.0,3.742,0.05,82,3.94,1.43,9.0,7.6,10.6,1.05,1.02,1.09,17.8,0.2,0.3,3,2163,0.354,1,-144,134,2,12.2,0.8,-59,-52,8,7.966,-0.024,5.2,8.44,0.24,0.25,157.76666666666665,-78.16472222222222,34.37573,-70.48072,-23.974478,PM*,G5V
HD 91933, ,10,37,1.4,+,4,47,12,242,51,8.88,0.397,2.601,0.016,3.756,-0.19,94,4.01,1.24,10.0,7.5,12.8,1.0,0.93,1.05,6.6,0.2,0.2,2,327,0.654,2,20,-29,1,0.0,0.0,11,-12,4,8.028,0.073,7.31,8.39,0.07,0.19,159.25583333333333,4.786666666666666,-27.77212,-52.23175,73.05172,*,G5
HD 91950, ,10,37,20.5,+,25,4,48,209,60,8.583,0.431,2.601,0.037,3.763,0.16,110,3.22,1.58,4.5,2.8,5.6,1.4,1.2,1.49,40.7,0.3,0.2,2,1062,0.695,2,-159,-54,2,9.1,1.1,-78,-56,-8,8.048,0.095,4.89,8.88,0.29,0.1,159.33541666666665,25.08,-48.104076,-26.66453,95.2628,PM*,G2V
HD 91980, ,10,36,36.3,-,36,51,49,275,19,8.393,0.397,2.584,0.016,3.751,-0.63,77,3.96,1.71,12.1,10.0,14.6,0.9,0.86,0.94,65.8,0.2,0.4,4,1780,0.248,3,-54,73,2,13.0,1.1,-27,-60,34,7.994,0.025,5.14,8.04,0.22,0.8,159.15124999999998,-36.86361111111111,6.3453674,-72.527885,25.068747,PM*,G2/3V
HD 91988, ,10,37,36.7,+,18,20,58,222,58,8.385,0.415,2.613,0.033,3.771,0.29,87,3.55,0.92,3.4,2.3,6.7,1.29,1.24,1.36,43.7,0.2,0.3,2,327,0.314,1,28,-135,1,11.5,1.0,14,-63,32,8.034,0.074,4.99,8.14,0.24,0.77,159.40291666666664,18.349444444444444,-34.261192,-30.848911,73.78018,PM*,G5
HD 92114, ,10,37,57.2,-,11,30,34,259,40,7.604,0.393,2.61,0.026,3.775,-0.04,120,2.09,2.59,2.0,1.6,2.4,1.56,1.5,1.68,22.5,0.3,0.5,2,375,0.162,12,-23,-1,2,8.3,0.9,-15,-20,8,8.018,0.077,7.12,8.03,0.06,0.24,159.48833333333332,-11.509444444444444,-17.540167,-90.236404,77.13451,*,G0V
HD 92242, ,10,39,17.4,+,21,35,57,216,59,8.358,0.394,2.59,0.007,3.756,-0.32,68,4.21,1.15,12.1,9.7,14.7,0.94,0.87,1.0,36.2,0.2,0.2,2,368,0.652,3,-131,-140,1,14.8,1.1,-34,-63,4,8.028,0.058,4.92,8.13,0.25,0.18,159.8225,21.599166666666665,-28.333876,-20.585758,58.287376,PM*,G5
HD 92637, ,10,41,19.1,-,31,50,22,273,23,8.552,0.384,2.619,0.033,3.78,-0.11,89,3.66,0.96,5.5,3.0,7.0,1.12,1.07,1.2,43.6,0.2,0.2,2,412,0.445,4,-48,-55,2,11.2,0.9,-3,-53,-9,7.996,0.035,5.41,8.01,0.19,0.05,160.32958333333332,-31.839444444444442,4.287636,-81.81266,34.77507,PM*,G2V
HD 92719, ,10,42,13.3,-,13,47,15,261,38,6.792,0.396,2.588,-0.002,3.755,-0.17,23,4.94,0.32,8.3,0.0,16.9,0.91,0.85,1.01,-18.2,0.1,0.2,5,1126,0.612,3,236,-171,2,42.7,0.8,34,9,-11,8.003,0.015,7.37,9.82,0.14,0.06,160.55541666666664,-13.7875,-2.8352578,-17.901108,14.160214,PM*,G1.5V
HD 92786, ,10,43,33.8,+,48,12,50,164,57,8.006,0.452,2.561,0.0,3.725,-0.4,25,5.99,0.06,0.0,0.0,13.2,0.79,0.75,0.83,-33.0,0.2,0.4,3,2880,0.305,2,-328,178,2,39.6,1.0,-19,5,-52,8.013,0.021,7.93,8.97,0.06,0.91,160.89083333333332,48.21388888888889,-13.088516,3.7530718,20.966764,PM*,G9V
HD 92788, ,10,42,48.5,-,2,11,1,251,47,7.332,0.434,2.599,0.0,3.745,0.19,32,4.78,0.42,9.6,4.8,14.3,1.02,0.94,1.06,-5.0,0.2,0.2,4,1113,0.766,2,-12,-224,2,30.9,1.0,16,-22,-21,8.007,0.024,6.76,8.33,0.1,0.21,160.70208333333332,-2.183611111111111,-7.105182,-20.634945,23.403318,PM*,G6V
HD 92919, ,10,43,29.0,-,18,51,50,265,35,8.688,0.404,2.613,0.026,3.77,0.16,65,4.51,0.12,3.4,0.0,7.0,1.1,1.04,1.15,12.9,0.2,0.4,4,1191,0.16,2,-70,84,2,15.4,1.2,-33,-2,14,8.004,0.037,7.58,8.72,0.07,0.35,160.8708333333333,-18.86388888888889,-4.6405954,-53.042274,37.28247,PM*,G3/5V
HD 92987, ,10,43,36.2,-,39,3,30,277,17,7.028,0.399,2.6,0.008,3.759,0.03,44,3.81,1.19,7.4,6.3,8.5,1.1,1.07,1.14,4.5,0.1,0.2,4,1425,0.577,3,11,10,1,22.7,0.8,1,-3,4,7.995,0.013,7.78,8.35,0.04,0.17,160.9008333333333,-39.05833333333333,5.127938,-41.76377,12.864354,*,G2/3V
HD 93089, ,10,45,53.0,+,49,25,2,162,57,8.514,0.404,2.603,0.021,3.762,-0.08,67,4.29,0.73,8.7,5.4,11.9,1.01,0.96,1.06,-6.6,0.3,0.4,2,336,0.201,2,-18,-177,2,14.9,1.1,7,-56,8,8.035,0.056,5.26,8.09,0.21,0.24,161.4708333333333,49.41722222222222,-34.70483,11.276284,56.190926,PM*,G5
HD 93212, ,10,54,41.0,+,85,21,43,126,31,8.045,0.351,0.0,0.0,3.778,-0.34,63,4.05,0.83,6.1,4.3,10.3,1.02,0.97,1.08,-12.7,0.2,0.2,3,712,0.864,7,-99,-23,1,15.9,0.7,-20,-22,-14,8.031,0.033,6.99,8.09,0.07,0.11,163.67083333333332,85.36194444444443,-31.741308,43.688164,32.4474,PM*,G0
HD 93215, ,10,46,9.2,+,25,45,39,209,62,8.054,0.418,2.593,0.0,3.751,0.12,47,4.69,0.42,8.7,3.7,13.0,1.02,0.93,1.08,-15.6,0.2,0.2,2,336,0.468,3,53,-6,2,21.2,1.0,17,5,-8,8.019,0.042,7.65,9.16,0.09,0.05,161.53833333333333,25.760833333333334,-19.298628,-10.697406,41.498535,PM*,G5V
HD 93216, ,10,45,43.1,-,10,51,59,260,41,7.952,0.373,2.615,0.01,3.769,-0.15,71,3.7,1.22,7.0,5.6,8.3,1.09,1.04,1.14,5.8,0.2,0.3,5,2171,0.375,4,-146,-13,2,14.1,1.0,-40,-20,-21,8.009,0.047,6.82,8.44,0.11,0.22,161.4295833333333,-10.866388888888888,-9.304828,-52.770317,46.580193,PM*,G2V
HD 93277, ,10,45,57.7,-,16,44,10,265,37,7.973,0.404,2.613,0.029,3.769,0.09,50,4.35,0.36,5.0,1.6,8.1,1.09,1.03,1.15,37.1,0.1,0.3,5,2197,0.499,4,-298,-14,2,20.0,1.0,-61,-50,-12,8.004,0.03,5.28,8.55,0.24,0.08,161.49041666666665,-16.73611111111111,-3.4802823,-39.779827,30.09075,PM*,G3V
HD 93307, ,10,45,4.1,-,58,8,55,287,1,7.776,0.399,2.641,0.058,3.794,0.51,72,3.24,0.66,1.6,1.1,2.1,1.39,1.36,1.43,25.1,0.2,0.1,4,1784,0.943,5,-90,0,2,13.9,0.8,-19,-32,-14,7.979,0.001,6.41,8.01,0.11,0.09,161.26708333333332,-58.14861111111111,21.047539,-68.84347,1.2565732,PM*,G0V
HD 93385, ,10,46,15.1,-,41,27,51,279,16,7.49,0.386,2.612,0.023,3.773,-0.12,43,4.25,0.55,6.4,3.6,9.0,1.04,0.98,1.1,47.3,0.2,0.2,4,1865,0.795,4,-49,-55,2,23.5,0.9,4,-49,-1,7.994,0.011,5.54,8.04,0.18,0.1,161.56291666666667,-41.46416666666667,6.4661045,-40.825356,11.8524065,PM*,G2/3V
HD 93489, ,10,47,28.6,-,13,58,44,263,39,7.924,0.388,2.594,-0.004,3.761,-0.06,46,4.63,0.39,8.2,2.4,12.4,0.98,0.92,1.05,2.9,0.1,0.2,5,2197,0.605,2,100,-33,2,21.9,1.0,22,-1,7,8.004,0.029,7.42,9.01,0.1,0.23,161.86916666666664,-13.97888888888889,-4.356681,-35.48225,28.948738,PM*,G3V
HD 93491, ,10,47,13.6,-,27,45,53,272,28,9.011,0.362,2.61,0.003,3.772,-0.35,72,4.71,0.31,4.8,0.0,11.3,0.96,0.89,1.02,14.9,0.2,0.3,2,479,0.407,6,-123,57,2,13.8,1.2,-46,-17,2,7.998,0.033,6.83,8.63,0.12,0.15,161.80666666666664,-27.764722222222222,2.2186267,-63.533497,33.801952,PM*,G0V
HD 93626, ,10,48,5.5,-,26,23,54,271,29,7.887,0.339,2.619,-0.011,3.786,-0.03,45,4.62,-0.21,0.0,0.0,3.2,1.07,1.02,1.11,20.8,0.3,0.4,2,760,0.275,6,-164,-12,2,22.2,0.9,-28,-29,-8,7.999,0.022,6.54,8.12,0.11,0.02,162.02291666666665,-26.398333333333333,0.68688637,-39.351894,21.816433,PM*,G0V
HD 93718, ,10,49,22.1,+,6,44,26,242,55,8.64,0.387,2.621,0.02,3.777,0.22,79,4.06,0.34,3.7,1.0,6.1,1.19,1.14,1.23,22.1,0.2,0.1,2,336,0.789,3,-20,-132,2,12.6,1.2,10,-54,-4,8.021,0.065,5.32,8.11,0.21,0.09,162.34208333333333,6.740555555555556,-21.272951,-40.008595,64.71301,PM*,G5
HD 93745, ,10,49,0.5,-,31,3,32,274,25,7.489,0.371,2.615,-0.001,3.773,0.14,56,3.77,0.8,3.8,3.2,5.4,1.23,1.16,1.27,37.7,0.2,0.3,4,3960,0.45,5,179,-93,2,18.0,0.9,55,-29,18,7.996,0.023,5.92,9.18,0.22,0.46,162.25208333333333,-31.05888888888889,3.5403714,-50.6296,23.666622,PM*,G2V
HD 93836,*,10,49,25.2,-,36,15,53,277,20,9.257,0.474,0.0,0.0,3.725,0.15,54,5.6,0.06,0.0,0.0,0.0,0.91,0.85,0.96,13.1,0.2,0.1,2,360,0.691,2,-140,-2,2,17.3,3.5,-29,-22,-12,7.994,0.019,6.85,8.17,0.09,0.07,162.35499999999996,-36.264722222222225,6.184055,-50.36517,18.469088,PM*,G8/K0V
HD 93849, ,10,49,35.4,-,29,59,39,274,26,7.858,0.349,2.647,0.02,3.798,0.36,74,3.42,0.46,1.5,0.5,2.4,1.36,1.32,1.4,9.2,0.3,0.5,2,764,0.117,6,-97,-17,2,13.5,0.9,-25,-20,-16,7.996,0.032,7.01,8.13,0.07,0.13,162.39749999999998,-29.99416666666667,4.639562,-66.34874,32.439465,PM*,G0/1V
HD 94017,*,10,50,37.3,-,34,0,18,276,23,9.201,0.414,0.0,0.0,3.751,0.09,60,5.31,-0.17,0.0,0.0,7.1,0.96,0.9,1.01,20.0,0.2,0.2,2,707,0.446,3,-288,12,2,16.7,1.3,-69,-40,-26,7.994,0.023,5.58,8.82,0.22,0.32,162.65541666666667,-34.005,5.773132,-54.92774,23.443867,PM*,G6V
HD 94069, ,10,51,58.6,+,31,22,5,196,64,8.123,0.337,2.635,0.014,3.79,-0.21,146,2.3,2.19,2.1,1.8,2.6,1.46,1.39,1.57,28.1,0.6,0.2,2,1589,0.833,19,-37,0,1,5.3,0.9,-33,-11,14,8.062,0.131,7.35,8.52,0.07,0.37,162.99416666666664,31.368055555555557,-61.522854,-17.64139,131.22394,*,G0
HD 94093, ,10,51,13.3,-,32,25,48,275,24,8.911,0.378,2.623,0.018,3.768,-0.02,91,4.12,0.71,6.7,3.7,9.3,1.05,0.99,1.12,20.9,0.2,0.1,2,1088,0.947,3,106,0,2,8.0,1.2,41,-6,29,7.992,0.037,6.93,9.41,0.15,0.73,162.80541666666664,-32.43,7.2454863,-82.81629,37.013035,PM*,G2V
HD 94151, ,10,51,39.2,-,22,4,18,269,33,7.869,0.431,2.598,0.0,3.743,0.12,37,5.01,0.28,8.5,0.0,16.6,0.96,0.89,1.04,3.9,0.1,0.1,5,2920,0.945,2,-291,28,2,26.8,1.0,-46,-15,-17,8.0,0.02,6.87,8.67,0.12,0.16,162.91333333333333,-22.071666666666665,-0.5415589,-31.026085,20.151646,PM*,G8V
HD 94219, ,10,52,40.4,+,16,18,45,228,60,8.581,0.353,2.611,-0.005,3.777,-0.2,78,4.13,0.65,6.2,3.5,9.0,1.04,0.98,1.1,20.0,0.3,0.2,2,220,0.708,4,-141,-100,1,12.9,1.2,-36,-54,-13,8.025,0.067,5.27,8.16,0.21,0.12,163.16833333333332,16.3125,-26.096096,-28.98264,67.54999,PM*,G0
HD 94268, ,10,52,44.4,-,11,25,22,262,42,7.631,0.362,2.598,0.007,3.769,-0.38,36,4.85,0.27,2.8,0.0,11.0,0.94,0.86,1.01,-4.7,0.2,0.1,4,3276,0.901,4,-262,68,2,27.8,1.0,-43,-2,-16,8.004,0.024,7.36,8.99,0.1,0.14,163.185,-11.422777777777776,-3.723332,-26.492853,24.088703,PM*,G0VFe-0.7CH-0.3
HD 94270, ,10,52,39.2,-,17,1,48,266,37,7.771,0.37,2.605,-0.012,3.772,0.13,49,4.34,0.26,4.1,0.0,7.0,1.13,1.06,1.17,20.3,0.1,0.3,5,769,0.482,3,-61,-121,2,20.6,1.0,2,-35,-12,8.002,0.029,6.26,8.05,0.12,0.08,163.16333333333333,-17.029999999999998,-2.7297924,-39.03781,29.488934,PM*,G2V
HD 94280, ,10,52,48.9,-,6,49,19,258,46,7.174,0.347,2.616,-0.02,3.787,0.27,44,3.96,0.18,1.8,0.0,4.4,1.22,1.2,1.26,15.2,0.2,0.6,6,3718,0.02,5,-210,-188,1,22.8,0.9,-20,-49,-29,8.006,0.031,5.58,8.03,0.18,0.33,163.20374999999999,-6.821944444444444,-6.354821,-29.89705,31.650951,PM*,G0/1V
HD 94383, ,10,54,10.5,+,34,7,52,190,64,8.387,0.347,2.616,-0.004,3.782,-0.22,70,4.15,0.53,5.4,2.6,7.9,1.05,0.99,1.12,44.1,0.2,0.4,3,337,0.4,6,-185,-65,3,14.2,1.1,-66,-42,14,8.03,0.063,5.59,8.75,0.22,0.36,163.54374999999996,34.13111111111111,-30.219791,-5.3285666,62.915585,PM*,G0
HD 94410, ,10,52,2.4,-,68,32,35,292,-8,8.675,0.398,2.588,0.024,3.763,-0.54,77,4.14,1.23,11.4,9.2,13.9,0.9,0.87,0.96,77.8,0.6,0.9,2,479,0.014,3,-97,45,2,13.0,0.8,-7,-86,-11,7.971,-0.011,3.93,7.97,0.34,0.05,163.01,-68.54305555555555,28.563974,-70.69837,-10.71633,PM*,G2V
HD 94482, ,10,54,6.5,-,23,11,5,271,32,8.129,0.353,2.611,-0.017,3.782,0.16,78,3.68,0.65,3.2,2.5,4.0,1.26,1.2,1.31,27.3,0.4,0.6,2,759,0.1,4,101,-156,2,12.9,1.1,62,-38,-10,7.999,0.041,5.48,9.17,0.25,0.06,163.52708333333334,-23.184722222222224,1.1544316,-66.13768,41.333702,PM*,G1/2V
HD 94518, ,10,54,12.2,-,31,9,34,275,25,8.341,0.378,2.597,0.001,3.762,-0.26,79,3.86,1.32,8.9,7.3,10.7,1.02,0.98,1.06,92.2,0.2,0.3,4,1417,0.479,3,-112,-337,2,12.7,1.0,37,-137,-78,7.993,0.034,2.22,8.25,0.58,2.39,163.55083333333332,-31.159444444444443,6.240204,-71.32586,33.386845,PM*,G2V
HD 94527, ,10,54,11.0,-,37,15,51,278,20,8.417,0.443,0.0,0.0,3.732,-0.23,41,5.34,0.45,0.0,5.8,0.0,0.84,0.81,0.89,2.2,0.2,0.4,5,1804,0.117,2,59,-146,2,24.2,1.0,25,-6,-18,7.994,0.014,7.22,8.89,0.1,0.17,163.54583333333332,-37.26416666666667,5.3619843,-38.15245,14.022825,PM*,G8V
HD 94667, ,10,57,9.2,+,65,16,41,140,48,8.373,0.431,0.0,0.0,3.746,0.09,86,3.7,1.55,7.2,5.8,8.6,1.15,1.07,1.22,-90.1,0.3,0.0,1,0,0.0,6,0,-105,1,11.6,1.0,48,-75,-44,8.045,0.064,4.28,8.57,0.33,0.74,164.28833333333333,65.27805555555555,-44.082203,36.98936,63.910458,PM*,G0
HD 94835, ,10,57,9.5,+,21,48,17,218,64,7.938,0.39,2.596,-0.006,3.764,0.15,50,4.46,0.33,5.3,1.2,8.8,1.09,1.03,1.14,9.9,0.3,0.3,2,1163,0.417,5,-150,-215,1,20.2,1.0,-14,-59,-13,8.017,0.044,5.11,8.02,0.22,0.09,164.2895833333333,21.804722222222225,-17.272062,-13.4944105,44.9397,PM*,G0
HD 94838, ,10,56,45.8,-,17,27,7,268,37,7.901,0.396,2.597,0.008,3.757,-0.12,42,4.79,0.38,9.0,1.5,14.9,0.94,0.87,1.02,20.2,0.2,0.3,5,2579,0.412,4,39,-128,2,23.9,1.0,19,-27,-1,8.001,0.025,6.48,8.31,0.12,0.1,164.19083333333333,-17.451944444444443,-1.1706321,-33.522263,25.27623,PM*,G3V
HD 94861, ,10,58,15.3,+,61,57,1,143,50,8.431,0.376,0.0,0.0,3.773,0.14,90,3.66,0.91,3.6,2.9,5.9,1.23,1.15,1.3,-5.4,0.2,0.3,2,1251,0.366,6,-66,-91,2,11.1,0.9,-19,-44,2,8.046,0.069,5.83,8.07,0.16,0.16,164.56375,61.95027777777778,-46.201763,34.815536,68.944,PM*,G0
HD 94877,*,10,56,1.0,-,59,31,19,289,0,8.549,0.41,0.0,0.0,3.751,-0.23,101,3.53,1.87,7.3,5.7,9.0,1.09,1.01,1.16,-13.1,0.2,0.1,2,361,0.768,3,-85,112,2,9.9,0.9,-61,-6,31,7.968,0.0,6.91,9.41,0.15,0.75,164.00416666666663,-59.52194444444444,32.882385,-95.497375,0.0,PM*,G3V
HD 94880, ,10,58,21.5,+,59,16,53,146,52,8.148,0.438,0.0,0.0,3.739,-0.01,44,4.93,0.55,15.2,8.3,0.0,0.89,0.86,0.95,-41.2,0.3,0.4,2,708,0.186,4,12,-52,2,22.7,0.9,24,-23,-27,8.022,0.035,6.64,8.5,0.12,0.32,164.58958333333334,59.28138888888889,-22.457884,15.148039,34.672474,PM*,G0Ib-II
HD 94915, ,10,57,17.4,-,15,44,5,267,39,8.702,0.381,2.621,0.029,3.777,-0.11,67,4.44,0.25,4.5,0.0,8.4,1.04,0.98,1.11,23.2,0.2,0.3,4,1121,0.368,4,4,-12,2,14.9,1.2,2,-20,13,8.003,0.042,7.1,8.09,0.06,0.32,164.3225,-15.73472222222222,-2.725078,-51.997417,42.164467,*,G1V
HD 95072, ,10,59,6.2,+,40,59,0,175,63,8.256,0.41,0.0,0.0,3.745,-0.43,46,4.94,0.74,0.0,9.8,0.0,0.84,0.81,0.88,-24.8,0.2,0.3,4,4399,0.546,3,216,25,1,21.7,0.9,50,18,-3,8.021,0.041,7.25,10.86,0.2,0.09,164.7758333333333,40.983333333333334,-20.804096,1.8201253,40.9863,PM*,G4V
HD 95090, ,10,58,16.8,-,32,35,58,277,24,8.943,0.401,2.611,0.024,3.772,0.17,85,4.2,0.37,4.1,1.7,6.6,1.14,1.08,1.2,7.1,0.3,0.4,2,412,0.159,5,3,27,2,11.8,1.2,-4,-3,12,7.991,0.035,7.91,8.28,0.02,0.3,164.57,-32.599444444444444,9.4633045,-77.07256,34.572613,*,G5/8V+F/G
HD 95128, ,10,59,27.9,+,40,25,48,176,63,5.05,0.392,2.606,0.005,3.76,0.01,14,4.31,0.68,8.7,5.3,11.9,1.02,0.98,1.08,11.1,0.1,0.2,11,5097,0.971,3,-317,57,1,71.0,0.7,-24,-2,0,8.006,0.013,7.76,8.46,0.04,0.11,164.86624999999995,40.43,-6.3403854,0.44336286,12.474092,PM*,G1-VFe-0.5
HD 95136,*,10,58,33.0,-,39,55,45,281,18,8.65,0.417,0.0,0.0,3.75,0.03,85,3.99,1.21,8.9,7.1,11.1,1.04,1.0,1.09,-2.0,0.4,0.5,2,360,0.111,3,-17,-63,2,11.7,1.1,6,-6,-25,7.985,0.026,7.6,8.38,0.05,0.28,164.6375,-39.92916666666667,15.4249525,-79.35455,26.266445,PM*,G3/5V
HD 95177, ,10,59,31.5,+,7,13,12,245,57,8.221,0.402,2.572,0.0,3.75,-0.44,49,4.76,0.82,15.8,9.8,0.0,0.84,0.82,0.89,35.3,0.2,0.5,4,1060,0.178,1,-152,-204,1,20.3,1.0,-17,-67,-2,8.012,0.041,4.75,8.02,0.26,0.08,164.88124999999997,7.22,-11.278543,-24.18692,41.094856,PM*,G5
HD 95230, ,10,58,16.1,-,64,28,35,291,-4,9.534,0.455,0.0,0.0,3.731,0.04,72,5.23,0.38,15.6,1.3,0.0,0.88,0.85,0.95,46.8,0.3,0.4,3,1074,0.168,4,-140,85,2,13.8,1.0,-36,-64,3,7.974,-0.005,4.82,8.09,0.25,0.16,164.56708333333333,-64.47638888888889,25.73963,-67.054054,-5.0224657,PM*,G5(V)
HD 95364, ,11,0,59.0,+,24,3,56,214,65,8.623,0.435,2.584,0.021,3.749,-0.1,82,3.96,1.37,9.7,7.9,11.7,1.03,0.97,1.07,10.7,0.2,0.3,2,368,0.413,2,20,-162,1,12.2,1.0,26,-58,7,8.029,0.074,5.05,8.28,0.24,0.24,165.2458333333333,24.065555555555555,-28.730045,-19.378662,74.31724,PM*,G2V
HD 95406,*,11,0,21.2,-,32,46,51,277,25,9.479,0.471,0.0,0.0,3.721,-0.12,54,5.83,0.1,0.0,0.0,0.0,0.83,0.79,0.88,17.4,0.4,0.6,2,707,0.069,4,-174,-103,2,18.6,1.6,-23,-38,-32,7.994,0.022,6.15,8.04,0.13,0.4,165.0883333333333,-32.780833333333334,5.9643517,-48.57583,22.821386,PM*,G8/K0V
HD 95469,*,11,0,49.5,-,29,53,20,276,27,9.37,0.446,0.0,0.0,3.734,-0.01,61,5.43,0.15,0.0,0.0,0.0,0.88,0.83,0.95,28.2,0.3,0.4,2,361,0.186,1,-122,-10,3,16.3,1.4,-27,-36,-3,7.994,0.028,6.16,8.08,0.14,0.06,165.20624999999998,-29.88888888888889,5.6812625,-54.053658,27.69342,PM*,G8/K0V
HD 95516, ,11,1,41.3,+,20,49,54,221,64,8.182,0.412,2.597,0.006,3.75,-0.03,45,4.92,0.33,9.1,0.0,16.7,0.92,0.87,1.02,13.8,0.2,0.1,3,434,0.951,3,-209,-29,1,22.3,1.0,-40,-23,-7,8.015,0.04,6.67,8.4,0.12,0.04,165.42208333333332,20.831666666666667,-14.887932,-12.941883,40.445732,PM*,G5
HD 95521, ,11,0,50.2,-,49,1,11,285,10,7.587,0.408,2.573,0.0,3.748,-0.32,33,4.99,0.55,15.0,6.3,0.0,0.85,0.82,0.91,18.0,0.1,0.2,5,1778,0.683,3,-97,-60,1,30.2,0.8,-4,-22,-12,7.992,0.006,6.97,8.01,0.07,0.06,165.20916666666665,-49.01972222222222,8.411268,-31.391289,5.73039,PM*,G2V
HD 95542, ,11,0,17.6,-,66,33,25,292,-6,8.263,0.383,2.616,0.025,3.774,-0.13,52,4.58,0.2,3.7,0.0,9.2,1.02,0.95,1.09,15.0,0.2,0.2,4,1975,0.852,4,-6,21,2,19.3,0.8,2,-15,3,7.981,-0.005,7.26,8.1,0.05,0.14,165.07333333333332,-66.55694444444444,19.37282,-47.949448,-5.43548,*,G0V
HD 95550, ,11,2,8.3,+,36,58,53,183,65,8.577,0.313,2.66,0.011,3.802,0.05,115,3.27,0.7,2.3,1.7,2.9,1.32,1.26,1.39,17.1,0.3,0.4,2,1784,0.353,9,-48,-25,2,8.7,0.9,-26,-21,6,8.049,0.104,6.99,8.18,0.08,0.23,165.5345833333333,36.981388888888894,-48.534492,-2.5435865,104.225395,PM*,G5
HD 95580, ,11,1,43.9,-,20,3,33,271,36,8.136,0.39,2.622,0.032,3.781,0.14,93,3.16,1.21,2.8,2.3,3.3,1.36,1.28,1.44,26.7,0.2,0.1,3,1540,0.869,8,-86,-37,2,8.3,1.1,-24,-41,-11,7.999,0.054,5.93,8.05,0.15,0.08,165.43291666666667,-20.059166666666666,1.3130876,-75.22712,54.66403,PM*,G0V
HD 95622, ,11,2,15.2,+,8,52,10,243,58,9.102,0.359,2.613,0.008,3.772,-0.44,115,3.8,1.3,7.9,5.8,10.3,1.0,0.95,1.06,-9.1,0.3,0.1,2,327,0.986,4,-58,-10,1,9.2,1.5,-23,-10,-22,8.027,0.098,7.57,8.23,0.04,0.26,165.5633333333333,8.869444444444445,-27.666515,-54.29857,97.52553,PM*,G5
HD 95761, ,11,2,34.9,-,40,54,29,282,17,8.515,0.402,2.614,0.034,3.775,0.05,116,3.04,1.56,2.9,2.4,4.4,1.35,1.25,1.45,2.9,0.2,0.1,2,487,0.705,6,-19,-5,2,8.6,1.0,-7,-6,-5,7.978,0.035,7.86,8.02,0.01,0.04,165.64541666666662,-40.908055555555556,23.0639,-108.50724,33.915115,*,G2V
HD 95766, ,11,2,7.2,-,61,27,30,290,-1,9.193,0.363,2.622,0.016,3.772,-0.28,116,3.87,1.09,7.6,5.5,10.0,1.01,0.97,1.08,17.7,0.2,0.1,2,487,0.827,5,-31,3,2,0.0,0.0,-9,-22,-6,7.96,-0.003,6.97,7.96,0.07,0.02,165.53,-61.458333333333336,39.668285,-108.98775,-2.0244792,*,G0/2
HD 95860, ,11,2,50.7,-,53,14,49,287,6,9.744,0.377,0.0,0.0,3.761,-0.77,112,4.5,1.05,12.2,6.3,17.2,0.83,0.79,0.92,28.4,0.4,0.0,1,0,0.0,4,-145,-38,4,0.0,0.0,-49,-50,-46,7.967,0.012,5.4,8.3,0.21,0.74,165.71124999999998,-53.246944444444445,32.56622,-106.5194,11.707188,PM*,G0/2(w)F5
HD 95925,*,11,3,31.7,-,38,24,1,281,20,8.966,0.418,0.0,0.0,3.741,-0.63,62,5.0,0.87,0.0,6.8,0.0,0.81,0.78,0.86,73.3,0.3,0.1,2,360,0.788,2,-39,32,2,9.2,1.2,-2,-69,29,7.989,0.021,4.72,8.0,0.26,0.67,165.88208333333333,-38.400277777777774,11.116705,-57.190525,21.205248,PM*,G5V
HD 95980, ,11,4,18.9,+,5,47,44,248,57,8.251,0.402,2.592,0.008,3.754,-0.1,53,4.64,0.58,10.8,6.0,15.5,0.94,0.88,1.01,19.0,0.2,0.4,3,2182,0.282,2,-301,54,2,19.0,1.1,-75,-22,-9,8.011,0.044,6.15,9.31,0.2,0.06,166.07874999999999,5.795555555555556,-10.813351,-26.763966,44.44954,PM*,G5
HD 96094, ,11,5,15.4,+,25,12,6,212,66,7.624,0.371,2.587,-0.006,3.765,-0.53,60,3.74,1.58,8.8,7.5,10.3,0.99,0.95,1.03,0.6,0.2,0.2,5,1564,0.945,1,-401,-62,1,16.7,1.0,-92,-52,-46,8.021,0.055,4.95,9.29,0.3,0.84,166.31416666666667,25.201666666666664,-20.695932,-12.932255,54.81273,PM*,G0
HD 96108, ,11,4,53.6,-,11,45,33,266,43,7.893,0.361,2.628,0.01,3.778,0.04,81,3.34,1.19,3.2,2.6,5.2,1.28,1.17,1.36,-11.2,0.2,0.4,3,3304,0.197,6,-129,-27,2,12.3,1.0,-37,-14,-34,8.004,0.056,7.12,8.47,0.09,0.46,166.2233333333333,-11.759166666666667,-4.132353,-59.095345,55.241863,PM*,G0V
HD 96116,*,11,4,13.6,-,57,45,54,289,2,8.661,0.4,0.0,0.0,3.754,-0.12,55,4.96,0.28,7.4,0.0,15.7,0.93,0.86,1.01,30.7,0.2,0.2,2,361,0.645,1,23,-35,2,18.2,0.9,19,-27,-4,7.982,0.002,6.51,8.3,0.12,0.05,166.05666666666664,-57.765,17.895342,-51.97184,1.9194722,*,G3V
HD 96276, ,11,5,50.7,-,20,24,32,272,36,8.108,0.365,2.608,0.002,3.77,-0.31,57,4.31,0.73,7.8,5.1,12.2,0.98,0.93,1.04,-0.4,0.2,0.2,4,1121,0.855,4,50,-40,2,17.4,1.1,17,-1,-2,7.998,0.034,7.5,8.86,0.08,0.08,166.46125,-20.40888888888889,1.6093457,-46.085876,33.503757,PM*,G1V
HD 96405,*,11,6,12.0,-,47,38,30,285,12,9.16,0.428,0.0,0.0,3.745,0.09,80,4.64,0.63,10.8,6.1,15.0,0.96,0.9,1.03,10.0,0.3,0.5,2,361,0.16,3,-1,-33,2,0.0,0.0,8,-11,-9,7.979,0.016,7.38,8.27,0.06,0.03,166.54999999999998,-47.641666666666666,20.253054,-75.58544,16.632936,*,G6/8
HD 96423, ,11,6,19.7,-,44,22,23,284,15,7.234,0.427,2.598,0.0,3.745,0.01,32,4.7,0.63,12.3,7.7,17.7,0.92,0.88,0.98,54.4,0.1,0.2,4,2160,0.721,2,87,-86,1,31.2,0.8,30,-49,8,7.993,0.008,5.42,8.34,0.21,0.24,166.58208333333332,-44.37305555555555,7.4777174,-29.991478,8.282209,PM*,G5V
HD 96497, ,11,7,28.8,+,22,3,10,219,66,8.221,0.41,2.614,0.027,3.766,0.17,53,4.49,0.23,4.5,0.0,8.0,1.09,1.04,1.14,-0.6,0.2,0.3,2,368,0.338,6,-194,4,1,18.9,1.6,-42,-15,-19,8.017,0.048,6.99,8.6,0.1,0.2,166.86999999999998,22.052777777777777,-16.752968,-13.566285,48.41791,PM*,G1V
HD 96529, ,11,7,35.0,+,20,16,18,223,65,8.852,0.425,2.607,0.0,3.749,0.15,77,4.42,0.71,9.7,6.4,12.5,1.03,0.96,1.1,-14.7,0.4,0.5,2,420,0.106,2,-24,-54,1,13.0,1.1,5,-16,-20,8.023,0.07,7.22,8.19,0.06,0.2,166.89583333333334,20.271666666666665,-23.799427,-22.19332,69.7857,PM*,G5
HD 96624, ,11,8,30.2,+,52,37,37,153,58,9.16,0.376,0.0,0.0,3.763,-0.37,84,4.54,0.71,10.2,4.5,14.9,0.92,0.84,0.99,-2.0,0.3,0.4,2,657,0.34,1,-220,-41,2,9.2,1.3,-72,-44,-30,8.039,0.071,5.45,8.88,0.24,0.41,167.1258333333333,52.62694444444445,-39.661564,20.208582,71.23604,PM*,G
HD 96691, ,11,8,26.4,+,21,4,52,222,66,8.489,0.344,2.628,0.006,3.784,-0.15,90,3.72,0.85,4.0,2.9,6.7,1.11,1.06,1.19,5.6,0.4,0.6,2,1233,0.18,6,-156,-64,1,11.1,1.1,-48,-48,-24,8.028,0.082,5.51,8.35,0.21,0.28,167.10999999999999,21.08111111111111,-27.203781,-24.494392,82.21909,PM*,G0
HD 96700, ,11,7,54.4,-,30,10,28,278,28,6.517,0.395,2.597,0.018,3.754,-0.42,26,4.43,1.05,15.7,10.5,0.0,0.85,0.84,0.91,12.6,0.1,0.2,6,2871,0.735,1,-506,-134,2,38.2,0.9,-45,-37,-32,7.997,0.012,6.0,8.33,0.16,0.41,166.97666666666666,-30.174444444444447,3.1949506,-22.733223,12.206261,PM*,G1VFe-0.5
HD 96937, ,11,9,40.2,+,2,27,22,254,55,7.682,0.467,2.574,0.0,3.728,0.18,31,5.25,0.33,14.5,3.6,0.0,0.97,0.87,1.01,9.6,0.3,0.5,3,5408,0.168,4,-278,39,1,32.7,1.0,-39,-14,-5,8.005,0.025,7.05,8.51,0.09,0.04,167.4175,2.4561111111111114,-4.9010696,-17.092072,25.393713,PM*,G8V
BD +36 2165, ,11,12,48.0,+,35,43,43,185,67,9.791,0.326,2.6,-0.003,3.786,-2.05,113,4.53,1.04,15.1,7.0,0.0,0.75,0.73,0.79,-196.4,0.2,1.1,25,4762,0.056,5,74,-508,3,8.1,1.4,197,-237,-139,8.043,0.104,0.26,12.58,0.96,12.91,168.19999999999996,35.728611111111114,-43.98461,-3.848158,104.017044,PM*,G0
HD 97037, ,11,10,13.3,-,7,23,21,264,48,6.809,0.386,2.591,-0.012,3.762,-0.07,33,4.24,0.77,8.0,5.5,12.3,1.01,0.97,1.07,-16.6,0.2,0.2,5,4020,0.871,2,-238,-171,1,30.6,0.8,-18,-19,-41,8.002,0.024,7.22,8.04,0.05,0.59,167.55541666666664,-7.389166666666667,-2.3081224,-21.960344,24.52378,PM*,G1V
HD 97089, ,11,10,27.9,-,9,1,39,265,46,7.968,0.334,2.618,-0.018,3.791,0.1,85,3.33,0.84,2.7,2.2,3.2,1.32,1.26,1.38,-27.3,0.3,0.3,3,1491,0.728,13,-141,-100,2,11.8,1.0,-27,-26,-65,8.005,0.061,6.93,8.17,0.08,1.22,167.61624999999998,-9.027500000000002,-5.1461926,-58.821278,61.143883,PM*,G0V
HD 97140, ,11,11,43.5,+,58,53,59,145,54,7.353,0.4,0.0,0.0,3.761,0.07,60,3.47,1.45,5.3,4.7,6.1,1.19,1.15,1.26,-32.3,0.3,0.3,2,6,0.474,4,-66,26,1,16.7,0.8,-2,-11,-36,8.029,0.048,7.65,8.14,0.03,0.5,167.93124999999998,58.89972222222222,-28.889126,20.228388,48.54102,PM*,G0
HD 97343, ,11,12,1.1,-,26,8,12,277,32,7.046,0.459,2.573,0.0,3.729,0.03,22,5.37,0.29,0.0,0.0,0.0,0.86,0.84,0.95,39.2,0.1,0.1,4,1029,0.932,1,274,-65,2,46.2,0.8,31,-27,26,7.998,0.011,6.39,8.61,0.15,0.62,168.0045833333333,-26.136666666666667,2.2737198,-18.517992,11.658224,PM*,G8.5V
HD 97356, ,11,12,16.3,-,1,11,13,259,53,8.158,0.405,2.588,0.002,3.754,-0.02,47,4.82,0.33,8.4,0.0,14.4,0.96,0.89,1.04,-19.5,0.2,0.5,5,4020,0.146,2,82,-160,1,21.5,1.0,35,-9,-25,8.005,0.037,6.94,9.12,0.14,0.3,168.06791666666663,-1.1869444444444444,-5.3970866,-27.765625,37.53587,PM*,G3/5V
HD 97507, ,11,12,54.0,-,34,24,24,281,24,8.583,0.402,2.582,0.016,3.749,-0.59,64,4.55,1.14,17.2,12.3,0.0,0.83,0.82,0.87,72.3,0.2,0.5,4,1444,0.098,4,294,-44,2,15.6,1.0,96,-39,52,7.989,0.026,5.16,10.32,0.33,1.7,168.22499999999997,-34.406666666666666,11.156005,-57.392708,26.031145,PM*,G3V
HD 97517, ,11,13,10.5,-,18,9,55,272,39,8.114,0.389,2.613,0.018,3.758,-0.23,50,4.62,0.62,11.3,6.5,16.0,0.93,0.86,0.99,-4.2,0.3,0.6,5,1920,0.024,1,-343,-197,2,20.0,1.0,-47,-49,-65,7.998,0.031,5.63,8.34,0.19,1.22,168.29374999999996,-18.165277777777778,1.3560929,-38.83363,31.466019,PM*,G3V
HD 97711, ,11,15,7.1,+,45,3,41,164,64,7.638,0.415,2.601,0.025,3.764,0.1,84,2.91,1.92,3.5,2.4,4.0,1.47,1.43,1.51,2.0,0.2,0.1,2,371,0.686,3,-48,-56,1,11.9,0.8,-12,-27,1,8.036,0.075,6.76,8.04,0.09,0.14,168.7795833333333,45.061388888888885,-35.396713,10.149844,75.4987,PM*,G0
HD 97783, ,11,14,49.9,-,23,38,47,276,34,9.056,0.392,2.568,0.0,3.75,-0.81,72,4.77,1.03,17.4,9.2,0.0,0.8,0.78,0.85,91.5,0.2,0.5,4,3282,0.137,4,308,27,2,13.9,1.2,94,-34,98,7.994,0.04,5.49,11.01,0.33,3.84,168.70791666666665,-23.64638888888889,6.239372,-59.363716,40.261887,PM*,G1/2V
HD 97854, ,11,16,32.8,+,69,13,4,135,46,8.242,0.38,0.0,0.0,3.77,0.13,81,3.69,0.96,3.7,3.0,6.6,1.22,1.13,1.28,-7.4,0.3,0.1,2,1444,0.885,7,-61,-35,1,12.3,0.8,-16,-22,-6,8.04,0.058,7.0,8.06,0.07,0.06,169.13666666666666,69.21777777777778,-39.78701,39.78701,58.26652,PM*,G0
HD 97884,*,11,14,56.8,-,52,21,15,288,8,9.154,0.443,0.0,0.0,3.737,-0.05,69,4.96,0.59,16.1,7.6,0.0,0.89,0.85,0.94,11.1,0.3,0.4,2,360,0.277,2,-63,-2,2,6.4,1.3,-14,-17,-6,7.978,0.009,7.23,7.99,0.05,0.02,168.73666666666665,-52.35416666666667,21.114676,-64.98426,9.602944,PM*,G5IV/V
HD 97998, ,11,15,49.0,-,39,19,24,283,20,7.359,0.402,2.577,0.0,3.748,-0.56,28,5.16,0.53,0.0,0.0,0.0,0.81,0.78,0.91,43.3,0.2,0.3,4,2161,0.35,3,-175,189,2,36.3,0.9,-22,-42,28,7.994,0.009,5.99,8.03,0.15,0.64,168.95416666666665,-39.32333333333334,5.91878,-25.637033,9.576564,PM*,G1V
HD 98017, ,11,16,30.1,+,18,38,29,229,67,8.974,0.309,2.647,0.008,3.801,-0.29,170,2.82,1.49,2.5,2.2,3.1,1.32,1.2,1.42,-5.5,0.7,1.0,2,48,0.235,18,-39,0,1,3.6,1.4,-26,-9,-16,8.044,0.156,7.56,8.33,0.05,0.21,169.12541666666664,18.641388888888887,-43.578266,-50.131065,156.48582,*,G
HD 98078, ,11,17,5.2,+,21,17,47,223,68,8.274,0.432,2.583,0.0,3.739,-0.13,41,5.19,0.38,14.1,0.0,0.0,0.86,0.83,0.94,18.0,0.2,0.2,2,365,0.517,2,-207,-514,1,24.2,1.2,1,-109,-11,8.011,0.038,3.04,8.03,0.45,0.06,169.27166666666665,21.29638888888889,-11.232769,-10.474724,38.014538,PM*,G5
HD 98163, ,11,16,58.7,-,46,31,57,286,13,8.499,0.432,2.597,0.0,3.742,-0.12,83,3.89,1.61,9.6,7.9,11.7,1.03,0.96,1.07,43.2,0.2,0.1,2,1090,0.669,3,-33,-45,2,12.0,1.0,8,-47,-10,7.977,0.019,5.64,8.05,0.18,0.04,169.24458333333334,-46.5325,22.29153,-77.73985,18.670937,PM*,G5
HD 98170, ,11,16,21.7,-,68,13,49,294,-7,9.399,0.38,2.599,0.015,3.76,-0.44,83,4.79,0.58,10.3,0.8,17.5,0.87,0.82,0.97,12.4,0.2,0.2,2,383,0.602,4,-94,29,2,12.0,1.0,-30,-27,-4,7.966,-0.01,6.58,8.13,0.11,0.04,169.09041666666667,-68.23027777777779,33.507507,-75.25909,-10.115156,PM*,G0V
HD 98222, ,11,17,35.1,-,38,22,51,283,21,8.171,0.423,2.591,0.0,3.745,-0.07,43,5.03,0.37,0.0,0.0,0.0,0.89,0.85,0.98,26.9,0.2,0.1,4,2161,0.866,3,-254,22,3,23.5,1.0,-41,-41,-4,7.991,0.015,5.83,8.24,0.17,0.04,169.39624999999998,-38.380833333333335,9.030432,-39.11507,15.4098215,PM*,G5V
HD 98281, ,11,18,22.0,-,5,4,2,265,51,7.272,0.457,0.0,0.0,3.726,-0.25,22,5.56,0.36,0.0,0.0,0.0,0.82,0.79,0.89,12.9,0.1,0.3,14,3431,0.435,2,795,-152,1,45.5,1.0,79,10,31,8.001,0.017,6.62,11.54,0.27,0.9,169.59166666666664,-5.067222222222222,-1.206675,-13.792365,17.097212,PM*,G8V
HD 98553, ,11,20,11.5,-,19,34,40,275,38,7.542,0.37,2.586,-0.005,3.764,-0.38,34,4.89,0.34,5.6,0.0,13.6,0.92,0.84,1.0,-36.6,0.2,0.3,4,3279,0.529,3,69,-69,2,29.5,0.9,13,26,-27,7.998,0.021,7.87,10.44,0.14,0.36,170.04791666666665,-19.57777777777778,2.3351085,-26.690414,20.932491,PM*,G2VFe-0.7
HD 98578, ,11,20,22.6,-,20,40,31,276,37,8.548,0.48,0.0,0.0,3.711,-0.73,31,6.09,0.41,0.0,0.0,0.0,0.74,0.7,0.78,-13.1,0.2,0.4,4,1776,0.137,2,-127,3,2,0.0,0.0,-17,4,-14,7.997,0.019,7.95,8.64,0.04,0.11,170.09416666666664,-20.67527777777778,2.587882,-24.622078,18.656265,PM*,G6V
HD 98586, ,11,19,36.8,-,64,41,21,293,-4,9.558,0.385,2.637,0.038,3.784,0.24,93,4.54,-0.32,0.9,0.0,3.3,1.14,1.1,1.18,1.3,0.5,0.7,2,455,0.041,5,-107,4,2,10.7,1.0,-41,-18,-15,7.963,-0.006,6.81,8.44,0.11,0.12,169.9033333333333,-64.68916666666667,36.24949,-85.398415,-6.487352,PM*,G3V
HD 98593, ,11,20,27.5,-,26,9,26,279,32,7.946,0.355,2.63,0.015,3.778,-0.18,61,4.02,0.72,5.8,3.6,8.8,1.06,1.0,1.12,16.9,0.2,0.1,2,757,0.66,5,36,-84,2,16.4,0.9,23,-21,-6,7.992,0.033,6.71,8.47,0.12,0.04,170.11458333333334,-26.15722222222222,8.0925045,-51.09404,32.325077,PM*,G0V
HD 98618, ,11,21,29.0,+,58,29,3,143,55,7.658,0.411,0.0,0.0,3.75,-0.15,39,4.72,0.63,13.4,7.8,0.0,0.9,0.86,0.96,6.9,0.2,0.2,3,1746,0.633,1,38,27,2,25.8,0.9,2,9,6,8.018,0.032,7.94,9.08,0.07,0.21,170.3708333333333,58.48416666666667,-17.86506,13.462292,31.94693,PM*,G5V
HD 98625,*,11,19,57.7,-,63,54,32,293,-3,9.721,0.425,0.0,0.0,3.746,0.07,85,5.06,0.2,6.5,0.0,15.1,0.95,0.88,1.02,-2.7,0.3,0.4,2,360,0.286,5,-119,22,3,11.7,1.2,-46,-16,-8,7.967,-0.004,6.84,8.6,0.11,0.02,169.99041666666665,-63.90888888888889,33.166637,-78.13567,-4.4485564,PM*,G6/K0IV/V
HD 98630, ,11,21,2.5,+,7,3,52,252,61,8.075,0.377,2.632,0.028,3.789,0.32,102,2.91,1.16,2.0,1.5,3.0,1.43,1.37,1.49,13.7,0.3,0.1,2,1083,0.752,7,22,-55,2,9.8,1.1,20,-24,6,8.016,0.089,6.64,8.38,0.12,0.23,170.26041666666666,7.064444444444444,-15.281075,-47.030293,89.21121,PM*,G0
HD 98649, ,11,20,51.7,-,23,13,2,277,35,8.004,0.405,2.588,-0.007,3.754,0.08,43,4.85,0.23,6.2,0.0,12.2,1.0,0.92,1.06,3.8,0.2,0.4,4,1511,0.242,2,-199,-175,2,23.4,1.0,-17,-34,-38,7.996,0.025,6.38,8.01,0.11,0.53,170.21541666666664,-23.21722222222222,4.2926626,-34.960987,24.663788,PM*,G3/5V
HD 98868, ,11,22,19.4,-,43,19,29,286,17,9.641,0.38,0.0,0.0,3.761,-0.34,95,4.75,0.52,9.7,0.0,15.9,0.91,0.84,0.98,-33.5,0.2,0.1,3,1480,0.937,3,-176,86,2,7.3,1.5,-94,9,-2,7.975,0.027,6.64,11.12,0.25,0.09,170.58083333333332,-43.32472222222223,25.04135,-87.32961,27.77531,PM*,G3V
HD 98870,*,11,22,14.7,-,48,56,43,288,11,9.28,0.461,0.0,0.0,3.726,-0.07,62,5.31,0.48,0.0,7.1,0.0,0.86,0.83,0.91,13.7,0.2,0.1,2,1098,0.679,3,-89,-17,2,16.1,1.2,-17,-23,-10,7.981,0.012,6.93,8.01,0.07,0.04,170.56125,-48.945277777777775,18.807056,-57.88214,11.830158,PM*,G8IV/V
HD 98966, ,11,22,28.9,-,67,47,13,295,-6,9.352,0.421,2.581,0.02,3.753,-0.22,104,4.18,1.17,11.6,9.1,14.4,0.95,0.89,1.01,18.5,0.2,0.1,2,1090,0.949,2,44,75,2,9.6,1.0,16,-17,41,7.957,-0.012,7.05,8.41,0.09,0.97,170.62041666666667,-67.78694444444444,43.711517,-93.73967,-10.87096,PM*,G3wF7V
HD 99116, ,11,23,50.1,-,56,41,41,291,4,8.359,0.446,0.0,0.0,3.732,-0.12,40,5.37,0.34,0.0,0.0,0.0,0.85,0.82,0.92,37.0,0.2,0.2,4,2166,0.855,3,214,-135,2,25.2,1.0,57,-19,-7,7.986,0.003,6.21,9.43,0.21,0.0,170.95874999999998,-56.69472222222222,14.299794,-37.252254,2.790259,PM*,G8V
HD 99126, ,11,24,21.7,-,5,54,35,267,51,6.949,0.339,2.621,-0.002,3.785,-0.22,47,3.57,1.04,5.7,3.1,6.8,1.12,1.07,1.19,-29.3,0.2,0.3,2,373,0.396,9,-89,-93,2,21.1,0.9,-6,-4,-41,8.001,0.037,7.94,8.22,0.02,0.59,171.09041666666664,-5.909722222222222,-1.548001,-29.537521,36.52586,PM*,G0V
HD 99190,*,11,24,25.2,-,47,30,21,288,13,8.546,0.364,0.0,0.0,3.77,-0.26,74,4.21,0.78,8.1,5.2,11.8,0.99,0.95,1.05,3.0,0.3,0.5,2,1073,0.23,8,-64,25,1,13.6,1.0,-22,-10,1,7.978,0.016,7.53,8.16,0.04,0.12,171.105,-47.505833333333335,22.281181,-68.574394,16.646378,PM*,G0/2V
HD 99303, ,11,25,39.9,+,20,0,7,228,69,8.348,0.513,0.0,0.0,3.703,-0.11,30,5.93,0.35,0.0,0.0,0.0,0.81,0.78,0.86,4.0,0.2,0.1,2,365,0.962,3,-202,-91,1,32.8,1.2,-21,-23,-8,8.007,0.028,6.88,8.06,0.08,0.03,171.41624999999996,20.001944444444444,-7.193851,-7.989578,28.007412,PM*,G5V
HD 99404, ,11,26,25.0,+,10,25,22,249,64,8.653,0.426,2.587,0.0,3.743,-0.13,53,5.04,0.45,14.2,4.2,0.0,0.88,0.84,0.95,26.1,0.2,0.1,2,707,0.952,1,-380,-13,1,18.9,1.1,-86,-48,-8,8.008,0.048,5.08,9.13,0.29,0.05,171.60416666666666,10.422777777777776,-8.3262005,-21.690504,47.636086,PM*,G4
HD 99419, ,11,26,27.1,+,20,31,5,227,70,7.942,0.383,2.6,0.005,3.762,-0.23,45,4.68,0.47,9.5,3.6,14.6,0.94,0.87,1.01,5.0,0.2,0.2,2,365,0.576,3,-109,-67,1,22.3,1.0,-15,-23,-5,8.011,0.042,6.97,8.02,0.07,0.05,171.61291666666665,20.518055555555556,-10.496573,-11.256197,42.286167,PM*,G5
HD 99505, ,11,27,3.2,+,21,51,8,224,70,7.59,0.407,2.592,0.016,3.748,-0.34,32,5.03,0.52,14.3,4.5,0.0,0.85,0.82,0.92,-1.2,0.2,0.1,2,365,0.818,4,-48,-173,1,30.8,1.1,5,-26,-7,8.008,0.031,6.69,8.11,0.1,0.03,171.76333333333332,21.852222222222224,-7.8729186,-7.6027894,30.070164,PM*,G5
HD 99589, ,11,26,30.2,-,67,4,44,295,-6,8.859,0.365,2.63,0.021,3.783,-0.03,81,4.24,0.24,3.6,0.0,6.4,1.1,1.04,1.16,1.4,0.2,0.4,2,452,0.279,6,-89,20,2,12.4,0.8,-31,-15,-4,7.966,-0.008,7.11,8.25,0.07,0.05,171.62583333333333,-67.07888888888888,34.044544,-73.00878,-8.466805,PM*,G0V
HD 99610, ,11,27,30.2,-,12,26,9,273,46,7.411,0.434,2.595,0.0,3.744,0.13,35,4.71,0.55,11.0,6.6,15.1,0.95,0.91,1.04,21.6,0.2,0.2,2,443,0.616,1,-89,-55,2,28.8,0.8,-8,-26,5,7.999,0.025,6.79,8.0,0.08,0.19,171.8758333333333,-12.435833333333333,1.272451,-24.279722,25.176893,PM*,G4VCN+0.5
HD 99663, ,11,28,8.9,+,10,42,35,249,64,8.807,0.274,2.677,0.014,3.823,-0.29,240,1.91,1.91,1.5,1.3,1.8,1.6,1.5,1.71,-19.0,4.0,0.0,1,0,0.0,50,-24,-14,2,4.1,1.3,-14,-15,-30,8.037,0.217,7.47,8.05,0.04,0.45,172.0370833333333,10.709722222222222,-37.70355,-98.221146,215.71057,*,G5
HD 99688, ,11,28,11.8,+,20,4,1,229,70,8.165,0.342,2.634,0.003,3.785,0.0,73,3.85,0.56,3.6,2.4,5.1,1.16,1.09,1.23,-4.1,0.5,0.2,2,2165,0.812,18,-32,-21,1,13.7,1.2,-6,-9,-8,8.017,0.068,7.72,8.06,0.02,0.07,172.04916666666665,20.066944444444445,-16.380135,-18.843191,68.597565,*,G0
HD 99810, ,11,29,16.4,+,36,54,42,178,70,8.683,0.36,2.647,0.033,3.797,0.26,97,3.61,0.32,1.9,0.0,3.4,1.3,1.25,1.36,4.2,0.5,0.7,2,5017,0.221,15,-98,2,2,10.3,1.2,-41,-16,-10,8.033,0.091,6.96,8.55,0.1,0.11,172.3183333333333,36.91166666666666,-33.155746,1.1578227,91.150185,PM*,G5
HD 99996, ,11,30,26.8,+,26,55,22,209,72,8.609,0.37,2.62,0.023,3.781,-0.16,64,4.48,0.17,2.8,0.0,7.7,1.04,0.98,1.1,-0.9,0.3,0.2,2,707,0.564,6,-110,-18,2,15.6,1.0,-27,-18,-11,8.017,0.061,7.12,8.19,0.07,0.09,172.61166666666665,26.922777777777778,-17.297428,-9.588122,60.86762,PM*,G5
HD 100289,*,11,32,14.4,-,31,22,58,284,29,8.999,0.457,0.0,0.0,3.731,0.04,53,5.37,0.24,0.0,0.0,0.0,0.88,0.84,0.96,-19.8,0.3,0.3,2,363,0.352,2,-77,-68,2,18.8,1.3,-13,3,-30,7.989,0.025,7.98,8.58,0.04,0.37,173.05999999999997,-31.38277777777778,11.214255,-44.97791,25.69491,PM*,G8/K0V
HD 100394,*,11,32,55.5,-,32,4,22,284,28,9.14,0.394,0.0,0.0,3.751,-0.72,77,4.71,1.01,16.4,9.5,0.0,0.82,0.79,0.86,40.7,0.3,0.1,2,363,0.806,3,-104,65,2,13.0,1.2,-35,-41,27,7.983,0.036,5.93,8.15,0.16,0.63,173.23125,-32.07277777777778,16.447538,-65.96746,36.14931,PM*,G3/5V
HD 100485, ,11,34,7.2,+,48,34,5,153,64,7.948,0.362,0.0,0.0,3.776,-0.3,109,2.77,2.12,3.7,2.9,4.6,1.32,1.15,1.4,-18.3,0.5,0.0,1,0,0.0,15,22,-28,2,9.2,1.0,21,-12,-8,8.043,0.098,7.12,8.66,0.1,0.1,173.52999999999997,48.56805555555556,-42.574482,21.692787,97.96855,*,G0
HD 100555, ,11,33,56.6,-,48,49,9,290,12,8.166,0.45,0.0,0.0,3.732,-0.09,42,5.03,0.65,0.0,12.4,0.0,0.87,0.85,0.91,18.6,0.1,0.2,4,2166,0.65,2,-275,-122,1,23.6,1.0,-33,-41,-35,7.986,0.009,5.92,8.13,0.16,0.46,173.48583333333335,-48.81916666666667,14.050937,-38.60464,8.732291,PM*,G6V
HD 100566, ,11,34,19.1,-,15,30,43,277,43,8.425,0.348,2.619,-0.002,3.78,-0.13,70,4.2,0.44,5.1,2.0,7.7,1.06,1.0,1.13,8.6,0.4,0.6,2,443,0.103,4,-93,2,1,14.3,1.0,-27,-18,-3,7.994,0.048,7.09,8.17,0.07,0.08,173.57958333333332,-15.511944444444444,6.239062,-50.813164,47.739883,PM*,G1/2V
HD 100667, ,11,35,25.3,+,53,34,26,146,60,8.052,0.422,0.0,0.0,3.745,-0.17,67,3.93,1.55,10.0,8.6,11.6,1.02,0.97,1.06,-17.1,0.2,0.2,3,2147,0.63,1,-106,76,2,15.0,0.9,-28,3,-34,8.027,0.058,7.8,8.91,0.07,0.48,173.85541666666666,53.573888888888895,-27.772753,18.732964,58.023705,PM*,G5
HD 100796, ,11,36,5.5,+,30,43,16,196,73,8.39,0.378,2.605,0.008,3.767,-0.1,95,3.5,1.42,6.0,4.7,7.5,1.12,1.07,1.19,42.7,0.2,0.1,2,704,0.757,2,-86,63,1,10.5,1.1,-57,7,29,8.027,0.091,7.32,9.95,0.15,0.74,174.02291666666665,30.72111111111111,-26.699348,-7.655914,90.848946,PM*,G0
HD 100850, ,11,36,11.3,-,37,3,52,287,23,8.029,0.416,2.599,0.019,3.749,-0.09,60,4.14,1.18,11.0,9.2,12.9,0.99,0.94,1.05,37.1,0.1,0.2,5,2511,0.693,2,-48,-159,2,16.7,1.0,16,-50,-28,7.984,0.024,5.45,8.14,0.2,0.34,174.04708333333332,-37.06444444444444,16.14776,-52.816998,23.443867,PM*,G3V
HD 101117, ,11,37,47.9,-,52,53,28,292,8,7.876,0.403,2.643,0.065,3.796,0.54,63,3.62,0.22,1.0,0.0,1.8,1.31,1.28,1.35,36.0,0.2,0.3,4,1781,0.467,9,-129,-82,3,16.0,1.0,-13,-49,-27,7.977,0.009,5.57,7.98,0.18,0.31,174.44958333333332,-52.89111111111111,23.370523,-57.84412,8.767905,PM*,G1IV/V
HD 101227, ,11,39,6.2,+,44,18,20,158,68,8.46,0.429,2.572,0.0,3.735,-0.44,37,5.59,0.29,0.0,0.0,0.0,0.81,0.77,0.88,11.3,0.2,0.3,2,704,0.39,1,-235,51,2,26.7,1.1,-44,-7,-3,8.013,0.035,7.22,8.83,0.1,0.07,174.7758333333333,44.30555555555555,-12.851181,5.192216,34.3058,PM*,G0
HD 101242, ,11,39,1.0,+,6,3,28,260,63,7.612,0.412,2.593,-0.001,3.751,0.05,34,4.93,0.24,6.6,0.0,13.8,0.97,0.89,1.04,23.5,0.2,0.2,2,439,0.586,2,-337,-122,2,29.1,1.0,-40,-48,-2,8.003,0.031,5.51,8.21,0.2,0.09,174.75416666666663,6.057777777777778,-2.6803768,-15.201177,30.294222,PM*,G5
HD 101348, ,11,39,36.5,-,35,13,57,287,25,7.816,0.45,0.0,0.0,3.738,0.06,81,3.27,2.18,4.3,3.5,5.6,1.25,1.22,1.29,12.4,0.2,0.2,4,1087,0.571,4,-223,45,2,12.3,1.1,-79,-40,-3,7.979,0.035,5.46,9.05,0.25,0.07,174.9020833333333,-35.2325,21.463259,-70.203224,34.23208,PM*,G2V
HD 101364, ,11,40,28.4,+,69,0,30,132,47,8.673,0.41,0.0,0.0,3.75,-0.1,67,4.55,0.76,12.5,8.2,16.7,0.93,0.88,0.98,5.4,0.3,0.1,2,637,0.725,1,-129,-3,2,15.0,0.8,-38,-14,-7,8.031,0.049,7.08,8.51,0.09,0.05,175.1183333333333,69.00833333333334,-30.575182,33.957172,49.000698,PM*,G5
HD 101444, ,11,40,30.8,+,3,39,14,264,61,8.508,0.457,0.0,0.0,3.731,0.04,41,5.44,0.17,0.0,0.0,0.0,0.87,0.84,0.96,-1.8,0.2,0.3,4,748,0.509,1,152,-82,1,24.3,1.2,34,0,0,8.002,0.036,7.2,9.39,0.13,0.12,175.1283333333333,3.653888888888889,-2.07773,-19.768305,35.85941,PM*,G8V
HD 101530, ,11,40,29.0,-,64,27,51,295,-3,8.07,0.384,2.606,0.009,3.761,-0.19,47,4.71,0.43,9.2,2.9,14.4,0.95,0.88,1.02,-9.6,0.2,0.2,5,2867,0.928,3,71,-14,2,21.3,0.8,10,15,1,7.98,-0.002,7.83,9.58,0.1,0.14,175.1208333333333,-64.46416666666667,19.835833,-42.53809,-2.45979,PM*,G2V
HD 101544, ,11,40,40.6,-,58,6,15,294,3,8.838,0.394,2.597,0.008,3.758,-0.19,79,4.36,0.85,11.2,7.5,14.4,0.96,0.9,1.02,6.7,0.2,0.1,2,325,0.803,2,-137,8,2,12.7,1.1,-43,-27,-11,7.968,0.005,6.42,8.36,0.13,0.05,175.16916666666663,-58.10416666666667,32.088158,-72.07118,4.1345406,PM*,G0V
HD 101588, ,11,41,27.0,+,9,0,58,257,65,8.768,0.396,2.602,0.015,3.756,-0.2,77,4.34,0.92,11.3,7.8,14.8,0.95,0.88,1.01,14.2,0.2,0.1,4,495,0.976,3,-268,50,2,0.0,0.0,-96,-30,-8,8.007,0.07,5.59,9.76,0.27,0.08,175.36249999999998,9.016111111111112,-7.320273,-31.707567,69.7857,PM*,G5
HD 101690, ,11,42,7.3,+,4,44,50,263,62,7.292,0.37,2.591,-0.011,3.768,-0.19,37,4.46,0.52,8.0,4.2,11.6,0.98,0.94,1.05,21.1,0.2,0.2,4,500,0.697,3,-230,33,2,27.1,0.9,-39,-22,10,8.002,0.033,6.76,8.39,0.11,0.28,175.53041666666664,4.747222222222223,-2.1169298,-17.240974,32.66906,PM*,G0
HD 101904, ,11,44,0.2,+,64,57,51,134,51,8.214,0.391,0.0,0.0,3.763,0.03,80,3.7,1.2,6.5,5.4,7.7,1.12,1.08,1.18,-10.4,0.2,0.2,2,706,0.632,3,-118,1,1,12.5,0.8,-34,-23,-20,8.035,0.062,6.8,8.31,0.1,0.2,176.0008333333333,64.96416666666667,-34.97301,36.21562,62.171677,PM*,G0
HD 101976, ,11,43,55.8,-,52,35,58,293,9,8.31,0.413,2.59,0.033,3.762,-0.24,84,3.55,1.61,7.1,5.7,8.6,1.09,1.02,1.15,-14.2,0.2,0.3,4,1775,0.515,3,42,149,2,11.9,1.1,-9,23,58,7.968,0.013,7.92,10.48,0.14,1.63,175.98249999999996,-52.599444444444444,32.417336,-76.37044,13.140496,PM*,G0/2V
HD 102089, ,11,44,19.5,-,73,18,15,298,-11,8.893,0.403,2.602,0.026,3.769,0.0,110,3.58,1.2,5.7,3.8,7.2,1.14,1.08,1.22,-11.3,0.2,0.1,2,319,0.757,3,5,10,2,9.1,0.9,-4,9,7,7.949,-0.021,7.93,8.96,0.06,0.23,176.08124999999998,-73.30416666666666,50.693073,-95.33978,-20.988989,*,G0V
HD 102117, ,11,44,50.4,-,58,42,13,294,3,7.462,0.455,0.0,0.0,3.735,0.09,42,4.34,1.15,12.6,10.9,14.3,0.99,0.96,1.02,48.9,0.2,0.3,4,1121,0.227,2,-62,-71,2,23.8,0.8,13,-49,-13,7.983,0.002,5.51,8.1,0.19,0.08,176.20999999999995,-58.703611111111115,17.059526,-38.316326,2.1981103,PM*,G6V
HD 102121, ,11,45,31.3,+,65,32,27,134,50,8.766,0.467,0.0,0.0,3.717,-0.5,39,5.82,0.44,0.0,0.0,0.0,0.77,0.74,0.83,19.0,0.2,0.2,5,1439,0.787,1,1,75,2,25.7,0.9,-11,20,7,8.017,0.03,8.02,9.75,0.1,0.23,176.38041666666663,65.54083333333332,-17.41419,18.032927,29.875732,PM*,G5
HD 102136, ,11,45,11.3,-,40,44,45,290,20,9.37,0.482,0.0,0.0,3.713,-0.39,53,5.75,0.52,0.0,0.0,0.0,0.78,0.75,0.84,-1.6,0.2,0.1,4,2193,0.982,1,-151,22,2,18.9,1.3,-36,-13,-5,7.983,0.018,7.15,8.43,0.08,0.03,176.29708333333332,-40.74583333333334,17.033867,-46.800175,18.127066,PM*,G8/K0V
HD 102158, ,11,45,30.5,+,47,40,0,151,66,8.064,0.394,2.58,0.003,3.753,-0.44,52,4.48,1.04,14.8,10.7,0.0,0.85,0.83,0.9,28.1,0.3,0.4,2,733,0.27,2,-591,-292,1,19.2,0.9,-114,-119,12,8.019,0.047,2.52,9.22,0.57,0.32,176.3770833333333,47.666666666666664,-18.498472,10.253869,47.504364,PM*,G2
HD 102161, ,11,45,31.4,+,25,6,39,217,75,8.404,0.407,2.596,0.016,3.754,-0.09,87,3.71,1.5,7.9,6.2,9.9,1.05,1.0,1.13,18.6,0.3,0.5,3,1053,0.134,3,-62,-37,1,11.5,1.3,-19,-27,11,8.018,0.084,6.73,8.06,0.09,0.29,176.3808333333333,25.110833333333336,-17.983084,-13.551225,84.035545,PM*,G3V
HD 102196, ,11,45,38.4,-,16,4,41,281,44,8.156,0.355,2.628,0.001,3.783,0.21,109,2.97,1.3,2.7,2.2,3.4,1.42,1.36,1.47,21.4,0.4,0.5,2,763,0.094,7,-36,-6,2,9.2,1.0,-12,-24,8,7.985,0.075,6.87,7.99,0.08,0.25,176.41,-16.078055555555554,14.960949,-76.96746,75.717766,*,G2V
HD 102238, ,11,45,31.9,-,71,14,41,298,-9,7.986,0.429,2.598,0.0,3.744,-0.06,49,4.56,0.85,14.8,9.9,0.0,0.91,0.88,0.97,9.8,0.1,0.3,5,1803,0.591,3,-29,-46,2,20.6,0.7,0,-9,-13,7.978,-0.008,7.61,8.14,0.03,0.09,176.38291666666663,-71.24472222222222,22.720892,-42.731773,-7.6652894,PM*,G3V
HD 102256, ,11,46,6.6,-,38,8,50,289,23,8.514,0.393,2.59,0.027,3.766,-0.33,47,5.02,0.13,0.0,0.0,9.6,0.93,0.86,0.99,1.3,0.2,0.4,4,1087,0.198,3,157,-144,2,21.1,1.2,44,5,-19,7.986,0.018,7.1,9.88,0.16,0.2,176.5275,-38.14722222222222,14.085293,-40.90666,18.364363,PM*,G3V
HD 102438, ,11,47,15.8,-,30,17,11,287,31,6.477,0.432,2.573,0.0,3.735,-0.38,18,5.23,0.61,0.0,9.5,0.0,0.83,0.8,0.87,13.7,0.2,0.3,4,1034,0.453,3,-265,-228,2,56.3,0.8,-8,-28,-14,7.996,0.009,6.66,8.0,0.09,0.1,176.8158333333333,-30.28638888888889,4.5110025,-14.754838,9.270685,PM*,G6V
HD 102732, ,11,49,44.5,+,6,31,23,265,65,7.909,0.394,2.608,0.024,3.771,-0.07,93,2.95,1.85,3.9,2.6,4.7,1.31,1.24,1.4,1.4,0.2,0.1,2,745,0.792,2,-68,-105,2,10.7,1.0,-4,-50,-22,8.004,0.085,5.52,8.01,0.18,0.25,177.43541666666664,6.523055555555556,-3.425524,-39.15394,84.28662,PM*,G5
HD 102824, ,11,50,20.9,+,10,4,2,260,68,8.624,0.358,2.635,0.015,3.778,0.01,88,3.89,0.67,4.0,2.7,6.7,1.13,1.06,1.2,-0.5,0.3,0.1,2,875,0.722,4,-90,-17,2,11.3,1.1,-29,-22,-11,8.006,0.082,6.88,8.19,0.09,0.1,177.58708333333334,10.067222222222222,-5.7243776,-32.46457,81.59218,PM*,G0
HD 103004, ,11,51,21.3,-,54,50,42,294,7,9.452,0.357,2.629,0.023,3.789,-0.13,157,3.37,1.07,3.2,2.6,5.1,1.18,1.11,1.27,-11.6,0.2,0.2,3,3275,0.656,6,-7,10,3,3.7,1.3,-11,9,4,7.936,0.019,7.93,8.85,0.05,0.18,177.83874999999998,-54.845,63.381664,-142.35754,19.133488,*,G2wF5
HD 103381,*,11,54,5.3,-,29,58,57,288,31,8.442,0.44,0.0,0.0,3.734,-0.21,45,5.19,0.55,0.0,9.9,0.0,0.85,0.82,0.89,15.5,0.2,0.3,3,529,0.459,8,-124,-34,2,22.4,0.9,-16,-27,-3,7.988,0.023,6.71,8.0,0.09,0.06,178.5220833333333,-29.982499999999998,11.919572,-36.684654,23.176714,PM*,G7V
HD 103539, ,11,55,40.5,+,67,15,53,131,49,7.295,0.365,0.0,0.0,3.775,-0.14,102,2.25,2.52,2.2,1.8,2.7,1.57,1.5,1.6,-64.2,0.4,0.0,1,0,0.0,8,29,-9,2,9.8,0.7,41,-29,-43,8.044,0.077,6.2,8.88,0.18,0.69,178.91875,67.26472222222222,-43.90217,50.503677,76.98038,*,G0
HD 103559, ,11,55,15.5,-,66,24,32,297,-4,8.394,0.434,2.608,0.0,3.738,-0.14,41,5.31,0.29,0.0,0.0,0.0,0.86,0.82,0.94,-7.6,0.2,0.4,4,1559,0.266,6,14,-64,2,24.2,0.8,1,10,-11,7.981,-0.003,7.91,9.05,0.07,0.06,178.8145833333333,-66.4088888888889,18.568258,-36.442284,-2.8600154,PM*,G3V
HD 103588,*,11,55,32.3,-,54,8,27,295,8,9.566,0.469,0.0,0.0,3.716,-0.79,52,5.99,0.45,0.0,0.0,0.0,0.74,0.7,0.78,176.2,0.2,0.3,3,525,0.506,4,-78,17,4,8.4,1.4,55,-167,25,7.978,0.007,1.13,8.41,0.76,0.65,178.88458333333332,-54.14083333333333,21.762274,-46.669357,7.2370014,PM*,G8V
HD 103592, ,11,55,51.9,+,59,40,25,135,56,8.66,0.403,0.0,0.0,3.757,0.0,82,4.09,0.98,8.6,6.1,11.2,1.03,0.97,1.09,-7.4,0.2,0.1,2,706,0.983,2,17,-60,3,7.0,1.0,15,-19,7,8.033,0.068,6.95,8.37,0.09,0.24,178.96624999999997,59.67361111111111,-32.423546,32.423546,67.98109,PM*,G0
HD 103639,*,11,55,52.9,-,52,44,10,294,9,9.751,0.399,0.0,0.0,3.754,-0.16,103,4.69,0.58,11.3,4.7,16.4,0.92,0.86,0.99,9.4,0.2,0.1,3,526,0.905,4,-249,21,9,0.0,0.0,-105,-61,-14,7.958,0.017,4.44,9.43,0.36,0.12,178.97041666666664,-52.736111111111114,41.378094,-92.936714,16.112751,PM*,G8/K2(III)+G
HD 103645, ,11,56,11.3,+,33,11,54,183,77,9.113,0.379,2.604,-0.003,3.767,0.04,70,4.87,-0.07,0.0,0.0,6.8,1.02,0.96,1.07,-2.3,0.2,0.4,3,1774,0.374,4,-59,0,2,14.2,1.2,-17,-9,-6,8.016,0.069,7.73,8.1,0.02,0.07,179.04708333333332,33.19833333333333,-15.724993,-0.8241124,68.2059,PM*,G
HD 103753, ,11,56,56.2,-,13,45,16,283,47,6.552,0.369,2.627,0.022,3.785,0.04,54,2.78,1.59,2.4,2.2,2.6,1.47,1.43,1.51,34.8,0.1,0.5,14,4800,0.027,9,32,-144,1,18.4,0.8,29,-42,4,7.991,0.04,5.71,8.38,0.19,0.18,179.23416666666665,-13.754444444444445,8.284482,-35.884007,39.4931,PM*,G1/2V
HD 103760, ,11,56,51.1,-,38,50,57,291,23,7.942,0.417,2.624,0.0,3.75,-0.04,48,4.55,0.71,11.5,7.6,15.8,0.95,0.89,1.0,27.1,0.1,0.3,5,2866,0.563,3,34,-25,2,21.0,0.9,18,-21,8,7.984,0.018,6.77,8.34,0.1,0.23,179.21291666666664,-38.84916666666667,15.834207,-41.24954,18.755095,*,G3V
HD 103854,*,11,57,30.1,-,39,13,4,292,22,9.048,0.472,0.0,0.0,3.716,-0.39,46,5.75,0.46,0.0,0.0,0.0,0.79,0.76,0.84,36.3,0.2,0.1,2,361,0.747,3,128,-102,3,21.9,1.1,44,-25,0,7.984,0.017,6.2,8.93,0.18,0.12,179.37541666666664,-39.217777777777776,15.977133,-39.54482,17.231903,PM*,G8/K0V
HD 104056, ,11,59,3.0,-,4,46,38,279,56,9.014,0.375,2.588,0.001,3.762,-0.39,79,4.53,0.76,10.9,5.8,15.6,0.91,0.84,0.99,-22.9,0.2,0.5,6,5024,0.207,3,111,-180,2,12.7,1.2,67,-18,-45,7.993,0.065,6.14,9.89,0.23,0.79,179.76249999999996,-4.777222222222222,6.9106894,-43.632355,65.49397,PM*,G3V
HD 104058, ,11,59,2.2,-,23,24,50,288,38,7.708,0.467,0.0,0.0,3.72,-0.48,25,5.72,0.47,0.0,0.0,0.0,0.78,0.75,0.83,14.2,0.1,0.2,5,1088,0.869,1,-1,-28,2,0.0,0.0,5,-12,6,7.994,0.015,7.39,8.2,0.05,0.2,179.75916666666663,-23.413888888888888,6.087721,-18.736069,15.391538,*,G5V
HD 104076, ,11,59,13.5,+,24,37,40,222,78,8.414,0.395,2.6,0.009,3.758,-0.1,114,3.14,1.99,4.7,3.6,6.2,1.21,1.12,1.28,0.6,0.4,0.5,2,452,0.344,14,-52,13,2,8.8,1.0,-28,-6,-5,8.018,0.111,7.58,8.43,0.05,0.12,179.80624999999998,24.62777777777778,-17.613968,-15.859685,111.50883,PM*,G0V
HD 104212, ,12,0,3.3,-,46,47,3,294,15,8.375,0.414,2.623,0.045,3.777,0.35,86,3.5,0.79,2.6,1.9,3.8,1.31,1.26,1.37,64.6,0.2,0.1,4,1892,0.929,2,-187,-88,1,11.6,1.1,-31,-97,-30,7.966,0.023,3.49,8.02,0.39,0.35,180.01375,-46.784166666666664,33.787457,-75.88787,22.258438,PM*,G3V
HD 104222, ,12,0,12.5,-,20,44,8,287,41,10.351,0.392,0.0,0.0,3.755,-0.7,156,4.39,1.24,14.1,9.9,0.0,0.83,0.8,0.89,-6.7,0.2,0.1,3,3711,0.923,4,-4,-4,3,3.6,1.8,-3,2,-7,7.965,0.101,7.91,8.49,0.04,0.1,180.0520833333333,-20.735555555555557,34.422264,-112.59026,102.34521,*,G2/3V
HD 104243, ,12,0,14.3,+,5,21,48,271,65,8.398,0.456,2.577,0.0,3.729,-0.02,36,5.62,0.07,0.0,0.0,0.0,0.88,0.82,0.93,16.5,0.3,0.6,4,1851,0.046,2,-302,-127,2,27.8,1.0,-34,-47,-3,8.0,0.033,5.6,8.14,0.18,0.07,180.0595833333333,5.363333333333333,0.2655241,-15.211941,32.62708,PM*,G9
HD 104304, ,12,0,44.4,-,10,26,45,283,50,5.546,0.464,2.583,0.0,3.73,0.25,13,4.99,0.51,16.3,7.7,0.0,0.92,0.89,1.05,0.0,0.1,0.3,12,4774,0.428,2,142,-483,1,77.5,0.8,21,-15,-16,7.998,0.01,6.95,8.54,0.1,0.13,180.185,-10.445833333333333,1.879746,-8.142068,9.958578,PM*,G8IV
HD 104437, ,12,1,40.8,+,39,35,11,159,74,8.632,0.414,0.0,0.0,3.753,0.18,65,4.57,0.45,8.0,3.6,11.7,1.05,0.99,1.1,-19.2,0.2,0.1,2,361,0.713,4,19,-70,1,15.4,1.1,19,-18,-13,8.017,0.062,6.89,8.45,0.1,0.11,180.42,39.58638888888889,-16.72643,6.4206743,62.48201,PM*,G5IV
HD 104860, ,12,4,33.7,+,66,20,11,130,50,7.915,0.381,0.0,0.0,3.762,-0.21,48,4.52,0.61,9.7,5.9,14.0,0.96,0.9,1.01,-12.0,0.3,0.2,2,471,0.64,15,-56,50,2,20.9,0.7,-9,-3,-18,8.02,0.037,8.02,8.16,0.01,0.17,181.14041666666665,66.33638888888889,-19.832443,23.635386,36.770134,PM*,G0/F9V
HD 104982, ,12,5,13.4,-,28,43,1,291,33,7.785,0.417,2.595,0.028,3.744,-0.4,36,5.0,0.68,0.0,9.3,0.0,0.84,0.81,0.88,10.5,0.1,0.2,6,1535,0.785,2,203,-410,2,27.7,0.9,61,-23,-44,7.989,0.02,6.06,9.53,0.22,0.76,181.30583333333334,-28.716944444444444,10.819891,-28.186792,19.607006,PM*,G2V
HD 104988, ,12,5,12.5,-,1,30,32,280,59,8.159,0.455,0.0,0.0,3.729,-0.09,33,5.59,0.16,0.0,0.0,0.0,0.85,0.81,0.92,16.1,0.2,0.4,6,3653,0.175,3,-515,57,1,30.6,1.0,-73,-38,4,7.997,0.028,5.63,8.94,0.23,0.17,181.30208333333331,-1.508888888888889,2.9513686,-16.738045,28.286522,PM*,G8/K0V
HD 105034, ,12,5,38.2,+,28,17,40,204,80,8.994,0.372,2.602,0.001,3.766,-0.26,84,4.37,0.72,9.2,5.4,13.2,0.97,0.91,1.03,-20.5,0.3,0.4,2,707,0.307,2,163,-98,2,11.9,1.1,78,-3,-8,8.014,0.083,6.32,10.76,0.26,0.1,181.40916666666664,28.294444444444448,-13.325386,-5.9328423,82.72385,PM*,G1V
HD 105237, ,12,6,59.5,+,47,8,32,144,68,8.483,0.319,0.0,0.0,3.796,-0.25,114,3.21,1.18,3.0,2.5,4.8,1.19,1.12,1.3,10.6,0.6,0.9,2,730,0.073,8,23,-7,2,8.8,1.0,9,5,13,8.034,0.105,7.81,9.0,0.07,0.36,181.74791666666664,47.14222222222222,-34.5492,25.101461,105.69895,*,G0
HD 105328, ,12,7,39.0,-,23,58,33,290,38,6.72,0.383,2.612,0.007,3.768,0.13,38,3.8,0.9,6.2,3.2,7.4,1.21,1.1,1.25,10.6,0.2,0.4,5,4101,0.164,5,112,-242,2,26.1,0.8,39,-21,-23,7.99,0.023,6.45,8.88,0.16,0.25,181.9125,-23.97583333333333,10.24159,-28.138542,23.395138,PM*,G0V
HD 105585, ,12,9,16.2,+,42,28,54,149,72,8.477,0.423,0.0,0.0,3.746,0.04,54,4.8,0.49,11.1,5.1,16.5,0.93,0.88,1.01,0.0,0.3,0.5,2,707,0.139,4,-132,-10,1,18.4,1.1,-29,-18,-5,8.014,0.052,7.06,8.22,0.08,0.06,182.3175,42.48166666666667,-14.303479,8.594398,51.35705,PM*,G5IV
HD 105665, ,12,9,58.0,-,13,26,7,288,48,8.344,0.336,2.608,-0.021,3.785,-0.16,80,3.83,0.73,4.1,2.9,6.7,1.11,1.05,1.18,-64.1,0.2,0.2,4,647,0.787,4,-20,16,2,12.5,1.1,-22,40,-46,7.984,0.06,7.95,11.56,0.19,0.91,182.49166666666667,-13.435277777777777,16.541824,-50.910477,59.45159,*,G0/1V
HD 105690, ,12,10,6.4,-,49,10,50,296,13,8.173,0.445,0.0,0.0,3.731,-0.27,38,5.28,0.56,0.0,10.2,0.0,0.83,0.81,0.88,15.9,0.1,0.3,6,2918,0.421,8,-149,-60,1,26.4,1.0,-14,-28,-11,7.984,0.009,6.66,7.99,0.09,0.05,182.5266666666666,-49.18055555555555,16.231152,-33.278805,8.54814,PM*,G5V
HD 105692,*,12,10,7.9,-,56,59,24,297,5,9.061,0.444,0.0,0.0,3.736,0.05,50,5.58,-0.08,0.0,0.0,11.2,0.91,0.84,0.95,-3.0,0.2,0.2,3,526,0.628,2,-154,-2,3,20.1,1.3,-33,-14,-7,7.977,0.005,7.13,8.33,0.08,0.01,182.53291666666664,-56.99,22.613134,-44.380806,4.3577867,PM*,G6V
HD 105755, ,12,10,15.8,+,54,29,17,136,62,8.59,0.387,2.572,0.0,3.754,-0.96,78,4.13,1.68,14.3,11.5,17.3,0.81,0.8,0.86,-37.4,0.3,0.1,2,402,0.745,1,64,-23,2,12.8,1.0,36,-8,-25,8.027,0.069,6.94,9.19,0.14,0.3,182.5658333333333,54.488055555555555,-26.341347,25.43755,68.86991,PM*,G0Vw
HD 105837, ,12,10,57.9,-,46,19,19,296,16,7.528,0.368,2.617,0.031,3.764,-0.55,38,4.64,0.71,10.3,4.4,15.7,0.88,0.82,0.97,13.7,0.2,0.4,4,4763,0.183,3,89,169,2,26.5,0.9,11,1,35,7.984,0.01,7.68,8.92,0.07,0.84,182.74124999999995,-46.32194444444445,16.01279,-32.8311,10.474219,PM*,G0VFe-0.9
HD 105901, ,12,11,17.8,-,5,55,33,285,56,8.2,0.4,2.612,0.024,3.769,0.07,50,4.61,0.12,2.4,0.0,7.9,1.06,0.99,1.12,-7.6,0.1,0.2,6,4236,0.725,3,-273,-106,2,20.1,1.0,-45,-44,-29,7.993,0.041,5.68,8.29,0.19,0.36,182.82416666666663,-5.925833333333333,7.236487,-27.006943,41.45188,PM*,G3/5V
HD 106087,*,12,12,28.9,-,66,0,28,299,-3,9.172,0.49,0.0,0.0,3.709,-0.31,44,5.96,0.33,0.0,0.0,0.0,0.78,0.75,0.84,-4.9,0.2,0.1,3,526,0.859,4,-172,-54,2,22.8,1.0,-32,-11,-16,7.979,-0.003,7.28,8.38,0.07,0.13,183.12041666666664,-66.00777777777778,21.302387,-38.430527,-2.3027823,PM*,G8/K0V
HD 106210, ,12,13,13.1,+,10,49,18,272,71,7.568,0.421,2.587,0.0,3.744,-0.18,34,4.92,0.59,16.0,9.1,0.0,0.87,0.84,0.92,-24.9,0.1,0.2,7,1826,0.774,2,10,-591,1,29.5,0.9,48,-69,-50,8.0,0.032,4.51,8.56,0.31,0.9,183.3045833333333,10.821666666666667,0.3863115,-11.062573,32.147633,PM*,G3V
HD 106252, ,12,13,29.5,+,10,2,29,274,71,7.425,0.39,2.595,0.0,3.76,-0.12,37,4.56,0.54,9.2,5.2,13.5,0.96,0.91,1.03,15.4,0.5,0.7,2,426,0.048,1,24,-280,2,26.7,0.9,29,-44,0,7.999,0.035,5.64,8.36,0.19,0.12,183.37291666666667,10.04138888888889,0.8402891,-12.016678,34.984188,PM*,G0
HD 106270, ,12,13,37.2,-,9,30,48,288,52,7.596,0.458,0.0,0.0,3.731,-0.03,88,2.88,2.78,2.9,2.4,3.6,1.29,1.25,1.41,23.7,0.2,0.2,2,721,0.529,4,-99,-42,1,11.4,1.0,-24,-45,3,7.984,0.069,5.75,8.03,0.17,0.16,183.40499999999997,-9.513333333333334,16.741995,-51.52654,69.34495,PM*,G5IV
HD 106311, ,12,12,55.5,+,83,30,11,124,34,8.215,0.376,2.619,0.018,3.771,-0.11,147,2.38,2.45,2.5,2.0,3.0,1.41,1.34,1.58,-0.2,0.5,0.0,1,0,0.0,14,-6,10,2,6.8,0.7,-5,1,-6,8.069,0.081,8.04,8.54,0.03,0.09,183.23124999999996,83.50305555555556,-68.14801,101.03359,82.201355,*,G0
HD 106366, ,12,14,8.3,+,30,49,9,186,81,8.241,0.416,2.583,0.018,3.746,-0.33,66,4.15,1.44,13.0,10.9,15.3,0.93,0.88,0.97,12.0,0.2,0.1,2,419,0.687,2,-132,-106,1,15.2,1.0,-22,-49,8,8.01,0.065,5.59,8.04,0.18,0.24,183.5345833333333,30.819166666666668,-10.268117,-1.0792223,65.18743,PM*,G0
HD 106421, ,12,14,27.5,+,23,39,40,233,81,7.352,0.411,2.627,0.051,3.789,0.55,90,2.36,1.62,1.5,1.3,1.7,1.63,1.57,1.7,6.0,0.4,0.0,1,0,0.0,3,-22,-135,1,11.1,0.9,20,-55,1,8.008,0.089,5.2,8.18,0.22,0.15,183.61458333333331,23.66111111111111,-8.473019,-11.244072,88.89195,PM*,G3V
HD 106489, ,12,14,57.4,-,41,8,21,296,21,7.494,0.413,2.611,0.025,3.747,-0.18,31,5.06,0.38,12.2,0.9,0.0,0.87,0.83,0.96,-2.6,0.1,0.2,7,2918,0.673,3,-313,-79,1,32.6,0.9,-37,-22,-18,7.988,0.011,6.72,8.32,0.11,0.16,183.73916666666665,-41.13916666666667,12.686891,-26.011993,11.109406,PM*,G5V
HD 106589, ,12,15,36.6,-,48,24,58,297,14,8.939,0.422,2.588,0.0,3.741,-0.31,57,5.17,0.5,0.0,3.6,0.0,0.84,0.81,0.91,-26.2,0.2,0.4,6,3337,0.384,3,-304,108,1,17.6,1.2,-89,-12,10,7.975,0.014,6.22,10.08,0.24,0.3,183.90249999999997,-48.41611111111111,25.108774,-49.278778,13.789549,PM*,G5V
HD 106680, ,12,16,6.8,-,3,1,0,286,59,8.82,0.414,0.0,0.0,3.749,-0.2,89,4.07,1.35,11.2,9.1,13.7,0.96,0.91,1.03,-1.1,0.3,0.5,3,3629,0.111,3,-101,-115,1,11.2,1.0,-14,-55,-31,7.987,0.076,5.32,7.99,0.2,0.39,184.02833333333334,-3.0166666666666666,12.634766,-44.06269,76.28789,PM*,G5V
HD 106742, ,12,16,38.2,-,63,11,52,299,-1,6.977,0.375,2.65,0.051,3.803,0.46,67,2.62,1.11,1.4,1.2,1.7,1.57,1.54,1.61,-10.0,0.2,0.3,2,1394,0.299,5,-145,7,2,14.9,0.7,-45,-13,-4,7.967,-0.001,6.93,8.64,0.11,0.05,184.15916666666664,-63.19777777777777,32.4773,-58.5906,-1.1693112,PM*,G0V
HD 106840, ,12,17,22.5,-,63,13,37,299,-1,8.979,0.43,2.61,0.0,3.744,0.08,63,4.99,0.31,9.1,0.0,17.0,0.94,0.88,1.02,-9.9,0.2,0.4,4,2159,0.22,2,-145,8,2,15.9,1.1,-43,-12,-3,7.969,-0.001,7.02,8.6,0.1,0.06,184.34374999999997,-63.22694444444445,30.538355,-55.09265,-1.0995016,PM*,G5/6IV/V
HD 106904, ,12,17,49.2,-,50,1,30,297,12,8.86,0.408,2.598,0.011,3.752,-0.44,163,2.8,2.74,3.5,2.7,5.1,1.23,1.09,1.35,2.9,0.2,0.2,2,1114,0.431,4,-18,10,2,4.6,1.3,-12,-8,6,7.927,0.035,7.75,7.94,0.01,0.2,184.45499999999998,-50.025,72.38332,-142.06038,33.889606,*,G8III(+F)p
HD 106991, ,12,18,13.6,-,20,50,25,293,41,7.328,0.408,2.593,0.015,3.75,-0.41,116,2.0,3.56,1.8,1.4,2.2,1.5,1.44,1.72,-9.9,0.2,0.3,4,4399,0.536,14,-125,36,2,8.6,0.9,-70,-16,-2,7.967,0.077,6.41,9.31,0.18,0.12,184.55666666666664,-20.840277777777775,34.207077,-80.5868,76.102844,PM*,G0V
HD 107008,*,12,18,29.6,-,42,25,38,296,20,8.765,0.481,0.0,0.0,3.722,0.18,45,5.48,0.23,0.0,0.0,0.0,0.94,0.86,0.97,21.5,0.4,0.7,3,529,0.012,4,18,-112,2,22.0,1.1,19,-22,-14,7.981,0.016,6.69,8.35,0.11,0.1,184.62333333333333,-42.42722222222222,18.537027,-38.006557,15.390905,PM*,G8/K0IV/V
HD 107076, ,12,18,54.1,-,40,7,40,296,22,7.951,0.377,2.595,-0.014,3.767,0.08,44,4.75,0.02,0.0,0.0,6.9,1.05,0.98,1.09,1.1,0.2,0.1,4,2926,0.984,3,111,-63,2,22.9,1.0,24,7,-9,7.982,0.017,7.5,9.38,0.11,0.03,184.72541666666666,-40.12777777777778,17.883821,-36.667286,16.482689,PM*,G2V
HD 107094,*,12,18,56.4,-,45,52,53,297,17,9.127,0.414,0.0,0.0,3.741,-0.57,55,5.44,0.4,0.0,0.0,0.0,0.81,0.77,0.88,13.3,0.2,0.1,3,529,0.895,2,-11,-43,2,18.3,1.1,6,-15,-7,7.976,0.016,7.21,8.17,0.06,0.02,184.73499999999999,-45.88138888888889,23.878416,-46.864063,16.080442,*,G5V
HD 107146, ,12,19,6.5,+,16,32,53,266,77,7.04,0.391,2.591,-0.002,3.758,-0.18,28,4.77,0.43,9.9,3.2,15.6,0.93,0.86,1.01,1.5,0.2,0.3,2,419,0.296,5,-176,-150,1,35.1,0.9,-10,-29,-5,8.0,0.028,6.62,8.0,0.09,0.04,184.7770833333333,16.548055555555557,-0.43937057,-6.283286,27.282362,PM*,G2V
HD 107257, ,12,19,54.6,+,10,29,3,277,72,8.391,0.369,2.608,0.005,3.771,-0.23,101,3.37,1.57,5.7,4.5,7.1,1.11,1.06,1.19,12.7,0.2,0.1,4,1747,0.999,5,13,-26,2,9.9,1.0,12,-11,9,7.996,0.096,7.31,8.4,0.07,0.28,184.9775,10.484166666666665,3.8036232,-30.978075,96.05671,*,G0
HD 107602, ,12,22,4.5,-,31,56,46,296,31,8.283,0.371,2.607,0.005,3.767,-0.27,62,4.33,0.74,8.7,5.5,13.1,0.98,0.92,1.03,34.0,0.3,0.3,2,730,0.457,6,-50,-125,2,16.2,1.1,12,-49,-14,7.977,0.031,5.53,8.09,0.19,0.1,185.51874999999998,-31.94611111111111,23.29695,-47.765846,31.93236,PM*,G2V
HD 107692, ,12,22,44.8,-,39,10,39,297,23,6.7,0.395,2.619,0.015,3.762,0.23,26,4.66,0.1,2.5,0.0,8.6,1.08,1.02,1.11,-7.1,0.1,0.3,4,2926,0.462,4,171,-148,2,39.0,0.8,20,11,-17,7.989,0.01,7.64,9.51,0.11,0.16,185.68666666666664,-39.177499999999995,10.865406,-21.324575,10.159009,PM*,G1.5V
BD +17 2473, ,12,23,31.0,+,16,54,9,269,78,10.166,0.472,2.547,0.0,3.713,-1.13,62,6.2,0.49,0.0,0.0,0.0,0.7,0.67,0.75,31.7,0.4,0.4,2,48,0.456,4,-281,-130,2,0.0,0.0,-52,-80,15,8.0,0.061,4.14,8.26,0.33,0.37,185.87916666666663,16.9025,-0.22496922,-12.88856,60.645153,PM*,G5
HD 107824, ,12,23,11.9,+,42,43,12,141,73,8.87,0.342,0.0,0.0,3.785,0.06,88,4.14,0.21,3.0,0.0,5.2,1.15,1.08,1.21,7.0,0.6,0.0,1,0,0.0,9,-74,-24,2,11.3,1.1,-24,-22,6,8.02,0.085,6.92,8.12,0.08,0.21,185.79958333333332,42.72,-19.994965,16.191608,84.154816,PM*,G0
HD 107853, ,12,23,29.8,+,26,33,56,217,84,9.096,0.32,2.64,0.004,3.797,-0.17,184,2.77,1.52,2.4,2.1,2.9,1.38,1.27,1.47,9.1,0.4,0.6,2,48,0.174,7,0,5,2,0.0,0.0,-3,3,9,8.016,0.183,7.97,8.67,0.04,0.33,185.87416666666664,26.565555555555555,-15.36034,-11.574845,182.99203,*,G0
HD 108063, ,12,25,8.5,-,42,30,51,298,20,6.105,0.41,2.632,0.058,3.795,0.66,53,2.25,1.53,0.0,0.0,0.0,0.0,0.0,0.0,34.5,0.2,0.2,3,1462,0.481,5,-135,-23,1,19.0,0.8,-13,-47,4,7.977,0.018,5.68,7.98,0.17,0.16,186.28541666666663,-42.51416666666667,23.381428,-43.97406,18.127066,PM*,G5III+F/G
HD 108076, ,12,24,45.8,+,38,19,7,148,77,8.042,0.385,2.572,0.0,3.753,-0.92,37,5.19,0.61,2.0,0.0,14.8,0.83,0.76,0.89,-2.5,0.2,0.3,6,6105,0.748,3,-585,64,2,26.9,0.8,-94,-42,-15,8.007,0.036,5.23,9.46,0.29,0.14,186.19083333333333,38.31861111111112,-7.058464,4.4106193,36.051693,PM*,G0V
HD 108103, ,12,25,4.4,+,22,55,42,247,83,8.6,0.417,2.595,0.0,3.75,0.02,83,4.0,1.21,9.1,7.1,11.4,1.04,0.99,1.08,-19.2,0.2,0.4,3,1056,0.251,2,14,-78,1,12.0,1.2,21,-21,-21,8.004,0.083,6.72,8.44,0.11,0.22,186.2683333333333,22.928333333333335,-3.9523065,-9.3110485,82.38133,PM*,G6V
HD 108130,*,12,25,26.6,-,30,40,5,296,32,9.691,0.436,0.0,0.0,3.742,0.08,96,4.78,0.56,11.8,5.5,17.0,0.94,0.88,1.01,-41.8,0.2,0.1,3,530,0.845,3,-165,-3,2,0.0,0.0,-80,-6,-32,7.964,0.051,6.53,9.94,0.21,0.45,186.3608333333333,-30.668055555555558,35.688927,-73.17318,50.87225,PM*,G8V
HD 108137, ,12,25,20.7,+,11,54,35,280,74,8.823,0.358,2.627,0.013,3.775,-0.18,79,4.32,0.48,6.2,2.3,9.4,1.02,0.96,1.09,7.6,0.3,0.2,2,1163,0.589,5,-19,-20,1,12.6,1.3,-2,-12,5,7.996,0.076,7.54,8.07,0.03,0.19,186.33624999999998,11.909722222222223,3.7812507,-21.44454,75.939674,*,G0
HD 108175, ,12,25,30.4,+,37,23,56,149,78,8.772,0.374,2.61,0.003,3.768,-0.12,88,4.05,0.86,7.4,4.9,10.0,1.03,0.98,1.1,-24.2,0.2,0.2,3,710,0.696,1,158,-110,2,0.0,0.0,83,-9,-9,8.015,0.086,6.1,10.69,0.27,0.11,186.37666666666664,37.39888888888889,-15.682927,9.423253,86.07699,PM*,G1V
HD 108236,*,12,26,17.8,-,51,21,46,299,11,9.263,0.407,0.0,0.0,3.746,-0.42,63,5.26,0.39,0.0,0.0,0.0,0.83,0.79,0.91,16.3,0.2,0.3,3,534,0.465,2,-72,-49,2,15.8,1.5,-8,-27,-13,7.97,0.012,6.72,7.97,0.09,0.09,186.57416666666663,-51.36277777777778,29.981844,-54.08868,12.020967,PM*,G5V
HD 108300, ,12,26,30.4,+,18,53,25,267,80,9.05,0.377,2.619,0.011,3.769,0.03,83,4.45,0.31,5.2,0.0,8.9,1.05,0.99,1.12,0.9,0.3,0.6,4,2183,0.145,6,-3,19,1,12.0,1.4,-5,6,2,8.001,0.082,7.98,8.75,0.05,0.16,186.62666666666667,18.890277777777776,-0.75431025,-14.39305,81.739044,*,G3V
HD 108309, ,12,26,48.1,-,48,54,47,299,14,6.253,0.426,2.612,0.0,3.745,-0.06,27,4.12,1.27,11.3,9.9,12.4,0.98,0.95,1.04,30.3,0.1,0.3,5,3303,0.39,3,-642,-79,1,37.5,0.7,-54,-68,-9,7.988,0.006,4.57,8.3,0.29,0.03,186.70041666666665,-48.91305555555555,12.701035,-22.913275,6.5318913,PM*,G2V
HD 108451, ,12,27,34.7,+,12,5,56,281,74,8.181,0.425,2.581,0.018,3.743,-0.28,77,3.75,1.86,9.8,7.3,13.0,0.98,0.91,1.06,15.0,0.2,0.2,2,452,0.564,4,-49,-13,1,0.0,0.0,-12,-17,12,7.996,0.074,7.32,8.0,0.04,0.3,186.8945833333333,12.09888888888889,4.049743,-20.834135,74.01715,PM*,G0
HD 108523, ,12,28,4.0,-,15,39,7,295,47,8.327,0.432,2.587,0.0,3.741,0.01,46,5.01,0.41,13.1,4.0,0.0,0.89,0.86,0.97,20.4,0.2,0.4,5,2579,0.273,2,-274,-132,3,21.7,0.9,-33,-60,-9,7.987,0.034,5.0,8.09,0.24,0.05,187.01666666666665,-15.651944444444444,13.258345,-28.432617,33.64227,PM*,G6V
BD +23 2463, ,12,28,4.3,+,23,8,36,249,83,9.987,0.421,0.0,0.0,3.741,-0.36,100,4.99,0.72,0.0,8.1,0.0,0.85,0.81,0.9,8.6,0.4,0.8,3,2792,0.043,2,-187,19,2,11.2,1.7,-81,-38,1,8.004,0.099,5.52,9.18,0.25,0.17,187.01791666666665,23.143333333333334,-4.367404,-11.377482,99.254616,PM*,G5
HD 108712, ,12,29,15.2,+,35,31,54,151,80,8.524,0.31,2.639,-0.01,3.804,0.0,141,2.78,1.19,2.1,1.8,2.5,1.42,1.33,1.51,-1.1,0.4,0.6,2,1256,0.323,12,20,-36,2,6.5,1.1,23,-14,4,8.021,0.139,6.99,8.63,0.11,0.23,187.31333333333328,35.531666666666666,-21.41454,11.870272,138.8579,*,G0
HD 108793, ,12,29,33.0,+,56,19,55,129,61,7.731,0.4,0.0,0.0,3.756,-0.2,60,3.86,1.4,9.0,7.8,10.3,1.03,1.0,1.06,4.3,0.2,0.3,3,2262,0.526,2,-6,-187,2,16.8,0.8,19,-40,29,8.018,0.052,5.99,8.24,0.16,0.68,187.38749999999996,56.331944444444446,-18.306032,22.606071,52.477184,PM*,G5
HD 108874, ,12,30,26.8,+,22,52,47,254,84,8.764,0.457,0.0,0.0,3.733,0.14,68,4.59,0.91,14.1,10.7,0.0,0.96,0.9,1.0,-30.7,0.2,0.3,2,368,0.318,1,128,-90,1,14.6,1.2,52,-1,-29,8.002,0.068,6.85,9.95,0.18,0.4,187.61166666666665,22.879722222222224,-1.9592108,-6.832584,67.62749,PM*,G9V
HD 108942, ,12,30,41.8,+,50,58,28,131,66,7.931,0.419,0.0,0.0,3.751,0.16,48,4.54,0.54,9.1,5.0,12.4,1.05,0.97,1.08,-11.2,0.2,0.2,3,2202,0.779,2,-227,-190,1,21.0,0.8,-22,-64,3,8.013,0.043,4.89,8.04,0.24,0.16,187.67416666666665,50.974444444444444,-12.808474,14.734467,43.85018,PM*,G5
HD 109098, ,12,32,4.4,-,1,46,20,293,61,7.308,0.4,2.599,0.012,3.758,-0.04,56,3.55,1.53,6.2,5.4,7.2,1.14,1.09,1.18,1.2,0.2,0.5,8,1106,0.033,3,-25,39,2,17.7,0.9,-11,4,5,7.989,0.049,7.99,8.59,0.04,0.2,188.0183333333333,-1.7722222222222221,10.608093,-24.991095,48.978706,*,G3/5V
HD 109271, ,12,33,35.5,-,11,37,18,296,51,8.053,0.415,2.595,0.0,3.75,-0.02,57,4.28,0.96,11.3,8.7,13.5,0.99,0.93,1.04,-5.4,0.2,0.4,5,2579,0.302,3,-169,81,2,17.6,0.9,-50,-6,6,7.984,0.044,7.1,9.02,0.12,0.21,188.39791666666665,-11.621666666666668,15.72492,-32.24088,44.29732,PM*,G3/5V
HD 109286, ,12,33,34.9,+,7,16,51,290,70,8.792,0.433,2.589,0.0,3.741,-0.01,52,5.21,0.22,0.0,0.0,0.0,0.9,0.85,0.98,-7.7,0.2,0.3,3,3,0.507,4,11,-1,2,19.2,1.1,2,4,-7,7.994,0.049,7.88,8.7,0.05,0.05,188.39541666666665,7.280833333333334,6.0828433,-16.712479,48.864017,*,G5
HD 109310, ,12,33,49.0,-,23,30,56,298,39,8.375,0.37,2.577,0.0,3.763,-0.6,49,4.93,0.47,5.0,0.0,13.9,0.89,0.81,0.96,4.6,0.2,0.3,5,1804,0.51,4,101,-116,2,20.5,1.1,32,-5,-16,7.982,0.031,7.08,9.09,0.12,0.14,188.45416666666665,-23.515555555555554,17.877552,-33.62278,30.836699,PM*,G1V
HD 109422,*,12,34,43.3,-,31,52,35,299,31,8.916,0.433,0.0,0.0,3.741,-0.02,57,5.12,0.32,0.0,0.0,0.0,0.89,0.85,0.97,3.3,0.2,0.3,2,730,0.318,3,-106,-205,2,17.4,1.2,-5,-42,-47,7.976,0.029,6.03,7.98,0.14,0.75,188.68041666666664,-31.87638888888889,23.687088,-42.73264,29.35717,PM*,G5V
HD 109462, ,12,34,43.6,+,36,19,6,143,80,9.102,0.291,2.643,-0.01,3.808,-0.34,123,3.65,0.55,2.9,1.5,3.9,1.16,1.1,1.23,5.3,0.4,0.3,2,4078,0.62,8,25,-29,2,7.3,1.5,20,-6,9,8.017,0.121,7.33,8.78,0.09,0.3,188.68166666666664,36.318333333333335,-17.05784,12.854008,121.13135,*,G0
HD 109498, ,12,34,58.1,+,23,8,53,259,85,8.738,0.397,2.591,0.01,3.754,-0.33,79,4.25,1.17,12.5,9.3,16.0,0.91,0.84,0.98,-42.7,0.3,0.5,3,351,0.18,3,73,-220,1,0.0,0.0,67,-52,-47,8.001,0.079,4.98,9.15,0.29,0.82,188.7420833333333,23.148055555555555,-1.3137777,-6.7588058,78.69939,PM*,G3V
HD 109570, ,12,35,49.1,-,20,27,57,298,42,8.048,0.424,2.569,0.0,3.743,-0.07,37,5.2,0.24,0.0,0.0,0.0,0.89,0.84,0.98,-6.1,0.1,0.1,5,1445,0.967,1,-259,-22,2,27.0,0.9,-39,-22,-10,7.987,0.025,6.72,8.37,0.11,0.05,188.95458333333332,-20.465833333333332,12.90876,-24.277843,24.757833,PM*,G6.5V
HD 109591, ,12,36,6.5,-,42,51,8,300,20,7.886,0.42,2.604,0.031,3.762,0.04,47,4.38,0.54,7.3,3.8,10.6,1.03,0.98,1.11,44.5,0.2,0.2,4,1686,0.902,3,-142,-61,1,21.2,1.0,-3,-56,2,7.978,0.016,5.22,7.99,0.21,0.13,189.0270833333333,-42.852222222222224,22.082773,-38.248493,16.074945,PM*,G5V
HD 109684, ,12,36,28.4,+,10,43,47,290,73,8.717,0.367,2.594,0.002,3.766,-0.63,81,4.17,1.19,11.0,7.4,13.8,0.9,0.85,0.97,-17.8,0.3,0.2,2,706,0.619,2,19,-25,2,12.3,1.1,9,1,-19,7.992,0.078,7.7,8.73,0.06,0.2,189.1183333333333,10.729722222222222,8.099758,-22.253908,77.460686,*,G0
HD 109723,*,12,37,8.4,-,41,59,43,300,21,8.948,0.434,0.0,0.0,3.738,-0.17,55,5.24,0.39,0.0,0.0,0.0,0.86,0.82,0.93,18.0,0.2,0.2,3,530,0.733,3,29,-48,2,18.1,1.3,18,-14,-4,7.974,0.02,7.04,8.45,0.09,0.05,189.28499999999997,-41.99527777777778,25.673458,-44.467743,19.710238,PM*,G5V
HD 109927,*,12,39,1.1,-,56,54,38,301,6,9.684,0.477,0.0,0.0,3.722,0.14,62,5.72,0.01,0.0,0.0,0.0,0.9,0.84,0.94,8.6,0.2,0.2,3,536,0.689,2,-97,-67,3,16.1,1.6,-18,-24,-20,7.968,0.006,6.85,8.0,0.08,0.19,189.75458333333333,-56.910555555555554,31.757421,-52.853252,6.480765,PM*,G8/K0V
HD 109929, ,12,38,25.4,+,14,52,20,288,77,7.647,0.377,2.631,0.026,3.788,0.34,81,2.98,1.1,2.0,1.6,2.8,1.44,1.39,1.48,-11.6,0.3,0.1,2,1467,0.898,8,-41,-6,1,12.3,0.9,-13,-8,-13,7.994,0.079,7.81,8.02,0.01,0.11,189.6058333333333,14.872222222222224,5.630612,-17.329233,78.92397,*,G0
HD 109939, ,12,39,52.3,-,74,15,36,302,-11,8.826,0.377,2.601,0.019,3.761,-0.5,75,4.45,0.94,12.4,7.4,16.2,0.88,0.83,0.95,-4.1,0.3,0.5,2,413,0.22,3,-6,-15,2,13.3,0.9,-4,3,-4,7.961,-0.015,7.93,8.54,0.04,0.04,189.96791666666664,-74.26,39.013744,-62.435024,-14.310675,*,G0V
HD 109972, ,12,39,9.6,-,34,16,18,300,29,9.152,0.371,2.641,0.037,3.79,0.14,89,4.25,-0.09,0.0,0.0,3.8,1.18,1.12,1.24,-1.9,0.4,0.6,2,411,0.129,9,9,-22,2,0.0,0.0,5,0,-9,7.961,0.043,7.73,8.53,0.05,0.05,189.79,-34.27166666666667,38.92057,-67.41242,43.148056,*,G0V
HD 110188, ,12,40,49.5,-,53,14,14,301,10,9.68,0.398,0.0,0.0,3.752,-0.5,80,5.16,0.42,0.0,0.0,0.0,0.84,0.79,0.92,30.1,0.2,0.2,2,451,0.608,3,-26,-71,2,12.5,1.4,11,-34,-22,7.959,0.013,6.24,8.1,0.13,0.22,190.20624999999995,-53.23722222222222,40.577065,-67.53161,13.891854,PM*,G3V
HD 110276, ,12,40,20.8,+,58,2,45,126,59,9.078,0.368,0.0,0.0,3.765,-0.62,97,4.14,1.23,11.0,7.8,13.8,0.9,0.85,0.96,47.0,0.3,0.4,2,404,0.297,4,-77,-41,2,10.3,1.0,-36,-13,48,8.029,0.083,7.29,8.61,0.08,1.23,190.08666666666664,58.045833333333334,-29.364983,40.417435,83.145226,PM*,G0Vw
HD 110420, ,12,42,19.7,-,39,56,10,301,23,8.432,0.45,0.0,0.0,3.729,-0.24,36,5.63,0.23,0.0,0.0,0.0,0.83,0.79,0.89,-7.9,0.2,0.2,4,2165,0.519,1,-13,-64,2,27.5,1.1,-3,1,-13,7.983,0.014,7.92,8.47,0.03,0.09,190.5820833333333,-39.93611111111111,17.067417,-28.404964,14.06632,PM*,G8.5V
BD +73 566, ,12,42,0.1,+,72,57,50,124,44,9.256,0.407,0.0,0.0,3.738,-1.08,65,5.19,0.99,0.0,5.0,0.0,0.76,0.74,0.81,-42.8,0.4,0.1,2,250,0.991,2,-286,-66,2,15.4,0.9,-50,-84,-18,8.026,0.045,3.96,8.25,0.35,0.18,190.50041666666664,72.96388888888889,-26.146229,38.763386,45.152798,PM*,G3
HD 110494,*,12,42,50.6,-,39,30,8,301,23,8.384,0.409,0.0,0.0,3.748,-0.4,100,3.38,2.21,7.0,4.9,9.2,1.05,0.97,1.16,48.8,0.2,0.2,2,730,0.585,2,70,1,2,10.0,1.1,51,-20,22,7.953,0.04,6.26,9.21,0.19,0.54,190.7108333333333,-39.50222222222222,47.40949,-78.90268,39.073112,PM*,G3V
HD 110513, ,12,42,40.1,+,18,46,24,289,81,9.063,0.372,2.608,0.002,3.768,-0.14,76,4.67,0.26,5.8,0.0,11.0,0.99,0.93,1.05,6.8,0.2,0.4,3,1465,0.485,4,-89,-11,1,13.2,1.3,-25,-21,5,7.996,0.075,6.96,8.11,0.08,0.2,190.6670833333333,18.773333333333333,3.8706868,-11.24129,75.064316,PM*,G1V
HD 110585, ,12,43,2.4,+,11,46,59,295,75,9.174,0.365,2.596,0.001,3.768,-0.4,80,4.66,0.5,7.7,0.0,13.2,0.93,0.86,1.0,-6.8,0.3,0.1,2,706,0.917,2,-42,-125,2,12.5,1.4,10,-45,-20,7.991,0.077,5.71,8.09,0.17,0.2,190.76,11.783055555555556,8.750532,-18.765581,77.27406,PM*,G5
HD 110604,*,12,43,32.8,-,29,26,28,301,33,9.849,0.439,0.0,0.0,3.738,0.05,65,5.79,-0.34,0.0,0.0,0.0,0.0,0.0,0.0,4.6,0.3,0.2,2,526,0.601,1,-84,25,3,15.4,1.3,-22,-13,8,7.972,0.036,7.36,8.12,0.05,0.23,190.88666666666663,-29.441111111111113,28.076561,-46.72727,35.40154,PM*,G8V
HD 110605,*,12,43,32.0,-,31,23,9,301,31,9.143,0.449,0.0,0.0,3.738,0.16,72,4.86,0.51,12.3,6.1,0.0,0.95,0.89,1.03,-8.4,0.3,0.3,2,730,0.349,3,-229,-34,2,13.9,1.3,-66,-40,-17,7.968,0.038,5.57,8.72,0.22,0.15,190.8833333333333,-31.385833333333334,31.786102,-52.90098,37.08274,PM*,G8V
HD 110619, ,12,43,42.7,-,37,42,29,301,25,7.538,0.402,2.58,-0.004,3.75,-0.24,26,5.44,-0.01,0.0,0.0,9.6,0.89,0.82,0.94,-26.4,0.2,0.5,4,1424,0.077,1,-629,-209,1,38.0,1.0,-72,-31,-37,7.988,0.011,5.91,9.05,0.21,0.56,190.92791666666665,-37.70805555555556,12.1363535,-20.198294,10.988075,PM*,G5V
HD 110668, ,12,43,58.3,-,35,7,23,301,28,8.296,0.415,2.602,0.0,3.75,-0.01,53,4.69,0.55,10.8,5.8,15.6,0.94,0.88,1.01,0.7,0.2,0.2,4,1085,0.66,3,-81,-127,2,19.0,1.1,-8,-24,-28,7.976,0.024,6.92,7.98,0.07,0.33,190.99291666666664,-35.12305555555555,24.101828,-40.112198,24.881994,PM*,G3/5V
HD 110895,*,12,45,55.2,-,53,36,59,302,9,8.975,0.425,0.0,0.0,3.742,-0.25,69,4.78,0.83,0.0,11.6,0.0,0.87,0.84,0.92,32.2,0.2,0.1,2,358,0.825,2,-66,15,2,7.5,1.4,-2,-38,10,7.964,0.011,6.13,7.98,0.13,0.26,191.47999999999996,-53.61638888888889,36.11427,-57.794895,10.793979,PM*,G3V
HD 110898, ,12,45,23.2,+,4,21,35,299,67,9.512,0.393,2.587,0.016,3.753,-0.51,88,4.79,0.77,13.9,4.8,0.0,0.84,0.81,0.91,-35.2,0.2,0.2,4,1848,0.876,2,6,-227,2,9.5,1.4,43,-60,-69,7.983,0.081,5.01,8.49,0.26,1.5,191.34666666666664,4.359722222222222,16.66986,-30.073227,81.004425,PM*,G3V
HD 110950, ,12,45,25.3,+,29,46,33,149,87,8.183,0.374,2.62,0.014,3.769,-0.13,71,3.91,0.99,7.6,5.5,9.5,1.06,1.0,1.12,6.4,0.2,0.4,3,1523,0.36,5,-124,8,2,14.0,1.0,-37,-20,5,8.003,0.071,6.85,8.37,0.1,0.2,191.35541666666663,29.77583333333333,-3.1851087,1.9138063,70.902695,PM*,G2V
HD 111031, ,12,46,30.8,-,11,48,44,301,51,6.883,0.429,2.605,0.0,3.747,0.19,30,4.46,0.69,9.9,6.8,13.3,0.99,0.96,1.1,-20.7,0.2,0.4,5,1127,0.227,2,-277,54,1,32.8,0.9,-44,-5,-13,7.99,0.024,7.24,8.85,0.1,0.09,191.6283333333333,-11.812222222222223,9.723716,-16.18299,23.314379,PM*,G5V
HD 111069, ,12,46,34.1,+,11,22,42,299,74,8.662,0.407,2.6,0.004,3.756,0.15,60,4.79,0.18,5.3,0.0,10.7,1.03,0.97,1.08,-17.8,0.2,0.2,2,706,0.532,2,-111,-1,1,16.8,1.3,-29,-13,-18,7.992,0.057,7.29,8.27,0.06,0.17,191.64208333333332,11.378333333333334,8.0178995,-14.464675,57.6757,PM*,G5
HD 111071,*,12,47,2.4,-,38,48,28,302,24,9.294,0.385,0.0,0.0,3.762,-0.32,112,4.05,1.18,10.0,7.3,12.9,0.98,0.9,1.03,-1.7,0.7,0.9,2,359,0.014,3,-67,-6,2,8.8,1.5,-30,-19,-4,7.946,0.046,6.95,8.17,0.08,0.06,191.76,-38.80777777777777,54.219807,-86.769806,45.554504,PM*,G3V
HD 111128, ,12,46,26.8,+,53,48,2,125,63,8.867,0.288,0.0,0.0,3.812,-0.22,114,3.59,0.41,2.5,0.9,3.3,1.21,1.15,1.28,-2.9,2.5,1.5,2,670,0.668,55,-34,-18,2,8.8,1.0,-10,-18,1,8.029,0.102,7.24,8.03,0.05,0.16,191.61166666666668,53.800555555555555,-29.685408,42.395145,101.574745,*,G0
HD 111156, ,12,47,20.9,-,19,0,16,302,44,7.235,0.421,2.593,0.025,3.761,0.09,69,2.93,1.98,3.5,2.8,4.0,1.48,1.43,1.51,10.1,0.2,0.2,4,1121,0.715,2,-86,-13,2,14.5,0.9,-18,-24,4,7.974,0.048,6.86,8.01,0.08,0.17,191.8370833333333,-19.004444444444445,26.302256,-42.092392,47.93143,PM*,G3V
HD 111232, ,12,48,51.7,-,68,25,30,303,-6,7.598,0.436,0.0,0.0,3.733,-0.43,29,5.29,0.62,0.0,8.9,0.0,0.82,0.79,0.86,103.8,0.1,0.2,5,2568,0.654,4,28,114,2,34.6,0.8,60,-86,7,7.984,-0.003,3.73,8.64,0.4,0.23,192.21541666666664,-68.42500000000001,15.70801,-24.188211,-3.0313256,PM*,G8VFe-1.0
HD 111339,*,12,48,55.8,-,31,12,15,302,32,8.86,0.395,0.0,0.0,3.749,-0.79,59,5.0,0.8,14.1,2.4,0.0,0.8,0.77,0.87,76.9,0.4,0.7,3,536,0.031,3,37,-44,2,16.9,1.2,47,-55,31,7.973,0.031,5.05,8.61,0.26,0.74,192.2325,-31.204166666666666,26.51443,-42.431946,31.265236,PM*,G5V
HD 111367, ,12,48,34.0,+,26,35,49,252,89,8.79,0.387,2.597,0.008,3.759,-0.34,99,3.81,1.5,9.2,7.3,11.7,1.0,0.96,1.05,-43.7,0.3,0.2,2,814,0.529,4,-240,-61,2,10.1,1.1,-79,-84,-45,8.0,0.099,3.87,8.66,0.38,0.78,192.14166666666665,26.596944444444443,-0.53391546,-1.643222,98.984924,PM*,G1V
HD 111391,*,12,49,44.4,-,58,59,40,303,4,8.894,0.376,0.0,0.0,3.763,-0.36,71,4.64,0.6,9.7,2.1,15.0,0.92,0.84,0.99,26.1,0.2,0.2,3,537,0.766,4,-113,76,2,0.0,0.0,-20,-40,28,7.962,0.005,6.04,7.99,0.14,0.63,192.43499999999997,-58.99444444444445,38.57518,-59.400562,4.952709,PM*,G3/5IV/V
HD 111431, ,12,49,25.3,-,25,17,47,302,38,8.019,0.39,2.615,0.009,3.765,0.23,83,3.41,1.27,5.4,2.9,6.4,1.34,1.26,1.4,17.7,0.2,0.1,2,362,0.625,4,-112,-65,2,12.0,1.0,-21,-49,-10,7.965,0.051,5.54,7.99,0.18,0.06,192.35541666666663,-25.29638888888889,34.65932,-55.46649,51.099903,PM*,G3V
HD 111513, ,12,48,49.1,+,61,22,42,123,56,7.354,0.406,0.0,0.0,3.755,0.04,38,4.45,0.63,9.4,5.6,12.5,1.0,0.96,1.06,-21.4,0.5,0.7,2,754,0.031,2,-556,100,2,26.3,0.6,-86,-51,-29,8.012,0.031,4.99,9.1,0.29,0.38,192.20458333333332,61.37833333333333,-11.5732155,17.821188,31.50343,PM*,G1
HD 111528, ,12,50,1.7,-,7,11,50,302,56,8.264,0.427,2.579,0.0,3.745,-0.07,95,3.37,2.03,5.5,4.0,7.4,1.16,1.08,1.26,45.0,0.1,0.3,7,2575,0.628,3,60,-140,2,10.5,1.0,65,-51,2,7.971,0.079,4.99,9.04,0.29,0.18,192.50708333333333,-7.197222222222223,28.15108,-45.051132,78.758575,PM*,G5V
HD 111547, ,12,50,10.9,-,20,21,56,303,43,8.196,0.41,2.622,0.05,3.781,0.2,106,2.85,1.47,2.6,2.2,3.3,1.43,1.37,1.49,-12.4,0.2,0.2,2,648,0.568,5,-27,-44,2,9.4,1.2,-8,-12,-25,7.958,0.072,7.54,7.96,0.03,0.28,192.54541666666665,-20.365555555555556,42.222324,-65.01667,72.291824,PM*,G2/3V
HD 111564, ,12,50,20.1,-,30,34,37,303,32,7.621,0.375,2.622,0.013,3.77,0.05,51,4.08,0.64,5.2,3.2,8.3,1.09,1.04,1.17,-4.9,0.1,0.1,4,2923,0.947,4,-430,24,2,19.6,1.0,-91,-50,2,7.977,0.027,4.94,9.22,0.3,0.14,192.58375,-30.576944444444443,23.55589,-36.27288,27.025883,PM*,G0V
HD 111938, ,12,52,18.5,+,46,46,39,122,70,8.473,0.407,2.594,0.008,3.752,-0.08,53,4.84,0.41,10.2,2.6,16.6,0.92,0.87,1.01,-11.6,0.2,0.1,2,88,0.73,4,-147,32,2,18.8,1.0,-33,-17,-14,8.01,0.05,7.04,8.32,0.08,0.11,193.07708333333332,46.777499999999996,-9.605885,15.372624,49.803707,PM*,G0
HD 112001, ,12,53,1.5,+,26,47,39,350,90,7.667,0.403,2.616,0.025,3.772,0.29,55,3.86,0.59,3.7,2.1,7.1,1.23,1.2,1.26,-12.6,0.2,0.1,3,1036,0.852,3,-233,-100,1,18.2,0.9,-37,-55,-12,8.0,0.055,5.23,8.14,0.22,0.1,193.25624999999997,26.79416666666667,-2.3676023e-06,4.174728e-07,55.0,PM*,G0
HD 112019, ,12,53,42.6,-,27,24,15,304,35,7.694,0.331,2.613,-0.027,3.792,0.15,48,4.29,-0.19,0.0,0.0,2.4,1.16,1.12,1.2,24.8,0.2,0.1,2,974,0.983,5,-33,-40,2,20.9,0.9,8,-25,7,7.978,0.028,6.71,8.12,0.1,0.22,193.42749999999998,-27.404166666666665,21.987072,-32.597176,27.53167,PM*,G0V
HD 112208,*,12,55,14.5,-,28,1,48,304,35,8.743,0.416,0.0,0.0,3.752,0.04,99,3.76,1.39,7.5,5.9,9.3,1.11,1.03,1.17,-17.1,0.3,0.4,2,525,0.267,4,-8,-9,2,10.1,1.0,-10,7,-13,7.955,0.057,7.95,8.78,0.05,0.11,193.8104166666666,-28.029999999999998,45.34834,-67.23168,56.78407,*,G3/5V
HD 112221, ,12,54,53.2,+,11,28,52,306,74,9.06,0.31,2.661,0.017,3.803,-0.13,170,2.91,1.21,2.4,2.0,2.8,1.34,1.25,1.44,-49.9,1.9,1.1,2,250,0.682,15,-43,9,1,0.0,0.0,-41,-3,-46,7.973,0.164,7.41,8.94,0.09,0.81,193.72166666666666,11.481111111111112,27.542645,-37.909214,163.41449,*,G5
HD 112337, ,12,54,57.1,+,63,55,38,122,53,9.084,0.448,0.0,0.0,3.738,0.15,101,4.06,1.32,9.7,7.9,11.8,1.04,0.99,1.19,-21.0,0.4,0.0,1,0,0.0,5,-120,-84,2,9.9,0.9,-23,-69,8,8.032,0.081,4.68,8.06,0.27,0.25,193.73791666666665,63.92722222222222,-32.210255,51.54717,80.66219,PM*,G
HD 112540, ,13,8,20.6,-,87,13,9,303,-24,8.209,0.437,0.0,0.0,3.735,-0.19,37,5.37,0.33,0.0,0.0,0.0,0.84,0.81,0.92,6.4,0.2,0.4,4,2281,0.198,2,3,82,2,27.1,0.7,8,-9,11,7.982,-0.015,7.47,8.33,0.05,0.28,197.08583333333328,-87.21916666666667,18.409445,-28.348055,-15.049255,PM*,G7V
HD 112674, ,13,1,11.4,-,79,0,21,303,-16,9.095,0.4,2.616,0.023,3.77,0.2,76,4.6,-0.01,1.6,0.0,6.5,1.1,1.05,1.14,24.3,0.2,0.1,2,448,0.713,5,-37,-49,2,13.2,0.9,-1,-23,-23,7.96,-0.021,6.88,8.0,0.07,0.24,195.29749999999999,-79.00583333333333,39.789093,-61.26982,-20.948439,PM*,G3V
HD 112735, ,12,58,40.9,+,22,2,34,321,85,7.218,0.369,2.614,0.003,3.774,-0.02,58,3.38,1.3,4.9,3.1,5.7,1.2,1.15,1.3,-41.7,0.2,0.2,2,1076,0.608,5,72,-247,1,17.1,0.8,51,-43,-48,7.996,0.058,5.49,8.86,0.23,0.84,194.67041666666663,22.04277777777778,3.9285002,-3.1812382,57.779293,PM*,G0
HD 112787, ,13,0,26.5,-,68,36,19,304,-6,9.504,0.371,2.627,0.022,3.783,0.05,138,3.71,0.7,3.4,2.5,4.9,1.18,1.11,1.26,-1.9,0.2,0.1,2,448,0.776,6,-46,-67,2,6.7,1.3,-29,-13,-43,7.924,-0.014,7.26,8.24,0.06,0.63,195.11041666666665,-68.60527777777777,76.74588,-113.78045,-14.424928,PM*,G0(IV)
HD 112956, ,12,58,49.2,+,68,47,6,122,48,8.083,0.425,0.0,0.0,3.735,-0.6,34,5.4,0.57,0.0,0.0,0.0,0.79,0.76,0.86,9.1,0.2,0.2,2,360,0.646,3,-300,247,2,29.1,0.7,-61,2,-18,8.012,0.026,7.12,9.73,0.15,0.19,194.70499999999998,68.785,-12.055899,19.293465,25.266926,PM*,G0
HD 113027,*,13,1,6.7,-,33,28,48,305,29,7.57,0.366,0.0,0.0,3.77,-0.18,45,4.32,0.6,7.3,4.4,10.5,1.0,0.96,1.06,-5.4,0.2,0.3,2,766,0.323,6,111,-42,2,22.4,0.9,19,13,-11,7.978,0.022,7.68,9.6,0.11,0.07,195.27791666666667,-33.480000000000004,22.574753,-32.240097,21.816433,PM*,G2V
HD 113283, ,13,15,26.4,-,87,33,38,303,-25,7.12,0.423,2.584,0.0,3.743,-0.11,25,5.16,0.31,0.0,0.0,0.0,0.87,0.84,0.97,-5.2,0.2,0.4,5,2569,0.191,3,-226,-160,3,40.5,0.6,-30,-6,-13,7.988,-0.01,7.51,8.45,0.06,0.08,198.85999999999999,-87.56055555555555,12.340266,-19.00234,-10.565456,PM*,G5V
HD 113319, ,13,2,33.4,+,32,25,59,99,84,7.539,0.416,2.58,0.0,3.745,-0.23,31,5.06,0.47,14.8,5.3,0.0,0.86,0.83,0.92,6.2,0.3,0.0,1,0,0.0,4,-192,44,1,31.9,0.8,-27,-10,7,8.001,0.031,7.44,8.31,0.06,0.21,195.63916666666663,32.433055555555555,-0.5069073,3.2004867,30.83018,PM*,G4V
HD 113425, ,13,3,37.0,-,11,34,57,308,51,7.881,0.401,2.59,0.009,3.754,-0.34,77,3.45,1.97,6.8,5.6,8.2,1.09,1.03,1.15,35.7,0.2,0.3,5,2576,0.56,4,-51,-89,2,13.0,0.9,12,-49,9,7.971,0.06,5.51,8.08,0.19,0.27,195.90416666666667,-11.5825,29.83352,-38.18516,59.84024,PM*,G3V
HD 113466,*,13,5,5.2,-,64,13,55,304,-1,9.115,0.447,0.0,0.0,3.73,-0.4,56,5.37,0.58,0.0,0.0,0.0,0.81,0.78,0.87,11.0,0.7,0.2,2,360,0.842,35,-35,-20,5,9.6,1.4,-2,-14,-5,7.968,-0.001,7.35,8.03,0.04,0.03,196.27166666666665,-64.23194444444445,31.310032,-46.419033,-0.97733474,*,G4V
HD 113513,*,13,6,50.6,-,77,52,13,304,-15,8.769,0.43,0.0,0.0,3.741,-0.09,52,5.17,0.33,0.0,0.0,0.0,0.87,0.84,0.96,6.5,0.2,0.2,2,1416,0.648,3,-118,7,2,19.1,0.9,-20,-22,2,7.972,-0.014,6.92,8.03,0.07,0.13,196.7108333333333,-77.87027777777777,28.08722,-41.641018,-13.4585905,PM*,G5V
HD 113553, ,13,5,16.8,-,50,51,23,305,12,8.337,0.428,2.595,0.0,3.742,-0.12,45,5.06,0.44,14.4,4.4,0.0,0.87,0.84,0.94,1.1,0.2,0.5,5,1769,0.111,11,-136,-1,2,22.1,1.1,-23,-17,2,7.975,0.009,7.14,8.09,0.06,0.13,196.32,-50.85638888888889,25.246904,-36.056328,9.356027,PM*,G6V
HD 113679, ,13,5,52.8,-,38,30,59,306,24,9.706,0.412,0.0,0.0,3.742,-1.18,91,4.91,1.25,0.0,9.8,0.0,0.76,0.74,0.81,157.3,0.2,0.4,5,1069,0.43,3,-390,-143,2,6.8,1.3,-42,-234,21,7.951,0.037,0.12,8.01,0.97,6.36,196.47,-38.51638888888889,48.864124,-67.25573,37.013035,PM*,G2/3V
HD 113712, ,13,5,29.6,+,16,5,43,320,79,8.812,0.429,2.605,0.0,3.744,0.08,68,4.63,0.67,11.6,7.4,15.7,0.96,0.9,1.01,17.0,0.2,0.2,3,816,0.659,1,-42,-232,1,14.6,1.1,33,-71,3,7.99,0.067,4.45,8.28,0.3,0.17,196.37333333333333,16.095277777777778,9.939437,-8.340181,66.75065,PM*,G8V
HD 113720, ,13,5,46.2,-,18,49,33,308,44,8.37,0.423,2.585,0.0,3.742,-0.22,45,5.08,0.5,0.0,6.6,0.0,0.86,0.83,0.92,-13.6,0.2,0.4,5,1777,0.184,4,-108,-11,2,22.0,1.1,-24,-7,-10,7.98,0.032,7.6,8.27,0.04,0.05,196.44249999999997,-18.825833333333332,19.92914,-25.508135,31.259628,PM*,G5V
HD 113933,*,13,7,40.4,-,50,21,3,306,12,8.752,0.455,0.0,0.0,3.733,0.08,44,5.52,0.02,0.0,0.0,14.3,0.91,0.84,0.96,25.1,0.2,0.1,2,657,0.785,4,-231,-61,2,22.6,1.3,-24,-50,-4,7.975,0.01,5.48,8.02,0.19,0.05,196.91833333333332,-50.350833333333334,25.297384,-34.81888,9.148115,PM*,G8V
HD 114285, ,13,9,15.2,+,23,53,34,355,85,8.141,0.373,2.627,0.017,3.77,-0.04,59,4.28,0.51,6.3,3.1,9.3,1.05,0.99,1.11,-30.1,0.2,0.1,3,2628,0.918,5,-192,-16,1,16.9,1.1,-44,-34,-26,7.995,0.059,6.12,8.35,0.15,0.32,197.3133333333333,23.892777777777777,5.122624,-0.44817302,58.77549,PM*,G1V
HD 114398, ,13,9,31.4,+,52,9,57,116,65,8.731,0.371,2.606,0.003,3.767,-0.24,64,4.7,0.34,7.4,0.0,12.8,0.96,0.89,1.03,-14.6,0.3,0.6,3,2293,0.079,4,15,3,1,15.6,1.0,6,-2,-14,8.012,0.058,7.72,8.52,0.05,0.12,197.3808333333333,52.16583333333333,-11.8568735,24.310194,58.003696,*,G5
HD 114561, ,13,11,45.1,-,35,37,7,308,27,8.398,0.408,2.593,0.018,3.748,-0.36,56,4.67,0.9,16.3,11.3,0.0,0.86,0.83,0.9,-0.5,0.3,0.6,4,1479,0.017,3,-72,-49,2,18.0,1.2,-13,-16,-10,7.97,0.025,7.3,7.98,0.04,0.05,197.93791666666667,-35.618611111111115,30.719273,-39.31887,25.423468,PM*,G3V
BD +74 526, ,13,11,23.5,+,73,51,21,121,43,9.36,0.394,0.0,0.0,3.752,-0.7,123,3.9,1.79,11.9,9.5,14.8,0.89,0.83,0.94,-36.5,0.2,0.2,3,975,0.719,4,-296,39,2,8.1,0.9,-137,-110,-28,8.046,0.085,2.71,9.92,0.57,0.42,197.84791666666666,73.85583333333332,-46.331024,77.10777,83.885796,PM*,G2
HD 114729, ,13,12,44.2,-,31,52,23,308,31,6.682,0.397,2.6,0.029,3.753,-0.6,35,3.96,1.65,11.9,10.4,13.3,0.91,0.88,0.94,64.4,0.2,0.3,5,1685,0.266,2,-200,-307,1,28.6,1.0,20,-86,-5,7.981,0.018,3.89,8.1,0.35,0.03,198.1841666666666,-31.873055555555556,18.470373,-23.640997,18.026333,PM*,G0V
HD 114853, ,13,13,52.2,-,45,11,8,307,18,6.927,0.399,2.593,-0.001,3.753,-0.14,24,4.99,0.29,8.1,0.0,17.0,0.91,0.85,1.0,58.1,0.1,0.2,5,1798,0.763,3,-109,-111,1,40.9,0.8,25,-55,7,7.986,0.007,5.17,8.22,0.23,0.22,198.46749999999997,-45.18555555555555,13.736647,-18.22914,7.416408,PM*,G1.5V
HD 114884, ,13,13,45.2,-,26,30,57,309,36,8.618,0.409,2.611,0.029,3.769,0.17,77,4.06,0.58,4.4,2.9,7.2,1.15,1.09,1.21,48.0,0.2,0.2,2,353,0.61,5,45,-74,2,13.0,1.1,45,-34,6,7.961,0.045,5.82,8.77,0.2,0.22,198.43833333333333,-26.515833333333333,39.20308,-48.41177,45.259464,PM*,G5V
HD 114962, ,13,14,9.2,-,14,16,55,311,48,7.909,0.391,2.621,0.027,3.779,0.2,111,2.56,1.81,2.3,1.9,2.9,1.49,1.44,1.6,1.0,0.4,0.6,2,646,0.048,4,-113,4,2,9.0,0.9,-49,-34,7,7.951,0.083,6.06,8.4,0.16,0.24,198.5383333333333,-14.281944444444445,48.72778,-56.054924,82.48908,PM*,G1V
HD 115020, ,13,13,41.0,+,46,28,34,112,70,8.563,0.397,2.6,0.017,3.753,-0.32,57,4.77,0.66,14.0,7.6,0.0,0.86,0.83,0.93,-3.6,0.2,0.1,3,2198,0.977,1,-74,-37,1,17.4,1.0,-10,-20,2,8.007,0.054,7.1,8.01,0.06,0.14,198.4208333333333,46.476111111111116,-7.3030114,18.075588,53.56248,PM*,G5
HD 115031, ,13,15,20.5,-,55,20,29,306,7,8.341,0.397,2.61,0.026,3.77,-0.06,62,4.26,0.55,6.5,3.3,9.5,1.04,0.98,1.11,69.1,0.2,0.4,4,1489,0.292,4,-231,-136,2,16.1,1.2,-14,-101,-24,7.963,0.008,3.33,7.96,0.41,0.26,198.83541666666665,-55.34138888888889,36.171036,-49.785183,7.5558996,PM*,G2/3V
HD 115151, ,13,15,13.3,+,10,41,19,323,73,8.921,0.36,2.617,0.019,3.771,-0.54,95,4.03,1.16,8.9,5.8,11.9,0.97,0.88,1.02,-13.2,0.2,0.5,4,2505,0.42,3,-152,-19,2,9.1,1.2,-54,-44,-9,7.977,0.091,5.56,8.42,0.2,0.1,198.80541666666664,10.688611111111111,22.182356,-16.715603,90.848946,PM*,G5
HD 115153, ,13,15,30.7,-,8,3,18,313,54,8.068,0.434,2.586,0.0,3.739,-0.07,44,4.85,0.67,16.2,10.7,0.0,0.89,0.86,0.93,16.0,0.2,0.4,7,2517,0.113,2,44,57,2,22.7,1.0,9,7,19,7.982,0.036,7.79,9.06,0.08,0.46,198.87791666666664,-8.055000000000001,17.638218,-18.914673,35.59675,PM*,G5V
HD 115231, ,13,15,36.9,+,9,0,57,322,71,8.419,0.423,2.581,0.0,3.743,-0.18,53,4.79,0.74,16.5,11.0,0.0,0.88,0.85,0.92,-7.2,0.2,0.2,4,2126,0.788,3,-362,-123,2,18.8,1.2,-59,-76,-8,7.986,0.05,4.22,8.35,0.33,0.05,198.90374999999997,9.015833333333333,13.597215,-10.623306,50.112484,PM*,G9
HD 115273, ,13,15,59.1,+,4,38,48,319,67,8.38,0.389,2.589,-0.003,3.759,-0.18,49,4.95,0.23,5.2,0.0,13.8,0.94,0.86,1.01,-19.6,0.3,0.2,2,441,0.536,3,-137,27,2,20.6,1.0,-34,-8,-13,7.986,0.045,7.34,8.51,0.07,0.09,198.99624999999997,4.6466666666666665,14.449541,-12.560796,45.104736,PM*,G5
HD 115341, ,13,16,40.0,-,5,34,24,314,57,7.843,0.366,2.611,-0.001,3.771,-0.1,51,4.3,0.52,6.6,3.4,9.6,1.03,0.98,1.09,18.8,0.1,0.3,7,1745,0.475,4,-11,-49,1,19.6,1.1,10,-17,10,7.98,0.043,7.07,8.23,0.08,0.27,199.16666666666666,-5.573333333333333,19.295242,-19.98081,42.772198,*,G1V
HD 115349, ,13,16,11.2,+,35,53,9,93,80,8.291,0.412,2.571,0.0,3.744,-0.4,45,5.04,0.64,0.0,7.7,0.0,0.84,0.81,0.89,-47.0,0.2,0.2,3,1134,0.711,2,267,-176,2,22.4,1.0,68,-5,-46,8.0,0.044,6.47,10.41,0.23,0.86,199.04666666666668,35.88583333333333,-0.40896195,7.8034606,44.31635,PM*,G5V
HD 115382, ,13,16,48.3,+,12,24,55,326,74,8.426,0.409,2.607,0.02,3.76,-0.03,55,4.65,0.37,7.8,1.2,12.3,0.99,0.92,1.06,37.0,0.3,0.1,2,331,0.878,3,78,-205,1,18.3,1.3,54,-36,20,7.988,0.053,5.68,8.99,0.23,0.5,199.20125,12.415277777777778,12.568255,-8.477401,52.869392,PM*,G5
HD 115566,*,13,18,52.9,-,53,13,18,307,9,8.97,0.458,0.0,0.0,3.731,0.06,60,5.07,0.52,17.5,8.5,0.0,0.89,0.86,0.95,29.4,0.3,0.4,2,720,0.262,2,-158,-147,2,16.6,1.4,-18,-58,-31,7.964,0.01,5.16,7.98,0.21,0.38,199.72041666666667,-53.22166666666667,35.664352,-47.328175,9.386068,PM*,G8V
HD 115585,*,13,19,50.5,-,70,51,18,305,-8,7.432,0.457,0.0,0.0,3.736,0.17,43,4.24,1.17,11.1,9.9,12.4,1.03,1.01,1.05,30.9,0.2,0.1,2,1350,0.86,1,-393,-31,2,23.0,0.7,-48,-72,-1,7.975,-0.006,4.41,8.2,0.3,0.09,199.96041666666665,-70.85499999999999,24.423756,-34.88075,-5.9844437,PM*,G5/6IV/V
HD 115642, ,13,18,45.3,-,17,8,1,312,45,7.466,0.377,2.625,0.019,3.77,0.07,71,3.21,1.49,4.3,2.7,4.9,1.36,1.24,1.42,8.8,0.2,0.1,4,3401,0.887,6,29,6,2,14.1,0.9,11,2,7,7.966,0.05,7.67,8.83,0.07,0.22,199.68875,-17.13361111111111,33.59343,-37.30927,50.204582,*,G2V
HD 115674, ,13,23,0.0,-,81,18,36,304,-19,7.885,0.429,2.588,0.0,3.738,-0.35,34,5.22,0.54,0.0,6.9,0.0,0.83,0.8,0.88,7.3,0.2,0.4,6,2513,0.101,3,-360,-149,2,29.3,0.6,-49,-36,-18,7.982,-0.011,5.97,8.41,0.17,0.16,200.74999999999997,-81.31,17.976728,-26.651596,-11.069317,PM*,G5VFe-0.7
HD 115692, ,13,18,41.7,+,7,11,11,322,69,8.44,0.406,2.591,0.006,3.752,-0.25,75,4.08,1.31,11.3,9.2,13.7,0.97,0.91,1.03,-71.0,0.2,0.5,4,487,0.18,2,-165,52,1,13.4,1.1,-77,-4,-54,7.979,0.07,6.69,10.05,0.2,1.08,199.67375,7.186388888888889,21.179838,-16.547499,70.01853,PM*,G5
HD 115705,*,13,20,30.1,-,66,32,1,306,-4,8.553,0.421,0.0,0.0,3.739,-0.44,46,5.26,0.54,0.0,2.2,0.0,0.82,0.79,0.89,37.1,0.3,0.5,2,362,0.161,2,-50,-106,2,21.9,1.0,10,-37,-23,7.973,-0.003,6.1,8.1,0.14,0.25,200.12541666666664,-66.53361111111111,26.97225,-37.124134,-3.2087977,PM*,G5V
HD 115755, ,13,19,6.7,+,2,54,12,319,65,7.688,0.42,2.593,0.0,3.744,-0.2,34,5.04,0.48,15.1,6.1,0.0,0.86,0.83,0.92,-43.0,0.2,0.2,4,691,0.848,1,-261,-43,2,29.6,1.0,-44,-18,-37,7.989,0.031,6.84,8.56,0.11,0.54,199.77791666666664,2.9033333333333333,10.844438,-9.426927,30.814465,PM*,G5V
HD 115819,*,13,20,21.9,-,43,57,10,308,19,9.43,0.393,0.0,0.0,3.756,-0.33,101,4.41,0.96,12.6,8.5,16.5,0.9,0.84,0.97,-3.8,0.6,0.8,2,359,0.097,10,25,4,2,10.5,1.4,7,11,-1,7.941,0.032,7.8,9.15,0.08,0.11,200.09124999999997,-43.95277777777778,58.794056,-75.25295,32.88238,*,G8V+(F)
HD 115829, ,13,19,25.0,+,21,3,53,351,81,8.971,0.389,2.599,0.005,3.76,-0.24,119,3.59,1.62,7.7,5.9,9.8,1.04,0.99,1.13,-20.9,0.3,0.4,2,1229,0.282,2,76,-38,1,9.7,1.3,44,8,-28,7.982,0.118,7.16,10.09,0.17,0.38,199.85416666666663,21.064722222222223,18.386515,-2.9121356,117.53491,PM*,G0
HD 115954, ,13,19,56.5,+,38,22,8,97,77,8.354,0.412,0.0,0.0,3.755,0.05,85,3.71,1.37,6.9,5.6,8.4,1.12,1.07,1.18,-14.7,0.6,0.0,1,0,0.0,7,-75,24,2,11.8,1.0,-30,-13,-13,8.002,0.083,7.26,8.3,0.07,0.12,199.98541666666662,38.36888888888889,-2.330243,18.978313,82.82146,PM*,G5V
HD 115957, ,13,20,39.3,-,14,46,20,313,48,8.372,0.427,2.576,0.0,3.741,-0.12,41,5.31,0.21,0.0,0.0,0.0,0.87,0.83,0.96,12.3,0.1,0.4,15,2846,0.132,2,37,-12,2,24.4,1.2,12,-3,7,7.981,0.03,7.54,8.62,0.07,0.22,200.16375,-14.772222222222224,18.710184,-20.064215,30.468939,*,G5V
HD 116057, ,13,20,38.7,+,36,40,32,92,79,8.397,0.359,2.605,-0.008,3.773,-0.16,60,4.52,0.31,5.8,0.0,10.0,1.01,0.95,1.08,-17.9,0.3,0.1,2,697,0.981,2,100,-38,2,16.8,1.0,29,5,-19,8.0,0.058,7.39,9.45,0.12,0.2,200.16125,36.675555555555555,-0.39954802,11.441569,58.89763,PM*,G0
HD 116080, ,13,21,57.0,-,38,51,16,309,24,7.139,0.386,2.598,0.015,3.759,-0.44,60,3.25,2.14,5.7,4.9,6.5,1.1,1.06,1.16,21.3,0.1,0.2,5,4899,0.896,4,-72,-59,2,16.7,0.9,-1,-34,-3,7.965,0.024,6.31,7.99,0.12,0.06,200.48749999999995,-38.85444444444445,34.494766,-42.59749,24.404198,PM*,G1/2IV
HD 116254,*,13,23,58.2,-,64,54,11,306,-2,9.511,0.434,0.0,0.0,3.739,-0.15,90,4.74,0.85,16.9,11.7,0.0,0.88,0.85,0.93,-3.2,0.3,0.4,2,1326,0.216,3,-192,-79,3,11.1,1.4,-71,-48,-23,7.947,-0.004,5.21,8.7,0.25,0.25,200.99249999999998,-64.90305555555557,52.86843,-72.76719,-3.1409545,PM*,G8V
HD 116259, ,13,22,43.6,-,18,1,51,313,44,8.062,0.448,0.0,0.0,3.735,-0.15,57,4.26,1.41,13.8,12.0,15.8,0.93,0.89,0.96,15.1,0.2,0.3,3,1698,0.511,3,-163,-38,2,17.4,0.9,-24,-40,9,7.972,0.04,5.97,8.03,0.15,0.24,200.68166666666664,-18.030833333333334,27.963549,-29.987234,39.595528,PM*,G5/6V
HD 116272, ,13,21,12.0,+,61,5,5,117,56,8.492,0.452,0.0,0.0,3.729,-0.09,40,5.51,0.24,0.0,0.0,0.0,0.85,0.81,0.93,-22.1,0.2,0.1,3,2132,0.926,2,-285,35,2,25.3,0.8,-41,-38,-16,8.01,0.033,5.97,8.27,0.16,0.13,200.29999999999998,61.084722222222226,-10.154728,19.929783,33.161503,PM*,G5
HD 116410, ,13,23,41.2,-,15,7,4,314,47,8.19,0.407,2.595,0.015,3.754,-0.05,53,4.55,0.63,10.4,6.3,14.5,0.96,0.9,1.02,-4.4,0.2,0.2,4,1057,0.689,5,49,-66,1,18.7,1.0,14,-1,-16,7.975,0.039,7.54,8.74,0.07,0.14,200.92166666666665,-15.117777777777778,25.109058,-26.001194,38.761745,PM*,G3V
HD 116459, ,13,15,11.4,+,84,45,7,122,32,7.286,0.339,2.642,0.015,3.786,-0.15,54,3.63,0.89,3.7,3.1,6.3,1.13,1.08,1.23,8.7,0.1,0.3,8,3623,0.744,7,-131,18,1,18.6,0.5,-33,-11,4,8.024,0.029,7.3,8.43,0.07,0.17,198.79749999999999,84.75194444444445,-24.267445,38.836018,28.61564,PM*,G0
HD 116497, ,13,23,44.7,+,19,5,28,347,79,7.867,0.359,2.637,0.019,3.775,-0.1,49,4.44,0.29,5.1,0.0,8.8,1.03,0.98,1.11,-12.6,0.5,0.0,1,0,0.0,11,23,-17,2,20.6,0.9,4,1,-14,7.991,0.048,7.8,8.58,0.05,0.11,200.93624999999997,19.09111111111111,9.110013,-2.1032119,48.09973,*,G0
HD 116630, ,13,26,34.8,-,65,50,39,307,-3,8.021,0.451,2.635,0.104,3.789,0.36,139,1.86,2.2,1.3,1.1,1.6,1.78,1.69,1.88,18.2,0.2,0.5,4,1536,0.299,17,7,-25,2,7.2,0.9,13,-13,-17,7.917,-0.008,7.15,8.3,0.07,0.15,201.64499999999998,-65.84416666666667,83.53767,-110.85819,-7.2746983,*,G2wF7V
HD 116844, ,13,26,7.3,+,14,20,48,337,75,8.302,0.35,2.637,0.02,3.797,0.12,145,2.41,1.6,1.8,1.5,2.2,1.56,1.47,1.67,-12.7,0.6,0.0,1,0,0.0,20,27,-4,2,5.3,1.0,13,10,-15,7.965,0.14,7.73,9.3,0.09,0.2,201.53041666666664,14.346666666666668,34.545414,-14.663655,140.05925,*,G0
HD 116969, ,13,27,51.5,-,40,23,38,310,22,8.914,0.398,2.632,0.053,3.788,0.2,124,3.22,0.94,2.8,2.1,3.7,1.35,1.28,1.42,-0.9,0.2,0.2,2,385,0.499,9,-64,-16,2,0.0,0.0,-29,-25,-4,7.925,0.046,6.63,8.08,0.1,0.07,201.9645833333333,-40.39388888888889,73.901794,-88.072754,46.451218,PM*,G0V
HD 117079, ,13,27,45.7,+,12,42,9,335,73,8.205,0.389,2.596,-0.003,3.761,-0.3,112,2.96,2.27,4.4,3.2,6.0,1.2,1.09,1.33,-10.7,0.4,0.6,2,873,0.205,13,28,-20,1,4.9,1.0,15,2,-15,7.971,0.107,7.58,8.88,0.08,0.17,201.9404166666666,12.702499999999999,29.677626,-13.838911,107.10613,*,G0
HD 117195,*,13,30,17.5,-,62,20,47,307,0,9.514,0.389,0.0,0.0,3.761,-0.08,111,4.29,0.75,8.7,5.3,11.9,1.0,0.94,1.06,37.3,0.3,0.2,2,527,0.669,5,-42,-14,4,0.0,0.0,4,-44,-4,7.933,0.0,5.76,7.99,0.16,0.05,202.57291666666666,-62.34638888888889,66.80148,-88.64853,0.0,*,G8/K0
HD 117207, ,13,29,21.1,-,35,34,15,312,27,7.248,0.451,0.0,0.0,3.735,0.07,33,4.66,0.84,16.1,11.1,0.0,0.91,0.9,0.95,-17.9,0.1,0.1,5,2100,0.972,2,-205,-73,2,30.3,0.9,-34,-13,-14,7.98,0.015,7.19,8.38,0.08,0.1,202.33791666666662,-35.57083333333334,19.674595,-21.850843,14.981687,PM*,G7IV-V
HD 117266, ,13,29,12.5,+,0,7,9,323,62,7.796,0.346,2.602,-0.03,3.782,-0.12,75,3.42,1.17,5.0,2.8,6.0,1.17,1.11,1.27,-21.4,0.6,0.0,1,0,0.0,7,-166,0,1,13.3,1.0,-55,-29,-10,7.971,0.066,6.16,8.59,0.16,0.08,202.3020833333333,0.11916666666666667,28.120255,-21.19013,66.22107,PM*,G8/K0V
HD 117431,*,13,31,57.9,-,64,5,50,307,-2,9.633,0.51,0.0,0.0,3.709,0.18,51,6.1,-0.11,0.0,0.0,0.0,0.86,0.82,0.91,42.3,0.3,0.1,2,362,0.902,2,71,-36,3,0.0,0.0,38,-24,-12,7.969,-0.001,6.32,8.76,0.16,0.08,202.99124999999998,-64.09722222222221,30.673878,-40.705597,-1.7798743,PM*,G8/K0IV/V
HD 117618, ,13,32,25.5,-,47,16,16,310,15,7.179,0.376,2.622,0.016,3.768,-0.02,38,4.28,0.55,6.7,3.6,9.6,1.04,0.99,1.11,0.9,0.2,0.4,5,1211,0.297,3,26,-124,1,26.3,0.9,5,-5,-22,7.976,0.01,7.64,8.38,0.05,0.22,203.10625,-47.27111111111111,23.593632,-28.117804,9.835124,PM*,G0V
HD 117653, ,13,33,47.4,-,68,31,8,307,-6,8.743,0.389,2.622,0.031,3.779,0.08,91,3.82,0.65,3.6,2.7,5.5,1.18,1.1,1.25,23.9,0.2,0.1,2,413,0.696,5,-119,-7,2,11.0,1.0,-26,-50,3,7.946,-0.009,5.47,8.0,0.19,0.15,203.4475,-68.51888888888888,54.46517,-72.2777,-9.512091,PM*,G1IV
HD 117655, ,13,24,38.8,+,83,18,30,122,34,7.24,0.457,0.0,0.0,3.734,-0.17,46,3.91,1.8,9.8,8.9,10.8,1.04,0.98,1.06,-23.9,0.3,0.0,1,0,0.0,4,26,92,2,21.6,0.6,6,-6,-30,8.02,0.026,7.64,8.44,0.05,0.38,201.16166666666663,83.30833333333334,-20.208862,32.34093,25.722874,PM*,G5
HD 117705,*,13,33,45.4,-,63,52,59,308,-1,9.215,0.434,0.0,0.0,3.738,-0.17,85,4.56,1.07,16.5,12.7,0.0,0.89,0.86,0.93,6.6,0.3,0.1,2,362,0.98,2,-54,27,2,11.7,1.3,-12,-17,14,7.948,-0.002,7.26,7.95,0.05,0.33,203.43916666666667,-63.88305555555556,52.323257,-66.97071,-1.4834545,PM*,G8/K0V
HD 117858, ,13,32,30.9,+,36,2,6,81,78,7.965,0.388,2.586,0.015,3.755,-0.78,60,4.08,1.6,13.3,11.0,15.5,0.87,0.82,0.91,-28.8,0.2,0.3,7,1056,0.894,3,86,-290,2,16.7,0.9,69,-55,-20,7.998,0.058,4.82,9.13,0.31,0.21,203.12875,36.035,1.9514732,12.3211155,58.688858,PM*,G0
HD 117860, ,13,33,11.3,-,8,26,36,320,53,7.329,0.393,2.613,0.015,3.759,-0.04,32,4.79,0.26,6.7,0.0,12.7,0.98,0.9,1.05,-9.9,0.1,0.3,6,4063,0.503,3,-239,48,1,31.0,0.9,-36,-13,2,7.985,0.026,7.13,8.44,0.08,0.14,203.29708333333332,-8.443333333333333,14.7525425,-12.378858,25.556337,PM*,G2V
HD 117896,*,13,34,13.2,-,47,14,37,310,15,8.45,0.416,0.0,0.0,3.744,-0.29,45,5.19,0.41,0.0,0.0,0.0,0.85,0.81,0.93,-10.1,0.2,0.1,2,534,0.942,1,89,74,2,22.3,1.2,8,24,9,7.972,0.012,7.88,10.13,0.12,0.28,203.55499999999995,-47.243611111111115,27.939829,-33.2974,11.646857,PM*,G8V
HD 117939, ,13,34,32.6,-,38,54,25,312,23,7.282,0.415,2.59,0.016,3.745,-0.27,30,4.88,0.68,0.0,11.1,0.0,0.86,0.84,0.9,81.7,0.1,0.2,5,4517,0.614,4,448,-394,2,33.1,0.8,108,-40,-26,7.981,0.012,4.88,10.66,0.37,0.36,203.6358333333333,-38.90694444444444,18.478144,-20.522049,11.721933,PM*,G4V
HD 118006, ,13,34,6.8,+,0,29,56,326,61,8.804,0.376,2.615,0.017,3.768,-0.17,78,4.34,0.62,7.8,4.3,11.4,1.0,0.95,1.06,-36.8,0.3,0.2,2,440,0.587,4,-36,-58,1,12.8,1.2,-15,-14,-40,7.969,0.069,7.49,7.99,0.03,0.57,203.5283333333333,0.4988888888888889,31.350172,-21.145971,68.22034,PM*,G1V
HD 118563,*,13,38,28.4,-,38,19,13,313,24,9.161,0.445,0.0,0.0,3.734,-0.02,56,5.43,0.16,0.0,0.0,0.0,0.88,0.83,0.95,-19.2,0.3,0.4,2,535,0.256,4,-43,-1,2,17.9,1.1,-21,6,-6,7.965,0.022,7.88,8.77,0.05,0.03,204.6183333333333,-38.32027777777778,34.89004,-37.41499,22.777252,*,G8V
HD 118659, ,13,38,0.4,+,19,8,53,359,77,8.816,0.426,2.567,0.0,3.735,-0.65,53,5.21,0.79,0.0,7.9,0.0,0.79,0.77,0.85,-45.4,0.2,0.3,3,2439,0.572,3,134,-322,1,19.0,1.2,63,-43,-62,7.988,0.051,5.4,9.19,0.26,1.31,204.50166666666664,19.148055555555555,11.920589,-0.20807707,51.641613,PM*,G4V
HD 118734,*,13,40,16.9,-,60,15,58,309,2,9.14,0.441,0.0,0.0,3.737,0.02,63,5.13,0.37,0.0,0.0,0.0,0.89,0.85,0.97,34.7,0.2,0.1,2,526,0.831,3,58,-145,2,15.8,1.5,30,-23,-45,7.96,0.002,6.55,8.61,0.14,0.71,205.07041666666663,-60.26611111111111,39.62303,-48.930374,2.1986682,PM*,G6/8V
HD 118779,*,13,39,44.0,-,37,11,27,314,25,8.429,0.48,0.0,0.0,3.724,0.26,36,5.65,-0.02,0.0,0.0,0.0,0.93,0.88,0.97,46.5,0.3,0.4,2,535,0.236,1,87,-86,2,0.0,0.0,42,-28,4,7.977,0.015,6.11,8.81,0.18,0.17,204.9333333333333,-37.19083333333333,22.664673,-23.469957,15.214258,PM*,G8/K0(III)+G
HD 118884, ,13,40,56.3,-,54,49,11,310,7,8.467,0.401,2.597,-0.005,3.751,-0.21,43,5.28,0.1,0.0,0.0,12.8,0.9,0.83,0.96,18.9,0.2,0.2,4,3019,0.58,4,-74,-37,2,23.0,1.1,0,-25,-1,7.972,0.006,6.75,8.02,0.09,0.08,205.2345833333333,-54.819722222222225,27.43384,-32.694386,5.240382,PM*,G3V
HD 118936, ,13,36,40.7,+,75,54,31,119,41,8.183,0.428,2.59,0.029,3.756,-0.04,57,4.26,0.86,10.6,7.1,12.9,1.0,0.96,1.05,-44.9,0.2,0.1,2,705,0.792,2,258,-129,2,17.4,0.7,89,-2,-16,8.021,0.038,6.19,11.26,0.29,0.16,204.1695833333333,75.90861111111111,-20.855755,37.624783,37.395363,PM*,G5
HD 119147, ,13,40,29.7,+,47,28,19,101,68,8.377,0.266,0.0,0.0,3.823,-0.35,141,2.63,1.25,2.0,1.7,2.3,1.38,1.29,1.47,-23.8,0.6,0.0,1,0,0.0,10,16,-13,1,7.1,0.9,16,-8,-21,8.01,0.13,7.34,8.58,0.08,0.25,205.12374999999997,47.471944444444446,-10.078444,51.84909,130.73291,*,G0
HD 119251, ,13,42,58.4,-,42,10,55,313,20,7.522,0.365,2.632,0.012,3.776,0.19,47,4.16,0.29,3.7,1.0,5.6,1.16,1.1,1.22,7.8,0.1,0.2,7,1520,0.782,4,0,-43,2,0.0,0.0,6,-9,-6,7.97,0.016,7.48,8.25,0.05,0.02,205.74333333333328,-42.18194444444444,30.120836,-32.30064,16.074945,*,G0V
BD +77 0521, ,13,44,27.1,+,77,13,50,119,40,9.447,0.424,0.0,0.0,3.735,-0.77,74,5.11,0.95,0.0,10.9,0.0,0.78,0.76,0.83,-93.8,0.2,0.2,3,977,0.752,3,-165,-55,2,13.6,0.9,2,-106,-34,8.028,0.047,3.18,8.04,0.43,0.44,206.11291666666662,77.23055555555555,-27.482542,49.579823,47.56628,PM*,G5
HD 119550, ,13,43,35.7,+,14,21,56,349,72,6.938,0.404,2.584,-0.006,3.755,-0.07,61,3.03,2.14,3.8,3.4,4.4,1.28,1.25,1.33,5.3,0.2,0.3,3,1835,0.471,4,-313,-7,2,16.5,0.9,-66,-57,23,7.982,0.058,4.95,8.57,0.27,0.54,205.89874999999998,14.365555555555556,18.503706,-3.5967593,58.01445,PM*,G2V
HD 119559,*,13,46,17.1,-,68,8,19,308,-6,8.664,0.473,0.0,0.0,3.724,0.07,47,5.32,0.41,0.0,6.4,0.0,0.88,0.84,0.94,27.9,0.2,0.2,2,1349,0.493,1,-266,-29,2,21.4,1.2,-29,-59,3,7.971,-0.005,5.07,8.04,0.23,0.16,206.57125,-68.13861111111112,28.777576,-36.833614,-4.912838,PM*,G8/K0V
HD 119630,*,13,45,24.3,-,48,56,44,312,13,9.755,0.437,0.0,0.0,3.737,-0.12,85,5.11,0.5,0.0,2.2,0.0,0.87,0.83,0.93,0.3,0.3,0.5,2,535,0.255,1,-140,-29,2,0.0,0.0,-42,-39,1,7.945,0.019,5.88,8.23,0.17,0.12,206.35125,-48.94555555555555,55.418385,-61.548325,19.120838,PM*,G8/K2
HD 119703, ,13,41,22.0,+,74,29,7,118,42,8.021,0.344,2.635,0.018,3.783,-0.28,102,2.98,1.73,4.0,3.5,4.6,1.29,1.14,1.37,-47.2,0.3,0.2,2,767,0.538,7,24,-21,2,9.8,0.7,31,-28,-27,8.036,0.069,6.32,8.6,0.15,0.32,205.34166666666664,74.48527777777778,-35.586308,66.92811,68.25132,*,G0
HD 119758,*,13,45,59.3,-,43,32,18,313,18,8.718,0.414,0.0,0.0,3.748,-0.13,58,4.9,0.48,12.8,4.3,0.0,0.89,0.85,0.97,19.1,0.3,0.1,2,535,0.694,3,36,20,2,17.2,1.2,20,-5,9,7.962,0.018,7.32,8.75,0.09,0.26,206.49708333333334,-43.538333333333334,37.6199,-40.342403,17.922987,*,G5V
HD 119856, ,13,46,17.6,-,30,28,28,317,31,8.213,0.381,2.584,-0.011,3.762,-0.12,48,4.79,0.26,6.3,0.0,12.6,0.97,0.9,1.04,-1.9,0.2,0.3,4,1772,0.376,5,33,-16,2,20.7,1.1,5,4,-6,7.97,0.025,7.8,8.75,0.06,0.04,206.57333333333332,-30.474444444444444,30.090841,-28.060158,24.721828,*,G1V
HD 119949, ,13,46,45.6,-,20,51,9,320,40,8.118,0.331,2.621,0.009,3.785,-0.59,75,3.75,1.17,6.5,4.1,8.6,1.03,0.98,1.08,-39.4,0.2,0.3,7,5780,0.725,5,-117,120,2,13.4,1.1,-67,20,13,7.956,0.048,7.27,10.8,0.2,0.37,206.68999999999997,-20.852500000000003,44.0118,-36.930298,48.20907,PM*,G5V
HD 120009, ,13,46,38.3,+,12,39,19,347,71,8.537,0.328,2.65,0.019,3.793,-0.16,125,3.05,1.32,2.8,2.3,3.5,1.28,1.15,1.39,-24.8,0.3,0.4,2,68,0.449,9,-83,33,2,0.0,0.0,-57,-13,-8,7.959,0.118,6.72,8.95,0.14,0.13,206.65958333333333,12.655277777777778,39.65298,-9.154612,118.18982,PM*,G5
HD 120056, ,13,48,31.6,-,55,36,53,311,6,7.961,0.446,0.0,0.0,3.739,0.0,101,2.94,2.53,3.4,2.8,4.2,1.28,1.23,1.39,5.1,0.2,0.3,4,1978,0.411,3,-142,-79,2,9.9,1.0,-51,-55,-21,7.934,0.011,5.09,8.26,0.24,0.21,207.13166666666666,-55.61472222222223,65.89896,-75.80811,10.557375,PM*,G2IV/V
HD 120248, ,13,48,26.1,-,4,42,35,328,55,8.762,0.359,2.603,0.004,3.771,-0.38,70,4.52,0.55,7.7,1.9,12.1,0.96,0.89,1.02,-8.6,0.2,0.3,4,691,0.668,4,50,-150,1,14.2,1.3,31,-24,-36,7.966,0.058,6.45,8.62,0.14,0.51,207.10875,-4.709722222222222,34.04943,-21.276445,57.340645,PM*,G3V
HD 120362, ,13,53,43.7,-,78,24,49,306,-16,9.284,0.459,0.0,0.0,3.73,0.08,57,5.5,0.1,0.0,0.0,0.0,0.91,0.84,0.96,1.9,0.2,0.1,2,450,0.676,4,-98,-90,2,17.5,1.0,-27,-17,-17,7.968,-0.016,7.12,8.16,0.07,0.14,208.43208333333328,-78.41361111111112,32.20587,-44.3276,-15.711329,PM*,G5V
HD 120553, ,13,49,51.1,+,14,53,2,354,72,8.164,0.384,2.59,0.017,3.756,-0.55,44,4.96,0.56,0.0,0.0,0.0,0.84,0.8,0.94,-22.0,0.2,0.4,3,2193,0.31,4,-215,-147,1,22.9,1.0,-22,-51,-18,7.986,0.041,5.48,8.02,0.19,0.16,207.46291666666662,14.883888888888889,13.522262,-1.4212495,41.84649,PM*,G5
HD 121004, ,13,53,58.1,-,46,32,19,314,15,9.023,0.4,2.582,0.029,3.761,-0.61,60,5.01,0.44,3.4,0.0,14.0,0.88,0.8,0.94,245.1,0.2,0.4,8,2674,0.245,5,-485,8,2,16.7,1.4,62,-254,103,7.96,0.015,0.73,8.43,0.84,7.1,208.4920833333333,-46.53861111111111,40.259304,-41.689735,15.529142,PM*,G2V
HD 121143, ,13,55,21.0,-,58,38,2,311,3,9.981,0.432,0.0,0.0,3.74,-0.11,103,4.92,0.62,15.7,7.7,0.0,0.88,0.85,0.94,27.5,0.3,0.4,2,453,0.198,2,79,42,2,0.0,0.0,49,8,13,7.932,0.006,7.02,10.18,0.18,0.35,208.83749999999998,-58.63388888888889,67.48145,-77.62857,5.3906035,PM*,G5/8
HD 121196, ,13,53,0.5,+,43,17,30,89,70,8.819,0.361,0.0,0.0,3.772,-0.48,100,3.82,1.31,8.1,5.9,10.6,0.99,0.94,1.05,-12.2,0.3,0.4,3,318,0.341,6,-101,-35,1,6.7,1.0,-24,-46,4,8.0,0.094,5.72,8.05,0.17,0.19,208.2520833333333,43.291666666666664,0.59690666,34.196808,93.96926,PM*,G5
HD 121205,*,13,54,48.3,-,37,55,42,316,23,8.908,0.403,0.0,0.0,3.752,-0.16,65,4.83,0.49,11.7,3.9,0.0,0.9,0.85,0.98,10.3,0.2,0.1,2,531,0.766,4,-117,-99,2,15.3,1.2,-16,-44,-14,7.956,0.026,5.81,7.97,0.16,0.1,208.70125,-37.92833333333333,43.040115,-41.563377,25.397524,PM*,G5V
HD 121320, ,13,54,28.2,+,20,38,30,12,74,7.895,0.426,2.594,0.0,3.738,-0.37,33,5.3,0.48,0.0,1.7,0.0,0.82,0.79,0.89,-12.3,0.2,0.2,5,5061,0.777,2,210,-76,1,30.2,1.0,29,11,-21,7.991,0.032,7.49,9.74,0.13,0.24,208.61749999999998,20.641666666666666,8.897265,1.891172,31.721636,PM*,G5V
HD 121533, ,13,55,48.3,+,12,26,19,352,69,8.55,0.403,2.576,0.0,3.749,-0.46,56,4.81,0.8,15.5,7.4,0.0,0.84,0.81,0.9,29.8,0.3,0.1,2,991,0.772,1,-96,-322,1,0.0,0.0,41,-84,12,7.98,0.052,3.92,8.34,0.36,0.32,208.95124999999996,12.438611111111111,19.8733,-2.79301,52.280502,PM*,G2
HD 121550, ,13,56,27.0,-,16,11,46,325,44,9.271,0.47,0.0,0.0,3.725,0.08,61,5.33,0.38,0.0,0.0,0.0,0.88,0.84,0.95,-11.3,0.2,0.2,5,2101,0.854,1,-230,5,2,16.3,1.7,-56,-37,10,7.964,0.043,5.85,8.54,0.19,0.27,209.11249999999998,-16.19611111111111,35.944164,-25.168383,42.37416,PM*,G8/K0V
HD 121608, ,13,56,36.3,-,10,2,2,328,50,7.682,0.349,2.601,-0.018,3.778,-0.15,49,4.23,0.48,5.6,2.5,8.3,1.05,0.99,1.11,-43.4,0.2,0.2,6,3283,0.966,4,-236,-31,1,20.4,1.4,-61,-25,-24,7.973,0.037,6.26,8.84,0.17,0.27,209.15125,-10.033888888888889,26.710625,-16.69065,37.53618,PM*,G0V
HD 121678, ,13,58,23.8,-,56,46,45,312,5,9.066,0.417,2.588,0.046,3.764,-0.38,89,4.11,1.12,10.3,7.2,13.1,0.97,0.88,1.02,20.4,0.2,0.2,5,4106,0.669,2,-138,-106,2,11.2,1.2,-34,-63,-26,7.94,0.008,4.85,8.05,0.25,0.29,209.59916666666663,-56.77916666666667,59.326023,-65.8882,7.7568607,PM*,G3V(w)
HD 121825, ,13,56,54.9,+,44,16,57,90,68,7.652,0.392,2.581,-0.002,3.756,-0.36,44,4.41,0.99,13.5,9.6,17.2,0.87,0.84,0.96,20.6,0.2,0.1,3,2538,0.971,2,-25,8,1,22.5,0.9,-5,5,20,8.0,0.041,7.97,8.78,0.05,0.47,209.22875,44.2825,-7.204814e-07,16.482693,40.79609,*,G0
HD 121849, ,13,58,36.7,-,34,0,4,319,27,8.153,0.431,2.568,0.0,3.736,-0.38,36,5.35,0.47,0.0,0.3,0.0,0.82,0.79,0.89,56.3,0.2,0.1,5,1801,0.979,2,-462,-306,2,27.5,1.0,-14,-110,1,7.976,0.016,3.01,7.98,0.45,0.12,209.65291666666664,-34.00111111111111,24.208242,-21.043907,16.343658,PM*,G5V
HD 122078, ,14,2,25.7,-,69,35,22,309,-8,8.302,0.443,0.0,0.0,3.739,-0.05,90,3.53,1.98,6.5,4.7,8.3,1.14,1.06,1.22,-20.6,0.2,0.2,2,1349,0.466,3,-218,-12,2,11.1,1.0,-82,-44,23,7.944,-0.012,5.29,9.05,0.26,0.55,210.60708333333332,-69.58944444444444,56.087627,-69.26245,-12.525579,PM*,G5IV
HD 122194, ,14,1,3.6,-,32,45,25,319,28,9.386,0.417,2.596,0.026,3.762,0.05,129,3.72,1.19,6.4,4.7,8.3,1.11,1.05,1.19,0.8,0.2,0.3,2,1848,0.344,2,-123,-121,2,10.6,1.4,-42,-88,-41,7.913,0.06,3.83,8.06,0.36,0.62,210.265,-32.75694444444444,85.96159,-74.72529,60.561832,PM*,G3V
HD 122308,*,14,2,32.5,-,52,38,41,314,9,9.702,0.47,0.0,0.0,3.717,-0.41,56,5.95,0.26,0.0,0.0,0.0,0.78,0.74,0.83,-48.9,0.3,0.3,2,1148,0.507,3,-142,-64,3,17.8,1.4,-62,5,-14,7.962,0.009,7.11,9.83,0.16,0.12,210.63541666666663,-52.64472222222222,38.421932,-39.78708,8.76033,PM*,G8V
HD 122384, ,14,0,35.7,+,40,33,3,81,70,8.485,0.325,0.0,0.0,3.791,-0.34,115,3.18,1.4,4.5,2.7,5.5,1.16,1.1,1.24,12.1,0.4,0.0,1,0,0.0,3,-49,-32,1,8.7,1.0,-7,-25,22,7.994,0.108,6.89,8.0,0.07,0.51,210.14874999999998,40.55083333333333,6.152931,38.848072,108.06465,PM*,G0
HD 122432, ,14,2,33.4,-,35,47,48,319,25,8.569,0.447,0.0,0.0,3.735,-0.07,52,5.01,0.6,0.0,10.7,0.0,0.88,0.85,0.92,-13.5,0.2,0.1,4,1480,0.921,8,-93,-77,2,19.4,1.1,-23,-16,-16,7.965,0.022,7.2,8.1,0.06,0.13,210.63916666666663,-35.79666666666667,35.56795,-30.918755,21.97615,PM*,G5V
HD 122474, ,14,2,20.0,-,12,2,13,329,47,8.706,0.436,2.59,0.0,3.741,0.01,55,4.99,0.43,13.0,3.4,0.0,0.9,0.86,0.98,-2.4,0.1,0.4,7,2162,0.436,3,-36,0,2,18.1,1.4,-8,-5,1,7.968,0.041,7.93,8.02,0.01,0.12,210.58333333333331,-12.036944444444444,32.152264,-19.319033,40.224453,*,G3/5V
HD 122518, ,14,1,57.4,+,21,33,22,18,73,7.932,0.396,2.593,0.001,3.759,-0.04,55,4.22,0.83,9.6,6.2,12.0,1.02,0.97,1.07,-0.7,0.2,0.1,2,1108,0.914,3,-121,11,1,18.1,1.0,-25,-18,8,7.985,0.053,7.11,8.13,0.07,0.24,210.48916666666665,21.55611111111111,15.293415,4.969132,52.59676,PM*,G0
HD 122673, ,14,1,12.5,+,62,34,37,110,53,8.513,0.31,2.634,0.0,3.797,-0.51,104,3.42,1.17,4.9,2.7,6.0,1.12,1.06,1.2,-1.1,0.3,0.3,2,381,0.505,6,-61,6,2,9.6,0.8,-24,-18,5,8.021,0.083,7.15,8.15,0.07,0.21,210.30208333333331,62.57694444444445,-21.406614,58.814198,83.0581,PM*,G0
HD 122674, ,14,2,10.4,+,45,59,22,91,67,8.039,0.36,2.633,0.024,3.789,-0.01,66,3.83,0.49,3.5,2.2,4.5,1.18,1.11,1.24,-14.4,0.3,0.2,2,880,0.554,7,-29,11,2,15.1,0.8,-9,-9,-12,8.0,0.061,7.76,8.0,0.02,0.09,210.5433333333333,45.989444444444445,-0.45006573,25.784332,60.75332,*,G0
HD 122813, ,14,3,5.9,+,40,6,25,79,70,8.336,0.351,2.604,-0.007,3.776,-0.5,91,3.54,1.51,6.9,5.6,8.3,1.04,1.0,1.1,-10.5,0.2,0.4,4,3449,0.388,4,-76,41,2,11.0,0.9,-37,-12,-4,7.994,0.086,7.17,8.49,0.08,0.1,210.77458333333334,40.106944444444444,5.9387097,30.552002,85.51203,PM*,G0
HD 122973, ,14,5,10.6,-,9,2,54,332,50,8.082,0.381,2.586,-0.021,3.765,0.04,49,4.65,0.2,4.4,0.0,9.6,1.03,0.97,1.09,-12.2,0.1,0.2,8,1743,0.93,5,-103,-6,2,20.6,1.2,-23,-12,-3,7.972,0.037,7.39,8.15,0.05,0.07,211.29416666666665,-9.048333333333334,27.809841,-14.786752,37.53618,PM*,G2V
HD 123297,*,14,9,8.6,-,65,37,20,311,-4,8.52,0.413,0.0,0.0,3.748,-0.25,76,4.12,1.36,12.1,9.9,14.6,0.94,0.9,1.0,-14.4,0.4,0.6,2,1353,0.129,4,-292,4,2,13.2,1.1,-84,-56,33,7.951,-0.005,4.85,8.95,0.3,0.84,212.28583333333333,-65.62222222222222,49.739017,-57.21822,-5.3014917,PM*,G3V
HD 123300, ,14,4,51.5,+,58,52,3,106,56,7.595,0.389,2.619,0.021,3.775,0.15,48,4.11,0.4,4.1,2.2,6.0,1.18,1.12,1.21,-33.0,0.2,0.2,3,2293,0.789,4,-179,20,2,20.9,0.6,-27,-41,-18,8.007,0.04,5.93,8.09,0.15,0.17,211.2145833333333,58.8675,-7.3984537,25.801474,39.793804,PM*,G5
HD 123505, ,14,10,2.6,-,61,31,18,312,0,9.666,0.475,0.0,0.0,3.711,-0.8,48,6.28,0.26,0.0,0.0,0.0,0.72,0.69,0.76,42.8,0.2,0.3,6,2192,0.684,5,-459,-644,2,21.0,1.6,-75,-129,-107,7.968,0.0,2.6,8.45,0.53,3.84,212.5108333333333,-61.52166666666667,32.118275,-35.670944,0.0,PM*,G8(V)
HD 123651, ,14,10,4.8,-,46,16,10,317,14,8.198,0.364,2.609,0.02,3.778,-0.27,54,4.46,0.36,5.9,0.0,9.7,1.0,0.94,1.07,-21.2,0.2,0.2,4,4870,0.738,3,-92,-112,1,18.6,1.2,-32,-12,-25,7.962,0.013,7.22,8.35,0.07,0.27,212.51999999999995,-46.269444444444446,38.31999,-35.73396,13.063783,PM*,G0/1V
HD 123655, ,14,11,1.4,-,61,25,30,312,0,9.499,0.422,2.618,0.0,3.75,0.09,109,4.31,0.85,9.5,6.5,12.4,1.02,0.95,1.08,-13.1,0.3,0.4,2,1090,0.145,2,-112,-79,2,0.0,0.0,-58,-36,-22,7.927,0.0,5.81,8.54,0.19,0.22,212.7558333333333,-61.425,72.93525,-81.00277,0.0,PM*,G5/8III
HD 123710, ,14,4,57.0,+,74,34,24,116,42,8.21,0.402,2.589,0.038,3.766,-0.36,44,4.84,0.33,5.3,0.0,13.0,0.93,0.85,1.01,12.8,0.3,0.2,2,743,0.557,3,-149,92,1,22.8,0.7,-38,-4,4,8.015,0.029,7.43,8.79,0.08,0.17,211.23749999999995,74.57333333333332,-14.334022,29.389103,29.441748,PM*,G5
HD 124019, ,14,10,26.9,+,27,37,57,39,72,8.551,0.415,2.59,0.0,3.745,-0.19,49,5.12,0.38,0.0,0.0,0.0,0.87,0.83,0.95,-20.1,0.3,0.1,2,442,0.779,3,21,-40,2,20.6,1.0,5,-8,-21,7.989,0.046,7.58,8.29,0.05,0.21,212.61208333333332,27.6325,11.767413,9.529063,46.601772,*,G2V
HD 124244, ,14,12,17.1,+,8,24,25,352,63,8.469,0.419,2.612,0.038,3.77,0.23,95,3.41,1.15,5.1,2.7,6.6,1.33,1.22,1.42,37.7,0.3,0.1,2,442,0.896,3,114,-95,2,10.5,1.3,77,-2,4,7.958,0.085,6.34,10.71,0.26,0.23,213.07124999999996,8.406944444444445,42.70937,-6.0024104,84.64562,PM*,G5
HD 124292, ,14,12,45.2,-,3,19,12,339,54,7.044,0.448,2.568,0.0,3.731,-0.1,22,5.31,0.4,0.0,5.0,0.0,0.85,0.83,0.91,37.5,0.1,0.3,5,2261,0.526,2,-162,-323,2,44.9,1.0,24,-44,19,7.988,0.018,5.7,8.27,0.18,0.44,213.1883333333333,-3.32,12.072385,-4.634156,17.798374,PM*,G8/K0V
HD 124348, ,14,12,42.0,+,15,39,44,6,68,8.553,0.356,2.621,0.013,3.776,-0.3,85,3.91,0.98,7.5,4.9,9.7,1.03,0.97,1.09,-14.8,0.3,0.3,3,414,0.664,3,-74,-19,1,11.8,1.0,-22,-26,-6,7.968,0.079,6.72,8.03,0.09,0.08,213.17499999999995,15.662222222222223,31.667133,3.3283498,78.81062,PM*,G5
HD 124364, ,14,14,24.8,-,48,8,47,317,12,8.228,0.42,2.58,0.0,3.741,-0.31,36,5.43,0.24,0.0,0.0,0.0,0.83,0.79,0.92,-24.5,0.2,0.3,5,1979,0.364,1,-103,-121,2,27.6,1.1,-31,-3,-19,7.974,0.008,7.56,8.59,0.06,0.18,213.6033333333333,-48.146388888888886,25.75339,-24.015419,7.4848213,PM*,G5V
HD 124523,*,14,15,14.9,-,42,48,16,319,17,9.423,0.414,0.0,0.0,3.747,-0.13,86,4.75,0.65,13.5,7.0,0.0,0.9,0.86,0.97,-2.7,0.6,0.8,2,1009,0.038,3,-273,36,2,11.0,1.6,-79,-63,48,7.938,0.026,4.67,8.81,0.31,1.22,213.8120833333333,-42.80444444444444,62.06898,-53.95575,25.143965,PM*,G8V+G
HD 124580, ,14,15,38.6,-,45,0,2,318,15,6.323,0.383,2.602,0.008,3.761,-0.25,21,4.71,0.48,10.1,4.2,15.5,0.92,0.85,1.0,4.5,0.2,0.4,4,2282,0.241,5,128,-136,1,47.5,0.8,12,0,-15,7.985,0.006,7.62,8.72,0.07,0.12,213.9108333333333,-45.00055555555556,15.07428,-13.572941,5.4351997,PM*,G0V
HD 124584, ,14,17,4.7,-,66,18,57,311,-5,7.29,0.373,2.603,-0.001,3.768,-0.18,45,4.0,0.97,8.9,6.6,10.4,1.02,0.99,1.07,-9.0,0.2,0.4,9,2187,0.037,4,-394,-223,2,22.0,0.8,-79,-56,-17,7.97,-0.004,4.85,8.82,0.29,0.15,214.26958333333332,-66.31583333333333,29.410307,-33.832703,-3.9220083,PM*,G0/1V
HD 124595, ,14,15,24.6,-,37,57,32,321,22,8.769,0.372,2.622,0.007,3.773,0.15,77,4.34,0.22,3.8,0.0,6.6,1.12,1.06,1.18,-4.1,0.2,0.2,3,2870,0.776,3,-157,-118,2,13.0,1.3,-39,-57,-20,7.945,0.029,5.11,8.11,0.23,0.2,213.85249999999996,-37.95888888888889,55.482895,-44.929184,28.844707,PM*,G1/2V
HD 124792, ,14,18,49.5,-,69,47,59,310,-8,8.778,0.377,2.623,0.018,3.767,-0.07,71,4.51,0.38,6.8,1.3,10.7,1.01,0.95,1.08,17.9,0.2,0.2,2,417,0.536,5,9,4,2,14.0,1.0,14,-11,-2,7.954,-0.01,7.21,8.4,0.08,0.08,214.70624999999998,-69.79972222222221,45.193768,-53.859848,-9.88129,*,G0V
HD 124969, ,14,15,48.8,+,34,35,10,61,70,8.526,0.416,2.582,0.005,3.749,-0.17,112,3.27,2.12,5.4,3.8,7.7,1.17,1.06,1.26,-20.5,0.2,0.2,4,5019,0.731,4,-43,101,2,8.9,1.1,-57,17,-17,7.982,0.106,7.43,10.35,0.16,0.22,213.95333333333332,34.586111111111116,18.571241,33.50341,105.245575,PM*,G0
HD 125052, ,14,19,11.8,-,60,49,33,313,0,8.302,0.47,0.0,0.0,3.723,-0.02,40,5.27,0.55,0.0,11.0,0.0,0.86,0.84,0.9,6.6,0.1,0.3,5,1978,0.458,3,-168,-31,2,24.7,1.0,-19,-27,5,7.972,0.0,6.68,8.01,0.09,0.19,214.79916666666662,-60.825833333333335,27.279934,-29.254148,0.0,PM*,G8IV
HD 125141, ,14,16,5.3,+,50,10,9,94,62,7.793,0.402,2.594,0.011,3.754,-0.16,45,4.51,0.76,11.9,7.9,16.2,0.94,0.88,0.99,-47.5,0.2,0.1,3,2200,0.897,2,-298,186,2,22.1,0.8,-72,-40,-35,8.001,0.04,5.6,8.9,0.23,0.51,214.0220833333333,50.16916666666666,-1.4736909,21.07476,39.73264,PM*,G5
HD 125170,*,14,18,24.0,-,30,32,48,324,29,9.797,0.478,0.0,0.0,3.719,-0.02,64,5.76,0.14,0.0,0.0,0.0,0.84,0.8,0.9,-62.6,0.3,0.2,2,531,0.68,3,-39,-117,2,15.6,1.6,-47,3,-56,7.954,0.031,7.39,9.46,0.12,1.07,214.59999999999997,-30.546666666666667,45.28526,-32.901672,31.027815,PM*,G8V
HD 125499, ,14,21,32.3,-,55,48,57,315,5,9.211,0.422,2.562,0.0,3.738,-0.78,64,5.18,0.83,0.0,0.0,0.0,0.79,0.75,0.85,-57.2,0.2,0.4,4,2250,0.276,1,-78,-30,2,6.2,1.1,-58,21,-7,7.955,0.005,7.43,10.59,0.18,0.01,215.38458333333332,-55.81583333333333,45.08262,-45.082634,5.577967,PM*,G2wF6V
HD 125612, ,14,20,53.5,-,17,28,53,331,40,8.311,0.405,2.603,0.015,3.756,0.02,53,4.69,0.39,8.2,1.7,12.9,0.98,0.92,1.06,-18.4,0.2,0.3,4,1206,0.379,5,-63,-69,2,18.9,1.4,-18,-15,-18,7.965,0.034,7.31,8.01,0.05,0.17,215.22291666666666,-17.481388888888887,35.509876,-19.683437,34.06774,PM*,G3V
HD 125706, ,14,19,9.1,+,59,18,7,104,54,8.735,0.4,2.594,0.004,3.757,-0.11,114,3.46,1.7,6.2,4.9,7.7,1.13,1.07,1.2,-23.5,0.2,0.2,3,2294,0.837,3,-48,58,2,8.8,0.8,-37,-14,-26,8.016,0.092,7.14,8.48,0.09,0.31,214.78791666666663,59.301944444444445,-16.210583,65.017105,92.227936,PM*,G5
HD 125859, ,14,21,41.1,+,19,21,44,17,68,8.604,0.376,2.607,0.02,3.773,-0.27,59,4.66,0.27,5.2,0.0,11.0,0.98,0.91,1.04,8.0,0.3,0.1,2,822,0.819,3,-81,-85,1,16.9,1.1,3,-32,11,7.979,0.055,6.43,8.04,0.11,0.29,215.42125,19.362222222222222,21.136047,6.461938,54.703846,PM*,G5
HD 125881, ,14,24,45.9,-,63,42,23,313,-3,7.269,0.371,2.631,0.018,3.771,0.0,36,4.46,0.28,5.0,0.0,8.9,1.05,0.99,1.12,18.0,0.1,0.2,6,1360,0.692,3,-264,-135,8,27.4,0.9,-25,-48,-6,7.975,-0.002,5.58,8.02,0.18,0.01,216.19125,-63.70638888888889,24.518291,-26.292648,-1.8840945,PM*,G2V
HD 125960, ,14,20,42.8,+,57,10,52,101,56,8.269,0.373,2.62,0.017,3.77,-0.21,99,3.29,1.66,5.2,4.4,6.2,1.17,1.1,1.25,2.5,0.2,0.3,4,1085,0.551,6,-18,-60,2,10.1,0.7,14,-19,17,8.011,0.082,6.97,8.34,0.09,0.42,215.1783333333333,57.18111111111111,-10.563206,54.342976,82.07472,PM*,G5
HD 126053, ,14,23,15.2,+,1,14,29,347,56,6.262,0.405,2.59,0.014,3.748,-0.37,18,5.03,0.54,14.4,4.9,0.0,0.84,0.81,0.91,-19.6,0.1,0.3,367,6975,0.359,2,223,-478,2,56.8,1.0,22,-15,-40,7.99,0.015,6.99,8.57,0.1,0.6,215.81333333333328,1.2413888888888889,9.807494,-2.264238,14.922677,PM*,G1.5V
HD 126244, ,14,22,29.5,+,55,52,12,99,57,8.216,0.402,2.574,0.0,3.747,-0.54,41,5.15,0.55,0.0,0.0,0.0,0.82,0.79,0.91,-14.6,0.3,0.4,2,380,0.283,1,-234,163,2,24.4,0.7,-53,-20,-10,8.004,0.034,6.57,8.73,0.14,0.06,215.62291666666667,55.87,-3.493213,22.055279,34.385494,PM*,G0
HD 126323, ,14,22,28.9,+,60,57,56,105,53,7.413,0.379,2.613,0.007,3.767,0.01,43,4.27,0.55,6.7,3.6,9.5,1.05,1.0,1.11,-3.3,0.2,0.3,3,2252,0.469,3,-8,-83,2,23.5,0.6,11,-11,6,8.007,0.034,7.33,8.39,0.07,0.21,215.62041666666667,60.96555555555556,-6.69773,24.996271,34.341328,PM*,G0
HD 126351, ,14,25,35.3,-,30,51,49,326,28,8.16,0.353,2.619,0.003,3.776,-0.2,58,4.34,0.46,6.3,2.5,9.2,1.02,0.96,1.09,-17.5,0.2,0.5,4,1800,0.145,5,-45,-14,2,17.2,1.2,-20,-2,-7,7.958,0.027,7.8,8.34,0.03,0.03,216.39708333333328,-30.863611111111112,42.455803,-28.636818,27.229351,*,G0V
HD 126466, ,14,28,28.6,-,65,2,40,313,-4,8.41,0.389,2.613,0.025,3.775,-0.05,95,3.41,1.28,5.0,3.0,6.2,1.17,1.1,1.27,13.9,0.3,0.4,2,801,0.205,4,-72,-64,2,10.5,1.0,-21,-37,-16,7.935,-0.007,6.11,7.97,0.13,0.13,217.11916666666664,-65.04444444444444,64.63202,-69.30936,-6.626865,PM*,G0V
HD 126511, ,14,24,48.9,+,41,16,30,75,66,8.365,0.46,0.0,0.0,3.729,0.09,40,5.34,0.28,0.0,0.0,0.0,0.89,0.85,0.98,-38.3,0.2,0.3,3,1557,0.343,2,-158,-209,2,24.8,0.9,5,-61,-17,7.996,0.037,5.01,8.04,0.23,0.14,216.20374999999999,41.275,4.210848,15.7150955,36.54182,PM*,G5
HD 126512, ,14,25,30.1,+,20,35,24,21,68,7.274,0.384,2.586,0.011,3.756,-0.72,47,3.92,1.7,11.6,10.1,13.2,0.9,0.87,0.93,-49.0,0.2,0.3,5,619,0.631,2,132,-581,1,21.3,0.8,86,-84,-74,7.983,0.043,3.82,9.33,0.42,1.75,216.3754166666666,20.59,16.437094,6.3096094,43.57764,PM*,G0
HD 126525, ,14,27,32.9,-,51,55,59,318,8,7.848,0.426,2.599,0.0,3.742,-0.15,38,4.95,0.58,16.6,9.1,0.0,0.87,0.85,0.92,12.5,0.2,0.4,5,1958,0.089,3,-305,40,1,26.3,0.9,-27,-41,29,7.972,0.005,5.98,8.05,0.15,0.66,216.88708333333332,-51.933055555555555,27.964678,-25.179506,5.288578,PM*,G4V
HD 126528, ,14,28,14.6,-,60,7,44,315,1,8.893,0.387,2.622,0.025,3.779,0.18,96,3.87,0.52,3.5,2.4,4.6,1.21,1.15,1.27,-20.4,0.2,0.2,2,415,0.592,3,-24,-19,2,10.4,1.1,-24,5,-4,7.932,0.001,7.8,8.74,0.06,0.04,217.06083333333333,-60.12888888888889,67.8719,-67.871925,1.675431,*,G3IV
HD 126563,*,14,27,41.6,-,48,5,25,319,12,8.605,0.442,0.0,0.0,3.734,-0.3,51,5.07,0.73,0.0,10.1,0.0,0.84,0.8,0.9,-32.5,0.2,0.1,2,394,0.775,2,-55,-54,2,8.7,1.2,-34,7,-14,7.962,0.01,7.67,9.11,0.09,0.1,216.9233333333333,-48.09027777777778,37.649086,-32.727856,10.603497,PM*,G5V
HD 126583, ,14,25,58.2,+,13,25,59,6,64,8.047,0.457,2.573,0.0,3.729,-0.02,34,5.38,0.31,0.0,0.0,0.0,0.86,0.83,0.93,0.0,0.2,0.4,5,3696,0.298,3,-298,-127,2,29.3,0.9,-20,-47,12,7.985,0.031,5.68,8.01,0.17,0.29,216.49249999999998,13.433055555555555,14.822971,1.557957,30.558998,PM*,G5
HD 126677, ,14,27,1.2,+,1,8,34,348,55,8.04,0.426,2.573,0.0,3.739,-0.46,84,3.42,2.39,7.1,4.9,9.3,0.97,0.93,1.11,8.6,0.7,1.0,2,449,0.012,2,75,-52,1,11.9,1.2,35,3,-13,7.953,0.069,7.2,9.49,0.14,0.11,216.75499999999997,1.1427777777777777,47.12756,-10.017276,68.80877,PM*,G5V
HD 126681, ,14,27,24.9,-,18,24,40,333,39,9.293,0.402,2.553,0.0,3.742,-1.15,52,5.71,0.43,0.0,0.0,10.3,0.77,0.72,0.82,-45.7,0.3,0.6,6,5063,0.067,2,-75,-311,2,19.2,1.4,-21,-48,-75,7.964,0.033,5.88,7.98,0.15,1.56,216.85374999999996,-18.41111111111111,36.006992,-18.34648,32.72466,PM*,G3V
HD 126793, ,14,30,12.6,-,62,51,44,314,-2,8.205,0.369,2.592,0.01,3.763,-0.73,56,4.44,1.04,12.0,7.4,16.2,0.85,0.8,0.92,-9.6,0.2,0.5,5,2639,0.119,5,-14,-64,2,17.7,1.0,-14,0,-14,7.961,-0.002,7.94,8.32,0.02,0.1,217.55249999999998,-62.86222222222222,38.87717,-40.258495,-1.9543717,PM*,G0wF3/5
HD 126803,*,14,29,3.2,-,46,44,28,320,13,8.934,0.429,0.0,0.0,3.732,-0.75,51,5.38,0.73,0.0,0.0,0.0,0.78,0.75,0.84,59.2,0.3,0.1,2,1126,0.847,3,-265,155,2,19.5,1.3,4,-62,72,7.962,0.011,5.26,8.0,0.21,2.1,217.2633333333333,-46.74111111111111,38.066944,-31.94197,11.472504,PM*,G5V
HD 126954, ,14,31,55.6,-,68,48,34,312,-8,8.4,0.366,2.603,0.005,3.768,-0.42,75,4.04,1.13,9.9,7.1,12.0,0.98,0.93,1.03,-48.3,0.2,0.2,4,2547,0.852,3,-160,-183,2,13.4,1.0,-92,-13,-33,7.951,-0.01,6.13,10.1,0.24,0.47,217.98166666666665,-68.80944444444444,49.69641,-55.19343,-10.437983,PM*,G0wF7
HD 126961, ,14,28,31.1,+,2,47,19,351,56,7.024,0.346,2.625,-0.003,3.784,0.02,41,3.98,0.43,3.6,1.9,5.5,1.16,1.09,1.21,-6.0,0.3,0.3,2,353,0.469,7,-196,53,1,24.6,1.0,-33,-16,13,7.978,0.034,7.06,8.31,0.08,0.32,217.1295833333333,2.788611111111111,22.64464,-3.5865562,33.990543,PM*,G0V
HD 127024, ,14,31,48.7,-,64,17,1,314,-4,8.218,0.411,2.587,0.014,3.746,-0.32,44,5.02,0.56,16.5,6.5,0.0,0.85,0.82,0.91,-9.7,0.1,0.2,6,2673,0.779,2,-112,-148,6,22.9,1.0,-31,-15,-19,7.97,-0.003,7.12,8.27,0.07,0.17,217.95291666666665,-64.28361111111111,30.490513,-31.573853,-3.0692847,PM*,G2V
HD 127175,*,14,30,48.1,-,33,18,4,326,25,9.688,0.492,0.0,0.0,3.713,-0.06,64,5.65,0.39,0.0,0.0,0.0,0.83,0.8,0.88,-1.1,0.6,0.9,2,994,0.018,2,-205,-12,2,15.6,2.0,-41,-42,20,7.952,0.027,5.78,8.2,0.17,0.46,217.70041666666665,-33.301111111111105,48.087234,-32.43527,27.04757,PM*,G8/K0V
HD 127183, ,14,28,0.3,+,57,6,50,100,55,8.971,0.32,2.66,0.024,3.811,0.02,156,2.9,0.9,2.0,1.5,2.4,1.4,1.32,1.48,9.5,1.4,2.7,4,1085,0.149,40,4,-6,2,6.4,0.8,4,5,9,8.015,0.129,7.88,8.86,0.06,0.29,217.00124999999997,57.11388888888889,-15.537681,88.11855,127.78772,*,G5
HD 127333, ,14,28,23.4,+,60,2,28,103,53,9.037,0.344,2.632,0.023,3.794,-0.31,143,3.16,1.33,3.2,2.5,5.2,1.17,1.11,1.27,-16.6,0.7,1.0,2,295,0.015,5,-18,26,2,0.0,0.0,-19,-9,-17,8.019,0.114,7.69,8.15,0.03,0.19,217.0975,60.04111111111111,-19.35918,83.853836,114.20488,*,G5
HD 127423, ,14,32,24.5,-,37,49,2,324,21,8.535,0.355,2.629,0.0,3.78,0.2,69,4.34,0.0,1.4,0.0,5.1,1.15,1.1,1.2,-29.8,0.4,0.6,2,497,0.037,4,-101,-55,2,14.5,1.2,-43,-15,-14,7.948,0.025,6.88,8.53,0.11,0.11,218.1020833333333,-37.81722222222223,52.114483,-37.86339,24.727388,PM*,G0V
HD 127598, ,14,31,11.6,+,39,41,45,71,66,8.785,0.382,0.0,0.0,3.76,-0.56,130,3.22,2.22,6.5,4.9,8.4,1.05,1.0,1.12,-47.3,0.2,0.3,2,351,0.355,3,-62,24,2,7.7,1.0,-42,-33,-31,7.982,0.118,6.19,8.3,0.15,0.43,217.79833333333332,39.69583333333333,17.214663,49.99501,118.76091,PM*,G5
HD 127600, ,14,32,34.3,-,9,45,24,340,46,8.226,0.391,2.624,0.034,3.783,0.2,110,2.87,1.4,2.6,2.1,3.3,1.43,1.36,1.49,-8.6,0.2,0.1,2,971,0.923,2,-41,38,1,8.7,1.2,-27,2,13,7.928,0.079,7.7,8.7,0.06,0.34,218.14291666666665,-9.756666666666666,71.804184,-26.134604,79.12738,PM*,G0V
HD 127946, ,14,31,54.7,+,59,56,49,102,53,8.993,0.376,2.608,0.016,3.764,-0.39,102,3.95,1.29,9.7,7.7,11.8,0.99,0.95,1.03,-34.0,0.3,0.5,3,2261,0.168,4,9,20,3,9.8,0.8,0,-12,-33,8.013,0.081,7.51,8.13,0.04,0.44,217.97791666666666,59.94694444444444,-12.762682,60.043716,81.46082,*,G5
HD 128219, ,14,35,5.9,+,23,30,56,30,66,8.409,0.411,2.59,0.012,3.748,-0.25,68,4.26,1.22,13.3,10.9,16.0,0.93,0.87,0.97,-21.9,0.2,0.2,3,1815,0.789,2,-69,-70,1,14.8,1.1,-7,-35,-14,7.977,0.062,6.27,7.98,0.12,0.11,218.7745833333333,23.515555555555554,23.952606,13.829044,62.121094,PM*,G5
HD 128400, ,14,41,52.4,-,75,8,22,310,-14,6.73,0.437,2.609,0.0,3.737,-0.1,20,5.19,0.4,15.4,4.3,0.0,0.86,0.84,0.92,-3.5,0.1,0.3,5,2188,0.505,4,120,-19,2,49.2,0.6,4,10,-6,7.987,-0.005,7.88,9.12,0.07,0.03,220.4683333333333,-75.13944444444445,12.47388,-14.865795,-4.838438,PM*,G6V
HD 128431,*,14,37,34.0,-,29,22,2,329,28,9.195,0.438,0.0,0.0,3.731,-0.39,57,5.41,0.52,0.0,0.0,0.0,0.81,0.78,0.87,-35.2,0.4,0.6,2,720,0.138,3,171,-48,3,17.5,1.6,5,38,-45,7.957,0.027,7.9,11.38,0.18,0.88,219.39166666666665,-29.36722222222222,43.139523,-25.920845,26.75988,PM*,G8V
HD 128596, ,14,38,6.9,-,12,54,38,339,42,7.48,0.409,2.604,0.017,3.754,0.03,60,3.61,1.5,6.4,5.5,7.6,1.13,1.09,1.19,-43.3,0.1,0.3,6,2105,0.375,3,-248,-53,2,16.8,1.0,-69,-46,-11,7.959,0.04,5.31,8.69,0.24,0.07,219.52874999999997,-12.910555555555556,41.627125,-15.979162,40.14784,PM*,G2V
HD 129010, ,14,40,55.8,-,26,25,43,331,30,7.46,0.368,2.618,0.008,3.773,-0.08,67,3.34,1.42,4.9,4.2,5.8,1.19,1.14,1.27,-8.2,0.5,0.7,2,628,0.018,7,-40,10,2,15.0,0.9,-15,-3,3,7.949,0.034,7.89,8.16,0.02,0.16,220.23249999999996,-26.428611111111113,50.748676,-28.13044,33.5,*,G0V
HD 129046, ,14,39,24.6,+,36,30,37,62,65,8.548,0.293,2.655,-0.01,3.809,-0.05,82,3.98,-0.07,0.0,0.0,2.5,1.2,1.15,1.26,-8.0,1.7,2.3,2,694,0.052,25,-11,-3,2,12.2,1.1,-3,-7,-5,7.984,0.074,7.78,8.11,0.02,0.08,219.85249999999996,36.51027777777778,16.269398,30.59828,74.31724,*,G0
HD 129171, ,14,40,18.3,+,30,26,37,47,66,7.707,0.396,2.609,0.018,3.761,-0.02,56,3.98,1.01,8.4,6.5,9.9,1.05,1.01,1.11,-12.2,0.1,0.1,6,1720,0.999,3,95,-43,2,18.0,0.9,21,5,-21,7.985,0.051,7.54,9.22,0.1,0.23,220.07624999999996,30.44361111111111,15.534046,16.658226,51.158546,PM*,G0
HD 129209, ,14,40,28.4,+,30,31,13,48,66,7.989,0.395,2.625,0.031,3.777,0.27,51,4.34,0.01,1.5,0.0,5.1,1.14,1.12,1.18,-12.0,0.1,0.1,6,1720,0.982,3,97,-44,2,19.8,1.0,19,4,-20,7.986,0.046,7.57,9.15,0.09,0.22,220.1183333333333,30.52027777777778,13.880155,15.415475,46.59082,PM*,G2IV
HD 129229, ,14,41,18.8,+,3,26,55,356,55,8.414,0.395,2.588,0.013,3.753,-0.7,86,3.74,1.93,10.8,8.4,13.7,0.9,0.85,0.97,-16.0,0.2,0.3,4,728,0.714,3,-13,-23,1,6.8,1.4,-8,-10,-15,7.95,0.07,7.67,7.96,0.02,0.13,220.32833333333332,3.4486111111111115,49.207417,-3.4409132,70.447075,*,G0V
HD 129325, ,14,43,48.1,-,54,14,24,319,5,8.75,0.388,2.606,0.02,3.769,-0.22,78,4.22,0.76,8.1,5.0,11.4,1.0,0.95,1.06,-48.7,0.5,0.7,2,691,0.024,2,-45,-124,2,12.9,1.4,-57,4,-39,7.942,0.007,7.18,9.62,0.14,0.61,220.95041666666665,-54.24,58.643337,-50.977882,6.7981477,PM*,G0V
HD 129357, ,14,41,22.3,+,29,3,31,44,66,7.823,0.408,2.605,0.013,3.753,0.01,47,4.45,0.7,10.1,6.6,13.7,0.98,0.93,1.04,-33.2,0.4,0.6,3,2205,0.02,2,3,-173,2,21.2,1.0,18,-36,-31,7.986,0.043,6.11,8.23,0.15,0.39,220.34291666666664,29.058611111111112,13.751346,13.279521,42.936638,PM*,G2V
HD 129381, ,14,42,51.9,-,24,29,30,333,32,7.798,0.427,2.574,0.0,3.737,-0.61,63,3.8,2.14,11.1,9.4,12.9,0.93,0.9,0.97,-52.7,0.2,0.4,4,3036,0.153,3,-248,-41,2,15.9,1.0,-84,-37,-7,7.952,0.033,5.48,9.19,0.25,0.04,220.71624999999997,-24.491666666666667,47.603832,-24.255365,33.384914,PM*,G3V
HD 129401, ,14,44,9.6,-,51,56,16,320,7,8.675,0.378,2.642,0.038,3.795,0.54,93,3.68,0.18,0.9,0.0,1.9,1.3,1.25,1.35,32.6,0.2,0.3,2,624,0.334,4,9,-6,2,10.8,1.1,27,-19,1,7.93,0.012,6.66,8.54,0.12,0.12,221.03999999999996,-51.937777777777775,70.7111,-59.333675,11.333849,*,G6/K0III/IV+F
HD 129445,*,14,46,3.0,-,68,45,45,313,-8,8.821,0.462,0.0,0.0,3.736,0.39,68,4.67,0.62,7.6,5.3,11.3,0.99,0.94,1.04,7.5,0.2,0.1,2,1355,0.977,3,-197,-58,2,14.8,1.1,-41,-51,9,7.954,-0.01,5.36,8.16,0.21,0.26,221.5125,-68.7625,45.92456,-49.248062,-9.463771,PM*,G6V
HD 129499, ,14,39,39.6,+,66,20,48,107,47,7.378,0.389,2.613,0.024,3.774,-0.06,53,3.66,1.06,6.2,3.5,7.3,1.12,1.08,1.17,-11.5,0.2,0.2,3,1352,0.692,2,-29,-25,2,18.9,0.6,2,-15,-2,8.011,0.039,7.33,8.14,0.05,0.08,219.91499999999996,66.34666666666666,-10.568043,34.566505,38.761745,*,G5
HD 129618, ,14,42,59.0,+,21,46,21,27,64,8.464,0.338,2.623,0.01,3.784,-0.58,116,3.14,1.79,5.1,4.1,6.4,1.11,1.04,1.18,23.4,0.4,0.7,3,377,0.185,9,21,-32,2,8.6,1.1,28,0,14,7.955,0.105,7.27,9.15,0.11,0.39,220.7458333333333,21.772499999999997,45.308624,23.085897,104.26011,*,G5
HD 129747,*,14,45,45.4,-,45,52,51,323,13,8.486,0.43,0.0,0.0,3.738,-0.38,78,4.02,1.76,12.6,10.2,15.5,0.93,0.87,0.97,-55.9,0.3,0.4,2,841,0.184,2,-191,-55,1,12.8,1.1,-89,-24,-1,7.939,0.017,5.82,9.62,0.25,0.09,221.43916666666664,-45.880833333333335,60.69699,-45.738457,17.54618,PM*,G5V
HD 129764, ,14,45,30.6,-,37,57,24,326,20,8.373,0.379,2.629,0.022,3.781,0.27,63,4.3,-0.03,1.2,0.0,4.3,1.16,1.13,1.2,-9.0,0.2,0.1,2,1113,0.838,4,-99,-55,2,16.0,1.0,-25,-24,-4,7.951,0.021,6.77,8.05,0.09,0.05,221.37749999999997,-37.95666666666667,49.07954,-33.104588,21.547268,PM*,G1IV
HD 129829, ,14,45,18.6,-,18,0,10,338,37,8.22,0.351,2.629,0.01,3.776,-0.23,57,4.44,0.39,6.3,1.1,9.7,1.0,0.95,1.08,-17.6,0.2,0.4,7,2105,0.476,5,-124,-72,2,17.5,1.1,-29,-30,-10,7.958,0.034,6.43,8.08,0.11,0.05,221.32749999999996,-18.002777777777776,42.207474,-17.052927,34.303455,PM*,G1V
HD 130045, ,14,45,33.4,+,17,53,5,20,62,7.955,0.367,2.623,0.028,3.786,-0.17,103,2.77,1.77,2.5,2.2,3.7,1.39,1.3,1.47,20.8,0.3,0.4,2,423,0.263,6,31,88,2,9.7,0.9,-9,45,20,7.955,0.091,7.95,11.8,0.19,0.6,221.38916666666663,17.884722222222223,45.43938,16.538582,90.943596,PM*,G5
HD 130047, ,14,46,2.5,-,1,19,52,352,50,8.564,0.438,2.58,0.0,3.739,-0.03,53,4.94,0.55,14.7,5.9,0.0,0.89,0.86,0.96,15.9,0.2,0.2,5,4774,0.824,2,-29,-289,1,0.0,0.0,40,-60,-18,7.967,0.041,4.83,8.41,0.27,0.17,221.51041666666666,-1.3311111111111111,33.736195,-4.741313,40.600357,PM*,G6V
HD 130085, ,14,45,48.8,+,14,38,32,14,61,8.641,0.337,2.647,0.021,3.801,0.06,124,3.08,0.9,2.2,1.8,2.7,1.35,1.28,1.44,-32.4,0.3,0.3,3,454,0.771,11,-80,-5,1,4.7,1.2,-43,-37,-9,7.941,0.108,5.95,8.24,0.16,0.11,221.45333333333332,14.642222222222221,58.330673,14.54347,108.45284,PM*,G
HD 130087, ,14,45,56.7,+,10,3,7,6,58,7.525,0.381,2.616,0.005,3.772,0.28,56,3.79,0.67,3.7,2.3,7.2,1.24,1.21,1.28,-15.8,0.2,0.1,2,595,0.92,4,-96,-24,2,17.9,1.0,-20,-22,-5,7.971,0.047,6.9,8.03,0.08,0.06,221.48624999999998,10.051944444444445,29.512915,3.1019323,47.490692,PM*,G2IV
HD 130191, ,14,46,44.8,+,4,56,59,359,55,8.414,0.305,2.646,0.011,3.803,-0.56,159,2.41,2.08,2.2,1.9,3.1,1.37,1.24,1.47,-27.5,1.4,0.0,1,0,0.0,50,-59,20,3,5.5,1.4,-52,-18,3,7.908,0.13,6.61,8.65,0.13,0.2,221.68666666666664,4.949722222222222,91.18477,-1.5916544,130.24518,PM*,G5
HD 130265, ,14,49,31.6,-,59,7,54,318,0,8.525,0.4,2.589,0.002,3.752,-0.21,50,5.04,0.32,0.0,0.0,0.0,0.88,0.83,0.98,-76.0,0.2,0.3,5,1960,0.514,1,-130,-50,2,20.1,1.1,-78,27,2,7.963,0.0,7.19,11.61,0.23,0.17,222.38166666666666,-59.13166666666667,37.15724,-33.456528,0.0,PM*,G3V
HD 130288, ,14,44,22.0,+,63,6,7,104,50,8.343,0.402,2.587,0.018,3.75,-0.73,93,3.49,2.26,8.4,7.2,9.8,1.01,0.96,1.05,-27.7,0.3,0.1,2,339,0.746,1,-25,40,2,10.7,0.7,-16,-17,-25,8.014,0.071,7.28,8.04,0.05,0.28,221.0916666666666,63.10194444444445,-14.461906,58.003544,71.242134,*,G5
HD 130318, ,14,47,9.9,+,11,25,50,9,59,8.85,0.413,2.581,0.015,3.746,-0.49,91,4.05,1.64,13.3,10.2,17.2,0.86,0.83,0.94,11.2,0.3,0.1,2,423,0.985,2,31,-54,2,7.2,1.4,28,-8,-3,7.953,0.078,7.05,8.87,0.11,0.11,221.79125,11.430555555555555,46.29144,7.331844,78.00223,PM*,G5
HD 130368,*,14,51,57.0,-,70,48,9,313,-10,10.069,0.469,0.0,0.0,3.724,-0.02,80,5.55,0.25,0.0,0.0,0.0,0.86,0.82,0.91,4.3,0.2,0.1,2,391,0.743,2,-43,-18,3,10.6,1.6,-10,-15,1,7.947,-0.014,7.34,7.95,0.04,0.12,222.98749999999995,-70.8025,53.730984,-57.619427,-13.891854,*,G8/K0(V)
HD 130385, ,14,47,24.2,+,17,45,26,20,62,8.416,0.369,2.61,0.009,3.768,-0.37,80,3.9,1.23,8.9,7.0,10.9,1.0,0.96,1.05,-2.4,0.3,0.2,2,423,0.626,5,-102,29,1,12.5,1.0,-32,-18,17,7.964,0.07,7.02,8.26,0.08,0.4,221.85083333333333,17.75722222222222,35.292725,12.8455,70.6358,PM*,G5
HD 130538, ,14,48,24.2,+,16,8,33,17,61,8.669,0.397,2.62,0.032,3.777,0.16,104,3.44,1.01,3.1,2.6,4.2,1.29,1.19,1.38,-36.4,0.3,0.1,2,436,0.985,4,12,-38,1,9.6,1.2,-1,-15,-39,7.951,0.091,7.38,8.03,0.04,0.55,222.10083333333333,16.1425,48.21707,14.741438,90.96045,*,G0
HD 130838, ,14,50,0.6,+,12,20,7,11,59,8.284,0.368,2.608,0.0,3.772,-0.1,80,3.77,1.03,6.6,4.5,8.3,1.09,1.04,1.15,3.0,0.3,0.1,2,595,0.879,3,17,-82,1,12.5,1.1,24,-19,-9,7.959,0.068,6.74,8.5,0.12,0.08,222.5025,12.335277777777778,40.44603,7.861912,68.57339,PM*,G0
HD 130967, ,14,54,28.5,-,67,38,45,314,-8,8.955,0.374,2.607,0.026,3.777,-0.58,104,3.76,1.33,7.4,5.3,9.8,1.0,0.95,1.06,42.1,0.2,0.3,4,2494,0.595,4,-74,-25,2,9.4,1.3,3,-57,1,7.928,-0.014,5.15,7.96,0.21,0.12,223.61874999999998,-67.64583333333334,71.54139,-74.08328,-14.474003,PM*,G0wF3V
HD 131025, ,14,51,26.0,-,2,27,26,352,49,8.482,0.434,2.578,0.0,3.736,-0.31,46,5.18,0.59,0.0,7.9,0.0,0.84,0.81,0.89,-7.3,0.2,0.4,6,2519,0.253,3,-6,-130,1,21.9,1.7,8,-21,-18,7.97,0.034,6.9,8.13,0.08,0.17,222.8583333333333,-2.457222222222222,29.885017,-4.200065,34.71664,PM*,G8V
HD 131042, ,14,50,40.9,+,22,54,27,31,63,7.501,0.411,2.577,0.0,3.747,-0.33,37,4.64,0.92,16.0,11.9,0.0,0.86,0.84,0.9,-27.4,0.2,0.1,3,2192,0.967,1,-433,-61,2,26.8,0.9,-50,-65,8,7.985,0.033,4.73,8.26,0.27,0.24,222.67041666666665,22.9075,14.398396,8.651429,32.967243,PM*,G2
HD 131113, ,14,51,22.2,+,13,41,34,13,59,8.688,0.306,2.63,-0.015,3.801,-0.37,91,3.89,0.49,3.3,0.9,4.9,1.11,1.05,1.17,-5.7,0.4,0.8,3,403,0.108,9,-29,22,2,11.0,1.2,-16,-2,3,7.954,0.078,7.88,8.26,0.02,0.17,222.84249999999997,13.692777777777778,45.66723,10.54311,78.00223,*,G5
HD 131117, ,14,52,33.1,-,30,34,38,332,25,6.291,0.387,2.617,0.026,3.778,0.01,40,3.17,1.39,4.2,2.6,4.6,1.35,1.31,1.39,-28.6,0.3,0.5,3,628,0.024,6,-336,-41,1,25.0,0.8,-60,-35,10,7.968,0.017,5.86,8.64,0.19,0.27,223.13791666666665,-30.577222222222222,32.008892,-17.019426,16.904732,PM*,G0/1V
HD 131179, ,14,51,53.4,+,2,0,53,357,52,8.416,0.429,2.575,0.0,3.738,-0.24,39,5.47,0.21,0.0,0.0,0.0,0.84,0.8,0.92,-8.0,0.2,0.3,2,366,0.366,4,-6,34,2,25.7,1.3,-9,4,-3,7.976,0.031,7.97,8.59,0.04,0.07,222.97249999999997,2.0147222222222223,23.977892,-1.2566283,30.73242,*,G5/6V
HD 131183, ,14,52,37.0,-,25,27,17,335,30,7.897,0.435,2.586,0.0,3.742,0.08,56,4.14,1.2,10.3,8.6,12.1,1.03,0.99,1.07,-26.6,0.2,0.3,2,972,0.368,2,-198,-115,2,17.7,1.0,-47,-46,-12,7.956,0.028,5.53,8.27,0.2,0.08,223.15416666666667,-25.454722222222223,43.953587,-20.495905,28.0,PM*,G5V
HD 131266, ,14,52,13.9,+,15,23,53,16,60,8.801,0.359,2.619,0.011,3.777,-0.22,148,2.95,1.84,4.2,2.9,5.3,1.19,1.12,1.35,2.3,0.2,0.1,3,460,0.988,4,0,-4,1,5.0,1.3,3,-2,1,7.928,0.128,7.72,8.39,0.04,0.19,223.05791666666667,15.398055555555555,71.133354,20.397161,128.17177,*,G5
HD 131299, ,14,54,38.0,-,51,24,23,322,7,8.86,0.409,2.614,0.045,3.773,-0.08,83,4.07,0.69,6.2,3.3,8.7,1.06,1.0,1.13,17.3,0.2,0.2,4,3003,0.855,3,21,-39,2,6.8,1.3,16,-12,-15,7.935,0.01,7.15,8.4,0.08,0.12,223.6583333333333,-51.406388888888884,64.91738,-50.719006,10.115156,*,G3IVw
HD 131329, ,14,58,44.0,-,75,32,52,311,-15,8.985,0.426,2.59,0.0,3.739,-0.32,64,4.95,0.77,0.0,12.5,0.0,0.85,0.82,0.89,56.5,0.2,0.1,2,688,0.873,3,33,-90,2,15.6,1.0,28,-39,-41,7.96,-0.016,5.87,8.36,0.17,0.63,224.6833333333333,-75.54777777777778,40.557068,-46.65559,-16.564419,PM*,G5/6V
HD 131363, ,14,52,48.7,+,11,15,7,10,57,8.421,0.341,2.624,0.005,3.783,-0.28,84,3.8,0.91,5.9,3.5,8.1,1.07,1.02,1.13,-35.0,0.5,0.0,1,0,0.0,7,-109,41,1,11.9,1.1,-54,-20,-5,7.955,0.071,6.53,8.73,0.14,0.08,223.20291666666665,11.251944444444444,45.054638,7.9443483,70.448326,PM*,G5
HD 131565, ,14,58,9.5,-,68,35,26,314,-9,8.619,0.426,2.592,0.0,3.739,-0.29,52,5.02,0.68,0.0,11.5,0.0,0.85,0.82,0.89,-5.0,0.2,0.3,4,2517,0.421,3,-175,-45,2,19.1,1.1,-33,-28,11,7.964,-0.008,6.5,8.17,0.11,0.28,224.5395833333333,-68.59055555555555,35.67751,-36.94515,-8.134593,PM*,G5V
HD 131653, ,14,55,7.0,-,9,5,50,347,43,9.518,0.443,2.568,0.0,3.728,-0.54,49,6.06,0.01,0.0,0.0,10.9,0.78,0.73,0.82,-67.5,0.3,0.6,5,4769,0.052,3,-201,-343,2,20.3,1.5,-46,-79,-70,7.965,0.034,4.38,8.17,0.3,1.38,223.7791666666666,-9.097222222222223,34.917847,-8.0614195,33.41792,PM*,G8V
HD 131790, ,14,56,2.5,-,15,39,23,342,38,7.999,0.388,2.626,0.041,3.786,0.05,98,2.87,1.46,2.5,2.1,3.0,1.4,1.3,1.49,-15.2,0.2,0.1,2,497,0.899,10,2,11,2,7.6,1.4,-12,8,-7,7.926,0.06,7.92,8.76,0.05,0.06,224.01041666666666,-15.65638888888889,73.4454,-23.863852,60.334827,*,G0V
HD 131895, ,14,56,33.7,-,8,55,51,347,43,8.596,0.417,2.587,0.013,3.745,-0.23,70,4.37,1.16,14.5,11.6,0.0,0.91,0.86,0.96,-25.4,0.2,0.6,6,2519,0.025,2,-6,137,2,14.3,1.2,-37,36,8,7.95,0.048,7.81,11.16,0.18,0.28,224.14041666666665,-8.930833333333332,49.88264,-11.516314,47.739883,PM*,G3V
HD 131900, ,14,56,48.6,-,20,29,23,339,34,8.198,0.463,0.0,0.0,3.727,0.04,40,5.16,0.53,0.0,10.7,0.0,0.88,0.86,0.92,-6.3,0.2,0.3,4,1835,0.342,1,-25,-55,2,24.7,1.0,-5,-9,-9,7.969,0.022,7.71,8.02,0.02,0.03,224.2025,-20.489722222222223,30.95893,-11.884024,22.367716,PM*,G8V
HD 132307, ,14,58,10.8,+,6,54,17,5,54,8.143,0.474,0.0,0.0,3.723,0.06,33,5.54,0.22,0.0,0.0,0.0,0.87,0.83,0.94,-30.6,0.2,0.2,4,725,0.733,2,-166,96,3,30.2,1.5,-42,-8,-7,7.98,0.027,7.21,8.72,0.09,0.03,224.545,6.904722222222222,19.323103,1.6905522,26.697561,PM*,G5
HD 132505, ,14,58,58.1,+,17,19,37,21,59,7.83,0.394,2.621,0.025,3.778,0.33,63,3.73,0.55,2.8,1.6,5.5,1.26,1.23,1.3,-15.9,0.2,0.2,2,377,0.556,4,-35,-72,1,15.9,1.0,0,-25,-13,7.97,0.054,6.75,8.02,0.09,0.1,224.7420833333333,17.326944444444443,30.292255,11.628108,54.00154,PM*,G5
BD +68 813, ,14,59,3.0,+,67,44,59,106,45,9.778,0.395,0.0,0.0,3.751,-0.67,125,4.29,1.4,14.8,11.4,0.0,0.83,0.81,0.87,-13.2,0.3,0.0,1,0,0.0,2,-144,203,2,8.0,0.9,-142,-28,-32,8.025,0.089,5.11,11.7,0.39,0.59,224.76249999999996,67.74972222222222,-24.363129,84.964325,88.38834,PM*,G5
HD 132648, ,15,1,53.2,-,47,0,26,325,10,7.744,0.445,0.0,0.0,3.729,-0.38,27,5.57,0.39,0.0,0.0,0.0,0.81,0.77,0.88,-7.9,0.2,0.2,4,1900,0.773,2,-25,-72,1,36.8,1.0,-10,-2,-8,7.978,0.005,7.98,8.17,0.01,0.01,225.47166666666666,-47.007222222222225,21.781094,-15.251291,4.688501,PM*,G8.5V
HD 132861, ,15,6,52.1,-,74,13,24,312,-14,8.858,0.386,2.589,0.011,3.757,-0.52,68,4.71,0.77,13.0,6.4,0.0,0.84,0.81,0.92,-27.5,0.2,0.2,2,688,0.577,3,-9,-116,2,14.8,1.0,-39,11,-23,7.956,-0.016,7.64,9.44,0.11,0.26,226.7170833333333,-74.22333333333333,44.14932,-49.03277,-16.45069,PM*,G0/2V
HD 132996, ,15,3,18.1,-,36,55,28,330,19,7.78,0.387,2.608,0.017,3.76,-0.23,47,4.42,0.78,11.3,6.9,15.0,0.95,0.89,1.01,17.9,0.2,0.4,5,1919,0.163,3,-4,-393,2,21.3,0.9,15,-61,-63,7.961,0.015,5.11,8.08,0.23,1.28,225.82541666666665,-36.92444444444444,38.485622,-22.219694,15.3017025,PM*,G3V
HD 133135, ,15,4,46.9,-,51,15,4,323,6,8.665,0.383,2.605,0.013,3.762,-0.35,75,4.28,0.97,11.3,7.4,14.3,0.94,0.86,1.01,-21.3,0.2,0.3,2,419,0.287,4,32,-39,2,13.3,1.3,-14,14,-20,7.94,0.008,7.93,9.22,0.08,0.2,226.19541666666663,-51.25111111111111,59.56954,-44.888863,7.839635,PM*,G3V
HD 133430, ,14,59,5.8,+,73,25,33,111,41,8.559,0.413,2.587,0.021,3.756,-0.22,53,4.86,0.42,10.6,2.2,0.0,0.9,0.84,0.99,-6.1,0.6,0.9,2,367,0.011,2,-94,82,2,19.0,0.7,-27,-15,-5,8.015,0.034,7.24,8.24,0.06,0.05,224.77416666666664,73.42583333333334,-14.334576,37.34285,34.77113,PM*,G5
HD 133564, ,15,3,36.7,+,44,59,25,76,58,8.831,0.401,2.576,0.0,3.747,-0.52,55,5.13,0.56,0.0,0.0,0.0,0.82,0.79,0.9,-15.8,0.4,0.7,3,387,0.068,3,-183,307,1,18.2,0.9,-94,4,-7,7.993,0.047,6.54,10.9,0.25,0.06,225.90291666666664,44.99027777777778,7.050949,28.279812,46.642647,PM*,G5
HD 133633,*,15,8,15.1,-,59,57,16,319,-2,8.793,0.42,0.0,0.0,3.738,-0.6,54,5.13,0.78,0.0,8.0,0.0,0.8,0.78,0.86,-9.8,0.3,0.1,2,827,0.822,4,-191,-179,2,18.5,1.4,-49,-44,-15,7.959,-0.001,5.6,8.32,0.2,0.12,227.06291666666664,-59.95444444444445,40.72949,-35.40561,-1.8845727,PM*,G5/8
HD 133778, ,15,7,6.3,-,28,49,23,336,25,8.348,0.378,2.656,0.083,3.809,-0.18,90,3.22,0.81,2.5,1.9,3.0,1.27,1.19,1.34,-37.2,0.4,0.7,3,557,0.03,6,-36,-26,2,7.1,1.2,-38,-4,-17,7.926,0.038,7.34,8.67,0.08,0.16,226.77624999999998,-28.823055555555555,74.51581,-33.17656,38.035645,*,G2V
HD 133826, ,15,2,58.9,+,65,46,41,104,46,7.34,0.36,2.619,0.008,3.773,-0.22,40,4.32,0.57,7.2,4.3,9.5,1.0,0.96,1.06,-3.1,0.2,0.3,4,1113,0.487,4,75,-125,2,24.9,0.6,28,0,3,8.007,0.029,7.31,9.19,0.11,0.16,225.74541666666664,65.77805555555555,-6.722122,26.960962,28.773592,PM*,G0
HD 134045, ,15,7,7.9,+,22,1,4,31,59,8.632,0.324,2.65,0.029,3.809,-0.28,150,2.63,1.49,2.2,1.9,2.6,1.39,1.29,1.48,-12.0,0.8,1.5,4,1056,0.478,35,-15,26,1,3.1,1.0,-24,3,-2,7.933,0.128,7.76,8.63,0.05,0.15,226.78291666666667,22.017777777777777,66.22107,39.789635,128.57509,*,G0
HD 134048, ,15,8,6.4,-,12,3,5,348,39,7.67,0.457,0.0,0.0,3.731,-0.19,62,3.72,2.06,8.3,6.3,10.4,1.04,0.96,1.1,12.8,0.2,0.2,3,1693,0.683,2,-138,-60,1,16.2,1.3,-7,-42,18,7.953,0.039,5.94,7.96,0.14,0.41,227.0266666666666,-12.051388888888889,47.130135,-10.017823,39.017864,PM*,G5IV
HD 134060, ,15,10,44.7,-,61,25,20,319,-3,6.292,0.395,2.616,0.025,3.758,-0.12,24,4.38,0.77,9.6,6.7,14.2,0.97,0.93,1.03,37.4,0.1,0.2,5,2187,0.664,4,-186,-13,2,41.4,0.8,16,-39,8,7.982,-0.001,5.96,8.17,0.16,0.23,227.68624999999997,-61.42222222222222,18.088205,-15.723839,-1.256063,PM*,G0VFe+0.4
HD 134088, ,15,8,12.5,-,7,54,47,351,42,8.0,0.388,2.576,0.0,3.752,-0.75,35,5.26,0.46,0.0,0.0,13.9,0.84,0.77,0.9,-61.2,0.2,0.5,8,3046,0.157,3,-156,-446,2,28.3,1.0,-28,-67,-69,7.974,0.024,4.94,8.04,0.24,1.27,227.0520833333333,-7.913055555555556,25.689842,-4.0688686,23.41957,PM*,G2/3(V)
HD 134128,*,15,17,46.3,-,80,29,53,309,-19,9.992,0.452,0.0,0.0,3.729,-0.16,83,5.4,0.4,0.0,0.0,0.0,0.85,0.81,0.9,44.2,0.7,1.0,2,400,0.034,10,13,-4,2,0.0,0.0,28,-29,-18,7.951,-0.028,6.24,8.44,0.15,0.17,229.44291666666663,-80.49805555555555,49.387833,-60.988895,-27.022156,*,G6/8
HD 134187, ,15,11,55.9,-,64,58,20,317,-6,8.564,0.403,2.592,0.022,3.762,-0.31,85,3.82,1.4,8.9,6.8,11.5,1.0,0.96,1.05,-31.6,0.2,0.1,2,419,0.662,3,-5,-40,2,6.8,1.2,-31,14,-10,7.938,-0.009,7.78,9.46,0.1,0.05,227.98291666666663,-64.97222222222223,61.824524,-57.652287,-8.884919,*,G0V
HD 134224, ,15,6,37.0,+,52,17,8,87,54,8.641,0.318,2.64,0.01,3.797,-0.33,157,2.66,1.78,2.5,2.1,3.3,1.36,1.22,1.46,-3.5,0.2,0.3,4,1091,0.613,4,2,18,2,4.8,0.9,-10,5,-8,7.995,0.128,7.99,8.67,0.04,0.13,226.65416666666664,52.285555555555554,4.829683,92.15581,127.01567,*,G5
HD 134474, ,15,8,58.7,+,37,19,6,61,59,8.88,0.482,0.0,0.0,3.722,0.3,41,5.83,-0.18,0.0,0.0,12.2,0.91,0.88,0.94,-28.7,0.2,0.4,2,329,0.263,3,67,102,2,24.6,1.0,-16,8,-33,7.99,0.035,7.96,8.91,0.06,0.44,227.2445833333333,37.318333333333335,10.237512,18.468962,35.14386,PM*,G5
HD 134625, ,15,10,26.7,+,18,59,8,26,57,8.841,0.351,2.609,-0.002,3.776,-0.36,93,4.0,0.94,7.1,4.6,10.0,1.0,0.95,1.07,-9.9,0.3,0.1,2,67,0.753,3,65,-59,2,0.0,0.0,29,-2,-28,7.955,0.078,7.22,9.13,0.12,0.35,227.61124999999996,18.985555555555557,45.525208,22.204126,77.99636,PM*,G5
HD 134664, ,15,12,10.3,-,30,53,10,335,23,7.769,0.409,2.594,0.017,3.751,-0.15,40,4.78,0.55,12.5,6.3,0.0,0.9,0.86,0.97,7.5,0.1,0.3,5,1921,0.627,2,97,-106,2,25.3,1.1,18,-4,-21,7.967,0.015,7.39,8.74,0.08,0.22,228.04291666666663,-30.88611111111111,33.370426,-15.560893,15.629245,PM*,G1.5V
HD 134983, ,15,18,26.8,-,74,9,13,313,-14,8.369,0.404,2.6,0.009,3.759,0.11,120,2.97,1.97,3.9,2.8,5.0,1.49,1.41,1.52,11.1,0.2,0.3,2,415,0.267,3,-170,-5,2,0.0,0.0,-45,-73,46,7.921,-0.029,4.5,8.12,0.29,1.21,229.61166666666665,-74.15361111111112,79.40881,-85.155525,-29.030628,PM*,G3IV
HD 134987, ,15,13,28.6,-,25,18,33,339,27,6.467,0.434,2.606,0.0,3.745,0.23,26,4.42,0.75,11.1,6.4,12.6,1.07,0.99,1.1,4.7,0.2,0.2,3,721,0.682,2,-400,-75,1,39.0,1.0,-21,-40,21,7.979,0.012,6.04,8.01,0.14,0.47,228.36916666666664,-25.309166666666666,21.627481,-8.302015,11.803753,PM*,G6IV-V
HD 135011,*,15,14,34.3,-,45,53,42,327,10,7.998,0.349,0.0,0.0,3.778,-0.27,61,4.09,0.73,6.3,4.1,9.7,1.03,0.97,1.09,-9.5,0.3,0.3,2,994,0.453,8,-38,-93,2,16.5,1.0,-17,-17,-18,7.95,0.011,7.22,7.99,0.05,0.16,228.64291666666665,-45.894999999999996,50.381687,-32.718243,10.592539,PM*,G2(III)
HD 135045, ,15,8,35.8,+,70,8,48,108,43,8.015,0.36,2.62,0.019,3.772,-0.5,69,3.81,1.33,8.6,7.3,10.0,0.99,0.96,1.04,-9.2,0.2,0.3,4,1119,0.694,6,10,10,1,14.4,0.7,1,-3,-10,8.016,0.047,7.8,8.35,0.03,0.06,227.14916666666664,70.14666666666668,-15.594046,47.993553,47.057884,*,G5
HD 135143, ,15,8,30.3,+,72,22,9,110,41,7.841,0.375,2.612,0.003,3.769,0.02,47,4.47,0.3,5.2,0.0,9.1,1.05,0.99,1.12,-4.4,0.2,0.3,3,2233,0.629,4,81,-7,2,21.2,0.6,12,9,-11,8.012,0.031,7.77,9.23,0.09,0.07,227.12624999999997,72.36916666666666,-12.131915,33.33217,30.834774,PM*,G0
HD 135144, ,15,12,17.7,+,39,39,20,65,58,8.586,0.506,0.0,0.0,3.702,-0.28,30,6.17,0.24,0.0,0.0,0.0,0.77,0.74,0.82,-16.4,0.2,0.2,2,466,0.643,3,98,-154,1,32.8,0.9,22,-11,-19,7.993,0.026,7.09,8.65,0.1,0.18,228.07374999999996,39.65555555555555,6.718607,14.408098,25.441442,PM*,G5
HD 135446, ,15,16,3.3,-,30,43,49,336,23,8.175,0.403,2.634,0.052,3.79,0.48,92,3.14,0.85,1.8,1.4,2.2,1.39,1.33,1.45,-10.4,0.3,0.3,2,719,0.486,6,-91,-69,2,10.9,1.2,-27,-43,-6,7.922,0.035,5.8,8.0,0.16,0.04,229.01375,-30.730277777777776,77.36493,-34.44507,35.94726,PM*,G1/2V
HD 135625, ,15,17,48.4,-,45,55,20,328,10,7.719,0.384,2.631,0.032,3.784,0.23,54,3.92,0.31,3.1,0.6,5.2,1.23,1.19,1.26,-15.4,0.2,0.2,2,619,0.528,5,-89,-44,2,18.5,1.0,-26,-14,0,7.955,0.009,7.26,8.17,0.06,0.1,229.45166666666663,-45.92222222222222,45.098873,-28.180904,9.377002,PM*,G3IV/V
HD 135804, ,15,20,33.5,-,64,27,43,318,-6,8.632,0.376,2.618,0.023,3.779,-0.12,95,3.64,1.02,5.5,3.1,7.1,1.12,1.06,1.19,7.9,0.2,0.1,2,416,0.856,4,-80,-59,2,10.5,1.2,-24,-39,-4,7.929,-0.01,6.02,7.98,0.14,0.05,230.1395833333333,-64.46194444444444,70.21202,-63.219177,-9.930204,PM*,G0V
HD 136130, ,15,22,26.3,-,64,7,43,319,-6,8.429,0.44,0.0,0.0,3.737,-0.2,91,3.64,2.03,8.1,5.9,10.2,1.05,0.98,1.11,-18.5,0.4,0.6,2,416,0.039,1,-14,-27,2,11.0,1.0,-22,4,-5,7.932,-0.009,7.82,8.66,0.05,0.04,230.60958333333332,-64.1286111111111,68.302345,-59.37433,-9.512091,*,G6V
HD 136257, ,15,20,0.0,-,8,39,42,353,39,7.537,0.356,2.618,0.009,3.775,-0.3,45,4.28,0.63,7.0,4.4,9.4,0.99,0.95,1.06,30.9,0.2,0.6,7,3286,0.048,5,100,-200,2,22.3,1.0,51,-20,-15,7.966,0.028,6.26,9.22,0.19,0.12,229.99999999999997,-8.661666666666667,34.710896,-4.2619653,28.319418,PM*,G1V
HD 136352, ,15,21,48.1,-,48,19,3,327,7,5.654,0.405,2.589,0.012,3.749,-0.32,15,4.84,0.67,15.9,9.2,0.0,0.85,0.84,0.88,-69.0,0.1,0.2,4,3209,0.681,2,-1621,-275,1,68.7,0.8,-119,-47,36,7.988,0.002,4.8,10.22,0.36,0.98,230.45041666666663,-48.3175,12.486289,-8.108689,1.8280402,PM*,G3/5V
HD 136477, ,15,20,23.3,+,16,33,20,24,54,8.397,0.337,2.621,-0.005,3.786,-0.26,79,3.92,0.7,4.7,3.0,7.3,1.07,1.02,1.14,-16.8,0.6,0.0,1,0,0.0,12,-82,47,1,12.7,1.0,-36,-12,7,7.958,0.064,7.15,8.45,0.08,0.23,230.0970833333333,16.555555555555557,42.420513,18.886831,63.912342,PM*,G5
HD 136694, ,15,21,19.6,+,23,10,51,35,56,8.487,0.304,2.677,0.035,3.821,-0.22,95,3.44,0.36,2.0,0.5,2.8,1.26,1.2,1.32,-8.3,1.4,2.0,2,1056,0.267,28,23,10,1,10.5,1.1,-2,7,-12,7.956,0.079,7.91,8.81,0.05,0.11,230.33166666666665,23.180833333333336,43.516083,30.47029,78.758575,*,G0
HD 136731, ,15,21,38.1,+,21,53,10,33,56,8.915,0.416,2.627,0.071,3.785,0.0,104,3.52,0.89,3.3,2.5,4.9,1.19,1.11,1.28,-35.7,0.3,0.1,2,1071,0.968,3,-6,2,1,7.5,1.5,-19,-12,-28,7.95,0.086,7.47,8.05,0.04,0.33,230.40874999999997,21.88611111111111,48.773773,31.67406,86.21991,*,G5
HD 136749, ,15,19,18.7,+,61,22,29,98,48,7.393,0.38,2.617,0.019,3.767,-0.11,65,3.34,1.59,5.1,4.6,5.8,1.2,1.15,1.26,-40.3,0.2,0.2,3,507,0.757,6,-37,-19,1,15.5,0.6,2,-36,-21,8.006,0.048,6.2,8.05,0.13,0.22,229.82791666666665,61.374722222222225,-6.0531225,43.070213,48.304417,*,G0
HD 136917,*,15,28,9.9,-,70,44,6,315,-12,9.492,0.463,0.0,0.0,3.729,0.15,68,5.34,0.24,0.0,0.0,0.0,0.93,0.86,0.98,-12.5,0.2,0.1,2,400,0.974,1,-18,-89,2,14.8,1.5,-26,-4,-17,7.953,-0.014,7.62,8.39,0.05,0.15,232.04125,-70.735,47.03252,-47.032536,-14.137996,PM*,G8V
HD 136925, ,15,22,52.0,+,13,21,59,19,52,7.915,0.407,2.583,0.015,3.749,-0.3,47,4.58,0.92,15.8,11.3,0.0,0.87,0.84,0.92,-49.0,0.3,0.7,5,2625,0.041,1,-273,-27,1,21.5,1.2,-55,-54,-7,7.973,0.037,5.12,8.38,0.24,0.04,230.71666666666664,13.366388888888888,27.35961,9.42067,37.036507,PM*,G0
HD 137257, ,15,23,10.2,+,46,54,22,77,54,8.419,0.354,2.605,-0.014,3.778,-0.4,139,2.71,2.22,3.6,2.9,4.6,1.2,1.13,1.35,-43.8,0.3,0.1,2,508,0.866,8,-33,-20,2,7.2,0.8,-6,-46,-21,7.982,0.113,5.73,7.99,0.16,0.24,230.79249999999996,46.90611111111111,18.378984,79.60812,112.45336,*,G0
HD 137826, ,15,24,4.9,+,66,33,14,103,44,8.738,0.438,2.568,0.0,3.732,-0.5,46,5.44,0.53,0.0,0.0,0.0,0.8,0.77,0.86,-35.1,0.2,0.2,3,2225,0.844,2,-267,-30,1,21.9,1.6,-18,-65,10,8.007,0.032,4.87,8.02,0.24,0.28,231.02041666666665,66.55388888888889,-7.443546,32.241547,31.954287,PM*,G6V
HD 137983, ,15,28,20.2,+,26,30,33,41,55,8.665,0.416,2.605,0.044,3.768,-0.14,72,4.19,0.74,7.6,4.5,10.6,1.01,0.96,1.08,8.0,0.3,0.3,2,683,0.403,3,-45,-59,2,9.6,1.3,11,-20,13,7.969,0.059,6.91,8.2,0.09,0.33,232.08416666666665,26.509166666666665,31.167624,27.093601,58.978947,PM*,G5
HD 138123, ,15,30,42.8,-,21,52,42,345,28,7.801,0.396,2.592,0.007,3.756,-0.3,76,3.39,1.96,6.4,5.1,7.9,1.11,1.04,1.17,-67.9,0.2,0.3,4,3022,0.417,3,-56,20,2,13.1,1.2,-69,6,-17,7.935,0.035,6.97,10.03,0.18,0.17,232.6783333333333,-21.878333333333334,64.81749,-17.367811,35.67984,PM*,G3/5V
BD +65 1050, ,15,21,50.3,+,65,11,14,102,45,10.157,0.375,0.0,0.0,3.76,-0.89,112,4.91,0.74,6.9,0.0,17.1,0.84,0.78,0.91,14.0,0.2,0.4,3,979,0.467,5,-69,-125,3,6.6,1.9,35,-34,59,8.016,0.079,6.26,8.68,0.16,1.64,230.45958333333328,65.18722222222223,-16.465761,77.46534,79.19596,PM*,G2?
HD 138370, ,15,31,48.9,-,2,3,59,2,42,8.438,0.379,2.607,0.018,3.762,-0.52,66,4.33,1.05,12.2,7.8,15.4,0.89,0.84,0.96,-9.5,0.2,0.1,4,1957,0.944,5,-79,-30,1,15.1,1.1,-15,-24,3,7.951,0.044,6.86,7.96,0.07,0.16,232.95374999999999,-2.0663888888888886,49.01768,1.711735,44.16262,PM*,G2V
HD 138443, ,15,32,38.7,-,15,36,54,350,32,8.863,0.388,2.595,0.008,3.758,-0.31,85,4.22,1.09,11.4,8.2,14.7,0.93,0.86,1.01,9.6,0.2,0.3,2,1849,0.32,4,11,-52,2,0.0,0.0,16,-14,-10,7.929,0.045,7.05,8.36,0.09,0.06,233.16124999999997,-15.615,70.98897,-12.517289,45.043137,PM*,G3V
HD 138502, ,15,41,58.9,-,79,41,39,310,-19,9.829,0.41,0.0,0.0,3.747,-0.62,114,4.54,1.21,17.1,12.2,0.0,0.83,0.81,0.87,25.9,0.2,0.1,2,419,0.952,3,-111,-76,3,0.0,0.0,-37,-68,-2,7.93,-0.038,4.63,8.05,0.27,0.08,235.49541666666664,-79.69416666666667,69.2855,-82.571266,-37.11477,PM*,G5
HD 138549, ,15,33,53.5,-,31,1,8,339,20,7.961,0.439,2.589,0.0,3.737,0.01,33,5.36,0.14,0.0,0.0,0.0,0.9,0.84,0.97,11.6,0.2,0.4,5,1919,0.126,1,-192,-35,2,30.2,1.1,-4,-27,17,7.971,0.011,6.7,7.99,0.09,0.4,233.47291666666666,-31.01888888888889,28.950195,-11.112943,11.286664,PM*,G8IV-V
HD 138573, ,15,32,43.6,+,10,58,5,18,49,7.232,0.413,2.595,0.0,3.749,-0.05,31,4.78,0.51,11.7,5.9,17.2,0.91,0.87,0.99,-36.1,0.2,0.3,3,1482,0.425,2,-7,159,1,32.3,0.9,-37,9,-19,7.981,0.023,7.66,9.34,0.1,0.19,233.18166666666662,10.968055555555555,19.342426,6.284735,23.395998,PM*,G5IV-V
HD 138793,*,15,35,38.1,-,37,28,11,336,15,8.928,0.395,0.0,0.0,3.753,-0.43,81,4.4,1.11,13.9,10.5,0.0,0.85,0.83,0.92,-54.3,0.3,0.4,2,990,0.342,3,-138,-232,2,12.4,1.2,-77,-70,-52,7.929,0.021,4.37,8.65,0.33,0.96,233.90874999999997,-37.469722222222224,71.47579,-31.82306,20.964342,PM*,G3V
HD 138901, ,15,34,36.3,+,13,0,20,21,49,9.305,0.308,2.655,0.021,3.809,-0.43,129,3.66,0.59,2.9,1.4,4.0,1.15,1.08,1.21,4.3,0.4,0.1,2,296,0.953,9,-27,-23,2,5.8,1.3,4,-20,9,7.922,0.098,6.97,8.03,0.07,0.27,233.65124999999998,13.005555555555556,79.010414,30.329258,97.35754,*,G
HD 138919, ,15,34,50.2,+,6,48,13,13,46,8.026,0.432,2.573,0.0,3.74,-0.04,41,4.96,0.52,15.1,7.5,0.0,0.89,0.86,0.94,-6.2,0.2,0.4,3,2116,0.246,3,-82,-165,2,24.4,1.1,7,-35,-7,7.972,0.03,6.21,8.06,0.13,0.03,233.70916666666665,6.803611111111111,27.75103,6.4068294,29.492931,PM*,G5
HD 139018, ,15,35,33.8,+,6,3,27,12,46,8.183,0.411,2.62,0.052,3.777,0.0,79,3.48,1.11,3.5,2.8,6.0,1.18,1.11,1.29,0.3,0.4,0.0,1,0,0.0,4,145,-123,2,12.7,1.2,51,2,-49,7.946,0.056,6.89,10.1,0.19,0.9,233.89083333333332,6.0575,53.6788,11.409781,56.827843,PM*,G5
HD 139123, ,15,37,25.3,-,29,18,39,341,21,8.893,0.43,2.583,0.035,3.757,-0.16,84,4.12,1.08,10.0,7.3,12.9,0.99,0.93,1.05,-2.0,0.2,0.1,2,495,0.889,4,41,-2,3,7.7,1.7,6,11,-11,7.926,0.03,7.8,9.12,0.08,0.06,234.35541666666663,-29.310833333333335,74.148285,-25.53129,30.102907,*,G5V
HD 139213, ,15,24,29.1,+,81,53,42,117,33,7.721,0.395,2.595,0.033,3.751,-0.62,39,4.76,0.91,0.0,9.9,0.0,0.82,0.8,0.86,-6.6,0.2,0.2,3,1788,0.762,4,197,35,1,25.6,0.6,16,20,-28,8.015,0.021,7.81,10.05,0.13,0.36,231.12124999999997,81.89500000000001,-14.849186,29.143179,21.240923,PM*,G0
HD 139214, ,15,35,3.5,+,46,40,34,75,52,9.169,0.264,2.702,0.027,3.844,0.04,190,2.66,0.47,1.1,0.6,1.4,1.52,1.45,1.59,-28.2,2.2,2.4,2,729,0.441,30,-24,30,2,2.7,0.9,-38,-19,-14,7.971,0.151,6.86,8.37,0.1,0.19,233.76458333333332,46.67611111111111,30.275537,112.98983,149.72205,*,G5
HD 139324, ,15,36,12.6,+,35,42,19,57,54,7.51,0.393,2.614,0.012,3.763,0.15,53,3.9,0.91,6.8,4.0,8.2,1.17,1.09,1.21,-29.8,0.2,0.2,2,352,0.587,2,-176,-75,2,19.0,0.7,-15,-54,2,7.983,0.043,5.32,7.99,0.2,0.14,234.05249999999998,35.70527777777778,16.966932,26.126783,42.877903,PM*,G5
HD 139450, ,15,39,25.3,-,34,46,47,338,16,8.751,0.371,2.61,0.021,3.776,-0.31,74,4.33,0.57,6.8,3.2,10.0,0.99,0.94,1.06,-3.5,0.2,0.4,3,2274,0.262,4,3,40,2,13.6,1.2,-3,11,9,7.935,0.021,7.91,9.07,0.07,0.25,234.85541666666663,-34.77972222222222,65.953705,-26.647028,20.397165,*,G0/1V
HD 139502, ,15,39,40.5,-,32,58,37,339,18,8.629,0.433,2.569,0.0,3.733,-0.46,41,5.58,0.35,0.0,0.0,0.0,0.8,0.77,0.87,-25.1,0.2,0.5,6,4103,0.054,1,-124,-59,2,24.6,1.5,-33,-16,-2,7.964,0.012,7.07,8.29,0.08,0.07,234.91875,-32.97694444444445,36.403397,-13.97396,12.669697,PM*,G6V(w)
HD 139503, ,15,39,52.2,-,36,26,6,337,15,8.435,0.39,2.611,0.023,3.773,-0.05,110,3.13,1.6,4.4,2.8,5.4,1.21,1.14,1.36,15.9,0.2,0.4,3,3218,0.236,6,9,22,2,9.1,1.0,17,5,10,7.902,0.029,7.54,9.02,0.09,0.28,234.96749999999997,-36.434999999999995,97.805336,-41.515896,28.470095,*,G1V
HD 139590, ,15,39,1.0,-,0,18,41,6,41,7.498,0.351,2.622,0.0,3.781,-0.03,55,3.79,0.74,3.8,3.0,6.1,1.14,1.08,1.22,-29.4,0.3,0.1,2,364,0.72,3,-208,-82,1,18.1,0.9,-36,-55,3,7.959,0.036,5.22,8.1,0.22,0.16,234.75416666666663,-0.3113888888888889,41.28164,4.3388753,36.08325,PM*,G3V
HD 139689, ,15,37,39.3,+,47,18,46,76,52,9.054,0.329,2.621,0.008,3.787,-0.76,130,3.49,1.51,6.1,4.7,7.7,1.02,0.96,1.09,-30.2,0.3,0.2,2,296,0.657,9,54,-11,2,7.7,0.9,17,1,-42,7.981,0.102,7.55,9.0,0.09,0.67,234.41375,47.312777777777775,19.362461,77.658585,102.4414,PM*,G5
HD 139821,*,15,41,26.0,-,31,11,38,341,19,8.548,0.424,0.0,0.0,3.745,-0.13,64,4.52,0.93,13.8,9.8,0.0,0.9,0.86,0.96,-8.4,0.2,0.1,2,398,0.732,1,-21,-34,2,0.0,0.0,-10,-9,-6,7.943,0.021,7.72,7.94,0.01,0.02,235.3583333333333,-31.19388888888889,57.216347,-19.701159,20.83636,*,G5V
HD 139839, ,15,40,21.4,+,1,28,7,8,42,8.116,0.434,2.585,0.0,3.74,-0.12,65,4.05,1.49,11.2,9.2,13.4,0.96,0.92,1.04,-1.9,0.2,0.1,3,2851,0.98,4,-21,-112,1,15.4,1.2,13,-30,-13,7.952,0.044,6.38,8.14,0.12,0.09,235.08916666666664,1.4686111111111113,47.834316,6.7226753,43.493492,PM*,G5/6V
HD 139879, ,15,40,55.3,-,8,59,54,358,35,7.976,0.382,2.628,0.03,3.783,0.17,56,4.11,0.19,2.9,0.0,4.8,1.19,1.15,1.23,-9.2,0.2,0.3,4,1959,0.59,4,-20,-134,2,17.9,0.9,4,-30,-21,7.954,0.032,6.47,8.03,0.11,0.21,235.23041666666663,-8.998333333333333,45.844574,-1.6009325,32.12028,PM*,G3V
HD 140023, ,15,38,5.7,+,61,25,13,96,46,8.126,0.358,2.619,0.004,3.776,-0.13,72,3.84,0.9,6.7,3.8,8.5,1.09,1.04,1.15,-51.1,0.3,0.2,2,1149,0.667,9,-154,28,2,13.9,0.7,-29,-67,-9,8.005,0.052,4.72,8.07,0.26,0.06,234.52374999999995,61.42027777777778,-5.2280354,49.741417,51.792465,PM*,G0
HD 140209, ,15,42,5.7,+,10,58,38,19,47,8.275,0.407,2.582,0.006,3.75,-0.28,65,4.23,1.23,12.9,10.4,15.8,0.93,0.87,0.97,-82.5,0.4,0.6,2,382,0.141,3,-172,-28,2,15.5,1.2,-72,-60,-31,7.958,0.047,4.78,8.62,0.29,0.42,235.52374999999995,10.977222222222222,41.914734,14.4324,47.53799,PM*,G0
HD 140233, ,15,42,13.0,+,7,49,23,16,45,7.337,0.383,2.588,-0.011,3.762,-0.38,78,2.87,2.41,3.7,3.2,4.4,1.29,1.17,1.35,-0.9,0.2,0.3,3,4378,0.464,4,-65,69,2,12.8,0.9,-26,3,23,7.947,0.055,7.75,8.76,0.06,0.54,235.55416666666662,7.823055555555555,53.017742,15.202593,55.154327,PM*,G0
HD 140240,*,15,43,34.9,-,29,40,6,342,20,9.094,0.446,0.0,0.0,3.737,0.07,65,5.03,0.43,0.0,0.0,0.0,0.91,0.87,0.98,-37.5,0.2,0.1,2,397,0.836,4,-91,-131,3,0.0,0.0,-43,-36,-25,7.942,0.022,5.99,8.26,0.16,0.27,235.89541666666662,-29.668333333333333,58.090553,-18.874762,22.231308,PM*,G8V
HD 140269, ,15,43,8.7,-,13,3,22,355,32,6.637,0.351,2.614,-0.003,3.778,-0.29,54,2.98,1.85,4.0,3.6,4.5,1.3,1.17,1.36,-53.3,0.2,0.6,8,2107,0.02,7,72,-93,1,18.6,0.9,-30,-1,-54,7.955,0.029,7.64,8.74,0.07,0.95,235.78624999999997,-13.056111111111111,45.620335,-3.9912753,28.61564,PM*,G1V
HD 140317, ,15,33,25.7,+,79,11,51,114,35,8.57,0.368,2.617,0.018,3.771,-0.32,112,3.32,1.7,5.9,4.5,7.7,1.09,1.03,1.16,-1.0,0.3,0.4,2,153,0.367,13,-7,-15,1,5.6,0.8,5,-4,6,8.038,0.064,7.74,8.46,0.04,0.22,233.35708333333332,79.1975,-37.316063,83.81326,64.24056,*,G0
HD 140324, ,15,42,54.4,+,4,6,7,11,43,7.412,0.375,2.597,0.002,3.765,-0.31,55,3.7,1.45,7.9,6.8,9.1,1.04,0.99,1.09,33.0,0.3,0.2,2,391,0.555,5,-38,-12,2,18.1,1.0,21,-4,27,7.96,0.038,7.34,8.85,0.09,0.64,235.72666666666663,4.101944444444444,39.485416,7.6751876,37.509907,*,G0IV/V
HD 140385, ,15,42,16.2,+,29,37,22,47,53,8.565,0.428,2.58,0.031,3.754,-0.23,52,4.85,0.48,11.9,3.9,0.0,0.88,0.84,0.97,-49.4,0.2,0.1,2,352,0.968,2,-69,-165,2,19.2,1.1,4,-58,-32,7.978,0.041,5.16,8.02,0.22,0.4,235.56749999999997,29.622777777777777,21.342714,22.88726,41.52905,PM*,G2V
HD 140487, ,15,41,47.4,+,49,26,43,79,51,8.61,0.4,2.603,0.019,3.753,-0.25,59,4.76,0.61,13.6,7.4,0.0,0.88,0.84,0.95,-16.4,0.3,0.1,2,373,0.752,8,-79,94,1,17.0,0.8,-35,-14,-5,7.993,0.045,7.13,8.4,0.08,0.06,235.4475,49.445277777777775,7.0847216,36.44772,45.851612,PM*,G5
HD 140514, ,15,43,10.4,+,21,42,5,35,51,8.514,0.424,2.593,0.0,3.745,-0.06,83,3.91,1.48,9.5,7.6,11.8,1.03,0.97,1.08,10.6,0.2,0.2,2,675,0.615,3,-38,-16,1,12.0,1.2,4,-10,16,7.957,0.065,7.5,8.18,0.04,0.38,235.7933333333333,21.70138888888889,42.787254,29.959959,64.50311,*,G2IV
HD 140723,*,15,46,25.2,-,33,53,46,340,16,9.898,0.421,0.0,0.0,3.747,0.04,111,4.67,0.59,10.9,5.4,15.4,0.95,0.89,1.02,8.4,0.2,0.2,2,397,0.638,3,-10,-1,2,0.0,0.0,5,-6,5,7.9,0.031,7.51,8.25,0.05,0.19,236.605,-33.89611111111111,100.26524,-36.49359,30.595747,*,G6V
HD 140726, ,15,40,42.7,+,68,25,59,104,42,8.549,0.412,2.616,0.041,3.779,0.27,156,2.41,1.9,2.1,1.6,2.9,1.48,1.43,1.66,-28.8,0.3,0.1,2,468,0.949,7,4,-10,2,4.2,0.7,13,-20,-17,8.027,0.104,6.91,8.3,0.09,0.19,235.17791666666662,68.43305555555555,-28.046144,112.48695,104.38438,*,G5
HD 140750, ,15,45,15.1,+,4,42,29,12,43,8.041,0.41,2.59,0.02,3.759,-0.23,68,3.79,1.43,8.5,7.1,10.2,1.02,0.99,1.07,4.7,0.2,0.2,3,737,0.732,3,-13,-137,1,14.7,1.1,26,-35,-12,7.951,0.046,6.03,8.32,0.16,0.08,236.31291666666664,4.708055555555556,48.645287,10.339875,46.375885,PM*,G0
HD 140785, ,15,47,12.8,-,42,12,16,334,10,7.378,0.42,2.601,0.033,3.763,0.02,56,3.48,1.43,5.5,4.8,6.3,1.17,1.13,1.22,-55.5,0.1,0.3,5,2103,0.416,2,-4,-141,1,17.7,0.9,-55,-1,-38,7.95,0.01,7.11,9.38,0.14,0.58,236.8033333333333,-42.20444444444445,49.5678,-24.175837,9.7242985,PM*,G5V
HD 140990, ,15,47,20.2,-,20,28,9,349,26,7.865,0.376,2.606,0.003,3.769,-0.01,63,3.86,0.93,6.7,4.2,8.4,1.1,1.05,1.16,15.2,0.2,0.1,2,979,0.703,3,-90,-117,1,15.8,1.2,9,-46,1,7.944,0.028,5.65,8.03,0.17,0.12,236.83416666666665,-20.469166666666666,55.583683,-10.804383,27.617382,PM*,G2V
HD 140993,*,15,47,40.8,-,29,18,51,343,20,9.035,0.418,0.0,0.0,3.743,-0.3,63,5.04,0.58,0.0,3.8,0.0,0.85,0.81,0.91,-45.4,0.5,0.0,1,0,0.0,1,-60,-88,3,7.7,1.4,-47,-18,-23,7.943,0.021,6.71,8.57,0.12,0.25,236.91999999999996,-29.31416666666667,56.613846,-17.308594,21.547268,PM*,G3V
HD 141004, ,15,46,26.6,+,7,21,11,16,44,4.424,0.385,2.603,0.0,3.765,0.05,12,4.07,0.77,6.5,4.1,9.7,1.07,1.03,1.15,-66.8,0.1,0.3,15,4035,0.72,3,-225,-69,1,85.1,0.8,-49,-24,-40,7.992,0.008,6.52,8.6,0.14,0.61,236.61083333333332,7.353055555555555,8.297685,2.379323,8.335901,PM*,G0-V
HD 141024, ,15,46,22.5,+,13,43,14,24,47,7.926,0.43,2.584,0.0,3.742,-0.14,73,3.61,1.91,7.6,5.9,9.2,1.07,1.02,1.16,-19.0,0.2,0.1,2,353,0.791,2,-82,-2,1,13.7,1.1,-24,-24,3,7.955,0.053,6.77,8.04,0.09,0.16,236.59374999999997,13.720555555555556,45.48166,20.24974,53.38882,PM*,G5
HD 141039, ,15,44,21.6,+,52,59,0,84,49,7.373,0.4,2.602,0.022,3.768,-0.01,42,4.15,0.67,6.7,4.0,9.6,1.06,1.0,1.12,-39.7,0.2,0.3,2,376,0.298,1,-248,59,2,23.7,0.6,-35,-54,-3,7.997,0.032,5.27,8.13,0.21,0.07,236.08999999999997,52.983333333333334,2.8802261,27.403534,31.697803,PM*,G5
HD 141247, ,15,48,11.7,-,4,47,9,3,37,8.099,0.402,2.595,0.014,3.753,-0.38,85,3.44,2.04,7.0,5.6,8.5,1.07,1.0,1.14,-70.5,0.2,0.3,5,3422,0.564,5,-102,-34,2,11.7,1.0,-67,-42,-24,7.932,0.051,5.49,8.68,0.23,0.28,237.04874999999998,-4.785833333333334,67.790985,3.5527751,51.154274,PM*,G3V
HD 141366, ,15,50,34.2,-,44,33,54,333,7,8.008,0.42,2.601,0.03,3.767,0.19,106,2.74,1.93,2.5,2.2,3.1,1.49,1.44,1.52,-9.6,0.2,0.2,4,1128,0.791,5,-1,-31,2,9.4,1.0,-12,-6,-13,7.906,0.014,7.85,7.93,0.0,0.09,237.64249999999996,-44.565,93.7427,-47.764294,12.918151,*,G2IV/V
HD 141382, ,15,49,51.2,-,27,52,54,344,20,8.692,0.391,2.595,0.019,3.755,-0.57,84,4.07,1.49,12.3,9.4,15.6,0.89,0.83,0.94,-35.6,0.4,0.5,2,415,0.129,2,-22,-94,2,6.8,1.8,-32,-25,-33,7.924,0.029,6.67,8.14,0.1,0.44,237.4633333333333,-27.881666666666668,75.876396,-21.757221,28.72969,PM*,G1V
HD 141504,*,15,54,24.9,-,69,34,11,318,-12,9.795,0.424,0.0,0.0,3.742,-0.19,97,4.86,0.7,16.6,9.4,0.0,0.88,0.84,0.93,-8.7,0.3,0.4,2,681,0.284,4,-31,-62,2,6.6,1.5,-28,-15,-11,7.93,-0.02,7.17,8.16,0.06,0.05,238.60375,-69.56972222222223,70.50982,-63.48732,-20.167435,PM*,G5V
HD 141599, ,15,51,5.2,-,30,5,11,343,18,8.193,0.452,0.0,0.0,3.737,0.18,46,4.87,0.51,12.7,6.9,0.0,0.95,0.9,1.04,-34.6,0.2,0.1,2,355,0.755,3,69,-139,3,21.6,1.2,-24,-2,-42,7.958,0.015,7.74,8.49,0.05,0.63,237.77166666666665,-30.086388888888887,41.836994,-12.790854,14.214782,PM*,G6V
HD 141732, ,15,49,43.0,+,25,38,40,41,50,8.8,0.348,2.639,0.028,3.795,-0.14,103,3.62,0.69,3.2,2.3,4.5,1.17,1.1,1.24,34.1,0.2,0.2,4,1167,0.94,5,35,-82,2,8.7,1.3,54,0,10,7.95,0.079,6.79,10.0,0.19,0.32,237.42916666666662,25.644444444444446,49.96715,43.43578,78.90258,PM*,G5
HD 141885, ,15,52,52.0,-,37,23,54,338,13,7.736,0.405,2.631,0.051,3.789,0.48,104,2.43,1.58,1.6,1.4,1.8,1.6,1.52,1.68,-16.8,0.2,0.1,2,1099,0.794,8,7,-33,2,9.6,1.0,-15,-3,-18,7.906,0.023,7.85,8.13,0.02,0.16,238.21666666666664,-37.39833333333333,93.9557,-37.960567,23.394909,*,G3V
HD 141937, ,15,52,17.5,-,18,26,9,352,27,7.265,0.388,2.589,-0.019,3.765,0.24,33,4.64,0.03,1.8,0.0,7.5,1.09,1.04,1.11,-3.3,0.1,0.3,6,2110,0.535,4,98,24,2,29.9,1.1,3,13,-9,7.97,0.015,7.9,9.3,0.08,0.03,238.07291666666666,-18.435833333333335,29.117065,-4.0921364,14.981687,PM*,G1V
HD 142093, ,15,52,0.5,+,15,14,9,27,47,7.322,0.385,2.611,0.011,3.76,-0.19,31,4.83,0.33,8.0,0.0,14.7,0.94,0.86,1.02,-23.8,0.2,0.1,3,674,0.959,2,-61,-126,2,31.8,0.9,-6,-26,-17,7.981,0.023,6.74,7.99,0.08,0.14,238.00208333333333,15.235833333333332,18.837612,9.598243,22.671965,PM*,G2V
HD 142137, ,15,55,55.5,-,58,41,1,325,-4,7.944,0.398,2.618,0.032,3.778,0.16,106,2.67,1.76,2.3,2.0,2.7,1.47,1.41,1.53,7.2,0.2,0.2,4,1898,0.893,7,-9,-18,2,9.4,1.0,0,-12,-5,7.913,-0.007,7.4,8.03,0.04,0.04,238.98124999999996,-58.683611111111105,86.61859,-60.651012,-7.394186,*,G0V
HD 142229, ,15,53,20.0,+,4,15,11,13,41,8.067,0.393,2.602,0.011,3.757,-0.17,40,5.03,0.18,3.3,0.0,13.6,0.93,0.85,1.0,-20.6,0.3,0.4,2,333,0.336,5,-25,7,2,24.7,1.4,-18,-6,-10,7.97,0.027,7.77,8.14,0.02,0.05,238.33333333333331,4.253055555555555,29.41466,6.790909,26.242361,*,G5V
HD 142415, ,15,57,40.7,-,60,12,0,324,-5,7.333,0.383,2.624,0.015,3.766,0.13,35,4.64,0.11,2.4,0.0,7.9,1.08,1.01,1.11,-12.0,0.1,0.3,5,1470,0.374,3,-113,-100,2,28.9,0.8,-24,-13,1,7.972,-0.003,7.34,8.15,0.05,0.11,239.4195833333333,-60.2,28.207844,-20.4942,-3.0504508,PM*,G1V
HD 142637, ,15,54,54.9,+,22,8,33,36,48,8.239,0.382,2.598,0.001,3.762,-0.22,66,4.13,1.01,10.2,7.6,12.4,1.0,0.96,1.04,-20.2,0.2,0.3,4,1091,0.719,4,49,-8,1,15.1,1.1,-3,0,-25,7.965,0.049,7.9,8.43,0.03,0.29,238.72875,22.1425,35.72831,25.958134,49.04756,*,G0
HD 142722, ,15,55,57.1,+,2,50,51,12,40,8.631,0.455,0.0,0.0,3.734,0.05,93,3.8,1.74,8.7,6.6,11.4,1.05,0.99,1.12,-48.4,0.3,0.0,1,0,0.0,2,-102,-102,1,10.8,1.3,-31,-70,-21,7.93,0.059,4.55,8.0,0.27,0.22,238.98791666666662,2.8475,69.685326,14.812073,59.779243,PM*,G5V
HD 142770, ,15,57,29.2,-,32,47,8,342,16,8.947,0.398,2.586,0.007,3.753,-0.28,70,4.71,0.69,13.6,7.4,0.0,0.87,0.84,0.95,-17.3,0.2,0.1,2,355,0.811,1,-110,-101,2,14.2,1.5,-30,-43,-5,7.935,0.019,5.77,8.04,0.16,0.04,239.3716666666666,-32.785555555555554,63.99499,-20.79323,19.294615,PM*,G3/5V
HD 142921, ,16,0,37.1,-,61,18,14,324,-6,7.956,0.393,2.605,0.016,3.759,-0.16,58,4.15,1.01,10.5,8.1,12.5,1.0,0.96,1.04,-2.3,0.2,0.2,5,1355,0.685,1,-273,-214,2,17.3,0.9,-57,-76,5,7.954,-0.006,4.22,8.28,0.32,0.19,240.15458333333328,-61.303888888888885,46.665936,-33.90479,-6.062651,PM*,G2V
HD 142959,*,16,0,15.7,-,55,33,48,327,-2,9.272,0.44,0.0,0.0,3.737,0.01,66,5.17,0.33,0.0,0.0,0.0,0.89,0.85,0.96,-35.6,0.2,0.1,2,293,0.837,2,-81,-109,2,15.1,1.6,-52,-17,-9,7.944,-0.002,6.67,8.73,0.13,0.02,240.06541666666666,-55.56333333333333,55.31854,-35.92427,-2.3033667,PM*,G6IV/V
HD 143077, ,15,51,48.1,+,73,19,2,108,38,8.357,0.381,2.645,0.054,3.798,0.22,118,2.77,1.15,2.2,1.7,2.6,1.51,1.44,1.57,-6.6,0.4,0.0,1,0,0.0,10,-53,36,2,8.5,0.7,-28,-22,5,8.029,0.073,6.89,8.2,0.09,0.2,237.95041666666663,73.31722222222221,-28.734022,88.43426,72.648056,PM*,G5
HD 143098, ,15,59,47.7,-,35,50,43,340,13,7.656,0.43,2.586,0.0,3.74,-0.13,30,5.24,0.31,0.0,0.0,0.0,0.87,0.83,0.95,14.0,0.2,0.4,5,1830,0.143,3,103,-66,2,32.8,1.0,18,-1,-13,7.972,0.007,7.45,8.85,0.09,0.09,239.94874999999996,-35.84527777777778,27.468248,-9.997632,6.7485313,PM*,G5V
HD 143114, ,15,59,38.2,-,29,37,57,345,18,7.352,0.386,2.6,0.016,3.757,-0.4,36,4.56,0.84,13.3,8.4,0.0,0.86,0.83,0.94,-32.1,0.1,0.3,5,3517,0.484,2,-77,-39,2,27.7,0.9,-34,-6,-6,7.967,0.011,7.4,8.56,0.07,0.02,239.9091666666666,-29.6325,33.071404,-8.8614645,11.124612,PM*,G0+V
HD 143252, ,15,50,54.7,+,77,15,54,112,36,8.477,0.305,2.654,0.004,3.806,-0.07,159,2.47,1.53,1.9,1.7,2.2,1.5,1.42,1.59,-12.9,0.7,0.3,2,509,0.777,22,2,11,2,6.3,0.7,-3,-8,-13,8.048,0.093,7.76,8.15,0.02,0.12,237.72791666666666,77.265,-48.18703,119.26709,93.457855,*,G0
HD 143291, ,15,58,32.0,+,27,44,23,45,49,8.006,0.465,2.555,0.0,3.718,-0.52,26,5.92,0.33,0.0,0.0,0.0,0.76,0.74,0.82,-73.1,0.2,0.2,3,1804,0.778,1,-775,294,2,38.3,1.0,-101,-75,12,7.988,0.02,4.02,9.19,0.39,0.32,239.6333333333333,27.739722222222223,12.061499,12.061499,19.62245,PM*,G9V
HD 143464, ,16,2,21.4,-,44,40,54,335,6,10.013,0.411,0.0,0.0,3.746,-0.55,113,4.75,0.98,0.0,10.9,0.0,0.83,0.8,0.88,-60.2,0.4,0.8,4,1129,0.019,2,-87,-169,2,3.4,1.6,-89,-64,-44,7.898,0.012,4.47,8.94,0.33,0.72,240.58916666666667,-44.681666666666665,101.85174,-47.494274,11.811716,PM*,G5(V)
HD 143467, ,15,58,23.5,+,47,7,2,75,49,8.263,0.361,2.6,0.001,3.77,-0.38,101,3.24,1.86,5.4,4.5,6.5,1.11,1.06,1.19,-12.2,0.4,0.1,2,379,0.983,13,-12,-44,2,9.9,0.8,15,-20,-3,7.982,0.076,6.85,8.28,0.09,0.1,239.59791666666666,47.117222222222225,17.14986,64.00414,76.22567,*,G0
HD 143616, ,16,2,15.1,-,19,27,7,353,24,8.248,0.44,2.585,0.0,3.737,-0.06,45,4.99,0.57,17.3,9.4,0.0,0.88,0.85,0.93,-21.8,0.3,0.6,5,2579,0.01,2,26,18,2,22.3,1.3,-18,9,-11,7.959,0.019,7.92,8.91,0.06,0.05,240.56291666666667,-19.451944444444443,40.80312,-5.0099964,18.303148,*,G6/8V
HD 143809, ,16,2,22.4,+,3,39,7,14,39,8.791,0.368,2.609,0.005,3.769,-0.27,78,4.34,0.68,8.3,4.8,12.3,0.98,0.92,1.04,-9.3,0.5,0.5,2,378,0.41,17,-49,-43,2,12.9,1.4,-5,-25,-1,7.941,0.049,6.78,7.95,0.08,0.11,240.59333333333336,3.651944444444444,58.81679,14.664673,49.08699,PM*,G0V
HD 143846, ,16,4,9.5,-,37,18,26,340,11,7.86,0.375,2.595,-0.002,3.764,-0.23,40,4.87,0.23,4.9,0.0,12.8,0.95,0.87,1.02,-29.0,0.2,0.4,5,1768,0.151,2,-332,-17,2,25.2,1.0,-50,-33,33,7.963,0.008,6.13,8.48,0.16,0.79,241.0395833333333,-37.30722222222222,36.89711,-13.42946,7.63236,PM*,G0V
HD 143885,*,16,5,5.4,-,48,49,40,332,3,8.321,0.384,0.0,0.0,3.768,0.04,103,3.25,1.53,4.7,2.9,5.8,1.21,1.13,1.33,-0.3,0.2,0.1,2,1541,0.953,6,-53,-106,2,9.7,1.1,-23,-49,-21,7.909,0.005,5.52,7.95,0.18,0.21,241.27249999999995,-48.82777777777778,90.81897,-48.28929,5.3906035,PM*,G2V
HD 143893, ,16,1,45.6,+,31,52,34,51,49,7.679,0.389,2.592,0.011,3.757,-0.53,76,3.27,2.22,6.1,5.2,7.1,1.07,1.03,1.12,-1.3,0.2,0.1,3,451,0.979,4,9,12,2,13.1,0.8,-3,4,-3,7.968,0.057,7.92,8.61,0.04,0.09,240.43999999999997,31.87611111111111,31.37822,38.748875,57.35793,*,G0
HD 144009, ,16,9,13.4,-,71,4,10,318,-14,7.232,0.45,0.0,0.0,3.732,-0.05,27,5.09,0.56,0.0,11.0,0.0,0.87,0.85,0.91,26.8,0.1,0.3,7,2675,0.283,2,-199,-392,2,37.3,1.0,-20,-54,-24,7.981,-0.007,5.35,8.0,0.2,0.26,242.30583333333328,-71.06944444444444,19.468899,-17.529873,-6.5318913,PM*,G8IV-VFe+0.5
HD 144043, ,16,2,42.4,+,32,33,10,52,49,8.642,0.447,2.602,0.0,3.734,-0.14,79,4.14,1.54,12.6,10.3,15.2,0.94,0.89,0.98,-7.5,0.2,0.1,3,1868,0.843,2,-144,106,1,12.6,1.1,-57,-17,33,7.968,0.059,6.64,8.94,0.15,0.79,240.67666666666665,32.55277777777778,31.908913,40.841545,59.62206,PM*,G5
HD 144082, ,16,1,9.7,+,56,26,23,87,45,8.008,0.292,2.66,0.01,3.809,-0.38,96,3.09,1.12,2.7,2.3,3.1,1.27,1.2,1.33,-9.0,0.4,0.2,2,382,0.685,13,-49,-45,2,10.4,0.7,10,-27,13,7.997,0.069,6.63,8.16,0.1,0.34,240.2904166666666,56.439722222222215,3.5526836,67.789215,67.88225,PM*,G1VFe-0.5
HD 144167, ,16,24,28.3,-,84,27,20,308,-24,8.684,0.412,2.615,0.035,3.775,0.36,96,3.62,0.7,2.7,2.0,3.7,1.28,1.24,1.33,-4.3,0.4,0.6,2,351,0.07,2,30,-79,2,10.4,0.8,-26,1,-29,7.946,-0.039,7.74,8.64,0.05,0.35,246.11791666666662,-84.45555555555556,53.993736,-69.108826,-39.04672,PM*,G2V
HD 144302, ,16,1,51.7,+,59,37,50,92,44,7.867,0.409,2.608,0.025,3.77,0.22,72,3.46,1.11,5.3,2.9,6.2,1.33,1.29,1.36,-39.4,0.2,0.1,2,351,0.687,4,-123,53,2,13.8,0.6,-32,-51,-5,8.001,0.05,5.42,8.11,0.2,0.06,240.4654166666666,59.63055555555555,-1.8075292,51.760914,50.015404,PM*,G5
HD 144544, ,16,5,37.8,+,21,53,34,37,46,7.25,0.358,2.63,0.019,3.778,-0.2,81,2.72,2.03,3.3,2.4,3.8,1.38,1.32,1.45,-23.7,0.3,0.4,2,1071,0.375,10,-59,-95,1,12.4,0.9,5,-48,-9,7.955,0.058,5.59,8.01,0.18,0.06,241.40749999999997,21.892777777777777,44.937088,33.862522,58.26652,PM*,G0III
HD 144579, ,16,4,56.7,+,39,9,23,62,48,6.664,0.456,2.55,0.0,3.72,-0.65,14,5.88,0.41,0.0,0.0,0.0,0.77,0.73,0.82,-59.9,0.1,0.3,238,6875,1.0,2,-572,52,1,69.6,0.6,-36,-59,-19,7.996,0.011,5.06,8.12,0.23,0.18,241.23624999999998,39.156388888888884,4.3979297,8.271301,10.404028,PM*,G8V
BD +67 925, ,16,5,20.5,+,66,47,22,100,41,9.856,0.392,0.0,0.0,3.752,-0.9,108,4.69,1.12,15.6,8.0,0.0,0.8,0.77,0.86,-78.5,0.3,0.2,2,62,0.702,3,-144,171,2,5.5,1.0,-97,-93,-34,8.014,0.07,3.44,8.98,0.45,0.51,241.33541666666662,66.78944444444444,-14.153828,80.27033,70.85438,PM*,G2wl
HD 144749,*,16,8,29.5,-,28,58,17,347,17,8.526,0.422,0.0,0.0,3.746,-0.19,64,4.5,0.97,14.2,10.2,0.0,0.89,0.86,0.96,3.6,0.2,0.2,2,294,0.444,4,10,-44,2,9.2,1.3,5,-9,-10,7.94,0.018,7.48,8.23,0.05,0.04,242.12291666666664,-28.97138888888889,59.63486,-13.767791,18.711788,*,G2V
HD 144821, ,16,8,16.5,-,13,46,8,359,27,7.521,0.365,2.621,0.015,3.772,-0.25,76,3.11,1.83,4.5,3.9,5.3,1.19,1.14,1.3,-0.3,0.2,0.3,3,4215,0.35,6,-119,-85,2,13.1,0.9,-6,-51,11,7.932,0.035,5.43,7.93,0.19,0.29,242.06874999999997,-13.76888888888889,67.706184,-1.1818296,34.503277,PM*,G2V
HD 144848, ,16,9,17.0,-,35,29,55,342,12,8.663,0.424,2.617,0.0,3.748,0.04,71,4.41,0.83,10.6,7.2,14.0,0.97,0.91,1.04,-52.6,0.2,0.2,2,355,0.602,3,-63,-98,2,12.0,1.6,-58,-22,-20,7.934,0.015,6.38,8.78,0.16,0.2,242.3208333333333,-35.49861111111111,66.04943,-21.460756,14.761731,PM*,G5V
HD 144873, ,16,6,40.0,+,34,6,10,55,48,8.558,0.425,2.591,0.023,3.753,-0.09,47,5.09,0.14,0.0,0.0,13.3,0.94,0.86,1.0,1.2,0.2,0.1,2,375,0.951,3,-296,183,3,21.2,1.0,-58,-20,47,7.982,0.035,6.57,8.99,0.16,1.22,241.66666666666669,34.10277777777778,18.038485,25.761625,34.92781,PM*,G2.5Vb
HD 144988, ,16,10,0.5,-,35,38,33,342,12,7.175,0.383,2.608,0.018,3.762,-0.38,73,2.86,2.42,3.7,3.1,4.6,1.29,1.16,1.36,-53.2,0.2,0.4,5,3663,0.144,4,28,-76,2,13.7,1.1,-48,3,-37,7.932,0.015,7.33,9.29,0.12,0.54,242.5020833333333,-35.6425,67.90998,-22.065287,15.177554,PM*,G1/2V
HD 145069, ,16,7,22.3,+,39,9,21,62,48,8.431,0.365,2.617,0.012,3.771,-0.27,67,4.3,0.68,7.6,4.9,11.6,0.99,0.95,1.04,-23.0,0.3,0.1,2,375,0.867,11,-49,62,2,14.9,0.8,-30,-14,-7,7.979,0.05,7.18,8.27,0.07,0.05,241.8429166666666,39.155833333333334,21.047234,39.584084,49.790707,PM*,G0
HD 145229, ,16,9,26.6,+,11,34,28,24,41,7.451,0.376,2.603,0.0,3.764,-0.2,33,4.86,0.22,4.5,0.0,12.3,0.96,0.88,1.03,-36.4,0.1,0.3,10,3800,0.875,4,-100,103,2,30.3,1.0,-41,-10,-8,7.977,0.022,7.14,8.61,0.09,0.03,242.3608333333333,11.574444444444444,22.75223,10.129946,21.649948,PM*,G0
HD 145377, ,16,11,36.4,-,27,4,41,349,18,8.126,0.381,2.612,0.009,3.765,-0.05,55,4.41,0.51,7.5,3.6,10.9,1.01,0.96,1.08,11.1,0.2,0.3,4,775,0.622,5,24,12,2,18.1,1.1,12,4,1,7.948,0.017,7.66,8.93,0.08,0.13,242.90166666666664,-27.078055555555554,51.34706,-9.980866,16.995935,*,G3V
HD 145404, ,16,9,48.0,+,25,59,53,43,46,8.522,0.374,2.597,-0.002,3.765,-0.28,62,4.56,0.57,9.3,4.6,14.0,0.95,0.88,1.01,-20.1,0.3,0.4,2,375,0.27,1,-4,67,2,16.1,1.0,-26,1,-10,7.969,0.045,7.75,8.64,0.05,0.07,242.44999999999993,25.998055555555556,31.49854,29.372864,44.599068,PM*,G0V
HD 145464, ,16,11,7.9,-,1,6,50,11,34,8.396,0.386,2.596,0.001,3.76,-0.23,67,4.28,0.92,11.2,7.7,13.9,0.97,0.91,1.02,18.0,0.2,0.4,5,2172,0.177,4,-74,-135,1,15.0,1.1,26,-44,6,7.946,0.038,5.61,8.26,0.19,0.21,242.78291666666664,-1.113888888888889,54.524994,10.598585,37.465923,PM*,G3V
HD 145514, ,16,9,41.1,+,40,7,8,64,47,8.311,0.419,2.591,0.02,3.755,-0.08,55,4.54,0.64,10.5,6.4,14.6,0.96,0.9,1.02,-42.8,0.3,0.4,2,671,0.219,1,-152,263,2,18.3,0.9,-87,-20,-6,7.984,0.04,6.03,9.74,0.24,0.05,242.42124999999993,40.11888888888889,16.443262,33.71368,40.224453,PM*,G0
HD 145518, ,16,12,2.4,-,18,13,57,356,24,7.418,0.383,2.609,0.001,3.762,-0.09,34,4.79,0.24,5.6,0.0,12.1,0.98,0.9,1.05,-12.4,0.1,0.3,7,2106,0.446,4,40,-35,2,29.8,1.0,-8,1,-13,7.969,0.013,7.96,8.35,0.02,0.08,243.00999999999996,-18.232499999999998,30.984884,-2.1666713,13.829046,PM*,G0.5V
HD 145666, ,16,15,4.1,-,56,22,28,328,-4,7.8,0.384,2.606,0.005,3.761,-0.13,41,4.71,0.37,8.4,1.5,13.5,0.96,0.9,1.04,-8.7,0.1,0.3,6,2149,0.431,2,-213,-223,5,24.1,1.0,-39,-47,-2,7.965,-0.003,5.53,8.15,0.19,0.07,243.7670833333333,-56.37444444444444,34.685276,-21.673765,-2.8600154,PM*,G2V
HD 145809, ,16,13,40.3,-,21,23,59,353,21,6.686,0.396,2.571,0.0,3.756,-0.2,39,3.73,1.53,8.1,7.3,9.0,1.06,1.02,1.1,20.7,0.1,0.2,5,1859,0.735,3,-122,9,1,25.6,0.9,11,-15,24,7.964,0.014,7.16,8.28,0.07,0.55,243.41791666666663,-21.399722222222223,36.138245,-4.4372215,13.97635,PM*,G2VFe-0.7
HD 145825, ,16,14,11.9,-,31,39,49,346,14,6.563,0.395,2.597,-0.012,3.76,0.17,22,4.86,0.0,0.2,0.0,7.6,1.05,1.0,1.08,-20.8,0.2,0.2,4,1774,0.719,3,-78,-257,2,45.7,0.9,-22,-20,-18,7.979,0.005,7.02,8.06,0.07,0.16,243.54958333333332,-31.66361111111111,20.712425,-5.1641846,5.322282,PM*,G3V
HD 145927, ,16,16,6.4,-,52,48,52,331,-1,8.359,0.405,2.593,0.012,3.752,-0.23,55,4.65,0.73,13.8,8.6,0.0,0.89,0.85,0.96,14.1,0.1,0.2,5,1956,0.794,3,-116,-8,3,18.1,1.2,2,-27,20,7.952,-0.001,6.67,8.01,0.09,0.44,244.02666666666664,-52.81444444444444,48.09676,-26.66046,-0.9598823,PM*,G3V
HD 146044, ,16,10,47.2,+,59,40,31,91,43,8.108,0.436,2.572,0.0,3.736,-0.25,41,5.05,0.68,0.0,12.4,0.0,0.85,0.83,0.89,-68.0,0.2,0.2,2,670,0.651,1,-39,-117,2,24.5,0.7,19,-60,-35,8.001,0.028,5.04,8.16,0.24,0.48,242.69666666666666,59.67527777777777,-0.52331746,29.980936,27.961931,PM*,G0
HD 146070, ,16,15,19.0,-,27,12,36,349,17,7.539,0.388,2.607,0.003,3.76,-0.07,36,4.74,0.32,7.6,0.0,12.9,0.97,0.9,1.05,-23.5,0.2,0.3,5,1805,0.325,3,-62,-135,1,27.6,0.9,-24,-20,-15,7.966,0.011,6.99,8.08,0.07,0.11,243.82916666666662,-27.21,33.79445,-6.5689816,10.525381,PM*,G1V
HD 146124,*,16,16,53.0,-,49,51,24,333,1,7.63,0.456,0.0,0.0,3.732,0.11,28,5.4,0.14,0.0,0.0,0.0,0.94,0.85,0.99,10.8,0.2,0.1,2,1182,0.975,2,-18,-33,1,35.8,1.0,8,-9,-1,7.975,0.0,7.45,8.31,0.05,0.09,244.22083333333327,-49.85666666666667,24.944384,-12.709799,0.48866737,*,G8IV-V
HD 146179, ,16,16,28.1,-,36,44,53,342,10,9.174,0.426,2.581,0.0,3.741,-0.18,65,5.1,0.47,16.1,3.3,0.0,0.87,0.83,0.93,-8.1,0.2,0.1,2,355,0.903,5,64,-5,2,15.3,1.3,-1,14,-16,7.939,0.011,7.9,9.26,0.08,0.14,244.1170833333333,-36.74805555555556,60.879513,-19.780949,11.287131,PM*,G5
HD 146297, ,16,23,13.5,-,75,30,51,315,-18,8.411,0.434,2.602,0.04,3.762,0.13,78,3.78,1.07,6.2,3.9,8.0,1.13,1.07,1.2,7.7,0.3,0.5,2,1116,0.128,4,-19,-75,2,0.0,0.0,-15,-21,-15,7.947,-0.024,7.03,7.96,0.06,0.11,245.80624999999998,-75.51416666666667,52.454876,-52.454895,-24.103327,PM*,G3IV
HD 146392, ,16,15,54.3,+,6,1,51,19,37,8.784,0.386,2.594,0.001,3.76,-0.25,94,3.92,1.29,9.4,7.1,12.1,1.0,0.95,1.05,-5.8,0.3,0.5,2,481,0.183,3,108,-84,3,0.0,0.0,33,2,-52,7.929,0.057,7.22,9.52,0.14,0.93,243.97624999999996,6.030833333333334,70.98172,24.440966,56.57061,PM*,G5
HD 146438,*,16,17,21.2,-,26,20,33,350,17,9.959,0.431,0.0,0.0,3.738,-0.23,96,5.05,0.62,0.0,7.9,0.0,0.86,0.82,0.91,41.7,0.3,0.2,2,723,0.577,13,28,-53,3,8.1,1.5,45,-17,-12,7.91,0.028,6.41,9.07,0.17,0.08,244.33833333333334,-26.342499999999998,90.41052,-15.941838,28.067682,PM*,G6/8V
HD 146481, ,16,19,20.8,-,54,30,48,330,-3,7.094,0.418,2.587,0.037,3.761,-0.27,44,3.72,1.49,8.1,7.2,9.1,1.04,1.01,1.08,90.0,0.1,0.3,5,4406,0.433,2,145,-99,2,22.8,0.9,81,-37,-39,7.962,-0.002,5.31,9.77,0.3,0.65,244.83666666666662,-54.513333333333335,38.05289,-21.969856,-2.3027823,PM*,G3V(w)
HD 146588, ,16,16,14.5,+,19,31,29,35,43,7.81,0.354,2.588,-0.011,3.771,-0.58,45,4.53,0.69,8.5,2.8,12.9,0.92,0.85,1.0,2.0,0.3,0.5,3,406,0.348,4,31,266,1,22.1,1.0,-38,42,11,7.973,0.031,7.84,11.72,0.2,0.35,244.06041666666664,19.52472222222222,26.959044,18.876926,30.689924,PM*,G0
HD 146644, ,16,17,1.1,+,7,9,6,20,37,8.329,0.428,2.581,0.0,3.743,-0.04,61,4.4,1.02,13.2,10.4,15.9,0.94,0.89,0.99,-5.1,0.2,0.1,2,481,0.845,2,-122,-60,2,16.4,1.0,-5,-36,15,7.955,0.037,6.21,7.96,0.12,0.34,244.25458333333333,7.151666666666667,45.778786,16.662115,36.710712,PM*,G5
HD 146735, ,16,14,44.6,+,57,1,34,87,44,8.399,0.397,2.609,0.016,3.759,-0.02,79,3.92,1.12,8.2,6.7,9.7,1.05,1.01,1.11,-18.3,0.2,0.2,3,1818,0.628,3,64,-45,2,12.7,0.7,23,-2,-25,7.997,0.054,7.35,8.99,0.1,0.29,243.68583333333333,57.02611111111111,2.9741404,56.74996,54.878014,PM*,G0
HD 146775, ,16,19,8.4,-,28,17,37,349,15,7.682,0.379,2.61,-0.007,3.767,0.11,41,4.61,0.14,3.0,0.0,8.0,1.07,1.01,1.12,-30.4,0.1,0.2,5,1805,0.786,2,52,-255,2,24.3,1.0,-23,-26,-48,7.961,0.011,6.82,8.05,0.08,0.77,244.78499999999997,-28.29361111111111,38.87534,-7.5566072,10.611581,PM*,G5V
HD 146817, ,16,19,59.5,-,40,49,5,340,7,7.726,0.419,2.585,0.0,3.746,-0.11,47,4.39,1.02,13.8,11.0,16.0,0.94,0.9,0.97,30.6,0.1,0.2,5,1860,0.62,3,43,-115,1,21.5,0.9,28,-22,-20,7.957,0.005,6.56,8.55,0.13,0.2,244.99791666666664,-40.81805555555556,43.836346,-15.955137,5.7278595,PM*,G3/5V
HD 146851, ,16,19,22.5,-,25,45,38,351,17,8.16,0.442,2.583,0.0,3.736,-0.01,37,5.34,0.2,0.0,0.0,0.0,0.87,0.84,0.97,-11.0,0.1,0.3,5,1859,0.387,2,-92,-36,2,27.3,1.1,-15,-13,4,7.965,0.011,7.45,7.99,0.04,0.16,244.84375,-25.760555555555555,34.947647,-5.5351596,10.817753,PM*,G8V
HD 146884,*,16,20,32.5,-,45,48,34,336,3,8.604,0.442,0.0,0.0,3.733,-0.24,43,5.45,0.33,0.0,0.0,0.0,0.83,0.8,0.9,-11.1,0.2,0.1,2,293,0.894,4,-17,-46,1,23.4,1.3,-13,-4,-5,7.961,0.002,7.91,8.08,0.01,0.03,245.13541666666663,-45.809444444444445,39.228622,-17.4657,2.2504463,PM*,G7V
HD 146997, ,16,20,4.5,-,24,21,57,352,18,8.361,0.413,2.611,0.028,3.768,0.25,83,3.65,0.94,5.5,2.6,7.4,1.22,1.14,1.31,-17.7,0.3,0.5,2,351,0.13,3,-58,-30,2,0.0,0.0,-23,-21,3,7.922,0.026,6.91,8.01,0.07,0.15,245.01874999999993,-24.365833333333335,78.16947,-10.986002,25.64841,PM*,G2V
HD 147044, ,16,18,5.8,+,34,28,57,56,46,7.507,0.387,2.611,0.007,3.762,-0.02,36,4.72,0.25,6.1,0.0,11.5,1.0,0.93,1.07,-14.8,0.2,0.2,2,382,0.494,1,-56,-68,2,27.7,0.8,1,-21,-5,7.986,0.026,7.01,8.06,0.07,0.05,244.52416666666664,34.4825,13.984129,20.732325,25.896233,PM*,G0V
HD 147058, ,16,19,10.8,+,12,33,23,27,39,8.596,0.286,2.653,-0.009,3.814,-0.17,149,2.73,1.18,2.1,1.8,2.5,1.39,1.31,1.48,-2.6,0.6,0.4,2,768,0.613,16,-14,-23,2,7.0,1.4,6,-19,0,7.897,0.095,6.99,8.05,0.07,0.14,244.79499999999996,12.55638888888889,103.17388,52.569717,93.76874,*,G5
HD 147062, ,16,19,25.9,+,5,32,17,19,36,7.595,0.388,2.608,0.011,3.766,0.05,65,3.52,1.3,5.5,4.6,6.5,1.17,1.12,1.27,-47.5,0.2,0.1,2,382,0.816,5,-32,-23,2,15.3,0.9,-36,-24,-24,7.95,0.039,6.65,8.23,0.11,0.26,244.85791666666663,5.538055555555555,49.721138,17.120361,38.20604,*,G0
HD 147195, ,16,21,8.2,-,19,56,42,356,21,8.726,0.439,2.585,0.0,3.737,-0.06,51,5.18,0.38,0.0,0.0,0.0,0.87,0.84,0.95,45.1,0.1,0.3,8,2514,0.708,3,-136,-227,3,19.5,1.2,43,-66,7,7.952,0.018,4.6,8.41,0.29,0.23,245.28416666666666,-19.945,47.49662,-3.3212829,18.276766,PM*,G6V
HD 147231, ,16,14,50.2,+,70,55,46,104,38,7.836,0.443,2.585,0.0,3.734,-0.23,41,4.79,0.96,0.0,0.0,0.0,0.0,0.0,0.0,-16.4,0.1,0.2,7,4116,0.787,2,-2,-288,2,24.6,0.6,54,-17,11,8.008,0.025,6.35,9.45,0.2,0.32,243.70916666666665,70.92944444444444,-7.8161187,31.348742,25.24212,PM*,G5V
HD 147436,*,16,24,13.5,-,47,35,15,336,1,9.267,0.454,0.0,0.0,3.728,-0.17,65,5.22,0.61,0.0,9.3,0.0,0.85,0.82,0.9,-1.1,0.2,0.1,2,293,0.815,7,-80,-72,2,15.5,1.5,-14,-30,2,7.941,0.001,6.53,7.95,0.1,0.13,246.05624999999995,-47.587500000000006,59.37142,-26.433847,1.1344063,PM*,G8V
HD 147513, ,16,24,1.2,-,39,11,34,342,7,5.374,0.397,2.605,0.009,3.756,-0.08,13,4.83,0.33,8.5,0.0,14.5,0.95,0.88,1.03,12.6,0.1,0.2,7,1745,0.707,3,72,3,1,77.7,0.9,13,-1,-1,7.988,0.002,7.57,8.74,0.07,0.09,246.00499999999997,-39.19277777777778,12.271578,-3.9872766,1.5843015,PM*,G5V
HD 147518, ,16,24,56.3,-,51,25,44,333,-1,9.332,0.405,2.574,0.0,3.744,-0.85,71,5.06,0.88,17.6,3.1,0.0,0.79,0.76,0.85,-42.3,0.2,0.3,4,2896,0.474,2,-170,30,2,14.0,1.3,-52,-11,49,7.936,-0.002,6.95,9.0,0.13,1.27,246.23458333333332,-51.428888888888885,63.25183,-32.22842,-1.2391208,PM*,G3/5V(w)
HD 147528, ,16,22,7.0,+,12,12,52,27,39,8.182,0.356,2.611,0.006,3.773,-0.36,51,4.65,0.36,5.4,0.0,11.3,0.96,0.89,1.03,-7.0,0.2,0.2,4,2292,0.847,6,65,-68,2,19.7,1.1,11,-4,-21,7.965,0.032,7.54,8.54,0.06,0.21,245.52916666666664,12.214444444444444,35.31455,17.993662,32.09534,PM*,G0
HD 147572, ,16,20,16.5,+,49,3,7,76,45,8.139,0.352,2.623,0.009,3.779,-0.21,101,3.12,1.62,4.4,3.8,5.1,1.19,1.14,1.33,-21.7,0.3,0.4,2,741,0.309,1,-59,52,2,9.9,0.7,-36,-25,2,7.983,0.071,6.64,8.27,0.11,0.15,245.06874999999994,49.051944444444445,17.277527,69.29637,71.417786,PM*,G0
HD 147750, ,16,23,6.0,+,17,28,7,33,40,8.44,0.441,2.568,0.0,3.734,-0.11,40,5.43,0.23,0.0,0.0,0.0,0.85,0.82,0.94,-37.6,0.2,0.2,2,322,0.54,1,-133,304,1,25.0,1.1,-72,6,9,7.975,0.026,6.95,10.22,0.19,0.28,245.77499999999995,17.46861111111111,25.698357,16.68871,25.711502,PM*,G0
HD 147770, ,16,23,22.4,+,13,16,33,28,39,8.854,0.293,2.643,-0.013,3.81,-0.17,152,2.94,1.06,2.3,1.9,2.7,1.33,1.25,1.42,-9.4,0.8,1.1,2,67,0.204,20,9,-22,1,9.8,1.5,6,-10,-16,7.896,0.095,7.35,8.17,0.05,0.16,245.84333333333333,13.275833333333335,104.29923,55.45689,95.6567,*,G5
HD 147935,*,16,25,49.1,-,27,49,9,350,15,9.207,0.427,0.0,0.0,3.742,-0.11,57,5.42,0.07,0.0,0.0,14.8,0.89,0.83,0.95,-2.6,0.2,0.1,2,1002,0.799,2,-78,-32,2,17.5,1.4,-8,-20,9,7.946,0.015,7.11,7.95,0.06,0.24,246.45458333333332,-27.819166666666668,54.221317,-9.560696,14.752686,PM*,G5V
HD 148045, ,16,28,35.1,-,56,40,41,330,-5,8.822,0.38,2.603,0.006,3.764,-0.35,89,4.07,1.14,10.0,7.2,12.7,0.98,0.9,1.03,82.7,0.2,0.6,5,2896,0.022,4,99,-6,2,11.2,1.2,83,-16,-39,7.923,-0.009,5.88,10.4,0.28,0.65,247.14624999999995,-56.67805555555555,76.78296,-44.33068,-7.7568607,PM*,G0V(w)
HD 148083, ,16,19,24.3,+,72,23,17,106,37,8.778,0.314,2.633,0.01,3.796,-0.74,152,2.88,1.91,4.2,3.4,5.1,1.15,1.08,1.21,7.6,0.5,1.0,4,1119,0.032,7,-30,46,2,6.6,0.8,-39,-6,7,8.033,0.091,7.36,8.75,0.09,0.24,244.85124999999996,72.38805555555557,-33.460335,116.690056,91.475876,PM*,G5
HD 148156, ,16,28,17.2,-,46,19,3,337,2,7.704,0.349,2.635,0.006,3.785,0.16,53,4.09,0.17,2.7,0.0,4.6,1.19,1.15,1.23,-2.0,0.2,0.4,3,621,0.248,6,44,27,1,18.9,1.0,3,12,-3,7.951,0.002,7.87,9.21,0.08,0.06,247.07166666666663,-46.3175,48.757042,-20.696133,1.8496733,PM*,G0/2V
HD 148317, ,16,26,39.2,+,15,58,21,32,39,6.702,0.4,2.619,0.033,3.779,0.23,80,2.04,2.3,2.0,1.4,2.2,1.73,1.69,1.82,-37.9,0.3,0.0,1,0,0.0,3,1,-2,2,12.5,0.8,-24,-16,-25,7.947,0.05,7.2,8.1,0.06,0.27,246.6633333333333,15.9725,52.72457,32.94597,50.34563,*,G0III
HD 148319, ,16,27,30.8,-,10,8,34,5,26,8.553,0.419,2.597,0.0,3.749,0.07,51,5.0,0.2,5.9,0.0,13.8,0.97,0.89,1.03,-18.0,0.3,0.6,4,1136,0.013,5,-69,-38,2,19.5,1.6,-18,-19,-1,7.954,0.022,7.09,7.99,0.06,0.09,246.8783333333333,-10.142777777777777,45.66407,3.995088,22.356928,PM*,G3/5V
HD 148329, ,16,24,17.4,+,55,19,55,85,43,6.935,0.377,2.592,-0.001,3.764,-0.26,43,3.79,1.34,8.5,7.4,9.4,1.03,1.0,1.07,-43.2,0.3,0.5,3,2648,0.127,3,-3,-325,2,23.5,0.6,59,-49,-17,7.997,0.029,5.13,8.95,0.27,0.16,246.07249999999996,55.331944444444446,2.7408938,31.32854,29.325928,PM*,G1
HD 148440,*,16,29,20.1,-,30,57,39,348,12,9.795,0.471,0.0,0.0,3.716,-0.59,60,5.9,0.43,0.0,0.0,0.0,0.76,0.73,0.8,6.3,0.3,0.3,2,295,0.525,11,-16,-59,2,10.3,1.5,5,-17,-6,7.943,0.013,7.12,8.1,0.06,0.02,247.33374999999998,-30.960833333333333,57.406364,-12.202104,12.474702,PM*,G9V(e)
HD 148530, ,16,28,35.9,+,3,15,10,18,33,8.794,0.472,0.0,0.0,3.724,0.0,47,5.46,0.32,0.0,0.0,0.0,0.86,0.83,0.93,24.8,0.2,0.4,4,1471,0.271,1,-13,-528,2,21.5,1.3,81,-81,-34,7.963,0.025,3.81,9.11,0.41,0.49,247.14958333333325,3.2527777777777778,37.488285,12.180682,25.598036,PM*,G8/K0V
HD 148571, ,16,28,50.6,+,4,47,36,20,34,8.58,0.381,2.592,0.003,3.76,-0.64,75,4.22,1.27,12.3,9.3,15.5,0.88,0.82,0.93,-1.9,0.3,0.2,3,2228,0.864,3,-19,-71,2,13.4,1.3,10,-23,-7,7.942,0.041,6.75,8.14,0.09,0.04,247.21083333333326,4.793333333333333,58.42804,21.266066,41.93947,PM*,G3V
HD 148577, ,16,29,43.2,-,18,40,50,358,20,7.939,0.416,2.595,0.0,3.748,-0.1,54,4.29,1.07,12.2,9.8,14.7,0.95,0.91,1.0,62.2,0.1,0.4,8,2226,0.367,2,81,-239,1,18.6,1.2,77,-35,-29,7.95,0.018,5.38,9.65,0.28,0.38,247.42999999999998,-18.680555555555557,50.71249,-1.7709243,18.469088,PM*,G5V
HD 148587, ,16,33,5.5,-,63,50,32,325,-11,7.385,0.375,2.607,0.02,3.773,-0.26,46,3.99,0.93,8.9,5.6,10.4,1.01,0.98,1.08,42.0,0.2,0.4,4,3210,0.129,4,-449,-189,2,21.8,0.9,-13,-107,37,7.963,-0.009,3.18,7.96,0.43,0.91,248.27291666666665,-63.842222222222226,36.98868,-25.899763,-8.777214,PM*,G1V
HD 148729, ,16,30,25.6,-,10,26,28,5,25,7.466,0.371,2.621,0.006,3.774,0.13,55,3.78,0.77,3.8,3.2,5.4,1.22,1.15,1.27,20.6,0.2,0.1,2,615,0.803,5,-132,-80,2,18.3,1.0,16,-35,23,7.951,0.023,6.15,8.16,0.14,0.52,247.60666666666665,-10.44111111111111,49.657246,4.3444457,23.244005,PM*,G0V
HD 148847,*,16,32,23.0,-,34,14,18,346,9,8.737,0.372,0.0,0.0,3.766,-0.25,75,4.36,0.72,9.0,5.5,13.1,0.97,0.92,1.03,9.3,0.3,0.4,2,288,0.303,3,-43,-51,2,13.3,1.1,4,-25,1,7.928,0.012,6.69,8.01,0.09,0.12,248.09583333333333,-34.23833333333334,71.87624,-17.92075,11.732586,PM*,G3V
HD 149026, ,16,30,29.6,+,38,20,50,61,43,8.163,0.38,2.619,0.016,3.77,0.04,79,3.68,1.05,5.8,3.3,7.2,1.14,1.09,1.24,-18.1,0.4,0.0,1,0,0.0,7,-78,53,2,12.7,0.8,-32,-21,10,7.972,0.054,6.86,8.23,0.09,0.26,247.6233333333333,38.34722222222222,28.010815,50.532852,53.877865,PM*,G0IV
HD 149028, ,16,31,37.0,+,12,25,17,28,37,8.53,0.454,0.0,0.0,3.734,0.13,49,5.1,0.38,13.6,3.5,0.0,0.91,0.87,1.01,-33.0,0.2,0.3,3,2292,0.436,2,-86,56,1,20.6,1.2,-37,-16,-1,7.966,0.029,6.97,8.39,0.09,0.1,247.9041666666666,12.421388888888888,34.55251,18.371897,29.488934,PM*,GV
HD 149058, ,16,30,43.8,+,37,31,35,60,43,8.444,0.335,2.623,-0.003,3.786,-0.18,95,3.55,1.0,3.7,2.9,6.3,1.14,1.08,1.22,-28.5,0.7,0.0,1,0,0.0,17,24,-38,2,10.5,0.9,8,-19,-28,7.965,0.065,7.01,8.16,0.08,0.34,247.68249999999995,37.52638888888889,34.739296,60.170235,64.78984,*,G0
HD 149105, ,16,30,14.9,+,47,57,8,74,43,6.982,0.386,2.598,0.007,3.76,-0.38,51,3.45,1.87,6.7,6.1,7.3,1.09,1.04,1.13,-47.5,0.2,0.1,3,4295,0.895,5,-94,-276,1,19.7,0.6,47,-70,-11,7.99,0.035,4.42,8.5,0.32,0.07,247.5620833333333,47.952222222222225,10.281011,35.854137,34.781914,PM*,G0V
HD 149189,*,16,35,25.3,-,48,41,53,336,-1,8.576,0.41,0.0,0.0,3.755,0.11,80,4.06,0.97,7.8,5.6,10.2,1.07,1.01,1.15,-17.8,0.2,0.1,2,291,0.767,3,-28,-133,2,13.3,1.8,-34,-34,-26,7.927,-0.001,6.18,8.1,0.13,0.29,248.85541666666663,-48.698055555555555,73.07251,-32.533962,-1.3961924,PM*,G3V
HD 149222, ,16,29,1.1,+,64,47,12,96,39,7.695,0.381,2.611,0.009,3.768,0.03,62,3.74,1.04,6.5,4.3,7.6,1.12,1.09,1.17,-34.3,0.3,0.2,2,701,0.677,5,-137,113,1,16.2,0.6,-40,-48,-2,8.005,0.039,5.54,8.21,0.19,0.09,247.25458333333333,64.78666666666666,-5.0365024,47.9191,39.017864,PM*,G0
HD 149285, ,16,33,19.3,+,15,8,18,32,37,8.825,0.337,2.648,0.036,3.806,-0.24,143,2.89,1.26,2.4,2.1,2.9,1.32,1.23,1.41,-37.5,0.3,0.1,2,103,0.778,8,-9,11,2,7.1,1.2,-32,-14,-16,7.903,0.087,7.09,8.23,0.07,0.16,248.33041666666662,15.138333333333334,96.85123,60.519367,86.05954,*,G5
HD 149396, ,16,35,55.6,-,37,21,47,345,7,8.508,0.446,0.0,0.0,3.738,0.13,56,4.76,0.63,13.0,8.1,0.0,0.94,0.89,1.0,-29.5,0.2,0.1,4,1829,0.967,2,-95,-49,2,17.8,1.2,-36,-18,6,7.946,0.007,6.9,8.32,0.09,0.2,248.98166666666663,-37.363055555555555,53.68865,-14.385844,6.8246837,PM*,G5IV/V
HD 149435, ,16,35,29.6,-,18,40,20,359,19,8.735,0.475,0.0,0.0,3.717,-0.36,40,5.75,0.42,0.0,0.0,0.0,0.79,0.76,0.85,-6.3,0.2,0.5,8,2514,0.119,2,-87,19,1,25.3,1.1,-11,-7,12,7.963,0.013,7.85,7.97,0.01,0.29,248.8733333333333,-18.672222222222224,37.814983,-0.66007066,13.022726,PM*,G9IV-V
HD 149724, ,16,36,48.5,-,6,17,39,10,26,7.854,0.46,0.0,0.0,3.735,0.29,56,4.12,1.24,9.6,5.0,11.5,1.07,1.02,1.17,-33.6,0.2,0.3,2,733,0.316,3,-21,-2,1,17.9,1.1,-31,-10,-11,7.951,0.025,7.34,8.35,0.06,0.06,249.20208333333335,-6.2941666666666665,49.567802,8.740141,24.548784,*,G5V
HD 149750, ,16,35,14.6,+,37,1,19,60,42,8.588,0.418,2.606,0.0,3.749,-0.03,81,4.06,1.21,10.0,8.2,11.9,1.03,0.97,1.07,14.6,0.2,0.2,2,475,0.613,3,-60,80,3,12.4,0.8,-28,9,29,7.97,0.054,7.81,9.22,0.08,0.7,248.8108333333333,37.02194444444444,30.097363,52.13017,54.19958,PM*,G0V
HD 149782,*,16,39,12.4,-,47,18,36,338,0,9.162,0.431,0.0,0.0,3.742,0.04,63,5.16,0.21,0.0,0.0,0.0,0.92,0.86,0.99,-27.3,0.3,0.4,2,291,0.331,3,18,-123,2,15.8,1.8,-34,-12,-29,7.942,0.0,7.19,8.38,0.08,0.34,249.80166666666662,-47.309999999999995,58.412582,-23.600216,0.0,PM*,G5/6V
HD 149894, ,16,38,46.7,-,29,53,33,351,11,8.222,0.372,2.594,0.006,3.764,-0.43,47,4.87,0.4,6.2,0.0,14.1,0.91,0.83,0.99,-27.0,0.2,0.4,5,1855,0.381,2,119,-86,3,21.4,1.1,-19,5,-37,7.955,0.009,7.89,8.79,0.05,0.54,249.69458333333327,-29.8925,45.568462,-7.2173305,8.968023,PM*,G1V
HD 149996, ,16,38,17.3,-,2,26,31,14,28,8.492,0.393,2.585,0.01,3.754,-0.45,69,4.28,1.22,13.4,10.6,16.5,0.87,0.83,0.94,-36.3,0.1,0.4,8,2204,0.365,2,-180,-285,1,14.4,1.2,-3,-115,-17,7.94,0.033,2.8,7.95,0.48,0.15,249.5720833333333,-2.4419444444444447,59.113697,14.7387,32.39354,PM*,G1V
HD 150248, ,16,41,49.7,-,45,22,7,339,1,7.026,0.418,2.607,0.028,3.745,-0.22,28,4.76,0.76,16.0,11.3,0.0,0.87,0.85,0.91,65.6,0.2,0.6,5,1857,0.011,2,64,-95,1,35.2,1.0,61,-26,-14,7.973,0.0,5.9,9.35,0.23,0.1,250.45708333333332,-45.368611111111115,26.13627,-10.032778,0.48866737,PM*,G3V+?
HD 150256, ,16,39,1.8,+,21,41,16,40,38,7.961,0.396,2.603,0.016,3.758,-0.37,135,2.31,3.05,2.6,2.0,3.1,1.37,1.33,1.43,-25.2,0.3,0.2,2,370,0.676,6,-1,-29,1,7.4,0.9,-1,-24,-20,7.919,0.084,6.78,7.96,0.08,0.21,249.75749999999994,21.68777777777778,81.49292,68.38068,83.1143,*,G0
BD +21 2978, ,16,44,36.1,+,20,44,13,39,37,9.237,0.452,0.0,0.0,3.729,-0.22,54,5.56,0.28,0.0,0.0,0.0,0.83,0.79,0.89,-16.1,0.2,0.2,2,911,0.598,3,-267,-272,1,18.4,1.4,27,-93,24,7.966,0.033,3.64,8.14,0.38,0.56,251.15041666666667,20.736944444444447,33.515446,27.140272,32.49801,PM*,G8
HD 150419, ,16,42,17.6,-,32,47,19,349,9,9.081,0.42,2.614,0.066,3.779,-0.13,125,3.31,1.36,4.8,2.9,6.1,1.16,1.09,1.26,-38.5,0.2,0.4,5,3606,0.248,6,-11,-3,2,5.0,1.6,-39,1,-3,7.879,0.019,7.4,8.86,0.09,0.07,250.5733333333333,-32.78861111111111,121.19272,-23.557499,19.55431,*,G0/2V(+F)
HD 150571,*,16,43,41.2,-,39,29,6,344,4,8.63,0.441,0.0,0.0,3.734,-0.12,46,5.31,0.36,0.0,0.0,0.0,0.86,0.82,0.93,3.4,0.2,0.1,2,287,0.862,3,83,-74,2,21.7,1.2,5,-2,-24,7.956,0.003,7.7,8.47,0.05,0.25,250.9216666666666,-39.485,44.11032,-12.648439,3.2087977,PM*,G6V
HD 150698, ,16,43,51.4,-,26,48,32,354,12,6.725,0.418,2.611,0.0,3.751,0.02,47,3.37,1.82,5.0,4.4,5.7,1.2,1.16,1.27,47.9,0.2,0.4,4,774,0.205,4,-19,-101,2,21.3,0.9,47,-24,1,7.954,0.01,6.16,8.99,0.19,0.12,250.9641666666666,-26.80888888888889,45.721092,-4.805489,9.77185,PM*,G2/3V
HD 150706, ,16,31,17.5,+,79,47,23,113,33,7.003,0.389,2.603,0.008,3.759,-0.18,27,4.83,0.35,8.0,0.0,15.0,0.93,0.86,1.02,-17.3,0.1,0.3,12,4048,0.67,4,95,-89,1,36.7,0.6,20,-5,-13,8.009,0.015,7.37,8.79,0.09,0.09,247.82291666666663,79.78972222222222,-8.847757,20.844007,14.705255,PM*,G0
HD 150711, ,16,42,22.3,+,13,2,28,30,34,8.559,0.383,2.595,0.001,3.761,-0.25,68,4.4,0.79,11.2,6.9,14.6,0.95,0.88,1.01,-7.0,0.5,0.7,2,667,0.09,8,4,-19,1,14.7,1.2,-1,-6,-7,7.952,0.038,7.7,8.15,0.03,0.04,250.5929166666666,13.04111111111111,48.821796,28.187279,38.025116,*,G5
HD 150761, ,16,51,10.5,-,75,38,3,316,-19,8.778,0.362,2.639,0.026,3.792,0.21,110,3.46,0.6,2.7,1.7,3.8,1.32,1.26,1.38,-4.7,0.3,0.3,2,351,0.409,10,-70,-109,2,9.1,0.9,-50,-46,-2,7.925,-0.036,5.49,8.29,0.2,0.09,252.79375000000002,-75.63416666666667,74.81638,-72.249374,-35.812496,PM*,G0V
HD 150907, ,16,44,28.0,-,12,16,31,6,21,8.847,0.364,2.608,0.0,3.771,-0.4,120,3.45,1.64,6.7,5.2,8.5,1.06,0.99,1.12,-42.3,0.2,0.2,2,1115,0.619,9,-38,-2,2,0.0,0.0,-44,-18,0,7.889,0.043,6.71,8.43,0.11,0.12,251.11666666666667,-12.275277777777779,111.41594,11.710287,43.004154,*,G0V
HD 150944, ,16,40,49.6,+,59,2,9,89,40,8.369,0.339,2.607,0.005,3.778,-0.63,61,4.44,0.66,6.6,1.1,10.8,0.95,0.88,1.02,-1.6,0.4,0.7,3,1090,0.157,3,29,140,1,16.4,0.7,-37,11,-14,7.999,0.039,7.7,9.45,0.1,0.12,250.20666666666668,59.03583333333333,0.8155274,46.721596,39.21004,PM*,G0
HD 150987,*,16,46,4.8,-,35,36,49,347,6,9.174,0.451,0.0,0.0,3.731,-0.12,59,5.33,0.4,0.0,0.0,0.0,0.86,0.82,0.92,-20.8,0.2,0.2,2,288,0.628,1,-84,13,2,17.0,1.6,-25,-7,17,7.943,0.007,7.55,8.28,0.05,0.4,251.51999999999998,-35.61361111111111,57.17291,-13.199405,6.1671796,PM*,G8V
HD 151084, ,16,38,10.4,+,73,19,35,106,35,8.102,0.344,2.648,0.03,3.801,0.0,91,3.18,0.86,2.5,2.0,2.9,1.34,1.3,1.39,-29.5,0.2,0.3,4,1553,0.597,9,-22,39,2,11.0,0.6,-12,-29,-16,8.02,0.052,6.61,8.02,0.1,0.13,249.54333333333332,73.32638888888889,-20.546791,71.655174,52.195457,*,G5
HD 151192, ,16,46,34.3,-,17,35,42,2,18,8.191,0.432,2.563,0.0,3.734,-0.52,35,5.48,0.47,0.0,0.0,0.0,0.8,0.77,0.87,41.4,0.2,0.3,5,1852,0.603,2,193,-100,2,28.7,1.2,50,8,-21,7.967,0.011,7.03,10.24,0.19,0.23,251.6429166666666,-17.595,33.2667,1.1616988,10.815595,PM*,G5V
HD 151450, ,16,48,1.8,-,15,57,50,3,18,7.437,0.35,2.617,-0.009,3.78,0.01,43,4.26,0.25,3.8,0.0,6.6,1.1,1.04,1.17,57.4,0.1,0.3,6,2433,0.469,4,78,-93,2,23.2,1.0,62,-1,-4,7.959,0.014,6.61,10.23,0.21,0.06,252.00749999999996,-15.963888888888889,40.839386,2.1403017,13.287731,PM*,G2V
HD 151522, ,16,44,20.6,+,59,57,49,90,39,8.412,0.448,2.58,0.031,3.749,-0.09,152,2.38,2.94,2.4,1.9,2.9,1.4,1.32,1.54,-44.3,0.2,0.4,3,2202,0.402,8,-2,-31,3,6.6,0.7,21,-39,-23,7.999,0.095,5.95,8.27,0.16,0.26,251.0858333333333,59.96361111111111,-5.1634597e-06,118.12619,95.6567,*,G5
HD 151587, ,16,55,10.6,-,73,6,54,318,-18,8.341,0.361,2.619,0.014,3.773,-0.31,105,3.23,1.74,5.2,4.3,6.4,1.14,1.07,1.23,23.9,0.2,0.4,3,1116,0.208,6,-16,15,2,9.5,0.9,20,-16,3,7.925,-0.033,6.88,8.42,0.1,0.15,253.79416666666665,-73.115,74.21114,-66.82001,-32.446785,*,G0IV
HD 151625, ,16,47,24.8,+,28,23,55,49,38,7.966,0.423,2.6,0.043,3.767,0.01,119,2.4,2.42,2.5,2.0,3.1,1.5,1.35,1.59,-38.2,0.3,0.1,2,707,0.863,4,52,9,2,8.4,1.0,-18,-2,-45,7.939,0.074,7.85,8.35,0.03,0.7,251.85333333333332,28.398611111111112,61.52081,70.7716,73.26372,PM*,G0IV
HD 151798, ,16,50,5.1,-,12,23,14,7,20,7.94,0.39,2.602,0.001,3.758,-0.13,41,4.85,0.3,7.7,0.0,14.4,0.94,0.87,1.02,-18.0,0.1,0.5,23,2889,0.182,12,-73,-104,2,24.1,1.0,-14,-27,-6,7.961,0.014,6.69,7.97,0.09,0.02,252.52124999999995,-12.387222222222222,38.24022,4.6953087,14.022825,PM*,G3V
HD 151827, ,16,57,28.4,-,74,57,41,317,-19,9.101,0.376,2.602,0.032,3.777,-0.44,75,4.6,0.38,4.4,0.0,10.1,0.97,0.9,1.03,12.1,0.2,0.2,4,2515,0.917,2,-186,-153,2,13.4,1.1,-40,-74,18,7.949,-0.025,4.39,8.09,0.3,0.43,254.36833333333328,-74.96138888888889,51.863144,-48.36315,-24.41761,PM*,G0V(w)
BD +68 901, ,16,56,24.1,+,68,1,30,99,36,8.713,0.415,0.0,0.0,3.744,-0.38,51,5.19,0.47,0.0,0.0,0.0,0.83,0.8,0.91,-15.1,0.3,0.4,2,71,0.249,4,-70,267,2,19.7,0.7,-64,-22,-10,8.007,0.03,6.35,9.0,0.17,0.06,254.10041666666666,68.025,-6.4544654,40.751892,29.977047,PM*,G0
HD 151928, ,16,51,33.3,-,29,24,34,353,9,8.289,0.366,2.603,-0.006,3.774,-0.04,101,3.27,1.43,4.7,2.8,6.0,1.19,1.11,1.3,-10.9,0.2,0.3,3,2863,0.483,5,-20,12,2,8.7,1.2,-13,0,9,7.901,0.016,7.89,8.27,0.02,0.25,252.88875000000002,-29.409444444444443,99.012955,-12.15727,15.799882,*,G2V
HD 152012, ,16,47,41.5,+,56,53,32,86,39,8.415,0.413,2.591,0.014,3.745,-0.32,42,5.29,0.31,0.0,0.0,0.0,0.84,0.8,0.93,-0.4,0.2,0.2,3,1192,0.728,4,20,47,2,23.7,0.7,-8,4,-5,7.998,0.027,7.99,8.58,0.04,0.05,251.92291666666668,56.89222222222222,2.2768617,32.560623,26.431456,*,G0
HD 152079,*,16,53,29.7,-,46,19,58,340,-2,9.182,0.43,0.0,0.0,3.747,0.19,85,4.52,0.63,9.6,5.8,12.9,1.03,0.96,1.09,-21.5,0.3,0.4,2,294,0.197,2,-111,-95,2,11.7,1.4,-40,-48,11,7.92,-0.002,5.49,8.12,0.19,0.27,253.37374999999997,-46.33277777777778,79.82521,-29.05402,-2.9664571,PM*,G6V
HD 152260, ,17,0,54.6,-,76,13,7,316,-20,6.926,0.336,2.644,0.015,3.791,-0.07,56,3.17,1.16,2.8,2.5,3.2,1.33,1.28,1.37,-15.5,0.2,0.1,2,449,0.713,12,-34,-159,1,17.7,0.7,-42,-16,-9,7.962,-0.019,6.89,8.52,0.11,0.04,255.22749999999996,-76.21861111111112,37.853657,-36.554867,-19.153128,PM*,G0IV/V
HD 152264, ,16,51,12.8,+,29,34,15,51,38,7.727,0.395,2.613,0.04,3.777,-0.17,64,3.52,1.23,5.8,4.7,6.9,1.13,1.08,1.18,-27.7,0.2,0.1,2,696,0.904,5,94,-68,2,15.6,0.8,9,-10,-43,7.968,0.039,7.41,8.37,0.06,0.64,252.8033333333333,29.570833333333333,31.73832,39.19356,39.402336,PM*,G0V
HD 152305, ,16,51,15.2,+,34,17,21,57,39,8.031,0.4,2.616,0.027,3.774,0.18,73,3.6,0.91,3.4,2.9,5.4,1.28,1.24,1.32,-13.5,0.2,0.3,2,677,0.417,4,-50,109,3,13.7,0.7,-43,-2,10,7.969,0.046,7.34,8.94,0.1,0.28,252.8133333333333,34.28916666666667,30.898275,47.57917,45.940388,PM*,G0
HD 152322, ,16,57,6.0,-,64,11,19,326,-13,8.014,0.379,2.622,0.009,3.765,0.02,46,4.72,0.14,2.9,0.0,9.5,1.02,0.95,1.08,18.1,0.2,0.1,4,3210,0.916,4,9,-36,2,21.9,1.0,11,-13,-10,7.963,-0.01,7.2,8.28,0.07,0.04,254.27499999999995,-64.18861111111111,37.158306,-25.063608,-10.347748,*,G3V
HD 152391, ,16,52,58.8,-,0,1,34,18,26,6.608,0.456,2.573,0.0,3.728,-0.06,17,5.46,0.28,0.0,0.0,0.0,0.85,0.82,0.93,44.8,0.1,0.2,15,5572,0.992,3,-709,-1484,2,59.0,0.9,85,-111,9,7.986,0.007,2.79,9.0,0.53,0.29,253.24499999999995,-0.026111111111111113,14.531668,4.721625,7.4523096,PM*,G8.5Vk:
HD 152429, ,16,54,20.6,-,25,49,45,356,11,7.22,0.336,2.633,-0.006,3.794,0.19,65,3.14,0.89,2.4,2.0,2.8,1.4,1.34,1.45,-22.6,0.2,0.2,3,2863,0.703,8,-73,-40,1,15.3,1.2,-25,-22,5,7.936,0.013,6.84,8.06,0.08,0.19,253.58583333333328,-25.829166666666666,63.65034,-4.4508595,12.402585,PM*,G0IV
HD 152927, ,16,55,2.0,+,34,5,52,56,38,8.295,0.347,2.653,0.035,3.806,0.18,120,2.74,1.03,1.8,1.5,2.1,1.51,1.44,1.59,-82.8,0.5,0.0,1,0,0.0,10,-142,-71,3,8.3,0.8,-16,-122,7,7.947,0.074,2.58,7.95,0.51,0.24,253.7583333333333,34.09777777777778,52.878006,78.39487,73.87938,PM*,G5
HD 153075, ,17,0,31.6,-,57,17,49,332,-9,7.008,0.39,2.592,0.025,3.753,-0.76,31,4.52,1.19,15.5,11.6,0.0,0.82,0.8,0.85,99.3,0.1,0.3,6,1897,0.587,5,-163,-297,2,31.8,0.9,63,-89,-23,7.973,-0.005,3.6,8.67,0.41,0.25,255.13166666666663,-57.29694444444444,27.03439,-14.374437,-4.8494687,PM*,G2VFe-0.8CH-0.5
HD 153205, ,16,54,3.1,+,61,38,47,91,37,8.183,0.419,2.595,0.027,3.762,0.07,89,3.31,1.59,4.6,4.2,5.3,1.24,1.18,1.29,-40.3,0.2,0.2,3,2204,0.688,3,22,35,2,11.2,0.6,-12,-25,-34,8.002,0.054,6.88,8.0,0.08,0.45,253.5129166666666,61.646388888888886,-1.2404879,71.06773,53.561535,*,G0
HD 153276, ,16,58,58.0,-,15,48,43,5,16,8.228,0.375,2.599,-0.009,3.769,0.06,56,4.47,0.27,4.7,0.0,8.5,1.07,1.0,1.13,3.8,0.3,0.4,2,977,0.25,3,-14,-56,1,17.7,1.0,7,-14,-4,7.946,0.016,7.24,8.17,0.06,0.05,254.74166666666662,-15.811944444444444,53.625813,4.6916504,15.435692,PM*,G3V
HD 153344, ,16,54,45.9,+,62,5,59,92,37,7.079,0.431,2.596,0.0,3.741,-0.19,40,4.07,1.51,11.6,10.6,12.8,0.97,0.94,1.01,-90.1,0.2,0.3,2,28,0.401,2,-332,-55,2,25.0,0.5,1,-110,-4,8.001,0.024,3.01,8.01,0.45,0.05,253.69124999999997,62.099722222222226,-1.114878,31.92596,24.0726,PM*,G5IV
HD 153361, ,16,59,44.3,-,18,14,53,3,15,6.639,0.351,2.619,-0.001,3.782,-0.06,51,3.11,1.42,2.9,2.5,4.5,1.35,1.28,1.4,-3.4,0.2,0.3,5,3930,0.421,7,-25,-141,1,19.7,0.8,2,-31,-15,7.951,0.013,6.42,8.01,0.11,0.12,254.93458333333334,-18.248055555555556,49.194702,2.5781853,13.199771,PM*,G0V
HD 153386, ,17,2,28.2,-,56,40,47,333,-9,7.464,0.362,2.629,0.016,3.775,-0.13,85,2.8,1.96,3.5,2.4,4.0,1.36,1.29,1.44,-63.4,0.2,0.2,4,3633,0.602,5,-72,-111,2,11.7,0.9,-80,-20,5,7.925,-0.013,6.09,9.46,0.22,0.21,255.6175,-56.67972222222222,74.80313,-38.114098,-13.29693,PM*,G0/1V
HD 153421, ,17,0,40.4,-,27,47,32,355,9,8.191,0.363,2.599,0.003,3.769,-0.34,47,4.84,0.25,2.8,0.0,11.2,0.95,0.87,1.01,-9.8,0.2,0.3,4,4846,0.477,2,102,19,2,21.4,1.2,-6,17,-17,7.954,0.007,7.95,9.49,0.09,0.15,255.16833333333332,-27.792222222222225,46.244705,-4.045901,7.3524203,PM*,G1/2V
HD 153423,*,17,0,45.8,-,30,30,59,353,7,8.797,0.385,0.0,0.0,3.76,-0.28,78,4.33,0.91,11.4,7.7,14.7,0.95,0.87,1.01,-57.1,0.3,0.1,2,1098,0.802,3,-2,-173,2,12.8,1.3,-56,-46,-46,7.923,0.01,5.49,8.41,0.21,0.73,255.1908333333333,-30.51638888888889,76.84154,-9.434961,9.505809,PM*,G3V
HD 153451, ,16,58,15.2,+,34,43,4,57,37,8.277,0.303,2.67,0.019,3.805,-0.15,92,3.46,0.63,2.8,2.0,3.4,1.24,1.18,1.3,-24.2,1.8,0.0,1,0,0.0,40,-18,-22,2,10.9,0.8,-3,-25,-10,7.961,0.056,6.78,7.98,0.08,0.07,254.56333333333328,34.717777777777776,40.017067,61.620876,55.366978,*,G0
HD 153458, ,17,0,1.6,-,7,31,53,12,21,7.976,0.405,2.586,0.0,3.755,0.05,44,4.78,0.3,7.3,0.0,12.7,0.99,0.92,1.06,0.3,0.2,0.4,6,2104,0.199,3,98,-20,2,22.9,1.1,5,9,-18,7.96,0.015,7.83,9.05,0.07,0.17,255.00666666666663,-7.5313888888888885,40.179897,8.540501,15.768189,PM*,G5V
HD 153558, ,16,57,59.4,+,47,5,55,73,38,9.221,0.372,2.612,0.019,3.765,-0.46,92,4.4,0.87,10.2,5.4,14.4,0.91,0.84,0.99,1.0,0.4,0.2,2,378,0.71,10,39,-31,2,0.0,0.0,16,7,-13,7.979,0.057,7.65,9.19,0.09,0.1,254.49749999999997,47.09861111111111,21.196075,69.329216,56.640858,*,G
HD 153696,*,17,4,39.1,-,59,52,54,330,-11,9.156,0.412,0.0,0.0,3.748,-0.22,75,4.78,0.68,14.7,8.4,0.0,0.88,0.84,0.94,-11.3,0.3,0.1,2,288,0.939,4,7,-27,2,13.3,1.4,-14,1,-6,7.936,-0.015,7.91,8.32,0.03,0.03,256.16291666666666,-59.88166666666667,63.758553,-36.81103,-14.310675,*,G5V
HD 153701, ,17,0,28.6,+,15,9,33,35,31,8.018,0.425,2.582,0.0,3.742,-0.14,37,5.16,0.36,0.0,0.0,0.0,0.87,0.83,0.95,-17.4,0.2,0.4,2,1071,0.322,2,48,129,1,26.8,1.0,-27,11,-8,7.974,0.019,7.85,9.22,0.08,0.03,255.11916666666664,15.159166666666668,25.979565,18.191086,19.056408,PM*,G5V
HD 154159, ,16,57,13.3,+,71,27,47,103,35,8.149,0.391,2.603,0.009,3.759,-0.12,51,4.63,0.49,9.3,4.7,13.9,0.96,0.9,1.02,-16.9,0.2,0.2,3,2225,0.591,3,-191,85,1,19.8,0.7,-25,-42,21,8.009,0.029,5.97,8.07,0.15,0.48,254.30541666666664,71.46305555555556,-9.397724,40.70602,29.2524,PM*,G5
HD 154221, ,17,6,28.9,-,47,50,45,340,-4,8.603,0.411,2.604,0.014,3.752,0.02,61,4.69,0.48,9.6,3.8,14.3,0.96,0.9,1.04,49.5,0.2,0.2,2,355,0.474,3,24,-65,2,16.5,1.4,43,-26,-20,7.943,-0.004,6.17,8.82,0.18,0.19,256.62041666666664,-47.84583333333334,57.181618,-20.812422,-4.2551446,PM*,G3V
HD 154276, ,17,3,49.1,+,17,11,21,37,31,9.115,0.407,2.57,0.0,3.748,-0.47,83,4.51,1.13,15.8,11.6,0.0,0.85,0.83,0.89,-57.0,0.3,0.6,3,3244,0.167,4,-220,-167,1,12.0,1.4,-5,-122,19,7.943,0.043,2.59,7.95,0.51,0.4,255.9545833333333,17.189166666666665,56.818836,42.81606,42.74816,PM*,G1
HD 154325, ,17,2,41.9,+,44,38,12,70,38,8.51,0.412,2.6,0.015,3.751,-0.04,67,4.39,0.85,11.6,8.1,14.5,0.96,0.92,1.02,-29.2,0.2,0.3,2,669,0.338,2,-111,54,1,15.0,0.8,-30,-37,11,7.982,0.041,6.11,8.1,0.14,0.27,255.67458333333335,44.63666666666666,18.057543,49.61269,41.24932,PM*,G5
HD 154345, ,17,2,36.4,+,47,4,54,73,38,6.771,0.449,2.565,0.0,3.73,-0.16,18,5.49,0.29,0.0,0.0,0.0,0.83,0.8,0.92,-47.3,0.1,0.1,16,3618,1.0,2,123,856,2,55.4,0.6,-79,-9,-36,7.996,0.011,6.5,9.9,0.21,0.56,255.65166666666667,47.08166666666667,4.147058,13.564411,11.081907,PM*,G9
HD 154608, ,17,9,22.5,-,53,23,29,336,-8,8.952,0.38,2.62,0.022,3.777,-0.02,68,4.68,-0.07,0.0,0.0,6.1,1.05,0.99,1.1,9.8,0.2,0.1,2,355,0.983,1,35,21,3,14.6,1.5,13,8,-6,7.938,-0.009,7.67,9.1,0.08,0.01,257.34374999999994,-53.39138888888889,61.516537,-27.388914,-9.463771,*,G2IV/V
HD 154656, ,17,6,17.9,+,12,36,24,33,29,8.529,0.458,0.0,0.0,3.73,0.06,43,5.38,0.24,0.0,0.0,0.0,0.87,0.84,0.97,-22.9,0.2,0.2,2,1125,0.475,4,-204,129,2,23.5,1.1,-40,-18,31,7.969,0.021,6.93,8.48,0.1,0.73,256.5745833333333,12.606666666666666,31.541264,20.483137,20.846813,PM*,G5
HD 154682, ,17,8,32.7,-,36,38,34,349,2,7.693,0.384,2.603,0.006,3.763,-0.1,46,4.39,0.62,8.4,5.0,12.1,0.99,0.95,1.05,7.6,0.1,0.2,5,1774,0.829,3,43,-83,2,21.8,1.1,7,-10,-18,7.955,0.002,7.4,8.24,0.05,0.16,257.13624999999996,-36.64277777777778,45.127342,-8.771874,1.6053768,PM*,G5V
HD 154718, ,17,7,1.4,+,4,21,42,25,25,8.693,0.36,2.63,0.024,3.785,-0.15,68,4.43,0.12,2.7,0.0,6.7,1.06,1.0,1.12,-22.0,1.0,1.4,2,82,0.025,12,-31,-20,2,0.0,0.0,-16,-19,-4,7.944,0.029,7.12,7.97,0.06,0.05,256.7558333333333,4.361666666666666,55.85478,26.045511,28.738043,*,G0V
HD 154931, ,17,8,21.4,+,4,25,28,25,25,7.259,0.389,2.591,-0.01,3.761,-0.12,55,3.56,1.52,6.5,5.6,7.6,1.12,1.08,1.17,-18.9,0.2,0.2,4,3686,0.769,3,-52,-203,1,18.2,1.0,12,-53,-20,7.955,0.023,5.31,8.05,0.21,0.19,257.08916666666664,4.424444444444445,45.17666,21.066223,23.244005,PM*,G0V
HD 154994,*,17,10,8.2,-,29,58,24,355,6,9.512,0.451,0.0,0.0,3.734,0.12,68,5.35,0.14,0.0,0.0,0.0,0.93,0.86,0.99,-58.4,0.3,0.3,2,717,0.395,1,-76,-103,3,14.7,1.5,-60,-38,-7,7.933,0.007,5.72,8.57,0.2,0.01,257.53416666666664,-29.973333333333333,67.37014,-5.894143,7.1079354,PM*,G8/K0V
HD 155059, ,17,7,8.0,+,44,15,19,70,37,8.073,0.376,2.635,0.045,3.793,0.0,130,2.31,1.91,1.9,1.6,2.2,1.58,1.49,1.66,-8.2,0.2,0.3,4,1061,0.718,6,-59,-32,1,7.7,0.7,11,-33,23,7.964,0.078,6.3,8.11,0.13,0.53,256.7833333333333,44.25527777777778,35.50943,97.561356,78.23595,PM*,G5
HD 155105, ,17,10,0.0,-,8,31,27,13,18,8.889,0.474,2.559,0.0,3.717,-0.56,80,4.37,1.92,0.0,0.0,0.0,0.0,0.0,0.0,-32.8,0.2,0.4,5,5029,0.343,2,-15,-75,2,12.5,1.1,-20,-33,-20,7.926,0.025,6.31,7.96,0.12,0.19,257.5,-8.524166666666668,74.13448,17.115294,24.72136,PM*,G8V
HD 155107, ,17,10,12.3,-,16,10,22,6,14,8.238,0.367,2.594,-0.006,3.768,-0.37,70,4.01,1.12,8.9,6.2,11.8,0.99,0.93,1.04,90.5,0.2,0.2,2,668,0.58,5,28,-136,2,0.0,0.0,99,-21,-10,7.932,0.017,5.49,10.79,0.33,0.05,257.55125,-16.172777777777778,67.54862,7.0996466,16.934532,PM*,G1V
HD 155114, ,17,11,51.2,-,45,52,27,342,-4,7.53,0.396,2.609,0.013,3.756,-0.12,35,4.79,0.4,9.5,2.5,15.4,0.94,0.87,1.02,12.3,0.2,0.4,7,2980,0.133,4,-61,-103,1,28.3,1.0,6,-23,-2,7.966,-0.002,6.84,8.1,0.08,0.07,257.9633333333333,-45.87416666666667,33.205894,-10.789247,-2.4414766,PM*,G3V
HD 155221,*,17,12,17.7,-,43,29,41,344,-2,8.552,0.445,0.0,0.0,3.735,-0.15,88,3.82,1.85,9.5,7.3,12.1,1.03,0.93,1.08,-49.7,0.2,0.3,2,292,0.315,3,17,-122,2,11.3,1.2,-59,-23,-34,7.915,-0.004,6.35,8.77,0.16,0.47,258.07374999999996,-43.49472222222222,84.5395,-24.241325,-3.0711555,PM*,G5V
HD 155318, ,17,11,33.0,-,18,20,44,5,12,8.62,0.366,2.609,0.008,3.769,-0.36,76,4.22,0.88,8.6,5.3,12.3,0.97,0.9,1.03,-14.9,0.3,0.3,2,352,0.389,5,-5,-97,2,0.0,0.0,-8,-31,-21,7.926,0.016,6.47,7.93,0.1,0.21,257.88749999999993,-18.345555555555553,74.056335,6.4790893,15.80129,PM*,G1V
HD 155358, ,17,9,34.6,+,33,21,21,56,35,7.282,0.367,2.587,-0.001,3.764,-0.72,43,4.09,1.37,11.9,9.5,14.1,0.89,0.86,0.93,-9.1,0.3,0.1,3,395,0.921,2,-221,-218,2,23.0,0.7,29,-53,24,7.98,0.025,5.28,8.3,0.22,0.56,257.39416666666665,33.35583333333334,19.696753,29.201637,24.663788,PM*,G0
HD 155415, ,17,12,31.2,-,25,13,37,359,8,8.316,0.366,2.643,0.034,3.797,0.29,86,3.49,0.43,1.8,0.3,3.3,1.33,1.27,1.38,-5.9,0.2,0.3,2,1092,0.411,9,-6,-54,2,11.6,1.3,-4,-20,-11,7.915,0.012,7.04,7.93,0.06,0.06,258.12999999999994,-25.22694444444444,85.150085,-1.4863175,11.968887,PM*,G2V
HD 155541, ,17,9,47.6,+,49,15,59,76,36,8.323,0.353,2.634,0.023,3.793,-0.06,112,2.98,1.3,2.6,2.2,3.1,1.34,1.25,1.43,-23.3,0.3,0.2,2,68,0.648,13,-9,21,2,0.0,0.0,-16,-18,-10,7.978,0.067,7.18,8.0,0.05,0.08,257.44833333333327,49.26638888888889,21.920519,87.9184,65.83195,*,G5
HD 155579, ,17,11,12.1,+,30,57,22,54,34,8.098,0.304,2.671,0.025,3.816,-0.16,84,3.37,0.49,2.2,1.3,2.9,1.28,1.23,1.34,-7.4,0.7,1.0,2,1915,0.317,21,7,51,2,11.9,0.8,-21,6,-2,7.959,0.047,7.88,8.78,0.05,0.09,257.80041666666665,30.95611111111111,40.93287,56.339264,46.972202,PM*,G0
HD 155755, ,17,15,30.6,-,42,46,41,345,-3,8.534,0.389,2.617,0.025,3.775,0.02,91,3.63,0.99,3.9,2.9,6.7,1.15,1.08,1.24,-2.4,0.4,0.6,2,355,0.08,2,7,-27,2,11.0,1.2,-4,-7,-9,7.912,-0.004,7.72,8.01,0.02,0.03,258.8775,-42.778055555555554,87.77878,-23.520275,-4.7625723,*,G2V
HD 155827, ,17,15,49.9,-,40,33,5,347,-1,9.122,0.37,2.609,0.013,3.766,-0.41,70,4.9,0.31,3.7,0.0,12.8,0.92,0.84,0.98,-42.5,0.3,0.3,2,355,0.4,2,-1,-54,2,14.3,1.7,-45,-6,-10,7.932,-0.002,7.16,8.82,0.1,0.04,258.9579166666666,-40.55138888888889,68.19552,-15.744174,-1.2216684,PM*,G1V
HD 155856,*,17,16,48.2,-,50,39,26,339,-7,9.209,0.393,0.0,0.0,3.761,0.04,93,4.38,0.56,7.5,3.4,10.8,1.03,0.97,1.1,-12.3,0.5,0.6,2,294,0.064,3,-78,-125,2,10.8,1.3,-34,-56,-2,7.914,-0.012,5.13,8.03,0.22,0.08,259.2008333333333,-50.657222222222224,86.17581,-33.079807,-11.333849,PM*,G5V
HD 155859, ,17,5,59.9,+,75,6,12,107,33,7.379,0.369,2.614,0.013,3.769,-0.29,49,3.92,1.12,8.9,7.6,10.3,1.01,0.98,1.05,-40.9,0.3,0.4,2,737,0.317,4,-110,1,2,20.3,0.6,6,-48,-2,8.012,0.027,5.61,8.07,0.18,0.08,256.49958333333325,75.10333333333332,-12.014974,39.299206,26.687313,PM*,G0
HD 155877, ,17,12,39.2,+,37,12,52,61,35,8.266,0.357,2.614,0.003,3.775,-0.49,114,2.99,2.08,4.6,3.8,5.5,1.16,1.1,1.22,-11.1,0.2,0.4,4,1853,0.532,3,-23,-45,2,8.8,0.7,16,-25,0,7.955,0.065,6.61,8.23,0.11,0.13,258.1633333333333,37.214444444444446,45.273132,81.674904,65.38772,PM*,G0
HD 155918, ,17,22,12.6,-,75,20,53,317,-21,7.013,0.386,2.587,0.017,3.754,-0.66,28,4.78,0.85,14.6,7.7,0.0,0.82,0.8,0.87,59.7,0.2,0.5,4,4641,0.064,5,-958,-253,2,35.8,0.7,6,-127,69,7.981,-0.01,2.64,8.01,0.5,2.45,260.55249999999995,-75.34805555555555,19.117771,-17.827606,-10.034303,PM*,G2VFe-1.0CH-0.6
HD 155921, ,17,12,22.9,+,43,44,14,69,36,7.243,0.43,2.587,0.025,3.752,-0.14,55,3.45,1.85,6.0,5.3,6.7,1.15,1.11,1.19,-46.4,0.2,0.3,2,674,0.349,2,32,180,1,18.3,0.6,-57,-16,-31,7.984,0.032,6.67,8.93,0.14,0.4,258.0954166666666,43.73722222222222,15.945918,41.54053,32.32819,PM*,G5
HD 155952, ,17,9,2.1,+,69,6,15,100,34,8.382,0.292,2.648,-0.002,3.808,-0.38,97,3.45,0.78,3.0,2.3,3.6,1.19,1.12,1.25,-25.4,0.3,0.3,2,389,0.553,4,-71,22,2,10.3,0.7,-11,-40,10,8.014,0.055,6.07,8.01,0.14,0.27,257.25874999999996,69.10416666666666,-13.964206,79.19494,54.24171,PM*,G0
HD 155968, ,17,14,58.0,-,2,30,11,19,20,8.412,0.423,2.59,0.0,3.747,0.09,53,4.79,0.43,9.8,3.9,15.0,0.96,0.9,1.04,-30.2,0.2,0.4,7,2515,0.283,3,-52,13,1,18.9,1.2,-30,-15,2,7.953,0.018,7.16,8.23,0.07,0.13,258.7416666666667,-2.5030555555555556,47.09033,16.2145,18.127066,PM*,G3V
HD 155975,*,17,17,23.4,-,49,11,56,340,-7,9.67,0.433,0.0,0.0,3.737,-0.16,66,5.56,0.08,0.0,0.0,0.0,0.86,0.81,0.92,32.2,0.3,0.2,2,294,0.703,5,58,-31,3,15.1,1.6,29,-8,-24,7.938,-0.007,7.03,8.88,0.12,0.26,259.34749999999997,-49.19888888888889,61.557426,-22.405087,-8.043377,PM*,G8V
HD 156062, ,17,16,29.8,-,27,33,55,358,6,8.231,0.37,2.617,0.007,3.769,-0.13,59,4.38,0.52,7.2,3.6,10.6,1.01,0.96,1.07,43.3,0.3,0.3,2,1092,0.475,5,-73,-122,2,17.0,1.1,42,-41,2,7.942,0.006,5.59,8.59,0.21,0.14,259.1241666666666,-27.56527777777778,58.64105,-2.0477965,6.1671796,PM*,G1V
HD 156114, ,17,16,4.7,-,8,2,47,14,17,8.894,0.406,2.573,0.0,3.754,-0.1,86,4.22,1.0,10.4,7.5,13.4,0.97,0.91,1.04,20.0,0.2,0.1,2,350,0.852,4,11,-139,2,0.0,0.0,39,-37,-26,7.92,0.025,5.75,8.55,0.2,0.3,259.0195833333333,-8.046388888888888,79.79926,19.896193,25.143965,PM*,G2V
HD 156152, ,17,17,19.1,-,32,3,57,354,3,8.15,0.405,2.623,0.036,3.777,0.38,62,4.03,0.24,2.3,0.3,4.0,1.2,1.17,1.24,-39.3,0.3,0.4,2,1071,0.163,3,95,-106,2,16.1,1.1,-38,-6,-43,7.938,0.004,7.35,8.69,0.08,0.67,259.32958333333335,-32.06583333333333,61.57585,-6.4718947,3.2448294,PM*,G3V
HD 156426, ,17,20,10.9,-,49,55,3,340,-7,8.45,0.38,2.62,0.023,3.777,-0.03,68,4.2,0.42,4.8,1.7,7.6,1.08,1.02,1.15,-17.9,0.4,0.5,2,355,0.123,3,-15,-43,2,14.8,1.3,-22,-7,-2,7.937,-0.009,7.59,8.16,0.04,0.08,260.0454166666666,-49.9175,63.422802,-23.084028,-8.287116,*,G1V
HD 156617, ,17,18,39.2,-,1,30,35,20,20,8.019,0.402,2.593,0.007,3.753,-0.26,59,4.16,1.22,11.9,10.0,14.1,0.95,0.91,1.01,-102.6,0.1,0.3,7,2687,0.499,2,-103,54,1,16.9,1.0,-100,-40,-5,7.948,0.02,5.18,9.61,0.3,0.04,259.6633333333333,-1.5097222222222222,52.09831,18.962233,20.179188,PM*,G3V
HD 156823, ,17,19,24.6,+,9,14,54,31,25,8.601,0.363,2.628,0.014,3.773,-0.14,72,4.31,0.5,6.3,2.2,9.6,1.02,0.97,1.09,-14.7,0.4,0.3,2,252,0.598,16,-2,13,3,0.0,0.0,-14,-4,-4,7.944,0.03,7.87,8.09,0.01,0.06,259.85249999999996,9.248333333333333,55.93373,33.608376,30.428516,*,G0
HD 156968, ,17,20,11.6,+,9,27,39,31,25,7.943,0.381,2.613,0.018,3.763,-0.23,55,4.23,0.9,10.8,6.9,13.2,0.98,0.95,1.03,-11.5,0.3,0.7,4,724,0.02,3,-25,-309,2,18.1,1.0,41,-64,-31,7.957,0.023,4.69,8.4,0.28,0.4,260.0483333333333,9.460833333333333,42.727158,25.673065,23.244005,PM*,G0V
HD 157067, ,17,20,28.6,+,15,59,53,38,27,8.095,0.334,2.644,0.025,3.803,-0.18,114,2.71,1.46,2.3,2.0,2.7,1.4,1.31,1.48,-63.4,0.5,0.8,4,1840,0.627,28,-16,16,1,8.8,1.0,-52,-34,-19,7.92,0.052,5.98,8.41,0.17,0.19,260.1191666666666,15.998055555555554,80.04199,62.53566,51.754917,*,G5
HD 157068, ,17,20,36.2,+,15,9,33,37,27,7.133,0.38,2.625,0.034,3.787,0.05,135,1.33,2.98,0.0,0.0,0.0,0.0,0.0,0.0,-8.9,0.7,0.9,2,1159,0.369,26,11,-33,2,7.4,0.9,9,-14,-17,7.904,0.061,7.15,8.17,0.07,0.16,260.1508333333333,15.159166666666668,96.06458,72.38985,61.288715,*,G0III
HD 157347, ,17,22,51.2,-,2,23,17,20,18,6.287,0.425,2.596,0.0,3.745,-0.04,19,4.84,0.53,13.2,6.9,0.0,0.9,0.87,0.96,-36.5,0.1,0.4,28,3709,0.165,1,50,-107,2,51.4,0.9,-27,-17,-20,7.983,0.006,7.11,8.18,0.07,0.19,260.7133333333333,-2.3880555555555554,16.980314,6.180329,5.871323,PM*,G3V
HD 157637, ,17,23,53.0,+,13,5,58,35,25,8.06,0.461,0.0,0.0,3.728,-0.1,41,5.01,0.76,0.0,0.0,0.0,0.0,0.0,0.0,-50.6,0.2,0.1,2,1110,0.85,5,-32,86,2,24.6,1.0,-49,-19,-10,7.97,0.017,6.65,8.62,0.13,0.05,260.9708333333333,13.099444444444446,30.438559,21.313309,17.327349,PM*,G5
HD 157664, ,17,18,58.4,+,68,52,40,100,33,7.981,0.346,2.609,-0.01,3.78,-0.23,84,3.36,1.37,5.1,4.5,6.0,1.16,1.11,1.24,6.8,0.4,0.4,2,387,0.441,13,32,6,2,11.9,0.6,-2,13,-7,8.012,0.046,7.98,9.25,0.07,0.05,259.7433333333333,68.87777777777777,-12.233225,69.37806,45.74968,*,G0
HD 157830, ,17,27,21.9,-,38,3,41,350,-2,7.883,0.428,2.583,0.0,3.738,-0.24,31,5.41,0.27,0.0,0.0,0.0,0.84,0.8,0.92,-23.4,0.1,0.2,6,2976,0.765,2,-174,-13,2,32.0,1.2,-25,-12,21,7.969,-0.001,7.41,8.2,0.05,0.47,261.84124999999995,-38.061388888888885,30.510443,-5.3798223,-1.0818844,PM*,G6V
HD 157882, ,17,26,6.9,-,5,25,11,18,16,9.592,0.461,0.0,0.0,3.73,0.11,71,5.34,0.24,0.0,0.0,0.0,0.9,0.85,0.97,-65.5,0.2,0.1,2,350,0.948,1,-46,-50,2,0.0,0.0,-54,-42,-14,7.935,0.02,5.64,8.4,0.2,0.1,261.52874999999995,-5.419722222222222,64.90921,21.09028,19.570253,PM*,G6V
HD 157887, ,17,27,55.1,-,42,24,30,347,-4,8.357,0.399,2.61,0.03,3.771,-0.08,88,3.49,1.32,5.5,4.2,7.0,1.13,1.08,1.22,-20.7,0.2,0.2,4,1891,0.666,3,26,-81,2,11.3,1.2,-27,-17,-27,7.914,-0.006,7.08,8.1,0.07,0.3,261.9795833333333,-42.40833333333333,85.5357,-19.747469,-6.1385694,PM*,G3V
HD 157893, ,17,23,12.2,+,51,33,19,79,34,8.879,0.385,2.607,0.017,3.761,-0.24,70,4.64,0.54,10.2,5.1,15.1,0.94,0.86,1.0,-14.0,0.5,0.7,2,1001,0.062,3,-70,52,2,14.2,0.8,-21,-21,12,7.989,0.04,7.0,8.06,0.07,0.29,260.8008333333333,51.555277777777775,11.073152,56.966408,39.1435,PM*,G5
HD 157896, ,17,25,39.3,+,7,30,5,30,22,7.893,0.43,2.594,0.033,3.763,0.17,94,2.89,1.9,3.0,2.4,4.4,1.48,1.42,1.52,-30.5,0.3,0.4,2,1149,0.239,2,-35,-8,2,6.6,0.9,-24,-25,0,7.925,0.036,6.69,8.01,0.09,0.11,261.41375,7.501388888888889,75.47868,43.57764,35.21302,*,G0
HD 158039, ,17,27,11.9,-,7,19,0,16,15,8.388,0.401,2.583,0.006,3.752,-0.34,62,4.42,1.05,14.3,10.9,0.0,0.87,0.84,0.95,-5.2,0.2,0.4,5,3236,0.222,2,-140,-131,2,16.1,1.1,7,-54,14,7.942,0.016,5.27,8.0,0.21,0.33,261.7995833333333,-7.316666666666666,57.567467,16.507206,16.046782,PM*,G3V
HD 158096, ,17,24,37.1,+,50,41,8,78,34,7.575,0.444,2.592,0.0,3.736,-0.15,57,3.79,1.86,8.6,7.7,9.6,1.05,1.02,1.09,-0.8,0.3,0.4,2,228,0.205,1,-78,-103,1,17.5,0.6,26,-18,16,7.99,0.032,6.8,8.6,0.12,0.39,261.1545833333333,50.68555555555555,9.824895,46.222504,31.873995,PM*,G5
HD 158173, ,17,28,49.9,-,26,43,46,0,4,8.639,0.404,2.639,0.059,3.792,0.53,76,3.99,-0.06,0.6,0.0,1.8,1.24,1.2,1.29,-62.4,0.5,0.7,2,998,0.044,4,17,-50,2,13.2,1.3,-61,-13,-20,7.924,0.006,6.64,9.05,0.15,0.21,262.2079166666666,-26.729444444444443,75.81487,0.0,5.3014917,PM*,G1/2V
HD 158198, ,17,29,25.5,-,33,45,38,354,0,8.522,0.429,2.59,0.0,3.74,-0.13,45,5.27,0.28,0.0,0.0,0.0,0.87,0.83,0.95,1.2,0.1,0.3,6,2974,0.475,4,30,-69,2,22.4,1.3,1,-9,-13,7.956,0.0,7.58,8.13,0.04,0.09,262.35625,-33.760555555555555,44.753483,-4.703789,0.0,PM*,G5V
HD 158210, ,17,27,6.6,+,21,43,10,44,28,8.032,0.371,2.618,0.01,3.771,-0.11,60,4.16,0.67,6.8,4.1,9.8,1.04,0.98,1.1,-21.1,0.3,0.5,2,752,0.217,7,-32,-2,1,16.8,1.1,-14,-18,-2,7.962,0.028,7.17,7.97,0.05,0.07,261.7775,21.71944444444444,38.108356,36.800816,28.168295,*,G0
HD 158221, ,17,34,1.5,-,69,58,58,323,-19,8.226,0.42,2.615,0.06,3.778,-0.04,95,3.08,1.53,3.1,2.5,5.0,1.27,1.14,1.4,0.7,1.2,1.8,2,1156,0.103,26,-8,-49,2,5.4,0.9,-14,-16,-7,7.928,-0.031,7.24,7.94,0.05,0.03,263.50624999999997,-69.98277777777778,71.73685,-54.057587,-30.928974,PM*,G0IV
HD 158259, ,17,25,24.0,+,52,47,26,80,34,6.477,0.392,2.602,0.011,3.759,-0.13,27,4.31,0.82,12.0,6.7,13.8,0.98,0.94,1.04,13.3,0.2,0.1,2,682,0.735,4,-90,-51,2,36.8,0.5,7,3,17,7.996,0.015,7.78,8.85,0.06,0.41,261.35,52.79055555555556,3.8869445,22.043953,15.098208,PM*,G0
HD 158331, ,17,27,35.0,+,27,1,32,50,29,8.685,0.456,0.0,0.0,3.729,-0.08,51,5.15,0.59,0.0,11.1,0.0,0.87,0.84,0.91,-72.5,0.2,0.1,2,1005,0.983,2,-8,371,2,19.6,1.1,-115,-5,-10,7.972,0.025,5.99,11.28,0.31,0.07,261.8958333333333,27.025555555555556,28.67193,34.169876,24.72529,PM*,G5
HD 158415, ,17,27,13.9,+,42,13,4,68,33,8.311,0.413,2.599,0.0,3.75,-0.04,51,4.78,0.48,11.1,5.2,16.5,0.91,0.87,1.0,-2.1,0.3,0.4,2,689,0.242,5,77,-6,2,19.7,0.7,2,8,-17,7.984,0.028,7.9,8.97,0.06,0.15,261.8079166666666,42.217777777777776,16.022749,39.65769,27.776592,PM*,G3V
HD 158420, ,17,29,58.3,-,17,48,52,8,9,7.67,0.369,2.631,0.026,3.786,0.06,76,3.14,1.18,2.7,2.4,3.1,1.36,1.29,1.42,27.9,0.2,0.3,2,448,0.396,7,-30,-82,2,13.1,1.0,33,-26,-2,7.925,0.012,6.29,8.56,0.15,0.08,262.49291666666664,-17.814444444444444,74.33379,10.446934,11.88902,PM*,G0V
HD 158630, ,17,34,5.2,-,59,46,32,332,-14,7.605,0.385,2.585,0.0,3.759,-0.36,37,4.76,0.57,11.3,4.5,0.0,0.87,0.83,0.97,-25.4,0.2,0.5,7,1912,0.033,3,-46,-405,2,27.0,0.9,-57,-45,-22,7.968,-0.009,5.51,8.48,0.21,0.23,263.52166666666665,-59.775555555555556,31.698652,-16.85447,-8.951111,PM*,G0V
HD 158651, ,17,51,51.8,-,84,6,40,309,-25,7.641,0.379,2.613,0.019,3.766,-0.22,73,3.32,1.73,5.3,4.7,6.1,1.19,1.12,1.25,36.7,0.2,0.4,5,1570,0.242,5,12,-7,1,13.7,0.7,19,-25,-20,7.958,-0.031,6.57,8.3,0.12,0.2,267.9658333333333,-84.1111111111111,41.63613,-51.416344,-30.851133,*,G0V
HD 158809, ,17,31,25.4,-,2,32,19,21,17,8.152,0.426,2.561,0.0,3.736,-0.73,75,3.77,2.25,11.7,9.3,14.6,0.92,0.84,0.97,4.0,0.2,0.3,5,2411,0.533,2,-274,-107,1,13.3,1.3,16,-81,65,7.933,0.021,4.34,8.04,0.3,1.88,262.8558333333333,-2.538611111111111,66.95905,25.703173,21.927877,PM*,G3V
HD 158917, ,17,31,5.8,+,21,1,16,44,27,8.082,0.336,2.632,0.007,3.786,-0.23,65,4.02,0.58,4.7,2.6,7.0,1.07,1.02,1.14,-1.1,0.4,0.1,2,1907,0.845,9,-75,-76,1,15.4,1.2,16,-26,11,7.958,0.029,6.54,8.22,0.11,0.29,262.7741666666666,21.02111111111111,41.66087,40.231438,29.509382,PM*,G0
HD 159063, ,17,31,54.1,+,16,49,26,40,25,6.985,0.339,2.652,0.023,3.802,0.2,50,3.38,0.47,2.2,1.2,3.1,1.38,1.33,1.42,-6.7,0.3,0.2,2,748,0.745,13,-37,-20,2,19.9,0.9,-2,-12,3,7.965,0.021,7.51,8.05,0.03,0.15,262.9754166666666,16.823888888888888,34.7136,29.128168,21.130913,*,G0V
HD 159067, ,17,33,25.8,-,20,46,46,5,7,8.83,0.414,2.606,0.0,3.754,0.14,91,4.03,1.0,7.7,5.7,10.0,1.1,1.02,1.16,-8.6,0.4,0.5,2,352,0.091,2,2,-75,1,0.0,0.0,-3,-27,-19,7.91,0.011,6.61,7.93,0.09,0.17,263.35749999999996,-20.779444444444444,89.978004,7.8720546,11.090111,PM*,G3V
HD 159122, ,17,32,57.7,-,3,21,17,21,16,8.535,0.382,2.595,0.013,3.76,-0.42,70,4.31,1.04,11.7,7.8,15.3,0.9,0.84,0.98,-69.1,0.2,0.2,2,350,0.546,1,-57,-35,2,0.0,0.0,-58,-43,-9,7.937,0.019,5.54,8.46,0.21,0.03,263.2404166666667,-3.354722222222222,62.819054,24.113976,19.294615,PM*,G2V
HD 159162,*,17,34,38.1,-,33,39,49,355,-1,8.962,0.381,0.0,0.0,3.766,-0.06,101,3.94,0.97,7.2,5.0,9.5,1.05,0.99,1.12,-7.2,0.4,0.5,2,1598,0.151,5,-41,-49,2,9.5,1.3,-9,-30,4,7.899,-0.001,6.48,7.9,0.1,0.16,263.65874999999994,-33.66361111111111,100.60034,-8.801418,-1.7626929,PM*,G3/8(V)+(F)
HD 159222, ,17,32,0.9,+,34,16,16,59,30,6.528,0.406,2.599,0.006,3.756,0.09,24,4.65,0.37,7.6,2.5,11.8,1.03,0.95,1.08,-52.0,0.1,0.2,15,3013,0.977,3,-240,63,2,42.2,0.6,-31,-50,-2,7.989,0.012,5.47,8.09,0.19,0.07,263.00375,34.27111111111111,10.7048645,17.815887,12.0,PM*,G1V
HD 159264,*,17,37,53.6,-,61,46,50,331,-16,9.51,0.439,0.0,0.0,3.732,-0.33,60,5.61,0.26,0.0,0.0,0.0,0.82,0.78,0.88,-15.6,0.3,0.1,2,294,0.913,4,31,-2,2,16.6,1.3,-13,11,-4,7.949,-0.016,7.94,9.05,0.07,0.06,264.47333333333336,-61.78055555555555,50.44431,-27.961725,-16.538242,*,G6/8V
HD 159333, ,17,33,52.8,+,8,6,13,31,21,7.852,0.371,2.603,0.0,3.768,-0.45,94,2.98,2.22,4.6,3.6,5.7,1.16,1.09,1.24,-29.2,0.5,0.7,2,749,0.079,6,-19,-58,2,10.6,1.0,-8,-37,-14,7.925,0.034,6.15,7.93,0.13,0.1,263.46999999999997,8.10361111111111,75.22205,45.19797,33.68659,PM*,G0
HD 159644, ,17,35,1.8,+,18,13,22,42,25,8.271,0.413,2.617,0.051,3.778,0.06,102,3.01,1.51,2.8,2.3,3.4,1.36,1.26,1.46,-21.6,0.9,1.3,2,1161,0.026,11,-19,13,2,3.7,1.1,-20,-14,1,7.931,0.043,7.32,8.02,0.05,0.12,263.75749999999994,18.222777777777775,68.69882,61.856705,43.107063,*,G5
HD 159784, ,17,37,51.0,-,30,54,34,357,0,8.301,0.367,2.628,0.01,3.781,0.32,133,2.68,1.55,2.1,1.7,2.9,1.45,1.4,1.51,-8.8,0.3,0.1,2,718,0.985,10,-5,-20,2,8.0,1.1,-9,-12,-5,7.867,0.001,7.45,7.87,0.03,0.04,264.4625,-30.909444444444443,132.81772,-6.960683,0.0,*,G0V
HD 159830, ,17,43,59.4,-,73,3,54,320,-21,8.701,0.392,2.604,0.04,3.775,-0.4,111,3.3,1.7,5.8,4.5,7.3,1.08,1.03,1.16,-22.7,0.4,0.6,2,1852,0.136,6,36,-103,2,9.0,1.1,-54,-10,-28,7.92,-0.04,6.86,8.95,0.13,0.35,265.99749999999995,-73.065,79.3832,-66.61044,-39.778843,PM*,G1V
HD 159882,*,17,38,23.6,-,32,0,31,357,0,9.461,0.45,0.0,0.0,3.729,-0.15,66,5.36,0.43,0.0,0.0,0.0,0.85,0.81,0.91,12.3,0.3,0.1,2,5,0.749,9,27,-26,2,0.0,0.0,12,-3,-11,7.934,0.0,7.5,8.57,0.07,0.06,264.5983333333333,-32.00861111111111,65.909546,-3.4541736,0.0,*,G6IV/V
HD 159888, ,17,36,25.0,+,18,31,44,42,25,8.804,0.401,2.588,0.011,3.752,-0.31,79,4.32,1.12,13.1,9.7,17.0,0.88,0.84,0.97,-91.6,0.3,0.4,2,693,0.234,4,46,-25,1,0.0,0.0,-54,-52,-56,7.947,0.033,5.32,8.37,0.22,1.05,264.10416666666663,18.528888888888886,53.207912,47.908623,33.386845,PM*,G
HD 159902,*,17,39,27.8,-,45,53,11,345,-8,8.454,0.405,0.0,0.0,3.748,-0.38,48,5.07,0.51,13.2,0.6,0.0,0.84,0.81,0.92,9.4,0.3,0.4,2,294,0.249,2,125,-79,2,21.0,1.2,5,-2,-34,7.954,-0.006,7.71,8.5,0.05,0.46,264.8658333333333,-45.88638888888889,45.91322,-12.302423,-6.6803093,PM*,G5V
HD 159909, ,17,36,50.2,+,10,34,28,34,21,7.285,0.429,2.601,0.0,3.743,-0.08,37,4.47,0.98,14.9,11.7,17.1,0.92,0.89,0.96,-77.3,0.2,0.3,2,993,0.374,2,-149,-9,2,27.3,0.9,-59,-55,-7,7.972,0.013,5.04,8.44,0.25,0.01,264.20916666666665,10.574444444444444,28.637009,19.315905,13.259614,PM*,G5
HD 160011, ,17,28,19.5,+,76,42,34,108,31,8.681,0.34,2.654,0.033,3.804,0.01,114,3.26,0.71,2.4,1.8,2.9,1.33,1.28,1.38,-12.4,0.3,0.1,2,730,0.796,5,28,10,2,8.8,0.6,-1,-3,-20,8.031,0.059,7.87,8.36,0.03,0.2,262.0812499999999,76.70944444444444,-30.196228,92.93446,58.71434,*,G0
HD 160013, ,17,36,55.7,+,19,55,20,44,25,8.494,0.477,0.0,0.0,3.723,0.12,42,5.4,0.32,0.0,0.0,0.0,0.88,0.84,0.97,0.9,0.2,0.3,2,378,0.351,1,-107,-81,1,24.0,1.2,12,-20,13,7.973,0.018,6.92,8.23,0.09,0.32,264.2320833333333,19.922222222222224,27.381617,26.442122,17.749968,PM*,G5
HD 160017, ,17,38,1.1,-,9,1,48,16,12,7.983,0.366,2.609,0.003,3.771,-0.25,67,3.85,1.11,7.9,6.0,9.7,1.03,0.98,1.1,-54.8,0.3,0.6,3,1434,0.072,7,-29,-53,2,14.9,1.3,-46,-33,-12,7.937,0.014,6.07,8.32,0.16,0.07,264.5045833333333,-9.030000000000001,62.99714,18.064138,13.930084,PM*,G0V
HD 160113, ,17,40,50.2,-,49,57,29,341,-10,7.307,0.432,2.582,0.025,3.752,-0.12,74,2.87,2.41,3.4,2.9,4.0,1.3,1.26,1.35,-21.4,0.1,0.2,5,1896,0.563,2,117,-185,2,13.6,1.0,-41,-24,-64,7.931,-0.013,6.73,8.4,0.11,1.22,265.20916666666665,-49.95805555555556,68.905396,-23.72602,-12.849965,PM*,G5V
HD 160411, ,17,41,15.6,-,34,58,9,354,-2,7.809,0.415,2.619,0.044,3.776,0.29,90,2.85,1.51,2.5,1.9,4.6,1.45,1.4,1.5,-25.1,0.2,0.3,4,1891,0.378,3,-28,-40,2,11.1,1.2,-26,-19,2,7.91,-0.004,6.96,8.07,0.07,0.13,265.315,-34.969166666666666,89.452446,-9.401848,-3.1409545,*,G1V
HD 160420, ,17,37,55.1,+,41,0,39,67,31,8.057,0.372,2.606,0.01,3.765,-0.36,55,4.37,0.82,9.2,6.0,14.5,0.95,0.87,1.01,-5.6,0.4,0.6,2,1090,0.089,2,120,9,1,18.3,0.7,-3,13,-29,7.981,0.028,7.96,9.27,0.08,0.37,264.4795833333333,41.01083333333333,18.420712,43.396465,28.327093,PM*,G5
HD 160553,*,17,43,10.8,-,49,20,9,342,-10,9.339,0.461,0.0,0.0,3.725,-0.33,57,5.56,0.44,0.0,0.0,0.0,0.81,0.77,0.86,45.1,0.3,0.5,2,284,0.246,2,50,-58,2,0.0,0.0,37,-19,-27,7.947,-0.01,6.53,8.84,0.15,0.32,265.79499999999996,-49.33583333333333,53.386646,-17.346369,-9.897946,PM*,G6V
HD 160662, ,17,41,45.5,-,13,18,55,13,9,7.716,0.445,2.605,0.0,3.736,-0.06,34,5.06,0.52,17.1,4.9,0.0,0.88,0.84,0.94,2.4,0.2,0.4,7,2127,0.068,3,-1,48,2,0.0,0.0,0,7,4,7.967,0.005,7.9,8.84,0.06,0.18,265.4395833333333,-13.315277777777778,32.720715,7.554172,5.3187723,*,G6V
HD 160693, ,17,39,36.8,+,37,11,1,62,30,8.396,0.384,2.577,0.0,3.756,-0.65,55,4.71,0.87,14.2,7.6,0.0,0.82,0.8,0.89,33.9,0.2,0.4,8,3688,0.593,2,-497,-820,2,18.3,0.8,205,-118,84,7.978,0.027,2.27,14.02,0.72,4.67,264.90333333333325,37.183611111111105,22.36159,42.056026,27.5,PM*,G0
HD 160788, ,17,42,19.7,-,15,0,15,12,8,8.314,0.399,2.598,0.02,3.764,-0.3,87,3.53,1.64,7.3,5.6,9.3,1.05,0.98,1.13,13.6,0.2,0.1,2,302,0.873,3,-36,-32,2,0.0,0.0,16,-16,8,7.916,0.012,6.96,8.31,0.09,0.23,265.58208333333334,-15.004166666666666,84.27067,17.912283,12.10806,PM*,G6V
HD 160859, ,17,46,35.9,-,62,45,6,330,-17,7.517,0.393,2.611,0.021,3.757,-0.23,35,4.8,0.47,11.0,3.9,17.6,0.91,0.85,0.99,-6.7,0.2,0.3,5,1922,0.312,3,-48,-383,2,28.6,0.8,-40,-47,-19,7.971,-0.01,5.55,8.17,0.19,0.18,266.6495833333333,-62.751666666666665,28.986444,-16.735338,-10.233009,PM*,G1V
HD 160955, ,17,42,6.0,+,20,9,58,44,24,8.206,0.367,2.631,0.035,3.792,-0.08,114,2.78,1.54,2.4,2.1,2.9,1.4,1.31,1.49,-46.6,0.2,0.5,4,1797,0.344,8,-5,51,1,8.8,1.0,-51,-16,-7,7.926,0.046,6.7,8.71,0.13,0.05,265.5249999999999,20.16611111111111,74.915054,72.34463,46.367977,PM*,G5
HD 161098, ,17,43,44.2,-,3,55,4,21,13,7.674,0.423,2.566,0.0,3.74,-0.28,30,5.29,0.38,0.0,0.0,0.0,0.84,0.81,0.91,-17.2,0.2,0.5,5,3285,0.076,1,-107,-241,2,33.4,1.1,0,-41,-7,7.973,0.007,5.96,8.0,0.15,0.01,265.9341666666666,-3.917777777777778,27.289583,10.47549,6.7485313,PM*,G8V
HD 161174, ,17,45,53.6,-,41,15,45,349,-6,8.158,0.357,2.646,0.036,3.799,0.1,85,3.36,0.63,2.3,1.6,2.9,1.31,1.24,1.38,29.7,0.3,0.2,2,468,0.632,6,37,-38,2,0.0,0.0,26,-10,-24,7.917,-0.01,6.99,8.7,0.11,0.26,266.4733333333333,-41.2625,82.981224,-16.12993,-8.884919,PM*,G0/2V
HD 161237, ,17,39,41.3,+,64,32,11,94,32,8.378,0.443,2.601,0.052,3.763,0.1,82,3.59,1.26,5.7,4.8,6.7,1.18,1.12,1.27,-22.0,0.2,0.3,4,1352,0.517,1,-100,-88,2,12.2,0.7,34,-38,23,8.005,0.043,5.88,8.53,0.18,0.55,264.92208333333326,64.5363888888889,-4.850861,69.370544,43.45338,PM*,G5V
HD 161252, ,17,46,17.5,-,40,43,46,350,-6,8.558,0.395,2.603,0.021,3.767,-0.19,74,4.14,0.86,8.4,5.6,11.3,1.0,0.96,1.06,24.4,0.2,0.3,4,1894,0.39,4,-6,-192,2,13.6,1.5,12,-61,-35,7.928,-0.008,4.96,8.02,0.24,0.47,266.57291666666663,-40.72944444444445,72.47655,-12.779591,-7.7351065,PM*,G2/3V
HD 161256,*,17,48,22.2,-,60,39,38,332,-16,8.347,0.444,0.0,0.0,3.738,-0.01,55,4.64,0.86,15.8,11.4,0.0,0.91,0.88,0.95,12.9,0.2,0.1,2,294,0.986,2,-22,-27,2,18.1,1.0,8,-14,-2,7.953,-0.015,7.23,8.19,0.06,0.08,267.0925,-60.660555555555554,46.680904,-24.820673,-15.160055,*,G6V
HD 161515, ,17,48,1.6,-,43,26,35,348,-8,8.181,0.413,2.593,0.023,3.759,-0.23,77,3.65,1.57,8.0,6.2,10.2,1.03,0.98,1.11,58.2,0.1,0.3,5,1858,0.527,5,-21,13,2,7.7,1.4,58,-11,1,7.925,-0.011,6.38,9.62,0.2,0.14,267.00666666666666,-43.44305555555555,74.58438,-15.853405,-10.71633,*,G3V
HD 161555, ,17,46,31.8,-,7,59,8,18,11,7.356,0.414,2.596,0.019,3.752,-0.05,56,3.63,1.59,7.0,6.0,8.0,1.12,1.07,1.16,71.9,0.2,0.1,3,1436,0.839,4,-2,-150,1,18.0,0.9,82,-7,-4,7.948,0.01,6.12,10.64,0.27,0.05,266.63249999999994,-7.985555555555556,52.280647,16.987011,10.685304,PM*,G2V
HD 161612, ,17,47,57.5,-,34,1,7,356,-3,7.19,0.443,2.595,0.0,3.739,0.13,27,5.04,0.33,10.8,1.3,0.0,0.95,0.88,1.03,2.1,0.3,0.6,4,1733,0.01,2,-205,-563,2,37.2,1.1,-4,-75,-15,7.973,-0.001,4.39,7.98,0.29,0.11,266.9895833333333,-34.01861111111111,26.897318,-1.8808411,-1.4130709,PM*,G8V
HD 161784, ,17,50,30.1,-,54,43,50,338,-14,7.693,0.375,2.613,0.016,3.768,-0.2,62,3.74,1.24,7.5,6.2,8.8,1.07,1.02,1.12,57.9,0.2,0.2,3,2193,0.545,5,-11,-12,2,16.2,1.0,51,-24,-12,7.944,-0.015,6.09,9.09,0.2,0.08,267.6254166666666,-54.730555555555554,55.77784,-22.535711,-14.999158,*,G0V
HD 161788, ,17,48,4.0,-,13,36,41,13,7,8.133,0.395,2.611,0.026,3.772,-0.04,82,3.45,1.3,5.3,3.3,6.8,1.14,1.08,1.24,-41.1,0.2,0.1,2,302,0.758,4,-121,-138,2,0.0,0.0,-24,-78,8,7.921,0.011,4.21,7.95,0.31,0.23,267.01666666666665,-13.611388888888888,79.302795,18.308493,9.993286,PM*,G2/3V
HD 162026,*,17,55,55.0,-,72,41,28,321,-22,9.635,0.411,0.0,0.0,3.746,-0.24,78,5.17,0.34,0.0,0.0,0.0,0.87,0.82,0.94,-23.7,0.4,0.6,2,1218,0.163,6,9,-192,2,12.8,1.5,-66,-31,-19,7.944,-0.029,5.92,8.8,0.2,0.18,268.9791666666667,-72.69111111111111,56.20345,-45.51268,-29.219313,PM*,G5V
HD 162209, ,17,48,13.0,+,38,13,57,64,28,7.795,0.402,2.611,0.025,3.77,0.13,53,4.07,0.58,4.4,3.1,7.2,1.17,1.08,1.21,12.4,0.2,0.1,2,682,0.671,2,58,-76,2,18.9,0.7,22,11,-11,7.979,0.025,7.6,9.57,0.11,0.06,267.0541666666667,38.2325,20.514116,42.060165,24.881994,PM*,G0
HD 162236,*,17,51,7.3,-,27,23,46,2,0,8.899,0.464,0.0,0.0,3.725,-0.06,43,5.72,0.08,0.0,0.0,0.0,0.85,0.8,0.91,-0.7,0.3,0.4,2,1523,0.249,3,-55,-108,2,23.1,1.3,0,-25,-2,7.957,0.0,6.77,8.01,0.08,0.08,267.7804166666666,-27.39611111111111,42.973804,1.5006783,0.0,PM*,G8/K0V
HD 162288,*,17,52,3.9,-,38,15,29,353,-6,8.702,0.421,0.0,0.0,3.746,-0.19,70,4.48,0.99,14.2,10.3,0.0,0.89,0.86,0.96,11.5,0.2,0.3,2,1006,0.345,6,29,16,2,8.6,1.3,12,8,-7,7.931,-0.007,7.69,9.1,0.08,0.01,268.01624999999996,-38.25805555555556,69.09762,-8.484127,-7.3169923,*,G3V
HD 162556, ,17,50,43.5,+,22,10,29,47,23,8.252,0.366,2.629,0.025,3.787,0.0,89,3.4,0.96,3.0,2.5,4.1,1.22,1.13,1.32,10.1,0.3,0.6,4,1136,0.39,14,-16,-69,1,5.8,1.0,29,-12,0,7.944,0.035,6.88,8.76,0.12,0.11,267.6812499999999,22.174722222222222,55.872665,59.916103,34.77507,PM*,G5
HD 162644, ,17,50,33.0,+,35,23,24,61,27,8.446,0.292,2.667,0.012,3.812,-0.22,134,2.81,1.19,2.2,1.9,2.6,1.35,1.26,1.44,-28.3,0.6,0.6,2,252,0.49,16,-7,37,3,6.4,0.9,-34,-16,-3,7.942,0.061,7.03,8.28,0.08,0.08,267.63749999999993,35.39,57.883778,104.42511,60.834724,*,G
HD 162752, ,17,50,55.1,+,37,42,16,63,28,8.097,0.297,2.645,-0.002,3.807,-0.33,100,3.1,1.11,2.7,2.3,3.1,1.27,1.21,1.33,3.3,0.4,0.6,2,387,0.161,7,-15,-82,2,10.0,0.7,37,-14,-1,7.96,0.046,6.7,8.96,0.14,0.11,267.7295833333333,37.70444444444445,40.084984,78.6712,46.94716,PM*,G0
HD 162805,*,17,54,38.6,-,40,20,52,351,-7,8.798,0.411,0.0,0.0,3.753,-0.03,92,3.99,1.19,9.1,6.8,11.6,1.03,0.96,1.08,22.5,0.4,0.6,2,1002,0.065,4,-47,31,2,10.9,1.4,25,-2,22,7.91,-0.012,7.24,8.99,0.11,0.51,268.66083333333324,-40.34777777777778,90.19002,-14.284685,-11.21198,PM*,G3V
HD 162808, ,17,52,25.5,+,11,59,28,37,18,8.423,0.393,2.589,-0.012,3.76,-0.01,62,4.46,0.55,8.3,4.3,12.0,1.0,0.95,1.07,-30.8,0.3,0.2,2,689,0.617,6,-12,39,1,16.1,1.1,-31,-12,-2,7.953,0.02,7.24,8.29,0.07,0.08,268.10625,11.99111111111111,47.091946,35.486324,19.159054,*,G5
HD 162816, ,17,54,24.0,-,33,37,7,357,-4,8.479,0.42,2.599,0.0,3.749,0.05,64,4.44,0.77,10.7,7.3,13.9,0.98,0.92,1.04,-18.9,0.2,0.3,3,1350,0.274,3,-111,-148,2,15.6,1.2,-20,-55,8,7.936,-0.004,5.25,7.96,0.21,0.22,268.59999999999997,-33.618611111111115,63.756603,-3.3413424,-4.464414,PM*,G3/5V
HD 163183, ,17,47,38.1,+,73,7,57,104,30,7.754,0.385,2.61,0.008,3.761,-0.14,40,4.75,0.34,8.2,0.2,13.6,0.96,0.89,1.04,-4.7,0.3,0.1,2,362,0.729,9,54,-70,1,25.1,0.6,14,4,-10,8.008,0.02,7.68,8.99,0.08,0.04,266.90875,73.1325,-8.380419,33.612026,20.0,PM*,G0
HD 163272, ,17,56,24.4,-,26,46,24,3,-1,7.396,0.381,2.612,0.005,3.77,0.16,47,4.02,0.61,4.2,3.0,7.0,1.18,1.1,1.22,-38.1,0.1,0.3,4,3957,0.456,4,-15,-85,1,21.1,1.1,-37,-21,-6,7.953,-0.001,6.76,8.28,0.1,0.01,269.10166666666663,-26.773333333333333,46.92844,2.4594154,-0.8202631,PM*,G2/3V
HD 163441, ,17,55,45.3,+,11,48,14,37,18,8.444,0.412,2.594,0.012,3.75,-0.07,56,4.7,0.59,11.7,6.5,16.8,0.91,0.87,0.99,9.0,0.2,0.2,2,689,0.634,1,5,-43,2,17.8,1.1,14,-2,-3,7.957,0.017,7.51,8.71,0.07,0.06,268.93874999999997,11.80388888888889,42.534664,32.052166,17.304953,PM*,G5
HD 163468, ,17,54,30.8,+,38,27,21,64,27,8.521,0.361,2.643,0.035,3.798,0.18,154,2.44,1.51,1.8,1.5,2.1,1.57,1.48,1.68,-25.8,0.4,0.5,2,1549,0.231,7,-1,26,2,6.5,0.8,-27,-15,-7,7.941,0.07,7.16,8.15,0.06,0.07,268.6283333333333,38.45583333333334,60.151108,123.32803,69.914536,*,G0
HD 163492, ,17,56,43.1,-,9,0,53,19,8,8.621,0.407,2.602,0.018,3.754,-0.06,71,4.37,0.82,10.7,7.2,13.8,0.97,0.92,1.03,0.1,0.4,0.6,2,350,0.07,2,5,-87,2,14.1,1.2,10,-23,-16,7.933,0.01,6.76,8.12,0.09,0.12,269.1795833333333,-9.014722222222222,66.47849,22.890379,9.88129,PM*,G3V
HD 163589, ,17,54,40.0,+,45,33,14,72,29,7.683,0.452,0.0,0.0,3.735,0.03,64,3.65,1.88,6.7,5.8,7.7,1.14,1.09,1.24,-36.6,0.2,0.1,2,439,0.784,4,43,25,1,15.6,0.6,-17,-22,-28,7.983,0.031,6.96,8.01,0.07,0.31,268.66666666666663,45.553888888888885,17.29743,53.23602,31.027815,*,G5
HD 163622, ,17,56,42.0,+,11,52,19,38,17,8.131,0.377,2.603,0.002,3.766,-0.14,53,4.49,0.49,8.0,3.6,11.7,0.99,0.94,1.05,-8.6,0.2,0.2,2,1111,0.648,2,34,-139,1,18.7,1.0,16,-23,-24,7.96,0.016,6.68,8.26,0.11,0.26,269.17499999999995,11.871944444444445,39.939655,31.20428,15.4957,PM*,G5
HD 163625, ,17,57,35.6,-,11,32,1,16,6,8.38,0.404,2.581,0.002,3.751,-0.37,85,3.72,1.79,9.2,7.4,11.6,1.0,0.95,1.05,-40.3,0.2,0.2,3,558,0.669,6,-126,-39,2,11.7,1.2,-31,-50,31,7.919,0.01,5.49,8.02,0.19,0.72,269.39833333333326,-11.53361111111111,81.25964,23.300829,8.884919,PM*,G1/2V
HD 163693, ,18,0,30.4,-,54,21,27,339,-15,8.482,0.431,2.592,0.0,3.74,-0.07,49,5.05,0.45,14.7,5.2,0.0,0.88,0.85,0.95,17.9,0.2,0.5,4,1828,0.067,3,-31,-89,2,20.6,1.1,8,-26,-7,7.956,-0.012,6.64,8.1,0.1,0.01,270.1266666666666,-54.3575,44.1867,-16.96169,-12.682133,PM*,G5V
HD 163859, ,17,47,19.0,+,78,23,28,110,30,8.562,0.417,2.581,0.014,3.743,-0.3,55,4.85,0.77,0.0,12.4,0.0,0.86,0.83,0.9,-50.3,0.3,0.1,2,2205,0.789,1,-120,176,1,18.1,0.6,-29,-69,-5,8.016,0.027,4.64,8.07,0.27,0.04,266.82916666666665,78.39111111111112,-16.290895,44.758873,27.5,PM*,G
HD 163874, ,18,0,18.4,-,39,14,58,353,-8,7.277,0.366,2.615,0.0,3.776,0.05,60,3.39,1.18,3.2,2.7,5.4,1.28,1.17,1.35,-6.9,0.2,0.2,4,4071,0.738,5,-35,-107,2,16.7,0.9,-11,-30,-5,7.941,-0.008,6.49,7.94,0.1,0.03,270.07666666666665,-39.24944444444444,58.973206,-7.2410045,-8.350387,PM*,G1V
HD 164233,*,18,7,28.0,-,73,5,49,321,-23,8.908,0.411,0.0,0.0,3.748,-0.13,57,5.14,0.24,0.0,0.0,0.0,0.9,0.84,0.98,25.8,0.2,0.2,2,681,0.57,7,16,52,2,17.6,1.3,28,-4,-10,7.959,-0.022,7.18,9.01,0.11,0.05,271.8666666666667,-73.09694444444445,40.77589,-33.01968,-22.271675,PM*,G5V
HD 164296,*,18,1,55.2,-,34,8,10,357,-6,9.502,0.394,0.0,0.0,3.757,-0.07,82,4.93,0.2,5.7,0.0,13.3,0.96,0.89,1.02,23.8,0.3,0.1,2,976,0.944,2,8,-28,2,12.2,1.5,23,-9,-10,7.919,-0.008,7.08,8.63,0.1,0.05,270.47999999999996,-34.13611111111111,81.43903,-4.268039,-8.571334,*,G3V
HD 164395, ,17,58,38.0,+,44,56,14,72,28,8.1,0.363,2.606,-0.012,3.774,-0.37,128,2.56,2.44,3.3,2.5,4.2,1.33,1.16,1.42,3.3,0.3,0.2,4,3332,0.978,17,5,17,1,5.2,0.7,-9,6,1,7.965,0.06,7.96,8.73,0.05,0.14,269.6583333333333,44.93722222222222,34.92426,107.48583,60.09236,*,G0
HD 164500,*,18,3,41.4,-,45,51,43,347,-11,9.665,0.457,0.0,0.0,3.72,-0.51,74,5.32,0.89,0.0,0.0,0.0,0.0,0.0,0.0,-58.2,0.6,0.9,2,976,0.07,2,48,-243,2,13.5,1.7,-79,-53,-43,7.929,-0.015,4.98,8.86,0.28,0.69,270.9225,-45.86194444444445,70.77864,-16.340536,-14.119865,PM*,G8V
HD 164509, ,18,1,31.2,+,0,6,16,27,11,8.114,0.404,2.625,0.042,3.779,0.26,52,4.36,-0.04,1.3,0.0,4.6,1.14,1.11,1.18,13.3,0.4,0.5,2,2581,0.155,2,-8,-19,1,19.3,1.1,14,2,2,7.955,0.01,7.58,8.84,0.08,0.14,270.37999999999994,0.10444444444444445,45.481083,23.173769,9.922068,*,G2V
HD 164526, ,17,58,21.6,+,55,6,49,83,29,8.542,0.345,2.635,0.028,3.795,-0.3,98,3.46,0.99,3.4,2.7,5.6,1.16,1.09,1.23,18.0,0.3,0.5,3,262,0.33,4,53,21,2,10.2,0.8,-9,29,-12,7.99,0.048,7.99,10.36,0.13,0.09,269.59,55.11361111111111,10.445753,85.07384,47.51134,PM*,G5
HD 164695, ,18,0,29.0,+,41,2,35,68,27,8.553,0.341,2.634,0.02,3.793,-0.25,78,4.01,0.45,3.8,1.1,5.9,1.09,1.03,1.16,1.4,0.4,0.3,2,256,0.528,12,12,-18,1,0.0,0.0,6,1,-5,7.973,0.035,7.75,8.66,0.06,0.05,270.1208333333333,41.043055555555554,26.034605,64.4379,35.41126,*,G
HD 165173, ,18,4,26.3,+,6,26,11,33,13,7.958,0.459,0.0,0.0,3.73,0.04,33,5.39,0.24,0.0,0.0,0.0,0.87,0.84,0.96,-0.5,0.3,0.0,1,0,0.0,1,-63,71,2,30.6,1.1,-6,3,13,7.973,0.008,7.96,8.53,0.03,0.32,271.10958333333326,6.436388888888889,26.966791,17.51244,7.4233847,PM*,G5
HD 165185, ,18,6,23.7,-,36,1,11,356,-7,5.949,0.386,2.606,0.01,3.76,-0.21,17,4.75,0.43,9.8,3.1,15.3,0.93,0.87,1.01,14.9,0.2,0.4,5,1859,0.26,8,107,7,2,57.6,0.8,14,4,-9,7.983,-0.002,7.64,8.97,0.08,0.03,271.59874999999994,-36.01972222222222,16.832184,-1.1770194,-2.071779,PM*,G1V
HD 165204, ,18,5,46.7,-,23,31,3,7,-1,9.155,0.455,0.0,0.0,3.735,0.17,76,4.76,0.67,13.3,8.4,0.0,0.95,0.89,1.02,54.3,0.3,0.1,2,721,0.911,4,24,-211,2,13.2,1.6,62,-54,-45,7.925,-0.002,4.93,8.9,0.29,0.76,271.44458333333324,-23.5175,75.42202,9.26066,-1.3263829,PM*,G6/8V
HD 165269, ,18,6,13.7,-,27,29,33,4,-3,7.316,0.38,2.641,0.041,3.795,0.48,63,3.16,0.73,1.6,1.1,2.1,1.41,1.38,1.45,-1.1,0.5,0.7,2,721,0.042,8,39,-39,2,16.0,0.9,-2,-5,-16,7.938,-0.003,7.76,8.16,0.03,0.12,271.5570833333333,-27.4925,62.760406,4.3886347,-3.2971654,PM*,G1V
HD 165271, ,18,7,26.2,-,46,53,55,346,-13,7.643,0.415,2.593,0.022,3.763,0.11,65,3.47,1.37,5.2,4.4,6.2,1.2,1.14,1.3,-83.3,0.2,0.3,4,2588,0.26,4,-34,-106,1,15.3,1.1,-88,-16,11,7.938,-0.014,6.1,9.84,0.23,0.33,271.8591666666666,-46.89861111111111,61.452766,-15.321886,-14.621818,PM*,G5V
HD 165371, ,18,3,22.4,+,45,58,31,73,27,8.652,0.35,2.634,0.021,3.792,-0.1,104,3.48,0.86,3.2,2.4,4.5,1.19,1.12,1.27,-60.5,0.3,0.3,2,257,0.422,7,-126,-20,1,0.0,0.0,-2,-84,25,7.973,0.047,4.06,7.98,0.33,0.57,270.84333333333336,45.97527777777778,27.092537,88.61567,47.21501,PM*,G
HD 165460, ,18,3,8.9,+,52,51,40,81,28,8.848,0.348,2.626,0.014,3.78,-0.52,163,2.79,2.19,4.1,3.1,5.3,1.17,1.1,1.25,-20.5,0.3,0.3,3,1099,0.59,6,5,28,2,5.3,0.7,-24,-14,-10,7.977,0.078,7.29,8.14,0.06,0.09,270.7870833333333,52.861111111111114,22.514124,142.14856,76.523865,*,G0
HD 165476, ,18,5,52.2,+,7,5,26,34,13,7.658,0.4,2.595,0.009,3.755,-0.22,45,4.39,0.91,12.9,9.0,15.9,0.94,0.88,0.99,28.2,0.1,0.3,7,2296,0.528,3,-210,-103,3,22.2,1.0,39,-21,36,7.964,0.01,6.47,8.9,0.16,0.9,271.4675,7.0905555555555555,36.350525,24.518738,10.122797,PM*,G5
HD 165540, ,18,4,49.2,+,37,50,2,64,25,8.349,0.321,2.637,0.009,3.794,-0.35,123,2.89,1.63,2.8,2.3,4.5,1.29,1.16,1.38,-7.3,0.4,0.8,4,1798,0.185,12,-10,1,2,8.1,0.8,-3,-9,2,7.952,0.052,7.66,8.05,0.02,0.14,271.2049999999999,37.83388888888889,48.8678,100.19383,51.982048,*,G5
HD 165672, ,18,6,48.8,+,6,24,37,34,13,7.78,0.399,2.611,0.017,3.758,0.01,44,4.57,0.47,8.5,3.8,12.4,0.99,0.94,1.06,-5.8,0.2,0.2,2,752,0.446,4,-3,-45,3,22.8,1.1,1,-10,-5,7.964,0.01,7.54,8.12,0.04,0.04,271.7033333333333,6.410277777777778,35.542736,23.973877,9.897846,*,G5
HD 165727,*,18,8,58.5,-,35,47,8,357,-8,9.401,0.44,0.0,0.0,3.732,-0.48,68,5.24,0.72,0.0,0.5,0.0,0.81,0.77,0.86,21.7,0.3,0.4,2,1839,0.343,4,-22,15,2,9.3,1.5,23,0,6,7.933,-0.009,7.36,8.98,0.1,0.2,272.24375,-35.785555555555554,67.24594,-3.524211,-9.463771,*,G6IV/V
HD 165863, ,18,5,5.7,+,53,21,59,81,28,8.773,0.44,2.583,0.0,3.738,0.08,54,5.11,0.32,0.0,0.0,0.0,0.91,0.86,1.0,-15.1,0.4,0.0,1,0,0.0,2,-30,99,2,18.5,0.8,-26,-15,3,7.993,0.026,7.24,8.2,0.06,0.15,271.27374999999995,53.36638888888889,7.4586663,47.09216,25.351465,PM*,G5
HD 166081,*,18,10,20.8,-,31,6,43,1,-6,8.853,0.4,0.0,0.0,3.754,-0.3,74,4.52,0.87,13.5,9.1,0.0,0.87,0.84,0.96,-30.1,0.3,0.4,2,1839,0.333,1,-45,-106,2,13.6,1.3,-30,-41,-1,7.927,-0.007,5.89,8.03,0.15,0.09,272.58666666666664,-31.111944444444447,73.58341,1.2844032,-7.7351065,PM*,G5V
HD 166254, ,18,8,54.3,+,21,59,43,49,19,8.677,0.412,2.554,0.0,3.742,-0.57,48,5.27,0.55,0.0,0.0,0.0,0.81,0.77,0.88,-6.1,0.2,0.3,2,378,0.309,4,-97,53,1,0.0,0.0,-11,-9,22,7.97,0.016,7.82,7.98,0.01,0.48,272.22624999999994,21.99527777777778,29.775167,34.252415,15.627271,PM*,G5
HD 166435, ,18,9,21.3,+,29,57,6,57,22,6.837,0.406,2.598,0.005,3.752,-0.07,25,4.83,0.41,10.4,3.3,16.5,0.92,0.87,1.01,-15.0,0.3,0.3,2,358,0.481,8,71,59,2,39.6,0.7,-15,-5,-11,7.987,0.009,7.9,8.12,0.01,0.05,272.33874999999995,29.951666666666664,12.624513,19.440044,9.365165,PM*,G1IV
HD 166576, ,18,14,23.4,-,54,3,26,340,-17,8.621,0.376,2.606,0.014,3.763,-0.35,67,4.49,0.74,10.6,5.9,15.0,0.93,0.85,1.0,-15.4,0.2,0.3,2,352,0.354,5,73,-95,2,14.9,1.2,-29,-9,-28,7.94,-0.019,7.4,8.31,0.06,0.32,273.59749999999997,-54.05722222222222,60.208374,-21.914072,-19.588903,PM*,G0V
HD 166579, ,18,7,36.6,+,58,58,32,88,29,8.434,0.368,2.62,0.022,3.782,-0.16,72,4.05,0.57,5.1,2.9,7.2,1.07,1.02,1.14,-36.7,0.2,0.2,3,1697,0.775,5,2,132,2,13.9,0.6,-46,-32,-14,7.998,0.034,6.17,8.4,0.15,0.11,271.9025,58.97555555555556,2.1977124,62.934258,34.906292,PM*,G5
HD 166685, ,18,11,23.7,+,11,31,43,39,14,8.399,0.345,2.634,0.015,3.783,-0.22,65,4.35,0.31,4.7,0.0,7.9,1.04,0.98,1.11,-46.7,0.3,0.4,2,263,0.417,5,-22,-15,2,15.5,1.1,-32,-35,-7,7.951,0.016,6.18,8.1,0.13,0.02,272.84874999999994,11.528611111111111,49.013992,39.690746,15.724924,*,G5
HD 166987, ,18,10,55.1,+,45,19,33,73,26,8.654,0.396,2.619,0.03,3.776,0.15,96,3.61,0.88,3.4,2.7,5.2,1.23,1.15,1.32,-46.5,0.4,0.5,2,763,0.13,3,-6,27,2,0.0,0.0,-24,-39,-15,7.974,0.042,6.04,8.03,0.14,0.13,272.7295833333333,45.325833333333335,25.227072,82.514015,42.08363,*,G5
HD 167043, ,18,11,46.8,+,37,53,14,65,24,8.373,0.36,2.621,0.016,3.776,-0.27,128,2.83,2.03,3.7,3.0,4.6,1.32,1.16,1.39,11.6,0.3,0.2,2,760,0.514,7,15,-16,3,7.8,0.8,13,11,-6,7.95,0.051,7.73,9.3,0.09,0.06,272.945,37.88722222222222,49.418365,105.97803,52.06229,*,G0
HD 167191, ,18,12,30.2,+,35,33,38,63,23,8.37,0.345,2.639,0.034,3.799,-0.27,132,2.63,1.71,2.3,2.0,2.7,1.41,1.32,1.48,-32.5,0.3,0.1,2,255,0.848,5,16,-63,3,7.6,0.8,20,-35,-33,7.944,0.051,6.11,8.23,0.15,0.43,273.1258333333333,35.56055555555555,55.16287,108.263214,51.576508,PM*,G5
HD 167359, ,18,15,49.0,-,23,48,57,8,-3,8.552,0.461,0.0,0.0,3.724,-0.22,37,5.72,0.22,0.0,0.0,0.0,0.82,0.78,0.88,-35.4,0.2,0.4,5,1142,0.183,1,65,-165,2,27.1,1.2,-33,-26,-22,7.964,-0.002,6.62,8.18,0.1,0.22,273.95416666666665,-23.815833333333334,36.589703,5.142348,-1.9364305,PM*,G8V
HD 167469, ,18,10,1.3,+,67,46,54,98,29,8.261,0.331,2.629,0.005,3.788,-0.34,103,3.19,1.46,4.6,3.9,5.4,1.16,1.12,1.24,-46.7,0.3,0.4,2,588,0.355,8,23,-95,1,9.7,0.7,50,-28,-34,8.012,0.05,6.04,9.08,0.2,0.47,272.50541666666663,67.78166666666667,-12.537522,89.20912,49.93539,PM*,G0
HD 167535, ,18,12,43.4,+,53,33,27,82,27,8.669,0.363,2.632,0.029,3.793,0.01,179,2.29,1.92,1.9,1.6,2.2,1.56,1.46,1.67,-34.4,0.3,0.1,2,791,0.956,8,-1,-21,2,5.6,0.7,13,-32,-17,7.977,0.081,6.31,8.16,0.13,0.17,273.1808333333333,53.5575,22.196743,157.93802,81.2643,*,G5
HD 167677, ,18,16,49.5,-,11,24,21,19,2,8.906,0.435,2.549,0.0,3.737,-0.16,56,5.16,0.48,0.0,6.0,0.0,0.86,0.83,0.92,-57.7,0.2,0.5,5,3896,0.205,3,73,-214,2,17.8,1.2,-39,-57,-47,7.947,0.002,5.16,8.1,0.22,0.75,274.20624999999995,-11.405833333333334,52.916786,18.22071,1.9543717,PM*,G5V
HD 167718, ,18,16,54.6,-,10,27,32,20,3,8.307,0.393,2.587,0.002,3.758,-0.23,78,3.86,1.38,9.0,7.5,10.8,1.02,0.98,1.06,-40.3,0.2,0.3,3,3313,0.482,4,120,-157,4,12.9,0.9,-24,-41,-68,7.927,0.004,6.18,7.99,0.13,1.28,274.22749999999996,-10.458888888888888,73.19557,26.641008,4.082205,PM*,G3V
HD 168009, ,18,15,32.4,+,45,12,33,73,25,6.297,0.41,2.597,0.014,3.751,-0.1,23,4.52,0.77,12.0,8.3,16.5,0.93,0.88,0.99,-64.9,0.1,0.2,17,4087,0.855,3,-78,-115,2,44.1,0.5,-5,-62,-23,7.994,0.01,4.96,8.0,0.23,0.24,273.885,45.20916666666667,6.0945125,19.934246,9.720221,PM*,G1V
HD 168443, ,18,20,3.9,-,9,35,44,21,3,6.924,0.455,0.0,0.0,3.732,-0.06,38,4.03,1.63,10.6,9.5,11.8,1.01,0.95,1.05,-49.1,0.3,0.5,3,3650,0.108,3,-90,-224,2,26.4,0.9,-29,-58,-7,7.965,0.002,5.09,8.03,0.22,0.0,275.01624999999996,-9.595555555555556,35.427437,13.5993185,1.9887664,PM*,G6V
HD 168511,*,18,21,42.0,-,36,54,27,357,-10,9.182,0.443,0.0,0.0,3.734,-0.27,66,5.08,0.7,0.0,9.9,0.0,0.85,0.81,0.9,-25.7,0.4,0.5,2,286,0.146,1,-105,-54,2,0.0,0.0,-23,-29,26,7.935,-0.012,6.58,8.0,0.1,0.58,275.425,-36.9075,64.908226,-3.4016967,-11.46078,PM*,G6V
HD 168746, ,18,21,49.7,-,11,55,21,19,1,7.96,0.434,2.582,0.0,3.74,-0.08,43,4.79,0.72,16.0,10.8,0.0,0.89,0.87,0.93,-26.1,0.1,0.3,7,2545,0.735,2,-22,-66,1,23.2,1.0,-19,-22,-3,7.959,0.001,6.91,8.01,0.07,0.06,275.45708333333334,-11.9225,40.651104,13.997297,0.7504535,PM*,G5V
HD 168871, ,18,24,33.1,-,49,39,10,345,-16,6.461,0.37,2.611,0.004,3.769,-0.17,28,4.21,0.72,7.3,4.9,11.5,1.01,0.97,1.07,32.0,0.1,0.2,6,2172,0.942,4,33,-150,1,35.5,0.8,23,-23,-20,7.974,-0.008,6.62,8.42,0.12,0.2,276.13791666666657,-49.65277777777778,25.998207,-6.9662056,-7.717846,PM*,G1/2V
HD 168930, ,18,19,49.5,+,48,6,2,76,25,8.388,0.307,2.659,0.008,3.803,-0.06,92,3.58,0.47,2.6,1.5,3.5,1.25,1.19,1.3,-30.7,0.5,0.4,2,369,0.506,18,-8,33,1,10.9,0.6,-20,-27,-7,7.98,0.039,6.69,8.02,0.09,0.04,274.95625,48.10055555555556,20.171524,80.90356,38.880882,*,G0
HD 168960, ,18,21,50.3,+,15,37,33,44,13,7.856,0.387,2.604,0.004,3.765,0.05,68,3.71,1.13,6.2,4.7,7.7,1.13,1.08,1.21,-10.7,0.2,0.2,2,1005,0.515,3,-43,-159,2,14.8,1.2,30,-43,-11,7.953,0.016,5.61,8.33,0.2,0.06,275.45958333333334,15.625833333333334,47.661415,46.026096,15.296671,PM*,G5
HD 169125, ,18,25,17.8,-,44,35,34,350,-14,7.819,0.39,2.588,0.012,3.755,-0.37,39,4.86,0.56,0.0,0.0,0.0,0.87,0.82,0.95,-8.9,0.1,0.3,8,3041,0.684,2,-127,-22,1,0.0,0.0,-6,-13,21,7.963,-0.01,7.55,7.99,0.03,0.47,276.32416666666666,-44.59277777777778,37.266636,-6.571123,-9.434954,PM*,G3II/III
HD 169265, ,18,21,49.6,+,44,40,39,73,24,8.575,0.332,2.651,0.022,3.804,0.06,132,2.88,1.04,2.1,1.7,2.5,1.43,1.36,1.5,-13.8,0.6,0.3,2,722,0.71,23,14,-30,2,7.6,0.7,13,-12,-18,7.964,0.053,7.24,8.36,0.07,0.17,275.45666666666665,44.677499999999995,35.256527,115.31887,53.689236,*,G0
HD 169303, ,18,27,17.5,-,55,57,15,339,-19,7.629,0.358,2.617,0.009,3.777,-0.24,83,3.04,1.77,4.2,3.7,4.9,1.2,1.14,1.35,-13.3,0.2,0.1,2,382,0.905,7,4,-36,2,12.1,0.9,-18,-7,-2,7.927,-0.027,7.67,8.07,0.02,0.08,276.82291666666663,-55.95416666666667,73.265564,-28.124025,-27.022156,*,G0V
HD 169359, ,18,23,47.0,+,14,54,27,43,13,7.809,0.377,2.592,-0.003,3.764,-0.32,60,3.94,1.24,9.4,7.7,11.3,1.0,0.96,1.04,-1.2,0.3,0.4,2,592,0.316,4,123,-66,2,16.8,1.1,7,4,-39,7.958,0.013,7.76,8.85,0.07,0.56,275.9458333333333,14.9075,42.75655,39.871124,13.497063,PM*,G0
HD 169383, ,18,27,12.9,-,51,53,3,343,-18,7.972,0.396,2.577,0.0,3.752,-0.64,63,3.97,1.69,12.1,10.3,14.1,0.9,0.87,0.93,103.6,0.2,0.5,7,2609,0.083,4,138,-105,2,15.8,0.9,78,-35,-78,7.942,-0.019,5.52,9.88,0.28,1.99,276.80375,-51.884166666666665,57.298492,-17.51791,-19.468071,PM*,G3V
HD 169499,*,18,26,49.5,-,40,45,29,354,-13,8.936,0.495,0.0,0.0,3.708,-0.47,34,6.28,0.13,0.0,0.0,0.0,0.75,0.72,0.79,-15.0,0.2,0.1,2,296,0.983,1,-1,30,1,0.0,0.0,-14,6,5,7.967,-0.008,7.95,8.69,0.04,0.19,276.70625,-40.75805555555556,32.947098,-3.4628859,-7.6483355,*,G6V
HD 169506, ,18,37,2.6,-,79,37,44,314,-26,7.955,0.39,2.644,0.058,3.8,0.44,106,2.57,1.24,1.5,1.2,1.7,1.57,1.52,1.63,35.5,0.2,0.4,3,1564,0.32,8,-20,12,2,9.4,0.8,29,-23,-5,7.933,-0.047,6.48,8.53,0.14,0.05,279.2608333333333,-79.62888888888888,66.18161,-68.533066,-46.467342,*,G0V
HD 169607, ,18,27,3.3,-,35,54,47,358,-11,9.23,0.397,2.576,0.0,3.75,-0.55,65,5.17,0.48,0.0,0.0,0.0,0.83,0.79,0.9,25.0,0.3,0.3,2,355,0.369,5,-55,19,2,0.0,0.0,28,-2,13,7.936,-0.012,7.2,9.06,0.11,0.33,276.76374999999996,-35.91305555555555,63.7669,-2.2267957,-12.402585,PM*,G3V
HD 169812, ,18,28,16.5,-,40,30,12,354,-13,9.226,0.396,2.606,0.028,3.771,-0.15,114,3.82,1.05,6.8,4.9,9.0,1.06,0.99,1.13,-59.5,0.2,0.3,4,849,0.707,3,26,-87,2,7.1,1.6,-68,-31,-19,7.89,-0.026,5.85,8.82,0.2,0.18,277.0687499999999,-40.50333333333333,110.46968,-11.610853,-25.644419,PM*,G2/3V
HD 169864, ,18,32,50.0,-,70,6,13,325,-24,9.023,0.406,2.611,0.031,3.771,0.11,82,4.32,0.33,4.4,0.5,7.4,1.1,1.04,1.16,41.8,0.3,0.4,2,1852,0.276,5,64,-98,2,12.2,1.1,2,-39,-48,7.939,-0.033,6.09,7.99,0.13,0.77,278.2083333333333,-70.1036111111111,61.36327,-42.967037,-33.352406,PM*,G5V
HD 169905, ,18,20,49.1,+,70,4,23,100,28,7.778,0.326,2.64,0.004,3.792,-0.13,66,3.67,0.7,3.6,2.8,4.4,1.18,1.1,1.24,-17.6,0.2,0.4,3,2114,0.478,6,38,-1,2,15.1,0.7,1,-10,-19,8.011,0.031,7.57,8.18,0.04,0.17,275.2045833333333,70.07305555555556,-10.119268,57.389217,30.985125,*,G0
HD 169925, ,18,15,34.4,+,79,3,53,111,28,7.326,0.395,2.614,0.02,3.775,0.26,61,3.33,1.08,3.4,2.4,5.9,1.36,1.34,1.39,-22.2,0.4,0.5,2,375,0.12,4,-14,3,1,16.5,0.6,7,-20,-7,8.019,0.029,6.98,8.17,0.08,0.03,273.89333333333326,79.06472222222222,-19.301626,50.28246,28.637766,*,G0
HD 169957, ,18,26,46.9,+,8,6,6,37,9,8.796,0.44,2.62,0.07,3.777,0.29,97,3.56,0.78,3.2,1.9,6.2,1.28,1.21,1.36,40.2,0.3,0.4,2,679,0.381,5,-54,-105,2,7.4,1.2,64,-19,7,7.924,0.015,6.05,9.61,0.23,0.24,276.69541666666663,8.101666666666667,76.51389,57.65735,15.174144,PM*,G6IV
HD 170058, ,18,27,37.9,-,3,56,13,27,3,8.424,0.405,2.591,-0.001,3.755,-0.12,114,3.14,2.07,4.8,3.6,6.5,1.21,1.1,1.28,-21.2,0.2,0.3,2,353,0.285,4,7,-132,2,0.0,0.0,13,-63,-38,7.898,0.007,4.87,7.99,0.24,0.53,276.9079166666666,-3.936944444444445,101.43554,51.683987,5.9662995,PM*,G2V
HD 170131,*,18,30,43.8,-,52,40,9,342,-18,9.839,0.447,0.0,0.0,3.728,-0.29,65,5.79,0.12,0.0,0.0,0.0,0.81,0.77,0.87,-14.0,0.3,0.2,2,394,0.564,2,124,6,2,15.5,1.7,-19,22,-29,7.942,-0.02,7.92,9.84,0.11,0.38,277.68249999999995,-52.66916666666666,58.793056,-19.103018,-20.086105,PM*,G8IV/V
HD 170248, ,18,28,47.7,-,10,13,35,21,0,8.579,0.377,2.586,-0.012,3.766,-0.07,65,4.53,0.38,7.1,1.6,11.0,1.0,0.95,1.07,10.6,0.2,0.3,2,1089,0.304,6,61,-47,2,15.5,1.0,12,0,-23,7.94,0.0,7.59,8.71,0.07,0.24,277.1987499999999,-10.22638888888889,60.682724,23.293917,0.0,PM*,G3/5V
HD 170294, ,18,28,34.4,+,0,47,49,31,5,8.049,0.43,2.576,0.0,3.744,0.0,58,4.24,1.12,11.5,9.5,13.7,0.97,0.93,1.04,-107.9,0.3,0.5,2,689,0.151,1,-96,-31,2,17.3,1.1,-83,-73,9,7.951,0.005,4.17,8.76,0.35,0.26,277.14333333333326,0.7969444444444445,49.52652,29.758535,5.0550327,PM*,G5V
HD 170331,*,18,29,52.0,-,26,1,31,7,-7,8.798,0.406,0.0,0.0,3.756,0.01,94,3.93,1.15,8.1,6.1,10.5,1.04,0.99,1.11,-87.3,0.2,0.2,3,1520,0.727,4,93,-99,2,8.6,1.4,-90,-33,-45,7.907,-0.012,5.56,9.49,0.26,0.79,277.46666666666664,-26.025277777777777,92.6039,11.37033,-11.455719,PM*,G5V
HD 170357, ,18,26,37.7,+,46,5,1,74,23,8.277,0.409,2.582,0.028,3.759,-0.47,69,3.95,1.46,10.6,8.9,12.4,0.97,0.89,1.01,-85.4,0.2,0.4,3,1005,0.24,3,-349,199,1,14.4,0.7,-66,-116,84,7.983,0.027,3.04,8.34,0.47,3.12,276.65708333333333,46.08361111111111,17.507065,61.05438,26.960447,PM*,G1V
HD 170469, ,18,29,10.9,+,11,41,43,41,10,8.219,0.424,2.616,0.0,3.751,0.26,65,4.16,0.84,8.9,4.3,11.6,1.12,1.07,1.16,-60.2,0.2,0.1,2,729,0.854,3,-48,-16,2,15.4,1.1,-39,-48,0,7.952,0.011,5.48,8.14,0.2,0.11,277.29541666666665,11.695277777777777,48.310852,41.995983,11.287131,PM*,G5
HD 170600, ,18,30,1.4,+,8,57,17,39,9,8.945,0.378,2.635,0.059,3.798,-0.18,156,2.73,1.55,2.4,2.0,2.8,1.39,1.28,1.48,6.4,0.6,0.4,2,271,0.627,16,8,-30,2,0.0,0.0,17,-8,-14,7.879,0.024,7.19,8.49,0.08,0.11,277.50583333333327,8.954722222222221,119.74218,96.9653,24.403778,*,G0
HD 170706,*,18,32,27.1,-,37,5,18,357,-12,9.496,0.428,0.0,0.0,3.745,0.07,94,4.63,0.65,11.1,6.4,15.3,0.96,0.89,1.03,11.6,0.3,0.1,2,765,0.895,2,20,-35,2,8.8,1.8,8,-11,-17,7.908,-0.02,7.31,8.2,0.06,0.14,278.11291666666665,-37.08833333333334,91.81987,-4.812076,-19.5437,*,G5V
HD 170715, ,18,31,26.1,-,12,1,14,20,-1,7.564,0.363,2.618,0.012,3.77,-0.31,40,4.55,0.49,7.6,0.0,12.2,0.97,0.89,1.03,33.0,0.2,0.5,6,1089,0.045,6,-22,-182,2,0.0,0.0,42,-19,-13,7.962,-0.001,6.42,8.95,0.16,0.09,277.85874999999993,-12.020555555555557,37.58198,13.678721,-0.6980962,PM*,G1IV/V
HD 170768, ,18,32,12.4,-,26,29,47,7,-8,7.957,0.384,2.587,0.011,3.757,-0.7,59,4.11,1.48,12.7,10.4,15.3,0.88,0.83,0.92,31.0,0.2,0.4,6,3033,0.443,4,-147,-121,2,17.0,1.2,40,-43,17,7.942,-0.008,5.53,8.52,0.21,0.41,278.0516666666667,-26.49638888888889,57.99032,7.120316,-8.211213,PM*,G2V
HD 170778, ,18,29,3.9,+,43,56,21,72,22,7.497,0.383,2.61,0.01,3.762,-0.14,37,4.66,0.41,8.7,2.9,13.2,0.96,0.9,1.03,-23.0,0.3,0.2,2,1015,0.614,6,75,155,1,27.1,0.6,-34,-9,-13,7.99,0.014,7.31,8.48,0.07,0.09,277.26625,43.939166666666665,10.601075,32.62676,13.860443,PM*,G5
HD 170865, ,18,33,20.1,-,37,19,47,357,-13,8.386,0.419,2.583,0.02,3.755,-0.14,66,4.19,1.04,10.8,8.3,13.2,0.98,0.93,1.04,52.2,0.2,0.4,5,2892,0.222,1,-35,-125,2,15.1,1.2,48,-42,-18,7.935,-0.015,5.47,8.7,0.23,0.16,278.33375,-37.32972222222222,64.22029,-3.3656433,-14.846769,PM*,G3/5V
HD 170869,*,18,33,26.7,-,39,29,13,355,-14,8.744,0.394,0.0,0.0,3.757,-0.3,105,3.63,1.69,8.3,6.4,10.6,1.02,0.97,1.09,-63.8,0.3,0.2,2,820,0.647,3,32,-117,3,9.5,1.2,-74,-42,-23,7.898,-0.025,5.38,8.8,0.24,0.25,278.36125,-39.48694444444445,101.493355,-8.879548,-25.4018,PM*,G3V
HD 170958,*,18,33,24.8,-,29,52,0,4,-10,9.543,0.453,0.0,0.0,3.73,-0.06,55,5.86,-0.16,0.0,0.0,13.2,0.85,0.8,0.91,-36.2,0.3,0.2,2,1520,0.715,6,41,-42,2,18.3,1.9,-37,-9,-9,7.946,-0.009,7.22,8.52,0.08,0.02,278.3533333333333,-29.866666666666667,54.032486,3.7783191,-9.55065,PM*,G8IV/V
HD 171009, ,18,30,57.5,+,33,55,58,62,19,8.345,0.388,2.596,0.025,3.769,-0.33,70,4.0,1.08,9.4,7.4,11.2,1.0,0.96,1.04,-76.2,0.3,0.2,2,693,0.695,5,-135,150,2,14.2,0.8,-70,-66,32,7.969,0.023,4.58,8.57,0.3,0.77,277.73958333333326,33.93277777777777,31.072592,58.439034,22.78977,PM*,G5
HD 171028, ,18,32,15.4,+,6,56,44,37,7,8.289,0.43,2.575,0.0,3.735,-0.81,43,5.12,0.97,0.0,4.5,0.0,0.78,0.75,0.84,13.1,0.3,0.2,2,677,0.684,4,-44,-13,2,0.0,0.0,14,2,8,7.966,0.006,7.61,8.87,0.08,0.25,278.06416666666667,6.945555555555556,34.085354,25.685154,5.240382,*,G0
HD 171029, ,18,33,11.0,-,16,51,5,16,-4,8.242,0.402,2.581,0.004,3.751,-0.44,74,3.9,1.66,11.2,8.6,14.4,0.92,0.85,1.01,-37.8,0.2,0.4,7,2842,0.179,1,-58,-187,2,0.0,0.0,-16,-76,-10,7.929,-0.005,4.32,7.93,0.3,0.04,278.2958333333333,-16.85138888888889,70.96009,20.347479,-5.1619787,PM*,G3V
HD 171067, ,18,32,10.4,+,13,44,11,43,10,7.205,0.424,2.597,0.0,3.744,-0.05,25,5.2,0.2,0.0,0.0,0.0,0.9,0.84,0.99,-46.8,0.2,0.1,2,676,0.858,1,112,123,2,39.7,0.9,-46,-17,-14,7.982,0.005,6.8,8.6,0.12,0.1,278.04333333333335,13.736388888888888,18.00607,16.79093,4.3412046,PM*,G6V
HD 171238, ,18,34,43.6,-,28,4,20,6,-9,8.606,0.475,0.0,0.0,3.724,0.11,44,5.39,0.32,0.0,0.0,0.0,0.88,0.84,0.97,21.1,0.1,0.1,5,1833,0.991,1,-31,-111,2,22.7,1.3,23,-21,-8,7.957,-0.007,6.65,8.41,0.12,0.01,278.6816666666666,-28.072222222222223,43.22022,4.542628,-6.8831167,PM*,G8V
HD 171239, ,18,34,54.9,-,30,43,47,4,-10,8.684,0.397,2.597,0.019,3.753,-0.44,81,4.13,1.39,12.5,9.7,15.7,0.9,0.84,0.96,-30.2,0.2,0.1,4,1585,0.944,1,-2,27,2,12.3,1.4,-30,7,10,7.92,-0.014,7.71,8.96,0.08,0.27,278.72875,-30.72972222222222,79.57511,5.5644336,-14.065502,*,G3V
HD 171242, ,18,31,30.0,+,45,0,35,73,22,7.984,0.378,2.59,-0.003,3.763,-0.42,62,4.02,1.27,10.5,8.8,12.4,0.98,0.9,1.02,-6.0,0.3,0.3,2,644,0.382,3,-108,-357,2,16.1,0.6,104,-37,-2,7.984,0.023,5.02,10.57,0.36,0.09,277.87499999999994,45.00972222222222,16.80711,54.97356,23.225609,PM*,G2
HD 171304, ,18,33,57.7,+,5,40,18,36,6,8.001,0.396,2.614,0.023,3.773,0.12,77,3.47,1.12,3.5,2.7,5.6,1.23,1.13,1.34,-60.7,0.3,0.4,2,703,0.214,2,39,126,3,0.0,0.0,-77,3,1,7.938,0.009,6.76,10.17,0.2,0.14,278.49041666666665,5.671666666666667,61.953056,45.011528,8.048692,PM*,G5
HD 171316, ,18,34,36.5,-,10,31,48,22,-1,8.335,0.403,2.587,-0.004,3.754,-0.1,80,3.82,1.4,8.6,6.6,11.0,1.03,0.98,1.09,73.3,0.2,0.1,2,1089,0.982,4,29,-135,2,0.0,0.0,83,-9,-34,7.926,-0.002,6.05,10.63,0.27,0.54,278.6520833333333,-10.530000000000001,74.163414,29.963963,-1.3961924,PM*,G1/2V
HD 171377, ,18,37,1.8,-,48,12,33,347,-18,7.33,0.425,2.61,0.046,3.77,0.17,103,2.07,2.55,1.8,1.6,2.2,1.7,1.6,1.8,33.9,0.2,0.2,2,1458,0.533,4,1,42,2,9.7,1.0,38,11,-4,7.904,-0.031,7.26,9.93,0.16,0.07,279.25749999999994,-48.20916666666667,95.44814,-22.035938,-31.82875,*,G2/3IV/V
HD 171489, ,18,34,35.6,+,12,32,20,42,9,8.287,0.391,2.606,0.002,3.762,0.08,56,4.55,0.34,6.1,0.5,10.2,1.05,0.98,1.11,-33.7,0.3,0.4,2,702,0.247,5,24,25,2,17.9,1.2,-30,-16,-8,7.959,0.009,7.11,8.23,0.07,0.02,278.64833333333326,12.53888888888889,41.103745,37.00998,8.76033,*,G5
HD 171587, ,18,36,9.2,-,10,53,26,22,-2,8.529,0.433,2.551,0.0,3.731,-0.63,41,5.44,0.62,0.0,0.0,0.0,0.78,0.76,0.85,-25.1,0.2,0.5,5,2836,0.142,3,128,-194,2,24.1,1.3,-15,-31,-39,7.961,-0.001,6.56,7.97,0.1,0.56,279.03833333333336,-10.890555555555554,37.991383,15.349514,-1.4308794,PM*,G5V
HD 171613, ,18,36,58.4,-,27,43,50,6,-9,8.88,0.408,2.638,0.076,3.793,0.1,110,3.35,0.77,2.6,2.0,3.2,1.3,1.23,1.38,-43.6,0.3,0.6,4,774,0.07,7,-5,-35,2,8.6,1.3,-41,-23,1,7.892,-0.018,6.54,8.29,0.12,0.12,279.24333333333334,-27.730555555555554,108.05055,11.35657,-17.207792,*,G0V
HD 171645, ,18,38,17.7,-,45,27,58,350,-17,7.631,0.347,2.639,0.008,3.79,0.31,114,2.35,1.71,1.7,1.4,2.3,1.63,1.54,1.72,15.6,0.3,0.4,2,358,0.134,6,-52,-23,2,8.8,1.0,17,-25,16,7.893,-0.033,6.55,8.2,0.11,0.38,279.57374999999996,-45.46611111111111,107.362495,-18.930933,-33.33037,PM*,G0V
HD 171665, ,18,37,12.8,-,25,40,16,8,-9,7.44,0.425,2.565,0.0,3.742,-0.14,30,5.05,0.47,14.9,6.0,0.0,0.87,0.84,0.93,-23.4,0.1,0.2,5,1857,0.615,2,170,-283,1,33.2,1.0,-24,-30,-36,7.971,-0.004,6.53,8.05,0.1,0.49,279.3033333333333,-25.671111111111113,29.342287,4.12379,-4.693034,PM*,G4V
HD 171706, ,18,36,27.3,-,4,34,30,27,1,7.879,0.381,2.589,-0.01,3.765,-0.15,64,3.84,1.17,7.9,6.4,9.5,1.05,1.0,1.11,18.1,0.1,0.3,6,2113,0.685,3,51,-200,2,15.6,1.1,39,-32,-41,7.943,0.001,6.01,8.66,0.18,0.63,279.11375,-4.575,57.01573,29.050966,1.116954,PM*,G3V
HD 171761, ,18,34,6.6,+,49,32,15,78,23,8.579,0.326,2.655,0.035,3.813,-0.2,182,2.13,1.83,1.7,1.5,2.0,1.55,1.46,1.66,-4.4,0.7,1.1,4,1006,0.627,35,-11,-2,2,2.9,0.8,3,-8,6,7.966,0.071,7.59,8.2,0.04,0.21,278.5275,49.5375,34.831833,163.87093,71.11307,*,G5
HD 171918, ,18,37,42.6,-,7,20,12,25,0,7.983,0.426,2.585,0.0,3.749,0.19,57,4.19,0.91,9.2,7.2,11.0,1.11,1.03,1.15,-67.3,0.2,0.1,2,350,0.908,2,106,-77,2,17.4,1.0,-58,-34,-35,7.948,0.0,5.95,8.61,0.18,0.49,279.42749999999995,-7.336666666666666,51.659542,24.089241,0.0,PM*,G5V
HD 171942,*,18,42,2.8,-,64,19,24,331,-23,8.707,0.421,0.0,0.0,3.744,-0.12,55,5.0,0.46,13.9,4.4,0.0,0.88,0.85,0.95,-2.5,0.3,0.5,3,2094,0.175,3,27,-217,2,18.1,1.2,-35,-42,-19,7.956,-0.022,5.82,8.11,0.16,0.17,280.5116666666666,-64.32333333333332,44.28005,-24.54482,-21.490211,PM*,G5V
HD 172066, ,18,32,30.2,+,68,36,51,99,27,7.589,0.346,2.636,0.021,3.795,-0.08,90,2.73,1.52,2.3,2.1,2.5,1.45,1.39,1.5,-19.2,0.2,0.2,4,1363,0.95,11,-15,67,2,11.1,0.6,-24,-26,0,8.012,0.041,6.75,8.1,0.09,0.11,278.12583333333333,68.61416666666666,-12.544572,79.203316,40.859142,PM*,G5
HD 172083, ,18,31,3.1,+,73,5,1,104,27,8.178,0.349,2.619,0.002,3.778,-0.22,60,4.29,0.48,6.3,3.0,8.6,1.03,0.97,1.09,-10.9,0.3,0.1,2,734,0.78,3,63,103,1,16.7,0.6,-29,-10,-19,8.013,0.028,7.44,8.36,0.06,0.18,277.7629166666666,73.08361111111111,-12.933238,51.87239,27.23943,PM*,G0
HD 172151, ,18,38,1.5,+,14,58,10,45,10,8.547,0.387,2.605,0.007,3.765,0.04,110,3.34,1.51,5.1,3.3,6.5,1.18,1.1,1.28,-34.1,0.3,0.2,2,1018,0.549,4,-46,47,1,0.0,0.0,-36,-19,26,7.923,0.018,6.88,8.29,0.09,0.59,279.50624999999997,14.969444444444445,76.60006,76.60006,19.1013,PM*,G5
HD 172233, ,18,39,10.3,+,0,6,22,32,3,8.045,0.39,2.604,0.008,3.761,-0.07,63,4.05,0.98,8.3,5.9,10.9,1.02,0.97,1.08,-37.7,0.2,0.2,2,404,0.462,2,79,3,1,0.0,0.0,-37,-9,-22,7.946,0.003,7.22,8.52,0.08,0.24,279.79291666666666,0.10611111111111111,53.35381,33.33916,3.2971654,PM*,G3V
HD 172267, ,18,33,37.6,+,69,3,50,99,27,8.368,0.361,2.632,0.023,3.789,0.02,98,3.31,0.98,2.9,2.3,3.5,1.27,1.17,1.36,1.2,0.3,0.4,2,250,0.301,7,32,-4,2,0.0,0.0,-1,8,-13,8.014,0.044,7.96,8.94,0.06,0.1,278.40666666666664,69.06388888888888,-13.659645,86.24361,44.49107,*,G5
HD 172299,*,18,40,53.0,-,34,56,55,0,-13,9.459,0.424,0.0,0.0,3.744,-0.01,84,4.84,0.53,12.4,4.4,0.0,0.91,0.87,0.98,-30.4,0.4,0.5,2,768,0.24,4,-11,-29,2,9.1,2.1,-29,-13,6,7.918,-0.019,7.2,8.21,0.07,0.19,280.2208333333333,-34.948611111111106,81.847084,0.0,-18.895887,*,G8V
HD 172310, ,18,38,16.1,+,28,55,31,58,15,8.413,0.441,2.569,0.0,3.729,-0.5,35,5.67,0.36,0.0,0.0,0.0,0.79,0.75,0.86,30.4,0.4,0.6,2,738,0.089,1,-41,-470,2,28.3,1.0,83,-10,-15,7.982,0.009,6.07,10.64,0.27,0.14,279.5670833333333,28.92527777777778,17.915194,28.670303,9.058666,PM*,G5V
HD 172339, ,18,27,33.4,+,79,47,41,111,28,8.307,0.353,2.621,0.023,3.786,-0.4,93,3.36,1.38,5.2,4.4,6.2,1.12,1.06,1.19,6.0,0.3,0.6,4,1391,0.258,6,81,45,2,10.7,0.7,-26,13,-29,8.03,0.043,7.92,9.47,0.09,0.38,276.88916666666665,79.79472222222222,-29.427067,76.66014,43.66086,PM*,G5
HD 172513, ,18,42,2.3,-,34,27,58,1,-13,7.945,0.444,2.603,0.0,3.735,-0.01,33,5.34,0.22,0.0,0.0,0.0,0.87,0.84,0.96,-12.1,0.1,0.2,6,3033,0.673,3,-6,-64,2,30.1,1.3,-12,-10,-1,7.968,-0.008,7.67,7.98,0.02,0.1,280.5095833333333,-34.46611111111111,32.149315,0.5611684,-7.4233847,PM*,G8V
HD 172518,*,18,43,46.0,-,55,15,12,341,-21,8.852,0.417,0.0,0.0,3.748,-0.07,81,4.32,1.01,11.7,8.8,14.9,0.95,0.89,1.01,-49.7,0.3,0.4,2,401,0.181,2,-42,-154,8,12.4,1.4,-65,-42,15,7.929,-0.029,5.52,8.62,0.22,0.37,280.9416666666666,-55.25333333333333,71.50013,-24.619457,-29.027803,PM*,G5V
HD 172548, ,18,41,49.3,-,26,17,44,8,-10,8.926,0.447,2.598,0.0,3.734,-0.15,108,3.77,1.92,9.6,6.7,13.1,0.96,0.91,1.08,25.5,0.2,0.5,5,1857,0.159,2,78,-10,2,9.3,1.2,17,15,-42,7.895,-0.018,7.66,9.7,0.12,0.68,280.4554166666666,-26.295555555555556,105.32416,14.802345,-18.754004,PM*,G5V
HD 172582,*,18,43,40.5,-,50,9,54,346,-19,9.32,0.426,0.0,0.0,3.737,-0.41,64,5.3,0.52,0.0,0.0,0.0,0.82,0.79,0.89,-37.8,0.6,0.9,2,973,0.053,3,-63,-179,2,15.7,1.5,-49,-47,12,7.942,-0.021,5.48,8.28,0.2,0.31,280.91874999999993,-50.165,58.71569,-14.639458,-20.83636,PM*,G6V
HD 172867, ,18,42,4.9,+,11,45,39,42,7,7.838,0.387,2.602,0.011,3.76,-0.25,66,3.73,1.48,8.2,6.9,9.6,1.03,1.0,1.09,-8.6,0.2,0.2,2,404,0.547,2,-53,-105,2,15.1,1.0,18,-33,-1,7.952,0.009,6.19,8.21,0.14,0.09,280.5204166666666,11.760833333333334,48.681965,43.833443,8.043377,PM*,G0
HD 173024, ,18,41,27.4,+,40,28,35,69,19,8.363,0.384,2.609,0.022,3.772,-0.28,83,3.68,1.28,7.3,6.1,8.5,1.07,1.02,1.12,3.6,0.3,0.4,2,59,0.32,2,-12,61,1,12.1,0.7,-20,7,13,7.973,0.027,7.91,8.85,0.06,0.33,280.3641666666666,40.47638888888889,28.124018,73.265564,27.022156,PM*,G5
HD 173071, ,18,43,15.7,+,9,2,28,40,6,8.2,0.386,2.609,0.007,3.764,0.0,52,4.64,0.26,5.9,0.0,10.7,1.01,0.95,1.08,-36.5,0.2,0.1,2,742,0.92,4,39,31,3,19.4,1.2,-35,-15,-9,7.961,0.005,7.08,8.34,0.08,0.03,280.81541666666664,9.04111111111111,39.616096,33.24185,5.43548,PM*,G0
HD 173472, ,18,45,10.8,+,8,57,40,40,5,8.489,0.439,2.569,0.0,3.737,-0.04,48,5.08,0.46,15.4,0.0,0.0,0.89,0.85,0.95,-9.3,0.4,0.6,2,116,0.122,4,29,-25,2,0.0,0.0,-5,-7,-9,7.964,0.005,7.78,8.04,0.02,0.03,281.29499999999996,8.96111111111111,36.63021,30.736395,4.1834755,*,G5
HD 173483,*,18,46,43.0,-,29,30,11,6,-12,8.494,0.401,0.0,0.0,3.75,-0.46,59,4.65,0.94,15.9,10.8,0.0,0.85,0.82,0.89,-31.5,0.5,0.8,2,714,0.059,3,-62,-175,3,17.0,1.2,-26,-55,2,7.943,-0.012,5.24,7.99,0.21,0.13,281.6791666666666,-29.503055555555555,57.394566,6.0324116,-12.26679,PM*,G2/3V
HD 173493, ,18,44,29.1,+,27,31,53,57,14,8.263,0.362,2.646,0.047,3.803,0.05,136,2.39,1.56,1.8,1.5,2.1,1.55,1.45,1.66,-31.0,1.1,1.8,4,1544,0.62,35,17,17,2,4.8,0.9,-28,-16,-13,7.928,0.032,7.09,8.14,0.07,0.09,281.12125,27.531388888888888,71.87069,110.67115,32.90138,*,G5
HD 173560,*,18,48,33.2,-,50,42,11,345,-20,8.703,0.403,0.0,0.0,3.752,-0.21,86,4.03,1.33,10.8,8.4,13.4,0.98,0.91,1.04,-7.7,0.5,0.7,2,973,0.091,3,-7,-209,2,11.6,1.3,-34,-76,-21,7.922,-0.03,4.29,8.01,0.3,0.21,282.13833333333326,-50.70305555555556,78.059906,-20.91611,-29.41373,PM*,G3/5V
HD 173683,*,18,48,12.4,-,37,28,46,358,-16,9.908,0.406,0.0,0.0,3.754,0.05,126,4.41,0.69,9.1,5.3,12.4,1.01,0.94,1.07,-40.3,0.3,0.2,2,788,0.627,3,-33,-60,2,9.7,1.8,-38,-40,15,7.879,-0.034,5.82,8.09,0.16,0.35,282.0516666666666,-37.47944444444445,121.04519,-4.2270036,-34.73031,PM*,G6V
HD 173742, ,18,45,28.2,+,34,12,49,64,16,7.619,0.451,0.0,0.0,3.736,0.04,77,3.19,2.31,3.8,3.3,4.5,1.27,1.24,1.34,-34.5,0.2,0.3,2,1100,0.367,2,18,50,3,13.0,0.7,-32,-21,-9,7.967,0.021,6.82,8.2,0.09,0.03,281.36749999999995,34.21361111111111,32.446987,66.52618,21.224077,PM*,G5
HD 173858, ,18,48,42.7,-,29,25,10,6,-12,9.435,0.378,0.0,0.0,3.762,-0.58,103,4.37,1.04,11.7,7.1,15.6,0.88,0.82,0.95,66.0,0.2,0.4,3,1146,0.265,4,2,-36,3,0.0,0.0,64,-8,-22,7.9,-0.022,6.34,9.93,0.22,0.25,282.17791666666665,-29.419444444444444,100.197296,10.531159,-21.414906,*,G1/2Vw
HD 173906, ,18,44,31.0,+,57,17,6,87,23,7.7,0.363,2.626,0.017,3.773,-0.23,68,3.54,1.36,6.3,5.4,7.3,1.11,1.07,1.15,-17.0,0.2,0.5,4,981,0.251,9,11,110,1,14.7,0.6,-36,-16,-2,7.997,0.027,7.03,8.4,0.09,0.08,281.12916666666666,57.285,3.2759352,62.508545,26.569717,PM*,G0
HD 174078, ,18,42,21.4,+,71,39,11,102,26,8.593,0.362,2.636,0.037,3.795,-0.08,124,2.97,1.28,2.5,2.2,3.1,1.34,1.25,1.43,1.1,0.8,1.1,2,250,0.078,16,9,-18,2,0.0,0.0,9,6,-5,8.024,0.055,7.82,8.99,0.07,0.07,280.58916666666664,71.65305555555557,-23.171846,109.01501,54.358025,*,G5
HD 174541, ,18,52,32.6,-,36,35,3,0,-16,8.601,0.392,2.573,0.0,3.761,0.04,78,4.15,0.79,7.6,4.7,10.2,1.05,0.99,1.12,-64.9,0.3,0.6,4,855,0.109,3,0,-97,2,12.9,1.5,-66,-34,4,7.925,-0.021,5.81,8.74,0.2,0.18,283.1358333333333,-36.58416666666667,74.97841,0.0,-21.499714,PM*,G3V
HD 174719, ,18,51,48.4,+,3,1,51,36,1,7.517,0.425,2.575,0.0,3.74,-0.25,28,5.26,0.39,0.0,0.0,0.0,0.84,0.81,0.91,-17.8,0.3,0.4,2,738,0.241,3,-7,-141,2,35.3,1.0,-4,-24,-8,7.977,0.001,6.83,7.99,0.08,0.01,282.95166666666665,3.0308333333333333,22.649025,16.45548,0.48866737,PM*,G5/6V
HD 174985, ,18,53,0.5,+,9,57,22,42,4,8.577,0.396,2.619,0.034,3.779,0.1,117,3.09,1.37,2.8,2.4,3.4,1.36,1.27,1.45,5.4,0.4,0.5,2,1010,0.155,5,-28,17,2,0.0,0.0,2,4,18,7.913,0.009,7.79,8.67,0.05,0.43,283.25208333333325,9.95611111111111,86.736145,78.09758,8.161507,*,G0
HD 175036, ,18,52,27.4,+,26,32,5,57,12,8.256,0.376,2.624,0.021,3.778,0.0,69,3.96,0.61,4.2,2.6,6.9,1.11,1.05,1.18,-55.6,0.2,0.3,4,1832,0.79,5,110,156,2,14.4,1.7,-80,-10,-22,7.963,0.014,6.41,9.81,0.21,0.26,283.1141666666666,26.534722222222225,36.75888,56.60371,14.345907,PM*,G0V
HD 175169, ,19,7,8.4,-,80,33,8,314,-27,8.855,0.439,0.0,0.0,3.74,0.0,69,4.65,0.8,14.7,10.1,0.0,0.91,0.88,0.96,14.3,0.3,0.0,1,0,0.0,4,-48,9,2,14.4,1.0,16,-12,8,7.958,-0.032,7.14,8.42,0.08,0.23,286.78499999999997,-80.55222222222221,42.707214,-44.224617,-31.325344,*,G5V
HD 175179, ,18,54,23.2,-,4,36,18,29,-3,9.08,0.379,2.582,0.003,3.758,-0.55,84,4.46,1.02,12.9,8.0,17.5,0.85,0.81,0.93,21.4,0.2,0.5,5,4440,0.262,3,-134,-429,2,11.9,1.5,106,-142,-31,7.927,-0.004,1.75,9.27,0.68,0.53,283.5966666666666,-4.6049999999999995,73.36737,40.668198,-4.3962207,PM*,G5V
HD 175425, ,18,53,38.1,+,37,59,6,68,16,7.902,0.415,2.603,0.022,3.762,0.12,53,4.19,0.67,6.9,3.9,9.6,1.1,1.04,1.15,-68.3,0.2,0.1,2,372,0.833,3,-47,-84,2,18.9,0.8,-3,-71,-16,7.981,0.014,4.58,7.99,0.27,0.13,283.40874999999994,37.985,19.085035,47.23711,14.60878,PM*,G0
HD 175568, ,18,57,6.5,-,28,6,57,8,-14,8.924,0.376,2.612,0.023,3.776,-0.32,75,4.44,0.47,6.5,0.9,10.2,0.99,0.93,1.05,-20.3,0.3,0.5,4,1587,0.203,5,16,-21,2,13.3,1.4,-21,-7,-3,7.928,-0.018,7.6,8.13,0.03,0.06,284.2770833333333,-28.115833333333335,72.063965,10.12793,-18.144142,*,G0V
HD 175591, ,18,55,33.4,+,15,50,39,48,6,8.354,0.371,2.637,0.036,3.792,0.13,92,3.38,0.74,2.6,2.0,3.2,1.3,1.23,1.38,-7.9,0.3,0.4,2,265,0.351,3,-47,-56,2,0.0,0.0,17,-27,7,7.938,0.01,6.46,8.22,0.12,0.21,283.88916666666665,15.844166666666668,61.222782,67.9948,9.616619,PM*,G5
HD 175607, ,19,1,5.4,-,66,11,33,330,-26,8.61,0.438,2.545,0.0,3.729,-0.63,45,5.33,0.77,0.0,8.6,0.0,0.79,0.76,0.83,-92.0,0.1,0.2,7,2459,0.892,1,133,-386,2,22.1,1.2,-126,-16,2,7.965,-0.02,5.56,11.32,0.34,0.17,285.2725,-66.19250000000001,35.027027,-20.222874,-19.726702,PM*,G6V
HD 175629,*,18,58,48.2,-,50,51,35,346,-22,8.838,0.443,0.0,0.0,3.735,-0.25,57,5.06,0.69,0.0,9.9,0.0,0.85,0.81,0.9,-73.2,0.2,0.2,2,294,0.618,1,33,-32,2,8.3,1.1,-72,10,16,7.949,-0.021,7.03,10.4,0.19,0.44,284.7008333333333,-50.859722222222224,51.27963,-12.7854395,-21.352575,*,G5V
HD 175735, ,18,59,24.4,-,50,20,34,346,-22,8.54,0.355,2.654,0.037,3.8,0.28,98,3.42,0.44,1.8,0.4,3.1,1.35,1.29,1.41,1.0,0.3,0.4,2,1116,0.182,8,58,-26,2,10.2,1.1,-10,-2,-28,7.912,-0.036,7.91,8.17,0.02,0.32,284.85166666666663,-50.34277777777778,88.16498,-21.981985,-36.711445,PM*,G0V
HD 176339,*,19,3,27.4,-,59,46,12,337,-25,9.662,0.43,0.0,0.0,3.736,-0.31,68,5.48,0.29,0.0,0.0,0.0,0.83,0.79,0.89,21.6,0.3,0.2,2,400,0.637,3,30,11,2,14.6,1.4,17,-1,-17,7.943,-0.029,7.46,8.81,0.08,0.15,285.8641666666666,-59.769999999999996,56.72973,-24.080338,-28.738043,*,G6V
HD 176367, ,19,1,6.0,-,28,42,50,8,-15,8.506,0.356,2.626,-0.001,3.778,0.11,63,4.51,-0.04,0.0,0.0,5.0,1.1,1.05,1.15,-5.8,0.5,0.3,2,719,0.676,17,7,-93,2,15.9,1.1,-5,-26,-11,7.94,-0.016,6.73,7.95,0.08,0.06,285.2749999999999,-28.71388888888889,60.261105,8.469146,-16.3056,PM*,G1V
HD 176377, ,18,58,51.0,+,30,10,50,61,12,6.804,0.385,2.588,0.005,3.759,-0.29,23,4.96,0.31,7.1,0.0,15.8,0.9,0.83,0.99,-41.2,0.2,0.2,2,643,0.595,1,55,196,2,42.7,0.6,-39,-25,-5,7.989,0.005,6.57,8.33,0.12,0.03,284.7125,30.180555555555557,10.906952,19.676664,4.781969,PM*,G1V
HD 176463, ,19,4,6.3,-,59,44,34,337,-25,7.883,0.416,2.6,0.03,3.764,0.01,83,3.17,1.73,4.3,3.8,5.1,1.23,1.18,1.33,-12.8,0.1,0.2,6,1898,0.895,4,75,-71,2,12.1,0.9,-32,-10,-26,7.931,-0.035,7.31,8.37,0.07,0.3,286.02625,-59.74277777777778,69.24364,-29.392174,-35.077316,PM*,G3V
HD 176612, ,19,2,13.8,-,28,39,3,8,-15,8.843,0.357,2.613,0.003,3.774,-0.29,84,4.22,0.71,7.3,4.1,10.6,1.0,0.94,1.06,-16.7,0.3,0.1,2,719,0.914,3,-14,-109,3,11.9,1.5,-12,-45,-8,7.92,-0.021,5.74,7.92,0.16,0.02,285.5575,-28.65083333333333,80.348145,11.292195,-21.740799,PM*,G1V
HD 176790, ,19,3,47.4,-,40,15,4,357,-19,8.156,0.418,2.567,0.0,3.746,-0.22,67,4.02,1.48,11.1,9.2,13.4,0.97,0.92,1.03,19.5,0.2,0.3,5,2521,0.584,3,-123,-6,2,14.9,1.2,30,-17,28,7.937,-0.022,6.76,8.7,0.13,0.65,285.9475,-40.25111111111111,63.262924,-3.3154697,-21.813065,PM*,G5/6V
HD 176796, ,18,57,23.5,+,64,49,50,95,24,8.213,0.351,2.608,-0.001,3.776,-0.61,120,2.81,2.32,4.0,3.3,4.9,1.18,1.13,1.25,-0.4,0.3,0.5,3,414,0.322,6,-19,-92,2,8.3,0.6,53,5,-2,8.01,0.049,6.95,10.25,0.19,0.11,284.3479166666666,64.83055555555555,-9.55449,109.2083,48.808395,PM*,G0
HD 176845, ,19,0,25.5,+,39,20,15,70,15,7.913,0.351,2.656,0.043,3.809,0.21,137,2.04,1.65,1.5,1.2,1.9,1.73,1.66,1.85,-32.3,2.0,2.8,2,1021,0.018,40,14,44,2,7.3,0.8,-39,-19,-6,7.954,0.036,6.78,8.36,0.1,0.04,285.10625,39.337500000000006,45.260155,124.35125,35.45821,*,G2Ib/II
HD 177113, ,19,2,57.9,+,10,27,38,44,2,8.34,0.376,2.614,0.012,3.767,-0.11,74,3.99,0.94,7.5,5.2,9.9,1.03,0.98,1.1,-1.5,0.3,0.4,2,1022,0.325,3,-29,-74,2,0.0,0.0,18,-21,-3,7.946,0.003,6.73,8.31,0.1,0.06,285.74125,10.460555555555555,53.19872,51.37341,2.5825627,PM*,G5
HD 177122, ,19,4,41.4,-,31,22,21,6,-16,8.222,0.368,2.601,-0.001,3.768,-0.31,53,4.6,0.48,8.3,2.2,13.0,0.95,0.88,1.02,-31.6,0.2,0.2,4,3217,0.758,3,-1,-53,2,18.9,1.3,-30,-16,4,7.949,-0.015,7.1,8.22,0.07,0.17,286.1725,-31.3725,50.667778,5.325398,-14.60878,PM*,G2V
HD 177153, ,19,1,39.6,+,41,29,24,72,16,7.213,0.365,2.618,0.012,3.771,-0.26,41,4.13,0.84,10.1,5.4,11.7,1.0,0.96,1.06,-15.3,0.2,0.2,4,999,0.852,3,-77,30,2,24.2,0.6,-6,-18,11,7.988,0.011,7.22,8.0,0.05,0.28,285.41499999999996,41.49,12.178893,37.48278,11.301131,PM*,G0
HD 177274, ,19,0,12.4,+,61,25,23,92,23,8.352,0.375,2.628,0.029,3.784,0.03,88,3.49,0.91,3.2,2.7,3.7,1.26,1.17,1.32,-5.5,0.6,0.9,2,1012,0.033,7,-11,66,3,11.3,0.7,-25,-10,9,8.002,0.034,7.48,8.25,0.05,0.25,285.0516666666666,61.42305555555555,-2.8270109,80.95508,34.38434,PM*,G5
HD 177305, ,19,3,26.5,+,17,4,2,50,5,7.615,0.389,2.587,0.005,3.757,-0.36,43,4.43,0.94,13.1,8.9,17.0,0.87,0.84,0.97,-52.5,0.2,0.1,2,644,0.984,2,-117,-60,1,23.1,1.0,-18,-55,11,7.972,0.004,5.28,7.99,0.2,0.28,285.86041666666665,17.06722222222222,27.534687,32.814564,3.7476966,PM*,G0
HD 177409, ,19,9,54.5,-,68,17,58,327,-27,7.532,0.392,2.587,0.004,3.757,-0.25,35,4.8,0.48,11.3,4.3,0.0,0.9,0.84,0.98,-9.7,0.1,0.2,6,2685,0.811,3,155,-43,2,28.4,0.9,-20,8,-19,7.974,-0.016,7.91,8.89,0.06,0.19,287.47708333333327,-68.29944444444445,26.154135,-16.98469,-15.8896675,PM*,G1VCH-0.4
HD 177565, ,19,6,52.4,-,37,48,38,359,-19,6.156,0.436,2.588,0.0,3.74,0.05,17,4.98,0.43,13.2,5.0,0.0,0.91,0.87,0.98,59.5,0.1,0.2,4,3216,0.624,3,-188,-366,2,58.2,0.9,58,-32,-15,7.984,-0.006,5.74,9.17,0.23,0.13,286.71833333333336,-37.81055555555555,16.07137,-0.28053004,-5.5346584,PM*,G6V
HD 177572, ,19,4,26.2,+,22,39,55,55,7,8.472,0.385,2.639,0.043,3.79,0.34,95,3.39,0.66,2.0,1.2,3.2,1.33,1.28,1.39,-10.8,0.2,0.3,2,395,0.431,4,-15,-145,1,10.5,1.1,46,-42,-24,7.945,0.012,5.51,8.66,0.22,0.27,286.1091666666666,22.665277777777778,54.083607,77.239395,11.577588,PM*,G0
HD 177675, ,19,4,57.2,+,20,37,31,53,6,8.24,0.33,2.613,-0.016,3.787,-0.23,66,4.14,0.43,4.4,0.8,7.0,1.07,1.0,1.13,9.0,0.4,0.6,2,346,0.293,7,25,-30,1,0.0,0.0,10,5,-10,7.96,0.007,7.72,8.92,0.07,0.04,286.2383333333333,20.62527777777778,39.502197,52.421192,6.8988786,*,G0
HD 177715,*,19,6,54.1,-,26,13,45,11,-15,9.55,0.436,0.0,0.0,3.735,-0.27,74,5.2,0.56,0.0,2.6,0.0,0.84,0.8,0.9,-20.3,0.3,0.4,2,294,0.342,6,22,-59,2,0.0,0.0,-20,-20,-10,7.93,-0.019,6.99,7.99,0.07,0.04,286.72541666666666,-26.229166666666664,70.165245,13.638742,-19.152609,PM*,G8V
HD 177780, ,19,4,16.3,+,41,0,11,72,15,8.394,0.404,2.608,0.017,3.753,-0.11,58,4.56,0.69,11.5,7.3,15.8,0.94,0.88,1.0,-18.0,0.2,0.1,2,688,0.967,3,15,-9,2,17.1,0.7,-4,-16,-9,7.982,0.015,7.33,8.01,0.04,0.04,286.06791666666663,41.003055555555555,17.312273,53.281704,15.011504,*,G3V
HD 177966, ,19,7,23.6,-,12,50,38,23,-9,8.329,0.45,2.573,0.0,3.734,0.09,43,5.16,0.35,0.0,0.0,0.0,0.91,0.86,0.98,-54.5,0.1,0.3,6,2639,0.44,1,44,-6,1,0.0,0.0,-51,-20,0,7.961,-0.007,6.56,8.65,0.14,0.1,286.8483333333333,-12.84388888888889,39.094395,16.594585,-6.7266827,*,G8V
HD 177985, ,19,6,45.5,+,5,3,45,39,-1,8.658,0.4,2.637,0.055,3.792,0.44,103,3.36,0.61,1.7,1.0,2.2,1.34,1.28,1.4,-7.9,0.3,0.3,2,683,0.378,7,3,-27,2,0.0,0.0,1,-14,-7,7.92,-0.002,7.31,8.03,0.05,0.0,286.68958333333336,5.0625,80.033844,64.81013,-1.7975978,*,G1/2V
HD 178084, ,19,10,39.8,-,58,5,19,339,-25,8.591,0.407,2.602,0.026,3.77,0.11,139,2.76,1.91,2.6,2.2,3.4,1.46,1.39,1.51,25.3,0.2,0.1,2,353,0.87,4,-37,-11,2,6.3,1.2,26,-23,10,7.883,-0.059,6.49,8.4,0.13,0.26,287.6658333333333,-58.08861111111111,117.60945,-45.146053,-58.74394,*,G2V
HD 178478, ,19,8,18.8,+,15,1,2,48,3,8.242,0.415,2.582,0.027,3.757,-0.28,47,4.77,0.54,11.3,2.0,0.0,0.9,0.84,0.98,-110.4,0.3,0.1,2,378,0.928,3,62,58,1,0.0,0.0,-86,-70,-12,7.969,0.003,4.26,8.86,0.35,0.08,287.0783333333333,15.017222222222223,31.406036,34.879944,2.45979,PM*,G5
HD 178673, ,19,10,41.8,-,29,48,49,8,-17,8.021,0.365,2.616,0.012,3.772,-0.27,73,3.7,1.26,7.3,5.8,8.9,1.06,1.0,1.12,27.6,0.3,0.1,2,1525,0.985,5,-108,-89,3,13.7,1.2,39,-37,14,7.931,-0.021,5.78,8.56,0.19,0.35,287.6741666666667,-29.81361111111111,69.13085,9.715708,-21.343134,PM*,G0V
HD 178736,*,19,22,25.0,-,80,30,22,314,-28,9.54,0.475,0.0,0.0,3.717,-0.25,57,5.76,0.34,0.0,0.0,0.0,0.8,0.77,0.85,19.3,0.4,0.6,2,2301,0.253,6,-51,-100,2,0.0,0.0,-2,-36,4,7.965,-0.027,6.23,7.99,0.12,0.17,290.60416666666663,-80.50611111111111,34.960773,-36.20294,-26.75988,PM*,G8/K1
HD 178844,*,19,11,57.3,-,39,30,1,358,-21,8.794,0.423,0.0,0.0,3.741,-0.21,47,5.45,0.15,0.0,0.0,0.0,0.86,0.81,0.93,-48.5,0.3,0.2,2,983,0.683,4,89,-104,2,21.4,1.5,-55,-15,-8,7.956,-0.016,6.71,8.86,0.14,0.02,287.98875,-39.500277777777775,43.85155,-1.5313344,-16.843294,PM*,G5V
HD 178904, ,19,13,0.9,-,49,54,10,347,-24,8.37,0.426,2.601,0.0,3.746,0.06,57,4.59,0.68,11.3,7.3,15.3,0.96,0.9,1.01,-25.3,0.1,0.3,6,1915,0.454,3,213,-9,2,17.5,1.0,-42,21,-42,7.949,-0.023,7.68,10.29,0.15,0.71,288.25374999999997,-49.90277777777778,50.737484,-11.71367,-23.183989,PM*,G3/5IV
HD 179027,*,19,12,6.4,-,28,29,6,9,-17,9.496,0.46,0.0,0.0,3.729,0.02,67,5.37,0.29,0.0,0.0,0.0,0.88,0.83,0.94,32.2,0.3,0.1,2,1525,0.835,1,-15,-88,2,12.9,2.0,34,-22,-15,7.937,-0.019,6.43,8.64,0.15,0.12,288.02666666666664,-28.485,63.28358,10.023135,-19.588903,PM*,G8V
HD 179066, ,19,16,1.2,-,67,5,22,329,-27,8.461,0.385,2.603,0.01,3.763,-0.2,85,3.8,1.3,8.1,6.4,10.1,1.03,0.99,1.09,14.2,0.2,0.2,2,1852,0.544,3,-39,59,2,11.7,1.2,29,8,10,7.935,-0.039,7.39,9.57,0.13,0.28,289.00499999999994,-67.08944444444444,64.91804,-39.0067,-38.58919,PM*,G2V
HD 179889, ,19,38,34.0,-,85,0,16,308,-28,8.275,0.377,2.627,0.035,3.784,-0.09,93,3.27,1.24,3.1,2.6,5.1,1.21,1.15,1.34,-33.4,0.4,0.7,3,2209,0.021,3,93,-28,2,10.7,0.8,-44,26,-18,7.949,-0.044,7.68,10.53,0.16,0.19,294.6416666666666,-85.00444444444445,50.554504,-64.70681,-43.66086,PM*,G0/2V
HD 180079, ,19,14,18.1,+,20,56,44,54,5,8.466,0.357,2.62,0.004,3.775,-0.16,66,4.37,0.42,5.8,0.4,9.3,1.02,0.96,1.09,12.0,0.2,0.2,2,376,0.566,6,-4,-79,1,0.0,0.0,26,-3,-9,7.961,0.005,7.24,8.98,0.11,0.03,288.5754166666666,20.945555555555554,38.646202,53.191936,5.752279,PM*,G0
HD 180152, ,19,16,48.0,-,31,50,55,6,-19,8.731,0.42,2.599,0.0,3.749,-0.01,73,4.41,0.85,11.0,7.5,14.5,0.96,0.9,1.03,-47.6,0.2,0.4,3,1031,0.377,2,3,-143,2,0.0,0.0,-44,-52,-3,7.931,-0.024,5.26,8.18,0.22,0.07,289.19999999999993,-31.84861111111111,68.644745,7.2148533,-23.766474,PM*,G3V
HD 180502, ,19,15,38.0,+,29,7,19,62,8,7.922,0.408,2.614,0.027,3.773,0.37,88,3.07,1.28,2.4,2.0,2.9,1.43,1.39,1.47,-7.4,0.2,0.3,2,1048,0.336,2,-6,-88,1,11.3,0.8,28,-21,-15,7.958,0.012,6.6,8.54,0.13,0.12,288.9083333333333,29.121944444444445,40.91144,76.943214,12.247233,PM*,G0IV
HD 180710, ,20,13,45.1,-,87,49,22,305,-28,8.443,0.351,2.611,-0.007,3.78,-0.07,82,3.87,0.72,4.2,2.9,7.2,1.11,1.06,1.19,-10.2,0.2,0.3,3,2210,0.618,7,79,-120,1,12.2,0.7,-53,-20,-7,7.958,-0.038,6.55,8.68,0.14,0.04,303.4379166666666,-87.82277777777777,41.527905,-59.308006,-38.49667,PM*,G0V(+A/F)
HD 180751, ,19,19,33.1,-,42,3,54,356,-23,8.001,0.373,2.616,0.024,3.782,-0.14,84,3.28,1.33,4.7,2.8,5.6,1.19,1.12,1.29,-22.5,0.2,0.1,3,1813,0.957,7,74,-15,2,11.9,1.1,-32,5,-19,7.923,-0.032,7.65,8.94,0.08,0.19,289.8879166666666,-42.065,77.134056,-5.3937316,-32.821415,PM*,G0V
HD 180890, ,19,17,37.7,+,19,9,39,53,3,8.349,0.451,0.0,0.0,3.734,0.1,44,5.13,0.37,0.0,0.0,0.0,0.91,0.86,0.98,-66.0,0.2,0.3,3,1098,0.513,2,17,-110,1,0.0,0.0,-24,-63,-17,7.974,0.002,4.89,8.01,0.24,0.15,289.40708333333333,19.160833333333333,26.44357,35.091805,2.3027823,PM*,G5
HD 181010,*,19,19,56.1,-,30,28,8,8,-19,8.781,0.492,0.0,0.0,3.714,0.04,45,5.51,0.45,0.0,4.4,0.0,0.85,0.82,0.91,-53.3,0.5,0.7,2,296,0.03,2,58,-171,2,22.2,1.9,-53,-38,-6,7.958,-0.015,5.81,8.45,0.18,0.02,289.98374999999993,-30.468888888888888,42.13426,5.921584,-14.650566,PM*,G8/K0V
HD 181177, ,19,23,36.4,-,63,11,30,333,-28,8.054,0.404,2.594,0.006,3.754,-0.23,63,4.05,1.28,10.8,8.9,12.8,0.99,0.95,1.04,48.3,0.2,0.3,5,2219,0.575,2,-83,-136,2,15.8,1.1,28,-62,-4,7.95,-0.029,4.82,8.2,0.26,0.05,290.90166666666664,-63.19166666666666,49.56286,-25.25354,-29.57671,PM*,G2/3V
HD 181253, ,19,19,17.0,+,14,10,39,49,0,7.515,0.345,2.637,0.015,3.785,-0.13,76,3.12,1.41,2.9,2.5,4.8,1.31,1.18,1.38,-29.0,0.3,0.1,2,744,0.842,8,2,10,2,13.2,1.0,-22,-19,1,7.95,0.001,7.03,8.03,0.07,0.12,289.8208333333333,14.1775,49.860485,57.35793,0.0,*,G0
HD 181428, ,19,21,39.3,-,29,36,19,9,-19,7.106,0.368,2.628,0.022,3.783,0.01,50,3.52,0.92,3.4,2.9,3.8,1.25,1.14,1.3,36.7,0.2,0.4,4,3967,0.134,6,124,-10,1,20.0,1.0,24,13,-38,7.953,-0.016,7.57,9.77,0.13,0.6,290.41375,-29.60527777777778,46.693886,7.395585,-16.278406,PM*,G1V
HD 181452,*,19,22,2.8,-,35,52,5,2,-21,8.863,0.413,0.0,0.0,3.749,-0.27,80,4.35,1.13,13.7,10.3,0.0,0.89,0.85,0.96,25.8,0.2,0.2,2,292,0.661,5,49,-22,2,0.0,0.0,17,0,-28,7.926,-0.029,7.46,8.82,0.08,0.34,290.51166666666666,-35.86805555555556,74.64094,2.6065187,-28.669436,PM*,G3V
HD 181567, ,19,17,29.4,+,59,21,54,90,20,8.845,0.338,2.638,0.027,3.797,-0.33,97,3.8,0.64,3.6,2.2,5.3,1.11,1.04,1.18,6.1,0.4,0.2,2,250,0.66,9,32,14,2,0.0,0.0,-11,10,-9,8.001,0.033,8.0,8.98,0.06,0.04,289.3725,59.365,-3.984301e-06,91.150185,33.175953,*,G5
HD 181720, ,19,22,52.9,-,32,55,8,6,-20,7.846,0.386,2.576,0.0,3.757,-0.54,56,4.11,1.39,12.1,9.9,14.7,0.9,0.85,0.94,-45.2,0.2,0.3,5,4671,0.421,2,92,-414,2,17.9,1.3,-51,-102,-42,7.948,-0.02,3.29,8.15,0.43,0.65,290.72041666666667,-32.91888888888889,52.334515,5.5005794,-19.153128,PM*,G1V
HD 181983,*,19,36,15.3,-,81,14,49,313,-28,8.429,0.469,0.0,0.0,3.726,0.08,45,5.16,0.53,0.0,10.8,0.0,0.88,0.86,0.93,10.0,0.3,0.5,2,293,0.148,3,97,107,2,22.2,0.8,13,16,-25,7.973,-0.021,7.78,9.65,0.11,0.3,294.06374999999997,-81.24694444444445,27.097595,-29.058613,-21.12622,PM*,G8IV/V
HD 182407, ,19,24,23.0,+,5,33,51,42,-5,7.78,0.384,2.613,0.016,3.767,-0.04,95,2.89,1.98,3.7,2.7,4.4,1.31,1.26,1.4,-28.0,0.2,0.2,2,641,0.509,6,4,22,2,10.5,1.0,-27,-11,5,7.929,-0.008,7.34,8.21,0.06,0.19,291.0958333333333,5.564166666666667,70.33011,63.325516,-8.279795,*,G7V
HD 182588, ,19,30,44.7,-,68,58,18,327,-29,8.759,0.397,2.558,0.0,3.75,-0.49,84,4.14,1.47,13.2,10.5,16.5,0.86,0.83,0.94,8.3,0.2,0.3,4,2124,0.705,5,67,128,2,11.9,1.2,23,47,-25,7.938,-0.04,7.78,12.21,0.22,0.36,292.68625,-68.97166666666666,61.615498,-40.013565,-40.724007,PM*,G2V
HD 182758, ,19,24,56.1,+,31,48,4,65,7,8.186,0.357,2.599,0.003,3.77,-0.58,66,4.08,1.16,10.4,6.6,12.5,0.96,0.87,1.01,2.5,0.2,0.1,3,785,0.975,5,72,-92,2,15.1,0.8,17,0,-33,7.972,0.009,7.52,8.88,0.08,0.44,291.23374999999993,31.801111111111112,27.684898,59.370453,8.043377,PM*,G0
HD 182946,*,19,28,59.3,-,40,50,33,358,-24,9.998,0.44,0.0,0.0,3.737,-0.04,97,5.06,0.48,15.5,2.7,0.0,0.89,0.85,0.95,-15.8,0.2,0.1,2,296,0.86,1,34,-50,2,11.5,2.2,-23,-17,-13,7.912,-0.04,7.09,8.03,0.06,0.09,292.2470833333333,-40.8425,88.55993,-3.0925899,-39.453453,PM*,G8IV/V
HD 183080, ,19,26,24.6,+,33,10,43,66,8,8.721,0.289,2.684,0.029,3.828,-0.13,125,3.11,0.46,1.7,0.9,2.2,1.35,1.28,1.42,-14.4,0.4,0.1,2,263,0.964,12,14,-7,2,0.0,0.0,-5,-12,-11,7.95,0.017,7.52,7.98,0.03,0.06,291.60249999999996,33.17861111111111,50.347286,113.08186,17.396639,*,G5
HD 183140,*,19,34,41.5,-,72,47,44,322,-29,9.296,0.49,0.0,0.0,3.714,-0.05,73,4.98,1.04,0.0,0.0,0.0,0.0,0.0,0.0,-29.3,0.3,0.1,2,401,0.98,10,-4,-14,2,13.7,1.3,-23,11,15,7.949,-0.035,7.87,9.15,0.08,0.39,293.67291666666665,-72.79555555555555,50.312317,-39.30828,-35.3911,*,G8V
HD 183198,*,19,29,51.1,-,37,2,16,2,-23,9.029,0.463,0.0,0.0,3.725,-0.09,46,5.72,0.11,0.0,0.0,0.0,0.84,0.8,0.9,-7.6,0.3,0.1,2,1747,0.936,4,-21,-16,2,21.8,1.7,-6,-5,6,7.958,-0.018,7.87,8.09,0.01,0.19,292.4629166666667,-37.03777777777778,42.31743,1.4777571,-17.97363,*,G6V
HD 183216, ,19,29,40.5,-,30,47,51,8,-21,7.149,0.376,2.615,0.002,3.77,0.13,35,4.45,0.2,4.0,0.0,7.4,1.11,1.05,1.15,-43.1,0.2,0.3,5,1785,0.38,5,4,-263,2,28.8,1.0,-38,-47,0,7.968,-0.013,5.53,8.15,0.19,0.11,292.41875,-30.797500000000003,32.357323,4.5475254,-12.542878,PM*,G2V
HD 183263, ,19,28,24.5,+,8,21,29,45,-4,7.872,0.407,2.611,0.022,3.77,0.32,53,4.16,0.3,3.3,1.1,5.8,1.17,1.14,1.2,-50.7,0.2,0.4,3,1094,0.327,2,-18,-32,2,18.9,1.1,-30,-42,4,7.962,-0.004,5.84,8.06,0.16,0.16,292.10208333333327,8.358055555555556,37.38537,37.38537,-3.697093,*,G6IV
HD 183298, ,19,26,22.0,+,50,59,14,83,16,8.152,0.377,2.621,0.016,3.769,-0.02,84,3.53,1.27,5.7,4.8,6.7,1.15,1.11,1.21,-18.8,0.5,0.7,2,307,0.051,6,30,74,1,11.9,0.7,-34,-14,-4,7.99,0.023,7.13,8.36,0.08,0.05,291.59166666666664,50.98722222222222,9.840458,80.14411,23.153538,PM*,G0.5IV
HD 183341, ,19,28,46.3,+,11,1,37,47,-3,7.455,0.383,2.613,0.013,3.764,-0.06,45,4.21,0.74,7.8,5.1,11.4,1.02,0.98,1.08,-41.3,0.2,0.1,3,1094,0.933,4,-10,-27,2,22.4,0.9,-24,-34,1,7.97,-0.002,6.26,8.03,0.12,0.12,292.1929166666666,11.026944444444446,30.647863,32.865814,-2.355118,*,G5
HD 183414, ,19,35,9.7,-,69,58,32,326,-29,7.901,0.418,2.599,0.019,3.744,-0.25,35,5.15,0.41,14.1,2.1,0.0,0.85,0.82,0.93,3.2,0.2,0.4,6,2904,0.468,10,-2,-174,2,28.2,1.0,-13,-26,-2,7.974,-0.017,6.74,7.98,0.08,0.08,293.7904166666666,-69.97555555555556,25.378237,-17.117847,-16.968336,PM*,G3V
HD 183490, ,19,28,39.1,+,31,20,27,65,7,8.218,0.411,2.613,0.033,3.771,0.21,77,3.64,0.92,5.0,2.8,6.9,1.22,1.15,1.31,-66.1,0.4,0.7,3,1094,0.014,3,-55,-54,2,0.0,0.0,-4,-72,1,7.968,0.009,4.52,7.97,0.28,0.12,292.1629166666666,31.340833333333332,32.29905,69.265526,9.38394,PM*,G5
HD 183505, ,19,35,16.5,-,69,5,36,327,-29,8.163,0.42,2.585,0.0,3.746,-0.03,44,4.93,0.41,11.7,3.2,0.0,0.91,0.86,0.99,29.0,0.1,0.3,6,2904,0.37,3,-25,-178,2,22.6,1.1,3,-46,-10,7.968,-0.022,5.66,8.01,0.17,0.04,293.81874999999997,-69.09333333333333,32.274788,-20.959486,-21.331623,PM*,G3IV/V
HD 183579,*,19,33,8.5,-,54,31,56,343,-28,8.686,0.407,0.0,0.0,3.75,-0.19,59,4.83,0.56,13.4,6.3,0.0,0.89,0.85,0.96,-15.8,0.3,0.5,2,395,0.176,2,106,-81,2,16.9,1.2,-33,-9,-22,7.95,-0.028,7.32,8.42,0.07,0.23,293.2854166666666,-54.532222222222224,49.81765,-15.230786,-27.698822,PM*,G5V
HD 183608,*,19,35,51.2,-,69,25,8,326,-29,9.423,0.504,0.0,0.0,3.706,-0.16,45,6.16,0.09,0.0,0.0,0.0,0.79,0.75,0.84,3.3,0.2,0.2,2,401,0.475,2,49,-119,2,0.0,0.0,-16,-20,-11,7.967,-0.022,7.06,7.99,0.06,0.06,293.9633333333333,-69.41888888888889,32.62916,-22.008661,-21.816433,PM*,G8/K1(III)
HD 183650, ,19,29,21.4,+,31,36,31,65,7,6.946,0.457,0.0,0.0,3.734,0.1,36,4.14,1.36,10.6,9.6,11.8,1.04,1.0,1.07,-10.2,0.1,0.2,18,3026,0.996,1,-24,-411,2,27.5,0.7,56,-33,-31,7.985,0.004,5.76,9.1,0.22,0.41,292.33916666666664,31.608611111111113,15.100854,32.383884,4.3872967,PM*,G6
HD 183877, ,19,32,40.3,-,28,1,11,11,-21,7.159,0.428,2.579,0.0,3.739,-0.27,26,5.08,0.6,0.0,10.8,0.0,0.85,0.82,0.89,-42.9,0.1,0.3,6,3274,0.498,2,71,-749,1,38.4,1.1,-37,-93,-23,7.976,-0.009,3.65,8.07,0.38,0.25,293.16791666666666,-28.01972222222222,23.827126,4.631524,-9.317567,PM*,G8VFe-1CH-0.5
HD 184229,*,19,34,33.3,-,27,9,36,12,-21,8.914,0.414,0.0,0.0,3.746,-0.23,61,5.0,0.51,14.6,4.0,0.0,0.87,0.83,0.94,-13.3,0.3,0.1,2,294,0.896,6,27,-20,2,16.5,1.5,-15,-6,-4,7.945,-0.022,7.81,8.04,0.01,0.05,293.63874999999996,-27.16,55.703945,11.84024,-21.860445,*,G6V
HD 184317, ,19,34,26.0,-,12,55,36,26,-15,7.74,0.381,2.615,0.005,3.769,0.16,49,4.28,0.37,4.6,2.0,7.4,1.13,1.07,1.17,7.2,0.2,0.2,4,1528,0.613,4,-171,-95,2,20.3,0.9,29,-27,24,7.957,-0.013,6.38,8.52,0.14,0.56,293.6083333333333,-12.926666666666666,42.54025,20.748266,-12.682133,PM*,G3V
HD 184374,*,19,35,37.9,-,37,0,9,2,-24,9.421,0.445,0.0,0.0,3.737,0.11,69,5.21,0.22,0.0,0.0,0.0,0.93,0.87,0.99,15.8,0.3,0.1,2,802,0.867,6,-4,-8,2,14.4,1.8,15,-2,-6,7.937,-0.029,7.46,8.67,0.07,0.04,293.9079166666666,-37.0025,62.996235,2.199877,-28.064829,*,G8V
HD 184385, ,19,33,25.5,+,21,50,25,57,1,6.899,0.454,0.0,0.0,3.731,0.01,20,5.38,0.25,0.0,0.0,0.0,0.87,0.84,0.96,11.0,0.1,0.3,45,7393,0.458,2,-21,-205,1,49.6,0.9,21,-1,-7,7.989,0.0,7.42,8.97,0.09,0.0,293.35625,21.840277777777775,10.891122,16.770857,0.3490481,PM*,G8V
HD 184403, ,19,33,26.2,+,23,29,51,58,2,7.818,0.41,2.616,0.031,3.77,0.22,44,4.45,0.12,2.8,0.0,7.2,1.12,1.08,1.15,-27.3,0.2,0.2,3,777,0.63,1,-30,-2,1,22.5,1.0,-11,-25,4,7.977,0.001,6.81,7.98,0.08,0.17,293.3591666666666,23.497500000000002,23.302244,37.291386,1.5355778,*,G0
HD 184514, ,19,36,15.5,-,34,39,21,5,-24,8.509,0.411,2.599,0.031,3.769,0.0,122,2.94,1.84,3.8,2.5,5.0,1.32,1.17,1.43,10.4,0.3,0.4,2,1044,0.27,4,-29,15,2,0.0,0.0,17,5,13,7.889,-0.049,7.52,9.0,0.09,0.33,294.0645833333333,-34.655833333333334,111.028435,9.713729,-49.621872,*,G1V
HD 184525, ,19,34,29.2,+,11,15,30,48,-4,8.191,0.401,2.602,0.008,3.757,0.04,75,3.82,1.22,7.4,5.5,9.5,1.08,1.01,1.16,0.1,0.4,0.6,3,807,0.075,5,-60,-93,2,0.0,0.0,29,-26,3,7.95,-0.006,6.36,8.49,0.14,0.15,293.62166666666667,11.258333333333333,50.062546,55.600098,-5.231735,PM*,G0
HD 184592, ,19,34,55.6,+,11,25,26,48,-4,7.922,0.415,2.592,0.0,3.748,-0.03,42,4.8,0.5,11.7,5.4,17.5,0.91,0.87,0.99,-60.2,0.2,0.2,3,1098,0.635,1,278,8,2,23.7,1.1,-63,-29,-43,7.972,-0.003,6.12,8.86,0.18,0.7,293.7316666666666,11.423888888888888,28.035025,31.136053,-2.9297717,PM*,G5
HD 184601, ,19,31,44.5,+,60,51,51,93,19,8.264,0.363,2.587,0.0,3.765,-0.93,78,3.8,1.78,10.4,8.8,12.1,0.89,0.86,0.94,-63.0,0.7,1.0,2,753,0.044,3,-53,-92,2,12.8,0.7,41,-60,-15,8.003,0.025,4.87,8.48,0.27,0.12,292.93541666666664,60.86416666666667,-3.8597994,73.649376,25.394316,PM*,G0
HD 184846,*,19,43,7.2,-,73,14,55,322,-30,8.919,0.417,0.0,0.0,3.745,-0.32,82,4.35,1.25,15.0,11.9,0.0,0.88,0.85,0.95,90.9,0.3,0.3,2,1765,0.54,4,11,-245,2,12.2,1.1,5,-124,-43,7.944,-0.04,2.52,7.97,0.52,0.66,295.7799999999999,-73.24861111111112,55.95987,-43.72063,-41.0,PM*,G5V
HD 184920, ,19,37,18.5,-,17,10,19,22,-18,8.624,0.351,2.616,-0.004,3.78,-0.08,88,3.9,0.7,4.4,2.7,7.1,1.1,1.04,1.17,-1.0,0.3,0.5,2,1109,0.121,5,17,-78,2,0.0,0.0,4,-27,-18,7.922,-0.027,6.59,8.0,0.1,0.17,294.32708333333335,-17.171944444444446,77.59878,31.35194,-27.193497,PM*,G0V
HD 184954, ,19,37,52.8,-,28,48,58,11,-22,8.121,0.434,2.605,0.044,3.767,0.24,87,3.23,1.39,5.0,2.6,6.6,1.41,1.31,1.48,-12.8,0.5,0.7,2,717,0.04,3,4,-45,2,8.4,1.1,-11,-20,-3,7.921,-0.033,7.05,7.92,0.06,0.07,294.46999999999997,-28.816111111111113,79.182945,15.391606,-32.59077,*,G2/3V
HD 184980, ,19,36,36.3,+,12,19,6,49,-4,8.751,0.34,2.635,0.009,3.784,-0.19,84,4.13,0.48,4.7,1.5,7.3,1.07,1.0,1.13,-30.9,0.3,0.4,2,320,0.406,3,51,27,1,0.0,0.0,-35,-11,-10,7.945,-0.006,7.17,8.41,0.08,0.05,294.15125,12.318333333333333,54.974716,63.241177,-5.8595433,PM*,G5
HD 185260,*,19,41,49.8,-,60,47,31,336,-30,9.503,0.454,0.0,0.0,3.734,0.04,74,5.16,0.39,0.0,0.0,0.0,0.89,0.85,0.96,-34.7,0.2,0.1,2,390,0.891,2,32,-95,2,8.1,1.4,-46,-16,5,7.941,-0.036,6.8,8.59,0.12,0.19,295.4575,-60.79194444444444,58.54537,-26.066065,-37.0,PM*,G8IV/V
HD 185269, ,19,37,11.7,+,28,29,59,63,4,6.672,0.391,2.615,0.026,3.776,0.02,47,3.18,1.42,4.2,2.6,4.7,1.35,1.3,1.4,0.2,0.2,0.2,2,1049,0.602,4,-33,-81,2,21.1,0.7,18,-8,-2,7.979,0.003,7.26,8.58,0.08,0.07,294.29875,28.499722222222225,21.28558,41.7753,3.2785542,PM*,G2V
HD 185292, ,19,38,0.5,+,12,36,54,49,-4,8.426,0.388,2.604,0.01,3.762,-0.08,88,3.7,1.32,7.2,5.4,9.2,1.08,1.0,1.15,18.3,0.2,0.4,3,1099,0.283,4,-3,-118,2,0.0,0.0,44,-16,-24,7.943,-0.007,6.51,9.09,0.17,0.28,294.50208333333325,12.615,57.59256,66.25266,-6.1385694,PM*,G5
HD 185437, ,19,38,24.7,+,19,51,58,56,-1,8.472,0.316,2.644,0.011,3.797,-0.34,126,2.97,1.47,2.9,2.3,4.6,1.21,1.13,1.34,-10.3,0.6,0.8,2,320,0.137,11,-22,-14,2,0.0,0.0,6,-16,8,7.929,-0.002,7.14,8.1,0.06,0.22,294.6029166666666,19.866111111111113,70.44758,104.44283,-2.1990032,*,G
HD 185615, ,19,41,13.6,-,32,52,24,7,-24,8.117,0.45,0.0,0.0,3.735,0.08,41,5.03,0.47,14.8,6.6,0.0,0.9,0.87,0.97,9.1,0.1,0.3,5,2582,0.475,2,-78,-116,2,24.1,1.1,15,-24,3,7.962,-0.017,6.64,8.23,0.11,0.15,295.3066666666666,-32.873333333333335,37.176178,4.564661,-16.676203,PM*,G6IV/V
HD 185679, ,19,41,36.1,-,35,43,33,4,-25,8.773,0.427,2.581,0.0,3.745,0.06,70,4.53,0.76,11.5,7.8,15.1,0.96,0.9,1.02,-10.8,0.2,0.2,3,2582,0.788,3,84,-249,2,14.2,1.3,-24,-74,-42,7.936,-0.03,4.45,7.97,0.28,0.64,295.4004166666667,-35.725833333333334,63.287006,4.425458,-29.583279,PM*,G5V
HD 185707, ,19,41,0.2,-,15,24,16,24,-18,8.255,0.406,2.591,0.009,3.753,-0.08,71,4.0,1.23,9.5,7.2,12.2,1.02,0.95,1.07,-17.7,0.1,0.2,6,3331,0.836,3,94,-21,2,0.0,0.0,-27,-5,-25,7.938,-0.022,7.57,8.36,0.05,0.27,295.2508333333333,-15.404444444444445,61.687172,27.4649,-21.940207,PM*,G5V
HD 185975, ,20,28,18.7,-,87,28,19,306,-28,8.107,0.428,2.601,0.0,3.744,-0.07,78,3.64,1.78,7.2,6.2,8.3,1.11,1.06,1.16,-20.0,0.2,0.3,5,2215,0.356,1,171,-57,1,12.8,0.7,-60,7,-35,7.96,-0.037,7.2,9.91,0.16,0.51,307.0779166666666,-87.47194444444445,40.480705,-55.716938,-36.618782,PM*,G3V
HD 186104, ,19,42,29.7,+,1,35,11,40,-11,7.643,0.413,2.587,0.0,3.751,0.02,40,4.62,0.57,10.3,6.0,14.4,0.96,0.9,1.02,-62.2,0.2,0.3,2,643,0.341,2,160,-60,1,24.8,1.1,-54,-40,-20,7.97,-0.007,5.73,8.45,0.19,0.2,295.62375,1.586388888888889,30.078802,25.23911,-7.63236,PM*,G5V
HD 186138, ,19,47,3.6,-,65,16,32,331,-30,9.027,0.364,2.607,0.017,3.768,-0.52,78,4.58,0.66,8.7,2.2,13.8,0.92,0.84,0.99,16.4,0.2,0.3,2,654,0.456,2,52,-19,2,12.9,1.1,1,-8,-25,7.941,-0.039,7.6,8.13,0.03,0.27,296.765,-65.27555555555556,59.080547,-32.74887,-39.0,PM*,G0V
HD 186164, ,19,43,44.2,-,24,43,23,15,-22,8.297,0.367,2.594,-0.007,3.769,-0.27,68,4.13,0.89,8.4,5.6,11.6,0.99,0.94,1.05,-46.5,0.2,0.2,2,867,0.486,5,24,-151,2,0.0,0.0,-38,-56,-6,7.939,-0.025,5.14,8.09,0.22,0.03,295.9341666666666,-24.723055555555554,60.900177,16.318153,-25.473248,PM*,G3V
HD 186194, ,19,45,26.5,-,50,52,4,347,-29,8.655,0.434,0.0,0.0,3.743,0.08,81,4.12,1.2,10.1,7.9,12.5,1.03,0.96,1.08,-29.2,0.2,0.4,3,2600,0.255,1,-61,-229,2,12.4,1.3,-37,-85,22,7.931,-0.039,3.96,8.03,0.34,0.51,296.36041666666665,-50.867777777777775,69.028465,-15.936476,-39.269577,PM*,G3V
HD 186302, ,19,49,6.4,-,70,11,16,325,-30,8.764,0.423,2.583,0.0,3.744,-0.1,55,5.08,0.36,0.0,0.0,0.0,0.88,0.84,0.97,-1.7,0.2,0.1,2,657,0.826,2,-25,-40,2,18.3,1.1,-4,-9,7,7.961,-0.028,7.66,8.03,0.02,0.21,297.27666666666664,-70.18777777777778,39.017353,-27.320253,-27.5,*,G3/5V
HD 186411, ,19,42,39.4,+,37,39,32,72,7,8.083,0.403,2.601,0.024,3.77,0.07,100,2.98,1.72,3.0,2.4,4.7,1.39,1.23,1.49,-73.6,0.2,0.3,3,1682,0.496,4,44,94,1,0.0,0.0,-69,-55,-6,7.969,0.012,4.98,8.63,0.27,0.03,295.66416666666663,37.65888888888889,30.67136,94.39675,12.186934,PM*,G0
HD 186413, ,19,44,4.3,+,3,30,27,42,-10,8.005,0.38,2.605,0.009,3.766,-0.18,74,3.66,1.35,7.1,5.8,8.6,1.09,1.03,1.14,-40.0,0.2,0.4,3,1099,0.283,3,52,-128,2,13.5,1.1,-13,-54,-30,7.946,-0.013,5.35,7.95,0.2,0.35,296.0179166666666,3.5075,54.15725,48.76341,-12.849965,PM*,G3V
HD 186531,*,19,50,28.4,-,70,11,45,325,-30,8.975,0.408,0.0,0.0,3.751,-0.3,91,4.18,1.28,12.5,9.5,16.0,0.91,0.85,0.98,42.0,0.2,0.3,2,393,0.411,5,-13,33,2,7.2,1.3,40,-10,-17,7.936,-0.046,6.75,9.13,0.15,0.17,297.6183333333333,-70.19583333333334,64.555984,-45.202602,-45.5,*,G(5)V+(F)
HD 186674, ,19,43,30.1,+,48,35,33,82,12,8.791,0.423,2.605,0.0,3.749,0.14,77,4.36,0.78,9.3,6.3,12.3,1.03,0.96,1.1,-62.2,0.2,0.1,2,772,0.741,3,17,15,2,0.0,0.0,-16,-58,-16,7.989,0.016,5.13,8.0,0.22,0.13,295.8754166666666,48.5925,10.482152,74.58438,16.009201,*,G1V
HD 186760, ,19,43,14.4,+,58,0,59,90,16,6.275,0.379,2.621,0.023,3.781,0.05,45,2.91,1.54,2.5,2.3,2.8,1.44,1.41,1.47,-29.9,0.1,0.3,12,3016,0.61,6,128,-54,1,22.2,0.5,-1,-20,-37,8.0,0.013,7.11,8.05,0.06,0.5,295.80999999999995,58.01638888888889,-1.8908137e-06,43.256775,12.403681,PM*,G0V
HD 186803, ,19,47,18.1,-,18,44,47,22,-20,7.595,0.431,2.588,0.0,3.738,-0.19,31,5.14,0.5,0.0,8.1,0.0,0.86,0.83,0.91,-23.4,0.1,0.3,5,2937,0.454,4,-68,-111,2,32.3,0.9,-12,-26,11,7.973,-0.011,6.79,7.97,0.08,0.27,296.8254166666666,-18.74638888888889,27.009302,10.912466,-10.602624,PM*,G6IV
HD 186853, ,19,47,51.1,-,29,9,33,11,-24,7.701,0.421,2.593,0.0,3.745,-0.06,34,5.04,0.35,0.0,0.0,0.0,0.89,0.85,0.98,19.0,0.1,0.3,5,2155,0.358,3,-98,23,2,29.4,1.1,24,3,7,7.97,-0.014,7.43,9.2,0.11,0.22,296.9629166666667,-29.159166666666664,30.489874,5.9266315,-13.829046,PM*,G5V
HD 187085, ,19,49,33.9,-,37,46,49,2,-27,7.225,0.356,2.625,0.002,3.779,0.05,45,3.96,0.54,3.9,2.5,6.1,1.16,1.08,1.22,14.9,0.2,0.4,5,1830,0.247,6,10,-104,2,22.2,1.1,11,-20,-14,7.96,-0.021,6.89,8.19,0.09,0.1,297.39124999999996,-37.780277777777776,40.07087,1.3993056,-20.429571,PM*,G0V
HD 187123, ,19,46,58.1,+,34,25,10,69,5,7.834,0.405,2.608,0.011,3.757,0.17,48,4.43,0.51,7.3,3.8,10.6,1.07,1.05,1.12,-17.6,0.2,0.2,2,330,0.425,2,143,-126,2,20.9,0.7,3,-16,-44,7.983,0.004,7.29,8.13,0.05,0.66,296.7420833333333,34.419444444444444,17.136206,44.641335,4.1834755,PM*,G2V
HD 187237, ,19,48,0.8,+,27,52,10,64,1,6.877,0.409,2.599,0.012,3.75,-0.12,26,4.8,0.53,12.5,6.3,0.0,0.9,0.86,0.97,-33.2,0.2,0.3,2,709,0.42,2,-10,222,2,38.4,0.7,-35,-20,14,7.989,0.001,6.88,8.31,0.09,0.34,297.00333333333333,27.869444444444444,11.395915,23.365086,0.45376256,PM*,G2IV-V
HD 187297, ,19,46,1.5,+,59,9,4,92,16,8.924,0.359,2.617,0.01,3.774,-0.38,119,3.55,1.45,6.8,5.1,8.6,1.05,0.99,1.12,-3.2,0.3,0.2,2,251,0.681,5,-19,20,2,0.0,0.0,-5,-7,13,8.003,0.034,7.84,8.08,0.02,0.31,296.50624999999997,59.151111111111106,-3.9921546,114.320465,32.800846,*,G5
HD 187300, ,19,48,34.8,+,20,12,45,57,-3,8.2,0.344,2.615,-0.008,3.782,-0.19,81,3.66,0.99,5.4,3.1,7.2,1.1,1.04,1.17,-19.8,0.3,0.2,2,305,0.678,7,25,-42,1,0.0,0.0,-3,-22,-16,7.956,-0.004,6.93,7.98,0.07,0.12,297.145,20.2125,44.055305,67.83922,-4.2392125,PM*,G0
HD 187462, ,19,49,8.5,+,27,43,54,64,1,6.961,0.383,2.619,0.023,3.778,0.03,50,3.39,1.15,3.2,2.7,5.4,1.29,1.17,1.34,2.9,0.2,0.1,2,375,0.79,3,94,-216,2,20.2,0.7,31,-11,-45,7.978,0.001,6.97,8.94,0.12,0.73,297.2854166666666,27.731666666666666,21.915222,44.932858,0.8726203,PM*,G0IV
HD 187548, ,19,49,26.8,+,28,36,36,65,1,7.977,0.353,2.603,0.006,3.772,-0.61,45,4.71,0.51,4.6,0.0,11.5,0.93,0.85,1.0,14.8,0.3,0.7,5,3614,0.071,3,75,70,2,22.2,0.9,-13,23,-6,7.981,0.001,7.98,9.89,0.11,0.02,297.3616666666666,28.610000000000003,19.014927,40.77764,0.78535825,PM*,G0V
HD 187748, ,19,48,15.4,+,59,25,22,92,16,6.649,0.372,2.62,0.009,3.769,-0.06,28,4.38,0.46,6.6,3.2,9.8,1.03,0.97,1.09,-5.5,0.2,0.3,2,346,0.348,6,17,117,1,35.2,0.5,-15,-7,3,8.001,0.008,7.81,8.07,0.02,0.15,297.0641666666666,59.422777777777775,-0.93933046,26.898932,7.717846,PM*,G0
HD 187792, ,19,47,46.4,+,63,51,37,96,18,7.869,0.375,2.609,0.009,3.767,-0.15,53,4.24,0.72,7.6,5.1,11.7,1.01,0.97,1.07,-24.4,0.2,0.2,4,1359,0.901,3,-48,38,2,18.8,0.6,-1,-28,7,8.005,0.017,6.65,8.04,0.09,0.21,296.9433333333333,63.86027777777778,-5.2688637,50.12987,16.377901,PM*,G0
HD 187876, ,19,49,12.1,+,57,24,33,90,15,7.76,0.379,2.613,0.013,3.765,-0.13,49,4.32,0.67,8.0,5.1,11.7,1.0,0.96,1.06,-52.4,0.2,0.3,2,403,0.423,4,-8,-61,2,20.5,0.6,14,-49,-18,8.0,0.013,5.51,8.12,0.19,0.17,297.30041666666665,57.409166666666664,-2.068876e-06,47.330364,12.682133,PM*,G0
HD 187881, ,19,51,32.0,+,22,16,50,59,-2,7.915,0.414,2.598,0.031,3.765,-0.04,81,3.23,1.68,4.6,4.0,5.5,1.22,1.16,1.28,-11.4,0.2,0.1,2,342,0.832,2,-111,-127,1,12.3,1.0,49,-42,12,7.959,-0.003,5.49,8.76,0.23,0.32,297.8833333333333,22.280555555555555,41.692673,69.38826,-2.8268592,PM*,G5
HD 187882, ,19,51,37.2,+,22,9,21,59,-2,8.18,0.39,2.6,0.03,3.77,-0.52,76,3.64,1.56,7.8,6.4,9.4,1.02,0.97,1.07,-56.0,0.2,0.1,2,380,0.722,2,60,-57,1,13.1,1.1,-23,-53,-27,7.961,-0.003,5.38,8.0,0.2,0.3,297.905,22.15583333333333,39.11905,65.105034,-2.6523616,PM*,G5
HD 187897, ,19,52,9.3,+,7,27,36,47,-10,7.15,0.399,2.602,0.012,3.756,-0.08,33,4.53,0.63,10.2,6.3,14.1,0.96,0.91,1.02,-38.2,0.2,0.3,2,698,0.435,5,134,67,2,29.9,1.0,-42,-16,-7,7.977,-0.006,6.92,8.51,0.1,0.01,298.03875,7.46,22.164026,23.768011,-5.73039,PM*,G5
HD 187956, ,19,51,6.0,+,39,31,39,74,7,8.147,0.306,2.648,0.009,3.8,-0.42,72,3.85,0.59,3.6,1.9,5.0,1.1,1.05,1.17,9.4,0.7,0.9,2,317,0.397,21,15,-39,1,13.8,0.7,11,8,-10,7.981,0.008,7.75,9.12,0.08,0.04,297.775,39.527499999999996,19.697966,68.694954,8.774593,*,G0
HD 188015, ,19,52,4.5,+,28,6,1,65,1,8.235,0.439,2.597,0.0,3.742,0.21,53,4.63,0.62,10.8,6.0,0.0,0.97,0.93,1.07,-0.4,0.2,0.3,2,698,0.33,2,54,-90,2,19.0,0.9,11,-5,-23,7.977,0.0,7.5,8.51,0.06,0.25,298.01874999999995,28.10027777777778,22.395357,48.026997,0.9249775,PM*,G5IV
HD 188298, ,19,55,29.7,-,29,5,49,12,-26,8.477,0.408,2.587,-0.006,3.753,0.09,53,4.85,0.24,6.6,0.0,12.5,1.0,0.92,1.06,33.5,0.2,0.2,2,1116,0.597,4,-75,-21,2,18.8,1.3,39,-3,0,7.953,-0.023,6.98,9.36,0.15,0.12,298.87375,-29.096944444444443,46.595123,9.904099,-23.233671,PM*,G5V
HD 188345, ,19,53,59.7,+,20,0,34,58,-4,7.979,0.388,2.602,0.009,3.764,-0.04,71,3.71,1.23,6.8,5.6,8.1,1.11,1.06,1.16,-86.3,0.2,0.3,3,377,0.558,4,73,-11,2,14.0,0.9,-55,-69,-17,7.962,-0.005,4.5,8.28,0.3,0.15,298.49875,20.009444444444444,37.53262,60.064743,-4.952709,PM*,G5
HD 188641, ,19,57,37.1,-,37,44,42,3,-29,7.348,0.403,2.601,0.024,3.766,-0.12,60,3.35,1.61,5.2,4.5,6.2,1.18,1.12,1.26,-34.1,0.2,0.2,4,3223,0.707,5,7,39,2,16.6,1.1,-30,9,17,7.947,-0.029,7.75,9.18,0.08,0.42,299.4045833333333,-37.745,52.405266,2.7464437,-29.088577,*,G2V
HD 188659, ,19,57,15.4,-,26,13,2,15,-25,8.117,0.328,2.621,-0.013,3.791,-0.11,64,4.08,0.29,3.2,0.0,5.5,1.13,1.06,1.18,-10.0,0.3,0.2,2,717,0.546,8,9,45,2,15.6,1.0,-12,11,6,7.944,-0.027,7.94,9.04,0.06,0.21,299.3141666666666,-26.21722222222222,56.027267,15.012462,-27.04757,*,G1V
HD 188748, ,20,1,52.0,-,69,11,16,326,-31,8.133,0.425,2.584,0.0,3.742,-0.17,38,5.26,0.28,0.0,0.0,0.0,0.86,0.82,0.95,-31.4,0.1,0.3,8,3330,0.467,2,223,-135,2,26.6,1.0,-54,2,-15,7.973,-0.02,7.21,9.43,0.13,0.13,300.4666666666666,-69.18777777777778,27.003704,-18.21424,-19.571447,PM*,G4V
HD 189067, ,19,57,19.7,+,24,5,17,62,-3,7.204,0.395,2.608,0.018,3.758,-0.13,43,4.06,1.09,9.9,8.4,11.5,1.02,0.98,1.05,-11.3,0.2,0.1,2,359,0.748,2,-114,-126,1,23.5,0.8,24,-26,7,7.98,-0.002,6.48,8.43,0.13,0.22,299.3320833333333,24.088055555555556,20.159615,37.914715,-2.2504463,PM*,G2V
HD 189087, ,19,57,13.4,+,29,49,26,67,0,7.886,0.483,0.0,0.0,3.715,-0.17,26,5.85,0.23,0.0,0.0,0.0,0.81,0.78,0.87,-30.1,0.1,0.2,20,5194,0.98,2,96,243,2,39.2,1.0,-41,-15,5,7.99,0.0,6.97,8.51,0.1,0.19,299.3058333333333,29.823888888888888,10.159012,23.933125,0.0,PM*,G8
HD 189345, ,19,56,20.0,+,59,47,11,93,16,8.495,0.315,2.66,0.012,3.8,0.04,88,3.77,0.25,2.2,0.0,3.4,1.23,1.17,1.29,-19.2,0.6,0.8,2,364,0.336,22,67,73,2,0.0,0.0,-39,-18,-16,8.004,0.024,6.92,8.44,0.1,0.13,299.0833333333333,59.78638888888889,-4.427151,84.4751,24.256088,PM*,G0
HD 189389,*,20,1,30.6,-,42,29,3,358,-30,8.727,0.397,0.0,0.0,3.761,0.03,95,3.84,1.11,7.0,5.1,9.1,1.09,1.01,1.15,14.3,0.3,0.4,2,294,0.238,4,-1,-31,2,0.0,0.0,11,-14,-9,7.918,-0.048,7.12,8.22,0.07,0.06,300.3775,-42.48416666666667,82.2223,-2.8712745,-47.5,*,G3V
HD 189532, ,20,0,14.9,+,7,21,35,48,-12,8.305,0.34,2.643,0.033,3.804,-0.21,134,2.53,1.64,2.2,1.8,2.5,1.43,1.34,1.52,-24.6,0.5,0.7,2,326,0.148,6,1,7,2,0.0,0.0,-19,-15,6,7.912,-0.027,7.28,7.98,0.05,0.2,300.0620833333333,7.359722222222222,87.70413,97.40532,-27.860168,*,G0
HD 189567, ,20,5,32.7,-,67,19,15,328,-32,6.078,0.403,2.59,0.009,3.75,-0.28,18,4.84,0.62,15.1,8.6,0.0,0.86,0.84,0.91,-10.8,0.2,0.4,7,3330,0.083,2,845,-674,2,56.5,0.7,-70,-32,-50,7.987,-0.009,5.95,9.02,0.2,0.87,301.38624999999996,-67.32083333333333,12.94534,-8.089147,-9.538547,PM*,G2V
HD 189625, ,20,1,32.8,-,16,52,8,25,-23,7.336,0.406,2.607,0.008,3.757,0.22,34,4.66,0.23,5.5,0.0,11.0,1.08,1.01,1.11,-28.5,0.1,0.2,6,2558,0.919,3,148,-77,1,29.2,0.9,-32,-18,-14,7.971,-0.013,6.98,8.24,0.08,0.1,300.3866666666666,-16.86888888888889,28.364862,13.226753,-13.284859,PM*,G5V
HD 189931, ,20,4,2.6,-,37,52,35,3,-30,6.911,0.389,2.599,-0.005,3.762,0.04,28,4.69,0.23,5.5,0.0,10.6,1.02,0.95,1.09,-41.1,0.1,0.1,6,2556,0.958,4,79,-390,2,35.9,0.9,-43,-51,1,7.976,-0.014,5.34,8.2,0.21,0.12,301.0108333333333,-37.87638888888889,24.215479,1.2690796,-14.0,PM*,G1V
HD 190102, ,20,4,18.0,-,26,19,46,16,-27,8.176,0.389,2.601,-0.007,3.762,0.06,46,4.85,0.05,0.0,0.0,8.5,1.02,0.95,1.07,-10.0,0.2,0.2,5,2979,0.938,11,32,-78,2,21.6,1.1,-10,-17,-6,7.96,-0.021,7.23,7.96,0.05,0.02,301.07499999999993,-26.329444444444444,39.39856,11.297356,-20.883562,PM*,G1V
HD 190151, ,20,3,2.5,+,18,17,43,57,-7,6.847,0.385,2.612,0.013,3.769,0.05,64,2.81,1.93,2.5,2.3,3.6,1.48,1.43,1.52,-57.1,0.2,0.2,2,832,0.588,8,49,-26,1,15.6,0.8,-32,-49,-10,7.966,-0.007,5.5,8.08,0.19,0.04,300.76041666666663,18.29527777777778,34.59708,53.27483,-7.7996383,PM*,G0
HD 190157, ,20,3,43.5,-,4,22,31,37,-18,8.693,0.41,2.604,0.02,3.764,0.12,92,3.79,1.02,6.0,3.6,7.8,1.13,1.07,1.21,-0.5,0.2,0.1,2,862,0.982,3,-66,-144,2,0.0,0.0,42,-55,-3,7.93,-0.029,4.99,8.43,0.26,0.07,300.93125,-4.375277777777777,69.87837,52.657127,-28.429564,PM*,G5V
HD 190207, ,20,12,9.8,-,77,0,7,317,-31,8.779,0.399,2.596,0.023,3.765,-0.26,87,3.98,1.13,9.2,7.2,11.3,1.0,0.97,1.05,21.8,0.3,0.2,2,646,0.509,3,71,-162,2,11.5,0.9,-40,-61,-23,7.945,-0.045,4.93,8.11,0.24,0.24,303.0408333333333,-77.00194444444445,54.53965,-50.859035,-44.80831,PM*,G2V
HD 190248, ,20,8,43.6,-,66,10,55,330,-32,3.546,0.458,2.603,0.0,3.735,0.27,6,4.62,0.76,11.4,6.6,13.4,0.98,0.95,1.01,-21.9,0.1,0.3,5,1766,0.261,1,1211,-1131,1,163.7,0.6,-49,-14,-15,7.996,-0.003,6.89,8.77,0.12,0.12,302.1816666666666,-66.18194444444445,4.4065866,-2.544145,-3.1795156,PM*,G8IV
HD 190594, ,20,5,33.6,+,3,30,9,45,-15,8.351,0.47,0.0,0.0,3.726,0.1,43,5.18,0.49,0.0,9.6,0.0,0.88,0.86,0.95,-34.1,0.2,0.5,6,3185,0.084,1,136,-138,1,23.2,1.2,-23,-38,-28,7.97,-0.011,6.11,8.02,0.13,0.32,301.38999999999993,3.5025,29.369545,29.369545,-11.129219,PM*,G8IV
HD 190605, ,20,4,55.1,+,26,3,15,64,-3,7.685,0.418,2.599,0.026,3.762,0.08,44,4.33,0.56,7.0,3.7,10.1,1.07,1.0,1.13,23.5,0.1,0.3,7,1684,0.367,3,52,-382,2,22.5,0.9,65,-8,-53,7.981,-0.002,6.44,10.2,0.23,1.07,301.2295833333333,26.054166666666667,19.261896,39.492737,-2.3027823,PM*,G6
HD 190609, ,20,5,33.8,+,7,23,10,48,-13,8.626,0.437,2.552,0.0,3.734,-0.2,44,5.39,0.34,0.0,0.0,0.0,0.85,0.81,0.91,-29.7,0.3,0.3,2,364,0.362,1,45,62,2,22.5,1.4,-32,-11,5,7.971,-0.01,7.28,8.35,0.07,0.18,301.39083333333326,7.386111111111112,28.687155,31.860317,-9.897846,PM*,G5
HD 190617, ,20,6,32.5,-,21,40,36,21,-26,8.002,0.371,2.593,0.005,3.764,-0.54,47,4.63,0.72,10.3,4.3,15.6,0.88,0.82,0.97,7.8,0.2,0.5,8,5475,0.067,3,-203,-98,2,21.2,1.0,34,-26,28,7.96,-0.021,6.35,8.65,0.15,0.66,301.63541666666663,-21.67666666666667,39.437534,15.138652,-20.603445,PM*,G2V
HD 190646,*,20,7,17.5,-,34,56,30,6,-30,9.156,0.405,0.0,0.0,3.752,-0.09,72,4.86,0.4,9.9,0.0,16.5,0.93,0.86,1.0,-27.6,0.6,0.9,2,1531,0.048,3,43,-54,2,13.8,1.7,-31,-19,-3,7.938,-0.036,6.94,8.18,0.08,0.07,301.82291666666663,-34.94166666666666,62.01225,6.51775,-36.0,PM*,G5V
HD 190647, ,20,7,19.6,-,35,32,19,6,-30,7.779,0.458,0.0,0.0,3.734,0.12,54,4.1,1.39,10.2,8.8,11.9,1.04,1.0,1.08,-40.8,0.2,0.3,3,2283,0.338,1,-28,-206,2,18.4,1.1,-32,-57,15,7.953,-0.027,5.13,8.05,0.22,0.35,301.8316666666666,-35.53861111111111,46.509186,4.8883123,-27.0,PM*,G5V
HD 190649,*,20,7,36.9,-,41,1,9,359,-31,8.839,0.411,0.0,0.0,3.745,-0.47,70,4.62,1.08,0.0,13.0,0.0,0.85,0.82,0.88,-55.7,0.2,0.1,3,1881,0.92,1,-38,-278,2,14.3,1.3,-51,-92,25,7.94,-0.036,3.63,8.16,0.38,0.59,301.90374999999995,-41.01916666666666,59.992577,-1.0471864,-36.052666,PM*,G5V
HD 190706,*,20,7,32.0,-,34,42,30,7,-30,9.165,0.406,0.0,0.0,3.748,-0.31,61,5.25,0.28,0.0,0.0,0.0,0.86,0.81,0.93,-44.3,0.4,0.6,2,1559,0.212,2,47,-138,2,16.5,1.6,-44,-42,2,7.948,-0.03,5.73,8.24,0.18,0.14,301.8833333333333,-34.708333333333336,52.43378,6.438059,-30.5,PM*,G5V
HD 190821, ,20,7,39.3,-,20,49,58,22,-26,8.3,0.412,2.6,0.02,3.766,0.19,101,3.19,1.51,3.2,2.6,5.2,1.42,1.32,1.48,-7.2,0.3,0.3,2,774,0.468,3,48,-10,2,9.9,1.2,-16,-3,-18,7.915,-0.044,7.82,8.17,0.02,0.16,301.91375,-20.83277777777778,84.16808,34.00611,-44.275486,PM*,G3/5V
HD 190873, ,20,7,9.1,-,0,52,27,41,-17,8.177,0.439,2.568,0.0,3.737,-0.07,48,4.77,0.8,0.0,12.3,0.0,0.89,0.87,0.93,-3.5,0.1,0.3,6,3329,0.595,3,114,-70,1,20.8,1.2,-8,-9,-28,7.965,-0.014,7.74,7.98,0.02,0.33,301.78791666666666,-0.8741666666666666,34.643154,30.114832,-14.033841,PM*,G8V
HD 190954, ,20,9,48.1,-,51,43,5,347,-33,8.391,0.442,0.0,0.0,3.731,-0.39,38,5.47,0.46,0.0,0.0,0.0,0.81,0.78,0.88,72.5,0.2,0.3,5,3673,0.611,3,-114,-53,2,26.0,1.2,68,-25,-22,7.969,-0.021,5.84,9.62,0.24,0.26,302.45041666666657,-51.71805555555556,31.052668,-7.169072,-20.696283,PM*,G7V
HD 191022, ,20,5,40.4,+,48,34,0,84,9,7.444,0.41,2.602,0.025,3.766,0.07,50,3.85,0.95,6.8,4.2,8.1,1.11,1.08,1.2,-12.9,0.2,0.1,2,362,0.859,2,-86,3,2,20.1,0.6,8,-17,15,7.994,0.008,7.16,8.22,0.07,0.36,301.4183333333333,48.56666666666667,5.162075,49.113888,7.821724,PM*,G0
HD 191122, ,20,21,13.2,-,81,36,57,312,-30,8.648,0.408,2.606,0.019,3.755,0.04,72,4.36,0.72,9.4,5.9,12.4,1.01,0.96,1.07,12.4,0.2,0.3,3,2216,0.529,2,109,-172,2,13.9,0.8,-48,-47,-22,7.958,-0.036,5.48,8.28,0.2,0.22,305.305,-81.61583333333333,41.722862,-46.337917,-36.0,PM*,G3IV/V
HD 191358, ,20,8,41.1,+,24,39,4,64,-4,8.13,0.291,2.663,0.012,3.809,-0.4,104,3.04,1.19,2.6,2.2,3.1,1.26,1.16,1.33,2.9,0.2,0.2,4,1115,0.935,6,21,27,1,9.6,1.0,-14,10,-2,7.954,-0.008,7.95,8.97,0.06,0.08,302.17124999999993,24.65111111111111,45.47955,93.24689,-7.254673,*,G5
HD 191487, ,20,13,7.9,-,57,28,42,340,-33,8.552,0.4,2.589,-0.004,3.756,-0.09,57,4.75,0.42,9.3,2.3,14.7,0.95,0.88,1.02,-11.3,0.2,0.2,3,2602,0.641,5,60,-63,2,17.4,1.2,-23,-10,-7,7.955,-0.032,7.46,8.15,0.04,0.03,303.2829166666666,-57.47833333333333,44.921272,-16.350018,-31.044426,PM*,G3V
HD 191649, ,20,8,42.9,+,50,35,10,86,10,7.398,0.36,2.609,0.004,3.772,-0.4,45,4.15,0.92,10.5,5.2,12.3,0.99,0.95,1.04,-8.9,0.2,0.2,3,2858,0.714,4,62,77,1,22.4,0.6,-21,-7,-4,7.997,0.007,7.68,8.23,0.03,0.05,302.17875,50.586111111111116,3.0913537,44.208397,7.814168,PM*,G0
HD 191672, ,20,10,21.3,+,21,14,21,61,-7,8.018,0.351,2.598,-0.01,3.775,-0.5,69,3.81,1.26,8.3,6.6,9.8,1.0,0.96,1.06,-33.0,0.2,0.4,7,3371,0.405,4,43,20,1,14.4,1.0,-28,-23,-5,7.966,-0.008,6.79,8.12,0.09,0.04,302.58875,21.239166666666666,33.20252,59.898933,-8.408985,*,G2IVw
HD 191728,*,20,12,40.1,-,34,21,23,7,-31,9.077,0.448,0.0,0.0,3.728,-0.32,50,5.58,0.36,0.0,0.0,0.0,0.81,0.78,0.88,61.7,0.3,0.3,2,1522,0.502,2,-163,-16,2,20.0,1.2,73,-3,0,7.957,-0.026,6.38,10.52,0.24,0.12,303.1670833333333,-34.35638888888889,42.538902,5.2231207,-25.751904,PM*,G8V
HD 191760,*,20,13,26.7,-,46,12,3,354,-33,8.268,0.406,0.0,0.0,3.758,0.08,85,3.63,1.35,6.2,5.1,7.5,1.14,1.09,1.22,-30.5,0.3,0.4,2,1470,0.224,2,-2,-61,2,11.8,1.0,-29,-22,15,7.929,-0.046,6.85,8.11,0.08,0.36,303.3612499999999,-46.200833333333335,70.89648,-7.4515333,-46.29432,PM*,G3IV/V
HD 192071,*,20,14,53.3,-,44,3,27,356,-33,8.4,0.398,0.0,0.0,3.752,-0.45,58,4.58,0.96,14.5,9.4,0.0,0.85,0.82,0.91,-16.4,0.3,0.4,2,1504,0.265,1,-38,1,1,8.7,1.2,-8,-1,18,7.951,-0.032,7.94,8.31,0.02,0.41,303.7220833333333,-44.0575,48.5244,-3.393152,-31.589066,*,G3V
HD 192117,*,20,20,24.1,-,75,34,40,319,-32,8.396,0.45,0.0,0.0,3.731,-0.07,39,5.45,0.24,0.0,0.0,0.0,0.86,0.82,0.94,30.9,0.3,0.4,2,1772,0.247,3,-172,148,2,25.8,0.9,52,1,4,7.975,-0.02,6.85,9.95,0.18,0.19,305.1004166666666,-75.57777777777777,24.96117,-21.698416,-20.666851,PM*,G8IV-V
HD 192398,*,20,18,24.2,-,63,30,40,333,-34,9.836,0.4,0.0,0.0,3.752,-0.6,128,4.3,1.33,14.2,10.7,0.0,0.84,0.82,0.89,23.3,0.3,0.3,2,395,0.467,7,-15,17,3,0.0,0.0,26,0,-6,7.905,-0.071,7.24,9.03,0.11,0.08,304.6008333333333,-63.51111111111111,94.55077,-48.17603,-71.57669,*,G1IV/V
HD 192628, ,20,16,22.3,-,16,52,5,27,-26,8.522,0.382,2.587,-0.01,3.763,-0.3,97,3.59,1.6,7.7,5.9,9.8,1.03,0.98,1.12,-53.7,0.2,0.5,4,1911,0.103,3,72,-192,3,0.0,0.0,-35,-96,-36,7.922,-0.043,3.5,8.0,0.39,0.48,304.0929166666666,-16.868055555555557,77.68064,39.58026,-42.522003,PM*,G0V
HD 193093, ,20,17,10.4,+,36,3,8,74,0,8.284,0.381,2.617,0.018,3.764,-0.15,66,4.19,0.84,8.6,5.6,11.7,1.0,0.95,1.06,-23.1,0.4,0.6,2,706,0.172,9,26,-26,2,0.0,0.0,-4,-23,-11,7.982,0.0,6.93,8.0,0.07,0.06,304.29333333333335,36.05222222222222,18.19207,63.44327,0.0,*,G
HD 193193, ,20,19,45.1,-,25,13,42,18,-30,7.208,0.378,2.613,0.012,3.765,-0.15,43,4.03,0.98,9.2,6.9,10.7,1.02,0.99,1.07,69.1,0.1,0.1,5,2978,0.945,3,-123,-148,1,23.1,1.0,75,-14,-22,7.964,-0.022,6.07,10.2,0.25,0.25,304.93791666666664,-25.22833333333333,35.41648,11.507512,-21.5,PM*,G2V
HD 193365, ,20,23,54.2,-,66,10,44,330,-34,8.145,0.382,2.597,-0.005,3.764,-0.19,92,3.33,1.74,5.6,4.4,7.1,1.13,1.07,1.24,16.9,0.2,0.1,2,317,0.772,4,-67,-10,2,10.9,1.1,27,-15,15,7.934,-0.051,6.85,8.63,0.12,0.37,305.9758333333333,-66.17888888888889,66.05302,-38.135746,-51.445747,PM*,G0V
HD 193454, ,20,20,53.5,-,18,9,22,26,-28,7.813,0.327,2.614,-0.016,3.789,-0.35,82,3.24,1.39,4.7,2.9,5.8,1.15,1.09,1.23,-27.6,0.2,0.1,2,428,0.845,5,57,-36,2,12.2,1.3,-31,-20,-10,7.935,-0.038,6.87,8.16,0.09,0.06,305.2229166666666,-18.15611111111111,65.07422,31.738817,-38.49667,PM*,G0V
HD 193663,*,20,25,16.4,-,64,38,29,331,-34,10.151,0.391,0.0,0.0,3.753,-0.53,108,4.98,0.59,0.0,0.0,0.0,0.84,0.8,0.92,-20.8,0.4,0.3,2,393,0.54,7,57,-8,3,0.0,0.0,-33,8,-11,7.922,-0.061,7.66,9.1,0.09,0.09,306.3183333333333,-64.6413888888889,78.31001,-43.407932,-60.392834,PM*,G2V
HD 193664, ,20,17,31.3,+,66,51,13,100,17,5.922,0.382,2.594,-0.003,3.762,-0.19,18,4.7,0.41,10.0,3.4,13.8,0.95,0.87,1.02,-4.7,0.1,0.2,14,4054,0.984,3,473,296,2,56.9,0.5,-41,-6,-22,8.003,0.005,7.31,8.79,0.09,0.24,304.38041666666663,66.8536111111111,-2.9890907,16.951973,5.2626905,PM*,G3V
HD 193813, ,20,20,27.1,+,45,34,35,82,5,8.206,0.329,2.643,0.011,3.793,-0.13,111,2.98,1.37,2.7,2.3,3.3,1.32,1.19,1.42,-29.6,0.3,0.1,2,319,0.955,4,9,56,2,0.0,0.0,-31,-27,10,7.985,0.01,6.61,8.16,0.1,0.26,305.1129166666666,45.57638888888889,15.38943,109.50148,9.674287,PM*,G0
HD 193909, ,20,21,35.6,+,34,59,59,74,-1,8.118,0.38,2.604,0.0,3.766,0.01,68,3.96,0.89,6.7,4.2,9.0,1.08,1.01,1.14,-37.4,0.3,0.5,2,706,0.201,4,86,51,2,0.0,0.0,-39,-28,-13,7.981,-0.001,6.44,8.28,0.12,0.08,305.3983333333333,34.999722222222225,18.74049,65.35584,-1.1867636,PM*,G0
HD 193994, ,20,24,20.4,-,32,42,1,10,-33,9.513,0.37,2.597,-0.004,3.767,-0.27,111,4.29,0.78,9.0,5.4,12.6,0.98,0.91,1.04,-6.0,0.3,0.5,3,2274,0.148,2,41,24,2,10.0,1.6,-18,14,-12,7.908,-0.06,7.88,9.25,0.08,0.1,306.0849999999999,-32.70027777777778,91.67815,16.16533,-60.454933,*,G2V
HD 193995,*,20,24,30.5,-,34,42,58,8,-33,8.506,0.445,0.0,0.0,3.739,0.06,93,3.67,1.75,7.6,5.6,9.4,1.17,1.04,1.24,10.4,0.2,0.1,2,1441,0.875,3,-41,-151,2,10.8,1.1,21,-66,-3,7.923,-0.051,4.68,8.09,0.27,0.07,306.1270833333333,-34.71611111111111,77.237305,10.854996,-50.651432,PM*,G5V
HD 194490, ,20,27,59.7,-,51,39,52,347,-36,8.986,0.396,2.593,-0.002,3.759,0.03,83,4.38,0.62,8.2,4.3,11.4,1.02,0.96,1.09,-10.7,0.2,0.2,2,1116,0.527,3,-145,-7,2,12.0,1.3,24,-8,53,7.934,-0.049,7.19,8.87,0.1,1.38,306.99875,-51.66444444444444,65.42741,-15.105105,-48.786175,PM*,G2/3V
HD 194586,*,20,27,25.9,-,28,29,56,15,-32,9.443,0.45,0.0,0.0,3.73,-0.23,76,5.05,0.78,0.0,0.0,0.0,0.0,0.0,0.0,-17.1,0.2,0.1,2,396,0.789,1,13,30,2,13.2,1.6,-18,7,8,7.938,-0.041,7.89,8.8,0.05,0.24,306.8579166666666,-28.49888888888889,62.255516,16.681314,-40.273865,*,G5V
HD 194640, ,20,27,44.2,-,30,52,4,12,-33,6.615,0.443,2.576,0.0,3.735,-0.03,19,5.17,0.41,15.0,5.3,0.0,0.87,0.85,0.93,-0.6,0.1,0.2,5,2803,0.536,2,-14,-519,2,51.5,0.8,5,-47,-9,7.984,-0.011,5.66,8.04,0.17,0.03,306.9341666666666,-30.86777777777778,15.586528,3.3130188,-10.348142,PM*,G8V
HD 194717, ,20,35,55.4,-,78,28,9,315,-32,9.09,0.459,0.0,0.0,3.722,-0.37,51,5.57,0.51,0.0,3.3,0.0,0.8,0.77,0.86,30.4,0.2,0.4,5,2904,0.174,1,3,90,2,19.8,1.0,30,-1,-23,7.97,-0.027,7.24,9.2,0.12,0.25,308.9808333333333,-78.46916666666667,30.582684,-30.582693,-27.025883,PM*,G8V
HD 195010,*,20,30,8.5,-,39,28,3,2,-35,8.867,0.471,0.0,0.0,3.723,-0.06,50,5.38,0.46,0.0,6.6,0.0,0.85,0.82,0.91,-54.6,0.3,0.3,2,819,0.43,3,63,-282,2,20.1,1.4,-55,-67,11,7.959,-0.029,4.61,8.3,0.29,0.29,307.5354166666666,-39.4675,40.932655,1.4293997,-28.678822,PM*,G8/K0V
HD 195016, ,20,27,23.5,+,39,43,50,78,1,7.63,0.366,2.623,0.014,3.772,-0.16,60,3.74,1.12,6.6,4.8,8.6,1.07,1.0,1.14,3.0,0.2,0.3,2,721,0.456,5,-1,-50,2,0.0,0.0,12,1,-8,7.988,0.001,7.63,8.78,0.07,0.01,306.8479166666666,39.730555555555554,12.4728,58.67992,1.0471443,*,G0
HD 195034, ,20,28,11.8,+,22,7,44,64,-10,7.09,0.408,0.0,0.0,3.75,-0.14,28,4.84,0.5,12.6,5.8,0.0,0.9,0.85,0.97,-1.6,0.2,0.2,4,1084,0.735,3,-23,-243,1,35.4,0.8,24,-16,-15,7.988,-0.005,6.86,8.57,0.11,0.12,307.0491666666666,22.128888888888888,12.087916,24.783901,-4.8621492,PM*,G5
HD 195087, ,20,25,54.1,+,61,33,19,96,13,7.947,0.376,2.617,0.012,3.771,0.02,81,3.4,1.32,5.0,3.0,6.4,1.17,1.1,1.28,2.3,0.3,0.1,2,332,0.724,5,-20,-91,2,0.0,0.0,33,9,-12,8.009,0.019,7.4,9.77,0.14,0.07,306.47541666666666,61.555277777777775,-8.249805,78.49162,18.221035,PM*,G0
HD 195145, ,20,33,0.3,-,62,29,46,334,-36,8.402,0.447,0.0,0.0,3.737,0.11,54,4.74,0.69,13.6,8.7,0.0,0.93,0.89,0.99,-13.3,0.1,0.2,6,3301,0.845,2,-1,-203,2,18.5,1.7,-27,-44,14,7.961,-0.031,5.78,8.04,0.16,0.33,308.25124999999997,-62.49611111111111,39.265537,-19.151087,-31.740402,PM*,G5V
HD 195353, ,20,28,49.5,+,48,51,42,86,6,7.591,0.361,2.626,0.019,3.775,-0.28,68,3.43,1.46,6.0,4.6,7.7,1.09,1.03,1.16,-29.9,0.3,0.5,2,716,0.195,6,-45,-125,2,0.0,0.0,39,-31,-15,7.995,0.007,6.04,8.69,0.18,0.11,307.20624999999995,48.861666666666665,4.7174573,67.46275,7.1079354,PM*,G0
HD 195419, ,20,29,54.9,+,36,34,34,76,-1,8.168,0.36,2.612,-0.004,3.775,-0.06,64,4.14,0.56,5.5,2.5,8.2,1.07,1.0,1.13,-4.2,0.3,0.3,2,327,0.431,4,40,145,2,0.0,0.0,-42,7,16,7.985,-0.002,7.54,9.37,0.11,0.41,307.47875,36.57611111111112,15.480644,62.08947,-1.116954,PM*,G5
HD 195488, ,20,33,56.0,-,52,50,21,346,-37,8.243,0.37,2.602,0.002,3.768,-0.46,89,3.49,1.71,7.1,5.7,8.7,1.04,0.99,1.1,-22.6,0.2,0.1,3,650,0.948,4,20,-29,2,11.2,1.1,-25,-7,7,7.931,-0.053,7.53,8.25,0.05,0.22,308.4833333333333,-52.83916666666667,68.967224,-17.195452,-53.561535,*,G0V
HD 195631, ,20,32,1.8,+,14,16,27,58,-15,8.424,0.386,2.613,0.02,3.775,0.0,113,3.07,1.57,3.1,2.5,5.0,1.31,1.15,1.41,-33.1,0.2,0.3,5,2941,0.42,5,-18,-89,1,8.1,1.1,19,-55,-10,7.942,-0.029,5.17,8.1,0.22,0.05,308.0075,14.274166666666668,57.84049,92.564125,-29.246552,PM*,G0
HD 195633, ,20,32,23.9,+,6,31,3,51,-19,8.548,0.361,2.603,0.012,3.769,-0.78,92,3.73,1.66,9.1,7.0,11.4,0.91,0.86,1.0,-46.1,0.2,0.3,5,2840,0.718,4,74,21,2,8.6,1.2,-51,-24,-7,7.945,-0.03,6.4,8.57,0.14,0.03,308.0995833333333,6.5175,54.743137,67.60215,-29.952269,PM*,G0Vw
HD 195695, ,20,32,30.5,+,10,0,58,54,-17,9.007,0.414,2.587,0.0,3.751,0.0,84,4.39,0.82,10.4,6.9,13.8,0.97,0.91,1.04,-44.4,0.3,0.1,2,367,0.831,3,131,99,2,0.0,0.0,-78,-4,-9,7.953,-0.025,6.59,9.93,0.2,0.04,308.12708333333336,10.016111111111112,47.216553,64.98801,-24.559221,PM*,G
HD 195711, ,20,31,1.0,+,46,46,37,84,4,8.144,0.369,2.613,0.009,3.771,-0.2,86,3.47,1.45,6.1,4.6,7.9,1.1,1.04,1.17,-42.6,0.3,0.3,2,333,0.474,3,84,102,2,0.0,0.0,-58,-37,-6,7.992,0.007,5.83,8.59,0.19,0.01,307.7541666666666,46.776944444444446,8.967546,85.32054,5.9990563,PM*,G5
HD 195756,*,20,34,15.1,-,30,35,36,13,-34,9.658,0.485,0.0,0.0,3.712,-0.31,61,5.75,0.49,0.0,0.0,0.0,0.79,0.76,0.84,-11.0,0.3,0.4,2,396,0.242,4,-5,-103,2,16.5,1.5,-5,-31,1,7.951,-0.034,6.45,7.96,0.1,0.13,308.56291666666664,-30.593333333333334,49.275154,11.376065,-34.110767,PM*,G8V
HD 195759,*,20,35,18.0,-,49,45,13,349,-37,9.216,0.43,0.0,0.0,3.735,-0.45,68,5.05,0.84,0.0,10.0,0.0,0.82,0.79,0.88,-59.7,0.2,0.2,2,396,0.488,1,120,-132,2,14.7,1.7,-77,-31,4,7.946,-0.041,5.79,9.12,0.22,0.19,308.82499999999993,-49.75361111111111,53.30944,-10.362314,-40.92342,PM*,G8V
HD 195818, ,20,36,2.3,-,54,56,29,343,-37,8.588,0.365,2.611,0.007,3.77,-0.3,66,4.5,0.53,8.0,3.1,12.1,0.97,0.9,1.03,-19.8,0.3,0.5,2,868,0.172,4,50,-83,2,15.2,1.2,-30,-19,0,7.95,-0.039,6.92,8.17,0.08,0.12,309.00958333333335,-54.94138888888889,50.40677,-15.410899,-39.719788,PM*,G0V
HD 195988, ,20,33,1.4,+,41,28,25,80,1,7.254,0.383,2.596,0.007,3.761,-0.33,44,4.04,1.22,10.2,7.5,13.1,0.98,0.89,1.03,-19.2,0.2,0.1,2,379,0.825,5,16,34,1,0.0,0.0,-11,-18,1,7.993,0.001,7.24,7.99,0.05,0.12,308.2558333333333,41.47361111111111,7.639358,43.32494,0.76790583,*,G0
HD 196050, ,20,37,51.7,-,60,38,4,336,-36,7.514,0.407,2.611,0.02,3.769,0.33,47,4.07,0.4,3.5,1.8,5.3,1.19,1.16,1.21,60.9,0.2,0.2,3,2193,0.69,4,-190,-65,2,21.3,0.9,66,-37,-1,7.965,-0.028,5.47,9.29,0.26,0.1,309.4654166666666,-60.63444444444444,34.736473,-15.465667,-27.625906,PM*,G3V
HD 196141, ,20,37,11.6,-,44,44,41,356,-37,8.111,0.413,2.593,0.014,3.746,-0.28,37,5.28,0.27,0.0,0.0,0.0,0.85,0.81,0.94,-19.8,0.2,0.5,6,3299,0.085,4,138,-69,1,27.2,1.2,-31,-9,-8,7.971,-0.022,7.37,8.39,0.06,0.03,309.29833333333335,-44.74472222222222,29.477535,-2.0612671,-22.267155,PM*,G2V
HD 196227, ,20,43,13.8,-,76,32,50,317,-33,7.669,0.39,2.622,0.027,3.779,0.19,66,3.46,0.92,3.1,2.7,3.5,1.33,1.29,1.36,21.3,0.2,0.2,3,2214,0.571,5,57,-148,2,15.2,0.7,-20,-48,-12,7.959,-0.036,5.57,7.98,0.18,0.08,310.80749999999995,-76.54722222222222,40.482082,-37.75014,-35.94618,PM*,G2V
HD 196254, ,20,37,15.8,-,34,9,29,9,-36,8.051,0.353,2.618,0.008,3.774,-0.32,48,4.63,0.32,5.2,0.0,10.9,0.97,0.9,1.04,-0.3,0.2,0.2,5,2984,0.948,3,-111,-14,2,20.7,1.1,15,-6,20,7.961,-0.028,7.41,8.62,0.08,0.46,309.31583333333333,-34.158055555555556,38.35472,6.0747914,-28.213692,PM*,G0V
HD 196361, ,20,35,38.5,+,36,28,29,77,-2,8.26,0.396,2.615,0.018,3.76,0.08,66,4.17,0.77,7.7,4.8,10.3,1.06,1.01,1.14,-14.9,0.2,0.1,2,702,0.848,2,-101,-223,1,15.2,0.8,69,-32,-16,7.985,-0.003,5.59,9.48,0.26,0.14,308.9104166666666,36.474722222222226,14.837725,64.26925,-2.3033667,PM*,G5
HD 196378, ,20,40,2.6,-,60,32,56,336,-37,5.12,0.356,2.609,0.009,3.773,-0.59,24,3.2,1.98,5.7,5.2,6.1,1.1,1.08,1.13,-31.9,0.1,0.2,5,4672,0.868,7,313,-569,2,41.3,0.7,-65,-49,-2,7.982,-0.014,5.27,8.6,0.24,0.09,310.0108333333333,-60.54888888888889,17.510159,-7.7960215,-14.44356,PM*,G0VFe-0.8CH-0.5
HD 196390, ,20,39,2.5,-,49,19,53,350,-37,7.345,0.387,2.617,0.008,3.765,0.18,34,4.71,0.02,0.0,0.0,6.9,1.07,1.02,1.1,27.3,0.1,0.3,6,2187,0.378,5,-147,14,1,29.7,0.9,36,-4,2,7.974,-0.02,7.04,9.27,0.14,0.15,309.76041666666663,-49.331388888888895,26.741083,-4.7151814,-20.46171,PM*,G1.5V
HD 196531, ,20,39,2.6,-,28,25,31,16,-35,7.959,0.352,2.606,-0.006,3.776,-0.3,62,3.99,0.9,7.9,4.6,10.3,1.02,0.97,1.08,-33.9,0.2,0.3,4,3219,0.368,5,78,9,2,16.1,1.0,-41,-3,2,7.951,-0.035,7.33,8.82,0.09,0.14,309.76083333333327,-28.42527777777778,48.820007,13.998912,-35.56174,PM*,G0V
HD 196538, ,20,40,28.0,-,54,1,12,344,-37,8.836,0.433,0.0,0.0,3.741,-0.12,66,4.73,0.79,16.1,11.1,0.0,0.89,0.86,0.93,-18.3,0.2,0.3,3,2587,0.457,2,74,-213,2,15.1,1.3,-43,-59,-3,7.949,-0.04,4.98,8.15,0.24,0.08,310.1166666666667,-54.019999999999996,50.66805,-14.528838,-39.719788,PM*,G5V
HD 196761, ,20,40,11.7,-,23,46,26,21,-34,6.372,0.442,2.565,0.0,3.731,-0.29,15,5.54,0.32,0.0,0.0,0.0,0.81,0.78,0.9,-42.1,0.2,0.4,6,3274,0.108,2,500,461,1,68.3,0.8,-60,20,4,7.989,-0.008,7.41,10.58,0.18,0.2,310.04875,-23.773888888888887,11.609599,4.4565077,-8.387894,PM*,G7.5IV-V
HD 196800, ,20,40,22.3,-,24,7,4,21,-34,7.215,0.383,2.62,0.017,3.767,0.07,43,4.06,0.72,6.4,3.5,8.9,1.09,1.04,1.17,-63.8,0.2,0.2,4,3963,0.828,4,181,-290,2,23.4,0.9,-61,-72,-8,7.967,-0.024,4.37,8.36,0.31,0.03,310.0929166666666,-24.11777777777778,33.28085,12.775322,-24.045294,PM*,G1/2V
HD 196987,*,20,45,8.6,-,68,41,6,326,-35,9.307,0.424,0.0,0.0,3.744,0.0,74,4.97,0.39,0.0,0.0,0.0,0.91,0.86,0.99,19.9,0.2,0.3,2,396,0.387,3,32,-16,2,13.6,1.3,5,-13,-19,7.95,-0.043,7.34,8.15,0.05,0.18,311.2858333333333,-68.685,50.25397,-33.89675,-42.444656,*,G8V(+F/G)
HD 197027,*,20,41,54.6,-,27,12,57,17,-35,9.179,0.421,0.0,0.0,3.744,-0.23,81,4.65,0.9,16.2,11.8,0.0,0.88,0.85,0.92,-44.3,0.2,0.2,2,396,0.485,1,177,-15,2,12.4,1.2,-75,-11,-29,7.937,-0.046,6.47,9.59,0.19,0.37,310.47749999999996,-27.215833333333332,63.45208,19.399246,-46.459694,PM*,G3V
HD 197037, ,20,39,32.9,+,42,14,54,82,0,6.816,0.334,2.621,-0.006,3.786,-0.2,33,4.24,0.33,4.3,0.3,7.2,1.06,1.0,1.14,8.4,0.4,0.6,2,1084,0.158,4,-63,-220,1,30.5,0.6,34,4,-13,7.995,0.0,7.26,9.53,0.13,0.09,309.88708333333324,42.248333333333335,4.5927124,32.678844,0.0,PM*,G0
HD 197069, ,20,44,35.8,-,63,8,10,333,-37,8.753,0.382,2.604,0.004,3.766,0.01,78,4.29,0.56,6.8,3.3,9.9,1.04,0.99,1.11,-7.9,0.6,0.8,2,869,0.029,2,60,-143,2,12.8,1.2,-37,-45,-4,7.944,-0.047,5.65,8.12,0.18,0.07,311.14916666666664,-63.13611111111111,55.50398,-28.280691,-46.94157,PM*,G5/8V+(F)
HD 197080, ,20,41,43.2,-,12,20,19,34,-30,8.876,0.361,2.614,0.003,3.775,-0.14,111,3.65,1.12,5.9,3.9,7.8,1.1,1.04,1.16,-0.8,0.2,0.2,2,1115,0.591,6,-36,-20,2,7.1,1.3,15,-11,12,7.92,-0.055,7.18,8.39,0.08,0.3,310.42999999999995,-12.338611111111112,79.694405,53.75455,-55.5,*,G0/1V
HD 197083, ,20,42,27.4,-,33,19,43,10,-37,9.205,0.394,2.568,0.0,3.751,-0.57,81,4.67,0.97,15.7,9.8,0.0,0.84,0.81,0.88,-60.2,0.4,0.7,3,1928,0.064,2,-46,-25,2,12.4,1.3,-36,-20,48,7.936,-0.048,6.97,8.36,0.09,1.19,310.6141666666666,-33.328611111111115,63.706696,11.23321,-48.747013,PM*,G3V
HD 197104, ,20,41,12.1,+,12,39,7,58,-17,8.659,0.376,2.629,0.028,3.786,0.14,100,3.54,0.71,2.9,2.2,3.6,1.27,1.2,1.34,-16.5,0.3,0.4,2,1052,0.293,7,-12,-40,2,10.0,1.1,7,-25,-1,7.949,-0.03,6.7,8.07,0.09,0.1,310.30041666666665,12.651944444444444,50.67643,81.099236,-29.23717,*,G5
HD 197140, ,20,40,20.9,+,38,46,49,79,-2,8.034,0.39,2.614,0.019,3.761,-0.08,54,4.38,0.66,8.7,5.4,12.5,0.99,0.95,1.05,-38.6,0.2,0.2,2,702,0.526,1,156,36,2,18.6,0.7,-38,-33,-25,7.99,-0.002,6.25,8.25,0.14,0.27,310.0870833333333,38.780277777777776,10.297413,52.97558,-1.8845727,PM*,G5
HD 197195, ,20,41,53.3,+,12,58,49,58,-17,8.276,0.376,2.629,0.022,3.781,0.18,56,4.45,-0.11,0.0,0.0,4.5,1.14,1.09,1.19,28.6,0.3,0.4,2,367,0.309,5,-95,-74,1,17.9,2.0,42,10,1,7.972,-0.017,7.22,10.04,0.16,0.13,310.4720833333333,12.980277777777777,28.378801,45.415577,-16.372814,PM*,G5
HD 197197, ,20,42,37.1,-,13,5,41,33,-31,8.097,0.383,2.576,0.0,3.759,-0.54,72,3.81,1.64,9.9,8.0,12.1,0.97,0.88,1.02,-28.2,0.2,0.2,5,2544,0.866,2,-156,-156,1,13.9,1.4,30,-65,37,7.948,-0.037,4.79,8.24,0.26,0.92,310.6545833333333,-13.094722222222222,51.75943,33.61297,-37.08274,PM*,G0V
HD 197210, ,20,42,29.4,-,5,18,4,41,-27,7.611,0.436,2.579,0.0,3.738,-0.02,30,5.22,0.29,0.0,0.0,0.0,0.88,0.84,0.97,2.5,0.1,0.3,38,3299,0.717,1,-59,-171,2,33.2,1.2,17,-19,-5,7.98,-0.014,6.87,8.36,0.1,0.04,310.62249999999995,-5.301111111111111,20.173536,17.536587,-13.619715,PM*,G5V
HD 197263, ,20,41,44.3,+,28,16,10,71,-8,8.161,0.393,2.613,0.035,3.778,-0.1,93,3.17,1.49,4.5,2.7,5.6,1.19,1.12,1.32,-8.1,0.2,0.5,7,3379,0.225,10,-5,-12,2,5.3,0.8,2,-10,0,7.97,-0.014,7.53,8.17,0.04,0.1,310.4345833333333,28.269444444444442,29.983175,87.07747,-12.943099,*,G0V
HD 197310, ,20,41,41.1,+,35,32,44,77,-4,7.435,0.396,2.607,0.008,3.759,0.02,46,4.12,0.89,8.1,5.5,10.7,1.03,0.98,1.1,-29.2,0.2,0.2,2,365,0.625,2,92,51,2,0.0,0.0,-27,-24,-7,7.989,-0.003,6.77,8.13,0.09,0.0,310.42124999999993,35.54555555555555,10.322541,44.71184,-3.2087977,PM*,G0
HD 197507, ,20,46,50.9,-,58,7,37,339,-38,9.21,0.429,0.0,0.0,3.736,-0.34,68,5.06,0.73,0.0,10.4,0.0,0.84,0.81,0.89,14.0,0.3,0.2,2,870,0.51,2,-92,4,2,14.8,1.6,29,-5,14,7.95,-0.041,7.13,9.01,0.12,0.36,311.7120833333333,-58.12694444444445,50.025654,-19.203056,-41.864983,PM*,G6/8V
HD 197666, ,20,43,2.0,+,52,17,43,90,6,7.746,0.388,2.581,0.007,3.755,-0.9,79,3.27,2.48,7.2,6.3,8.2,1.0,0.96,1.06,-22.4,0.2,0.5,9,1515,0.196,5,-23,164,1,12.7,0.6,-43,-27,42,8.0,0.008,6.57,8.45,0.13,1.02,310.75833333333327,52.29527777777778,-3.4342827e-06,78.56723,8.257749,PM*,G0
HD 197808, ,20,51,37.3,-,73,41,31,320,-34,8.04,0.423,2.608,0.0,3.748,0.02,70,3.82,1.44,8.0,6.9,9.3,1.07,1.03,1.14,-3.8,0.2,0.2,5,1150,0.923,4,-45,-63,2,14.3,0.9,-2,-17,20,7.956,-0.039,7.27,8.01,0.05,0.44,312.90541666666667,-73.69194444444445,44.455566,-37.302666,-39.1435,PM*,G3IV
HD 197818, ,20,46,34.2,-,17,9,46,29,-33,7.666,0.387,2.597,0.003,3.76,-0.19,35,4.94,0.22,4.9,0.0,13.5,0.94,0.86,1.01,43.0,0.2,0.3,6,2501,0.729,3,-66,-60,1,28.5,1.1,41,8,-18,7.974,-0.019,7.2,9.95,0.16,0.18,311.6424999999999,-17.162777777777777,25.673124,14.2308445,-19.062366,PM*,G1V
HD 197947,*,20,47,55.5,-,30,14,30,14,-37,9.901,0.433,0.0,0.0,3.737,-0.23,91,5.11,0.58,0.0,5.9,0.0,0.86,0.82,0.91,68.5,0.4,0.6,2,724,0.143,3,-138,-136,2,11.0,1.5,97,-47,-6,7.93,-0.055,4.74,9.99,0.36,0.07,311.98125,-30.241666666666667,70.51705,17.581877,-54.765163,PM*,G6/8V
HD 197990, ,20,46,44.1,+,20,7,22,65,-14,8.606,0.334,2.632,0.013,3.787,-0.46,125,3.12,1.65,4.7,3.4,5.9,1.14,1.07,1.21,-21.6,0.4,0.9,4,1424,0.181,12,-5,-29,2,5.8,1.1,5,-27,-2,7.949,-0.031,6.59,8.04,0.1,0.08,311.68375,20.122777777777777,51.258087,109.92332,-30.240238,*,G5
HD 198075, ,20,48,15.1,-,12,27,15,35,-31,8.04,0.385,2.61,0.013,3.758,-0.32,38,5.15,0.17,0.0,0.0,12.1,0.91,0.83,0.97,-18.4,0.1,0.4,17,2959,0.555,3,-13,33,2,26.4,1.3,-13,-4,13,7.973,-0.02,7.93,8.12,0.01,0.32,312.06291666666664,-12.454166666666666,26.681713,18.682737,-19.571447,*,G0.5V
HD 198188, ,20,49,15.1,-,20,37,50,26,-35,8.126,0.386,2.599,0.004,3.761,-0.23,61,4.2,0.97,10.9,7.9,13.2,0.98,0.94,1.03,-83.2,0.2,0.4,6,2896,0.134,4,214,-191,1,16.4,1.0,-86,-78,-17,7.955,-0.035,3.97,8.78,0.38,0.15,312.31291666666664,-20.630555555555556,44.91119,21.904652,-34.988163,PM*,G3V
HD 198246,*,20,50,32.8,-,42,29,18,359,-39,8.4,0.37,0.0,0.0,3.766,-0.42,87,3.7,1.52,8.2,6.6,10.0,1.01,0.96,1.06,8.1,0.3,0.4,2,829,0.364,4,-68,-4,1,11.5,1.1,24,-3,17,7.933,-0.055,7.26,8.91,0.1,0.41,312.6366666666666,-42.48833333333334,67.6014,-1.1800005,-54.750874,PM*,G2V
HD 198388, ,20,48,32.5,+,42,15,31,83,-1,8.164,0.412,2.594,0.021,3.759,-0.13,61,4.15,0.98,9.5,6.7,12.4,1.0,0.94,1.05,18.5,0.2,0.2,2,713,0.539,1,100,25,1,0.0,0.0,-21,21,-18,7.992,-0.001,7.95,9.86,0.11,0.18,312.13541666666663,42.25861111111111,7.4328966,60.536095,-1.0645968,PM*,G5
HD 198416, ,20,50,3.1,+,7,51,0,55,-22,8.559,0.412,2.572,0.0,3.746,-0.42,60,4.67,0.98,0.0,12.4,0.0,0.85,0.83,0.89,-101.0,0.2,0.2,5,1519,0.804,2,213,107,2,16.7,1.2,-109,-53,7,7.968,-0.022,4.67,9.69,0.35,0.24,312.51291666666657,7.85,31.90865,45.570274,-22.476395,PM*,G5
HD 198759, ,20,51,49.8,+,21,52,7,67,-14,8.21,0.318,2.661,0.024,3.811,-0.04,97,3.17,0.69,2.2,1.6,2.7,1.34,1.27,1.4,-11.8,0.4,0.2,2,735,0.677,11,21,-13,1,10.3,1.0,-7,-13,-8,7.963,-0.024,7.5,7.98,0.03,0.03,312.9575,21.86861111111111,36.77511,86.6367,-23.466425,*,G0
HD 198902, ,20,54,5.7,-,18,59,48,28,-35,7.462,0.359,2.632,0.018,3.778,-0.1,67,3.34,1.32,4.9,3.0,5.7,1.19,1.14,1.29,-13.2,0.2,0.1,2,362,0.695,8,-9,-38,2,15.0,1.0,-4,-17,6,7.952,-0.039,7.25,7.98,0.05,0.2,313.52374999999995,-18.996666666666666,48.458977,25.766096,-38.429623,*,G0V
HD 199086, ,20,55,3.3,-,7,10,43,41,-31,7.83,0.368,2.606,-0.002,3.772,-0.1,53,4.19,0.61,6.5,3.7,9.4,1.04,0.99,1.11,15.4,0.1,0.3,6,2938,0.471,4,-11,-183,2,18.7,1.2,31,-29,-24,7.965,-0.027,6.22,8.5,0.16,0.27,313.76374999999996,-7.1786111111111115,34.286358,29.804674,-27.297018,PM*,G3V
HD 199190, ,21,0,5.7,-,69,34,46,324,-36,6.87,0.401,2.606,0.018,3.757,-0.05,37,4.02,1.09,9.3,7.9,10.7,1.03,1.0,1.07,-34.6,0.1,0.2,5,3983,0.54,3,453,-283,2,26.9,0.7,-93,-26,-26,7.976,-0.022,5.74,9.77,0.26,0.33,315.02374999999995,-69.57944444444443,24.216814,-17.594547,-21.748055,PM*,G1IV-V
HD 199268, ,20,55,54.8,+,6,46,28,55,-24,8.576,0.418,2.583,0.004,3.748,-0.17,115,3.27,2.14,5.4,3.8,7.9,1.16,1.05,1.26,-29.0,0.2,0.2,3,2262,0.8,1,47,-172,3,0.0,0.0,20,-83,-55,7.939,-0.046,4.1,8.07,0.33,1.03,313.9783333333333,6.774444444444445,60.258636,86.05825,-46.774715,PM*,G5
HD 199288, ,20,57,40.0,-,44,7,45,357,-41,6.521,0.384,2.575,0.0,3.755,-0.68,22,4.85,0.77,13.2,5.2,0.0,0.82,0.79,0.89,-8.0,0.1,0.2,5,2542,0.818,3,-517,-977,1,46.3,0.8,23,-102,45,7.984,-0.014,3.38,8.12,0.41,1.17,314.41666666666663,-44.12916666666667,16.580856,-0.868966,-14.433298,PM*,G2VFe-1.0
HD 199458, ,20,57,55.1,-,20,4,29,27,-37,8.655,0.414,2.567,0.0,3.747,-0.26,74,4.32,1.19,14.0,11.0,17.6,0.91,0.86,0.96,3.3,0.3,0.4,2,777,0.436,3,-117,-123,2,13.6,1.3,40,-40,17,7.947,-0.044,5.66,8.56,0.2,0.42,314.4795833333333,-20.07472222222222,52.65762,26.830397,-44.53431,PM*,G5V
HD 199509, ,21,9,20.7,-,82,1,38,311,-31,6.988,0.396,2.594,0.013,3.751,-0.45,24,5.07,0.5,0.0,0.0,0.0,0.83,0.8,0.93,-21.6,0.3,0.6,4,3217,0.014,3,266,-51,2,41.3,0.6,-36,10,-9,7.987,-0.013,7.71,9.33,0.1,0.03,317.33624999999995,-82.02722222222222,13.496453,-15.5259,-12.360914,PM*,G1V
HD 199604, ,20,59,5.2,-,25,22,50,21,-38,8.57,0.372,2.586,0.002,3.762,-0.63,68,4.41,1.03,12.2,7.5,16.1,0.86,0.81,0.94,-19.9,0.2,0.4,5,4667,0.17,3,165,-234,2,14.7,1.3,-34,-76,-44,7.95,-0.042,4.36,8.04,0.3,0.7,314.77166666666665,-25.380555555555556,50.025654,19.20305,-41.864983,PM*,G2V
HD 199683, ,20,59,24.2,-,20,26,39,27,-37,8.18,0.369,2.609,-0.001,3.773,-0.04,78,3.73,0.99,6.0,3.5,7.6,1.11,1.06,1.18,-11.2,0.2,0.1,2,371,0.953,5,16,-18,1,12.9,1.1,-10,-10,0,7.945,-0.047,7.65,7.95,0.02,0.12,314.8508333333333,-20.444166666666668,55.50398,28.28069,-46.94157,*,G2V
HD 199847, ,21,2,39.0,-,61,52,50,334,-39,8.815,0.396,2.582,0.017,3.751,-0.78,90,4.04,1.72,13.5,10.6,16.9,0.83,0.8,0.91,50.8,0.3,0.1,2,1151,0.907,2,23,-93,2,11.1,1.3,19,-53,-32,7.937,-0.057,5.27,8.11,0.21,0.41,315.6625,-61.88055555555555,62.86447,-30.66106,-56.638836,PM*,G2V(w)
HD 199903,*,21,1,4.8,-,34,57,50,9,-41,8.034,0.393,0.0,0.0,3.76,-0.07,59,4.18,0.88,8.8,5.9,11.7,1.01,0.96,1.07,42.0,0.2,0.1,2,396,0.708,2,30,-99,2,0.0,0.0,28,-21,-37,7.956,-0.038,6.63,8.59,0.13,0.53,315.27,-34.96388888888889,43.979656,6.9656935,-38.70748,PM*,G3V
HD 199960, ,21,0,33.8,-,4,43,48,44,-31,6.216,0.401,2.618,0.026,3.76,0.1,26,4.1,0.82,8.0,4.8,10.0,1.12,1.03,1.15,-17.8,0.2,0.4,6,2938,0.15,4,48,-138,1,37.8,1.0,-7,-24,-3,7.984,-0.014,6.85,7.99,0.08,0.06,315.1408333333333,-4.73,16.031458,15.4814005,-13.39099,PM*,G1V
HD 200051, ,21,1,42.7,-,23,47,57,23,-38,8.512,0.432,2.562,0.0,3.737,-0.56,51,4.97,0.94,0.0,10.6,0.0,0.82,0.78,0.87,25.4,0.2,0.5,5,2922,0.111,4,9,-35,2,8.3,1.4,19,1,-19,7.963,-0.032,7.48,8.93,0.09,0.19,315.42791666666665,-23.799166666666668,36.993755,15.702917,-31.398737,*,G3V
HD 200078, ,21,0,43.5,+,17,26,52,65,-19,8.057,0.439,2.606,0.0,3.742,0.16,53,4.45,0.84,11.6,8.7,14.2,0.98,0.95,1.03,-60.6,0.2,0.1,3,1097,0.9,3,265,8,1,19.0,1.1,-69,-49,-29,7.979,-0.017,5.24,8.7,0.25,0.38,315.18125,17.447777777777777,21.178452,45.41733,-17.255112,PM*,G5
HD 200297, ,21,3,5.4,-,19,19,15,29,-37,8.471,0.405,2.578,0.0,3.749,-0.35,47,5.11,0.43,0.0,0.0,0.0,0.85,0.81,0.94,39.7,0.2,0.3,6,3251,0.561,1,-169,-111,2,21.3,1.5,59,-8,-3,7.967,-0.029,6.48,9.83,0.21,0.08,315.7725,-19.320833333333333,32.829613,18.19775,-28.285305,PM*,G5V
HD 200419, ,21,4,11.9,-,29,8,55,17,-40,8.355,0.36,2.64,0.027,3.791,0.11,79,3.76,0.4,2.8,1.4,3.8,1.24,1.18,1.3,16.4,0.2,0.4,3,1552,0.292,7,2,-89,2,12.7,1.1,17,-29,-17,7.942,-0.051,6.4,8.2,0.12,0.15,316.0495833333333,-29.148611111111112,57.87318,17.693607,-50.78022,PM*,G0V
HD 200474, ,21,6,3.9,-,57,8,48,339,-41,8.15,0.399,2.604,0.019,3.758,-0.12,68,4.0,1.15,9.3,7.4,11.2,1.02,0.98,1.06,-33.6,0.4,0.7,3,2583,0.014,4,134,-197,5,14.8,1.1,-66,-51,0,7.952,-0.044,5.14,8.57,0.25,0.13,316.51625,-57.14666666666667,47.91158,-18.391539,-44.612015,PM*,G1V
HD 200534, ,21,3,55.6,+,6,58,48,56,-25,8.404,0.399,2.592,0.002,3.756,-0.09,85,3.76,1.41,8.1,6.2,10.3,1.04,0.99,1.11,18.6,0.3,0.3,2,363,0.492,6,107,-88,3,0.0,0.0,0,-8,-58,7.957,-0.036,7.71,8.23,0.03,1.04,315.9816666666666,6.98,43.07807,63.86587,-35.922554,PM*,G0
HD 200538, ,21,5,4.9,-,32,49,34,12,-41,7.719,0.377,2.63,0.027,3.784,0.17,55,3.89,0.38,3.3,1.8,4.2,1.23,1.18,1.27,15.3,0.2,0.3,4,3973,0.306,5,-47,-5,2,18.1,1.1,20,1,-1,7.959,-0.036,7.47,8.98,0.09,0.1,316.2704166666666,-32.82611111111112,40.60196,8.630213,-36.08325,*,G0V
HD 200565, ,21,4,5.6,+,3,58,50,53,-27,8.41,0.405,2.607,0.012,3.753,-0.03,64,4.39,0.79,10.6,7.2,13.8,0.97,0.92,1.04,-1.3,0.4,0.2,2,318,0.716,9,-71,-165,1,15.7,1.3,40,-36,-8,7.966,-0.029,5.81,8.61,0.19,0.03,316.0233333333333,3.9805555555555556,34.31815,45.541725,-29.055391,PM*,G5V
HD 200608, ,21,5,35.2,-,36,27,56,7,-42,8.584,0.398,2.61,0.013,3.76,0.1,94,3.72,1.2,6.4,4.7,8.1,1.12,1.06,1.2,13.1,0.4,0.6,2,1114,0.096,4,34,3,2,0.0,0.0,-1,3,-20,7.93,-0.063,7.85,8.57,0.04,0.21,316.3966666666666,-36.46555555555556,69.33492,8.513258,-62.898277,*,G1V
HD 200625, ,21,6,17.1,-,48,31,34,351,-42,7.263,0.392,2.621,0.029,3.779,0.17,72,2.85,1.55,2.4,2.2,2.7,1.46,1.43,1.51,4.9,0.2,0.2,2,1472,0.513,7,3,-39,1,13.9,0.9,2,-14,-3,7.947,-0.048,7.32,8.07,0.05,0.07,316.57125,-48.52611111111111,52.847675,-8.370244,-48.177406,*,G2V
HD 200633, ,21,4,44.1,-,4,49,44,45,-32,8.412,0.411,2.586,0.008,3.749,-0.23,54,4.76,0.68,14.8,9.0,0.0,0.88,0.84,0.93,45.0,0.2,0.2,5,4444,0.927,1,-140,-194,2,18.6,1.2,73,-11,-18,7.968,-0.028,6.17,10.19,0.25,0.19,316.18375,-4.828888888888889,32.381668,32.381668,-28.61564,PM*,G5V
HD 200655, ,21,7,24.6,-,59,59,31,336,-40,6.78,0.413,2.605,0.035,3.771,0.11,78,2.18,2.47,1.8,1.6,2.2,1.68,1.58,1.76,40.5,0.2,0.4,3,2600,0.184,5,-49,-17,1,12.9,0.9,39,-17,-12,7.946,-0.05,6.52,8.91,0.16,0.09,316.85249999999996,-59.99194444444444,54.585686,-24.3031,-50.137432,PM*,G2V
HD 200962, ,21,6,25.9,+,13,6,51,62,-22,8.175,0.391,2.588,-0.01,3.76,-0.09,58,4.37,0.7,9.3,5.8,12.9,0.99,0.94,1.05,36.8,0.3,0.1,2,372,0.734,3,32,-129,2,17.3,1.1,31,10,-40,7.975,-0.022,7.43,9.83,0.14,0.64,316.60791666666665,13.114166666666666,25.246618,47.481976,-21.727182,PM*,G0
HD 200993, ,21,7,11.6,-,15,44,51,33,-37,7.542,0.341,2.632,0.007,3.785,-0.16,58,3.72,0.84,4.0,2.8,6.5,1.11,1.05,1.19,23.4,0.4,0.6,2,348,0.128,8,-123,-151,2,0.0,0.0,52,-27,-2,7.961,-0.035,6.01,9.08,0.2,0.08,316.79833333333335,-15.747499999999999,38.847942,25.22815,-34.90527,PM*,G2/3V
HD 201219, ,21,7,56.5,+,7,25,58,57,-26,8.018,0.442,2.594,0.0,3.738,0.05,36,5.25,0.2,0.0,0.0,0.0,0.9,0.85,0.99,4.5,0.2,0.2,3,1510,0.763,3,189,-12,3,27.9,1.3,-18,2,-27,7.982,-0.016,7.91,8.59,0.04,0.31,316.98541666666665,7.432777777777778,17.62266,27.136517,-15.781362,PM*,G5
HD 201268, ,21,6,18.3,+,54,1,21,94,5,8.88,0.337,2.634,0.01,3.788,-0.19,152,2.97,1.55,2.9,2.4,4.7,1.3,1.13,1.4,9.7,0.4,0.1,2,333,0.991,12,6,14,2,0.0,0.0,-11,9,5,8.009,0.012,8.01,8.94,0.06,0.18,316.57625,54.0225,-10.562637,151.05275,13.247672,*,G0
HD 201407, ,21,9,59.7,-,22,31,34,25,-40,8.292,0.339,2.614,-0.018,3.786,-0.29,119,2.91,1.74,4.0,2.5,5.0,1.18,1.12,1.33,6.5,0.3,0.2,2,371,0.59,7,47,5,2,7.7,1.1,-14,5,-23,7.918,-0.076,7.9,8.62,0.04,0.26,317.4987499999999,-22.52611111111111,82.61837,38.52558,-76.49172,*,G0V
HD 201446, ,21,9,30.5,+,1,34,6,52,-29,8.268,0.397,2.61,0.032,3.772,-0.13,91,3.34,1.49,5.2,4.0,6.6,1.14,1.08,1.25,-34.0,0.2,0.3,4,1041,0.718,4,-14,27,1,11.0,1.2,-20,-15,27,7.951,-0.045,7.37,8.05,0.04,0.59,317.3770833333333,1.5683333333333334,49.00074,62.718086,-44.117676,*,G2/3V
HD 201496, ,21,10,40.6,-,23,18,41,24,-40,8.054,0.377,2.617,0.008,3.767,-0.01,56,4.31,0.53,6.7,3.4,9.9,1.04,0.99,1.11,-29.3,0.2,0.2,5,2155,0.864,3,96,-103,1,17.8,1.1,-31,-35,-6,7.961,-0.036,6.15,8.1,0.14,0.04,317.6691666666666,-23.31138888888889,39.189716,17.448387,-35.996105,PM*,G1V
HD 201513, ,21,11,8.4,-,34,59,40,9,-43,9.176,0.439,2.594,0.0,3.735,-0.17,63,5.18,0.51,0.0,0.8,0.0,0.86,0.82,0.92,20.0,0.3,0.4,2,475,0.228,3,-6,-95,2,0.0,0.0,19,-25,-15,7.954,-0.043,6.55,8.28,0.12,0.13,317.78499999999997,-34.99444444444445,45.508022,7.2077627,-42.965893,PM*,G8V
HD 201529, ,21,10,25.7,-,7,42,31,43,-34,8.718,0.389,2.631,0.036,3.784,0.29,88,3.84,0.35,2.5,0.3,5.1,1.24,1.18,1.3,-17.1,0.3,0.5,2,684,0.129,3,18,-27,2,0.0,0.0,-11,-19,0,7.946,-0.05,7.12,7.95,0.05,0.11,317.6070833333333,-7.708611111111111,53.356133,49.755398,-49.208977,*,G2V
HD 201588, ,21,10,48.3,-,7,38,29,43,-34,8.789,0.384,2.586,0.011,3.756,-0.54,64,4.75,0.77,13.2,5.7,0.0,0.84,0.81,0.92,-52.5,0.3,0.7,5,4449,0.035,3,234,-33,2,15.6,1.3,-76,-38,-27,7.961,-0.036,5.55,8.98,0.24,0.32,317.70125,-7.641388888888889,38.804462,36.185745,-35.788345,PM*,G1/2V
HD 201701, ,21,9,43.0,+,46,9,31,88,-1,7.61,0.327,2.646,0.01,3.793,-0.11,65,3.55,0.78,3.4,2.7,3.9,1.22,1.14,1.27,5.0,0.3,0.2,2,731,0.606,8,27,8,2,15.4,0.6,-7,5,-4,7.998,-0.001,7.99,8.68,0.04,0.04,317.4291666666666,46.15861111111111,2.2681217,64.950516,-1.1344063,*,G0
HD 201794, ,21,9,51.9,+,53,44,32,94,4,8.429,0.309,2.634,0.01,3.797,-0.69,83,3.84,0.89,4.2,2.6,6.2,1.05,0.99,1.11,9.7,0.5,0.9,3,826,0.075,5,-34,-28,2,12.1,0.7,16,11,3,8.005,0.006,7.72,9.43,0.1,0.16,317.46624999999995,53.742222222222225,-5.7756844,82.59613,5.7897873,*,G0
HD 201989, ,21,14,1.8,-,29,39,48,16,-43,7.389,0.429,2.604,0.0,3.742,-0.02,30,5.02,0.4,13.1,3.8,0.0,0.89,0.86,0.97,-23.9,0.2,0.4,6,2908,0.173,5,232,-39,2,33.6,0.9,-38,-11,-8,7.979,-0.02,7.16,8.54,0.09,0.03,318.50749999999994,-29.66333333333333,21.09067,6.0476522,-20.45995,PM*,G6V
HD 202048, ,21,11,20.5,+,54,25,25,94,4,8.279,0.375,2.619,0.014,3.77,-0.01,86,3.61,1.16,5.7,3.5,7.4,1.12,1.06,1.2,-28.3,0.4,0.6,2,333,0.135,4,-29,-65,2,0.0,0.0,30,-25,-11,8.007,0.006,6.42,8.57,0.14,0.06,317.8354166666666,54.42361111111111,-5.984444,85.581535,5.9990563,PM*,G5
HD 202072, ,21,13,22.4,+,11,12,41,61,-25,8.191,0.407,2.585,0.013,3.748,-0.32,49,4.73,0.81,16.0,10.9,0.0,0.86,0.84,0.91,-49.5,0.3,0.1,2,364,0.825,5,162,-16,2,20.3,1.0,-45,-42,-9,7.979,-0.021,5.73,8.29,0.18,0.03,318.3433333333333,11.211388888888887,21.529947,38.841057,-20.708296,PM*,G5
HD 202108, ,21,12,57.6,+,30,48,34,77,-12,7.333,0.408,2.586,0.008,3.747,-0.28,27,5.18,0.35,0.0,0.0,0.0,0.85,0.81,0.94,2.1,0.2,0.3,2,368,0.409,2,-20,108,2,37.1,0.8,-7,6,11,7.994,-0.006,7.99,8.77,0.05,0.28,318.23999999999995,30.809444444444445,5.940954,25.7331,-5.613616,PM*,G3V
HD 202282, ,21,15,11.6,-,15,44,28,34,-39,8.989,0.41,2.588,0.007,3.752,-0.02,103,3.92,1.28,8.8,6.7,11.3,1.03,0.98,1.09,25.3,0.6,0.9,2,774,0.102,6,-31,-142,2,11.4,1.5,50,-50,-26,7.934,-0.065,5.17,8.65,0.25,0.33,318.79833333333335,-15.74111111111111,66.361176,44.761173,-64.82,PM*,G3V
HD 202410, ,21,16,27.9,-,28,30,38,18,-43,8.753,0.382,2.621,0.016,3.763,-0.07,66,4.66,0.33,6.9,0.0,11.8,0.99,0.93,1.05,-2.2,0.2,0.2,2,1108,0.598,4,56,-33,2,0.0,0.0,-12,-11,-13,7.954,-0.045,7.6,7.96,0.02,0.09,319.11625,-28.510555555555555,45.906876,14.916048,-45.01189,PM*,G2V
HD 202530, ,21,15,18.7,+,41,12,44,85,-5,7.928,0.301,2.644,-0.01,3.804,-0.16,62,3.97,0.16,2.2,0.0,4.0,1.16,1.1,1.22,-26.0,0.4,0.3,2,55,0.645,15,103,77,2,0.0,0.0,-39,-23,-4,7.995,-0.006,6.66,8.36,0.11,0.05,318.8279166666666,41.21222222222222,5.3830967,61.52904,-5.4036555,PM*,G0
HD 202628, ,21,18,27.2,-,43,20,4,358,-44,6.753,0.402,2.584,-0.001,3.753,-0.14,24,4.87,0.41,10.8,2.7,0.0,0.91,0.86,1.0,11.9,0.1,0.3,6,3675,0.324,3,243,22,1,42.0,0.9,-11,2,-28,7.983,-0.017,7.98,8.46,0.03,0.33,319.6133333333333,-43.33444444444444,17.253637,-0.60251206,-16.671803,PM*,G5V
HD 202707, ,21,26,35.2,-,80,40,56,312,-33,8.149,0.412,2.59,0.033,3.766,-0.05,112,2.75,2.15,3.3,2.5,3.8,1.34,1.29,1.44,-6.8,0.1,0.1,5,4672,0.983,3,-30,15,1,8.9,0.8,11,11,11,7.937,-0.061,7.75,9.28,0.09,0.31,321.64666666666665,-80.68222222222222,62.852184,-69.8044,-60.999573,*,G0V
HD 202732, ,21,23,27.1,-,75,29,37,317,-35,7.877,0.429,2.587,0.0,3.739,-0.15,34,5.2,0.39,14.5,2.4,0.0,0.86,0.83,0.93,-2.1,0.2,0.3,5,2648,0.612,3,30,104,2,29.2,0.8,1,15,-9,7.98,-0.02,7.93,9.42,0.09,0.04,320.86291666666665,-75.49361111111111,20.369057,-18.99445,-19.501598,PM*,G5V
HD 202783, ,21,18,30.0,-,12,15,54,39,-38,7.973,0.342,2.624,0.0,3.785,-0.11,69,3.76,0.75,3.8,2.9,6.0,1.13,1.07,1.21,-18.9,0.3,0.5,2,739,0.229,9,37,-20,2,14.4,1.1,-18,-15,1,7.957,-0.043,7.3,8.01,0.05,0.12,319.62499999999994,-12.265,42.255558,34.217876,-42.480644,*,G1V
HD 202871, ,21,20,4.8,-,42,40,43,359,-45,8.236,0.356,2.624,0.001,3.776,-0.05,55,4.54,0.12,2.3,0.0,7.6,1.05,0.98,1.11,-15.9,0.2,0.4,5,1694,0.39,4,134,-21,1,18.2,1.1,-36,-6,-13,7.961,-0.039,7.35,8.57,0.08,0.1,320.02,-42.67861111111111,38.88495,-0.6787472,-38.890873,PM*,G0V
HD 202960, ,21,20,0.0,-,29,20,57,17,-44,8.333,0.379,2.587,0.002,3.761,-0.38,81,3.8,1.5,9.0,7.3,11.1,1.0,0.96,1.04,-12.2,0.1,0.2,6,5020,0.819,5,56,29,3,12.4,1.1,-25,7,-5,7.944,-0.056,7.81,8.93,0.07,0.07,319.99999999999994,-29.349166666666665,55.72055,17.03548,-56.26733,PM*,G1V
HD 203019, ,21,20,46.5,-,38,46,53,4,-45,7.838,0.424,2.588,0.0,3.746,0.07,36,5.03,0.23,6.9,0.0,15.4,0.96,0.88,1.03,24.0,0.1,0.3,6,2901,0.254,6,-23,48,2,27.5,1.2,19,10,-14,7.974,-0.026,7.64,9.43,0.11,0.11,320.1937499999999,-38.78138888888889,25.393835,1.7757097,-25.455843,PM*,G7V
HD 203021, ,21,21,23.5,-,51,45,9,346,-44,6.765,0.409,2.602,0.021,3.764,0.08,48,3.28,1.56,4.4,4.1,4.9,1.24,1.2,1.39,17.0,0.1,0.2,6,2185,0.807,3,-123,-91,2,20.9,0.8,30,-22,10,7.967,-0.033,6.53,8.59,0.14,0.28,320.3479166666666,-51.7525,33.502674,-8.353149,-33.343605,PM*,G8/K1III+(F/G)
HD 203075,*,21,21,40.7,-,49,52,34,348,-44,9.184,0.424,0.0,0.0,3.74,-0.25,59,5.32,0.33,0.0,0.0,0.0,0.85,0.81,0.92,-0.1,0.3,0.1,2,706,0.845,2,-4,-61,2,16.9,1.5,0,-17,3,7.958,-0.041,7.2,8.03,0.05,0.15,320.4195833333333,-49.876111111111115,41.513607,-8.823993,-40.984844,PM*,G8/K0V+(F)
HD 203171, ,21,19,48.9,+,27,30,16,76,-15,8.315,0.335,2.632,0.001,3.788,-0.1,79,3.83,0.6,3.7,2.5,5.4,1.14,1.07,1.21,-22.5,0.6,0.0,1,0,0.0,13,98,19,2,12.7,1.2,-36,-19,-15,7.981,-0.021,6.87,8.32,0.1,0.12,319.95374999999996,27.504444444444445,18.46061,74.04146,-20.446705,PM*,G0V
HD 203254, ,21,22,30.8,-,44,8,43,356,-45,8.637,0.434,0.0,0.0,3.738,-0.26,88,3.9,1.8,11.0,8.4,14.1,0.95,0.9,1.02,-2.6,0.1,0.1,6,3665,0.995,1,-77,-34,1,11.3,1.2,21,-13,25,7.938,-0.063,7.03,8.56,0.1,0.59,320.62833333333333,-44.14527777777778,62.07382,-4.3406186,-62.225395,PM*,G5V
HD 203270, ,21,21,44.1,-,18,44,7,31,-41,7.973,0.415,2.602,0.031,3.769,0.13,109,2.65,2.03,2.5,2.1,3.1,1.48,1.42,1.52,17.9,0.3,0.4,2,739,0.259,3,-24,-29,2,6.6,1.1,25,-6,-7,7.93,-0.072,7.15,8.81,0.1,0.08,320.43375000000003,-18.735277777777778,70.51345,42.368755,-71.51044,*,G2/3V
HD 203311, ,21,21,51.0,-,16,16,25,34,-40,7.46,0.388,2.603,0.01,3.764,-0.04,67,3.33,1.61,5.0,4.2,6.0,1.19,1.13,1.27,-26.1,0.1,0.3,5,2672,0.553,4,116,-166,2,14.9,1.1,-25,-60,-25,7.958,-0.044,5.03,8.0,0.23,0.27,320.4625,-16.27361111111111,42.550335,28.700563,-43.06677,PM*,G2V
HD 203432, ,21,23,22.5,-,41,33,8,0,-45,7.617,0.456,0.0,0.0,3.735,0.2,38,4.73,0.69,14.0,8.3,0.0,0.95,0.91,0.98,6.4,0.2,0.2,3,1842,0.765,2,-71,-144,2,26.5,1.0,15,-25,5,7.974,-0.027,6.62,8.22,0.11,0.18,320.84375,-41.55222222222222,26.870058,0.0,-26.870058,PM*,G8IV
HD 203448, ,21,23,6.4,-,30,48,42,15,-45,7.823,0.37,2.619,0.01,3.771,-0.11,68,3.67,1.16,6.5,5.1,7.8,1.11,1.06,1.16,-41.6,0.2,0.3,2,1553,0.309,2,343,101,2,14.8,1.1,-112,19,-44,7.954,-0.048,6.54,12.57,0.32,0.9,320.77666666666664,-30.811666666666667,46.444862,12.444863,-48.08326,PM*,G1/2V
HD 203473, ,21,22,18.8,+,5,1,24,57,-30,8.243,0.418,2.605,0.0,3.751,0.04,63,4.25,0.92,10.1,7.5,12.5,1.01,0.96,1.07,-61.7,0.2,0.6,6,1777,0.023,1,183,0,2,15.9,1.3,-67,-47,-7,7.971,-0.032,5.32,8.67,0.24,0.03,320.5783333333333,5.023333333333333,29.71529,45.75753,-31.5,PM*,G6V
HD 203536, ,21,22,16.0,+,20,0,57,70,-21,8.697,0.294,2.65,0.005,3.807,-0.44,142,2.94,1.36,2.6,2.2,3.2,1.24,1.14,1.34,-16.7,0.3,0.5,3,1035,0.444,13,13,8,1,8.3,1.1,-15,-12,3,7.955,-0.05,7.5,7.98,0.03,0.16,320.56666666666666,20.015833333333333,45.341072,124.57356,-50.88825,*,G5
HD 203844, ,21,24,56.5,-,8,10,45,44,-38,7.781,0.348,2.615,-0.004,3.78,-0.21,88,3.05,1.67,4.3,2.9,5.3,1.19,1.13,1.34,-15.2,0.3,0.3,2,378,0.348,10,112,126,2,11.3,1.2,-64,34,-4,7.95,-0.054,7.47,11.6,0.22,0.1,321.23541666666665,-8.179166666666665,49.88258,48.17105,-54.17821,PM*,G0V
HD 204231, ,21,25,3.3,+,58,5,5,98,5,7.147,0.375,2.608,0.007,3.767,-0.34,59,3.29,1.84,6.1,4.6,7.9,1.09,1.02,1.16,-37.4,0.3,0.1,2,704,0.795,8,132,110,2,0.0,0.0,-42,-43,-7,8.009,0.006,5.72,8.26,0.18,0.01,321.26374999999996,58.084722222222226,-8.179966,58.20349,5.1421885,PM*,G0
HD 204287, ,21,29,14.4,-,50,19,0,348,-45,7.341,0.422,2.608,0.035,3.764,0.11,53,3.58,1.24,5.6,4.8,6.6,1.18,1.13,1.28,-43.9,0.1,0.2,6,3674,0.625,2,62,-25,2,19.0,1.0,-42,-1,22,7.964,-0.037,7.4,9.0,0.1,0.52,322.31,-50.31666666666667,36.657703,-7.7918377,-37.476658,PM*,G3V
HD 204313, ,21,28,12.2,-,21,43,34,28,-44,7.923,0.425,2.601,0.0,3.748,0.14,47,4.54,0.62,10.0,6.3,13.4,0.99,0.94,1.08,-10.1,0.2,0.4,5,2921,0.229,2,42,-272,2,21.1,1.1,4,-61,-14,7.97,-0.033,4.99,8.01,0.23,0.1,322.0508333333333,-21.72611111111111,29.85155,15.872351,-32.648945,PM*,G5V
HD 204360, ,21,27,0.8,+,36,44,47,84,-10,8.429,0.334,2.628,-0.006,3.791,0.0,104,3.34,0.93,2.9,2.3,3.5,1.25,1.16,1.34,-6.6,0.8,1.1,2,319,0.02,7,93,93,2,0.0,0.0,-65,1,1,7.989,-0.018,6.99,9.73,0.16,0.14,321.75333333333333,36.74638888888889,10.705801,101.85894,-18.05941,PM*,G
HD 204385, ,21,30,47.9,-,62,10,3,332,-42,7.156,0.377,2.607,0.007,3.767,-0.09,39,4.19,0.72,7.3,4.8,11.1,1.03,0.98,1.09,-14.9,0.1,0.2,6,3284,0.918,3,153,-80,2,25.5,0.8,-33,-10,-5,7.974,-0.026,7.28,8.42,0.07,0.04,322.6995833333333,-62.1675,25.590158,-13.606526,-26.096094,PM*,G0VCH-0.3
HD 204399, ,21,33,34.7,-,75,24,46,317,-36,8.32,0.384,2.601,0.0,3.765,0.02,67,4.19,0.67,7.1,4.1,9.9,1.05,1.0,1.12,15.4,0.2,0.2,3,2652,0.842,3,48,-49,2,14.9,0.9,-7,-22,-13,7.961,-0.039,6.94,7.97,0.07,0.09,323.39458333333334,-75.41277777777778,39.642403,-36.96713,-39.38161,PM*,G2V
HD 204421, ,21,29,31.0,-,38,5,9,5,-47,7.437,0.387,2.623,0.033,3.782,0.08,94,2.42,1.98,2.0,1.8,2.3,1.56,1.49,1.64,-14.5,0.2,0.2,3,1841,0.831,6,39,-38,2,10.6,0.9,-21,-19,-2,7.935,-0.069,7.06,8.02,0.06,0.1,322.37916666666666,-38.08583333333333,63.86389,5.587366,-68.747246,PM*,G0V
HD 204426, ,21,22,41.6,+,76,33,18,112,18,6.857,0.415,2.578,0.0,3.742,-0.66,39,3.91,1.96,12.3,11.2,13.4,0.91,0.88,0.93,-41.4,0.2,0.4,3,827,0.242,3,-134,137,2,25.7,0.5,17,-48,20,8.014,0.012,5.61,8.18,0.19,0.47,320.67333333333335,76.55499999999999,-13.894609,34.390366,12.051663,PM*,G0
HD 204427, ,21,24,52.7,+,69,47,41,107,14,8.3,0.388,2.606,0.006,3.761,-0.06,65,4.24,0.78,8.5,5.4,11.6,1.01,0.95,1.07,-19.6,0.3,0.3,2,765,0.46,2,82,65,2,0.0,0.0,-25,-26,-9,8.018,0.015,6.69,8.12,0.1,0.03,321.2195833333333,69.79472222222222,-18.439657,60.313396,15.724924,PM*,G0
HD 204519, ,21,31,11.0,-,55,16,52,341,-44,8.598,0.353,2.64,0.023,3.793,0.06,105,3.39,0.77,2.7,2.1,3.3,1.28,1.21,1.36,3.2,0.3,0.3,2,384,0.357,5,63,-113,2,9.5,1.1,-27,-57,-12,7.929,-0.074,5.13,7.99,0.22,0.1,322.7958333333333,-55.28111111111111,71.415665,-24.590374,-72.93913,PM*,G0V
HD 204521, ,21,25,16.7,+,70,28,39,107,14,7.286,0.396,2.565,0.0,3.748,-0.88,26,5.24,0.64,0.0,0.0,0.0,0.8,0.75,0.89,-76.9,0.2,0.4,5,3621,0.459,4,41,38,2,38.9,0.6,16,-73,-19,8.007,0.006,4.45,8.11,0.29,0.18,321.3195833333333,70.4775,-7.375863,24.125359,6.2899694,PM*,G0V_Fe-0.8
HD 204627, ,21,29,15.1,+,25,26,40,76,-18,8.679,0.401,2.604,0.018,3.752,-0.26,56,4.93,0.47,12.7,3.3,0.0,0.87,0.83,0.95,-15.2,0.2,0.3,4,1150,0.585,3,-105,-193,1,17.8,1.1,50,-33,-10,7.987,-0.018,5.84,8.94,0.21,0.04,322.31291666666664,25.444444444444446,12.884559,51.677143,-17.304953,PM*,G5
HD 204658, ,21,29,22.1,+,28,52,30,78,-16,8.547,0.38,2.601,0.001,3.765,-0.16,88,3.82,1.2,7.7,5.8,9.9,1.03,0.98,1.11,-17.6,0.1,0.6,18,3654,0.176,3,90,3,2,0.0,0.0,-31,-18,-20,7.983,-0.024,7.01,8.25,0.08,0.19,322.3420833333333,28.875,17.58746,82.74251,-24.256088,PM*,G5
HD 204814, ,21,29,46.8,+,45,53,40,90,-4,7.92,0.455,2.565,0.0,3.728,-0.08,30,5.55,0.21,0.0,0.0,0.0,0.85,0.81,0.93,-87.8,0.2,0.1,3,1102,0.964,2,427,353,1,33.6,0.8,-77,-88,1,8.0,-0.002,3.67,8.6,0.4,0.12,322.445,45.894444444444446,-1.3081473e-06,29.926922,-2.092694,PM*,G8V
HD 204908, ,21,31,34.2,+,6,32,2,60,-31,8.631,0.389,2.612,0.031,3.776,-0.22,105,3.39,1.43,5.5,4.1,7.1,1.11,1.05,1.19,-28.0,0.2,0.4,4,1040,0.44,4,51,-11,2,7.0,1.2,-27,-26,-6,7.955,-0.054,6.64,8.08,0.1,0.06,322.8924999999999,6.533888888888889,45.001278,77.94451,-54.079,PM*,G0
HD 205045, ,21,33,38.8,-,34,56,46,10,-47,8.043,0.377,2.63,0.027,3.784,0.17,61,4.01,0.26,3.1,0.7,4.5,1.2,1.16,1.25,-25.9,0.2,0.2,2,377,0.496,4,82,-177,2,16.5,1.1,-27,-55,0,7.96,-0.045,5.22,8.02,0.21,0.11,323.41166666666663,-34.94611111111111,40.96987,7.224094,-44.612576,PM*,G3V
HD 205067, ,21,33,30.9,-,27,53,24,20,-46,7.658,0.399,2.602,0.006,3.757,0.02,47,4.29,0.76,9.2,5.8,12.2,1.02,0.97,1.07,-29.6,0.1,0.3,5,2978,0.532,2,201,-64,2,21.2,0.9,-49,-24,-11,7.969,-0.034,6.45,8.52,0.14,0.07,323.37874999999997,-27.89,30.679972,11.166596,-33.80897,PM*,G2/3V
HD 205187, ,21,34,41.6,-,39,31,40,3,-48,8.309,0.373,2.61,0.007,3.769,-0.18,80,3.79,1.15,7.5,5.9,9.1,1.07,1.01,1.12,24.2,0.2,0.4,3,1936,0.412,5,6,-65,2,12.5,1.0,17,-23,-19,7.946,-0.059,6.65,8.25,0.11,0.19,323.6733333333333,-39.52777777777778,53.45708,2.801567,-59.45159,PM*,G3IV/V
HD 205351, ,21,33,54.3,+,32,52,9,82,-14,8.423,0.396,2.616,0.024,3.773,0.15,70,4.08,0.48,4.1,2.5,6.5,1.17,1.1,1.21,-18.1,0.2,0.1,3,1093,0.881,2,60,-101,2,14.2,1.0,5,-28,-33,7.99,-0.017,6.64,8.09,0.1,0.42,323.47625,32.869166666666665,9.452735,67.2597,-16.934532,PM*,G5
HD 205353, ,21,34,23.3,+,13,55,11,67,-27,8.178,0.374,2.597,-0.01,3.77,0.02,62,4.21,0.53,5.6,2.9,8.7,1.07,1.01,1.14,5.5,0.3,0.5,2,785,0.205,5,-95,-49,1,16.1,1.2,31,-2,8,7.979,-0.028,7.18,9.2,0.12,0.24,323.5970833333333,13.919722222222221,21.584932,50.8509,-28.14741,PM*,G0
HD 205354, ,21,34,23.5,+,12,15,24,66,-28,8.062,0.329,2.62,-0.017,3.792,0.01,63,4.06,0.17,2.4,0.0,4.6,1.16,1.1,1.22,3.4,0.3,0.2,2,1050,0.703,2,-68,-140,2,15.8,1.0,40,-21,-12,7.977,-0.03,6.41,8.9,0.16,0.08,323.5979166666666,12.256666666666666,22.625008,50.816605,-29.57671,PM*,G0
HD 205481, ,21,33,19.0,+,61,3,44,101,7,8.296,0.375,2.612,0.008,3.767,-0.08,69,4.1,0.8,7.3,4.6,10.0,1.03,0.98,1.1,-22.0,0.3,0.3,2,1102,0.543,6,73,34,3,0.0,0.0,-20,-25,-11,8.013,0.008,6.79,8.06,0.09,0.05,323.32916666666665,61.06222222222222,-13.067687,67.22741,8.408985,PM*,G5
HD 205536, ,21,40,29.7,-,74,4,27,318,-37,7.057,0.462,0.0,0.0,3.726,-0.09,22,5.33,0.48,0.0,9.1,0.0,0.85,0.83,0.89,33.8,0.2,0.3,5,2610,0.276,2,-139,214,2,45.2,0.7,38,2,-21,7.987,-0.013,7.15,9.57,0.14,0.22,325.12375,-74.07416666666666,13.057042,-11.756613,-13.239929,PM*,G9V
HD 205656, ,21,36,25.9,+,18,38,5,72,-24,8.627,0.431,2.587,0.0,3.743,-0.04,74,4.29,1.13,12.3,9.9,14.9,0.95,0.9,1.01,-74.6,0.2,0.2,3,1091,0.812,3,209,105,1,13.6,1.0,-98,-51,5,7.979,-0.03,4.84,9.38,0.32,0.2,324.10791666666665,18.634722222222223,20.890278,64.29367,-30.09851,PM*,G5
HD 205870, ,21,38,34.9,-,15,35,59,37,-44,8.892,0.407,2.608,0.022,3.765,0.09,86,4.12,0.69,6.3,3.3,8.8,1.09,1.02,1.15,-35.0,0.2,0.1,2,1108,0.98,2,149,-55,2,0.0,0.0,-57,-40,-23,7.951,-0.06,5.67,8.49,0.2,0.25,324.6454166666666,-15.599722222222223,49.406166,37.230213,-59.740623,PM*,G3V
HD 205881, ,21,37,24.0,+,34,36,10,84,-13,7.767,0.355,2.645,0.034,3.8,0.11,119,2.24,1.72,1.6,1.4,1.9,1.64,1.55,1.73,-17.9,0.3,0.2,2,659,0.511,4,79,33,1,8.4,0.9,-47,-16,-12,7.987,-0.027,6.81,8.66,0.12,0.08,324.34999999999997,34.60277777777778,12.120074,115.31485,-26.769175,PM*,G0
HD 205891, ,21,39,20.9,-,37,8,27,7,-49,8.075,0.429,2.595,0.0,3.74,-0.14,40,5.05,0.51,17.0,7.6,0.0,0.87,0.84,0.92,-45.7,0.1,0.2,5,2141,0.624,1,135,-64,2,24.8,1.0,-48,-18,17,7.973,-0.03,6.75,8.64,0.12,0.41,324.8370833333332,-37.14083333333333,26.046755,3.1981394,-30.188385,PM*,G6V
HD 205905, ,21,39,10.1,-,27,18,23,21,-48,6.756,0.388,2.608,-0.004,3.764,0.15,26,4.72,0.07,1.6,0.0,7.7,1.07,1.01,1.1,-17.5,0.2,0.4,5,2804,0.086,4,387,-85,2,39.1,0.8,-44,-18,-20,7.984,-0.019,6.8,8.53,0.11,0.19,324.79208333333327,-27.30638888888889,16.241867,6.2346683,-19.321766,PM*,G1.5IV-V
HD 206025, ,21,40,42.9,-,48,42,58,349,-48,7.645,0.347,2.633,-0.001,3.788,0.26,80,3.13,0.99,2.7,1.9,4.1,1.4,1.35,1.45,-9.7,0.4,0.6,2,377,0.051,5,52,-41,1,12.5,1.0,-21,-16,-4,7.947,-0.059,7.22,8.05,0.05,0.08,325.17875,-48.71611111111111,52.54694,-10.214099,-59.45159,PM*,G0V
HD 206099, ,21,39,15.2,+,21,19,52,74,-23,8.739,0.41,2.616,0.029,3.77,0.28,81,4.07,0.43,3.7,1.4,7.2,1.16,1.1,1.22,-5.6,0.4,0.6,2,322,0.162,6,5,-55,1,0.0,0.0,10,-15,-13,7.98,-0.031,7.16,8.26,0.07,0.09,324.8133333333333,21.33111111111111,20.551773,71.67253,-31.649221,PM*,G5
HD 206116, ,21,40,11.8,-,9,47,40,45,-42,7.608,0.362,2.618,-0.002,3.778,0.11,54,3.94,0.53,3.7,2.6,5.5,1.19,1.12,1.24,-6.9,0.2,0.3,2,731,0.312,5,68,-165,2,18.5,1.1,1,-40,-22,7.971,-0.036,5.98,8.0,0.14,0.23,325.0491666666667,-9.794444444444444,28.376066,28.376066,-36.133053,PM*,G2V
HD 206163,*,21,42,16.5,-,57,36,46,337,-45,8.38,0.449,0.0,0.0,3.732,-0.03,37,5.51,0.13,0.0,0.0,0.0,0.87,0.82,0.94,28.4,0.2,0.1,2,394,0.977,1,-102,16,2,26.7,1.1,32,-3,-9,7.976,-0.027,7.12,9.18,0.13,0.04,325.56874999999997,-57.61277777777778,24.083124,-10.222677,-26.16295,PM*,G8IV-V
HD 206255, ,21,42,21.8,-,50,5,37,347,-47,7.64,0.441,0.0,0.0,3.739,0.0,76,3.24,2.23,4.2,3.5,5.2,1.25,1.2,1.3,-4.1,0.2,0.2,3,2595,0.624,2,81,5,1,13.2,1.0,-25,0,-16,7.95,-0.056,7.73,8.51,0.05,0.15,325.5908333333333,-50.093611111111116,50.50342,-11.659633,-55.582882,PM*,G5IV/V
HD 206332, ,21,40,43.0,+,28,45,20,80,-18,7.43,0.393,2.61,0.014,3.763,0.05,50,3.94,0.95,7.6,5.5,9.0,1.09,1.05,1.15,-44.8,0.2,0.2,3,1089,0.655,3,132,30,2,20.0,0.8,-35,-42,-2,7.992,-0.015,5.81,8.16,0.17,0.08,325.1791666666667,28.755555555555556,8.257463,46.83039,-15.4508505,PM*,G0V
HD 206438, ,21,42,48.7,-,25,59,50,23,-48,8.678,0.422,2.578,0.0,3.742,-0.42,61,4.75,0.98,0.0,12.5,0.0,0.85,0.82,0.89,39.4,0.4,0.6,3,2273,0.024,2,-82,-24,2,8.4,1.3,44,7,-15,7.963,-0.045,7.13,9.96,0.17,0.14,325.7029166666666,-25.997222222222224,37.572212,15.948458,-45.331837,PM*,G3V
HD 206586, ,21,41,59.1,+,42,34,8,90,-8,7.96,0.355,2.635,0.024,3.792,-0.01,100,2.86,1.39,2.4,2.1,2.8,1.41,1.34,1.48,-16.0,0.4,0.6,2,421,0.178,8,34,4,2,10.0,0.9,-13,-17,-7,8.0,-0.014,7.27,8.01,0.05,0.01,325.49625,42.56888888888889,-4.328599e-06,99.0268,-13.917311,*,G0
HD 206605, ,21,42,28.7,+,31,52,46,83,-16,8.703,0.358,2.616,0.007,3.773,-0.29,72,4.42,0.53,7.2,2.1,11.1,0.98,0.92,1.05,-41.8,0.3,0.1,2,322,0.988,6,81,-51,2,0.0,0.0,-15,-47,-19,7.991,-0.02,5.67,8.0,0.17,0.17,325.61958333333325,31.879444444444445,8.434678,68.694954,-19.84589,PM*,G5
HD 206658, ,21,43,18.4,+,12,31,6,68,-30,7.853,0.402,2.611,0.019,3.757,0.03,48,4.46,0.58,8.7,4.8,12.3,1.0,0.95,1.07,5.7,0.2,0.3,2,326,0.26,2,74,-75,2,21.0,1.2,-1,-7,-23,7.984,-0.023,7.73,8.16,0.03,0.25,325.82666666666665,12.518333333333334,15.572104,38.542305,-24.0,PM*,G0
HD 206683, ,21,45,11.9,-,50,26,47,346,-48,8.349,0.404,2.609,0.015,3.758,0.13,65,4.3,0.64,7.6,4.3,10.5,1.08,1.01,1.13,28.5,0.6,0.8,2,1749,0.046,4,-44,-78,2,15.5,1.1,28,-26,-9,7.958,-0.048,6.37,8.47,0.14,0.05,326.2995833333333,-50.44638888888888,42.20155,-10.522021,-48.304417,PM*,G3IV
HD 206772, ,21,40,57.6,+,70,32,21,108,13,8.351,0.402,2.598,0.011,3.756,-0.03,53,4.72,0.4,8.8,2.8,13.8,0.96,0.9,1.04,-10.7,0.2,0.2,2,1084,0.604,1,144,87,2,18.8,0.7,-37,-21,-11,8.016,0.012,6.81,8.35,0.1,0.05,325.23999999999995,70.53916666666666,-15.958132,49.114094,11.922405,PM*,G5
HD 206911, ,21,47,47.2,-,63,55,26,329,-43,8.507,0.422,2.569,0.0,3.739,-0.37,45,5.26,0.5,0.0,2.2,0.0,0.83,0.8,0.89,16.6,0.2,0.2,5,2610,0.811,5,66,28,2,22.4,1.1,1,-2,-22,7.972,-0.03,7.81,8.39,0.04,0.23,326.94666666666666,-63.92388888888889,28.21016,-16.950377,-30.689924,PM*,G5V
HD 206912,*,21,56,43.2,-,83,43,36,308,-32,9.306,0.422,0.0,0.0,3.742,-0.2,72,5.01,0.56,17.7,7.9,0.0,0.86,0.83,0.92,13.9,0.4,0.5,2,392,0.138,5,158,-81,2,13.8,0.9,-44,-37,-25,7.962,-0.038,5.98,8.29,0.16,0.28,329.17999999999995,-83.72666666666667,37.59196,-48.115513,-38.154186,PM*,G8IV/V
HD 206998, ,21,47,44.0,-,55,39,16,339,-47,8.691,0.381,2.58,0.003,3.757,-0.87,95,3.8,1.89,11.2,9.0,13.8,0.88,0.84,0.92,-94.2,0.2,0.1,4,1867,0.96,4,32,-179,2,10.5,1.1,-77,-59,79,7.939,-0.069,5.04,8.9,0.28,2.57,326.9333333333333,-55.654444444444444,60.486526,-23.21861,-69.4786,PM*,G0wF5
HD 207031, ,21,44,58.0,+,46,33,4,93,-5,8.403,0.386,2.585,0.005,3.757,-0.36,52,4.82,0.55,0.0,0.0,0.0,0.87,0.82,0.96,-14.9,0.3,0.2,2,366,0.582,1,200,74,2,0.0,0.0,-48,-19,-17,8.003,-0.005,6.7,8.65,0.13,0.14,326.2416666666667,46.551111111111105,-2.711113,51.73113,-4.5320983,PM*,G5
HD 207043, ,21,47,55.2,-,52,55,50,343,-48,7.595,0.416,2.603,0.0,3.747,-0.08,34,4.94,0.42,12.2,3.7,0.0,0.89,0.86,0.98,-0.3,0.1,0.2,5,2591,0.849,5,100,-88,2,29.4,0.9,-13,-16,-7,7.978,-0.025,7.34,7.99,0.04,0.03,326.98,-52.93055555555555,21.756351,-6.6515856,-25.266926,PM*,G5V
HD 207233, ,21,46,47.4,+,32,46,51,84,-16,8.638,0.449,2.576,0.0,3.729,-0.44,45,5.37,0.63,0.0,0.0,0.0,0.81,0.77,0.86,-10.2,0.2,0.2,2,378,0.635,3,18,-45,2,0.0,0.0,2,-13,-7,7.995,-0.012,7.41,8.14,0.05,0.01,326.69749999999993,32.780833333333334,4.521562,43.01981,-12.403681,*,G5
HD 207237, ,21,47,50.2,-,16,4,47,38,-46,7.988,0.389,2.572,0.0,3.757,-0.26,47,4.61,0.68,12.3,7.4,17.1,0.91,0.85,0.98,51.9,0.2,0.3,6,3244,0.499,2,-226,-62,2,21.1,1.0,72,15,-9,7.974,-0.034,6.79,11.37,0.25,0.05,326.95916666666665,-16.079722222222223,25.72772,20.100698,-33.80897,PM*,G3/5V
HD 207398, ,21,49,7.0,-,22,49,6,29,-49,8.558,0.408,2.572,0.0,3.747,-0.56,60,4.67,1.04,17.5,11.3,0.0,0.84,0.81,0.88,34.8,0.2,0.1,3,385,0.83,4,18,15,2,9.0,1.3,15,15,-28,7.965,-0.045,7.75,9.67,0.11,0.37,327.27916666666664,-22.81833333333333,34.428127,19.083822,-45.282578,*,G2V
HD 207454,*,21,51,8.3,-,60,43,30,332,-45,9.163,0.438,0.0,0.0,3.739,-0.04,80,4.65,0.85,15.0,10.5,0.0,0.9,0.87,0.95,24.2,0.2,0.2,2,394,0.504,2,91,-34,2,12.5,1.4,-13,-24,-35,7.95,-0.056,6.92,7.95,0.07,0.46,327.78458333333333,-60.725,49.94706,-26.557318,-56.568542,PM*,G6V
HD 207467,*,21,53,20.7,-,73,43,31,317,-38,8.698,0.449,0.0,0.0,3.733,-0.04,48,5.29,0.34,0.0,0.0,0.0,0.87,0.83,0.94,-16.2,0.4,0.6,2,1763,0.119,4,156,-117,2,20.8,1.0,-43,-19,0,7.972,-0.03,6.77,8.49,0.11,0.12,328.33624999999995,-73.72527777777778,27.663103,-25.796253,-29.551752,PM*,G6V
HD 207488, ,21,48,10.5,+,42,9,38,90,-9,8.615,0.375,2.614,0.02,3.777,-0.16,86,3.86,0.88,6.0,3.6,8.2,1.07,1.01,1.14,-29.8,0.3,0.2,2,366,0.519,3,-26,27,2,0.0,0.0,1,-27,20,8.001,-0.013,6.72,8.06,0.09,0.44,327.04375,42.160555555555554,-3.7128978e-06,84.9412,-13.453365,*,G5
HD 207583, ,21,50,23.1,-,16,11,47,38,-47,8.103,0.445,0.0,0.0,3.735,0.05,39,5.17,0.35,13.5,1.6,0.0,0.89,0.85,0.97,21.4,0.2,0.6,6,2499,0.012,3,-81,-140,2,25.9,1.0,32,-12,-13,7.979,-0.028,6.86,8.87,0.13,0.09,327.59624999999994,-16.19638888888889,20.95946,16.375324,-28.522795,PM*,G6/8V
HD 207678, ,21,50,57.0,-,10,38,38,45,-45,8.626,0.428,2.585,0.0,3.743,-0.16,95,3.73,1.78,8.8,6.8,11.2,1.04,0.97,1.09,-18.5,0.3,0.4,2,732,0.251,2,116,-3,2,10.5,1.2,-49,-17,-21,7.952,-0.067,6.74,8.65,0.12,0.22,327.73749999999995,-10.643888888888888,47.499996,47.499996,-67.17514,PM*,G5V
HD 207700, ,21,54,45.1,-,73,26,18,318,-38,7.424,0.433,2.581,0.0,3.741,-0.04,40,4.42,1.04,14.3,12.0,16.2,0.92,0.89,0.98,6.2,0.1,0.3,5,2208,0.383,2,-198,-439,2,25.1,0.7,12,-69,58,7.977,-0.025,4.9,8.07,0.24,1.44,328.6879166666666,-73.43833333333333,23.424248,-21.091284,-24.626461,PM*,G4V
HD 207712, ,21,51,42.9,-,33,53,49,12,-51,9.342,0.361,2.621,0.004,3.777,-0.01,149,3.48,1.12,3.7,2.8,6.2,1.16,1.09,1.26,-31.3,0.2,0.2,2,426,0.514,6,26,-13,2,0.0,0.0,-31,-16,12,7.908,-0.116,7.04,8.19,0.08,0.34,327.92875,-33.89694444444444,91.719666,19.495617,-115.794754,*,G1V
HD 207740, ,21,50,36.2,+,28,46,1,82,-19,8.0,0.444,2.59,0.0,3.734,-0.09,49,4.54,1.1,16.8,14.3,0.0,0.91,0.88,0.93,9.2,0.2,0.1,2,343,0.753,6,-49,-18,2,20.3,1.0,13,8,1,7.993,-0.016,7.75,9.2,0.09,0.13,327.6508333333333,28.766944444444444,6.447947,45.879524,-15.952839,PM*,G5V
HD 207832, ,21,52,36.2,-,26,1,35,24,-50,8.79,0.426,2.597,0.0,3.746,0.1,55,5.08,0.16,4.8,0.0,14.0,0.97,0.89,1.03,-16.7,0.2,0.4,3,2273,0.271,3,130,-141,2,18.1,1.2,-27,-44,-13,7.968,-0.042,5.78,8.04,0.16,0.1,328.1508333333333,-26.02638888888889,32.29686,14.37949,-42.132442,PM*,G5V
HD 207869,*,21,55,10.4,-,69,1,14,322,-41,8.945,0.422,0.0,0.0,3.737,-0.55,47,5.61,0.3,0.0,0.0,0.0,0.8,0.76,0.86,-19.2,0.2,0.4,4,647,0.396,2,-156,-247,2,21.5,1.1,4,-35,57,7.972,-0.03,6.57,8.05,0.1,1.43,328.79333333333335,-69.02055555555556,27.951809,-21.83834,-30.834774,PM*,G6V
HD 207901, ,21,51,49.9,+,24,40,58,79,-22,8.628,0.393,2.614,0.028,3.775,0.0,86,3.83,0.81,5.6,3.0,7.4,1.12,1.06,1.2,3.3,0.2,0.4,4,1150,0.35,3,-111,-148,1,11.6,1.0,73,-16,-14,7.985,-0.033,6.04,10.03,0.25,0.12,327.9579166666667,24.68277777777778,15.214698,78.272804,-32.216167,PM*,G5
HD 207970, ,21,53,41.8,-,28,40,14,20,-51,7.805,0.453,0.0,0.0,3.734,0.03,36,5.01,0.54,17.1,9.6,0.0,0.89,0.86,0.94,-42.1,0.2,0.2,4,2538,0.604,1,155,-219,2,27.6,0.9,-36,-49,12,7.979,-0.028,5.48,8.13,0.19,0.29,328.4241666666666,-28.670555555555556,21.289236,7.748648,-27.977255,PM*,G7V
HD 207994, ,21,52,38.3,+,25,3,18,79,-22,8.375,0.345,2.651,0.029,3.803,0.2,101,3.23,0.59,2.2,1.4,2.9,1.39,1.32,1.45,-30.1,0.3,0.3,2,319,0.419,9,-15,-5,1,9.9,1.0,2,-27,14,7.983,-0.038,6.67,8.04,0.09,0.34,328.1595833333333,25.055,17.868423,91.92503,-37.835266,*,G5
HD 208029, ,21,53,42.7,-,15,5,57,40,-47,9.044,0.416,2.586,0.016,3.745,-0.32,74,4.71,0.89,17.4,11.9,0.0,0.86,0.84,0.9,-43.0,0.2,0.2,4,1134,0.9,2,34,-186,2,13.6,1.3,-8,-78,6,7.962,-0.054,4.26,7.96,0.3,0.21,328.42791666666665,-15.099166666666667,38.660637,32.440125,-54.120174,PM*,G5V
HD 208068, ,21,54,3.8,-,17,9,41,37,-48,8.441,0.375,2.574,0.0,3.76,-0.7,51,4.91,0.62,7.7,0.0,16.9,0.85,0.79,0.94,-37.5,0.2,0.2,7,2644,0.932,5,127,-10,2,19.7,1.1,-43,-21,8,7.973,-0.038,6.69,8.44,0.12,0.24,328.51583333333326,-17.161388888888887,27.253965,20.537334,-37.900387,PM*,G1/2V
HD 208225, ,21,54,22.8,+,20,28,17,76,-26,8.072,0.393,2.609,0.022,3.773,-0.02,96,3.07,1.64,4.1,2.5,5.3,1.26,1.14,1.39,1.4,0.2,0.2,2,715,0.663,7,17,-44,1,0.0,0.0,6,-9,-18,7.98,-0.042,7.48,8.28,0.05,0.17,328.59499999999997,20.47138888888889,20.874044,83.721214,-42.08363,*,G5
HD 208272, ,21,55,41.9,-,29,42,22,18,-52,8.431,0.499,0.0,0.0,3.709,-0.13,33,5.83,0.34,0.0,0.0,0.0,0.81,0.79,0.87,-12.3,0.1,0.3,5,2550,0.496,2,60,-181,3,30.2,1.1,-8,-31,1,7.98,-0.026,6.47,7.98,0.1,0.12,328.9245833333333,-29.70611111111111,19.322454,6.278246,-26.004356,PM*,G9.5Vk:
HD 208487, ,21,57,19.8,-,37,45,49,5,-52,7.482,0.363,2.624,0.011,3.773,-0.15,44,4.26,0.56,6.6,3.8,9.3,1.03,0.97,1.09,5.3,0.2,0.4,7,2834,0.222,4,102,-116,2,22.7,1.0,-10,-26,-17,7.973,-0.035,6.74,7.97,0.08,0.14,329.3325,-37.76361111111111,26.986025,2.360971,-34.672474,PM*,G1/3(V)
HD 208669, ,21,57,41.7,+,10,26,25,69,-34,7.316,0.319,2.652,0.009,3.799,0.0,73,3.0,1.09,2.4,2.0,2.8,1.38,1.32,1.44,-17.5,0.5,0.8,3,1757,0.057,10,-6,-48,2,13.7,1.1,5,-24,2,7.978,-0.04,6.81,8.09,0.09,0.13,329.42375,10.440277777777778,21.68834,56.500046,-40.821083,*,G0
HD 208672, ,21,58,1.0,-,5,12,15,53,-43,8.303,0.389,2.598,-0.006,3.763,0.08,55,4.59,0.28,5.5,0.0,9.9,1.05,0.98,1.11,-18.6,0.2,0.1,2,732,0.736,2,124,-118,2,18.1,1.1,-20,-40,-20,7.976,-0.038,6.01,8.0,0.14,0.19,329.5041666666666,-5.204166666666667,24.207678,32.12468,-37.509907,PM*,G3V
HD 208704, ,21,58,24.3,-,12,39,52,44,-47,7.168,0.399,2.596,0.012,3.754,-0.24,34,4.49,0.85,13.1,9.0,0.0,0.91,0.86,0.97,3.6,0.2,0.4,6,2558,0.3,1,33,62,1,29.1,0.9,-6,10,-3,7.983,-0.025,7.98,8.97,0.06,0.07,329.60124999999994,-12.664444444444445,16.68001,16.107698,-24.866026,PM*,G1V
HD 208787, ,21,57,38.9,+,43,13,3,92,-9,7.897,0.35,2.632,0.017,3.78,-0.26,83,3.31,1.45,5.1,4.3,6.1,1.16,1.1,1.23,11.6,0.2,0.3,3,3630,0.603,8,-9,-24,1,12.1,0.9,8,11,-7,8.003,-0.013,7.85,9.27,0.08,0.01,329.4120833333333,43.2175,-2.8609927,81.9282,-12.984061,*,G0
HD 208930, ,21,57,3.6,+,66,1,45,106,9,7.31,0.364,2.615,0.002,3.774,-0.08,53,3.69,1.05,5.8,3.5,7.7,1.1,1.05,1.17,-14.4,0.2,0.2,2,334,0.604,4,111,76,2,0.0,0.0,-28,-23,-5,8.015,0.008,6.84,8.18,0.09,0.04,329.265,66.02916666666667,-14.428923,50.31963,8.291027,PM*,G5
HD 208998, ,22,1,36.5,-,53,5,36,341,-49,7.132,0.371,2.602,0.01,3.765,-0.44,36,4.37,0.89,11.8,6.2,14.8,0.93,0.85,0.99,-27.1,0.2,0.3,4,3218,0.504,3,54,-508,6,28.0,0.9,-25,-79,37,7.978,-0.027,4.29,8.01,0.3,0.89,330.4020833333333,-53.093333333333334,22.331377,-7.6893067,-27.169546,PM*,G0V
HD 209002, ,22,2,57.5,-,68,22,28,322,-42,8.997,0.395,2.616,0.031,3.776,0.02,121,3.45,1.15,3.6,2.8,6.0,1.18,1.1,1.28,27.0,0.5,0.7,2,1047,0.091,3,-32,22,2,7.6,1.1,32,2,-13,7.929,-0.081,7.19,9.33,0.13,0.13,330.7395833333333,-68.37444444444444,70.858345,-55.360596,-80.964806,*,G0V
HD 209087, ,22,2,29.4,-,58,17,41,334,-47,8.812,0.375,2.621,0.02,3.779,-0.02,99,3.75,0.81,3.9,2.8,6.5,1.13,1.06,1.21,-21.3,0.2,0.3,2,395,0.322,4,71,-96,2,10.1,1.3,-42,-41,10,7.939,-0.073,5.78,8.2,0.17,0.27,330.6225,-58.29472222222222,60.68462,-29.597876,-72.404015,PM*,G0V
HD 209287, ,22,0,55.9,+,47,38,24,96,-6,8.635,0.302,2.672,0.027,3.827,0.07,255,1.49,1.93,1.0,0.9,1.2,1.88,1.76,2.03,-16.9,2.9,0.0,1,0,0.0,14,21,7,2,4.3,0.9,-23,-20,-7,8.025,-0.027,7.04,8.13,0.07,0.03,330.2329166666666,47.64,-26.508753,252.21384,-26.654758,*,G5
HD 209449, ,22,4,22.6,-,38,52,34,3,-53,7.245,0.44,0.0,0.0,3.744,0.22,51,3.7,1.5,7.1,6.0,8.2,1.21,1.18,1.23,-17.6,0.2,0.1,2,1093,0.924,2,129,-42,2,19.5,0.9,-34,-16,-4,7.969,-0.041,7.04,8.31,0.08,0.06,331.09416666666664,-38.876111111111115,30.6505,1.6063248,-40.73041,PM*,G8/K0III+F/G
HD 209566, ,22,5,5.7,-,35,10,54,10,-54,8.579,0.465,0.0,0.0,3.728,0.09,52,5.02,0.62,0.0,11.6,0.0,0.9,0.87,0.94,-11.0,0.1,0.2,6,2934,0.806,3,323,-184,2,19.4,1.1,-61,-57,-38,7.97,-0.042,4.99,8.46,0.26,0.55,331.27374999999995,-35.181666666666665,30.100483,5.3075275,-42.068886,PM*,G8V
HD 209628, ,22,5,19.4,-,23,26,18,29,-52,8.78,0.433,2.57,0.0,3.738,-0.11,50,5.31,0.27,0.0,0.0,0.0,0.87,0.83,0.95,18.8,0.2,0.1,4,1786,0.931,5,10,-93,2,20.2,1.2,15,-15,-20,7.974,-0.039,7.07,8.36,0.08,0.2,331.33083333333326,-23.438333333333333,26.923485,14.923931,-39.40054,PM*,G5V
HD 209653, ,22,7,29.9,-,68,1,24,322,-42,6.99,0.376,2.602,-0.001,3.766,-0.25,44,3.75,1.33,8.0,6.9,9.0,1.05,1.01,1.09,25.8,0.2,0.3,5,1764,0.35,3,-242,-55,2,22.5,0.7,54,-14,18,7.974,-0.03,6.44,9.51,0.19,0.45,331.8745833333333,-68.02333333333333,25.766672,-20.131124,-29.441748,PM*,G0V
HD 209659, ,22,5,35.4,-,30,42,28,17,-54,8.187,0.38,2.618,0.013,3.77,0.09,96,3.27,1.42,3.4,2.7,5.6,1.26,1.15,1.41,29.9,0.3,0.1,2,830,0.804,5,43,12,2,10.4,1.2,0,8,-35,7.946,-0.078,7.88,8.96,0.06,0.5,331.3974999999999,-30.70777777777778,53.961773,16.49777,-77.665634,*,G0V
HD 209759, ,22,2,31.4,+,72,3,6,111,13,8.468,0.344,2.635,0.014,3.785,-0.16,124,3.0,1.56,3.0,2.4,4.8,1.2,1.13,1.4,-22.6,0.4,0.1,2,334,0.893,10,43,29,2,0.0,0.0,-21,-31,-7,8.043,0.029,6.51,8.09,0.11,0.03,330.6308333333333,72.05166666666666,-43.298687,112.79695,27.893929,PM*,G5
HD 210094, ,22,8,15.3,-,17,50,9,38,-51,7.843,0.354,2.617,0.005,3.776,-0.25,58,4.01,0.83,6.9,4.4,10.1,1.03,0.98,1.09,-4.6,0.2,0.3,6,2494,0.609,4,165,-106,1,17.1,1.1,-28,-36,-30,7.971,-0.046,6.2,8.07,0.13,0.38,332.0637499999999,-17.835833333333333,28.762854,22.472004,-45.074467,PM*,G1V
HD 210193, ,22,9,34.6,-,41,13,29,359,-54,7.827,0.416,2.61,0.0,3.749,-0.01,44,4.63,0.63,11.4,7.0,15.8,0.94,0.89,1.0,3.6,0.1,0.1,5,2588,0.963,2,160,-73,1,22.9,1.0,-22,-20,-21,7.974,-0.035,7.01,8.06,0.07,0.2,332.39416666666665,-41.224722222222226,25.858612,-0.451369,-35.59675,PM*,G3V
HD 210205, ,22,10,51.3,-,63,5,57,328,-46,7.777,0.412,2.6,0.034,3.768,0.0,86,2.95,1.86,3.7,2.6,4.2,1.32,1.27,1.46,39.5,0.1,0.3,5,2267,0.379,3,118,-9,2,11.6,0.8,-15,-26,-54,7.949,-0.062,6.88,7.96,0.07,0.94,332.71375,-63.09916666666667,50.66292,-31.657707,-61.86322,PM*,G2IV
HD 210272, ,22,10,49.6,-,55,27,25,337,-50,7.223,0.421,2.581,0.027,3.757,-0.13,51,3.56,1.62,6.7,5.8,7.6,1.12,1.08,1.16,31.1,0.2,0.3,5,3220,0.329,3,193,-138,3,19.5,0.9,-19,-47,-41,7.969,-0.039,5.69,7.99,0.17,0.61,332.70666666666665,-55.456944444444446,30.176144,-12.8090105,-39.068268,PM*,G3V
HD 210312, ,22,9,15.6,+,13,40,15,74,-33,8.636,0.434,2.587,0.0,3.745,0.18,56,4.9,0.3,8.6,0.0,14.4,1.0,0.93,1.05,16.2,0.3,0.3,2,318,0.442,3,31,-78,1,17.9,1.4,9,0,-26,7.987,-0.031,7.7,8.67,0.06,0.3,332.31499999999994,13.670833333333333,12.945463,45.146183,-30.499786,PM*,G5
HD 210483, ,22,10,26.1,+,18,47,49,78,-30,7.576,0.392,2.601,0.014,3.758,-0.24,49,4.15,1.1,11.3,9.5,13.2,0.98,0.95,1.02,-73.5,0.2,0.1,2,1812,0.738,2,352,-29,2,20.6,0.8,-74,-79,-15,7.991,-0.024,4.01,8.58,0.36,0.11,332.60875,18.796944444444446,8.8227825,41.507935,-24.5,PM*,G4
HD 210752, ,22,12,43.5,-,6,28,8,54,-47,7.442,0.361,2.585,-0.008,3.767,-0.66,38,4.57,0.79,9.8,4.2,14.7,0.88,0.82,0.97,57.0,0.2,0.4,4,782,0.517,2,223,20,1,26.6,0.9,-11,28,-63,7.985,-0.028,7.99,10.74,0.15,1.27,333.1812499999999,-6.468888888888889,15.233005,20.966433,-27.791441,PM*,G1V
HD 210900, ,22,14,21.0,-,39,44,52,1,-55,8.704,0.392,2.59,-0.009,3.76,-0.13,114,3.42,1.69,6.3,4.7,8.2,1.11,1.04,1.2,-52.7,0.2,0.1,2,426,0.811,4,141,-43,2,5.6,1.2,-87,-38,2,7.935,-0.094,5.38,9.26,0.26,0.19,333.5874999999999,-39.74777777777778,65.37776,1.141173,-93.38333,PM*,G3V
HD 210902, ,22,10,43.8,+,71,7,41,111,12,7.502,0.394,2.604,0.014,3.759,-0.11,42,4.38,0.73,9.4,6.3,13.6,0.98,0.93,1.03,19.4,0.2,0.2,2,727,0.667,1,55,-74,2,23.7,0.6,-8,21,-14,8.015,0.009,8.01,9.84,0.1,0.11,332.68249999999995,71.12805555555555,-14.722542,38.35354,8.732291,PM*,G0
HD 210918, ,22,14,38.6,-,41,22,53,359,-55,6.221,0.411,2.59,0.012,3.749,-0.2,22,4.5,0.92,15.8,10.6,0.0,0.89,0.87,0.95,-19.4,0.1,0.3,6,3273,0.306,2,572,-791,1,45.2,0.7,-47,-92,-9,7.987,-0.018,3.63,8.17,0.38,0.04,333.6608333333333,-41.38138888888889,12.61676,-0.22022893,-18.021345,PM*,G2V
HD 210923, ,22,13,3.2,+,33,36,12,89,-19,7.4,0.349,2.618,0.002,3.78,-0.34,68,3.24,1.59,4.9,4.3,5.8,1.16,1.11,1.21,-5.7,0.3,0.4,2,789,0.356,3,8,68,2,14.7,0.7,-15,0,17,7.999,-0.022,7.96,8.42,0.03,0.4,333.26333333333326,33.60333333333333,1.1221056,64.28548,-22.138634,PM*,G0
HD 210942, ,22,12,53.4,+,44,46,15,96,-10,7.992,0.388,2.623,0.028,3.781,0.19,84,3.25,1.08,2.8,2.5,3.2,1.37,1.33,1.42,-22.6,0.2,0.1,2,386,0.885,8,4,-66,2,11.9,0.8,16,-24,-18,8.008,-0.014,6.66,8.3,0.11,0.17,333.2224999999999,44.770833333333336,-8.647,82.270676,-14.586447,PM*,G0
HD 211080, ,22,14,46.7,-,5,53,11,55,-47,7.838,0.443,0.0,0.0,3.742,0.16,81,3.29,2.0,4.5,3.7,5.5,1.25,1.23,1.29,7.6,0.2,0.1,2,730,0.714,3,19,-112,2,12.3,0.9,17,-31,-27,7.969,-0.06,6.34,8.21,0.13,0.32,333.6945833333333,-5.886388888888888,31.685432,45.251488,-59.23965,PM*,G6V
HD 211180, ,22,15,1.7,+,21,16,42,81,-29,8.251,0.325,2.641,0.009,3.795,-0.18,122,2.82,1.53,2.5,2.2,3.0,1.36,1.26,1.45,-9.4,0.3,0.6,4,4777,0.256,11,7,-34,1,8.2,1.0,7,-18,-11,7.983,-0.058,7.07,8.15,0.07,0.08,333.7570833333333,21.278333333333332,16.692123,105.38991,-59.14677,*,G0
HD 211275, ,22,15,17.7,+,39,46,35,93,-14,7.595,0.382,2.628,0.031,3.785,0.18,74,3.11,1.13,2.6,2.3,2.9,1.41,1.37,1.45,-46.5,0.4,0.6,2,1101,0.163,2,228,49,2,13.5,0.8,-72,-57,-20,8.004,-0.018,4.9,8.71,0.28,0.2,333.82374999999996,39.77638888888889,-3.7578197,71.70348,-17.902222,PM*,G0
HD 211366, ,22,17,8.5,-,30,9,13,18,-56,8.582,0.415,2.593,0.0,3.751,0.06,74,4.23,0.93,9.7,7.2,12.1,1.02,0.97,1.08,-18.2,0.2,0.2,3,2278,0.721,2,167,-129,2,13.5,1.2,-45,-58,-20,7.961,-0.062,5.03,8.2,0.24,0.2,334.28541666666666,-30.15361111111111,39.35498,12.787209,-61.34878,PM*,G5V
HD 211467, ,22,17,54.6,-,32,28,43,14,-56,8.634,0.438,0.0,0.0,3.737,-0.1,44,5.39,0.2,0.0,0.0,0.0,0.87,0.82,0.95,-77.8,0.1,0.3,6,3727,0.374,2,165,-202,2,22.5,1.2,-59,-60,45,7.976,-0.037,4.99,8.45,0.26,1.17,334.47749999999996,-32.478611111111114,23.87363,5.9523644,-36.477654,PM*,G6V
HD 211476, ,22,17,15.1,+,12,53,54,75,-35,7.049,0.386,2.6,0.007,3.76,-0.22,31,4.61,0.58,10.4,5.9,15.1,0.94,0.87,1.0,-25.5,0.2,0.2,3,674,0.688,2,852,99,1,32.5,0.9,-114,-35,-46,7.993,-0.018,5.24,10.35,0.33,0.85,334.31291666666664,12.898333333333333,6.572377,24.528442,-17.78087,PM*,G2
HD 211526, ,22,16,59.1,+,35,22,14,91,-18,8.137,0.356,2.65,0.038,3.802,0.21,118,2.62,1.22,2.0,1.6,2.4,1.54,1.46,1.62,-10.3,0.3,0.2,2,773,0.638,11,75,0,3,8.5,0.9,-34,-18,-20,8.001,-0.036,7.01,8.32,0.09,0.2,334.24625,35.370555555555555,-1.9585842,112.20758,-36.464005,PM*,G0
HD 211738, ,22,19,34.4,-,16,42,15,41,-53,7.29,0.342,2.629,0.005,3.782,-0.19,45,4.04,0.61,5.2,3.2,7.2,1.07,1.02,1.13,15.0,0.3,0.1,2,735,0.7,5,40,-80,1,22.4,0.9,6,-10,-21,7.98,-0.036,7.43,8.25,0.05,0.21,334.89333333333326,-16.704166666666666,20.438799,17.767178,-35.9386,PM*,G0V
HD 211756,*,22,20,29.9,-,50,47,49,343,-53,9.259,0.427,0.0,0.0,3.741,-0.12,72,4.97,0.55,15.1,5.3,0.0,0.88,0.84,0.94,11.0,0.3,0.3,2,389,0.441,14,-5,-4,2,9.1,1.3,8,-3,-8,7.959,-0.057,7.62,8.49,0.05,0.06,335.12458333333325,-50.79694444444444,41.437336,-12.668667,-57.50176,*,G6V
HD 211786, ,22,19,25.1,+,12,27,35,75,-36,7.992,0.4,2.585,0.007,3.752,-0.26,42,4.88,0.52,13.5,5.8,0.0,0.87,0.83,0.94,21.3,0.3,0.0,1,0,0.0,1,72,-100,2,23.9,1.0,4,2,-32,7.991,-0.025,7.83,8.7,0.05,0.42,334.8545833333333,12.459722222222222,8.794339,32.820915,-24.686981,PM*,G5
HD 211879, ,22,16,57.1,+,74,6,23,113,14,8.837,0.344,2.602,-0.016,3.779,-0.48,120,3.43,1.54,6.1,4.9,7.5,1.06,1.02,1.12,-55.9,0.8,1.1,2,334,0.036,4,16,60,1,8.3,0.8,-2,-66,8,8.045,0.03,4.85,8.06,0.25,0.24,334.2379166666666,74.10638888888889,-45.494972,107.17943,29.030628,PM*,G5
HD 211918,*,22,22,15.7,-,60,30,28,330,-48,9.001,0.441,0.0,0.0,3.737,-0.06,67,4.88,0.68,17.2,10.7,0.0,0.89,0.86,0.93,37.7,0.2,0.2,2,391,0.597,1,-92,-169,2,15.0,1.3,44,-56,8,7.962,-0.05,4.98,8.52,0.26,0.24,335.56541666666664,-60.507777777777775,38.82543,-22.415882,-49.790707,PM*,G5V
HD 211987, ,22,21,6.5,+,1,2,5,65,-44,7.684,0.351,2.614,-0.006,3.779,-0.27,63,3.69,1.1,6.8,5.3,8.1,1.08,1.03,1.13,-20.9,0.2,0.5,4,1473,0.243,7,156,-84,1,15.9,1.0,-32,-41,-22,7.981,-0.044,5.9,8.11,0.16,0.23,335.27708333333334,1.0347222222222223,19.152386,41.072422,-43.763477,PM*,G8/K0(III)
HD 212142, ,22,22,22.4,-,15,27,3,44,-54,8.528,0.425,2.582,0.028,3.755,-0.26,73,4.09,1.25,11.1,8.4,14.2,0.95,0.88,1.03,-29.7,0.2,0.3,6,2494,0.74,3,34,58,2,6.8,1.1,-30,3,23,7.969,-0.059,7.71,8.87,0.07,0.54,335.5933333333333,-15.450833333333332,30.865664,29.806625,-59.058243,PM*,G3/5V
HD 212231, ,22,23,14.4,-,25,50,32,27,-57,7.876,0.395,2.592,0.01,3.755,-0.33,53,4.25,1.14,12.9,10.5,15.3,0.93,0.87,0.98,5.3,0.2,0.2,4,3219,0.724,3,377,-92,2,18.8,0.9,-68,-40,-58,7.974,-0.045,5.7,8.85,0.22,1.1,335.80999999999995,-25.842222222222222,25.719679,13.10483,-44.44954,PM*,G2V
HD 212236, ,22,17,37.2,+,79,46,41,116,19,8.703,0.344,2.619,-0.001,3.782,-0.42,132,3.1,1.75,4.8,3.7,6.1,1.14,1.06,1.21,-13.9,0.4,0.6,2,334,0.174,3,11,37,2,0.0,0.0,-9,-25,10,8.055,0.043,6.92,8.06,0.08,0.26,334.405,79.77805555555555,-54.71242,112.17709,42.974995,*,G5
HD 212291, ,22,23,9.1,+,9,27,39,73,-39,7.91,0.431,2.592,0.0,3.737,-0.25,32,5.35,0.36,0.0,0.0,0.0,0.84,0.8,0.91,-6.1,0.2,0.2,4,1519,0.759,2,305,34,2,30.8,1.0,-42,-11,-18,7.993,-0.02,7.1,8.67,0.1,0.17,335.78791666666666,9.460833333333333,7.270898,23.782028,-20.138252,PM*,G5
HD 212708, ,22,27,24.6,-,49,21,57,344,-55,7.494,0.451,2.59,0.0,3.736,0.15,36,4.72,0.71,13.3,9.1,0.0,0.95,0.9,0.98,4.9,0.2,0.2,4,2592,0.762,2,341,-331,2,27.9,1.0,-39,-67,-21,7.98,-0.029,4.66,8.12,0.27,0.21,336.85249999999996,-49.365833333333335,19.848854,-5.6915708,-29.489473,PM*,G6IV
HD 212804, ,22,28,17.8,-,56,30,42,334,-51,8.817,0.393,2.6,0.025,3.768,-0.34,78,4.25,0.86,8.9,5.4,12.6,0.97,0.9,1.03,-35.2,0.3,0.3,2,1056,0.465,7,-85,3,2,8.1,1.2,6,17,44,7.956,-0.061,7.85,9.88,0.11,1.12,337.0741666666666,-56.51166666666666,44.11909,-21.518326,-60.617386,PM*,G0V
HD 212809, ,22,25,42.1,+,55,40,36,103,-2,8.601,0.378,2.605,0.004,3.768,-0.01,108,3.43,1.39,5.4,3.5,6.9,1.15,1.08,1.25,-13.7,0.3,0.1,2,1087,0.827,2,-107,-85,2,0.0,0.0,71,3,-8,8.025,-0.003,6.6,10.76,0.24,0.01,336.42541666666665,55.67666666666666,-24.279911,105.16786,-3.7691455,PM*,G2V
HD 212837, ,22,27,6.7,-,1,18,32,64,-47,6.782,0.403,2.597,0.015,3.757,-0.05,114,1.5,3.61,1.2,1.0,1.5,1.85,1.83,1.92,-13.7,0.2,0.3,3,1892,0.584,17,57,-5,1,8.8,1.0,-28,-17,-7,7.965,-0.083,7.08,8.17,0.07,0.08,336.7779166666666,-1.308888888888889,34.0824,69.87927,-83.37432,PM*,G5V
HD 213090, ,22,28,0.1,+,47,27,14,99,-9,8.615,0.396,2.619,0.049,3.779,-0.2,62,4.44,0.29,4.9,0.0,8.6,1.03,0.96,1.09,-43.2,0.8,0.5,2,1412,0.625,22,52,-27,1,0.0,0.0,-1,-46,-8,8.01,-0.009,5.74,8.03,0.17,0.02,337.0004166666666,47.45388888888889,-9.579527,60.482754,-9.698937,PM*,G5
HD 213199, ,22,29,58.7,-,16,28,7,44,-56,8.158,0.376,2.602,-0.003,3.766,-0.07,46,4.84,0.07,0.8,0.0,9.2,0.99,0.93,1.05,6.5,0.1,0.3,10,2954,0.573,3,57,-78,2,21.7,1.4,-1,-15,-16,7.981,-0.038,7.32,8.05,0.05,0.13,337.4945833333333,-16.46861111111111,18.503487,17.86861,-38.13573,PM*,G2V
HD 213472, ,22,30,49.9,+,40,43,19,96,-15,8.192,0.415,2.598,0.0,3.752,0.13,65,4.14,0.94,8.8,6.7,10.8,1.1,1.01,1.15,16.6,0.3,0.4,2,1409,0.235,2,-213,41,2,15.5,1.2,46,33,39,8.007,-0.016,7.5,11.93,0.23,1.09,337.7079166666666,40.721944444444446,-6.562841,62.44124,-16.823238,PM*,G5
HD 213519, ,22,31,5.7,+,45,8,42,99,-11,7.702,0.416,2.598,0.033,3.763,-0.12,43,4.38,0.65,8.5,5.3,12.3,0.99,0.95,1.05,-32.0,0.4,0.6,2,371,0.077,2,-175,38,2,23.1,0.8,30,-22,31,8.006,-0.008,6.6,8.68,0.14,0.74,337.77374999999995,45.144999999999996,-6.6030936,41.690296,-8.204787,PM*,G5
HD 213575, ,22,32,34.0,-,6,28,1,59,-51,6.951,0.421,2.594,0.023,3.745,-0.18,36,4.18,1.31,12.5,10.9,14.0,0.95,0.93,0.98,-21.7,0.1,0.2,5,4443,0.828,2,293,30,1,27.9,0.9,-51,-19,-6,7.988,-0.028,6.64,8.68,0.13,0.03,338.14166666666665,-6.466944444444445,11.668462,19.419582,-27.977255,PM*,G5V
HD 213628, ,22,33,30.6,-,35,26,40,8,-60,7.803,0.442,2.576,0.0,3.737,0.02,32,5.27,0.23,0.0,0.0,0.0,0.89,0.84,0.98,-50.5,0.2,0.2,4,2153,0.642,2,331,-137,2,31.2,1.0,-62,-36,19,7.984,-0.028,5.83,8.69,0.2,0.46,338.3775,-35.44444444444444,15.844288,2.2267694,-27.712814,PM*,G8V
HD 213717,*,22,34,10.7,-,43,4,3,354,-58,8.836,0.471,0.0,0.0,3.725,0.12,49,5.38,0.3,0.0,0.0,0.0,0.89,0.85,0.97,25.8,0.3,0.4,2,294,0.196,1,141,40,2,20.4,1.2,-15,0,-40,7.974,-0.042,7.93,8.45,0.03,0.58,338.5445833333333,-43.0675,25.823797,-2.7141955,-41.554356,PM*,G8/K0V
HD 213730, ,22,32,16.2,+,59,29,35,106,1,8.59,0.408,2.595,0.021,3.765,0.06,119,3.12,1.71,4.3,2.8,5.2,1.27,1.17,1.44,7.6,0.2,0.2,3,3332,0.743,5,205,-25,2,8.4,0.9,-91,-17,-70,8.033,0.003,6.18,10.18,0.24,1.72,338.0675,59.49305555555556,-32.795853,114.37273,2.0768363,PM*,G5
HD 213746, ,22,33,9.1,+,31,24,13,91,-23,8.547,0.406,2.604,0.023,3.766,0.06,84,3.83,0.98,6.2,3.7,8.1,1.11,1.05,1.18,-59.5,0.2,0.3,2,344,0.429,3,72,-94,2,0.0,0.0,-2,-73,-20,8.002,-0.033,4.49,8.01,0.28,0.2,338.28791666666666,31.40361111111111,-1.3494577,77.31064,-32.821415,PM*,G5
HD 213774,*,22,34,39.4,-,44,38,2,351,-58,9.441,0.442,0.0,0.0,3.736,-0.06,74,5.11,0.47,16.8,3.7,0.0,0.88,0.84,0.94,-9.0,0.2,0.3,2,294,0.333,1,92,-32,2,13.6,1.4,-30,-18,-7,7.961,-0.062,7.02,8.19,0.08,0.06,338.66416666666663,-44.63388888888889,38.73124,-6.1344213,-62.755558,PM*,G8V
HD 213802, ,22,33,34.2,+,31,17,1,91,-23,7.97,0.409,2.598,0.027,3.767,0.04,79,3.37,1.43,5.1,3.2,6.5,1.18,1.1,1.28,-16.8,0.2,0.4,3,374,0.308,3,15,-58,2,6.6,0.9,8,-24,-13,8.002,-0.031,6.8,8.15,0.09,0.09,338.3925,31.283611111111114,-1.2691329,72.70881,-30.86776,PM*,G0
HD 213885,*,22,35,56.3,-,59,51,52,329,-50,7.961,0.391,0.0,0.0,3.758,-0.19,48,4.57,0.64,10.9,6.5,15.3,0.94,0.88,1.0,35.5,0.3,0.3,2,1489,0.491,4,-107,-87,7,21.0,1.0,40,-23,-8,7.974,-0.036,6.32,8.84,0.17,0.04,338.9845833333333,-59.864444444444445,26.446869,-15.890885,-36.770134,PM*,G0/2V
HD 213941, ,22,36,7.7,-,54,36,38,335,-53,7.586,0.422,2.584,0.033,3.739,-0.51,32,5.04,0.8,0.0,11.7,0.0,0.82,0.8,0.86,66.9,0.1,0.2,5,2609,0.707,3,369,-264,11,31.0,0.8,-8,-67,-69,7.982,-0.026,5.0,7.98,0.23,1.32,339.03208333333333,-54.61055555555556,17.453745,-8.13882,-25.556337,PM*,G8VFe-1.3
HD 214059, ,22,35,38.1,+,5,22,24,73,-44,8.265,0.429,2.581,0.024,3.752,-0.12,81,3.63,1.65,7.7,5.9,9.6,1.06,1.01,1.15,-12.2,0.2,0.3,5,1092,0.638,2,426,-206,2,12.4,1.3,-99,-101,-114,7.983,-0.056,3.48,9.2,0.45,4.0,338.90874999999994,5.373333333333333,17.035486,55.72055,-56.26733,PM*,G6V
HD 214067, ,22,37,3.7,-,59,33,33,329,-50,8.205,0.454,0.0,0.0,3.725,-0.36,30,5.8,0.22,0.0,0.0,0.0,0.79,0.76,0.86,77.7,0.2,0.2,5,2609,0.786,3,-250,75,6,33.1,0.9,72,-6,-47,7.983,-0.023,6.37,10.51,0.25,0.89,339.2654166666666,-59.55916666666666,16.529293,-9.931803,-22.981333,PM*,G9V
HD 214385, ,22,38,11.0,-,27,26,36,25,-60,7.893,0.404,2.575,0.0,3.749,-0.33,40,4.9,0.62,15.4,7.8,0.0,0.85,0.82,0.91,45.9,0.1,0.3,5,2162,0.54,3,445,16,2,25.2,1.0,-51,-8,-81,7.982,-0.035,7.14,9.34,0.13,1.88,339.5458333333333,-27.443333333333335,18.126154,8.452365,-34.641018,PM*,G8VFe-1.2
HD 214519, ,22,39,13.0,-,30,29,28,18,-61,9.421,0.38,2.617,0.012,3.763,-0.17,81,4.88,0.19,4.9,0.0,12.5,0.96,0.89,1.02,-17.5,0.2,0.3,3,1886,0.638,5,177,-35,2,10.6,1.5,-61,-33,-18,7.963,-0.071,5.94,8.68,0.19,0.18,339.8041666666666,-30.491111111111113,37.347588,12.134967,-70.8442,PM*,G2V
HD 214529, ,22,38,57.6,-,10,6,8,55,-54,8.242,0.379,2.628,0.023,3.781,0.2,105,3.03,1.29,2.8,2.2,4.4,1.41,1.33,1.47,-24.8,0.2,0.1,2,372,0.831,6,27,25,2,9.5,1.2,-25,-5,18,7.965,-0.086,7.67,8.39,0.04,0.43,339.73999999999995,-10.102222222222222,35.399677,50.555977,-84.946785,*,G1V
HD 214560, ,22,38,53.9,+,8,22,27,76,-42,8.131,0.383,2.592,0.004,3.761,-0.28,55,4.42,0.8,11.6,7.1,15.1,0.95,0.87,1.0,-44.8,0.2,0.3,6,1503,0.669,3,258,24,2,18.1,1.2,-68,-45,1,7.99,-0.037,5.4,8.72,0.23,0.13,339.72458333333327,8.374166666666667,9.888065,39.658863,-36.802185,PM*,G0
HD 214572, ,22,39,16.0,-,10,1,40,55,-54,6.944,0.389,2.588,-0.015,3.763,-0.15,69,2.75,2.31,3.3,2.8,3.8,1.34,1.28,1.39,10.4,0.5,0.7,2,721,0.026,6,-48,-6,1,14.5,1.1,17,7,-1,7.977,-0.056,7.63,9.23,0.09,0.11,339.8166666666666,-10.027777777777779,23.262644,33.2225,-55.822174,PM*,G2/3IV/V
HD 214691, ,22,42,35.3,-,73,14,32,315,-41,8.1,0.452,0.0,0.0,3.734,0.04,49,4.65,0.9,16.4,12.5,0.0,0.91,0.89,0.94,-10.5,0.2,0.4,6,3727,0.101,2,157,-281,2,20.4,0.8,-42,-56,28,7.974,-0.032,5.18,8.18,0.22,0.65,340.6470833333333,-73.24222222222222,26.14935,-26.149357,-32.146893,PM*,G5V
HD 214722, ,22,40,12.4,-,6,32,4,60,-53,7.172,0.454,0.0,0.0,3.731,-0.33,101,2.15,3.73,1.6,1.3,2.2,1.38,1.3,1.57,8.8,0.4,0.5,2,721,0.085,5,-13,-34,1,9.9,1.2,15,-7,-10,7.97,-0.08,7.36,8.56,0.08,0.1,340.0516666666666,-6.5344444444444445,30.391655,52.639896,-80.66219,*,G3/5V
HD 214813, ,22,41,4.3,-,23,31,16,33,-60,7.103,0.365,2.626,0.021,3.788,0.03,85,2.37,1.94,1.9,1.7,2.2,1.56,1.49,1.65,4.6,0.2,0.1,2,1530,0.691,5,36,-50,2,11.8,1.0,-3,-21,-14,7.965,-0.074,7.02,7.99,0.06,0.12,340.2679166666666,-23.52111111111111,35.643494,23.147158,-73.61216,PM*,G1V
HD 214954, ,22,43,28.8,-,64,48,43,322,-47,8.26,0.434,0.0,0.0,3.742,-0.02,52,4.68,0.74,14.4,9.4,0.0,0.9,0.88,0.96,-13.3,0.2,0.3,3,2666,0.341,2,127,-33,2,19.2,0.9,-34,-10,-1,7.972,-0.038,7.28,8.43,0.07,0.1,340.86999999999995,-64.81194444444444,27.945948,-21.833761,-38.03039,PM*,G3/5IV/V
HD 215220,*,22,44,5.5,-,28,55,53,22,-62,8.97,0.428,0.0,0.0,3.741,-0.15,68,4.82,0.73,17.0,11.0,0.0,0.88,0.85,0.92,-11.4,0.2,0.1,2,295,0.964,1,51,-47,2,14.8,1.2,-14,-21,2,7.97,-0.06,7.04,7.98,0.06,0.14,341.0229166666666,-28.93138888888889,29.599483,11.958967,-60.040436,PM*,G5V
HD 215274, ,22,43,40.4,+,30,5,33,93,-25,7.997,0.417,2.608,0.0,3.75,0.11,45,4.74,0.4,8.9,3.5,13.5,1.01,0.92,1.07,-10.2,0.2,0.3,2,344,0.304,3,241,26,2,22.3,1.0,-46,-21,-16,8.002,-0.019,6.68,8.55,0.12,0.13,340.9183333333333,30.092499999999998,-2.1344612,40.727955,-19.017822,PM*,G5V
HD 215444, ,22,44,31.9,+,42,3,43,99,-15,8.817,0.368,2.618,0.008,3.772,-0.11,105,3.71,1.1,6.3,4.2,8.2,1.09,1.03,1.16,-18.8,0.3,0.3,2,325,0.527,4,69,1,1,0.0,0.0,-27,-27,-11,8.016,-0.027,6.66,8.13,0.1,0.06,341.1329166666667,42.06194444444444,-15.865929,100.17354,-27.175999,PM*,G5
HD 215456, ,22,46,8.0,-,48,58,43,342,-57,6.64,0.401,2.596,0.008,3.755,-0.06,39,3.71,1.45,7.5,6.6,8.3,1.1,1.06,1.14,-19.1,0.2,0.4,6,2828,0.201,2,208,-49,1,25.9,0.8,-40,-16,1,7.98,-0.033,6.93,8.48,0.1,0.13,341.5333333333333,-48.978611111111114,20.201319,-6.563805,-32.708153,PM*,G0.5V
HD 215594, ,22,45,54.0,+,32,51,32,95,-23,8.72,0.383,2.595,0.013,3.759,-0.66,90,3.95,1.57,11.2,8.6,14.2,0.9,0.84,0.94,-67.8,0.3,0.1,2,375,0.958,2,49,-98,5,0.0,0.0,9,-80,-16,8.007,-0.035,4.17,8.06,0.32,0.14,341.47499999999997,32.85888888888889,-7.2204576,82.53019,-35.165802,PM*,G5
HD 215625, ,22,46,50.2,-,20,47,26,39,-61,7.922,0.34,2.634,0.002,3.787,0.01,53,4.28,0.07,1.0,0.0,5.0,1.12,1.06,1.18,8.4,0.2,0.2,3,802,0.76,5,6,34,2,18.7,1.1,-1,10,-6,7.98,-0.047,7.94,9.05,0.07,0.05,341.7091666666666,-20.790555555555557,19.968695,16.17033,-46.354847,*,G0V
HD 215641, ,22,47,9.3,-,32,40,31,14,-63,7.577,0.45,0.0,0.0,3.733,0.01,27,5.4,0.19,0.0,0.0,0.0,0.87,0.83,0.96,0.3,0.1,0.3,5,2586,0.473,4,248,-91,2,36.7,1.0,-23,-20,-15,7.988,-0.024,7.03,8.1,0.07,0.11,341.78875,-32.67527777777777,11.893638,2.965417,-24.057177,PM*,G8V
HD 215768, ,22,48,6.9,-,37,45,23,3,-62,7.499,0.375,2.611,0.007,3.765,-0.2,40,4.51,0.54,8.7,4.8,12.9,0.97,0.92,1.03,-24.8,0.2,0.3,5,2143,0.38,7,158,2,2,25.3,0.9,-37,-9,8,7.982,-0.035,7.28,8.56,0.08,0.25,342.02874999999995,-37.756388888888885,18.75313,0.98280996,-35.3179,PM*,G0VCH-0.3
HD 215859, ,22,48,6.7,+,13,0,32,82,-40,8.314,0.37,2.609,0.007,3.768,-0.31,54,4.64,0.44,8.1,1.1,13.0,0.95,0.88,1.02,12.6,0.4,0.6,2,725,0.062,2,57,-44,2,18.4,1.2,-5,-1,-22,7.994,-0.035,7.95,8.32,0.02,0.22,342.0279166666666,13.008888888888889,5.75709,40.96382,-34.71053,PM*,G5
HD 215877,*,22,48,58.5,-,44,36,15,349,-60,8.513,0.403,0.0,0.0,3.753,-0.2,75,4.13,1.2,11.2,8.9,13.6,0.97,0.92,1.03,37.8,0.3,0.2,2,1528,0.639,5,36,-122,2,13.3,1.1,16,-48,-30,7.963,-0.065,5.55,8.12,0.19,0.38,342.24375,-44.60416666666667,36.811016,-7.1553426,-64.95191,PM*,G3V
HD 215902,*,22,48,51.7,-,26,32,33,27,-63,9.136,0.437,0.0,0.0,3.734,-0.3,54,5.47,0.33,0.0,0.0,0.0,0.83,0.79,0.9,38.3,0.2,0.2,2,295,0.522,3,-131,-70,2,18.5,1.3,50,1,-20,7.978,-0.048,6.89,9.91,0.18,0.23,342.2154166666666,-26.5425,21.843462,11.129799,-48.114353,PM*,G8V
HD 215942, ,22,48,13.9,+,41,31,56,99,-16,8.05,0.411,2.587,0.006,3.749,-0.14,46,4.72,0.65,13.5,8.0,0.0,0.9,0.86,0.96,-70.9,0.2,0.1,2,366,0.921,2,-157,-142,1,21.6,1.0,56,-63,8,8.007,-0.012,4.64,8.75,0.31,0.25,342.05791666666664,41.532222222222224,-6.917225,43.67364,-12.679318,PM*,G5
HD 216000, ,22,51,8.9,-,71,25,30,315,-43,7.659,0.384,2.603,0.006,3.763,-0.25,130,2.09,3.06,2.1,1.7,2.4,1.66,1.48,1.68,13.0,0.3,0.7,4,4010,0.019,10,23,20,2,7.7,0.7,-5,0,-22,7.932,-0.088,7.89,8.3,0.03,0.25,342.7870833333333,-71.42500000000001,67.22886,-67.22888,-88.65978,*,G0V
HD 216054, ,22,50,10.5,-,41,29,24,355,-61,7.78,0.454,0.0,0.0,3.729,-0.13,28,5.56,0.22,0.0,0.0,0.0,0.84,0.8,0.92,20.5,0.1,0.2,5,2550,0.681,3,-369,-208,1,35.9,1.0,58,-13,8,7.987,-0.024,6.38,9.63,0.2,0.25,342.54374999999993,-41.49,13.523012,-1.1831142,-24.489353,PM*,G9V
HD 216075, ,22,50,18.0,-,31,49,49,15,-63,8.593,0.354,2.61,-0.008,3.778,-0.14,99,3.61,1.09,5.5,3.3,7.3,1.11,1.05,1.18,-13.3,0.2,0.2,2,1087,0.498,6,105,-70,2,0.0,0.0,-37,-47,-11,7.957,-0.088,5.57,8.13,0.19,0.1,342.57499999999993,-31.830277777777777,43.413597,11.632639,-88.20965,PM*,G0V
HD 216106, ,22,49,17.5,+,50,58,36,104,-7,6.746,0.367,2.608,0.007,3.769,-0.52,67,2.63,2.59,3.1,2.8,3.5,1.28,1.25,1.34,-44.3,0.4,0.7,3,675,0.057,7,-19,-145,1,15.0,0.6,37,-41,-32,8.016,-0.009,5.71,8.57,0.2,0.43,342.32291666666663,50.97666666666667,-16.087948,64.525246,-8.165246,PM*,G0
HD 216175, ,22,49,57.0,+,50,1,0,104,-8,7.927,0.372,2.628,0.022,3.781,0.05,57,4.04,0.41,3.8,1.9,5.8,1.15,1.08,1.21,-40.6,0.2,0.2,2,365,0.658,2,150,50,2,17.4,0.8,-32,-50,0,8.014,-0.008,5.49,8.12,0.19,0.1,342.48749999999995,50.016666666666666,-13.655348,54.768612,-7.932867,PM*,G5
HD 216190, ,22,49,49.6,+,54,2,4,106,-5,8.055,0.382,2.595,0.001,3.762,-0.23,57,4.28,0.87,10.0,6.5,13.4,0.97,0.9,1.03,-16.9,0.2,0.1,2,1413,0.798,1,35,-147,2,0.0,0.0,15,-17,-38,8.015,-0.005,7.08,8.39,0.08,0.55,342.45666666666665,54.03444444444444,-15.651544,54.58342,-4.967877,PM*,G5
HD 216275, ,22,50,46.3,+,52,3,41,105,-7,7.204,0.378,2.604,0.007,3.763,-0.24,31,4.73,0.41,9.0,2.1,14.4,0.94,0.87,1.02,13.6,0.3,0.1,2,727,0.925,1,144,170,2,32.0,0.7,-33,7,11,8.008,-0.004,7.73,9.16,0.08,0.3,342.6929166666666,52.061388888888885,-7.9635844,29.720505,-3.7779498,PM*,G0
HD 216435, ,22,53,37.9,-,48,35,53,342,-59,6.038,0.395,2.616,0.025,3.761,-0.04,33,3.42,1.59,5.4,4.9,6.0,1.17,1.15,1.21,-1.1,0.3,0.5,3,2198,0.077,6,218,-81,1,30.0,0.7,-28,-22,-11,7.984,-0.028,6.87,8.14,0.08,0.06,343.4079166666666,-48.59805555555556,16.1644,-5.252131,-28.286522,PM*,G0V
HD 216436, ,22,54,21.9,-,65,4,54,321,-48,8.616,0.418,2.576,0.0,3.745,-0.13,62,4.65,0.8,15.1,10.2,0.0,0.89,0.87,0.95,-0.9,0.1,0.3,7,3725,0.378,3,319,-204,2,16.1,1.0,-79,-78,-10,7.968,-0.046,4.01,8.65,0.37,0.06,343.59124999999995,-65.08166666666666,32.240746,-26.108053,-46.07498,PM*,G3/5V
HD 216437, ,22,54,39.4,-,70,4,25,316,-44,6.057,0.419,2.606,0.0,3.751,0.05,27,3.94,1.23,8.7,7.5,9.7,1.06,1.02,1.1,-2.7,0.2,0.2,2,1149,0.582,4,-44,73,1,37.7,0.6,3,10,-1,7.986,-0.018,7.89,9.14,0.07,0.1,343.6641666666666,-70.0736111111111,13.971139,-13.491779,-18.755777,PM*,G1VFe+0.3
HD 216531, ,22,54,16.2,-,45,53,19,346,-60,8.302,0.375,2.609,0.008,3.764,-0.26,49,4.84,0.29,6.7,0.0,13.8,0.94,0.86,1.01,-2.8,0.2,0.2,4,1882,0.761,3,73,-45,2,20.3,1.2,-14,-15,-3,7.976,-0.043,7.39,7.99,0.04,0.08,343.56749999999994,-45.88861111111111,23.772245,-5.927083,-42.435246,PM*,G0V
HD 216689, ,22,54,57.7,-,0,47,5,71,-52,8.768,0.389,2.607,0.028,3.772,-0.32,88,3.91,1.09,8.1,5.8,10.3,1.01,0.97,1.07,-13.6,0.3,0.1,2,1187,0.925,5,82,-40,1,11.3,1.1,-24,-31,-12,7.982,-0.069,6.47,8.05,0.11,0.1,343.74041666666665,-0.7847222222222222,17.638699,51.226505,-69.34495,PM*,G2/3V
HD 216770, ,22,55,53.7,-,26,39,31,27,-64,8.108,0.486,0.0,0.0,3.72,0.23,38,5.22,0.51,16.9,7.4,0.0,0.89,0.86,0.99,30.7,0.1,0.2,5,2135,0.695,3,228,-178,2,26.4,1.1,-12,-35,-48,7.985,-0.034,6.39,7.99,0.11,0.76,343.97375,-26.65861111111111,14.84248,7.5626206,-34.154175,PM*,G9VCN+1
HD 216840, ,22,56,11.5,+,13,54,21,85,-40,8.836,0.419,2.598,0.0,3.75,0.02,84,4.21,1.0,10.1,7.7,12.7,1.01,0.94,1.07,-11.2,0.2,0.3,2,462,0.435,3,-6,-130,1,11.9,1.1,28,-38,-24,7.994,-0.054,5.91,8.38,0.17,0.28,344.0479166666666,13.905833333333334,5.608278,64.102875,-53.994156,PM*,G5
HD 216970,*,22,57,41.4,-,33,12,11,12,-65,9.651,0.41,0.0,0.0,3.75,-0.08,97,4.72,0.57,11.5,4.9,16.7,0.92,0.87,1.0,7.5,0.3,0.2,2,1530,0.663,6,-4,7,2,12.1,1.6,4,4,-6,7.96,-0.088,7.82,8.75,0.06,0.09,344.42249999999996,-33.20305555555556,40.098156,8.523127,-87.91185,*,G6V
HD 217014, ,22,57,27.9,+,20,46,7,90,-35,5.454,0.416,2.603,0.0,3.752,0.16,15,4.52,0.54,9.2,4.8,12.0,1.06,0.96,1.1,-33.7,0.1,0.2,26,4697,0.963,2,208,60,1,65.1,0.8,-15,-30,16,8.0,-0.009,6.58,8.01,0.1,0.37,344.36625,20.76861111111111,-5.3709414e-07,12.287281,-8.603647,PM*,G2IV
HD 217102, ,22,57,54.7,+,24,5,35,92,-32,8.762,0.377,2.618,0.022,3.78,-0.04,130,3.1,1.46,3.0,2.5,4.9,1.3,1.14,1.39,-47.4,0.2,0.3,4,1148,0.685,7,35,-10,1,4.2,1.2,-14,-49,12,8.004,-0.069,5.59,8.01,0.18,0.3,344.4779166666666,24.093055555555555,-3.847535,110.1791,-68.8895,*,G5
HD 217142, ,22,56,4.3,+,75,56,22,116,15,8.268,0.526,0.0,0.0,3.697,-0.05,26,6.19,0.18,0.0,0.0,0.0,0.79,0.76,0.84,-9.6,0.2,0.1,2,1085,0.748,5,33,-39,2,0.0,0.0,2,-8,-8,8.011,0.007,7.65,8.24,0.04,0.02,344.0179166666666,75.93944444444445,-11.009283,22.572378,6.7292953,*,G5
HD 217165, ,22,58,29.8,+,9,49,31,83,-44,7.676,0.382,2.595,-0.008,3.765,-0.01,44,4.48,0.41,6.9,2.4,10.6,1.02,0.96,1.09,13.4,0.2,0.1,2,472,0.681,3,128,3,1,22.9,1.0,-22,2,-20,7.996,-0.03,7.87,8.63,0.05,0.2,344.6241666666666,9.825277777777778,3.85728,31.41503,-30.56497,PM*,G0
HD 217268, ,22,59,54.9,-,31,40,52,16,-65,8.305,0.385,2.63,0.032,3.784,0.26,84,3.55,0.66,3.1,1.7,5.4,1.29,1.22,1.36,9.1,0.2,0.1,2,388,0.683,6,-42,17,3,0.0,0.0,16,13,-1,7.966,-0.076,7.71,9.49,0.1,0.13,344.97875,-31.68111111111111,34.12473,9.785109,-76.12985,*,G2V
HD 217343, ,23,0,19.2,-,26,9,13,29,-65,7.492,0.415,2.588,0.0,3.746,-0.18,32,4.96,0.51,14.6,6.6,0.0,0.87,0.84,0.93,6.1,0.2,0.3,5,2135,0.573,13,109,-162,2,31.2,0.9,-3,-27,-14,7.988,-0.029,6.72,8.01,0.09,0.1,345.0799999999999,-26.15361111111111,11.828169,6.556461,-29.001848,PM*,G5V
HD 217429, ,23,0,47.9,-,14,15,30,54,-61,8.263,0.394,2.605,0.023,3.768,-0.18,81,3.63,1.34,6.8,5.4,8.4,1.09,1.03,1.15,-14.1,0.2,0.2,4,1448,0.879,3,206,-24,2,12.4,1.2,-68,-37,-23,7.977,-0.071,5.69,8.8,0.21,0.25,345.1995833333333,-14.258333333333333,23.082077,31.769756,-70.8442,PM*,G2V
HD 217577, ,23,1,33.1,+,19,16,10,90,-37,8.684,0.404,2.582,0.006,3.751,-0.26,72,4.38,1.04,13.6,10.6,17.0,0.91,0.86,0.97,3.6,0.4,0.6,2,382,0.11,3,167,-62,1,13.8,1.1,-38,-25,-40,8.0,-0.043,6.63,8.34,0.11,0.6,345.38791666666657,19.269444444444442,-2.5134816e-06,57.50176,-43.33068,PM*,G2V
HD 217601, ,23,1,46.4,+,19,34,48,90,-36,9.304,0.439,2.581,0.0,3.739,0.09,75,4.93,0.47,12.3,3.2,0.0,0.93,0.88,1.0,1.5,0.3,0.1,2,1102,0.799,3,57,-12,1,0.0,0.0,-15,-7,-12,8.0,-0.044,7.8,8.08,0.02,0.08,345.44333333333327,19.58,-2.6522441e-06,60.676273,-44.083893,PM*,G5
HD 217770, ,23,2,53.2,+,17,56,33,90,-38,8.59,0.418,2.595,0.027,3.759,-0.09,65,4.41,0.69,9.3,5.3,12.9,0.98,0.92,1.05,-29.4,0.5,0.7,2,412,0.087,5,-7,49,1,8.4,1.3,-6,-15,29,8.0,-0.04,7.52,8.02,0.03,0.65,345.72166666666664,17.9425,-2.238928e-06,51.2207,-40.017998,*,G5
HD 217877, ,23,3,57.2,-,4,47,41,69,-56,6.7,0.367,2.601,-0.01,3.77,-0.2,31,4.26,0.68,7.3,4.9,11.2,1.0,0.96,1.06,-13.1,0.1,0.2,6,3999,0.851,3,319,37,1,32.5,0.9,-45,-17,-6,7.994,-0.026,6.81,8.58,0.12,0.04,345.9883333333333,-4.794722222222222,6.2123017,16.183598,-25.700167,PM*,G0-V
HD 218078, ,23,5,5.5,+,20,51,21,92,-36,8.629,0.306,2.657,0.01,3.805,-0.15,149,2.76,1.33,2.3,1.9,2.7,1.39,1.29,1.48,-10.7,0.4,0.6,2,354,0.204,6,61,1,1,8.7,1.2,-37,-22,-10,8.004,-0.087,6.77,8.34,0.1,0.1,346.2729166666666,20.855833333333333,-4.2069044,120.4701,-87.58,PM*,G0
HD 218093, ,23,4,35.5,+,54,1,36,108,-6,8.54,0.449,2.588,0.0,3.731,-0.39,48,5.13,0.8,0.0,8.7,0.0,0.82,0.79,0.88,-21.5,0.2,0.1,2,1096,0.933,1,68,108,2,0.0,0.0,-17,-26,18,8.014,-0.005,6.81,8.03,0.08,0.42,346.1479166666666,54.026666666666664,-14.751556,45.400635,-5.0173664,PM*,G5
HD 218133, ,23,5,31.1,+,14,27,5,88,-41,7.106,0.377,2.607,0.01,3.766,-0.17,38,4.21,0.79,7.9,5.4,12.2,1.0,0.97,1.06,-49.3,0.2,0.2,5,1470,0.795,4,387,90,2,26.4,0.9,-69,-50,15,7.999,-0.025,5.22,8.71,0.25,0.38,346.3795833333333,14.451388888888888,1.0008813,28.661495,-24.930243,PM*,G0
HD 218152, ,23,5,4.7,+,49,2,58,106,-10,8.204,0.34,2.625,0.01,3.782,-0.47,84,3.58,1.31,6.1,4.5,8.0,1.05,0.99,1.11,14.9,0.3,0.2,2,384,0.681,5,42,-74,2,0.0,0.0,-6,7,-36,8.022,-0.015,8.0,8.95,0.06,0.51,346.26958333333323,49.04944444444444,-22.801783,79.519264,-14.586447,PM*,G0
HD 218168, ,23,4,2.1,+,74,28,38,116,13,8.141,0.374,2.601,-0.015,3.77,0.18,49,4.7,-0.09,0.0,0.0,4.7,1.08,1.03,1.11,2.3,0.3,0.5,2,1086,0.214,5,108,36,2,20.5,0.7,-25,-9,-2,8.021,0.011,7.55,8.29,0.05,0.07,346.00874999999996,74.47722222222222,-20.92965,42.912144,11.022601,PM*,G5
HD 218209, ,23,5,6.0,+,68,25,1,113,8,7.485,0.419,2.568,0.0,3.739,-0.62,30,5.12,0.78,0.0,9.8,0.0,0.8,0.78,0.85,-16.1,0.1,0.2,8,2293,0.955,3,592,163,1,33.7,0.6,-73,-47,-14,8.012,0.004,5.28,8.83,0.25,0.11,346.2749999999999,68.41694444444445,-11.607858,27.346397,4.1751933,PM*,G8
HD 218354, ,23,6,53.6,+,38,14,36,101,-20,8.202,0.413,2.615,0.0,3.754,0.07,67,4.07,1.01,8.7,6.8,10.6,1.05,1.01,1.13,-10.9,0.3,0.2,2,1101,0.609,3,80,30,2,14.9,1.0,-24,-16,2,8.012,-0.023,7.24,8.16,0.06,0.14,346.72333333333336,38.24333333333333,-12.013223,61.80266,-22.915348,PM*,G5
HD 218355, ,23,6,55.4,+,38,0,58,101,-20,8.279,0.375,2.61,0.004,3.77,0.01,76,3.87,0.88,6.3,3.7,8.2,1.1,1.05,1.17,-7.1,0.3,0.2,2,418,0.573,2,95,20,2,13.1,1.1,-32,-16,-5,8.014,-0.027,7.11,8.32,0.08,0.05,346.7308333333333,38.01611111111111,-13.62694,70.104515,-25.99353,PM*,G5
HD 218473, ,23,8,8.4,+,16,50,7,90,-39,8.567,0.405,2.611,0.022,3.77,0.27,82,3.9,0.62,4.0,2.2,7.4,1.2,1.15,1.25,7.0,0.3,0.1,2,418,0.895,5,-61,-14,1,12.2,1.2,23,10,1,8.0,-0.052,7.59,9.57,0.12,0.14,347.03499999999997,16.835277777777776,-2.7855506e-06,63.72597,-51.60427,PM*,G0
HD 218504, ,23,8,42.9,-,18,45,6,47,-65,8.113,0.359,2.593,-0.003,3.769,-0.63,62,4.16,1.14,10.7,6.4,13.3,0.9,0.86,0.99,-29.7,0.1,0.3,7,4052,0.614,2,-86,-36,2,16.2,1.0,18,-11,34,7.982,-0.056,7.23,8.61,0.09,0.82,347.17875,-18.751666666666665,17.869947,19.163174,-56.191082,PM*,G1/2wF3
HD 218510,*,23,9,21.9,-,59,0,28,325,-54,8.689,0.411,0.0,0.0,3.751,-0.08,79,4.19,1.08,10.8,8.5,13.3,0.98,0.93,1.04,19.4,0.3,0.2,2,1472,0.755,4,46,18,2,12.6,1.1,-6,-6,-25,7.961,-0.064,7.86,8.03,0.01,0.28,347.34124999999995,-59.007777777777775,38.03735,-26.634048,-63.912342,PM*,G3V
HD 218532, ,23,8,57.2,-,27,9,12,27,-67,9.106,0.41,2.597,0.022,3.765,0.09,145,3.2,1.61,4.5,2.9,5.7,1.22,1.14,1.42,35.4,0.2,0.1,2,651,0.739,3,-92,-21,2,0.0,0.0,72,13,-9,7.95,-0.134,6.74,11.26,0.25,0.18,347.2383333333333,-27.153333333333332,50.48089,25.721296,-133.47319,PM*,G1V
HD 218602, ,23,9,7.4,+,18,24,36,92,-38,8.845,0.376,2.622,0.026,3.78,-0.1,96,3.82,0.8,4.4,2.9,7.2,1.1,1.05,1.17,-29.6,1.0,1.4,2,418,0.119,22,2,-27,1,10.4,1.2,6,-30,10,8.002,-0.059,6.51,8.1,0.11,0.26,347.28083333333325,18.41,-2.6401105,75.60295,-59.103504,*,G5
HD 218607, ,23,7,5.6,+,77,53,59,117,16,8.851,0.306,2.635,0.0,3.799,-0.54,123,3.4,1.17,3.6,2.6,5.6,1.11,1.06,1.19,6.1,0.5,0.9,3,365,0.21,11,-36,-18,2,0.0,0.0,18,16,1,8.054,0.034,7.8,9.89,0.12,0.14,346.7733333333333,77.89972222222222,-53.67764,105.348335,33.903397,*,G5
HD 218730, ,23,10,24.7,-,7,48,43,67,-59,7.332,0.38,2.617,0.007,3.767,0.1,36,4.58,0.17,3.7,0.0,8.3,1.07,1.0,1.12,1.7,0.2,0.2,5,3999,0.915,4,140,-135,1,28.1,1.1,-10,-25,-19,7.993,-0.031,6.82,7.99,0.08,0.17,347.60291666666666,-7.811944444444444,7.2446923,17.067421,-30.858023,PM*,G0V
HD 218807, ,23,10,43.4,+,18,54,32,92,-38,8.576,0.384,2.597,-0.001,3.762,-0.1,78,4.11,0.92,8.6,6.1,11.3,1.02,0.97,1.07,-26.4,0.3,0.5,3,3252,0.148,4,-205,-184,1,12.8,1.4,100,-31,-2,8.002,-0.048,5.23,10.62,0.34,0.1,347.6808333333333,18.90888888888889,-2.1450899,61.4274,-48.0216,PM*,G5
HD 218949, ,23,11,38.7,+,47,5,55,106,-12,7.225,0.429,2.594,0.0,3.743,-0.05,48,3.83,1.59,8.6,7.7,9.5,1.05,1.03,1.1,-10.7,0.2,0.1,2,1528,0.908,2,-250,-163,1,20.9,0.7,68,6,-10,8.013,-0.01,6.71,10.77,0.23,0.05,347.91125,47.09861111111111,-12.941474,45.132282,-9.979761,PM*,G5
HD 218961,*,23,12,47.2,-,52,40,16,332,-59,9.559,0.452,0.0,0.0,3.728,-0.24,71,5.29,0.59,0.0,5.2,0.0,0.84,0.8,0.89,-3.8,0.8,1.1,2,531,0.014,6,78,-36,2,14.0,1.6,-22,-19,-2,7.967,-0.061,7.06,8.06,0.07,0.09,348.1966666666666,-52.67111111111111,32.287365,-17.167494,-60.85888,PM*,G8V
HD 219057, ,23,13,9.8,-,30,26,59,18,-68,9.595,0.404,2.581,0.007,3.751,-0.22,117,4.25,1.14,12.3,9.2,15.8,0.93,0.87,0.99,0.7,0.2,0.2,4,1876,0.855,4,6,-16,2,8.0,1.7,1,-9,-2,7.959,-0.109,7.56,8.12,0.04,0.13,348.29083333333324,-30.449722222222224,41.683834,13.543899,-108.48051,*,G3V
HD 219093, ,23,13,21.9,-,7,59,28,68,-60,8.329,0.358,2.61,0.004,3.773,-0.41,65,4.25,0.8,7.4,4.7,11.6,0.98,0.92,1.03,-1.3,0.4,0.6,2,721,0.123,3,-59,69,2,15.3,1.2,5,23,16,7.988,-0.057,7.91,10.07,0.12,0.42,348.34124999999995,-7.9911111111111115,12.174714,30.13347,-56.291653,PM*,G1V
HD 219122, ,23,14,8.8,-,52,1,24,333,-59,9.011,0.373,2.595,0.007,3.763,-0.49,76,4.6,0.74,10.4,4.0,15.7,0.89,0.82,0.97,-11.7,0.2,0.2,3,2188,0.865,5,258,16,2,13.1,1.4,-87,-24,-26,7.965,-0.066,5.89,9.64,0.24,0.34,348.53666666666663,-52.02333333333333,34.876575,-17.770504,-65.144714,PM*,G1/2V
HD 219129, ,23,13,41.7,-,10,19,7,64,-62,7.937,0.332,2.624,-0.009,3.79,-0.06,71,3.67,0.68,3.4,2.5,4.5,1.18,1.11,1.25,0.5,0.9,1.2,2,721,0.021,16,10,-19,2,14.0,1.3,0,-6,-4,7.985,-0.063,7.71,8.2,0.03,0.08,348.4237499999999,-10.31861111111111,14.612,29.95904,-62.689278,*,G0V
HD 219205, ,23,14,42.1,-,48,34,41,338,-62,8.472,0.368,2.619,0.016,3.774,-0.2,149,2.61,2.24,3.2,2.4,4.2,1.36,1.28,1.43,-34.7,0.5,0.7,2,1471,0.09,6,33,-24,2,5.7,1.0,-31,-18,27,7.934,-0.131,7.04,8.2,0.08,0.64,348.67541666666665,-48.57805555555556,64.85769,-26.204208,-131.55919,*,G0V
HD 219218,*,23,14,36.6,-,40,26,46,353,-66,8.597,0.462,0.0,0.0,3.727,-0.15,68,4.45,1.38,17.3,14.1,0.0,0.9,0.88,0.93,53.0,0.3,0.2,2,1445,0.543,4,115,-224,2,14.8,1.2,11,-82,-50,7.973,-0.062,4.16,8.03,0.32,0.88,348.6525,-40.44611111111111,27.45193,-3.3706756,-62.121094,PM*,G6V
HD 219249, ,23,15,9.6,-,56,43,45,326,-56,7.949,0.431,2.569,0.0,3.734,-0.41,30,5.53,0.35,0.0,0.0,0.0,0.81,0.77,0.88,-10.7,0.1,0.3,6,3033,0.664,3,242,85,2,32.8,1.0,-38,2,-9,7.986,-0.025,7.55,8.99,0.09,0.04,348.78999999999996,-56.72916666666667,13.907756,-9.380905,-24.871128,PM*,G7V
HD 219312, ,23,14,41.1,+,13,43,17,90,-43,8.454,0.337,2.622,-0.004,3.787,-0.3,124,2.99,1.65,4.2,2.6,5.2,1.17,1.12,1.28,-26.3,0.6,1.1,4,1163,0.017,14,41,-43,2,7.8,1.1,-8,-42,-7,8.0,-0.084,5.91,8.0,0.15,0.08,348.67124999999993,13.721388888888889,-3.9640922e-06,90.68786,-84.56779,PM*,G5
HD 219396, ,23,12,9.5,+,82,23,40,120,20,7.531,0.433,2.58,0.027,3.752,-0.11,53,3.81,1.46,8.5,7.5,9.4,1.05,1.02,1.1,-47.2,0.2,0.3,3,706,0.533,4,66,85,1,19.0,0.6,4,-54,-4,8.024,0.018,5.34,8.06,0.2,0.05,348.03958333333327,82.39444444444445,-24.901857,43.131275,18.127066,PM*,G0
HD 219428, ,23,15,13.3,+,52,21,6,108,-8,8.247,0.396,2.62,0.026,3.774,0.22,61,4.22,0.25,3.7,0.1,6.6,1.16,1.12,1.2,-6.5,0.2,0.1,2,730,0.948,4,178,18,2,16.5,1.0,-44,-24,-13,8.019,-0.008,6.59,8.49,0.13,0.08,348.80541666666664,52.35166666666667,-18.666584,57.449856,-8.489559,PM*,G0
HD 219770, ,23,18,18.3,+,7,50,6,87,-48,8.317,0.383,2.635,0.037,3.789,0.29,104,3.07,1.01,2.4,1.6,3.5,1.39,1.33,1.45,8.5,0.2,0.1,2,363,0.983,4,50,21,3,9.6,1.1,-26,4,-9,7.996,-0.078,7.8,8.81,0.06,0.09,349.57625,7.835,3.6420383,69.4942,-77.28706,PM*,G0
HD 219828, ,23,18,46.7,+,18,38,44,94,-39,8.046,0.407,2.604,0.016,3.756,0.05,81,3.5,1.55,5.8,4.7,7.0,1.16,1.1,1.24,-24.6,0.2,0.2,2,402,0.64,4,-3,5,2,12.3,1.0,2,-18,17,8.005,-0.051,7.21,8.1,0.06,0.4,349.6945833333333,18.645555555555553,-4.3910885,62.795486,-50.974953,*,G0IV
HD 220008, ,23,20,18.2,+,6,52,20,87,-49,7.963,0.42,2.595,0.027,3.76,0.0,87,3.15,1.85,4.4,3.7,5.3,1.23,1.17,1.31,-20.2,0.3,0.0,1,0,0.0,1,-74,27,2,11.5,1.0,20,5,32,7.997,-0.066,7.57,9.34,0.1,0.79,350.07583333333326,6.872222222222223,2.9871876,56.998913,-65.65974,PM*,G4V
HD 220017, ,23,20,29.0,+,22,9,26,97,-36,8.666,0.392,2.607,0.012,3.758,-0.13,78,4.22,0.93,10.4,7.4,12.9,0.99,0.94,1.04,-24.7,0.2,0.2,4,1195,0.847,2,184,103,1,12.9,1.0,-75,-26,19,8.007,-0.046,6.07,9.26,0.21,0.48,350.1208333333333,22.15722222222222,-7.6903577,62.63296,-45.847248,PM*,G0
HD 220056, ,23,20,4.2,+,62,8,8,112,1,8.432,0.392,2.601,0.014,3.758,-0.22,71,4.18,1.05,10.6,7.7,13.7,0.97,0.9,1.03,20.9,0.3,0.5,2,383,0.214,2,-10,-27,2,0.0,0.0,-2,22,-7,8.027,0.001,8.01,9.92,0.11,0.01,350.0174999999999,62.135555555555555,-26.593018,65.82003,1.2391208,*,G3V
HD 220066, ,23,20,56.8,-,18,59,18,50,-68,7.744,0.403,2.588,0.0,3.754,-0.17,74,3.4,1.88,6.1,4.7,7.5,1.13,1.07,1.22,45.7,0.1,0.2,5,3627,0.855,3,133,6,2,13.5,1.2,-31,0,-58,7.982,-0.069,7.66,8.89,0.07,1.08,350.2366666666666,-18.988333333333333,17.818645,21.235435,-68.6116,PM*,G3V
HD 220284, ,23,22,8.7,+,49,32,1,108,-11,7.92,0.41,2.609,0.029,3.769,0.17,71,3.54,1.1,3.6,2.8,6.1,1.22,1.13,1.33,-15.4,0.3,0.5,2,1416,0.164,3,-62,-137,2,0.0,0.0,40,-10,-33,8.022,-0.013,6.84,9.28,0.15,0.46,350.53624999999994,49.53361111111111,-21.537096,66.284386,-13.547439,PM*,G5
HD 220286, ,23,22,23.0,+,29,25,59,101,-30,8.514,0.423,2.587,0.026,3.757,-0.2,95,3.51,1.73,7.3,5.4,9.4,1.06,1.0,1.16,-18.6,0.3,0.3,2,1937,0.466,10,-30,-20,2,5.5,1.0,19,-15,6,8.015,-0.047,7.05,8.51,0.09,0.21,350.5958333333333,29.43305555555556,-15.698319,80.76084,-47.5,*,G0IV
HD 220367, ,23,24,18.8,-,72,9,54,312,-43,6.888,0.352,2.607,-0.004,3.776,-0.34,42,3.78,1.14,7.7,6.6,8.9,1.04,0.99,1.1,19.6,0.2,0.3,5,1545,0.494,4,-18,-44,2,23.9,0.6,13,-16,-7,7.98,-0.029,7.06,8.31,0.08,0.03,351.07833333333326,-72.165,20.553593,-22.827068,-28.643929,*,G0V
HD 220476, ,23,24,6.3,-,7,33,2,72,-62,7.619,0.423,2.592,0.0,3.743,-0.08,30,5.22,0.23,0.0,0.0,0.0,0.88,0.84,0.98,4.0,0.1,0.2,7,3999,0.931,4,146,-5,1,33.1,0.9,-17,-6,-11,7.996,-0.027,7.79,8.14,0.02,0.06,351.02624999999995,-7.5505555555555555,4.352241,13.394822,-26.488426,PM*,G5V
HD 220507, ,23,24,42.1,-,52,42,6,329,-60,7.597,0.429,2.595,0.0,3.743,-0.09,43,4.41,1.05,14.2,11.6,16.4,0.93,0.89,0.97,22.7,0.1,0.2,7,1125,0.763,2,-15,-155,2,23.0,0.9,20,-33,-7,7.981,-0.038,6.19,8.27,0.14,0.04,351.1754166666666,-52.70166666666667,18.429094,-11.0733185,-37.239094,PM*,G5V
HD 220510, ,23,23,44.4,+,62,49,12,113,2,8.35,0.344,2.619,-0.002,3.782,-0.33,109,3.16,1.62,4.8,3.5,6.1,1.15,1.07,1.22,-20.7,0.3,0.4,2,714,0.409,9,116,15,2,0.0,0.0,-46,-42,-13,8.043,0.003,5.77,8.38,0.18,0.09,350.93499999999995,62.82,-42.56375,100.27391,3.804045,PM*,G0
HD 220689, ,23,25,52.9,-,20,36,57,47,-69,7.795,0.389,2.602,0.013,3.759,-0.21,45,4.52,0.68,10.9,6.8,15.1,0.95,0.88,1.0,11.8,0.2,0.2,5,1758,0.771,3,-13,-177,2,22.1,0.9,22,-29,-16,7.989,-0.042,6.34,8.33,0.14,0.14,351.47041666666667,-20.615833333333335,10.998285,11.794218,-42.011116,PM*,G3V
HD 220718, ,23,27,7.3,-,72,52,53,311,-43,8.109,0.405,2.604,0.017,3.758,0.04,88,3.39,1.62,5.1,4.4,6.0,1.19,1.15,1.27,33.1,0.2,0.2,4,1967,0.732,3,-77,-2,2,11.4,0.8,44,-6,-12,7.958,-0.06,6.8,9.4,0.16,0.11,351.7804166666666,-72.88138888888888,42.223373,-48.572456,-60.01585,PM*,G2V
HD 220721, ,23,25,45.6,+,45,20,50,108,-15,7.893,0.371,2.63,0.023,3.783,0.09,59,3.95,0.42,3.5,2.0,4.8,1.19,1.13,1.24,-15.5,0.2,0.2,5,2298,0.851,3,47,-45,1,17.0,0.9,-2,-21,-12,8.017,-0.015,7.06,8.06,0.07,0.07,351.44,45.34722222222222,-17.610758,54.200356,-15.270324,PM*,G0
HD 220748, ,23,25,57.7,+,45,23,5,108,-15,8.535,0.4,2.601,0.011,3.755,-0.11,72,4.25,0.96,10.4,7.3,13.5,0.97,0.91,1.04,-15.7,0.1,0.3,6,1737,0.489,2,47,-43,1,0.0,0.0,-4,-22,-15,8.021,-0.019,6.99,8.04,0.07,0.11,351.49041666666665,45.38472222222222,-21.491095,66.14281,-18.634972,PM*,G5
HD 220773, ,23,26,27.4,+,8,38,37,90,-49,7.105,0.39,2.602,0.009,3.763,-0.03,49,3.67,1.28,6.7,5.6,7.8,1.12,1.08,1.16,-38.0,0.2,0.1,4,2572,0.937,3,28,-225,2,20.6,1.0,20,-61,-3,8.0,-0.036,4.92,8.16,0.25,0.07,351.6141666666666,8.643611111111111,-1.4051853e-06,32.146893,-36.98077,PM*,G0
HD 220882, ,23,27,36.2,-,40,15,6,350,-68,8.413,0.4,2.598,0.012,3.754,-0.37,87,3.72,1.73,8.9,7.4,10.7,1.01,0.96,1.05,-4.8,0.2,0.2,4,1122,0.777,2,58,-137,2,11.5,0.9,-4,-61,7,7.968,-0.081,5.01,7.97,0.23,0.23,351.9008333333333,-40.251666666666665,32.09565,-5.6593375,-80.66499,PM*,G3V
HD 220899, ,23,27,25.3,+,25,28,4,100,-34,7.941,0.323,2.648,0.015,3.797,-0.17,128,2.4,1.89,2.1,1.8,2.4,1.48,1.4,1.57,-19.8,2.0,2.8,2,39,0.127,55,56,-38,2,7.8,0.9,-16,-39,-18,8.019,-0.071,6.1,8.03,0.14,0.17,351.85541666666666,25.467777777777776,-18.426992,104.50466,-71.57669,PM*,G0
HD 220928, ,23,27,57.0,-,26,27,15,30,-71,8.267,0.374,2.597,-0.002,3.765,-0.33,60,4.39,0.78,9.8,5.9,14.2,0.96,0.88,1.01,1.3,0.5,0.7,2,903,0.092,4,144,-44,2,16.8,1.1,-30,-26,-15,7.984,-0.056,6.63,8.15,0.1,0.12,351.98749999999995,-26.454166666666666,16.917017,9.767044,-56.731113,PM*,G1/2V
HD 221080, ,23,28,56.8,-,7,24,7,74,-62,8.631,0.431,2.598,0.036,3.763,0.17,119,3.1,1.69,3.9,2.6,5.3,1.45,1.36,1.51,-17.1,0.4,0.1,2,1183,0.808,14,30,-10,1,6.0,1.4,-14,-19,8,7.985,-0.105,7.17,8.0,0.05,0.25,352.2366666666666,-7.401944444444445,15.39907,53.702923,-105.07076,*,G3V
HD 221146, ,23,29,30.3,-,1,2,9,83,-57,6.891,0.393,2.612,0.013,3.762,0.08,40,3.91,0.98,7.3,5.6,8.7,1.1,1.06,1.18,-15.6,0.2,0.5,5,4499,0.042,2,-13,-31,1,25.3,1.0,4,-12,11,7.997,-0.033,7.44,8.19,0.05,0.29,352.37624999999997,-1.0358333333333334,2.6549919,21.623177,-33.54682,*,G1V
HD 221149, ,23,29,36.3,-,6,50,8,75,-62,8.282,0.397,2.614,0.03,3.777,0.08,118,2.79,1.73,2.5,2.2,3.0,1.44,1.33,1.51,-8.0,0.3,0.0,1,0,0.0,5,6,-3,2,9.2,1.2,-3,-7,5,7.986,-0.104,7.78,8.13,0.02,0.21,352.40125,-6.835555555555556,14.337969,53.51002,-104.18781,*,G1/2V
HD 221167, ,23,28,49.4,+,72,13,48,117,10,7.737,0.332,2.615,0.003,3.784,-0.63,57,3.96,1.01,5.7,4.0,9.2,1.01,0.96,1.06,-62.8,0.3,0.2,3,705,0.752,5,58,84,1,17.6,0.6,9,-68,5,8.025,0.01,4.71,8.09,0.26,0.18,352.20583333333326,72.23,-25.484314,50.0158,9.897946,PM*,G0
HD 221216, ,23,29,48.4,+,42,52,10,107,-18,8.698,0.36,2.593,-0.012,3.771,-0.52,102,3.65,1.53,7.8,6.0,10.0,1.01,0.95,1.07,-6.4,0.3,0.2,2,1410,0.684,3,6,-167,1,0.0,0.0,31,-21,-72,8.029,-0.031,6.77,8.8,0.13,1.57,352.45166666666665,42.86944444444445,-28.362328,92.76899,-31.519733,PM*,G5
HD 221275,*,23,30,54.0,-,35,6,23,3,-71,8.126,0.478,0.0,0.0,3.722,0.07,35,5.4,0.38,0.0,5.2,0.0,0.86,0.84,0.94,6.1,0.4,0.5,2,1501,0.124,3,-204,-6,1,28.5,1.1,32,12,5,7.989,-0.033,7.45,9.91,0.14,0.2,352.72499999999997,-35.10638888888889,11.379269,0.59636223,-33.09315,PM*,G9VCN+1
HD 221343, ,23,31,44.2,-,53,46,11,326,-60,8.367,0.41,2.593,0.001,3.751,0.02,52,4.77,0.42,9.5,3.3,14.8,0.95,0.89,1.03,20.1,0.2,0.2,5,1894,0.907,2,107,-51,2,19.1,1.1,-12,-26,-21,7.978,-0.045,6.74,7.98,0.08,0.21,352.9341666666666,-53.76972222222222,21.554972,-14.539021,-45.033325,PM*,G2V
HD 221420,*,23,33,19.5,-,77,23,7,308,-39,5.818,0.427,0.0,0.0,3.75,0.11,32,3.31,1.83,4.5,4.2,4.8,1.25,1.24,1.27,26.0,0.2,0.1,2,1204,0.765,4,16,2,1,31.5,0.5,10,-16,-18,7.985,-0.02,7.1,8.25,0.08,0.16,353.33124999999995,-77.38527777777779,15.310683,-19.596779,-20.138252,*,G2IV-V
HD 221437, ,23,31,29.3,+,65,38,47,115,4,8.724,0.389,2.586,0.004,3.758,-0.24,69,4.52,0.73,11.8,7.3,15.9,0.93,0.86,0.99,-9.5,0.2,0.1,2,1087,0.749,3,-3,25,2,14.4,0.9,3,-10,7,8.029,0.005,7.57,8.23,0.04,0.22,352.8720833333333,65.6463888888889,-29.089632,62.382908,4.8131967,*,G5
HD 221495, ,23,32,43.7,-,17,48,41,56,-70,8.436,0.413,2.63,0.057,3.788,0.49,114,2.91,1.11,1.8,1.5,2.1,1.43,1.36,1.51,-21.2,0.4,0.5,2,1442,0.178,6,57,-4,2,8.9,1.3,-30,-20,10,7.978,-0.107,6.93,8.19,0.08,0.29,353.1820833333333,-17.81138888888889,21.803099,32.324425,-107.12496,PM*,G2V
HD 221573, ,23,32,53.5,+,47,0,44,109,-14,7.86,0.328,2.636,-0.002,3.79,-0.1,51,4.34,0.05,0.0,0.0,4.8,1.1,1.04,1.15,9.1,0.3,0.2,2,791,0.712,6,-28,-24,2,19.8,0.9,5,10,-5,8.016,-0.012,7.9,9.19,0.08,0.03,353.2229166666666,47.01222222222222,-16.110764,46.789066,-12.3380165,*,G5
HD 221706, ,23,34,36.7,-,16,59,35,59,-70,8.279,0.388,2.586,0.0,3.759,-0.19,48,4.87,0.31,7.8,0.0,14.9,0.93,0.86,1.01,-30.2,0.2,0.3,5,2868,0.656,2,140,128,3,20.8,1.2,-46,3,25,7.991,-0.045,7.42,9.34,0.11,0.62,353.6529166666666,-16.993055555555557,8.455363,14.072087,-45.105247,PM*,G3V
HD 221737,*,23,34,56.5,-,48,37,54,332,-64,9.07,0.445,0.0,0.0,3.735,-0.06,61,5.13,0.47,0.0,5.8,0.0,0.88,0.84,0.93,-33.0,0.3,0.1,2,1763,0.904,1,241,-72,2,16.3,1.3,-68,-40,16,7.976,-0.055,5.6,8.76,0.22,0.41,353.73541666666665,-48.63166666666667,23.610586,-12.553969,-54.82644,PM*,G6V
HD 221819,*,23,35,44.5,-,57,30,17,321,-57,9.189,0.409,0.0,0.0,3.748,-0.41,101,4.17,1.43,13.4,10.6,16.9,0.87,0.84,0.95,-5.8,0.5,0.8,2,529,0.034,1,-78,-109,2,9.9,1.1,43,-29,39,7.957,-0.085,6.15,8.87,0.18,0.99,353.93541666666664,-57.50472222222222,42.74966,-34.618008,-84.70573,PM*,G5V
HD 221822, ,23,35,23.1,+,2,13,31,88,-55,8.441,0.437,2.567,0.0,3.734,-0.25,39,5.5,0.27,0.0,0.0,0.0,0.83,0.79,0.9,-13.2,0.2,0.1,4,1894,0.975,2,110,315,2,25.8,1.4,-46,27,33,7.999,-0.032,7.71,10.88,0.17,0.92,353.84624999999994,2.225277777777778,0.7806836,22.355856,-31.94693,PM*,G8V
HD 221876, ,23,35,42.5,+,20,34,50,100,-39,9.096,0.372,2.598,0.016,3.763,-0.59,75,4.72,0.68,9.7,0.5,16.1,0.87,0.81,0.96,-39.0,0.2,0.3,3,3246,0.531,1,-130,-118,1,13.3,1.2,65,-33,7,8.01,-0.047,5.63,9.4,0.25,0.24,353.92708333333326,20.580555555555556,-10.12125,57.400455,-47.199028,PM*,G2
HD 221946, ,23,35,53.9,+,66,51,34,116,5,8.477,0.369,2.607,0.013,3.768,-0.56,130,2.91,2.36,4.6,3.5,5.9,1.14,1.07,1.24,30.6,0.2,0.3,4,5024,0.713,6,47,-61,2,7.7,0.9,-30,24,-41,8.056,0.011,7.94,10.37,0.13,0.7,353.97458333333327,66.85944444444443,-56.77139,116.398605,11.330246,PM*,G0
HD 221954, ,23,36,44.5,-,42,21,44,343,-68,8.729,0.457,0.0,0.0,3.735,0.21,99,3.75,1.66,9.1,6.2,0.0,1.2,1.16,1.24,37.6,0.2,0.3,4,1580,0.391,2,27,-43,2,10.1,1.2,9,-27,-34,7.965,-0.092,6.64,8.11,0.1,0.47,354.18541666666664,-42.36222222222222,35.465572,-10.842915,-91.7912,PM*,G5/6V
HD 222033, ,23,37,6.6,+,30,40,40,105,-30,7.21,0.395,2.612,0.018,3.761,0.02,50,3.7,1.26,6.8,5.7,7.7,1.12,1.08,1.16,-13.7,0.2,0.2,2,469,0.472,3,189,78,2,19.9,0.8,-44,-22,9,8.011,-0.025,6.65,8.5,0.12,0.26,354.2775,30.67777777777778,-11.207191,41.825813,-25.0,PM*,G0V
HD 222155, ,23,38,0.3,+,48,59,47,111,-12,7.107,0.422,2.582,0.022,3.755,-0.13,51,3.5,1.72,6.3,5.5,7.1,1.13,1.09,1.18,-44.2,0.2,0.1,2,385,0.983,2,197,-121,2,19.8,0.8,-16,-62,-31,8.017,-0.011,5.03,8.02,0.23,0.38,354.5012499999999,48.99638888888889,-17.877373,46.572155,-10.603497,PM*,G0
HD 222188, ,23,38,22.2,+,17,35,38,99,-42,8.792,0.343,2.644,0.02,3.797,0.08,114,3.42,0.63,2.5,1.8,3.1,1.29,1.22,1.36,4.8,0.3,0.1,2,289,0.85,11,66,11,1,7.0,1.1,-34,-7,-9,8.014,-0.076,7.39,8.56,0.07,0.08,354.5924999999999,17.593888888888888,-13.252893,83.67548,-76.28089,PM*,G0
HD 222335,*,23,39,51.3,-,32,44,36,9,-74,7.185,0.477,0.0,0.0,3.717,-0.17,19,5.83,0.21,0.0,0.0,0.0,0.81,0.78,0.88,-7.6,0.2,0.3,2,1525,0.359,1,136,-305,2,53.5,0.9,-2,-30,5,7.995,-0.018,6.54,8.02,0.1,0.19,354.96374999999995,-32.74333333333333,5.1726336,0.8192647,-18.263971,PM*,G9.5V
HD 222391, ,23,40,3.4,+,26,48,7,104,-33,7.559,0.371,2.624,0.025,3.784,-0.03,81,2.92,1.54,2.6,2.3,2.9,1.4,1.33,1.46,-3.0,0.3,0.1,2,673,0.73,6,147,32,2,12.4,0.7,-54,-20,-4,8.016,-0.044,6.59,8.79,0.14,0.07,355.01416666666665,26.801944444444445,-16.434313,65.91443,-44.115765,PM*,G0III
HD 222422, ,23,40,37.8,-,18,59,20,56,-72,7.586,0.448,2.566,0.0,3.731,-0.13,26,5.49,0.25,0.0,0.0,0.0,0.85,0.81,0.93,10.2,0.1,0.2,6,2239,0.931,4,304,-44,2,38.1,1.0,-29,-17,-21,7.995,-0.025,7.11,8.23,0.07,0.21,355.15749999999997,-18.98888888888889,4.492802,6.660854,-24.72747,PM*,G5V
HD 222480, ,23,41,8.3,-,32,4,16,11,-74,7.107,0.421,2.611,0.038,3.77,0.28,45,3.67,0.83,3.4,2.5,7.2,1.27,1.25,1.3,20.1,0.2,0.1,3,1881,0.999,3,114,30,2,22.1,0.8,-19,-3,-26,7.988,-0.043,7.85,8.31,0.03,0.3,355.2845833333333,-32.071111111111115,12.175793,2.3667345,-43.256775,PM*,G1V
HD 222595, ,23,42,12.6,-,53,25,23,324,-61,7.997,0.44,0.0,0.0,3.736,-0.14,35,5.3,0.34,0.0,0.0,0.0,0.85,0.82,0.93,18.8,0.1,0.3,5,1889,0.599,3,188,7,2,28.9,1.0,-20,-17,-25,7.986,-0.03,7.25,8.06,0.05,0.28,355.55249999999995,-53.42305555555555,13.727672,-9.973739,-30.61169,PM*,G5V
HD 222624, ,23,42,9.2,+,23,59,34,103,-36,8.488,0.371,2.618,0.017,3.771,-0.24,118,3.14,1.81,5.0,3.8,6.4,1.15,1.07,1.26,1.0,0.2,0.3,4,1473,0.658,8,68,10,1,8.5,1.1,-36,-12,-6,8.022,-0.069,7.22,8.49,0.08,0.07,355.5383333333333,23.99277777777778,-21.474724,93.017265,-69.35866,PM*,G0
HD 222669, ,23,43,57.3,-,82,30,30,306,-34,7.686,0.392,2.606,0.005,3.761,0.03,40,4.69,0.26,6.2,0.0,11.1,1.01,0.94,1.08,27.8,0.2,0.4,5,2274,0.256,4,-129,-91,2,25.2,0.6,36,-19,3,7.981,-0.022,6.55,8.81,0.15,0.17,355.9887499999999,-82.50833333333334,19.491837,-26.828224,-22.367716,PM*,G1V
HD 222814, ,23,43,50.6,-,6,16,24,82,-64,8.51,0.403,2.613,0.035,3.774,0.01,105,3.25,1.41,3.5,2.7,5.7,1.21,1.12,1.34,2.0,0.5,0.8,2,1183,0.063,4,57,-86,2,7.7,1.2,-4,-45,-25,7.994,-0.094,5.81,8.0,0.16,0.29,355.96083333333326,-6.273333333333333,6.405995,45.58102,-94.373375,PM*,G2V
HD 223020, ,23,45,52.6,+,17,9,10,101,-43,9.021,0.497,0.0,0.0,3.703,-0.55,40,6.01,0.55,0.0,0.0,0.0,0.74,0.71,0.78,10.1,0.3,0.1,2,412,0.883,1,4,-17,2,0.0,0.0,-1,5,-9,8.006,-0.027,7.94,8.76,0.05,0.04,356.46916666666664,17.152777777777775,-5.5819554,28.716667,-27.279932,*,G5
HD 223061, ,23,46,18.3,+,9,47,6,98,-50,7.485,0.375,2.598,0.006,3.764,-0.34,45,4.22,0.98,11.3,7.3,13.7,0.98,0.89,1.02,5.9,0.3,0.2,2,301,0.691,2,-50,-182,2,22.2,0.9,27,-17,-25,8.004,-0.034,6.8,8.66,0.12,0.29,356.57624999999996,9.785,-4.025643,28.64394,-34.472,PM*,G0
HD 223171, ,23,47,20.8,-,48,16,32,329,-65,6.896,0.408,2.6,0.011,3.755,0.05,41,3.82,1.26,7.6,6.6,8.6,1.1,1.07,1.14,32.2,0.1,0.2,4,2812,0.817,3,-386,-211,2,24.2,0.8,91,-12,3,7.985,-0.038,5.89,10.89,0.3,0.18,356.83666666666664,-48.275555555555556,14.852436,-8.924245,-37.15862,PM*,G2V
HD 223238, ,23,47,52.4,+,4,10,31,94,-55,7.695,0.401,2.603,0.017,3.755,-0.13,47,4.35,0.87,11.7,8.0,14.5,0.96,0.92,1.01,-15.9,0.2,0.2,5,2560,0.732,2,350,-32,2,21.4,1.0,-64,-47,-10,8.002,-0.038,5.38,8.62,0.23,0.05,356.96833333333336,4.175277777777778,-1.8805016,26.892426,-38.500145,PM*,G5V
HD 223241, ,23,47,50.9,-,5,14,39,85,-63,8.387,0.402,2.593,0.007,3.753,-0.25,58,4.55,0.82,13.7,9.2,0.0,0.89,0.85,0.96,-35.8,0.3,0.1,2,363,0.86,1,-177,-164,2,17.1,1.1,64,-32,26,7.998,-0.052,5.74,9.4,0.24,0.66,356.96208333333334,-5.244166666666667,2.2949386,26.231253,-51.67838,PM*,G3V
HD 223282,*,23,48,21.3,-,27,53,51,26,-76,8.643,0.451,0.0,0.0,3.726,-0.37,38,5.72,0.29,0.0,0.0,0.0,0.8,0.76,0.86,7.0,0.3,0.3,2,823,0.448,5,152,-79,3,26.0,1.5,-16,-24,-14,7.992,-0.037,6.89,8.01,0.08,0.1,357.08875,-27.8975,8.262643,4.02996,-36.87124,PM*,G8.5V
HD 223315, ,23,48,36.9,-,15,12,38,69,-71,8.763,0.452,0.0,0.0,3.738,0.2,54,5.11,0.24,0.0,0.0,0.0,0.98,0.91,1.03,-0.2,0.2,0.3,4,1020,0.517,2,209,-99,2,18.6,1.3,-35,-44,-18,7.994,-0.051,5.74,8.15,0.17,0.17,357.15374999999995,-15.210555555555555,6.3003526,16.412977,-51.058002,PM*,G5V
HD 223372, ,23,49,2.0,+,19,22,19,103,-41,9.105,0.379,2.599,0.003,3.763,-0.29,103,4.04,1.14,9.7,7.0,12.6,0.99,0.93,1.04,-11.3,0.5,0.0,1,0,0.0,3,116,-18,1,0.0,0.0,-44,-37,-12,8.018,-0.068,6.01,8.34,0.16,0.1,357.25833333333327,19.371944444444445,-17.486588,75.742744,-67.57408,PM*,G
HD 223583, ,23,50,44.1,+,41,49,39,111,-20,8.282,0.36,2.599,0.003,3.769,-0.58,72,3.98,1.28,9.9,7.8,11.9,0.97,0.88,1.01,-20.8,0.3,0.1,2,420,0.919,5,179,69,2,13.8,1.0,-55,-39,14,8.024,-0.024,5.81,8.54,0.19,0.36,357.68375,41.8275,-24.246408,63.164062,-24.625448,PM*,G0
HD 223723, ,23,52,8.3,-,31,4,31,12,-76,8.6,0.384,2.599,-0.001,3.763,-0.19,101,3.58,1.51,7.2,5.4,9.1,1.08,1.0,1.15,4.3,0.2,0.2,2,774,0.467,1,243,17,2,0.0,0.0,-104,-42,-31,7.977,-0.098,5.09,9.76,0.31,0.44,358.0345833333333,-31.075277777777778,23.90017,5.0801377,-97.99987,PM*,G2V
HD 223739,*,23,52,18.7,-,46,7,43,331,-68,9.168,0.427,0.0,0.0,3.737,-0.3,44,5.93,-0.18,0.0,0.0,9.5,0.82,0.77,0.87,-16.5,0.5,0.6,2,532,0.082,3,-66,-33,2,22.5,1.5,9,3,21,7.985,-0.041,7.74,8.86,0.07,0.49,358.0779166666666,-46.12861111111111,14.416089,-7.9909654,-40.79609,PM*,G8/K0V
HD 224010, ,23,54,36.6,-,60,20,57,315,-55,8.946,0.402,2.612,0.023,3.771,0.22,94,3.97,0.58,4.4,2.4,7.2,1.18,1.12,1.24,5.7,0.2,0.2,3,2194,0.574,3,132,-19,2,10.6,1.1,-47,-35,-13,7.962,-0.078,6.02,8.35,0.16,0.12,358.6524999999999,-60.34916666666667,38.124496,-38.124508,-77.00029,PM*,G3V
HD 224022, ,23,54,38.6,-,40,18,0,341,-72,6.03,0.362,2.626,0.007,3.776,0.04,28,3.81,0.77,3.8,3.1,6.9,1.19,1.09,1.23,-9.2,0.1,0.2,5,4411,0.705,5,368,32,1,35.9,0.8,-47,-16,-3,7.992,-0.027,6.81,8.64,0.12,0.08,358.66083333333324,-40.3,8.181076,-2.8169692,-26.629583,PM*,G0V
HD 224063, ,23,54,53.0,-,0,17,9,94,-60,8.353,0.455,0.0,0.0,3.733,0.07,53,4.72,0.82,16.1,11.6,0.0,0.91,0.89,0.96,-28.8,0.3,0.4,2,361,0.341,1,177,-142,1,18.8,1.2,-21,-60,-1,8.002,-0.046,5.04,8.02,0.23,0.1,358.72083333333325,-0.28583333333333333,-1.8485465,26.435446,-45.89935,PM*,G8IV(+G)
HD 224147, ,23,55,37.5,-,51,22,27,323,-64,8.524,0.443,0.0,0.0,3.737,-0.16,92,3.71,1.93,8.6,6.4,11.1,1.04,0.96,1.09,29.1,0.2,0.2,3,2194,0.591,2,158,-85,1,10.9,1.2,-37,-69,-27,7.968,-0.082,4.59,8.09,0.28,0.31,358.90625,-51.37416666666667,32.209087,-24.271286,-82.68906,PM*,G5V
HD 224156, ,23,55,32.4,+,3,30,5,97,-57,7.75,0.458,0.0,0.0,3.729,-0.02,29,5.41,0.28,0.0,0.0,0.0,0.86,0.83,0.94,14.3,0.2,0.2,5,2559,0.796,1,-208,-295,1,34.1,0.9,44,-9,-27,8.002,-0.024,6.77,9.38,0.16,0.33,358.885,3.501388888888889,-1.9248686,15.676803,-24.321445,PM*,G6V
HD 224231, ,23,56,5.7,+,66,51,2,118,5,8.925,0.367,2.603,0.007,3.768,-0.66,130,3.36,1.98,7.2,5.6,9.1,1.03,0.97,1.09,14.3,0.3,0.4,3,705,0.486,6,66,35,2,0.0,0.0,-45,-9,14,8.06,0.01,7.19,8.89,0.11,0.35,359.02374999999995,66.85055555555554,-60.79906,114.3464,11.330246,PM*,G0
HD 224233, ,23,56,11.4,+,59,46,3,116,-2,7.665,0.411,2.585,0.018,3.748,-0.35,50,4.17,1.39,13.3,11.4,15.0,0.93,0.88,0.97,3.6,0.2,0.1,2,384,0.889,3,192,281,2,20.0,0.7,-55,-20,55,8.022,-0.002,6.68,8.89,0.14,1.51,359.04749999999996,59.7675,-21.905205,44.912327,-1.7449747,PM*,G1
HD 224372, ,23,57,16.6,+,13,12,44,103,-48,8.294,0.332,2.651,0.02,3.802,0.03,93,3.38,0.61,2.4,1.6,3.0,1.29,1.23,1.36,-13.5,0.3,0.4,2,651,0.357,9,-49,-70,2,10.8,1.1,35,-18,-5,8.014,-0.068,6.62,8.85,0.14,0.08,359.3191666666666,13.212222222222222,-13.998508,60.634212,-69.11247,PM*,G0
HD 224383, ,23,57,33.5,-,9,38,51,84,-68,7.9,0.401,2.592,0.005,3.756,-0.09,48,4.51,0.66,10.3,6.3,14.3,0.96,0.91,1.02,-31.4,0.2,0.3,5,3632,0.488,3,455,-145,2,21.0,1.2,-75,-84,-3,7.998,-0.044,3.85,8.57,0.38,0.08,359.3895833333333,-9.647499999999999,1.8795379,17.882618,-44.50482,PM*,G3V
HD 224433, ,23,57,50.1,-,30,26,52,14,-78,8.846,0.454,0.0,0.0,3.733,0.08,57,5.06,0.48,15.3,6.8,0.0,0.9,0.86,0.97,8.9,0.2,0.3,4,2158,0.469,2,-88,-200,2,17.5,1.2,47,-37,-2,7.988,-0.056,5.7,8.78,0.21,0.09,359.45874999999995,-30.447777777777777,11.49894,2.867008,-55.754414,PM*,G8V
HD 224495, ,23,58,25.6,+,8,5,6,101,-53,9.037,0.386,2.607,0.018,3.763,-0.2,125,3.55,1.55,7.1,5.4,9.0,1.08,1.0,1.15,-17.1,0.2,0.1,2,452,0.984,5,135,-5,2,0.0,0.0,-67,-48,-4,8.015,-0.099,5.32,8.69,0.24,0.12,359.6066666666666,8.085,-14.353967,73.84474,-99.829445,PM*,G5
HD 224578, ,23,59,2.8,-,11,56,17,81,-70,8.053,0.359,2.608,-0.006,3.774,-0.12,53,4.45,0.32,5.6,0.0,9.3,1.03,0.97,1.1,5.4,0.2,0.6,6,2561,0.052,3,69,-61,2,19.0,1.3,-7,-18,-13,7.997,-0.05,7.22,8.0,0.05,0.1,359.76166666666666,-11.938055555555556,2.8356986,17.903894,-49.803707,PM*,G1V
HD 224693, ,23,59,53.8,-,22,25,41,52,-77,8.239,0.403,2.632,0.051,3.787,0.39,94,3.15,0.93,2.0,1.5,2.5,1.38,1.32,1.44,1.5,0.2,0.2,3,1181,0.562,5,149,28,2,10.6,1.2,-64,-19,-13,7.987,-0.092,6.44,9.06,0.17,0.14,359.97416666666663,-22.428055555555556,13.018407,16.662802,-91.59078,PM*,G2V
HD 224723, ,0,0,15.1,+,23,31,45,108,-38,8.511,0.323,2.623,-0.006,3.791,-0.44,93,3.68,0.98,4.2,2.9,6.9,1.08,1.02,1.15,38.0,0.3,0.3,2,382,0.544,7,36,-23,1,10.8,1.1,-19,17,-34,8.023,-0.057,7.99,9.62,0.09,0.5,0.06291666666666666,23.529166666666665,-22.646305,69.69818,-57.25652,*,G0
HD 224752,*,0,0,27.1,-,79,3,43,306,-38,8.652,0.459,0.0,0.0,3.725,-0.16,42,5.53,0.35,0.0,0.0,0.0,0.83,0.8,0.9,9.8,0.3,0.4,2,533,0.399,6,162,-64,2,23.8,0.8,-22,-29,-3,7.98,-0.026,6.58,8.03,0.1,0.07,0.11291666666666667,-79.06194444444444,19.4536,-26.775595,-25.857782,PM*,G6V
HD 224792, ,0,0,41.6,+,62,10,33,117,0,7.039,0.34,2.631,0.007,3.783,-0.22,38,4.12,0.54,5.4,3.0,7.3,1.06,1.0,1.12,4.1,0.5,0.1,2,1168,0.921,21,-47,-43,2,26.1,0.7,7,8,-6,8.017,0.0,7.86,9.09,0.07,0.02,0.17333333333333334,62.17583333333333,-17.251635,33.85825,0.0,PM*,G0
HD 224817, ,0,0,58.2,-,11,49,25,83,-71,8.406,0.374,2.579,0.0,3.762,-0.63,64,4.37,1.07,12.2,7.8,15.9,0.87,0.82,0.94,-11.4,0.2,0.5,8,2501,0.163,2,417,-83,2,15.6,1.4,-99,-81,-21,7.997,-0.06,3.8,9.08,0.41,0.24,0.24249999999999997,-11.823611111111111,2.5393133,20.68105,-60.513187,PM*,G2V
HD 225031, ,0,2,45.1,-,21,53,17,56,-78,9.3,0.45,0.0,0.0,3.734,0.04,61,5.37,0.18,0.0,0.0,0.0,0.89,0.84,0.96,11.4,0.2,0.2,2,1305,0.544,2,95,68,2,0.0,0.0,-32,7,-14,7.993,-0.06,7.74,9.11,0.08,0.12,0.6879166666666665,-21.888055555555557,7.0920258,10.514361,-59.667004,PM*,G8/K0V
HD 225118, ,0,3,41.4,-,28,23,46,23,-79,8.633,0.471,0.0,0.0,3.726,0.11,40,5.65,0.02,0.0,0.0,15.8,0.91,0.84,0.95,10.6,0.2,0.2,4,3656,0.683,3,278,-144,3,25.3,1.1,-31,-47,-20,7.993,-0.039,5.64,8.1,0.18,0.2,0.9224999999999999,-28.39611111111111,7.0256267,2.9822016,-39.265087,PM*,G8.5V
HD 225150, ,0,3,57.9,+,20,57,13,108,-41,8.298,0.346,2.64,0.025,3.799,-0.02,131,2.6,1.5,2.1,1.8,2.5,1.46,1.37,1.56,-32.1,1.5,0.6,2,1798,0.777,45,-31,-36,1,5.6,1.0,34,-26,8,8.031,-0.085,6.36,8.7,0.16,0.26,0.9912499999999997,20.953611111111112,-30.551563,94.02807,-85.94373,*,G0
HD 225175, ,0,4,7.9,-,25,53,33,37,-79,8.947,0.378,2.612,0.018,3.764,-0.28,101,3.93,1.22,9.1,6.9,11.6,1.0,0.96,1.05,4.9,0.3,0.5,3,1478,0.244,4,111,-48,2,9.9,1.1,-35,-44,-16,7.985,-0.099,5.74,8.14,0.17,0.16,1.0329166666666665,-25.8925,15.391077,11.598007,-99.14434,PM*,G2/3V
HD 225261, ,0,4,56.3,+,23,16,10,109,-38,7.824,0.453,0.0,0.0,3.725,-0.34,26,5.78,0.23,0.0,0.0,0.0,0.8,0.76,0.87,7.0,0.2,0.1,3,1954,0.857,1,382,-7,1,39.1,0.9,-42,-16,-13,8.007,-0.016,6.92,8.54,0.1,0.09,1.2345833333333331,23.269444444444442,-6.6703305,19.37205,-16.007198,PM*,G9V
HD 225290, ,0,4,59.6,+,47,0,52,115,-15,8.995,0.363,2.603,0.007,3.769,-0.45,90,4.22,0.95,9.0,5.4,12.7,0.96,0.87,1.02,12.9,0.3,0.2,2,94,0.725,1,-58,65,1,0.0,0.0,9,27,27,8.036,-0.023,7.94,10.56,0.14,0.72,1.2483333333333333,47.01444444444444,-36.739616,78.788345,-23.293715,PM*,G5
HD 225297, ,0,5,2.6,-,36,0,54,348,-77,7.745,0.343,2.616,-0.008,3.782,-0.12,51,4.23,0.36,4.7,0.9,7.3,1.07,1.01,1.14,4.9,0.2,0.4,4,2979,0.227,5,208,64,2,19.8,0.9,-49,-9,-16,7.989,-0.049,7.02,8.89,0.12,0.14,1.260833333333333,-36.015,11.221802,-2.3852684,-49.692875,PM*,G0V
HD 225299, ,0,4,58.7,-,70,12,44,309,-46,8.134,0.432,0.0,0.0,3.742,0.04,45,4.86,0.51,13.0,6.5,0.0,0.9,0.88,0.98,12.1,0.2,0.2,4,2170,0.856,3,53,-97,2,22.1,0.7,0,-26,3,7.981,-0.033,6.7,8.03,0.09,0.15,1.2445833333333332,-70.21222222222222,19.672321,-24.293295,-32.37029,PM*,G5V
HD 230409, ,19,0,43.3,+,19,4,28,51,7,10.104,0.44,2.553,0.0,3.726,-0.85,64,6.07,0.21,0.0,0.0,16.4,0.75,0.71,0.79,-3.0,0.4,0.6,3,662,0.54,8,-244,-561,1,15.6,1.8,143,-118,-10,7.96,0.007,2.33,10.56,0.64,0.05,285.18041666666664,19.074444444444445,39.976288,49.366608,7.7996383,PM*,G0
