Name,fs,RAh,RAm,RAs,DE_,DEd,DEm,DEs,GLON,GLAT,Vmag,b_y,Hbeta,E(b-y),logTe,[Fe/H],Dist,VMAG,dVMag,Age,clAge,chAge,mass,clmass,chmass,RVel,meRVel,e_RVel,o_RVel,dT,P(chi2),vsini,pmRA,pmDE,e_pm,plx,e_plx,UVel,VVel,WVel,Rgal,zgal,Rmin,Rmax,ecc,zmax,RA,DEC,X,Y,Z,ObjType,SpecType,Teff,R_xy,w_vmax
HD 101, ,0,5,54.7,+,18,14,6,108,-43,7.456,0.373,2.598,0.001,3.765,-0.32,38,4.55,0.61,9.4,5.4,14.2,0.94,0.87,1.0,-45.6,0.1,0.2,7,2452,0.924,2,-149,-151,1,26.2,0.8,46,-34,17,8.009,-0.026,5.86,8.84,0.2,0.41,1.4779166666666663,18.235,-8.588025,26.431232,-25.915936,PM*,F,5821.032177708716,27.79144110042603,2.995360855285657e-06
HD 268, ,0,7,22.5,-,25,21,23,41,-80,7.064,0.306,2.643,0.003,3.8,-0.37,49,3.63,0.77,3.5,2.7,4.3,1.15,1.08,1.2,8.4,0.2,0.1,2,361,0.797,9,213,-133,2,20.6,0.9,-27,-48,-18,7.994,-0.048,5.58,8.06,0.18,0.17,1.84375,-25.35638888888889,6.421645,5.582251,-48.255577,PM*,F,6309.57344480193,8.508763172930951,8.403286101222213e-07
HD 276, ,0,7,13.4,-,76,43,51,306,-40,7.556,0.271,2.677,0.006,3.821,-0.29,84,2.93,0.93,2.2,1.9,2.5,1.35,1.3,1.4,23.0,0.3,0.5,2,381,0.216,7,78,-5,2,11.9,0.6,-16,-30,-19,7.962,-0.054,6.55,7.98,0.1,0.18,1.8058333333333327,-76.73083333333334,37.822636,-52.05842,-53.994156,PM*,F,6622.165037017622,64.34773412393707,3.194840269932632e-07
HD 285, ,0,7,28.1,-,56,0,41,315,-60,7.489,0.297,2.649,0.002,3.809,-0.29,133,1.86,2.27,1.6,1.4,1.8,1.61,1.53,1.71,-0.9,0.5,0.6,2,358,0.151,13,74,24,2,7.5,0.8,-46,-9,-14,7.953,-0.116,7.05,8.78,0.11,0.16,1.867083333333333,-56.01138888888889,47.022587,-47.022602,-115.18138,PM*,F,6441.692655151775,66.49999087987135,7.285328680848555e-08
HD 400, ,0,8,40.9,+,36,37,37,113,-25,6.19,0.332,2.615,-0.011,3.787,-0.35,33,3.6,1.08,6.1,3.4,7.1,1.09,1.04,1.15,-15.2,0.1,0.3,20,4858,0.831,6,-115,-124,2,30.3,0.7,28,-10,-8,8.012,-0.014,7.03,8.84,0.11,0.02,2.170416666666666,36.62694444444445,-11.6860485,27.530603,-13.946403,PM*,F,6123.503917247734,29.908156597957706,8.062117992321641e-07
HD 447, ,0,9,4.3,+,19,55,28,110,-42,7.114,0.301,2.645,-0.006,3.81,-0.08,115,1.81,2.11,1.4,1.2,1.6,1.74,1.65,1.82,11.3,1.1,0.2,2,437,0.91,50,11,21,1,8.7,0.8,-13,11,0,8.029,-0.077,8.02,9.14,0.06,0.14,2.2679166666666664,19.924444444444447,-29.229603,80.307686,-76.95002,*,F,6456.542290346556,85.4616529340043,6.799064324121596e-08
HD 633, ,0,10,40.7,+,2,3,19,103,-59,7.514,0.313,2.643,-0.004,3.799,-0.08,55,3.81,0.35,2.9,0.8,4.2,1.19,1.14,1.25,17.0,0.3,0.1,2,734,0.955,6,-13,17,1,18.2,0.9,-1,13,-12,8.006,-0.047,7.97,9.29,0.08,0.09,2.669583333333333,2.055277777777777,-6.372208,27.601072,-47.144203,*,F,6295.061828571975,28.327093220880393,1.0775790762405527e-06
HD 693, ,0,11,15.8,-,15,28,4,82,-75,4.91,0.326,2.617,-0.008,3.789,-0.49,19,3.53,1.22,5.7,4.8,6.9,1.07,1.03,1.14,14.9,0.1,0.3,228,6678,0.961,5,-83,-271,1,52.9,0.8,19,-13,-19,7.999,-0.018,7.1,8.53,0.09,0.17,2.815833333333333,-15.467777777777778,0.68439245,4.869705,-18.35259,PM*,F,6151.7687270986835,4.917562385231325,7.318956230148521e-07
HD 739, ,0,11,44.0,-,35,7,59,347,-78,5.25,0.29,2.653,-0.01,3.811,-0.13,22,3.55,0.39,2.4,1.0,3.2,1.25,1.21,1.3,-21.1,0.3,0.0,1,0,0.0,5,169,115,1,45.8,0.7,-25,3,16,7.996,-0.021,7.83,8.77,0.06,0.4,2.9333333333333327,-35.13305555555556,4.456824,-1.0289388,-21.519247,PM*,F,6471.426157485831,4.574056757531704,7.524006289866961e-07
HD 903, ,0,13,10.0,-,43,3,54,326,-72,7.557,0.287,2.668,0.005,3.814,-0.16,68,3.39,0.51,2.3,1.4,3.0,1.28,1.22,1.33,-10.5,0.8,0.1,2,1713,0.939,27,71,-1,1,14.7,0.9,-22,-9,7,7.983,-0.065,7.55,8.19,0.04,0.22,3.291666666666666,-43.065,17.420692,-11.750412,-64.671844,PM*,F,6516.283940608428,21.013155211167312,6.031830791377278e-07
HD 905, ,0,13,30.8,+,41,2,7,115,-21,5.72,0.222,2.717,0.007,3.849,-0.26,35,3.0,0.32,1.2,0.5,1.7,1.39,1.34,1.44,-25.8,1.3,1.8,2,387,0.193,30,-123,-146,1,28.6,0.7,35,-18,-10,8.014,-0.013,6.61,8.85,0.14,0.04,3.3783333333333334,41.03527777777778,-13.809187,29.613892,-12.542878,PM*,F,7063.175542629623,32.67531553005469,3.519242145036699e-07
HD 1000, ,0,14,20.8,-,21,11,49,66,-80,6.898,0.321,2.64,0.007,3.795,-0.25,55,3.2,1.21,3.0,2.5,4.8,1.26,1.15,1.32,-13.6,0.2,0.2,3,925,0.775,9,-74,-234,2,18.2,0.9,46,-46,9,7.996,-0.054,5.39,8.68,0.23,0.27,3.586666666666666,-21.196944444444444,3.8846002,8.724956,-54.164425,PM*,F,6237.348354824191,9.55065316697115,4.6392646723063425e-07
HD 1004, ,0,14,14.7,-,55,4,10,314,-61,6.665,0.305,2.654,0.007,3.803,-0.23,46,3.34,0.87,3.0,2.5,3.4,1.25,1.18,1.29,17.4,0.4,0.3,2,1064,0.605,15,-4,-30,2,21.6,0.7,9,-11,-12,7.985,-0.041,7.36,8.31,0.06,0.08,3.56125,-55.06944444444445,15.491743,-16.042171,-40.232506,*,F,6353.309318517436,22.301241032088104,5.629232027732556e-07
HD 1101, ,0,15,16.3,-,16,45,22,82,-77,7.673,0.264,2.684,0.005,3.832,0.06,127,2.16,1.17,1.3,1.1,1.5,1.63,1.53,1.75,-0.2,0.4,0.6,3,762,0.354,27,35,-23,2,7.9,1.0,-11,-22,-6,7.996,-0.123,7.01,8.0,0.07,0.12,3.817916666666666,-16.75611111111111,3.9760063,28.290752,-123.744995,*,F,6792.036326171843,28.56878147249448,1.1026791173453256e-07
HD 1343, ,0,17,32.7,-,19,3,3,77,-79,6.46,0.264,2.665,-0.007,3.824,-0.41,49,3.02,0.89,2.2,1.8,2.6,1.3,1.26,1.35,-3.5,0.3,0.3,2,348,0.42,8,21,-2,2,20.5,0.9,-4,-3,3,7.998,-0.048,7.91,8.22,0.02,0.15,4.38625,-19.050833333333333,2.103212,9.110013,-48.09973,*,F,6668.067692136218,9.349643713913007,3.617838282151292e-07
HD 1352, ,0,17,49.9,+,16,19,51,111,-46,7.213,0.313,2.641,-0.001,3.798,-0.21,46,3.9,0.41,3.4,1.3,4.8,1.14,1.08,1.2,8.4,0.4,0.3,2,1833,0.593,13,222,-28,1,21.7,0.9,-42,-22,-17,8.012,-0.033,6.72,8.45,0.11,0.14,4.457916666666666,16.330833333333334,-11.451391,29.831898,-33.08963,PM*,F,6280.58358813318,31.954287570172564,1.2202509373498365e-06
HD 1581, ,0,20,4.2,-,64,52,29,308,-52,4.228,0.368,2.601,-0.005,3.768,-0.18,9,4.56,0.41,8.2,2.7,11.4,0.97,0.92,1.05,9.1,0.1,0.2,11,3566,0.728,4,1708,1165,1,116.4,0.6,-73,-3,-43,7.997,-0.007,6.79,9.94,0.19,0.73,5.017499999999999,-64.87472222222222,3.411352,-4.3663306,-7.092097,PM*,F,5861.3816451402845,5.54095347177725,3.0370304755640905e-06
HD 1671, ,0,21,7.2,+,37,58,6,116,-25,5.18,0.288,2.656,-0.006,3.817,-0.03,49,1.73,1.99,1.2,1.1,1.3,1.81,1.76,1.86,8.2,1.8,0.0,1,0,0.0,45,58,-39,1,20.4,0.7,-12,-3,-13,8.02,-0.02,8.0,8.19,0.01,0.09,5.279999999999999,37.96833333333333,-19.467659,39.91462,-20.708296,PM*,F,6561.452663029057,44.409082817422394,6.087642634523737e-08
HD 1683, ,0,20,53.7,-,39,14,23,329,-76,7.137,0.331,2.624,-0.001,3.792,-0.19,108,1.98,2.44,1.7,1.5,2.0,1.61,1.54,1.7,8.1,0.5,0.9,3,1161,0.018,14,-46,-36,2,9.3,0.8,30,-6,-1,7.978,-0.104,7.1,9.03,0.12,0.14,5.223749999999999,-39.23972222222222,22.395693,-13.456693,-104.79194,PM*,F,6194.410750767812,26.127564973538924,8.599023779510943e-08
HD 1689, ,0,21,13.1,-,3,18,42,105,-65,7.359,0.331,2.626,-0.002,3.789,-0.4,79,2.86,1.82,3.8,2.7,4.4,1.21,1.15,1.36,6.3,0.4,0.6,2,1132,0.061,7,28,64,1,12.6,1.0,-22,16,3,8.009,-0.072,7.96,9.52,0.09,0.19,5.3045833333333325,-3.3116666666666665,-8.64115,32.249214,-71.59831,PM*,F,6151.7687270986835,33.38684287171065,2.900341587684856e-07
HD 1764, ,0,21,57.3,+,16,52,36,113,-45,7.577,0.325,2.613,-0.017,3.79,-0.45,63,3.6,1.1,5.9,3.2,7.2,1.08,1.03,1.16,-31.9,0.3,0.5,4,1849,0.491,10,72,-63,2,16.0,0.9,-2,-42,7,8.017,-0.045,5.95,8.03,0.15,0.22,5.48875,16.87666666666667,-17.406185,41.006397,-44.547726,PM*,F,6165.9500186148225,44.5477257688407,8.062117992321641e-07
HD 1832, ,0,23,0.2,+,22,22,30,114,-40,7.58,0.406,2.595,0.008,3.753,-0.06,40,4.54,0.67,10.9,6.9,14.9,0.95,0.9,1.01,-30.7,0.2,0.1,2,100,0.948,1,203,-221,1,24.7,0.9,-7,-63,-17,8.013,-0.026,4.96,8.01,0.24,0.14,5.750833333333333,22.375,-12.463132,27.992657,-25.711502,PM*,F,5662.3928903825345,30.64177712158799,2.9542629636310046e-06
HD 1856, ,0,22,48.0,-,39,15,44,327,-76,6.746,0.223,2.73,0.0,3.852,0.01,76,2.33,0.71,1.1,0.9,1.3,1.62,1.57,1.68,12.9,0.8,1.4,4,1116,0.523,90,101,-26,2,13.1,0.7,-25,-27,-15,7.985,-0.074,6.62,8.07,0.1,0.13,5.699999999999998,-39.26222222222222,15.419852,-10.013766,-73.74248,PM*,F,7112.1351365332885,18.38606388558084,1.3945983593040382e-07
HD 1980, ,0,23,59.5,-,17,48,37,87,-79,7.428,0.327,2.631,0.004,3.791,-0.28,63,3.43,1.1,5.0,2.8,6.0,1.15,1.09,1.24,-7.3,0.3,0.4,2,387,0.147,6,107,39,2,15.9,1.0,-33,-8,6,7.999,-0.062,7.4,8.52,0.07,0.21,5.997916666666666,-17.810277777777777,0.6291292,12.004496,-61.84251,PM*,F,6180.164001384158,12.020970333725502,6.37454439294158e-07
HD 2302, ,0,27,4.5,+,25,2,31,116,-38,6.664,0.312,2.648,0.002,3.803,-0.05,80,2.15,1.9,1.6,1.5,1.9,1.63,1.56,1.7,-1.4,0.2,0.3,5,2147,0.432,7,101,-17,1,12.5,0.8,-30,-23,-8,8.028,-0.049,6.8,8.21,0.09,0.05,6.768749999999999,25.041944444444447,-27.635294,56.66075,-49.252922,PM*,F,6353.309318517436,63.040860281478835,1.0875497926716233e-07
HD 2330, ,0,27,26.6,+,26,16,43,116,-36,7.569,0.365,2.619,0.005,3.776,-0.02,61,3.66,0.98,5.6,3.0,6.9,1.14,1.09,1.23,-9.1,0.2,0.3,2,701,0.343,3,72,-71,2,16.5,1.1,-7,-27,-13,8.022,-0.036,6.76,8.03,0.09,0.09,6.860833333333333,26.27861111111111,-21.63363,44.35552,-35.8549,PM*,F,5970.352865838366,49.35003648881427,8.758891567482405e-07
HD 2611, ,0,29,51.6,+,38,19,26,118,-24,7.465,0.34,0.0,0.0,3.786,-0.18,85,2.81,1.74,2.6,2.2,3.9,1.38,1.3,1.45,-32.1,0.4,0.5,2,363,0.165,8,-47,-84,2,11.7,1.0,40,-27,-16,8.037,-0.035,6.24,8.83,0.17,0.14,7.464999999999999,38.323888888888895,-36.455105,68.56208,-34.572613,PM*,F,6109.420249055721,77.65135861327491,2.706756260487269e-07
HD 2615, ,0,29,34.8,-,32,34,8,343,-83,7.624,0.312,2.623,-0.003,3.795,-0.74,76,3.23,1.58,4.9,4.1,5.9,1.09,1.05,1.15,0.9,0.2,0.3,3,359,0.598,7,86,179,2,13.2,0.9,-59,40,-8,7.991,-0.075,7.63,11.99,0.22,0.1,7.394999999999999,-32.56888888888889,8.85736,-2.7079673,-75.43351,PM*,F,6237.348354824191,9.262068509111197,4.835586427513509e-07
HD 2663, ,0,31,12.9,+,69,47,6,121,7,7.371,0.345,2.603,-0.003,3.777,-0.54,42,4.27,0.79,7.3,4.7,9.2,0.97,0.91,1.02,12.5,0.2,0.6,7,1159,0.069,4,299,-72,2,24.0,0.7,-57,-17,-17,8.021,0.005,6.63,8.93,0.15,0.16,7.803750000000001,69.785,-21.470362,35.73268,5.1185126,PM*,F,5984.115950603199,41.68693877455436,2.034459973909334e-06
HD 2719, ,0,30,38.1,-,18,37,15,92,-80,7.555,0.329,2.639,0.011,3.791,-0.24,101,2.53,1.96,2.3,2.0,2.7,1.43,1.36,1.51,-8.3,0.3,0.3,2,1007,0.404,13,188,-6,2,9.9,1.0,-76,-49,0,8.001,-0.1,5.15,8.85,0.26,0.17,7.658749999999999,-18.620833333333334,-0.6120832,17.527788,-99.46558,PM*,F,6180.164001384158,17.53847194075545,1.8384386847322583e-07
HD 2827, ,0,31,51.0,+,18,6,19,116,-45,7.217,0.345,2.615,-0.008,3.785,-0.16,95,2.32,2.24,2.0,1.8,2.4,1.54,1.43,1.61,-4.7,0.4,0.5,2,437,0.159,9,57,-89,2,10.5,0.8,-4,-39,-27,8.03,-0.067,6.12,8.04,0.14,0.32,7.962499999999999,18.10527777777778,-29.447641,60.376617,-67.17514,PM*,F,6095.368972401694,67.17514005068817,1.3754637524765194e-07
HD 2916, ,0,32,22.1,-,24,38,46,62,-85,7.27,0.263,2.677,0.002,3.826,-0.32,72,2.97,0.82,2.1,1.7,2.5,1.33,1.28,1.39,-10.8,1.2,2.2,3,1475,0.214,55,130,13,2,13.8,1.0,-41,-20,8,7.997,-0.072,6.78,8.44,0.11,0.25,8.092083333333333,-24.64611111111111,2.9460366,5.540688,-71.72602,PM*,F,6698.846094165266,6.275217539008792,3.3763631364056964e-07
HD 3079, ,0,34,29.7,+,47,54,55,120,-15,7.381,0.364,2.607,0.003,3.77,-0.41,47,4.01,1.11,9.6,8.1,11.4,0.99,0.95,1.04,-12.6,0.2,0.5,9,3413,0.144,3,399,61,2,21.2,0.9,-73,-54,11,8.023,-0.012,5.03,8.77,0.27,0.29,8.623749999999998,47.915277777777774,-22.699259,39.316265,-12.164495,PM*,F,5888.43655355589,45.39851377192106,1.4205258785814954e-06
HD 3089, ,0,34,8.3,+,5,57,28,115,-57,7.642,0.291,2.641,-0.011,3.809,-0.5,118,2.29,2.02,2.0,1.8,2.4,1.43,1.32,1.52,0.7,0.5,0.8,3,366,0.047,8,11,29,2,8.5,1.1,-13,8,8,8.027,-0.098,8.02,8.96,0.06,0.26,8.534583333333332,5.957777777777778,-27.160585,58.24605,-98.96313,*,F,6441.692655151775,64.26740789968679,1.3196207927532493e-07
HD 3149, ,0,35,13.7,+,51,50,17,120,-11,7.371,0.383,0.0,0.0,3.763,-0.24,44,4.17,0.97,10.7,8.1,12.7,0.99,0.96,1.03,-65.5,0.3,0.5,2,132,0.182,3,53,-127,2,22.9,1.0,27,-65,-14,8.022,-0.008,4.77,8.26,0.27,0.1,8.807083333333333,51.83805555555556,-21.5958,37.405018,-8.395596,PM*,F,5794.286964268809,43.19159581701426,1.77194056249803e-06
HD 3158, ,0,34,27.8,-,52,22,23,309,-65,5.57,0.309,2.637,-0.006,3.8,-0.21,26,3.53,0.73,3.2,2.5,3.8,1.21,1.15,1.25,36.3,0.3,0.5,2,1566,0.223,14,227,39,1,39.0,0.6,-16,-22,-37,7.993,-0.023,7.03,8.02,0.07,0.5,8.615833333333331,-52.37305555555555,6.9150195,-8.539338,-23.564001,PM*,F,6309.57344480193,10.988074816073299,7.318956230148521e-07
HD 3161, ,0,38,14.5,+,84,40,29,123,22,7.113,0.346,0.0,0.0,3.781,-0.27,40,4.09,0.66,5.8,3.9,7.5,1.05,0.98,1.1,10.6,0.3,0.1,2,735,0.728,6,-22,-17,2,24.8,0.6,-2,12,1,8.02,0.015,7.99,9.18,0.07,0.13,9.560416666666663,84.67472222222223,-20.199223,31.104074,14.984263,*,F,6039.4862937638,37.08735672976985,1.5865331463088641e-06
HD 3229, ,0,35,32.8,-,0,30,20,114,-63,5.94,0.303,2.635,-0.011,3.803,-0.47,56,2.22,2.2,1.9,1.8,2.0,1.5,1.46,1.55,11.6,0.1,0.3,13,4009,0.482,6,143,-63,1,18.0,0.7,-26,-27,-20,8.01,-0.05,6.67,8.12,0.1,0.2,8.886666666666665,-0.5055555555555555,-10.340656,23.225498,-49.896366,PM*,F,6353.309318517436,25.423471908029008,1.1979788477114107e-07
HD 3255, ,0,35,50.1,+,16,34,10,118,-46,7.315,0.299,2.646,0.005,3.806,-0.46,95,2.42,1.92,2.1,1.9,2.3,1.43,1.37,1.49,-13.4,0.4,0.3,2,437,0.608,11,-36,-124,1,10.5,0.8,41,-33,-28,8.031,-0.069,5.99,8.76,0.19,0.36,8.95875,16.569444444444443,-30.981625,58.26796,-68.33728,PM*,F,6397.348354826482,65.99254692919666,1.5792436886436074e-07
HD 3268, ,0,35,54.8,+,13,12,25,117,-49,6.41,0.335,2.615,-0.013,3.786,-0.33,38,3.53,1.16,5.8,4.8,6.8,1.1,1.06,1.16,-23.3,0.2,0.3,3,355,0.398,5,-131,-177,2,26.6,0.9,40,-21,-1,8.011,-0.029,6.41,8.92,0.16,0.09,8.978333333333333,13.206944444444444,-11.31809,22.21301,-28.678965,PM*,F,6109.420249055721,24.930242167058868,7.318956230148521e-07
HD 3296, ,0,36,1.8,-,5,34,14,113,-68,6.723,0.3,2.651,-0.006,3.807,-0.06,47,3.35,0.62,2.5,1.7,3.0,1.3,1.26,1.35,10.3,0.4,0.2,2,339,0.717,14,228,-110,2,21.2,0.9,-33,-42,-22,8.007,-0.044,5.88,8.15,0.16,0.23,9.0075,-5.570555555555555,-6.8794127,16.20688,-43.57764,PM*,F,6412.095765851615,17.60651238693573,5.707542445871613e-07
HD 3302, ,0,35,41.1,-,48,0,3,310,-69,5.52,0.291,2.658,-0.004,3.813,-0.06,36,2.72,1.11,2.0,1.7,2.3,1.47,1.43,1.51,9.9,0.5,0.8,2,1062,0.212,19,47,-101,1,27.6,0.8,4,-21,-4,7.992,-0.034,6.97,8.09,0.07,0.06,8.921249999999999,-48.00083333333333,8.292761,-9.88293,-33.608894,PM*,F,6501.296903430909,12.901247629125681,2.390282048968422e-07
HD 3440, ,0,39,47.2,+,82,29,37,123,20,6.382,0.37,2.598,0.006,3.766,-0.5,32,3.84,1.44,9.4,8.0,10.7,0.98,0.95,1.01,-34.7,0.2,0.1,3,713,0.856,4,-112,77,1,31.0,0.5,34,-22,0,8.016,0.011,6.49,8.74,0.15,0.11,9.946666666666664,82.49361111111111,-16.377386,25.218962,10.944644,PM*,F,5834.451042737448,30.070164890642683,1.123179452715063e-06
HD 3598, ,0,38,27.3,-,45,54,4,310,-71,7.409,0.329,2.632,0.009,3.789,-0.45,80,2.89,1.83,3.8,3.4,4.4,1.19,1.15,1.3,-9.1,0.3,0.1,2,796,0.806,6,-30,61,1,12.5,0.8,-3,27,3,7.983,-0.076,7.97,10.27,0.13,0.19,9.61375,-45.90111111111111,16.741692,-19.951977,-75.64149,PM*,F,6151.7687270986835,26.045453292876147,3.023076588038178e-07
HD 3674, ,0,39,40.7,+,11,31,56,118,-51,7.431,0.338,2.627,0.0,3.787,-0.12,50,3.95,0.52,4.0,2.3,5.9,1.12,1.06,1.19,-0.2,0.3,0.2,2,1460,0.652,10,157,-13,1,20.1,0.9,-30,-21,-3,8.015,-0.039,6.89,8.22,0.09,0.07,9.919583333333332,11.532222222222224,-14.772401,27.782845,-38.8573,PM*,F,6123.503917247734,31.46601829909253,1.307522436604637e-06
HD 3689, ,0,38,17.7,-,73,57,45,304,-43,7.436,0.32,2.643,0.01,3.793,-0.34,61,3.51,1.03,3.6,2.9,6.3,1.13,1.07,1.22,46.0,0.3,0.1,2,407,0.927,8,-128,-109,2,16.4,0.7,60,-27,-9,7.975,-0.042,5.88,9.33,0.23,0.05,9.57375,-73.9625,24.947035,-36.985504,-41.6019,PM*,F,6208.690342300638,44.612577390521174,7.119494353822096e-07
HD 3708, ,0,39,43.6,-,11,9,2,113,-74,6.828,0.298,2.659,0.014,3.806,-0.4,72,2.53,1.76,2.2,2.0,2.4,1.42,1.37,1.47,24.8,0.4,0.6,2,1442,0.123,8,-59,-125,2,13.8,0.8,37,-18,-35,8.008,-0.07,6.65,8.93,0.15,0.51,9.931666666666665,-11.150555555555556,-7.754409,18.268242,-69.21084,PM*,F,6397.348354826482,19.8458944043811,1.8384386847322583e-07
HD 3735, ,0,39,57.8,-,33,57,41,322,-83,6.69,0.343,2.611,0.002,3.779,-0.5,41,3.6,1.38,7.0,5.8,8.1,1.04,1.0,1.08,-12.2,0.2,0.1,3,387,0.866,5,330,-108,2,24.1,0.8,-45,-51,11,7.996,-0.041,5.34,8.26,0.21,0.29,9.990833333333333,-33.96138888888889,3.9374082,-3.0762396,-40.694393,PM*,F,6011.737374832779,4.996642213530542,8.062117992321641e-07
HD 3770, ,0,40,24.4,-,7,39,24,115,-70,7.44,0.356,2.616,0.004,3.776,-0.2,59,3.59,1.21,6.2,5.2,7.4,1.11,1.06,1.16,-9.0,0.1,0.3,7,2115,0.569,4,131,-103,2,17.0,0.9,-15,-45,-3,8.008,-0.055,5.8,8.02,0.16,0.08,10.101666666666665,-7.656666666666667,-8.528095,18.288557,-55.441864,PM*,F,5970.352865838366,20.179190307623198,7.951501586565117e-07
HD 3790, ,0,40,52.7,+,31,6,59,120,-32,7.603,0.291,2.646,-0.01,3.808,-0.28,57,3.82,0.32,2.6,0.0,4.1,1.16,1.1,1.22,12.0,0.9,1.3,2,315,0.283,30,143,40,2,17.5,0.9,-41,-7,1,8.025,-0.03,7.28,8.79,0.09,0.14,10.21958333333333,31.11638888888889,-24.169374,41.862576,-30.205399,PM*,F,6426.877173170194,48.338741283856905,1.0925696944319081e-06
HD 3801, ,0,41,34.6,+,65,52,5,122,3,6.954,0.355,0.0,0.0,3.777,-0.23,48,3.57,1.23,6.3,5.3,7.2,1.11,1.07,1.15,3.6,0.3,0.1,2,971,0.699,3,73,-59,1,21.0,0.7,-16,-5,-14,8.025,0.003,7.9,8.18,0.02,0.1,10.394166666666663,65.86805555555554,-25.40127,40.650517,2.512126,PM*,F,5984.115950603199,47.93421585861387,7.73480109318936e-07
HD 3861, ,0,41,11.8,+,9,21,18,119,-53,6.529,0.333,2.63,-0.006,3.79,-0.01,33,3.91,0.39,3.4,1.5,4.6,1.17,1.12,1.23,-15.2,0.3,0.4,2,699,0.228,2,-122,-104,1,30.0,0.8,28,-9,3,8.01,-0.027,7.07,8.9,0.11,0.16,10.299166666666666,9.355,-9.628266,17.369854,-26.354973,PM*,F,6165.9500186148225,19.859892601624814,1.2372263188348547e-06
HD 3914, ,0,42,1.4,+,40,41,17,121,-22,7.028,0.311,0.0,0.0,3.799,-0.24,49,3.58,0.73,3.4,2.6,4.1,1.18,1.11,1.24,-3.6,0.4,0.1,2,1005,0.852,13,-12,-63,1,20.4,1.0,7,-6,-12,8.023,-0.018,7.61,8.44,0.05,0.08,10.505833333333332,40.68805555555555,-23.399216,38.942833,-18.355722,PM*,F,6295.061828571975,45.432010207347695,7.842402894793196e-07
HD 4132, ,0,44,48.0,+,67,9,29,122,4,6.903,0.319,0.0,0.0,3.797,-0.13,46,3.6,0.66,3.3,2.4,4.1,1.21,1.15,1.26,8.2,0.4,0.1,2,966,0.942,15,216,-59,2,21.8,0.6,-44,-17,-13,8.024,0.003,6.86,8.6,0.11,0.09,11.199999999999998,67.15805555555556,-24.316914,38.915184,3.2087977,PM*,F,6266.138646723356,45.88794887807966,8.062117992321641e-07
HD 4219, ,0,44,27.6,-,13,24,56,116,-76,7.583,0.323,2.613,-0.024,3.792,-0.33,72,3.28,1.27,4.7,2.8,5.5,1.16,1.11,1.25,-17.2,0.2,0.2,2,389,0.569,8,76,-30,2,13.8,1.0,-15,-26,13,8.008,-0.07,6.8,8.02,0.08,0.33,11.114999999999998,-13.415555555555557,-7.6357136,15.655534,-69.86129,PM*,F,6194.410750767812,17.418377278219143,5.181424209225667e-07
HD 4295, ,0,46,38.5,+,69,19,31,123,6,6.387,0.281,0.0,0.0,3.815,-0.32,41,3.34,0.68,2.7,1.9,3.2,1.25,1.2,1.29,-13.5,0.5,0.5,2,816,0.454,15,167,15,2,24.6,0.6,-20,-29,1,8.022,0.005,6.61,8.06,0.1,0.12,11.660416666666666,69.32527777777777,-22.207874,34.197124,4.285667,PM*,F,6531.305526474723,40.77539647227544,5.629232027732556e-07
HD 4304, ,0,44,59.9,-,53,42,53,305,-63,6.15,0.337,2.629,-0.001,3.79,-0.01,45,2.87,1.43,2.5,2.3,2.7,1.44,1.4,1.47,14.8,0.2,0.2,2,1528,0.54,6,225,2,2,22.1,0.6,-37,-30,-15,7.988,-0.04,6.35,8.24,0.13,0.12,11.24958333333333,-53.71472222222223,11.71792,-16.73493,-40.095295,PM*,F,6165.9500186148225,20.42957491558011,2.9406893582792726e-07
HD 4309, ,0,44,7.7,-,74,15,55,304,-43,7.576,0.321,2.651,0.012,3.798,-0.07,99,2.6,1.58,2.1,1.9,2.4,1.48,1.42,1.54,25.5,0.3,0.1,2,332,0.766,13,104,-36,2,10.1,0.7,-25,-52,-7,7.96,-0.067,5.41,8.01,0.19,0.07,11.03208333333333,-74.26527777777778,40.487812,-60.02565,-67.51783,PM*,F,6280.58358813318,72.40401631449627,2.025112479414196e-07
HD 4322, ,0,46,3.2,+,40,48,32,122,-22,7.572,0.332,0.0,0.0,3.788,-0.29,61,3.65,0.96,4.0,3.0,7.2,1.1,1.05,1.17,1.2,0.3,0.2,2,1013,0.577,5,89,-59,1,16.4,1.0,-19,-18,-17,8.03,-0.023,7.22,8.08,0.06,0.14,11.513333333333334,40.80888888888889,-29.971294,47.964085,-22.851002,PM*,F,6137.620051647939,56.558217032732394,8.638715069876107e-07
HD 4568, ,0,47,54.8,+,20,55,31,122,-42,6.515,0.328,2.639,0.003,3.796,0.0,57,2.72,1.43,2.2,2.0,2.5,1.47,1.42,1.52,0.0,0.3,0.3,2,439,0.499,10,160,15,1,17.4,0.9,-38,-21,2,8.023,-0.038,6.79,8.39,0.11,0.15,11.978333333333332,20.92527777777778,-22.44699,35.92268,-38.140446,PM*,F,6251.726927756856,42.3592528078872,2.390282048968422e-07
HD 4756, ,0,49,58.5,+,34,58,27,123,-28,7.263,0.379,0.0,0.0,3.771,-0.13,97,2.33,2.52,2.5,2.0,2.9,1.54,1.36,1.59,-11.1,0.4,0.3,2,2111,0.58,16,-65,-17,2,10.3,0.9,33,5,-2,8.046,-0.045,7.36,9.61,0.13,0.1,12.49375,34.97416666666667,-46.646107,71.828705,-45.538742,PM*,F,5902.010801718442,85.64591152082203,1.3945983593040382e-07
HD 4785, ,0,49,11.7,-,53,46,27,304,-63,7.553,0.315,2.631,-0.008,3.795,-0.24,51,4.0,0.4,3.8,1.2,5.6,1.11,1.05,1.17,3.5,0.3,0.3,4,1385,0.8,18,-69,-36,2,19.5,0.8,19,1,1,7.987,-0.046,7.5,8.99,0.09,0.13,12.298749999999998,-53.774166666666666,12.947283,-19.195137,-45.441334,PM*,F,6237.348354824191,23.15351855616891,1.4010355328531804e-06
HD 4813, ,0,50,7.5,-,10,38,39,122,-74,5.177,0.33,2.621,-0.012,3.789,-0.12,15,4.23,0.2,2.6,0.0,5.9,1.1,1.04,1.17,8.1,0.1,0.4,17,4550,0.331,4,-225,-229,1,64.7,1.0,21,-2,-13,8.002,-0.015,7.39,8.92,0.09,0.09,12.531249999999998,-10.644166666666669,-2.190984,3.5063064,-14.418925,PM*,F,6151.7687270986835,4.134561096287847,1.9250816306242964e-06
HD 4903, ,0,51,24.8,+,32,39,25,123,-30,7.275,0.349,0.0,0.0,3.782,-0.04,53,3.65,0.86,3.7,3.1,4.3,1.15,1.1,1.25,5.9,0.3,0.4,2,2147,0.441,7,-102,-86,2,18.8,0.9,25,9,-22,8.025,-0.027,7.57,9.6,0.12,0.24,12.85333333333333,32.65694444444444,-24.998575,38.49443,-26.5,PM*,F,6053.408747539136,45.899345235586146,8.638715069876107e-07
HD 5028, ,0,50,52.4,-,71,9,5,303,-46,6.859,0.305,2.636,-0.004,3.799,-0.4,39,3.91,0.54,3.8,1.6,5.2,1.09,1.04,1.16,8.1,1.7,2.4,2,1419,0.21,35,-14,38,1,25.7,0.6,2,1,-11,7.985,-0.028,7.83,8.55,0.04,0.06,12.718333333333332,-71.15138888888889,14.755187,-22.720991,-28.054253,*,F,6295.061828571975,27.091677235399253,1.2372263188348547e-06
HD 5036, ,0,52,28.1,+,21,24,35,123,-41,7.285,0.31,2.658,0.009,3.804,0.0,93,2.43,1.54,1.9,1.6,2.1,1.54,1.47,1.62,4.2,0.8,1.1,2,441,0.22,26,60,-61,1,10.7,1.0,-14,-27,-23,8.038,-0.062,6.77,8.05,0.09,0.25,13.117083333333332,21.40972222222222,-38.227123,58.864605,-61.01349,PM*,F,6367.955209079156,70.1879950893538,1.601213156768543e-07
HD 5057, ,0,52,13.1,-,21,6,28,125,-84,7.634,0.314,2.636,-0.001,3.799,-0.24,86,2.96,1.35,2.6,2.3,3.1,1.32,1.23,1.39,13.6,0.3,0.4,2,907,0.263,7,-42,-52,2,11.6,1.1,25,-7,-16,8.005,-0.086,7.18,8.85,0.1,0.17,13.054583333333332,-21.10777777777778,-5.1561337,7.363721,-85.528885,PM*,F,6295.061828571975,8.989443903719334,3.3300376974783855e-07
HD 5308, ,0,55,6.9,+,23,24,58,124,-39,7.591,0.321,2.621,-0.015,3.793,-0.38,79,3.11,1.46,4.3,2.7,5.0,1.17,1.12,1.29,-6.8,0.3,0.6,4,1802,0.334,8,-14,46,1,12.7,0.9,1,8,18,8.034,-0.05,7.95,9.04,0.06,0.43,13.77875,23.41611111111111,-34.331383,50.898376,-49.71631,*,F,6208.690342300638,61.394531825970176,4.096841384835628e-07
HD 5388, ,0,55,11.8,-,47,24,21,301,-70,6.733,0.323,2.629,-0.002,3.792,-0.36,53,3.1,1.47,4.3,2.7,4.9,1.18,1.13,1.31,39.2,0.2,0.2,3,359,0.655,5,-81,-179,1,18.8,1.0,47,-35,-22,7.99,-0.05,5.78,8.83,0.21,0.25,13.799166666666665,-47.40583333333333,9.336126,-15.537931,-49.803707,PM*,F,6194.410750767812,18.12706673592385,4.0406306137483407e-07
HD 5435, ,0,56,2.1,-,3,44,16,126,-67,7.409,0.284,2.658,-0.002,3.819,-0.14,145,1.6,2.18,1.3,1.1,1.5,1.73,1.64,1.86,1.3,1.9,0.0,1,0,0.0,5,29,-6,1,6.4,0.9,-15,-14,-3,8.034,-0.133,7.49,8.06,0.04,0.15,14.00875,-3.7377777777777776,-33.301575,45.835686,-133.47319,*,F,6591.738952443213,56.656023585945576,5.086852559321254e-08
HD 5442, ,0,56,8.3,-,8,1,24,126,-71,7.44,0.347,2.616,0.0,3.785,-0.13,108,2.28,2.25,2.0,1.8,2.4,1.54,1.44,1.63,3.8,0.6,0.8,2,1118,0.073,13,0,-28,2,9.3,0.9,7,-10,-8,8.021,-0.102,7.46,8.31,0.05,0.1,14.034583333333332,-8.023333333333333,-20.667328,28.446136,-102.116005,*,F,6095.368972401694,35.161358050992284,1.3015149167049192e-07
HD 5651, ,0,58,26.4,+,24,31,19,125,-38,7.333,0.326,2.635,0.005,3.791,-0.26,93,2.5,2.01,2.2,2.0,2.5,1.45,1.38,1.52,2.8,1.0,0.0,1,0,0.0,4,-87,-25,1,10.8,0.8,34,17,-11,8.042,-0.057,7.53,10.33,0.16,0.1,14.609999999999998,24.521944444444443,-42.034557,60.03156,-57.25652,PM*,F,6180.164001384158,73.28500650351236,1.763799235135453e-07
HD 5694, ,0,58,42.4,+,4,12,20,126,-59,7.573,0.317,2.621,-0.024,3.797,-0.14,61,3.63,0.63,3.3,2.4,4.2,1.2,1.13,1.25,-19.4,0.3,0.1,2,392,0.895,8,47,1,2,16.3,0.9,-5,-16,17,8.019,-0.052,7.41,8.04,0.04,0.4,14.676666666666666,4.205555555555556,-18.466639,25.417149,-52.287205,*,F,6266.138646723356,31.41732355316923,8.403286101222213e-07
HD 5728, ,0,59,32.2,+,48,57,58,124,-14,6.891,0.277,2.675,0.006,3.818,-0.21,58,3.08,0.78,2.2,1.8,2.7,1.33,1.28,1.38,-0.6,0.5,0.7,2,618,0.308,19,22,-30,2,17.3,0.8,-4,-6,-8,8.032,-0.014,7.87,8.17,0.02,0.01,14.884166666666664,48.96611111111111,-31.46978,46.655876,-14.03147,*,F,6576.578373554205,56.27715183425487,3.9305122118319165e-07
HD 5750, ,0,59,35.8,+,32,29,31,125,-30,7.012,0.313,2.626,0.001,3.794,-0.57,43,3.84,0.86,4.3,2.3,6.6,1.05,0.99,1.12,23.6,0.3,0.1,2,357,0.965,9,347,-41,1,0.0,0.0,-68,-26,-17,8.021,-0.022,6.12,9.05,0.19,0.15,14.899166666666664,32.49194444444444,-21.359467,30.504475,-21.5,PM*,F,6223.002851691595,37.23909002043033,1.123179452715063e-06
HD 6225, ,1,3,57.4,+,48,51,40,125,-14,7.181,0.29,2.668,0.01,3.812,-0.23,60,3.29,0.72,2.6,2.0,3.1,1.27,1.22,1.32,9.5,0.2,0.4,5,2494,0.744,13,114,-48,2,16.7,0.9,-31,-14,-14,8.033,-0.014,7.25,8.34,0.07,0.1,15.989166666666668,48.86111111111112,-33.39233,47.689182,-14.515314,PM*,F,6486.344335482381,58.21774456862808,5.253505000065582e-07
HD 6301, ,1,4,27.6,+,29,39,31,126,-33,6.19,0.294,2.651,-0.006,3.81,-0.15,42,3.07,0.91,2.4,2.0,2.8,1.34,1.3,1.39,-3.2,0.5,0.8,2,344,0.263,20,84,-115,1,23.8,0.9,-6,-23,-17,8.021,-0.023,6.99,8.03,0.07,0.14,16.115,29.65861111111111,-20.704243,28.496946,-22.87484,PM*,F,6456.542290346556,35.22416229706485,3.8765835625527745e-07
HD 6478, ,1,5,56.5,+,15,22,56,128,-47,7.215,0.229,2.7,-0.01,3.851,0.18,99,2.24,0.68,0.9,0.7,1.1,1.69,1.6,1.79,-14.1,1.2,2.4,4,1092,0.013,40,28,-74,1,0.0,0.0,9,-37,-12,8.041,-0.073,6.17,8.15,0.14,0.11,16.485416666666662,15.382222222222223,-41.568127,53.204777,-72.404015,PM*,F,7095.777679633888,67.51783081459192,1.2315417802581031e-07
HD 6566, ,1,6,36.5,+,13,53,4,129,-49,7.221,0.281,2.675,0.007,3.816,-0.15,58,3.4,0.45,2.2,1.2,2.9,1.28,1.24,1.33,6.2,1.3,1.8,2,803,0.218,35,52,-40,1,17.2,0.8,-10,-12,-11,8.024,-0.044,7.61,8.02,0.03,0.07,16.652083333333334,13.884444444444444,-23.946533,29.571512,-43.773155,PM*,F,6546.361740672747,38.051422636824405,6.11574191621451e-07
HD 6680, ,1,8,1.3,+,32,0,43,127,-31,6.25,0.268,2.677,-0.002,3.826,-0.05,42,3.14,0.4,1.6,0.8,2.1,1.38,1.34,1.43,-16.2,5.3,0.0,1,0,0.0,35,204,-29,1,23.9,0.8,-23,-37,6,8.022,-0.021,6.19,8.08,0.13,0.2,17.00541666666666,32.011944444444445,-21.665962,28.751696,-21.6316,PM*,F,6698.846094165266,36.00102682232633,4.2702091808739836e-07
HD 6714, ,1,8,15.3,+,28,52,4,127,-34,6.865,0.242,2.692,-0.002,3.841,-0.06,83,2.28,0.99,1.3,1.1,1.5,1.61,1.54,1.67,-29.3,1.0,0.6,3,840,0.846,50,-44,-89,2,12.1,0.9,39,-26,-14,8.042,-0.046,6.28,8.81,0.17,0.11,17.06375,28.86777777777778,-41.41097,54.9542,-46.41301,PM*,F,6934.258060165695,68.81011941554019,1.3015149167049192e-07
HD 6847, ,1,9,22.9,+,22,54,35,128,-40,7.543,0.286,2.66,0.001,3.814,-0.26,99,2.56,1.43,2.0,1.8,2.3,1.43,1.37,1.5,37.4,0.4,0.1,2,362,0.916,14,70,49,1,10.1,0.8,-52,17,-4,8.047,-0.063,7.57,10.23,0.15,0.09,17.34541666666666,22.90972222222222,-46.690784,59.76148,-63.63597,PM*,F,6516.283940608428,75.83840585300469,1.9162366839673378e-07
HD 6920, ,1,10,18.7,+,42,4,53,127,-21,5.673,0.386,2.598,-0.005,3.763,-0.3,53,2.07,3.12,0.0,0.0,0.0,0.0,0.0,0.0,-14.4,0.1,0.3,19,3549,0.922,11,-135,-40,1,19.0,0.7,37,5,-7,8.029,-0.019,7.27,9.74,0.14,0.02,17.577916666666667,42.081388888888895,-29.777666,39.51629,-18.993502,PM*,F,5794.286964268809,49.479759172530905,9.737537651389374e-08
HD 7048, ,1,10,43.0,-,4,50,31,135,-67,7.316,0.258,2.679,0.001,3.832,-0.2,118,1.96,1.6,1.4,1.2,1.6,1.65,1.56,1.74,-15.1,0.8,1.1,3,299,0.469,35,-27,7,2,8.5,0.9,15,7,14,8.032,-0.108,7.73,9.27,0.09,0.38,17.679166666666667,-4.841944444444444,-32.602066,32.602066,-108.61957,*,F,6792.036326171843,46.10628389858276,8.364676508711352e-08
HD 7193, ,1,12,19.1,+,12,16,54,131,-50,6.891,0.323,2.622,-0.006,3.79,-0.32,34,4.25,0.34,3.7,0.0,7.1,1.05,0.99,1.12,-1.3,0.3,0.3,2,381,0.584,9,-86,-51,1,29.6,0.8,15,2,-5,8.014,-0.026,7.62,8.94,0.08,0.04,18.07958333333333,12.281666666666668,-14.338023,16.494013,-26.045511,PM*,F,6165.9500186148225,21.854779074442686,1.979015291505665e-06
HD 7218, ,1,12,30.6,+,2,28,17,133,-60,6.547,0.306,2.649,0.004,3.803,-0.23,52,2.96,1.25,2.6,2.3,2.8,1.34,1.29,1.39,3.7,0.3,0.3,4,2890,0.744,16,-176,-107,1,19.2,0.9,46,7,-20,8.018,-0.045,7.13,10.13,0.17,0.22,18.1275,2.471388888888889,-17.731955,19.015194,-45.033325,PM*,F,6353.309318517436,25.999996749608663,3.3300376974783855e-07
HD 7228, ,1,13,2.3,+,33,9,17,128,-30,7.413,0.344,2.615,-0.009,3.782,-0.28,61,3.5,1.23,5.8,4.7,6.9,1.11,1.06,1.17,-21.1,0.3,0.3,2,392,0.363,7,-109,-79,1,16.5,1.0,42,-7,-12,8.033,-0.03,6.89,9.4,0.15,0.08,18.25958333333333,33.15472222222222,-32.523888,41.628677,-30.5,PM*,F,6053.408747539136,52.8275500038273,7.021811229241964e-07
HD 7238, ,1,16,30.8,+,79,54,36,124,17,6.266,0.288,2.65,-0.001,3.813,-0.37,72,1.97,2.14,1.6,1.5,1.7,1.61,1.56,1.66,-42.3,1.3,1.2,2,329,0.52,60,-49,60,2,13.8,0.5,41,-28,6,8.039,0.021,6.2,8.86,0.18,0.2,19.12833333333333,79.91000000000001,-38.502632,57.082508,21.050762,PM*,F,6501.296903430909,68.85394244701959,8.481040750186614e-08
HD 7257, ,1,12,34.2,-,20,27,31,160,-82,7.639,0.31,2.654,0.009,3.799,-0.23,59,3.78,0.52,3.5,2.1,4.5,1.15,1.08,1.21,3.3,0.4,0.6,2,915,0.12,10,-68,-34,2,16.9,1.1,21,3,-6,8.008,-0.059,7.54,9.15,0.1,0.06,18.1425,-20.45861111111111,-7.7160163,2.8084009,-58.425816,PM*,F,6295.061828571975,8.211213257307747,1.0338300462535406e-06
HD 7284, ,1,14,10.5,+,58,48,44,126,-4,7.177,0.341,0.0,0.0,3.783,-0.21,43,4.01,0.64,5.1,3.2,7.1,1.07,1.02,1.13,-11.1,0.5,0.7,2,1361,0.17,9,19,-47,2,23.3,0.9,3,-12,-8,8.025,-0.003,7.44,8.19,0.05,0.02,18.54375,58.81222222222222,-25.213198,34.70299,-2.9995282,PM*,F,6067.363295885053,42.89525461315394,1.4205258785814954e-06
HD 7334, ,1,14,1.4,+,34,29,33,128,-28,7.047,0.372,0.0,0.0,3.773,-0.08,79,2.57,2.19,2.4,2.1,3.3,1.48,1.35,1.55,-28.2,0.5,0.7,2,2111,0.045,6,70,-8,1,12.7,0.9,-5,-36,13,8.043,-0.037,6.29,8.05,0.12,0.32,18.50583333333333,34.4925,-42.944153,54.966007,-37.088253,PM*,F,5929.2532458,69.75286519141316,1.9428941916407797e-07
HD 7355, ,1,13,51.6,+,5,8,30,133,-57,7.697,0.363,2.634,0.021,3.792,0.23,92,2.79,1.26,2.3,1.8,2.9,1.47,1.4,1.56,-7.4,0.4,0.5,2,392,0.117,3,60,-22,1,10.9,1.1,-14,-25,3,8.034,-0.077,6.87,8.04,0.08,0.17,18.465,5.141666666666668,-34.17275,36.645786,-77.15769,PM*,F,6194.410750767812,50.10679069866974,2.632989637829915e-07
HD 7442, ,1,12,10.5,-,73,54,25,301,-43,7.173,0.377,2.621,0.022,3.782,0.03,62,3.11,1.34,2.8,2.5,4.1,1.37,1.33,1.42,-26.1,0.2,0.2,2,1044,0.519,5,99,32,2,16.1,0.6,-37,4,14,7.977,-0.042,7.59,9.11,0.09,0.36,18.04375,-73.90694444444445,23.353842,-38.86734,-42.283894,PM*,F,6053.408747539136,45.343930738705964,4.096841384835628e-07
HD 7449, ,1,14,29.3,-,5,2,50,138,-67,7.51,0.367,2.604,0.0,3.768,-0.29,38,4.58,0.49,8.7,3.5,12.8,0.95,0.89,1.02,-20.0,0.2,0.3,6,3997,0.719,3,-162,-137,1,26.0,0.8,42,-7,6,8.011,-0.035,6.84,9.38,0.16,0.22,18.62208333333333,-5.047222222222223,-11.034054,9.935109,-34.979183,PM*,F,5861.3816451402845,14.84778564354958,3.122116826786679e-06
HD 7458, ,1,16,4.4,+,61,54,26,126,-1,7.325,0.279,0.0,0.0,3.814,-0.44,59,3.48,0.67,2.8,1.8,3.5,1.19,1.14,1.24,-14.4,0.4,0.5,2,341,0.423,13,-58,-56,3,17.0,0.8,20,-3,-17,8.034,-0.001,7.41,8.9,0.09,0.15,19.01833333333333,61.907222222222224,-34.67405,47.724735,-1.0296919,PM*,F,6516.283940608428,58.99101689429269,6.830447379131052e-07
HD 7495, ,1,14,54.3,-,15,49,7,150,-77,7.348,0.299,2.639,-0.009,3.805,-0.3,52,3.79,0.44,3.1,1.1,4.3,1.15,1.09,1.21,3.9,0.2,0.3,4,1448,0.62,10,118,-27,2,19.4,1.5,-21,-21,-3,8.01,-0.05,6.99,8.07,0.07,0.08,18.72625,-15.81861111111111,-10.130293,5.8487277,-50.667244,PM*,F,6382.634861905489,11.697454935779676,1.0482120548131445e-06
HD 7659, ,1,16,50.3,+,21,3,6,131,-41,7.03,0.273,2.683,0.008,3.822,-0.08,61,3.12,0.54,1.8,1.2,2.3,1.37,1.32,1.42,-2.8,0.4,0.5,2,1798,0.449,13,73,-76,1,16.5,0.8,-8,-26,-12,8.03,-0.04,6.78,8.03,0.08,0.08,19.20958333333333,21.051666666666662,-30.203173,34.744785,-40.0196,PM*,F,6637.43070401909,46.03728645309315,4.1538341256420695e-07
HD 7660, ,1,16,35.9,+,2,44,5,135,-60,7.573,0.232,2.718,0.017,3.845,-0.17,89,2.82,0.48,1.4,0.8,1.7,1.43,1.36,1.5,-4.1,0.5,0.7,3,358,0.378,20,62,-27,1,11.2,1.2,-14,-25,0,8.032,-0.077,6.86,8.04,0.08,0.14,19.14958333333333,2.7347222222222225,-31.46625,31.46625,-77.07626,PM*,F,6998.419960022738,44.4999975070224,2.744410990922079e-07
HD 8070, ,1,20,2.9,-,9,53,1,146,-71,6.652,0.278,2.669,0.003,3.817,-0.29,49,3.21,0.74,2.5,1.9,2.9,1.28,1.23,1.33,15.5,0.8,1.1,2,1305,0.162,25,28,-75,2,20.5,0.9,0,-14,-19,8.013,-0.046,7.39,8.1,0.05,0.19,20.01208333333333,-9.88361111111111,-13.225501,8.920716,-46.33041,PM*,F,6561.452663029057,15.952838325942409,4.70380327269733e-07
HD 8178, ,1,19,58.3,-,57,20,56,295,-59,7.42,0.281,2.662,-0.005,3.818,-0.15,164,1.35,2.46,1.1,1.0,1.3,1.85,1.73,1.94,11.9,0.7,1.3,3,677,0.091,27,46,40,2,6.1,0.7,-43,-6,-21,7.964,-0.141,7.23,8.82,0.1,0.27,19.992916666666662,-57.348888888888894,35.69697,-76.55242,-140.57544,PM*,F,6576.578373554205,84.46624577331053,3.6012158251551364e-08
HD 8241, ,1,19,45.3,-,68,53,53,299,-48,7.064,0.322,2.652,0.016,3.795,-0.18,53,3.43,0.92,3.3,2.8,3.6,1.23,1.14,1.28,9.3,0.6,0.8,2,1117,0.019,9,12,120,2,18.8,0.6,-15,10,-26,7.983,-0.04,7.97,9.06,0.06,0.31,19.93875,-68.89805555555556,17.193249,-31.017445,-39.386677,PM*,F,6237.348354824191,35.46392118060305,6.37454439294158e-07
HD 8248, ,1,22,2.4,+,15,47,21,134,-46,7.355,0.313,2.657,0.013,3.804,-0.03,139,1.64,2.36,1.3,1.1,1.6,1.77,1.66,1.87,6.6,0.3,0.4,2,361,0.27,7,53,-39,2,7.2,0.9,-21,-33,-18,8.066,-0.101,6.41,8.11,0.12,0.19,20.51,15.789166666666668,-67.07448,69.45767,-99.98823,PM*,F,6367.955209079156,96.55751544597292,5.375874851478992e-08
HD 8316, ,1,19,20.9,-,76,8,56,301,-41,7.567,0.334,2.641,0.018,3.79,-0.26,106,2.43,2.1,2.1,1.9,2.3,1.47,1.4,1.54,22.0,0.2,0.3,2,675,0.403,6,39,6,2,9.4,0.6,-9,-24,-15,7.959,-0.07,6.84,7.96,0.08,0.13,19.83708333333333,-76.14888888888889,41.202625,-68.57272,-69.54226,*,F,6165.9500186148225,79.99921396544485,1.601213156768543e-07
HD 8442, ,1,23,50.8,+,17,49,6,134,-44,6.586,0.273,2.68,0.006,3.82,-0.15,49,3.13,0.63,2.1,1.5,2.5,1.34,1.3,1.39,-13.0,0.4,0.0,1,0,0.0,3,76,-41,1,20.4,0.8,-4,-23,5,8.024,-0.034,6.95,8.04,0.07,0.18,20.961666666666662,17.81833333333333,-24.485071,25.35504,-34.03826,PM*,F,6606.934480075957,35.247648932611675,4.2116197144500654e-07
HD 8483, ,1,23,50.8,-,5,49,8,144,-67,7.654,0.344,2.614,-0.006,3.781,-0.33,63,3.65,1.15,6.6,5.3,7.8,1.08,1.03,1.13,-15.9,0.2,0.2,4,833,0.71,3,-66,-191,2,15.8,0.9,50,-36,-10,8.02,-0.058,5.72,8.92,0.22,0.08,20.961666666666662,-5.818888888888889,-19.914816,14.468961,-57.991802,PM*,F,6039.4862937638,24.616066475645066,8.638715069876107e-07
HD 8574, ,1,25,12.5,+,28,34,0,132,-34,7.135,0.361,2.597,-0.017,3.774,-0.23,44,3.91,0.96,8.2,5.7,9.6,1.04,0.99,1.1,18.6,0.2,0.1,3,91,0.895,3,253,-158,2,22.6,0.8,-44,-37,-31,8.025,-0.025,6.03,8.35,0.16,0.39,21.30208333333333,28.566666666666663,-24.408318,27.108177,-24.604488,PM*,F,5942.921586155727,36.4776540892154,1.2372263188348547e-06
HD 8581, ,1,24,12.3,-,31,48,43,248,-81,6.857,0.363,2.615,0.011,3.773,-0.26,50,3.36,1.56,5.5,4.8,6.3,1.15,1.09,1.22,19.6,0.2,0.2,3,4072,0.564,5,166,-77,2,20.0,0.9,-22,-40,-14,8.003,-0.049,6.01,8.04,0.14,0.1,21.05125,-31.81194444444445,-2.930071,-7.252176,-49.38442,PM*,F,5929.2532458,7.82172441345366,5.786942270444603e-07
HD 8671, ,1,26,18.6,+,43,27,27,130,-19,6.0,0.326,2.615,-0.027,3.792,-0.21,41,2.92,1.52,2.6,2.3,3.9,1.37,1.31,1.41,31.2,0.3,0.1,2,1477,0.793,6,108,-59,1,24.2,0.7,-34,6,-18,8.025,-0.013,7.72,9.17,0.09,0.17,21.5775,43.4575,-24.918474,29.69668,-13.348293,PM*,F,6194.410750767812,38.76626303257868,3.1510054181030334e-07
HD 8673, ,1,26,8.7,+,34,34,46,131,-28,6.31,0.314,2.651,0.005,3.801,-0.06,38,3.39,0.71,2.8,2.1,3.3,1.28,1.24,1.33,17.3,0.5,0.4,4,2111,0.878,30,238,-87,1,26.1,0.8,-41,-21,-16,8.022,-0.018,6.74,8.46,0.11,0.13,21.53625,34.57944444444445,-22.012094,25.322023,-17.83992,PM*,F,6324.118513762197,33.552006364409344,6.031830791377278e-07
HD 8710, ,1,26,43.1,+,43,41,30,130,-19,6.889,0.25,0.0,0.0,3.836,-0.14,62,2.92,0.51,1.5,1.0,2.0,1.42,1.37,1.47,14.0,1.0,1.6,3,1029,0.379,80,134,-39,1,16.1,0.8,-39,-17,-10,8.038,-0.02,6.96,8.48,0.1,0.04,21.679583333333333,43.69166666666666,-37.681595,44.907173,-20.185225,PM*,F,6854.882264526614,58.6221527120589,3.1510054181030334e-07
HD 8745, ,1,26,53.8,+,37,29,31,131,-25,7.523,0.343,0.0,0.0,3.784,-0.18,54,3.87,0.73,4.4,3.0,7.3,1.09,1.04,1.16,-8.4,0.2,0.3,6,1895,0.613,4,-14,-82,2,18.6,0.9,11,-12,-16,8.032,-0.023,7.3,8.38,0.07,0.13,21.724166666666665,37.49194444444444,-32.107933,36.93596,-22.821386,PM*,F,6081.350012787177,48.94062221359767,1.1707095199013407e-06
HD 8774, ,1,27,6.3,+,34,22,39,131,-28,6.27,0.296,2.656,-0.01,3.813,0.19,43,3.13,0.48,1.7,1.1,2.2,1.46,1.4,1.5,13.7,0.8,1.1,2,358,0.046,19,162,-6,2,23.5,0.8,-34,-11,-3,8.025,-0.02,7.3,8.46,0.07,0.07,21.776249999999997,34.3775,-24.908422,28.653868,-20.187277,PM*,F,6501.296903430909,37.96674384104473,4.2116197144500654e-07
HD 8907, ,1,28,34.3,+,42,16,3,130,-20,6.643,0.336,0.0,0.0,3.785,-0.31,34,3.98,0.71,5.1,3.5,6.6,1.06,1.01,1.11,8.8,0.4,0.2,2,1477,0.757,14,52,-99,1,29.3,0.7,-10,-4,-17,8.021,-0.012,8.02,8.08,0.0,0.14,22.142916666666665,42.2675,-20.536776,24.474773,-11.628684,PM*,F,6095.368972401694,31.949549008956367,1.3628534249958125e-06
HD 8941, ,1,28,24.3,+,17,4,45,135,-45,6.604,0.334,2.632,0.004,3.791,-0.12,50,3.11,1.27,2.8,2.5,4.2,1.34,1.28,1.38,9.1,0.3,0.5,2,361,0.271,13,118,-35,1,20.0,0.8,-24,-17,-8,8.025,-0.035,7.18,8.15,0.06,0.04,22.10125,17.079166666666666,-25.0,25.0,-35.35534,PM*,F,6180.164001384158,35.35533905932738,4.096841384835628e-07
HD 8995, ,1,29,26.4,+,42,16,54,130,-20,7.181,0.305,2.637,-0.006,3.8,-0.34,45,3.89,0.49,3.5,1.5,5.0,1.11,1.06,1.18,-6.6,0.5,0.7,2,357,0.154,13,138,-61,2,22.0,0.8,-18,-27,-6,8.028,-0.016,6.71,8.06,0.09,0.03,22.36,42.281666666666666,-27.181025,32.39308,-15.390905,PM*,F,6309.57344480193,42.28616501808866,1.203508466830401e-06
HD 9024, ,1,29,3.0,+,7,17,38,139,-54,6.547,0.231,2.706,0.002,3.849,0.01,70,2.32,0.76,1.1,0.9,1.4,1.62,1.57,1.68,-6.7,0.9,1.6,3,764,0.218,80,-28,-56,1,14.3,0.8,18,-10,-6,8.031,-0.057,7.24,8.61,0.09,0.06,22.2625,7.293888888888889,-31.052504,26.993525,-56.63119,PM*,F,7063.175542629623,41.1449680592371,1.3754637524765194e-07
HD 9061, ,1,28,57.4,-,17,56,14,168,-77,6.656,0.301,2.654,0.011,3.806,-0.36,78,2.21,2.05,1.9,1.7,2.1,1.52,1.46,1.58,-3.5,0.2,0.1,2,766,0.826,9,72,-5,1,12.9,0.9,-19,-18,7,8.017,-0.076,7.24,8.07,0.05,0.23,22.239166666666662,-17.93722222222222,-17.162756,3.6480546,-76.00086,PM*,F,6397.348354826482,17.546181803461323,1.1815419617178787e-07
HD 9091, ,1,29,48.6,+,23,41,25,134,-38,7.623,0.37,2.595,0.002,3.766,-0.46,46,4.31,0.94,11.5,6.1,14.4,0.92,0.86,1.0,-50.8,0.3,0.1,2,374,0.985,3,-49,-49,1,21.7,1.1,39,-28,22,8.025,-0.029,6.22,8.81,0.17,0.52,22.4525,23.690277777777776,-25.180319,26.074987,-28.320429,PM*,F,5834.451042737448,36.248495306590726,2.1500529222217495e-06
HD 9386, ,1,32,57.7,+,33,51,10,133,-28,7.639,0.342,2.612,-0.011,3.783,-0.49,109,2.46,2.43,3.0,2.4,3.7,1.35,1.21,1.43,38.3,0.2,0.2,3,630,0.772,5,55,25,2,9.2,0.9,-47,14,-2,8.065,-0.051,7.62,9.96,0.13,0.1,23.24041666666666,33.85277777777778,-65.6364,70.38642,-51.1724,PM*,F,6067.363295885053,96.2412859711278,1.6689723814737225e-07
HD 9670, ,1,34,48.8,+,0,56,41,145,-60,6.905,0.343,2.611,-0.006,3.781,-0.34,37,4.09,0.72,6.0,4.1,7.5,1.03,0.97,1.08,-22.7,0.2,0.3,5,2567,0.501,3,209,-271,1,27.3,0.9,3,-63,4,8.015,-0.032,4.91,8.05,0.24,0.17,23.70333333333333,0.9447222222222222,-15.15431,10.611164,-32.042942,PM*,F,6039.4862937638,18.499997648945687,1.5865331463088641e-06
HD 9782, ,1,35,26.3,-,13,22,51,162,-73,7.183,0.37,2.604,-0.01,3.772,0.06,36,4.37,0.29,4.6,0.2,7.8,1.08,1.02,1.15,10.9,0.2,0.2,5,3121,0.818,3,240,40,2,27.4,0.9,-39,-19,-2,8.01,-0.035,6.87,8.44,0.1,0.09,23.85958333333333,-13.380833333333332,-10.010235,3.252523,-34.42697,PM*,F,5915.616341754737,10.525384107991213,2.3358725868344556e-06
HD 10195, ,1,42,6.4,+,69,5,9,127,7,7.542,0.365,2.616,0.011,3.77,-0.28,47,4.16,0.85,10.3,5.5,12.2,0.99,0.96,1.05,11.5,0.4,0.6,2,306,0.098,8,183,-8,2,21.1,0.7,-39,-16,8,8.029,0.005,7.0,8.49,0.1,0.23,25.526666666666664,69.08583333333333,-28.074476,37.256077,5.7278595,PM*,F,5888.43655355589,46.64966748117831,1.747628626549635e-06
HD 10211, ,1,41,0.6,+,49,6,14,131,-13,7.397,0.394,0.0,0.0,3.762,-0.07,73,3.08,1.93,4.2,3.6,4.9,1.25,1.19,1.34,-30.6,0.2,0.1,2,1496,0.785,5,20,-2,2,13.7,1.0,14,-27,7,8.047,-0.016,6.61,8.28,0.11,0.22,25.2525,49.10388888888889,-46.664825,53.681755,-16.421427,*,F,5780.960474057181,71.12901455918428,3.9305122118319165e-07
HD 10556, ,1,44,14.0,+,54,53,11,131,-7,7.261,0.385,0.0,0.0,3.763,-0.18,45,4.01,1.07,9.4,7.9,10.9,1.01,0.98,1.05,3.8,0.2,0.2,2,357,0.632,3,-50,-16,2,22.4,0.9,5,9,-6,8.029,-0.006,7.9,9.1,0.07,0.02,26.05833333333333,54.88638888888889,-29.302597,33.70879,-5.484121,PM*,F,5794.286964268809,44.66458008543805,1.4205258785814954e-06
HD 10647, ,1,42,29.3,-,53,44,26,287,-62,5.52,0.347,2.617,-0.007,3.781,-0.07,17,4.32,0.24,4.8,0.0,7.0,1.07,1.01,1.15,27.5,0.2,0.2,4,2153,0.744,6,171,-105,8,57.6,0.6,-2,-26,-18,7.998,-0.015,6.74,8.03,0.09,0.16,25.62208333333333,-53.74055555555556,2.3334217,-7.6322856,-15.010109,PM*,F,6039.4862937638,7.981017498414489,2.1799631377770527e-06
HD 10707, ,1,44,25.4,-,11,17,52,164,-70,7.392,0.361,2.632,0.027,3.791,-0.03,70,3.05,1.25,2.7,2.2,3.2,1.32,1.23,1.42,21.6,0.2,0.1,2,766,0.864,10,78,59,2,0.0,0.0,-38,2,-9,8.023,-0.066,7.57,9.01,0.09,0.08,26.105833333333333,-11.297777777777778,-23.01396,6.599147,-65.77848,PM*,F,6180.164001384158,23.941409649584315,3.770935898212623e-07
HD 11007, ,1,48,41.5,+,32,41,24,137,-29,5.791,0.37,2.619,0.025,3.767,-0.46,27,3.61,1.62,7.8,6.9,8.6,1.02,1.0,1.06,-24.3,0.2,0.5,6,792,0.072,4,-154,294,5,36.7,0.7,24,17,40,8.017,-0.013,7.67,10.24,0.14,1.03,27.172916666666666,32.69,-17.270721,16.105207,-13.089859,PM*,F,5847.900841444806,23.614730495449024,8.174273225567452e-07
HD 11151, ,1,50,57.1,+,51,56,0,132,-10,5.9,0.264,2.669,-0.023,3.83,0.17,45,2.65,0.63,1.3,1.0,1.6,1.62,1.52,1.66,-18.6,0.8,0.3,2,365,0.774,35,40,-115,2,22.4,0.7,4,-26,-18,8.03,-0.008,6.76,8.12,0.09,0.16,27.737916666666667,51.93333333333333,-29.653429,32.933464,-7.814168,PM*,F,6760.829753919819,44.31635028403554,2.1699471169699102e-07
HD 11152, ,1,50,29.8,+,38,18,11,135,-23,7.573,0.273,0.0,0.0,3.82,-0.3,70,3.33,0.57,2.3,1.5,2.9,1.26,1.21,1.31,-53.4,0.4,0.0,1,0,0.0,5,66,-92,2,14.2,0.9,21,-62,-1,8.046,-0.028,4.92,8.23,0.25,0.09,27.624166666666667,38.30305555555555,-45.562664,45.562664,-27.35118,PM*,F,6606.934480075957,64.43533736664837,5.551996068810809e-07
HD 11274, ,1,50,28.8,-,12,20,33,169,-70,7.574,0.294,2.652,-0.002,3.807,-0.28,56,3.85,0.32,2.7,0.0,4.2,1.16,1.1,1.21,13.2,0.4,0.1,2,1029,0.9,15,16,-12,2,18.0,1.0,-6,-4,-12,8.019,-0.052,7.95,8.16,0.01,0.09,27.62,-12.3425,-18.801231,3.6545897,-52.622787,*,F,6412.095765851615,19.153128021049383,1.1388044353332944e-06
HD 11348, ,1,52,22.3,+,37,25,47,136,-24,6.892,0.289,0.0,0.0,3.813,-0.15,56,3.17,0.75,2.3,1.8,2.8,1.32,1.27,1.37,3.5,0.4,0.1,2,1833,0.897,15,-25,-125,2,18.0,0.8,6,-9,-32,8.037,-0.022,7.57,8.36,0.05,0.41,28.092916666666664,37.42972222222222,-36.800373,35.537716,-22.777252,PM*,F,6501.296903430909,51.15854485260293,4.4509134563802575e-07
HD 11379, ,1,51,14.6,-,30,54,9,233,-76,7.199,0.311,2.636,-0.001,3.798,-0.4,69,2.99,1.48,2.8,2.4,4.5,1.27,1.15,1.35,24.3,0.4,0.5,2,911,0.2,10,204,70,2,14.4,0.9,-69,-28,-9,8.01,-0.067,6.04,9.02,0.2,0.08,27.81083333333333,-30.9025,-10.045867,-13.331311,-66.95041,PM*,F,6280.58358813318,16.69261204127173,3.4709563326184744e-07
HD 11459, ,1,51,52.2,-,37,2,31,255,-74,7.428,0.343,2.633,0.013,3.785,-0.21,94,2.55,2.05,2.3,2.0,3.2,1.44,1.37,1.52,0.1,0.2,0.1,2,363,0.774,8,21,43,2,10.6,0.8,-20,8,-1,8.007,-0.091,7.95,8.95,0.06,0.14,27.9675,-37.04194444444444,-6.7059784,-25.027058,-90.3586,*,F,6095.368972401694,25.909916604200614,1.8899449310109594e-07
HD 11592, ,1,53,57.6,+,10,36,50,147,-49,6.767,0.314,2.627,-0.004,3.795,-0.47,42,3.67,0.93,3.8,3.1,4.6,1.1,1.04,1.16,-17.1,0.3,0.5,3,427,0.213,7,-185,-285,2,24.0,1.0,58,-22,-30,8.023,-0.032,6.13,9.46,0.21,0.41,28.489999999999995,10.613888888888887,-23.10913,15.007246,-31.697803,PM*,F,6237.348354824191,27.55447916149779,8.8807398867034e-07
HD 11760, ,1,56,28.3,+,45,58,10,135,-15,7.719,0.332,0.0,0.0,3.79,-0.21,88,3.0,1.49,2.8,2.4,4.4,1.32,1.24,1.39,-43.8,0.3,0.5,2,358,0.197,7,23,-49,1,11.4,0.9,23,-43,-5,8.059,-0.023,5.75,8.32,0.18,0.04,29.117916666666662,45.96944444444445,-60.105118,60.105118,-22.776075,PM*,F,6165.9500186148225,85.00147304363523,3.519242145036699e-07
HD 11907, ,1,57,55.4,+,40,45,38,136,-20,6.868,0.324,0.0,0.0,3.793,-0.24,44,3.64,0.81,3.7,3.0,4.3,1.14,1.07,1.22,-7.8,0.3,0.2,4,1736,0.966,11,125,-87,1,22.6,0.8,-13,-29,-7,8.03,-0.015,6.61,8.03,0.1,0.02,29.48083333333333,40.76055555555556,-29.74216,28.721678,-15.048885,PM*,F,6208.690342300638,41.34647347236864,8.52018745563199e-07
HD 12042, ,1,56,59.9,-,51,45,58,281,-62,6.1,0.324,2.624,0.001,3.789,-0.48,26,4.0,0.74,5.4,3.6,6.1,1.04,1.0,1.09,3.9,0.2,0.1,3,387,0.936,5,348,251,2,38.0,0.6,-53,-9,-4,7.998,-0.023,6.96,9.01,0.13,0.06,29.24958333333333,-51.76611111111111,2.3290632,-11.981999,-22.956636,PM*,F,6151.7687270986835,12.206262139803291,1.4010355328531804e-06
HD 12273, ,2,0,59.6,+,29,14,18,141,-31,7.709,0.339,2.641,0.017,3.79,-0.12,120,2.3,2.1,2.0,1.7,2.4,1.52,1.42,1.62,4.7,0.4,0.0,1,0,0.0,9,84,-11,2,8.3,1.0,-37,-31,5,8.08,-0.062,6.41,8.32,0.13,0.2,30.24833333333333,29.238333333333333,-79.93729,64.73196,-61.80457,PM*,F,6165.9500186148225,102.86008447393819,1.3379785466273765e-07
HD 12363, ,1,55,50.5,-,78,20,54,299,-38,6.15,0.293,2.661,0.004,3.811,-0.18,41,3.07,0.92,2.4,2.0,2.8,1.34,1.29,1.38,9.0,1.1,1.6,2,1449,0.063,28,102,54,1,24.2,0.5,-17,-15,-8,7.984,-0.026,7.36,8.03,0.04,0.03,28.96041666666666,-78.34833333333333,15.663443,-28.2576,-25.24212,PM*,F,6471.426157485831,32.30844168904234,3.8765835625527745e-07
HD 12413, ,2,2,7.1,+,22,6,14,144,-38,7.208,0.311,2.643,-0.002,3.8,-0.16,54,3.56,0.66,3.2,2.3,3.8,1.21,1.15,1.27,-22.7,0.4,0.5,2,1800,0.31,12,8,-52,1,18.6,0.9,16,-20,5,8.034,-0.033,6.88,8.38,0.1,0.18,30.529583333333328,22.10388888888889,-34.425762,25.01178,-33.24572,PM*,F,6309.57344480193,42.55258191989111,7.628675643650526e-07
HD 12414, ,2,1,52.4,+,7,51,51,151,-51,7.063,0.319,2.623,-0.007,3.792,-0.46,47,3.72,0.94,4.0,3.0,7.1,1.09,1.03,1.15,16.0,0.7,1.0,2,308,0.013,6,122,-49,1,21.4,0.8,-24,-20,-11,8.026,-0.036,7.05,8.14,0.07,0.07,30.468333333333327,7.864166666666667,-25.869553,14.3397255,-36.52586,PM*,F,6194.410750767812,29.57805774277884,9.515884233396342e-07
HD 12482, ,2,4,16.6,+,60,14,39,132,-1,7.356,0.355,0.0,0.0,3.776,-0.3,45,4.09,0.8,6.4,4.5,10.7,1.01,0.97,1.08,-0.3,0.5,0.0,1,0,0.0,5,-23,-61,2,22.2,0.9,1,0,-14,8.03,-0.001,7.89,8.54,0.04,0.1,31.069166666666668,60.244166666666665,-30.106297,33.43642,-0.78535825,PM*,F,5970.352865838366,44.99314727231925,1.5865331463088641e-06
HD 12569, ,2,5,6.9,+,60,20,43,132,-1,7.512,0.365,0.0,0.0,3.774,-0.12,67,3.39,1.38,5.2,4.4,6.1,1.17,1.11,1.26,-19.1,0.2,0.2,2,357,0.493,6,-2,-160,2,15.0,0.9,3,-24,-48,8.045,-0.001,6.97,8.14,0.08,0.79,31.27875,60.34527777777778,-44.824932,49.78312,-1.1693112,PM*,F,5942.921586155727,66.98980195327512,6.031830791377278e-07
HD 12640, ,2,4,0.1,+,8,5,41,152,-51,7.193,0.332,2.657,0.03,3.808,0.03,98,2.11,1.75,1.5,1.3,1.8,1.67,1.58,1.75,26.8,0.3,0.4,2,53,0.308,7,37,-46,2,10.2,0.9,-19,-18,-28,8.055,-0.076,7.26,8.11,0.05,0.34,31.00041666666667,8.094722222222222,-54.454376,28.953907,-76.16031,PM*,F,6426.877173170194,61.67339617788229,1.0290800286615533e-07
HD 12680, ,2,1,50.1,-,63,37,21,290,-52,6.883,0.353,2.627,0.009,3.783,-0.04,72,2.58,1.91,2.2,2.0,2.4,1.52,1.46,1.56,31.0,0.2,0.1,2,1449,0.724,7,40,39,2,13.8,0.5,-12,-19,-28,7.984,-0.057,7.16,7.99,0.05,0.33,30.45875,-63.6225,15.160938,-41.654346,-56.736774,PM*,F,6067.363295885053,44.32762774757476,1.969922542186252e-07
HD 12681, ,1,56,37.7,-,81,29,57,300,-35,6.928,0.245,2.697,0.003,3.839,-0.04,73,2.61,0.67,1.4,1.0,1.7,1.52,1.48,1.57,7.5,0.3,0.2,2,471,0.666,13,66,24,1,13.7,0.6,-19,-17,-5,7.97,-0.042,7.22,8.02,0.05,0.05,29.15708333333333,-81.49916666666667,29.899044,-51.786674,-41.871082,PM*,F,6902.398038402419,59.79809726150333,2.0532846002754932e-07
HD 12741, ,2,6,10.4,+,46,51,35,136,-14,7.425,0.385,2.587,0.006,3.758,-0.66,71,3.16,2.39,5.9,4.9,7.0,1.08,1.04,1.12,-23.7,0.4,0.6,2,333,0.147,2,15,-42,2,14.0,0.9,12,-25,-6,8.05,-0.017,6.74,8.27,0.1,0.02,31.54333333333333,46.859722222222224,-49.556034,47.855717,-17.176455,*,F,5727.960309858292,68.89100199150282,4.3898446343477515e-07
HD 12745, ,2,4,30.3,-,16,13,1,184,-70,7.5,0.299,2.637,-0.012,3.806,-0.2,74,3.15,0.97,2.6,2.2,3.0,1.29,1.23,1.35,-8.6,0.3,0.7,4,1474,0.014,6,-44,-71,2,13.5,1.0,29,-9,-1,8.025,-0.07,7.05,8.93,0.12,0.11,31.12625,-16.216944444444444,-25.24784,-1.7654991,-69.537254,PM*,F,6397.348354826482,25.309492522326494,4.3296137079654303e-07
HD 12800, ,2,9,8.2,+,71,33,7,129,10,6.587,0.351,0.0,0.0,3.777,-0.22,27,4.4,0.39,6.5,1.9,9.3,1.01,0.96,1.08,0.6,0.2,0.1,4,2574,0.969,3,307,-239,1,36.6,0.6,-39,-27,-17,8.017,0.005,6.51,8.33,0.12,0.15,32.28416666666666,71.55194444444444,-16.733507,20.664165,4.688501,PM*,F,5984.115950603199,26.58980954550585,2.4347207100995807e-06
HD 12951, ,2,0,57.1,-,78,52,13,299,-38,6.849,0.358,2.598,-0.016,3.774,-0.36,46,3.55,1.44,6.8,5.8,7.6,1.08,1.04,1.12,30.5,0.1,0.3,6,2574,0.572,6,121,-58,2,21.9,0.5,-1,-42,-3,7.983,-0.028,5.91,8.01,0.15,0.06,30.237916666666663,-78.87027777777777,17.57362,-31.70365,-28.320429,PM*,F,5942.921586155727,36.248497116803335,7.524006289866961e-07
HD 12979, ,2,5,35.4,-,51,59,28,279,-62,7.466,0.291,2.657,0.003,3.811,-0.29,88,2.75,1.34,2.3,2.0,2.5,1.39,1.33,1.44,-3.7,0.3,0.4,3,4003,0.555,17,38,26,2,11.4,0.7,-19,-2,4,7.994,-0.077,7.87,8.37,0.03,0.19,31.3975,-51.99111111111111,6.4628587,-40.804863,-77.69939,*,F,6471.426157485831,41.31350126804716,2.4914326408057216e-07
HD 13076, ,2,9,11.3,+,45,50,26,137,-15,7.591,0.3,0.0,0.0,3.807,-0.25,119,2.21,1.93,1.9,1.6,2.1,1.53,1.44,1.62,-13.6,1.1,1.5,2,358,0.304,45,-15,8,2,8.4,0.9,16,-2,5,8.084,-0.031,7.59,8.89,0.08,0.19,32.29708333333333,45.84055555555556,-84.06558,78.39242,-30.799467,*,F,6412.095765851615,114.94517499309312,1.1815419617178787e-07
HD 13201, ,2,9,23.1,+,17,13,27,148,-42,6.36,0.296,2.637,-0.016,3.806,-0.26,39,3.39,0.78,3.0,2.3,3.5,1.23,1.17,1.28,8.5,0.4,0.2,2,1841,0.754,11,137,-184,1,25.5,1.1,-13,-36,-21,8.025,-0.026,6.29,8.03,0.12,0.22,32.34624999999999,17.224166666666665,-24.578676,15.358466,-26.096094,PM*,F,6397.348354826482,28.982646390316603,6.031830791377278e-07
HD 13228, ,2,9,9.1,-,2,19,55,163,-59,7.136,0.324,2.626,-0.008,3.793,-0.27,68,2.97,1.5,2.8,2.4,4.4,1.32,1.22,1.38,-12.9,0.2,0.1,2,388,0.715,6,-91,-46,1,14.7,1.0,35,6,-4,8.034,-0.058,7.33,9.7,0.14,0.08,32.28791666666666,-2.3319444444444444,-33.492268,10.239619,-58.287376,PM*,F,6208.690342300638,35.02259003913024,3.3763631364056964e-07
HD 13456, ,2,11,22.2,-,10,3,7,175,-65,6.0,0.266,2.668,-0.01,3.825,-0.16,50,2.51,1.15,1.8,1.5,2.0,1.5,1.46,1.55,15.1,0.3,0.2,2,1136,0.591,9,-26,-172,2,20.0,0.9,21,-27,-28,8.021,-0.045,6.53,8.38,0.12,0.34,32.842499999999994,-10.051944444444445,-21.050503,1.8416831,-45.315388,PM*,F,6683.439175686149,21.130912739250867,1.7883361266574799e-07
HD 13540, ,2,14,55.0,+,66,19,15,131,5,7.18,0.307,2.629,-0.002,3.798,-0.62,56,3.43,1.22,5.1,3.0,6.1,1.09,1.05,1.19,22.8,0.5,0.8,3,710,0.057,5,-40,-5,2,17.8,0.7,-8,24,-3,8.037,0.005,8.03,10.05,0.11,0.07,33.729166666666664,66.32083333333333,-36.5995,42.102917,4.880721,*,F,6280.58358813318,55.78690724676256,6.37454439294158e-07
HD 13704, ,2,14,20.1,+,30,43,29,143,-29,7.389,0.231,2.706,0.003,3.85,0.06,132,1.79,1.24,1.0,0.9,1.1,1.77,1.66,1.89,-3.7,1.0,2.0,4,1211,0.276,70,-29,-31,2,6.4,0.9,18,-1,-20,8.093,-0.064,7.58,9.0,0.09,0.21,33.58375,30.72472222222222,-92.20231,69.47944,-63.99487,*,F,7079.457843841381,115.44980966658065,6.613770945570287e-08
HD 13722, ,2,13,19.1,-,14,54,27,184,-67,7.657,0.227,2.702,-0.004,3.849,-0.1,112,2.4,0.78,1.2,1.0,1.5,1.55,1.48,1.62,19.0,0.6,1.8,11,791,0.106,50,0,-4,2,8.9,0.9,-6,-2,-18,8.043,-0.104,8.02,8.32,0.02,0.2,33.32958333333333,-14.9075,-43.655293,-3.0526724,-103.09654,*,F,7063.175542629623,43.761894562479476,1.536204913795363e-07
HD 13829, ,2,17,25.6,+,65,15,43,132,4,7.617,0.36,0.0,0.0,3.774,-0.08,44,4.38,0.36,5.6,1.3,8.8,1.04,0.98,1.11,-11.9,0.2,0.1,3,821,0.952,3,-37,-14,2,22.5,0.9,13,-4,-6,8.03,0.003,7.54,8.63,0.07,0.01,34.35666666666666,65.26194444444444,-29.370031,32.618717,3.0692847,*,F,5942.921586155727,43.89281740407022,2.368367811421648e-06
HD 13847, ,2,14,19.4,-,27,54,27,220,-72,7.678,0.301,2.638,-0.002,3.803,-0.57,91,2.88,1.62,3.8,2.3,4.4,1.21,1.14,1.34,0.1,0.3,0.1,3,120,0.98,13,63,-84,2,11.0,0.8,5,-44,7,8.022,-0.086,5.81,8.08,0.16,0.23,33.58083333333333,-27.9075,-21.541588,-18.075537,-86.54614,PM*,F,6353.309318517436,28.120545005389086,2.981598422274054e-07
HD 13871, ,2,15,46.0,+,25,46,58,146,-33,5.79,0.288,2.655,-0.014,3.817,0.1,40,2.77,0.83,1.7,1.4,2.0,1.49,1.46,1.53,25.4,0.3,0.3,2,447,0.369,9,177,-66,1,24.9,0.9,-38,-17,-13,8.028,-0.022,6.96,8.45,0.1,0.09,33.94166666666666,25.782777777777778,-27.811573,18.759148,-21.785563,PM*,F,6561.452663029057,33.54682140561506,2.561233360432562e-07
HD 13908, ,2,18,14.5,+,65,35,39,132,4,7.52,0.345,0.0,0.0,3.782,-0.27,67,3.39,1.33,5.3,4.6,6.2,1.14,1.09,1.21,16.1,0.3,0.4,2,604,0.239,4,22,-40,2,14.9,0.9,-19,5,-8,8.045,0.005,7.98,8.81,0.05,0.02,34.56041666666666,65.59416666666667,-44.72255,49.66941,4.6736836,*,F,6053.408747539136,66.83679202543013,6.031830791377278e-07
HD 14119, ,2,16,1.7,-,36,28,18,246,-70,7.502,0.336,2.646,0.021,3.797,-0.12,48,4.0,0.25,2.7,0.0,4.7,1.15,1.09,1.21,19.0,0.3,0.1,2,1385,0.797,8,82,-120,2,20.8,0.9,3,-37,-9,8.007,-0.045,6.16,8.06,0.13,0.05,34.00708333333333,-36.47166666666667,-6.677382,-14.997645,-45.105247,PM*,F,6266.138646723356,16.41696640430104,1.4010355328531804e-06
HD 14196, ,2,16,2.8,-,52,53,19,277,-60,7.139,0.301,2.661,0.017,3.805,-0.38,89,2.39,1.91,2.0,1.9,2.2,1.46,1.41,1.52,2.3,0.9,0.4,2,650,0.717,30,-27,8,2,11.2,0.7,5,8,-7,7.994,-0.077,7.86,9.04,0.07,0.08,34.01166666666666,-52.88861111111111,5.423177,-44.1683,-77.07626,*,F,6382.634861905489,44.49999520970007,1.5151273922022263e-07
HD 14285, ,2,18,3.7,-,23,37,40,208,-70,7.244,0.242,2.694,-0.001,3.842,-0.02,102,2.2,1.02,1.2,1.0,1.5,1.62,1.55,1.71,7.1,2.1,3.6,3,368,0.312,90,7,-14,2,9.8,0.9,0,-8,-6,8.031,-0.096,7.69,8.2,0.03,0.1,34.51541666666666,-23.62777777777778,-30.802559,-16.37801,-95.84865,*,F,6950.243175887969,34.886055272968036,1.1653305982548026e-07
HD 14305, ,2,19,8.7,+,19,41,15,150,-39,6.824,0.36,2.609,-0.001,3.773,-0.27,34,4.19,0.74,7.0,4.9,11.4,1.0,0.96,1.06,2.9,0.2,0.1,2,346,0.934,5,-21,-127,1,29.7,0.9,6,-10,-17,8.023,-0.021,7.5,8.3,0.05,0.15,34.78624999999999,19.6875,-22.882957,13.211484,-21.396893,PM*,F,5929.2532458,26.422964075707046,1.8215837775593627e-06
HD 14338, ,2,18,51.6,-,7,27,29,173,-61,7.667,0.279,2.673,0.008,3.817,-0.26,93,2.83,1.1,2.2,1.9,2.5,1.35,1.27,1.43,6.0,0.3,0.1,2,1199,0.845,10,-38,-17,2,10.8,1.2,12,6,-13,8.044,-0.081,7.77,9.1,0.08,0.13,34.715,-7.458055555555556,-44.751217,5.4947557,-81.33964,*,F,6561.452663029057,45.08729048394648,2.7825895508367783e-07
HD 14348, ,2,19,52.9,+,31,20,14,144,-28,7.188,0.372,2.619,0.012,3.772,-0.09,62,3.22,1.57,4.5,4.1,5.2,1.21,1.17,1.29,-3.7,0.3,0.6,3,3242,0.11,5,122,-92,2,16.1,0.9,-18,-40,-8,8.045,-0.029,6.04,8.06,0.14,0.03,34.97041666666666,31.33722222222222,-44.287815,32.17698,-29.107237,PM*,F,5915.616341754737,54.74274928604358,4.769239694453286e-07
HD 14414, ,2,22,26.7,+,65,14,31,132,4,7.184,0.388,2.612,0.028,3.776,-0.25,111,1.83,3.01,1.7,1.5,2.1,1.65,1.64,1.66,6.0,0.4,0.1,2,304,0.961,22,24,-24,2,9.0,0.8,-16,-6,-7,8.075,0.008,7.89,8.2,0.02,0.01,35.61125,65.24194444444444,-74.09258,82.28813,7.742968,*,F,5970.352865838366,110.72961098980389,6.989548937207234e-08
HD 14836, ,2,27,54.8,+,73,42,45,130,12,7.267,0.22,0.0,0.0,3.854,-0.08,116,1.94,1.15,1.1,1.0,1.3,1.71,1.63,1.78,64.3,0.4,0.3,4,12,0.955,11,79,-43,1,8.6,0.7,-79,18,8,8.073,0.024,7.16,11.22,0.22,0.27,36.97833333333333,73.7125,-72.93398,86.91933,24.117758,PM*,F,7144.963260755135,113.46512841525056,8.13671585164139e-08
HD 15029, ,2,25,33.9,+,11,58,16,156,-45,7.359,0.331,2.618,-0.005,3.787,-0.43,66,3.25,1.5,4.9,4.2,5.8,1.14,1.09,1.2,-8.7,0.2,0.1,4,4637,0.963,7,-122,-281,1,15.1,0.9,63,-39,-62,8.043,-0.047,5.58,9.28,0.25,1.35,36.39124999999999,11.971111111111112,-42.6343,18.98201,-46.66905,PM*,F,6123.503917247734,46.66905013100331,4.971061658483056e-07
HD 15048, ,2,24,26.1,-,37,21,41,246,-68,6.941,0.32,2.618,-0.03,3.796,-0.24,74,2.61,1.77,2.3,2.1,2.5,1.44,1.38,1.49,2.5,0.3,0.5,3,1149,0.169,14,-40,-40,2,13.6,0.7,19,-1,-6,8.011,-0.068,7.47,8.9,0.09,0.08,36.10874999999999,-37.36138888888889,-11.275103,-25.324295,-68.6116,PM*,F,6251.726927756856,27.720892209805115,2.0532846002754932e-07
HD 15060, ,2,23,35.5,-,55,37,0,279,-57,7.019,0.316,2.635,-0.001,3.798,-0.23,77,2.59,1.73,2.2,2.0,2.4,1.45,1.4,1.5,5.8,0.2,0.1,2,650,0.841,6,39,70,2,13.0,0.5,-28,2,-10,7.993,-0.065,7.75,8.72,0.06,0.08,35.89791666666667,-55.61666666666667,6.560427,-41.420887,-64.57763,PM*,F,6280.58358813318,41.9372040351893,1.997326894541982e-07
HD 15097, ,2,25,24.2,-,21,48,36,204,-68,7.679,0.341,2.619,-0.006,3.784,-0.29,84,3.06,1.64,4.3,3.7,5.0,1.18,1.13,1.3,6.6,0.2,0.3,2,646,0.348,7,-18,-67,2,11.9,1.0,20,-16,-12,8.029,-0.078,6.98,8.51,0.1,0.12,36.35083333333333,-21.81,-28.746496,-12.79876,-77.88344,PM*,F,6081.350012787177,31.466955521874308,3.8233948420809556e-07
HD 15228, ,2,27,23.3,+,10,11,53,158,-46,6.451,0.304,2.645,-0.001,3.802,-0.28,36,3.65,0.63,3.5,2.4,4.2,1.17,1.1,1.22,-39.5,0.4,0.1,2,1460,0.974,10,-296,-203,1,27.5,0.9,73,-2,-11,8.023,-0.026,6.46,10.62,0.24,0.07,36.84708333333334,10.198055555555555,-23.186737,9.3680525,-25.896233,PM*,F,6338.69711256927,25.00770242045289,8.638715069876107e-07
HD 15326, ,2,28,45.7,+,29,41,13,147,-29,7.503,0.35,2.635,0.018,3.781,-0.2,69,3.29,1.39,4.8,4.1,5.7,1.17,1.13,1.26,-14.9,0.3,0.1,2,636,0.961,7,83,-6,2,14.4,1.0,-7,-26,15,8.051,-0.033,6.84,8.06,0.08,0.36,37.19041666666666,29.68694444444445,-50.61273,32.868294,-33.451862,PM*,F,6039.4862937638,60.34876294111865,5.253505000065582e-07
HD 15394, ,2,27,42.3,-,33,53,47,237,-68,7.596,0.343,2.613,-0.01,3.782,-0.18,51,4.05,0.59,5.2,3.1,7.2,1.07,1.02,1.13,12.3,0.5,0.1,2,1380,0.862,21,20,5,2,19.5,0.9,-7,-6,-10,8.01,-0.048,7.91,8.07,0.01,0.06,36.92625,-33.896388888888886,-10.405296,-16.022749,-47.286373,*,F,6053.408747539136,19.10493837636272,1.5012366207760376e-06
HD 15579, ,2,31,54.1,+,46,35,7,140,-13,7.012,0.229,0.0,0.0,3.851,0.02,116,1.68,1.37,1.0,0.9,1.1,1.82,1.73,1.92,30.2,1.4,1.7,3,1002,0.544,80,85,-33,1,8.6,0.9,-55,-20,-6,8.087,-0.026,6.63,8.89,0.15,0.04,37.97541666666666,46.58527777777778,-86.58365,72.652306,-26.09432,PM*,F,7095.777679633888,113.02692605941354,5.6813186703843934e-08
HD 15784, ,2,35,43.8,+,68,22,3,132,7,6.631,0.258,0.0,0.0,3.843,0.2,154,0.7,2.33,0.8,0.6,0.9,2.26,2.22,2.39,1.7,0.4,0.5,2,308,0.266,17,44,-20,2,6.5,0.6,-27,-22,0,8.103,0.02,6.95,8.25,0.09,0.1,38.9325,68.36749999999999,-102.27804,113.59125,18.76788,*,F,6966.265141107687,152.85211657940528,1.4670643032842721e-08
HD 16067, ,2,37,52.9,+,65,19,7,134,5,7.504,0.366,2.615,0.012,3.772,-0.39,78,3.06,2.0,4.6,4.0,5.3,1.16,1.13,1.23,-20.7,0.3,0.3,2,604,0.399,5,-12,-65,2,12.9,0.8,9,-17,-25,8.053,0.006,7.16,8.28,0.07,0.28,39.47041666666666,65.31861111111111,-53.97716,55.894997,6.7981477,PM*,F,5915.616341754737,77.70318198951448,3.8233948420809556e-07
HD 16095, ,2,34,11.7,-,33,7,2,234,-67,7.575,0.351,2.612,0.011,3.774,-0.44,41,4.51,0.54,7.6,1.8,11.4,0.95,0.89,1.03,1.1,0.2,0.2,3,3325,0.783,4,277,-91,2,24.4,0.9,-22,-48,21,8.009,-0.038,5.67,8.04,0.17,0.48,38.54874999999999,-33.117222222222225,-9.416311,-12.960433,-37.740696,PM*,F,5942.921586155727,16.019979288257836,2.8343217529717135e-06
HD 16150, ,2,36,1.2,+,13,45,18,158,-42,7.257,0.366,2.612,0.002,3.772,-0.52,94,2.39,2.77,2.9,2.3,3.8,1.29,1.16,1.41,14.1,0.5,1.2,10,1533,0.792,45,26,-7,1,6.5,0.9,-16,-6,-7,8.065,-0.063,7.9,8.19,0.02,0.06,39.005,13.755,-64.769,26.16838,-62.898277,*,F,5915.616341754737,69.85561876344951,1.5151273922022263e-07
HD 16176, ,2,36,57.1,+,38,44,0,145,-20,5.87,0.32,2.641,0.003,3.797,-0.13,54,2.19,2.07,1.7,1.6,1.9,1.61,1.55,1.67,-2.9,0.5,0.2,4,1845,0.99,28,146,-165,2,18.4,0.8,-22,-48,-21,8.042,-0.018,5.63,8.07,0.18,0.2,39.23791666666666,38.73333333333333,-41.56656,29.105223,-18.469088,PM*,F,6266.138646723356,50.74340268560366,1.1493416630370558e-07
HD 16199, ,2,34,13.1,+,8,59,19,161,-46,7.436,0.267,2.682,0.009,3.829,-0.11,143,1.66,1.87,1.2,1.0,1.4,1.74,1.65,1.87,7.0,3.2,3.2,2,3255,0.595,130,35,10,2,0.0,0.0,-22,-9,8,8.094,-0.103,7.68,8.3,0.04,0.26,38.554583333333326,8.98861111111111,-93.92418,32.340683,-102.86559,*,F,6745.280276979222,99.33615336612793,5.5264869640086586e-08
HD 16220, ,2,37,6.5,+,32,53,27,147,-25,6.23,0.321,2.621,-0.022,3.795,-0.26,55,2.52,1.9,2.2,2.0,2.3,1.46,1.41,1.51,-2.2,0.4,0.6,2,360,0.098,8,82,31,2,18.1,0.8,-13,-11,16,8.042,-0.023,7.74,8.05,0.02,0.37,39.27708333333333,32.89083333333333,-41.80515,27.148582,-23.244005,PM*,F,6237.348354824191,49.84692639604997,1.8132143603422485e-07
HD 16241, ,2,33,51.4,-,60,58,57,283,-52,6.736,0.289,2.666,0.008,3.81,-0.31,51,3.22,0.91,2.8,2.3,3.2,1.26,1.22,1.31,30.6,0.3,0.1,2,403,0.848,16,136,14,2,19.8,0.5,-20,-38,-14,7.993,-0.04,6.13,8.02,0.13,0.1,38.46416666666666,-60.9825,7.063184,-30.593987,-40.18855,PM*,F,6456.542290346556,31.39873578305383,4.769239694453286e-07
HD 16427, ,2,33,43.8,-,72,20,56,293,-43,6.841,0.357,2.623,0.013,3.778,-0.2,59,2.99,1.76,3.9,3.6,4.2,1.31,1.26,1.38,5.7,0.2,0.2,2,650,0.575,8,125,-12,2,17.0,0.6,-19,-28,12,7.983,-0.04,6.66,8.01,0.09,0.29,38.4325,-72.34888888888888,16.86,-39.71966,-40.2379,PM*,F,5997.910762555094,43.14986663381012,3.4709563326184744e-07
HD 16556, ,2,41,40.8,+,58,58,38,137,-1,7.08,0.314,0.0,0.0,3.8,-0.22,77,2.65,1.62,2.3,2.0,2.5,1.43,1.38,1.49,0.9,0.6,0.9,2,358,0.166,19,37,-7,1,13.0,0.8,-10,-9,3,8.056,-0.001,7.82,8.06,0.01,0.15,40.42,58.977222222222224,-56.30566,52.50587,-1.3438352,*,F,6309.57344480193,76.98827009676539,2.1699471169699102e-07
HD 16626, ,2,42,35.7,+,61,35,36,136,2,7.019,0.272,2.66,-0.002,3.818,-0.52,55,3.32,0.81,2.7,2.0,3.2,1.21,1.17,1.26,14.9,0.4,0.5,5,1776,0.843,17,12,-64,2,18.2,0.9,-18,4,-13,8.039,0.001,7.99,8.68,0.04,0.09,40.64875,61.59333333333333,-39.539585,38.18294,1.9194722,PM*,F,6576.578373554205,54.966496059107,5.475819826973227e-07
HD 16785, ,2,40,30.6,-,31,28,2,230,-66,7.567,0.312,2.661,0.023,3.811,-0.22,70,3.24,0.78,2.6,2.0,3.0,1.28,1.23,1.33,23.4,0.3,0.4,3,1304,0.519,12,32,-8,2,14.3,0.8,-11,-16,-17,8.018,-0.064,7.38,8.02,0.04,0.16,40.1275,-31.46722222222222,-18.301165,-21.810486,-63.948185,*,F,6471.426157485831,28.471563706853562,4.9028561355697e-07
HD 16933, ,2,44,33.1,+,46,50,29,142,-12,6.894,0.279,0.0,0.0,3.82,0.01,57,3.1,0.52,1.7,1.1,2.2,1.39,1.35,1.44,18.2,0.3,0.3,2,1159,0.521,11,80,-105,2,17.4,0.8,-31,-16,-20,8.044,-0.012,7.14,8.33,0.08,0.19,41.13791666666666,46.84138888888889,-43.935078,34.325848,-11.850966,PM*,F,6606.934480075957,55.75441614603446,4.0406306137483407e-07
HD 16963, ,2,39,50.9,-,66,7,6,287,-48,7.495,0.346,2.65,0.029,3.804,0.23,85,2.71,1.08,2.0,1.5,2.4,1.55,1.5,1.6,37.0,0.4,0.7,3,1219,0.049,12,83,-65,2,11.7,0.6,6,-56,0,7.983,-0.063,5.21,8.03,0.21,0.13,39.962083333333325,-66.11833333333333,16.628948,-54.39089,-63.167313,PM*,F,6367.955209079156,56.87610066257007,2.3574861497700883e-07
HD 17051, ,2,42,33.4,-,50,48,1,269,-58,5.394,0.357,2.632,0.01,3.778,0.03,17,4.21,0.33,3.6,1.1,6.7,1.11,1.05,1.18,16.7,0.3,0.5,3,2624,0.056,6,334,220,1,58.0,0.6,-32,-17,-8,8.0,-0.015,7.08,8.29,0.08,0.02,40.63916666666666,-50.80027777777777,-0.15722124,-9.007256,-14.416818,PM*,F,5997.910762555094,9.008628040264686,1.8726178117338145e-06
HD 17070, ,2,42,41.7,-,49,43,45,267,-59,7.623,0.287,2.664,0.001,3.814,-0.16,74,3.29,0.61,2.3,1.6,2.9,1.29,1.25,1.34,30.8,1.1,1.5,2,647,0.1,30,35,-22,1,13.6,0.6,-3,-28,-19,8.002,-0.063,6.68,8.02,0.09,0.19,40.67375,-49.72916666666667,-1.9946772,-38.06058,-63.43038,*,F,6516.283940608428,38.11281263654783,5.253505000065582e-07
HD 17206, ,2,45,6.1,-,18,34,21,201,-63,4.46,0.328,2.646,0.009,3.792,-0.07,14,3.73,0.58,3.5,2.5,4.5,1.2,1.13,1.24,25.9,0.8,1.2,2,1542,0.088,27,331,35,1,71.6,0.8,-27,-17,-13,8.006,-0.012,7.16,8.19,0.07,0.09,41.275416666666665,-18.5725,-5.933714,-2.277739,-12.474092,PM*,F,6194.410750767812,6.3558679018617905,9.648263369592704e-07
HD 17207, ,2,45,1.0,-,22,9,59,208,-64,7.132,0.336,2.625,0.004,3.784,-0.31,40,4.12,0.59,5.7,3.3,7.4,1.04,0.99,1.1,7.9,0.3,0.5,2,816,0.172,4,-53,-96,2,25.0,0.9,15,-8,-14,8.016,-0.036,7.35,8.58,0.08,0.11,41.25416666666666,-22.16638888888889,-15.482351,-8.232111,-35.951763,PM*,F,6081.350012787177,17.534846563443946,1.6536711507079238e-06
HD 17331, ,2,47,30.3,+,23,38,12,155,-32,7.453,0.293,2.675,0.018,3.81,-0.18,68,3.27,0.74,2.5,2.0,3.0,1.28,1.23,1.34,-2.1,0.8,0.0,1,0,0.0,13,-23,13,1,14.6,1.0,5,7,1,8.052,-0.036,7.91,9.03,0.07,0.13,41.87624999999999,23.636666666666667,-52.264294,24.371246,-36.03451,*,F,6456.542290346556,57.66727025714805,5.110332403912194e-07
HD 17631, ,2,52,58.4,+,64,40,12,135,5,7.634,0.301,0.0,0.0,3.809,-0.08,135,1.98,1.96,1.5,1.3,1.8,1.67,1.56,1.76,10.7,0.4,0.2,2,604,0.693,17,-9,5,2,7.4,0.8,-3,12,1,8.096,0.011,8.07,9.31,0.07,0.13,43.24333333333333,64.67,-95.09616,95.09616,11.766025,*,F,6441.692655151775,134.48627920160183,8.599023779510943e-08
HD 17659, ,2,50,42.6,+,19,9,37,158,-35,6.631,0.379,2.639,0.041,3.795,0.34,61,2.54,1.41,1.6,1.4,1.9,1.6,1.56,1.64,6.2,0.3,0.0,1,0,0.0,5,184,-73,1,16.5,0.8,-31,-47,6,8.046,-0.035,5.64,8.15,0.18,0.2,42.6775,19.16027777777777,-46.329777,18.71845,-34.988163,PM*,F,6237.348354824191,49.96827600860599,1.8640139144288054e-07
HD 17690, ,2,50,20.3,+,0,57,49,173,-50,7.638,0.314,2.646,0.008,3.799,-0.24,86,2.97,1.34,2.7,2.2,3.3,1.28,1.16,1.39,6.3,0.6,0.9,2,363,0.11,13,-26,-64,2,5.6,1.5,15,-12,-22,8.055,-0.066,7.27,8.51,0.08,0.24,42.584583333333335,0.9636111111111112,-54.867683,6.7369013,-65.87982,PM*,F,6295.061828571975,55.27972934914236,3.3763631364056964e-07
HD 17722, ,2,47,2.3,-,67,16,39,287,-46,7.673,0.354,2.619,0.006,3.778,-0.2,61,3.73,1.02,6.8,5.1,8.0,1.09,1.05,1.14,31.7,0.3,0.4,2,1185,0.265,8,33,-2,2,16.3,0.6,1,-27,-19,7.987,-0.044,6.66,8.04,0.09,0.17,41.75958333333333,-67.2775,12.388995,-40.522614,-43.879726,*,F,5997.910762555094,42.37416008020714,9.648263369592704e-07
HD 17884, ,2,51,22.5,-,30,26,14,227,-64,7.567,0.313,2.629,-0.016,3.799,-0.3,71,3.3,1.06,3.1,2.5,4.9,1.22,1.13,1.28,30.9,0.2,0.3,2,778,0.294,8,79,-48,2,14.0,0.8,-14,-39,-16,8.022,-0.064,6.12,8.03,0.13,0.14,42.84375,-30.43722222222222,-21.226759,-22.76291,-63.814377,PM*,F,6295.061828571975,31.124353315565948,5.326588534591061e-07
HD 17926, ,2,51,56.2,-,30,48,52,228,-63,6.38,0.319,2.626,-0.014,3.795,-0.12,32,3.85,0.44,3.5,1.8,4.5,1.17,1.11,1.22,9.6,0.3,0.1,2,813,0.744,9,123,105,1,31.2,0.7,-26,-4,0,8.01,-0.029,7.66,8.43,0.05,0.11,42.98416666666667,-30.814444444444444,-9.720929,-10.796182,-28.512209,PM*,F,6237.348354824191,14.527697904353772,1.1388044353332944e-06
HD 18031, ,2,53,34.7,-,7,45,1,185,-55,7.212,0.26,2.669,-0.006,3.826,-0.45,60,3.33,0.57,2.2,1.2,2.8,1.24,1.19,1.29,-10.9,0.4,0.1,2,1299,0.863,14,-43,-63,2,16.7,1.1,23,-5,-3,8.034,-0.049,7.3,8.91,0.1,0.08,43.39458333333333,-7.750277777777778,-34.28363,-2.9994314,-49.149124,PM*,F,6698.846094165266,34.41458810882684,5.551996068810809e-07
HD 18149, ,2,53,34.3,-,38,26,13,245,-62,5.93,0.285,2.665,-0.003,3.819,0.05,60,2.06,1.54,1.4,1.2,1.5,1.71,1.66,1.75,27.2,0.8,1.1,2,768,0.139,21,60,35,1,16.8,0.6,-23,-16,-17,8.012,-0.053,7.23,8.14,0.06,0.16,43.39291666666666,-38.43694444444444,-11.904435,-25.52915,-52.976852,PM*,F,6591.738952443213,28.168299068131983,9.603933626126872e-08
HD 18180, ,2,56,55.2,+,48,42,14,143,-9,7.695,0.27,0.0,0.0,3.824,-0.06,95,2.8,0.79,1.7,1.4,2.1,1.43,1.37,1.5,15.1,1.6,0.6,2,307,0.778,50,67,-2,2,10.5,1.0,-30,-12,11,8.075,-0.015,7.41,8.42,0.06,0.29,44.23,48.70388888888889,-74.93627,56.468548,-14.861276,PM*,F,6668.067692136218,93.83038673447531,2.669618172322438e-07
HD 18262, ,2,56,13.7,+,8,22,53,168,-43,5.969,0.305,2.662,0.007,3.809,0.14,44,2.73,1.01,1.8,1.5,2.1,1.51,1.47,1.58,27.5,0.3,0.3,2,447,0.405,10,70,-88,1,22.5,0.9,-21,-19,-23,8.032,-0.031,7.14,8.11,0.06,0.23,44.05708333333333,8.381388888888889,-31.476362,6.6905046,-30.007925,PM*,F,6441.692655151775,32.17956209393884,2.423534184571079e-07
HD 18404, ,2,58,5.2,+,20,40,7,159,-33,5.8,0.277,2.676,0.001,3.821,0.04,32,3.28,0.29,1.3,0.3,2.1,1.37,1.33,1.42,27.0,0.6,0.2,2,447,0.764,25,235,-32,1,31.4,0.8,-41,-19,-2,8.025,-0.017,6.86,8.48,0.11,0.09,44.52166666666667,20.66861111111111,-25.054926,9.617683,-17.42845,PM*,F,6622.165037017622,26.837457837022583,5.181424209225667e-07
HD 18456, ,2,56,52.3,-,36,17,50,240,-62,7.64,0.309,2.678,0.033,3.822,0.12,91,2.71,0.77,1.5,1.2,1.8,1.52,1.46,1.59,21.0,0.3,0.2,2,776,0.572,16,-15,-13,2,11.0,0.8,3,-8,-21,8.021,-0.08,7.65,8.29,0.04,0.23,44.21791666666667,-36.29722222222222,-21.360956,-36.99827,-80.34823,*,F,6637.43070401909,42.72191971607591,2.3574861497700883e-07
HD 18508, ,2,59,10.3,+,19,59,23,160,-34,7.333,0.239,2.704,0.007,3.842,-0.09,92,2.52,0.76,1.4,1.1,1.6,1.52,1.46,1.59,19.3,1.0,1.7,3,649,0.335,45,53,-25,1,10.9,0.9,-26,-17,-7,8.072,-0.051,7.21,8.24,0.07,0.05,44.79291666666666,19.989722222222223,-71.67173,26.086382,-51.445747,PM*,F,6950.243175887969,76.27146391044835,1.8132143603422485e-07
HD 18579, ,3,0,17.0,+,31,7,29,153,-24,7.41,0.295,2.65,0.007,3.808,-0.43,97,2.47,1.8,2.1,1.9,2.5,1.41,1.33,1.49,-19.8,0.4,0.8,3,3241,0.049,6,36,-40,2,10.3,1.0,8,-30,2,8.079,-0.04,6.52,8.2,0.11,0.14,45.070833333333326,31.12472222222222,-78.95557,40.229877,-39.453453,PM*,F,6426.877173170194,88.61390995470197,1.6921901000562706e-07
HD 18627, ,3,0,5.1,+,10,39,21,167,-41,7.515,0.297,2.659,0.006,3.808,-0.2,76,3.1,0.97,2.5,2.1,2.9,1.31,1.25,1.37,4.5,0.3,0.1,2,361,0.988,11,140,-77,2,13.1,0.9,-23,-53,5,8.056,-0.05,5.41,8.09,0.2,0.19,45.02125,10.655833333333334,-55.887848,12.902729,-49.860485,PM*,F,6426.877173170194,57.357928568930596,4.0406306137483407e-07
HD 18766, ,3,3,48.6,+,60,18,44,139,2,7.233,0.315,0.0,0.0,3.799,-0.27,92,2.42,1.92,2.1,1.9,2.4,1.47,1.4,1.54,-50.6,0.9,1.2,2,604,0.222,27,-39,-8,1,10.9,0.9,46,-23,-13,8.069,0.002,6.29,9.11,0.18,0.09,45.95249999999999,60.31222222222222,-69.39099,60.320656,3.2107537,*,F,6295.061828571975,91.94395593757338,1.5792436886436074e-07
HD 18768, ,3,2,52.2,+,47,6,37,145,-10,6.722,0.389,2.582,0.008,3.755,-0.75,46,3.39,2.27,7.5,6.8,8.4,1.04,1.0,1.07,96.7,0.2,0.3,4,730,0.627,3,66,-62,2,21.6,0.8,-88,38,-22,8.037,-0.008,7.25,12.94,0.28,0.27,45.7175,47.11027777777778,-37.108532,25.983679,-7.9878163,PM*,F,5688.529308438413,45.30115585247318,6.031830791377278e-07
HD 18819, ,3,0,43.5,-,27,38,30,222,-61,7.6,0.371,2.615,0.007,3.773,-0.05,93,2.75,1.98,2.6,2.2,3.8,1.39,1.3,1.5,-2.0,0.4,0.6,2,814,0.093,6,-36,-118,2,10.7,0.9,48,-25,-10,8.034,-0.082,6.2,9.09,0.19,0.1,45.18125,-27.641666666666666,-33.50639,-30.169285,-81.33964,PM*,F,5929.2532458,45.087292314390815,2.4914326408057216e-07
HD 19649, ,3,9,51.5,+,1,29,3,178,-46,7.635,0.236,2.715,0.016,3.845,-0.01,115,2.33,0.83,1.2,1.0,1.4,1.58,1.5,1.67,14.2,1.0,1.6,3,758,0.336,45,38,-29,2,8.7,1.0,-14,-25,-7,8.08,-0.083,6.89,8.09,0.08,0.08,47.46458333333333,1.4841666666666666,-79.83706,2.7879677,-82.724075,*,F,6998.419960022738,79.88572408972608,1.3945983593040382e-07
HD 19916, ,3,10,3.9,-,50,49,56,265,-55,7.553,0.381,2.641,0.047,3.795,0.26,78,2.9,1.07,2.3,1.7,2.9,1.48,1.44,1.53,-0.6,0.2,0.1,2,1092,0.75,9,98,27,1,12.9,0.6,-28,-19,16,8.004,-0.063,7.07,8.2,0.07,0.39,47.51624999999999,-50.83222222222223,-3.899256,-44.568718,-63.89386,PM*,F,6237.348354824191,44.73896312518943,3.065131772565901e-07
HD 20029, ,3,11,52.5,-,39,1,23,244,-59,7.066,0.349,2.632,0.009,3.782,-0.06,42,3.97,0.56,4.2,2.6,6.5,1.13,1.06,1.18,-5.6,0.2,0.2,4,3820,0.849,6,85,-31,2,24.0,0.7,-3,-12,14,8.009,-0.036,7.57,8.07,0.03,0.34,47.96874999999999,-39.02305555555555,-9.482665,-19.442354,-36.001026,PM*,F,6053.408747539136,21.631598751907845,1.3441543749956051e-06
HD 20201, ,3,12,54.3,-,47,9,18,258,-56,7.276,0.375,2.614,0.013,3.768,-0.12,38,4.4,0.51,7.4,3.9,10.6,1.01,0.96,1.07,15.4,0.1,0.3,5,1127,0.443,5,-90,-17,1,26.6,0.7,9,1,-20,8.004,-0.031,7.71,8.73,0.06,0.21,48.22624999999999,-47.155,-4.417989,-20.78498,-31.50343,PM*,F,5861.3816451402845,21.249329881304988,2.4347207100995807e-06
HD 20205, ,3,14,32.8,-,9,41,12,192,-52,7.674,0.29,2.678,0.022,3.823,-0.16,96,2.66,1.05,1.9,1.5,2.2,1.43,1.36,1.51,17.1,0.3,0.3,3,850,0.667,14,37,-4,2,10.4,1.1,-18,-14,-5,8.058,-0.076,7.44,8.12,0.04,0.08,48.63666666666666,-9.686666666666667,-57.811947,-12.288316,-75.64903,*,F,6652.731562017413,59.103501808663296,2.2001340883422769e-07
HD 20209, ,3,16,1.7,+,35,2,42,154,-19,7.57,0.328,0.0,0.0,3.789,-0.21,56,3.83,0.68,3.9,2.9,5.7,1.11,1.05,1.18,-46.2,0.4,0.5,2,2113,0.249,6,-154,-45,2,17.9,0.9,61,0,-16,8.047,-0.018,6.74,10.32,0.21,0.15,49.00708333333333,35.044999999999995,-47.590282,23.21133,-18.231815,PM*,F,6151.7687270986835,52.94903947389815,1.1077688528953563e-06
HD 20335, ,3,10,19.3,-,74,17,49,291,-40,6.902,0.338,2.641,0.021,3.795,-0.18,45,3.52,0.83,3.4,2.8,3.8,1.21,1.13,1.26,-3.5,0.3,0.4,2,381,0.227,6,53,280,2,22.0,0.6,-55,8,-27,7.987,-0.029,7.33,9.79,0.14,0.33,47.58041666666666,-74.29694444444445,12.353655,-32.182384,-28.925442,PM*,F,6237.348354824191,34.471997792157055,7.218536386028226e-07
HD 20367, ,3,17,40.0,+,31,7,37,156,-22,6.407,0.364,2.616,0.003,3.773,-0.11,27,4.24,0.55,6.4,3.6,8.9,1.04,0.99,1.1,5.9,0.2,0.1,4,1778,0.98,3,-102,-57,2,36.9,1.1,2,6,-15,8.023,-0.01,7.92,8.89,0.06,0.12,49.41666666666666,31.126944444444444,-22.869665,10.182229,-10.114378,PM*,F,5929.2532458,25.033964221047096,1.951862183762507e-06
HD 20427, ,3,18,31.9,+,38,27,31,152,-16,7.336,0.331,2.609,-0.008,3.785,-0.74,59,3.48,1.55,6.2,4.8,7.9,1.02,0.96,1.08,37.9,0.3,0.6,3,675,0.128,2,131,-74,2,0.0,0.0,-53,-20,-7,8.05,-0.016,6.63,8.79,0.14,0.02,49.63291666666666,38.45861111111111,-50.075874,26.625816,-16.262604,PM*,F,6095.368972401694,56.714435856576515,6.830447379131052e-07
HD 20584, ,3,17,50.7,-,26,21,8,220,-57,7.587,0.356,2.635,0.016,3.782,0.05,101,2.57,1.86,2.2,1.9,2.5,1.51,1.43,1.58,23.9,0.2,0.1,2,777,0.798,10,44,-12,2,9.9,0.9,-17,-26,-9,8.042,-0.085,6.8,8.06,0.08,0.09,49.46124999999999,-26.352222222222224,-42.138992,-35.35881,-84.70573,*,F,6053.408747539136,55.008545621495614,1.9428941916407797e-07
HD 20703, ,3,20,2.1,-,1,35,31,184,-46,7.702,0.323,2.625,-0.005,3.793,-0.51,120,2.3,2.38,2.3,1.9,3.3,1.39,1.28,1.49,17.7,0.2,0.2,3,382,0.76,8,-32,0,1,8.3,1.0,-3,12,-22,8.083,-0.087,8.06,9.26,0.07,0.27,50.00874999999999,-1.5919444444444446,-83.15595,-5.8148246,-86.32078,*,F,6208.690342300638,83.35900794474023,1.3379785466273765e-07
HD 20717, ,3,20,33.7,+,12,20,47,170,-36,7.342,0.312,2.626,-0.006,3.796,-0.55,66,3.24,1.4,4.7,3.0,5.5,1.13,1.08,1.22,48.0,0.3,0.2,2,268,0.651,8,135,10,2,15.1,1.0,-61,-19,-4,8.053,-0.039,6.51,9.03,0.16,0.07,50.14041666666667,12.346388888888889,-52.58393,9.271972,-38.793827,PM*,F,6251.726927756856,53.39512298903041,4.9028561355697e-07
HD 20853, ,3,20,45.2,-,26,36,23,221,-57,6.4,0.348,2.626,0.005,3.783,-0.11,49,2.97,1.59,2.7,2.4,4.1,1.38,1.29,1.43,24.4,0.2,0.4,4,1623,0.164,6,40,23,1,20.6,0.7,-19,-11,-15,8.02,-0.041,7.57,8.13,0.04,0.12,50.18833333333333,-26.60638888888889,-20.14117,-17.508453,-41.094856,*,F,6067.363295885053,26.687312630201436,3.3763631364056964e-07
HD 20904, ,3,23,28.4,+,33,19,55,156,-20,7.616,0.434,0.0,0.0,3.742,-0.22,112,2.36,3.22,2.2,1.7,2.8,1.35,1.32,1.42,3.5,0.2,0.1,2,658,0.831,3,28,-81,1,8.9,1.0,-10,-36,-26,8.097,-0.038,6.34,8.1,0.12,0.29,50.86833333333333,33.331944444444446,-96.14662,42.807224,-38.306255,PM*,F,5520.774392807573,105.24557455784341,1.4536141769059028e-07
HD 20958, ,3,19,0.4,-,65,53,17,283,-45,7.411,0.322,2.646,0.014,3.798,-0.18,105,2.3,1.98,1.9,1.7,2.1,1.55,1.47,1.62,27.1,0.9,1.3,2,1186,0.033,22,-2,-68,2,9.5,0.6,33,-28,-5,7.984,-0.074,6.24,8.57,0.16,0.08,49.75166666666666,-65.88805555555557,16.701775,-72.34328,-74.24621,PM*,F,6280.58358813318,74.24620831604146,1.3379785466273765e-07
HD 21045, ,3,26,1.8,+,51,25,6,146,-4,7.322,0.343,2.621,0.002,3.782,-0.38,63,3.33,1.49,5.3,4.1,6.9,1.09,1.03,1.18,-50.2,0.3,0.6,3,1102,0.113,8,-71,74,2,0.0,0.0,58,-3,10,8.052,-0.005,6.72,10.1,0.2,0.3,51.5075,51.41833333333333,-52.102135,35.143345,-4.3946576,PM*,F,6053.408747539136,62.84653665355991,5.551996068810809e-07
HD 21106, ,3,28,54.1,+,69,16,58,136,11,7.333,0.337,0.0,0.0,3.787,-0.27,69,3.14,1.47,4.4,3.0,5.0,1.18,1.14,1.31,-8.9,0.3,0.2,2,604,0.651,7,-9,35,1,14.5,0.7,14,0,6,8.049,0.013,7.64,8.85,0.07,0.2,52.22541666666666,69.28277777777778,-48.72252,47.0508,13.165821,*,F,6123.503917247734,67.73227986558847,4.2702091808739836e-07
HD 21589, ,3,30,45.0,+,42,12,8,152,-12,6.906,0.248,0.0,0.0,3.836,-0.18,77,2.48,0.98,1.6,1.4,1.8,1.51,1.45,1.57,14.6,1.0,0.8,3,997,0.804,70,93,-19,1,13.0,0.8,-30,-20,11,8.066,-0.015,7.03,8.29,0.08,0.28,52.68749999999999,42.20222222222223,-66.50129,35.359364,-16.009201,PM*,F,6854.882264526614,75.3173698037086,1.7157308092779462e-07
HD 21626, ,3,27,43.7,-,43,51,21,251,-55,6.735,0.321,2.628,-0.005,3.796,-0.16,66,2.63,1.68,2.2,2.1,2.4,1.46,1.41,1.51,7.6,0.2,0.2,2,649,0.548,11,40,32,2,15.1,0.6,-16,-7,0,8.012,-0.054,7.8,8.11,0.02,0.11,51.93208333333333,-43.85583333333334,-12.324723,-35.793594,-54.064037,PM*,F,6251.726927756856,37.85604533576592,2.1108100337753084e-07
HD 21651, ,3,31,9.1,+,39,8,51,154,-14,7.288,0.239,0.0,0.0,3.844,-0.12,119,1.91,1.36,1.2,1.1,1.4,1.69,1.6,1.78,18.2,2.1,2.9,3,997,0.447,110,41,-30,1,8.4,0.9,-28,-18,-4,8.104,-0.029,7.17,8.31,0.07,0.05,52.78791666666666,39.1475,-103.779434,50.616608,-28.788706,*,F,6982.324040771711,115.46519790303059,7.806370326530442e-08
HD 21654, ,3,29,18.0,-,10,33,17,197,-49,7.507,0.27,2.669,-0.008,3.824,-0.11,81,2.97,0.67,1.8,1.4,2.2,1.39,1.33,1.45,10.6,0.6,0.4,2,1120,0.635,24,-30,12,2,12.4,1.0,-4,9,-13,8.05,-0.061,8.03,9.04,0.06,0.11,52.325,-10.554722222222225,-50.81878,-15.536865,-61.131477,*,F,6668.067692136218,53.1407807123364,3.3763631364056964e-07
HD 21899, ,3,30,13.5,-,41,22,11,247,-55,6.12,0.317,2.649,0.003,3.8,0.0,34,3.45,0.61,2.8,1.9,3.3,1.29,1.25,1.32,18.2,0.4,0.2,2,739,0.718,15,-11,-173,1,29.3,0.6,20,-23,-13,8.008,-0.028,6.65,8.39,0.12,0.09,52.55625,-41.36972222222222,-7.619883,-17.951315,-27.85117,PM*,F,6309.57344480193,19.501598066899906,6.553135529074679e-07
HD 21962, ,3,32,57.5,+,16,35,54,170,-31,7.031,0.319,2.651,0.007,3.798,0.0,55,3.33,0.78,2.7,2.1,3.2,1.3,1.25,1.35,-6.6,0.4,0.3,2,1484,0.581,14,-23,-93,2,18.2,1.1,15,-15,-15,8.046,-0.029,7.15,8.43,0.08,0.12,53.23958333333332,16.598333333333333,-46.427975,8.18651,-28.327093,PM*,F,6280.58358813318,47.14420227960937,5.551996068810809e-07
HD 22173, ,3,33,45.2,-,15,7,40,204,-50,7.048,0.289,2.666,0.006,3.812,-0.2,50,3.56,0.42,2.5,1.1,3.3,1.23,1.18,1.28,6.3,0.3,0.4,2,827,0.401,14,-58,-130,2,20.1,0.9,23,-14,-21,8.029,-0.038,7.01,8.64,0.1,0.22,53.438333333333325,-15.127777777777778,-29.360783,-13.072259,-38.302223,PM*,F,6486.344335482381,32.13937668555771,7.628675643650526e-07
HD 22257, ,3,34,38.1,-,12,17,52,200,-49,7.675,0.328,2.626,-0.001,3.789,-0.36,64,3.65,0.99,4.1,3.0,7.3,1.09,1.04,1.16,27.7,0.2,0.1,2,384,0.761,4,53,-67,2,15.7,0.9,-12,-31,-18,8.039,-0.048,6.53,8.04,0.1,0.16,53.65874999999999,-12.297777777777778,-39.455605,-14.360666,-48.301414,PM*,F,6151.7687270986835,41.98777791071564,8.638715069876107e-07
HD 22328, ,3,36,24.3,+,20,4,3,168,-28,7.479,0.326,2.646,0.015,3.794,-0.22,93,2.63,1.78,2.3,2.0,2.7,1.42,1.35,1.49,34.6,0.5,0.2,2,695,0.817,23,95,-51,1,10.7,1.0,-45,-37,-7,8.08,-0.044,6.02,8.42,0.17,0.05,54.10124999999999,20.0675,-80.31973,17.07248,-43.66086,PM*,F,6223.002851691595,82.11411937433964,2.1108100337753084e-07
HD 22527, ,3,32,59.6,-,67,25,10,283,-43,7.489,0.328,2.642,0.004,3.792,-0.05,49,4.04,0.25,2.9,0.0,5.0,1.15,1.09,1.21,3.2,0.6,0.9,2,1147,0.05,10,-66,-73,2,20.4,0.6,23,4,-4,7.992,-0.033,7.49,9.21,0.1,0.07,53.24833333333333,-67.41944444444445,8.061426,-34.917847,-33.41792,PM*,F,6194.410750767812,35.83633112176643,1.4806388821497311e-06
HD 22732, ,3,40,56.1,+,41,11,19,154,-11,7.162,0.285,2.652,0.004,3.812,-0.61,81,2.61,1.73,2.3,2.1,2.5,1.35,1.27,1.41,-98.3,0.6,1.1,3,665,0.024,11,-28,89,1,12.3,0.8,96,-14,39,8.072,-0.016,5.87,11.3,0.32,1.19,55.23374999999999,41.18861111111111,-71.46474,34.85568,-15.455528,PM*,F,6486.344335482381,79.51180724603108,2.0532846002754932e-07
HD 22892, ,3,40,10.7,-,9,2,20,197,-46,6.922,0.289,2.66,0.0,3.817,-0.05,109,1.74,2.0,1.3,1.1,1.5,1.77,1.67,1.86,28.7,0.6,0.9,2,777,0.228,26,50,4,2,9.2,0.9,-32,-21,-5,8.072,-0.079,6.91,8.31,0.09,0.09,55.04458333333332,-9.03888888888889,-72.409256,-22.137737,-78.408035,PM*,F,6561.452663029057,75.71776379393877,6.172330179439641e-08
HD 23079, ,3,39,43.0,-,52,54,57,264,-50,7.118,0.371,2.62,0.014,3.767,-0.24,35,4.42,0.62,8.4,5.3,12.6,0.97,0.93,1.03,0.5,0.2,0.2,4,2743,0.678,4,-191,-96,8,28.9,0.6,28,14,-16,8.002,-0.026,7.55,9.92,0.14,0.14,54.92916666666666,-52.91583333333333,-2.3516328,-22.374321,-26.811556,PM*,F,5847.900841444806,22.49756469125218,2.502932571368431e-06
HD 23148, ,3,41,59.2,-,24,39,8,219,-52,6.778,0.316,2.628,-0.015,3.798,-0.06,41,3.73,0.44,3.0,1.5,4.1,1.21,1.16,1.26,8.9,0.3,0.2,2,815,0.683,14,165,-34,2,24.6,0.8,-14,-28,11,8.02,-0.032,6.67,8.03,0.09,0.28,55.49666666666666,-24.65222222222222,-19.616814,-15.885381,-32.30844,PM*,F,6280.58358813318,25.242121959648262,9.648263369592704e-07
HD 23412, ,3,45,2.7,+,2,37,16,185,-39,6.642,0.32,2.654,0.018,3.798,-0.17,81,2.09,2.18,1.7,1.5,1.9,1.61,1.55,1.69,-19.2,6.8,9.7,2,367,0.138,30,-3,-54,2,12.3,0.8,25,-14,1,8.063,-0.051,7.01,8.73,0.11,0.14,56.26125,2.621111111111111,-62.70929,-5.486356,-50.974953,PM*,F,6280.58358813318,62.94882965125591,1.001034740924846e-07
HD 23456, ,3,43,4.7,-,50,38,35,261,-50,6.974,0.337,2.614,0.001,3.782,-0.41,37,4.15,0.69,6.3,4.0,7.7,1.02,0.96,1.07,28.5,0.3,0.4,2,1530,0.211,3,143,501,1,27.3,0.6,-92,2,-24,8.004,-0.028,6.56,10.77,0.24,0.3,55.76958333333333,-50.64305555555556,-3.7205038,-23.49033,-28.343645,PM*,F,6053.408747539136,23.78314007936535,1.7236502628677525e-06
HD 23596, ,3,48,0.3,+,40,31,50,156,-11,7.235,0.383,0.0,0.0,3.77,0.2,52,3.65,0.94,5.4,3.1,6.7,1.27,1.23,1.31,-10.2,0.2,0.1,2,631,0.813,4,53,23,2,19.2,0.9,4,-9,14,8.047,-0.01,7.6,8.31,0.04,0.35,57.00124999999999,40.53055555555555,-46.631577,20.761711,-9.922068,PM*,F,5888.43655355589,51.04461398771128,8.638715069876107e-07
HD 23609, ,3,47,17.1,+,23,43,36,167,-24,6.994,0.34,2.647,0.021,3.801,0.14,62,2.94,0.97,2.1,1.8,2.4,1.45,1.39,1.51,-8.4,0.3,0.1,2,372,0.898,9,-35,-25,1,16.1,1.1,13,0,-8,8.055,-0.025,7.66,8.83,0.07,0.03,56.82124999999999,23.726666666666667,-55.18814,12.741189,-25.217672,*,F,6324.118513762197,56.63981544632116,3.239284925294737e-07
HD 23623, ,3,48,54.1,+,50,50,24,149,-3,7.341,0.285,0.0,0.0,3.815,-0.14,71,3.07,0.79,2.2,1.7,2.6,1.35,1.3,1.4,-12.3,0.4,0.5,2,1094,0.355,13,24,-89,2,14.0,0.9,-2,-28,-18,8.061,-0.003,6.68,8.09,0.1,0.16,57.22541666666665,50.84,-60.77547,36.517586,-3.715853,PM*,F,6531.305526474723,70.90269276260456,3.8765835625527745e-07
HD 23754, ,3,46,50.8,-,23,14,59,217,-50,4.23,0.278,2.668,-0.01,3.822,0.14,18,2.96,0.5,1.4,1.0,1.9,1.46,1.43,1.55,7.3,0.2,0.5,4,419,0.279,14,-160,-529,1,55.8,0.7,35,-23,-22,8.009,-0.014,6.44,8.76,0.15,0.23,56.71166666666666,-23.249722222222225,-9.240354,-6.963105,-13.7888,PM*,F,6637.43070401909,11.570176026592723,3.3300376974783855e-07
HD 23822, ,3,48,56.9,+,23,51,25,167,-23,6.484,0.243,2.711,0.019,3.844,0.07,75,2.12,0.99,1.1,0.9,1.3,1.69,1.63,1.76,12.3,1.4,2.3,3,734,0.278,90,48,-59,1,13.4,1.0,-15,-24,-8,8.067,-0.03,6.95,8.08,0.08,0.03,57.23708333333333,23.856944444444444,-67.268425,15.530144,-29.304834,PM*,F,6982.324040771711,69.03786189216291,1.0433959578941759e-07
HD 23965, ,3,50,3.4,+,22,35,29,168,-24,7.292,0.338,2.621,-0.002,3.784,-0.24,37,4.44,0.21,3.1,0.0,7.9,1.04,0.97,1.1,6.9,0.2,0.4,5,1146,0.394,9,156,-62,1,26.9,1.1,-16,-25,7,8.033,-0.015,6.87,8.05,0.08,0.22,57.51416666666666,22.591388888888886,-33.062546,7.027658,-15.049255,PM*,F,6081.350012787177,33.80118230132017,2.5730554764783447e-06
HD 24112, ,3,48,46.8,-,40,23,57,245,-51,7.246,0.358,2.624,0.008,3.778,-0.09,52,3.65,1.0,6.0,3.2,7.1,1.13,1.08,1.19,38.6,0.2,0.2,4,3366,0.562,5,92,57,1,19.1,0.7,-33,-29,-17,8.014,-0.041,6.48,8.2,0.12,0.15,57.19499999999999,-40.399166666666666,-13.830036,-29.658615,-40.41159,PM*,F,5997.910762555094,32.72465950135343,8.638715069876107e-07
HD 24163, ,4,3,31.1,+,81,34,36,130,21,7.651,0.276,0.0,0.0,3.821,-0.11,95,2.76,0.94,1.9,1.6,2.2,1.44,1.38,1.5,6.3,1.5,2.2,2,371,0.082,35,-23,-47,2,10.5,0.7,-15,6,-18,8.057,0.035,8.04,8.81,0.05,0.17,60.87958333333333,81.57666666666667,-57.008926,67.94059,34.044956,PM*,F,6622.165037017622,88.69014270606162,2.5260919213089244e-07
HD 24371, ,3,52,30.8,-,5,3,14,194,-42,6.738,0.277,2.638,-0.032,3.818,-0.41,77,2.31,1.72,1.9,1.7,2.1,1.48,1.42,1.54,21.3,0.4,0.3,2,777,0.642,18,8,31,2,13.0,0.9,-23,2,-8,8.056,-0.051,7.91,8.72,0.05,0.05,58.12833333333333,-5.053888888888888,-55.522408,-13.843286,-51.52306,*,F,6576.578373554205,57.22214918540075,1.356591682296914e-07
HD 24421, ,3,55,37.0,+,52,13,36,149,-1,6.815,0.348,2.611,0.009,3.776,-0.6,40,3.8,1.32,8.4,7.2,9.9,0.99,0.96,1.03,-33.3,0.3,0.6,3,682,0.103,5,-119,110,1,25.0,0.9,44,9,2,8.034,-0.001,7.22,10.19,0.17,0.16,58.904166666666654,52.22666666666667,-34.28147,20.598385,-0.6980962,PM*,F,5970.352865838366,39.99390766065658,1.0627941370414843e-06
HD 24424, ,3,52,59.8,-,4,22,15,193,-41,7.509,0.29,2.633,-0.009,3.809,-0.78,116,2.18,2.36,2.1,1.8,3.0,1.4,1.27,1.48,-39.6,0.2,0.2,3,382,0.725,9,21,-57,2,8.6,0.9,41,-24,20,8.085,-0.077,6.38,9.0,0.17,0.5,58.24916666666666,-4.370833333333333,-85.302505,-19.693634,-76.102844,PM*,F,6441.692655151775,87.54631105535503,1.1335721042347089e-07
HD 24649, ,3,53,27.2,-,41,13,21,246,-50,7.227,0.342,2.647,0.027,3.796,-0.12,41,4.03,0.24,2.6,0.0,4.9,1.15,1.08,1.2,14.5,0.9,0.5,2,680,0.707,30,28,67,1,24.2,0.7,-18,-6,-8,8.011,-0.032,7.82,8.18,0.02,0.04,58.36333333333333,-41.2225,-10.719255,-24.075842,-31.407822,PM*,F,6251.726927756856,26.354289892994444,1.4603237550922028e-06
HD 24740, ,3,56,52.0,+,22,28,40,170,-23,5.63,0.225,2.703,-0.002,3.85,-0.16,45,2.37,0.84,1.3,1.1,1.6,1.57,1.52,1.62,32.7,0.5,1.0,4,737,0.133,20,70,-114,1,22.3,0.9,-32,-22,-19,8.041,-0.018,6.85,8.27,0.09,0.18,59.21666666666666,22.477777777777774,-40.79341,7.1929836,-17.582901,PM*,F,7079.457843841381,41.422714933934124,1.4738359644331487e-07
HD 24755, ,3,54,49.0,-,35,42,11,237,-50,7.699,0.31,2.648,0.019,3.796,-0.61,61,3.79,0.9,4.1,2.8,5.7,1.07,1.01,1.12,45.3,0.2,0.2,3,169,0.666,9,110,216,2,16.5,0.7,-81,-10,-13,8.021,-0.047,6.43,9.89,0.21,0.11,58.70416666666666,-35.70305555555556,-21.355322,-32.884308,-46.72871,PM*,F,6251.726927756856,39.21004323336749,1.0482120548131445e-06
HD 25054, ,3,55,23.4,-,60,54,25,274,-44,7.623,0.33,2.662,0.031,3.812,0.21,88,2.76,0.86,1.8,1.4,2.3,1.54,1.49,1.59,9.6,0.4,0.1,2,629,0.97,21,51,16,2,11.3,0.6,-15,-19,5,7.996,-0.062,7.17,8.01,0.05,0.19,58.84749999999999,-60.90694444444444,4.4157233,-63.1477,-61.12994,PM*,F,6486.344335482381,63.30190066303036,2.5260919213089244e-07
HD 25173, ,4,7,24.0,+,75,10,30,135,17,7.211,0.361,2.594,0.001,3.768,-0.81,55,3.52,1.92,8.1,7.1,9.1,0.98,0.94,1.03,33.8,0.2,0.3,3,715,0.643,5,167,-308,2,18.3,0.6,-90,-32,-15,8.037,0.016,5.62,9.57,0.26,0.14,61.84999999999999,75.17500000000001,-37.191525,37.191525,16.080442,PM*,F,5861.3816451402845,52.59675906033802,7.218536386028226e-07
HD 25346, ,3,58,42.9,-,57,6,8,269,-46,6.05,0.293,2.656,-0.003,3.813,-0.05,62,2.1,1.73,1.5,1.4,1.7,1.67,1.62,1.71,10.8,1.8,2.5,2,467,0.091,50,27,12,1,16.2,0.5,-6,-12,-4,8.001,-0.044,7.59,8.02,0.03,0.07,59.67875,-57.102222222222224,-0.7516498,-43.062263,-44.599068,*,F,6501.296903430909,43.068822506576716,1.0149605213416699e-07
HD 25401, ,4,1,20.9,-,26,31,0,223,-48,7.521,0.349,2.601,-0.014,3.777,-0.48,67,3.4,1.61,6.1,5.2,7.2,1.07,1.03,1.12,-13.2,0.2,0.3,4,3075,0.585,7,88,4,2,15.0,0.9,-5,-11,28,8.032,-0.049,7.7,8.08,0.02,0.63,60.33708333333333,-26.516666666666666,-32.78787,-30.575174,-49.790707,PM*,F,5984.115950603199,44.83174861933422,6.11574191621451e-07
HD 25463, ,4,2,59.5,+,9,12,30,182,-31,6.902,0.316,2.647,0.008,3.796,-0.26,44,3.68,0.72,3.7,2.9,4.4,1.15,1.08,1.21,28.1,0.4,0.1,2,332,0.917,10,92,-163,2,22.7,0.8,-19,-39,-20,8.038,-0.023,6.1,8.06,0.14,0.2,60.74791666666666,9.208333333333332,-37.692387,-1.3162429,-22.661674,PM*,F,6251.726927756856,37.71536203100229,9.004283284894444e-07
HD 25473, ,4,9,22.3,+,73,34,13,136,16,6.758,0.347,0.0,0.0,3.783,-0.19,65,2.71,1.92,3.2,2.2,3.5,1.41,1.35,1.49,-28.9,0.2,0.3,2,603,0.442,6,-49,37,2,15.5,0.6,32,-6,-10,8.045,0.018,7.11,9.17,0.13,0.05,62.34291666666667,73.57027777777778,-44.945793,43.403656,17.916428,PM*,F,6067.363295885053,62.482010711605504,2.3574861497700883e-07
HD 25570, ,4,3,56.6,+,8,11,50,183,-32,5.45,0.249,2.686,-0.002,3.834,-0.24,36,2.67,0.88,1.8,1.5,2.0,1.45,1.4,1.49,43.3,1.6,0.0,1,0,0.0,45,166,27,2,27.8,0.9,-49,-17,-1,8.031,-0.019,6.8,8.75,0.13,0.09,60.985833333333325,8.197222222222223,-30.48789,-1.5978036,-19.077093,PM*,F,6823.3869414166975,30.52972998564306,2.2307410023176203e-07
HD 25587, ,4,2,42.7,-,27,29,0,225,-48,7.406,0.347,2.611,-0.013,3.781,-0.21,57,3.62,1.07,6.1,3.6,7.3,1.11,1.06,1.16,11.2,0.2,0.5,5,2889,0.199,8,91,76,2,17.5,0.9,-31,-9,11,8.027,-0.042,7.45,8.46,0.06,0.29,60.677916666666654,-27.48333333333333,-26.969366,-26.969362,-42.359257,PM*,F,6039.4862937638,38.14044033737681,8.28798869352533e-07
HD 25621, ,4,4,9.8,+,2,49,37,188,-35,5.36,0.327,2.632,-0.002,3.794,-0.09,35,2.66,1.63,2.3,2.1,2.4,1.48,1.43,1.52,-18.2,0.3,0.4,3,609,0.346,16,149,-128,2,28.9,0.8,15,-30,16,8.028,-0.02,6.48,8.26,0.12,0.39,61.040833333333325,2.826944444444444,-28.391304,-3.9901383,-20.075176,PM*,F,6223.002851691595,28.670321701605356,2.2001340883422769e-07
HD 25789, ,4,5,16.0,-,0,34,8,192,-36,7.128,0.298,2.632,-0.018,3.81,-0.12,99,2.15,1.81,1.6,1.4,1.9,1.6,1.52,1.68,-17.4,0.4,0.5,2,797,0.176,14,8,-54,1,10.1,0.9,24,-19,1,8.078,-0.059,6.83,8.63,0.12,0.14,61.31666666666665,-0.5688888888888889,-78.34246,-16.652212,-58.19074,PM*,F,6456.542290346556,80.09267883736031,1.0875497926716233e-07
HD 25948, ,4,9,22.2,+,54,49,43,149,2,6.16,0.282,2.664,-0.009,3.818,0.04,47,2.78,0.85,1.8,1.4,2.1,1.48,1.44,1.52,-3.9,0.4,0.2,2,1185,0.682,12,72,-92,2,21.1,0.8,-10,-24,-5,8.041,0.002,6.92,8.04,0.08,0.04,62.3425,54.82861111111112,-40.26232,24.192043,1.6402763,PM*,F,6576.578373554205,46.97136740926593,2.596863665671187e-07
HD 25983, ,4,5,36.6,-,31,3,3,230,-48,6.943,0.348,2.65,0.032,3.803,0.18,69,2.61,1.23,1.8,1.6,2.1,1.56,1.51,1.62,34.4,0.2,0.1,2,1143,0.881,14,37,-22,2,14.5,0.8,-13,-30,-18,8.03,-0.051,6.61,8.03,0.1,0.17,61.40249999999999,-31.050833333333333,-29.677505,-35.368286,-51.276997,*,F,6353.309318517436,46.1700114533538,2.0532846002754932e-07
HD 26200, ,4,10,21.2,+,39,13,32,160,-9,7.02,0.272,0.0,0.0,3.82,-0.29,56,3.26,0.63,2.3,1.7,2.9,1.28,1.23,1.32,-53.1,0.7,1.0,2,204,0.109,14,5,-27,1,17.7,0.8,48,-24,4,8.052,-0.009,6.24,9.12,0.19,0.18,62.58833333333334,39.22555555555556,-51.97491,18.917326,-8.76033,*,F,6606.934480075957,55.31054594287039,5.040216014735024e-07
HD 26246, ,4,6,51.2,-,49,37,42,258,-47,6.868,0.256,2.668,-0.005,3.832,-0.43,103,1.8,1.96,1.4,1.3,1.5,1.64,1.59,1.71,28.7,0.3,0.5,2,91,0.195,10,56,22,1,9.7,0.6,-25,-33,-4,8.015,-0.075,6.38,8.09,0.12,0.09,61.71333333333332,-49.62833333333333,-14.604944,-68.710785,-75.32943,PM*,F,6792.036326171843,70.24582809362676,6.705777664368127e-08
HD 26292, ,4,9,43.0,+,3,19,21,188,-33,6.493,0.291,2.652,-0.007,3.812,-0.15,63,2.51,1.43,2.0,1.7,2.2,1.49,1.43,1.55,-3.0,0.3,0.1,2,363,0.889,6,-51,-60,1,16.0,1.0,16,-3,-17,8.052,-0.034,7.52,8.78,0.08,0.16,62.42916666666667,3.3225,-52.32205,-7.3533854,-34.31226,PM*,F,6486.344335482381,52.83624885477236,1.7883361266574799e-07
HD 26345, ,4,10,42.3,+,18,25,23,175,-24,6.601,0.273,2.667,-0.014,3.823,0.07,43,3.43,0.07,0.5,0.0,1.7,1.35,1.31,1.4,36.8,0.7,0.1,2,317,0.942,27,122,-31,1,23.2,0.9,-41,-18,-2,8.039,-0.017,6.89,8.52,0.11,0.08,62.67625,18.42305555555556,-39.13297,3.4236963,-17.489676,PM*,F,6652.731562017413,39.28245202855257,6.37454439294158e-07
HD 26665, ,4,11,3.0,-,46,56,29,254,-46,7.377,0.332,2.622,-0.011,3.789,-0.3,111,2.15,2.44,1.9,1.7,2.5,1.56,1.44,1.63,15.4,0.3,0.1,2,627,0.904,14,-26,-110,1,9.0,0.6,54,-25,-16,8.022,-0.081,6.09,9.25,0.21,0.17,62.7625,-46.94138888888889,-21.25358,-74.12009,-79.84672,PM*,F,6151.7687270986835,77.10708400934703,1.0875497926716233e-07
HD 26754, ,4,10,7.4,-,61,35,56,273,-42,7.161,0.353,2.609,0.006,3.774,-0.41,41,4.11,0.92,6.7,4.9,11.8,0.99,0.95,1.05,-7.1,0.2,0.4,4,4429,0.217,3,11,-79,2,24.5,0.5,13,0,11,7.998,-0.028,7.62,8.83,0.07,0.28,62.53083333333333,-61.598888888888894,1.5946268,-30.42718,-27.434355,PM*,F,5942.921586155727,30.468936925722865,1.6309819319233878e-06
HD 26784, ,4,14,34.3,+,10,42,4,182,-28,7.099,0.333,2.641,0.005,3.79,0.01,47,3.72,0.56,3.4,2.3,4.3,1.22,1.15,1.26,36.5,0.6,0.0,1,0,0.0,17,121,-5,2,21.1,1.0,-41,-20,1,8.042,-0.022,6.83,8.5,0.11,0.13,63.64291666666666,10.70111111111111,-41.473255,-1.4482733,-22.065165,PM*,F,6165.9500186148225,41.49853462288178,9.515884233396342e-07
HD 27157, ,4,19,13.0,+,42,22,52,159,-6,6.969,0.31,0.0,0.0,3.802,-0.28,99,1.99,2.29,1.7,1.5,2.0,1.59,1.51,1.66,8.1,0.7,0.8,2,628,0.444,27,-21,-58,2,10.1,0.9,-10,-9,-27,8.092,-0.01,7.86,8.09,0.01,0.3,64.80416666666665,42.38111111111111,-91.91816,35.284073,-10.348318,PM*,F,6338.69711256927,98.45767590825476,8.718648116266588e-08
HD 27361, ,4,19,28.5,+,11,57,58,182,-26,7.603,0.32,2.639,0.011,3.795,-0.35,89,2.86,1.64,2.8,2.3,4.5,1.22,1.13,1.38,-5.1,0.7,0.0,1,0,0.0,21,-5,0,2,8.0,1.1,5,1,1,8.08,-0.039,7.87,8.74,0.05,0.13,64.86874999999999,11.966111111111111,-79.94394,-2.7916949,-39.015034,*,F,6237.348354824191,79.99266905872241,2.900341587684856e-07
HD 27415, ,4,13,6.8,-,72,49,14,286,-37,7.431,0.321,2.635,0.001,3.797,-0.16,130,1.86,2.42,1.5,1.3,1.8,1.69,1.57,1.78,0.9,1.3,1.8,2,793,0.059,35,53,27,2,7.7,0.6,-26,-20,15,7.971,-0.078,6.98,8.12,0.08,0.37,63.27833333333333,-72.82055555555556,28.617378,-99.80072,-78.23595,PM*,F,6266.138646723356,103.82262776540229,7.285328680848555e-08
HD 27561, ,4,21,34.7,+,14,24,35,180,-24,6.59,0.273,2.671,-0.008,3.822,-0.02,51,3.04,0.56,1.7,1.2,2.2,1.4,1.36,1.45,41.1,0.8,0.0,1,0,0.0,21,104,-19,1,19.5,1.0,-44,-20,-2,8.047,-0.021,6.77,8.57,0.12,0.09,65.39458333333332,14.409722222222223,-46.590816,-4.0730984e-06,-20.743568,PM*,F,6637.43070401909,46.59081600000017,3.7191967180374245e-07
HD 27731, ,4,23,30.4,+,24,24,19,173,-17,7.18,0.305,2.656,0.001,3.805,0.01,50,3.69,0.25,1.9,0.0,3.2,1.25,1.2,1.3,35.9,2.4,0.0,1,0,0.0,50,94,-43,1,20.0,0.9,-40,-17,-1,8.047,-0.015,6.94,8.51,0.1,0.09,65.87666666666667,24.405277777777776,-47.458828,5.8272085,-14.618585,PM*,F,6382.634861905489,47.8152351665874,9.129545342952947e-07
HD 27808, ,4,24,14.5,+,21,44,10,175,-19,7.131,0.34,2.64,0.011,3.785,-0.1,41,4.08,0.42,4.2,1.7,6.4,1.1,1.05,1.17,37.5,0.5,0.0,1,0,0.0,12,121,-47,1,24.5,1.1,-41,-19,-1,8.038,-0.013,6.87,8.51,0.11,0.09,66.06041666666667,21.73611111111111,-38.618744,3.3787074,-13.348293,PM*,F,6095.368972401694,38.766261772736755,1.5647650954783726e-06
HD 27848, ,4,24,22.2,+,17,4,44,179,-22,6.962,0.294,2.659,-0.005,3.811,0.03,53,3.32,0.47,2.0,1.1,2.6,1.34,1.29,1.39,39.4,1.4,0.0,1,0,0.0,45,99,-27,2,18.7,1.2,-43,-20,-1,8.05,-0.02,6.78,8.53,0.11,0.1,66.0925,17.078888888888887,-49.13326,0.85762674,-19.854149,PM*,F,6471.426157485831,49.14074441695774,5.475819826973227e-07
HD 27901, ,4,24,57.1,+,19,2,31,177,-21,5.97,0.244,2.705,0.009,3.842,0.13,49,2.52,0.58,1.1,0.8,1.4,1.59,1.55,1.7,29.7,2.1,0.0,1,0,0.0,11,109,-35,1,20.4,0.7,-34,-21,3,8.046,-0.017,6.89,8.33,0.09,0.15,66.23791666666668,19.041944444444447,-45.682743,2.3941357,-17.56003,PM*,F,6950.243175887969,45.745435769637865,1.8132143603422485e-07
HD 28097, ,4,28,54.3,+,55,0,1,151,4,7.671,0.35,0.0,0.0,3.78,-0.25,88,2.96,1.79,4.0,3.4,4.7,1.3,1.15,1.38,8.6,0.4,0.6,2,609,0.139,5,-33,-20,1,11.4,0.9,-7,8,-15,8.076,0.007,8.07,8.95,0.05,0.12,67.22625,55.000277777777775,-76.77905,42.55932,6.1385694,*,F,6025.595860743575,87.78563799258339,3.3300376974783855e-07
HD 28122, ,4,30,35.3,+,65,3,4,144,11,7.703,0.249,0.0,0.0,3.835,-0.24,98,2.75,0.79,1.7,1.4,2.0,1.41,1.35,1.48,-3.6,0.5,0.5,5,1057,0.963,35,-12,0,2,10.2,0.9,4,1,-5,8.077,0.019,7.89,8.73,0.05,0.04,67.64708333333333,65.05111111111111,-77.827,56.544624,18.699282,*,F,6839.116472814293,96.19946170484207,2.4914326408057216e-07
HD 28218, ,4,27,22.2,+,7,3,44,188,-28,7.58,0.259,2.702,0.017,3.831,0.03,65,3.5,-0.13,0.0,0.0,1.1,1.34,1.29,1.4,38.1,0.8,0.6,2,641,0.558,22,34,-3,2,15.3,1.1,-36,-12,-10,8.057,-0.03,7.23,8.54,0.08,0.06,66.8425,7.062222222222222,-56.833057,-7.9873667,-30.515652,*,F,6776.41507610675,57.39158818821377,7.021811229241964e-07
HD 28237, ,4,27,46.0,+,11,44,11,184,-25,7.496,0.361,2.629,0.012,3.775,-0.08,47,4.13,0.58,5.7,3.2,8.3,1.07,1.01,1.13,38.9,0.2,0.3,3,95,0.543,9,110,-13,2,21.2,1.0,-42,-20,0,8.043,-0.02,6.8,8.5,0.11,0.11,66.94166666666666,11.736388888888888,-42.492702,-2.9713762,-19.863058,PM*,F,5956.621435290103,42.59646463948306,1.6766760079670455e-06
HD 28246, ,4,25,19.1,-,44,9,39,249,-44,6.38,0.285,2.663,-0.008,3.815,0.02,37,3.54,0.18,1.1,0.0,2.4,1.3,1.26,1.35,15.2,0.2,0.1,2,797,0.694,8,28,67,1,27.0,0.6,-16,-9,-8,8.009,-0.026,7.73,8.09,0.02,0.03,66.32958333333333,-44.16083333333333,-9.538164,-24.847778,-25.70236,PM*,F,6531.305526474723,26.615571457854895,7.420773053456006e-07
HD 28264, ,4,26,53.2,-,18,39,22,215,-40,7.002,0.345,2.634,0.013,3.785,-0.13,66,2.9,1.63,2.6,2.3,3.9,1.38,1.31,1.44,18.9,0.5,0.7,2,802,0.024,7,95,14,2,15.1,0.8,-24,-24,11,8.041,-0.043,6.87,8.14,0.08,0.28,66.72166666666666,-18.65611111111111,-41.415455,-28.99941,-42.42398,PM*,F,6095.368972401694,50.55893287249173,3.065131772565901e-07
HD 28428, ,4,27,40.6,-,32,24,31,233,-43,7.081,0.302,2.652,0.0,3.807,-0.11,78,2.62,1.39,2.1,1.8,2.3,1.47,1.42,1.52,52.3,0.2,0.1,2,772,0.858,10,31,13,2,12.8,0.7,-31,-35,-27,8.034,-0.054,6.26,8.17,0.13,0.31,66.91916666666667,-32.40861111111111,-34.330902,-45.558628,-53.19587,*,F,6412.095765851615,57.045590691796576,2.0818486343771062e-07
HD 28453, ,4,27,32.5,-,40,28,20,244,-44,7.148,0.378,2.616,0.018,3.768,-0.13,67,3.03,1.89,3.9,3.6,4.3,1.29,1.26,1.35,-1.6,0.2,0.2,4,3694,0.718,7,-26,29,1,15.0,0.6,-5,10,-5,8.021,-0.046,8.01,9.06,0.06,0.06,66.88541666666666,-40.47222222222222,-21.127625,-43.31807,-46.542114,*,F,5861.3816451402845,48.19576461335088,3.668167426027225e-07
HD 28483, ,4,30,17.9,+,19,50,26,177,-19,7.093,0.312,2.656,0.008,3.8,-0.08,50,3.59,0.55,2.9,1.9,3.7,1.23,1.18,1.28,40.7,1.1,0.0,1,0,0.0,26,95,-34,1,19.9,0.9,-43,-19,-2,8.047,-0.017,6.83,8.57,0.11,0.08,67.57458333333332,19.840555555555557,-47.211136,2.4742355,-16.278406,PM*,F,6309.57344480193,47.27592625977789,7.951501586565117e-07
HD 28608, ,4,30,57.1,+,10,45,6,185,-25,7.027,0.312,2.655,0.007,3.8,-0.08,43,3.84,0.3,2.7,0.1,4.1,1.19,1.14,1.25,38.8,1.0,0.0,1,0,0.0,35,102,-11,2,23.0,1.0,-40,-18,-2,8.039,-0.018,6.9,8.5,0.1,0.08,67.73791666666666,10.751666666666669,-38.822937,-3.3965695,-18.172586,PM*,F,6309.57344480193,38.97123454131649,1.123179452715063e-06
HD 28620, ,4,32,17.2,+,37,2,35,164,-8,6.79,0.332,2.612,-0.006,3.785,-0.6,43,3.61,1.31,6.7,5.4,8.0,1.04,1.0,1.09,20.7,0.2,0.2,3,615,0.768,7,30,-9,1,23.1,0.9,-22,0,0,8.041,-0.006,7.89,8.57,0.04,0.12,68.07166666666666,37.043055555555554,-40.93199,11.73706,-5.9844437,*,F,6095.368972401694,42.581526308995784,8.174273225567452e-07
HD 28676, ,4,32,7.9,+,21,37,56,176,-18,7.09,0.389,2.619,0.017,3.764,0.08,39,4.12,0.72,6.8,3.9,9.5,1.09,1.03,1.16,6.6,0.2,0.1,2,603,0.9,3,1,-3,1,25.5,0.9,-6,0,-2,8.037,-0.012,8.01,8.39,0.02,0.07,68.03291666666665,21.63222222222222,-37.000854,2.5873513,-12.051663,*,F,5807.644175213118,37.091206282337694,1.6536711507079238e-06
HD 28772, ,4,34,16.5,+,45,54,48,158,-1,7.455,0.301,0.0,0.0,3.804,-0.25,63,3.46,0.75,3.1,2.4,3.6,1.21,1.14,1.27,1.6,0.7,0.0,1,0,0.0,12,37,-56,2,15.9,0.9,-9,-18,-3,8.058,-0.001,7.3,8.06,0.05,0.06,68.56875,45.91333333333333,-58.403683,23.596628,-1.0995016,PM*,F,6367.955209079156,62.99040435601976,6.644298725204366e-07
HD 28807, ,4,31,56.9,-,12,37,57,209,-37,7.153,0.308,2.642,-0.004,3.802,-0.17,56,3.43,0.75,3.0,2.3,3.5,1.24,1.18,1.29,15.4,0.2,0.3,3,2176,0.521,6,108,2,2,18.0,0.8,-19,-23,12,8.039,-0.033,6.96,8.09,0.07,0.3,67.98708333333333,-12.6325,-39.11613,-21.682428,-33.701637,PM*,F,6338.69711256927,44.723587849725156,6.37454439294158e-07
HD 28877, ,4,36,0.5,+,55,30,43,151,5,6.908,0.332,0.0,0.0,3.791,-0.18,70,2.68,1.76,2.3,2.1,2.6,1.43,1.38,1.49,-21.0,0.7,1.0,2,609,0.02,12,3,-56,2,14.3,0.8,10,-22,-13,8.061,0.007,6.89,8.26,0.09,0.09,69.00208333333332,55.511944444444445,-60.990406,33.80753,6.1009016,PM*,F,6180.164001384158,69.73362681479959,2.2617737008794846e-07
HD 29239, ,4,35,17.7,-,24,31,58,223,-40,6.692,0.315,2.654,0.012,3.801,-0.1,54,3.04,1.1,2.5,2.2,2.9,1.36,1.31,1.41,24.4,0.5,0.7,2,780,0.122,19,90,3,2,18.6,0.8,-21,-26,1,8.03,-0.035,6.76,8.08,0.09,0.13,68.82374999999999,-24.532777777777778,-30.253471,-28.211811,-34.71053,PM*,F,6324.118513762197,41.36639683907171,3.7191967180374245e-07
HD 29427, ,4,36,25.6,-,37,49,33,241,-42,7.202,0.266,2.675,-0.006,3.825,-0.11,54,3.53,0.09,0.6,0.0,2.0,1.29,1.24,1.34,-1.5,1.8,2.6,2,770,0.014,25,10,-78,2,18.4,0.6,18,-10,1,8.02,-0.036,7.25,8.59,0.08,0.13,69.10666666666665,-37.825833333333335,-19.45532,-35.09833,-36.133053,PM*,F,6683.439175686149,40.12981740665287,7.318956230148521e-07
HD 29497, ,4,39,8.6,+,13,0,10,184,-22,7.207,0.285,2.655,-0.003,3.812,-0.35,60,3.33,0.79,2.8,2.1,3.3,1.23,1.18,1.28,30.7,0.3,0.6,4,383,0.3,7,-44,-64,1,16.8,0.9,-20,-9,-31,8.055,-0.022,7.71,8.23,0.03,0.38,69.78583333333333,13.002777777777778,-55.495518,-3.8806207,-22.476395,PM*,F,6486.344335482381,55.631032123317574,5.551996068810809e-07
HD 29502, ,4,38,11.5,-,13,15,29,210,-35,7.338,0.293,2.668,0.011,3.811,-0.15,71,3.08,0.88,2.4,1.9,2.8,1.34,1.29,1.39,-9.7,0.2,0.1,2,796,0.794,9,36,-12,2,14.1,0.8,6,-6,13,8.05,-0.041,7.65,8.45,0.05,0.33,69.54791666666665,-13.258055555555556,-50.367867,-29.079897,-40.723927,*,F,6471.426157485831,58.159800856436036,3.9305122118319165e-07
HD 29537, ,4,40,22.6,+,29,58,20,171,-11,6.799,0.237,2.708,0.011,3.843,-0.11,76,2.4,0.88,1.4,1.1,1.6,1.55,1.49,1.62,30.9,2.3,4.1,3,1032,0.229,110,54,-41,1,13.2,0.9,-35,-19,-1,8.073,-0.014,7.01,8.4,0.09,0.1,70.09416666666667,29.97222222222222,-73.68517,11.670584,-14.501484,PM*,F,6966.265141107687,74.6036648485177,1.536204913795363e-07
HD 29645, ,4,41,50.2,+,38,16,48,165,-5,5.99,0.372,2.611,-0.003,3.773,0.12,31,3.52,1.07,3.4,2.9,5.8,1.3,1.24,1.33,46.6,0.2,0.2,5,2885,0.849,4,242,-99,2,32.0,0.9,-55,-21,13,8.03,-0.003,6.56,8.83,0.15,0.34,70.45916666666666,38.28,-29.829756,7.9928617,-2.7018278,PM*,F,5929.2532458,30.88203654513191,7.218536386028226e-07
HD 29745, ,4,42,4.1,+,24,0,38,176,-14,7.214,0.311,2.645,0.007,3.801,-0.29,88,2.48,1.83,2.1,1.9,2.4,1.45,1.39,1.52,19.3,1.2,1.7,2,603,0.182,30,-15,-8,1,11.3,0.9,-17,3,-12,8.085,-0.022,8.04,8.65,0.04,0.07,70.51708333333333,24.010555555555555,-85.17803,5.9562273,-21.289127,*,F,6324.118513762197,85.38602601321932,1.7157308092779462e-07
HD 30157, ,4,44,33.8,-,16,3,54,214,-35,7.536,0.338,2.618,-0.003,3.783,-0.28,47,4.18,0.53,5.8,3.0,7.8,1.04,0.98,1.1,22.3,0.3,0.5,2,378,0.109,6,41,30,2,21.3,1.0,-22,-11,-4,8.032,-0.027,7.51,8.19,0.04,0.05,71.14083333333333,-16.065,-31.918066,-21.52901,-26.958094,*,F,6067.363295885053,38.50014556804241,1.7965907111654088e-06
HD 30292, ,4,43,49.5,-,48,19,37,255,-41,6.91,0.32,2.637,-0.005,3.795,-0.09,43,3.74,0.52,3.5,2.2,4.3,1.19,1.14,1.24,14.2,0.3,0.5,2,845,0.163,6,6,278,1,23.2,0.6,-57,7,-11,8.009,-0.028,7.28,9.79,0.15,0.06,70.95625,-48.32694444444445,-8.399327,-31.346722,-28.210539,PM*,F,6237.348354824191,32.452514142947585,9.782484083016166e-07
HD 30369, ,4,46,4.7,-,25,9,32,225,-38,7.511,0.293,2.652,0.009,3.807,-0.53,77,3.08,1.3,2.8,2.4,4.4,1.24,1.13,1.3,55.3,0.2,0.4,3,395,0.262,7,71,48,2,13.0,0.8,-51,-36,-10,8.043,-0.047,5.96,8.5,0.18,0.07,71.51958333333333,-25.15888888888889,-42.905003,-42.904995,-47.405937,PM*,F,6412.095765851615,60.67683147940434,3.9305122118319165e-07
HD 30483, ,4,48,41.2,+,16,38,3,183,-18,7.564,0.273,2.679,0.005,3.822,-0.08,86,2.89,0.77,1.8,1.4,2.2,1.41,1.35,1.47,2.0,0.4,0.0,1,0,0.0,2,26,-77,2,11.6,1.0,3,-31,-10,8.082,-0.026,6.5,8.14,0.11,0.05,72.17166666666667,16.634166666666665,-81.67877,-4.2806053,-26.575462,PM*,F,6637.43070401909,81.79086165609999,3.023076588038178e-07
HD 30606, ,4,48,32.5,-,16,19,46,215,-34,5.76,0.34,2.633,0.004,3.789,0.01,41,2.67,1.63,2.2,2.1,2.4,1.5,1.46,1.53,33.6,0.1,0.3,5,1164,0.43,8,9,40,1,24.1,0.8,-29,-12,-15,8.028,-0.023,7.37,8.34,0.06,0.12,72.13541666666666,-16.329444444444444,-27.843424,-19.496174,-22.926908,*,F,6151.7687270986835,33.990543695005115,2.2307410023176203e-07
HD 30617, ,4,50,53.1,+,37,45,37,166,-4,7.271,0.321,2.628,0.009,3.791,-0.62,69,3.06,1.75,4.5,3.9,5.3,1.14,1.1,1.19,22.0,0.5,0.8,3,607,0.029,3,40,38,2,14.4,1.0,-22,7,16,8.067,-0.005,7.97,9.02,0.06,0.41,72.72125,37.76027777777778,-66.78732,16.651947,-4.8131967,PM*,F,6180.164001384158,68.83192174909261,3.8233948420809556e-07
HD 30736, ,4,52,21.5,+,45,56,23,160,1,6.68,0.363,0.0,0.0,3.779,-0.03,65,2.62,1.95,2.3,2.1,2.6,1.49,1.41,1.55,23.0,0.4,0.5,2,321,0.376,15,53,-55,1,15.4,1.0,-30,-14,2,8.061,0.001,7.28,8.34,0.07,0.14,73.08958333333332,45.939722222222215,-61.07072,22.22793,1.1344063,PM*,F,6011.737374832779,64.99010473451554,2.0818486343771062e-07
HD 30743, ,4,49,42.2,-,13,46,10,212,-33,6.28,0.298,2.63,-0.017,3.804,-0.43,35,3.54,0.82,3.4,2.6,4.0,1.16,1.1,1.21,-3.7,0.2,0.2,3,355,0.531,7,-121,-173,1,28.3,0.8,26,-6,-24,8.025,-0.019,7.23,8.97,0.11,0.27,72.42583333333333,-13.769444444444446,-24.893154,-15.554969,-19.062366,PM*,F,6367.955209079156,29.353469584679033,7.420773053456006e-07
HD 31138, ,4,53,55.6,+,15,55,54,184,-17,7.617,0.327,2.646,0.007,3.795,0.02,88,2.9,1.25,2.4,2.0,2.7,1.41,1.34,1.48,-11.9,0.3,0.4,2,603,0.402,11,-1,-105,1,11.4,1.1,22,-34,-21,8.084,-0.026,6.23,8.39,0.15,0.22,73.48166666666665,15.931666666666668,-83.94982,-5.8703375,-25.728708,PM*,F,6237.348354824191,84.1548165014713,3.065131772565901e-07
HD 31153, ,4,54,3.0,+,17,1,36,183,-16,7.221,0.353,2.613,-0.007,3.778,-0.29,68,3.07,1.76,4.3,3.8,5.0,1.18,1.14,1.3,55.6,0.3,0.1,2,603,0.941,6,78,-1,1,14.8,0.9,-58,-18,3,8.065,-0.019,6.61,8.98,0.15,0.17,73.5125,17.026666666666667,-65.27621,-3.420983,-18.74334,PM*,F,5997.910762555094,65.36579163943775,3.8765835625527745e-07
HD 31253, ,4,54,43.6,+,12,21,7,187,-19,7.133,0.367,2.621,0.011,3.774,-0.1,54,3.48,1.27,5.5,4.6,6.5,1.15,1.1,1.22,12.1,0.3,0.4,2,603,0.257,3,89,-40,2,18.6,1.1,-13,-23,8,8.05,-0.018,6.99,8.05,0.07,0.23,73.68166666666667,12.351944444444444,-50.67742,-6.222399,-17.580679,PM*,F,5942.921586155727,51.057997876646134,6.830447379131052e-07
HD 31409, ,4,56,35.7,+,23,17,44,178,-12,7.519,0.325,2.638,-0.002,3.796,0.02,68,3.36,0.77,2.7,2.1,3.3,1.29,1.23,1.35,57.5,0.4,0.6,2,603,0.205,11,75,-105,2,14.7,1.3,-57,-40,-13,8.066,-0.014,5.77,8.62,0.2,0.09,74.14874999999999,23.29555555555556,-66.47352,2.3213034,-14.137996,PM*,F,6251.726927756856,66.51403844802428,5.786942270444603e-07
HD 31423, ,4,56,8.9,+,7,54,16,192,-21,6.421,0.262,2.672,-0.01,3.828,-0.15,59,2.57,1.02,1.7,1.5,2.0,1.49,1.43,1.54,-23.1,0.4,0.1,2,1086,0.886,14,-89,-44,2,17.0,1.1,30,10,-17,8.054,-0.021,7.51,9.8,0.13,0.17,74.03708333333333,7.904444444444445,-53.877586,-11.452041,-21.14371,PM*,F,6729.766562843175,55.08124468685395,1.9428941916407797e-07
HD 31675, ,5,2,50.4,+,66,49,22,144,15,6.191,0.331,0.0,0.0,3.788,-0.24,28,3.96,0.6,4.6,3.0,6.1,1.08,1.04,1.15,15.5,0.3,0.5,3,1715,0.279,12,66,-336,2,35.8,0.6,-40,-22,-14,8.022,0.007,6.71,8.42,0.11,0.1,75.71,66.82277777777777,-21.880611,15.897195,7.246933,PM*,F,6137.620051647939,27.045922920125058,1.3257118855796027e-06
HD 31746, ,4,54,53.0,-,58,32,51,268,-38,6.11,0.289,2.651,-0.01,3.81,-0.2,31,3.66,0.37,2.5,0.9,3.5,1.21,1.16,1.27,22.2,0.3,0.1,2,239,0.811,12,101,68,1,32.4,0.5,-14,-25,-3,8.001,-0.019,6.84,8.01,0.08,0.06,73.72083333333333,-58.5475,-0.85254306,-24.413452,-19.085506,PM*,F,6456.542290346556,24.428333308383078,8.758891567482405e-07
HD 31975, ,4,53,5.6,-,72,24,27,284,-35,6.29,0.332,2.619,-0.014,3.79,-0.03,33,3.73,0.59,3.6,2.5,4.3,1.21,1.15,1.24,26.9,0.2,0.3,4,1528,0.562,6,-45,271,2,30.7,0.5,-34,-19,-32,7.993,-0.018,6.97,8.31,0.09,0.41,73.27333333333333,-72.4075,6.539639,-26.229052,-18.928022,PM*,F,6165.9500186148225,27.03201892328845,9.648263369592704e-07
HD 32152, ,4,59,20.4,-,36,52,17,240,-37,7.119,0.297,2.654,0.01,3.805,-0.46,72,2.82,1.55,2.5,2.2,3.8,1.33,1.27,1.38,22.4,0.4,0.6,2,610,0.077,8,-52,111,2,13.8,0.7,-40,12,-22,8.029,-0.044,7.69,9.66,0.11,0.25,74.835,-36.87138888888889,-28.750874,-49.797985,-43.33068,PM*,F,6382.634861905489,57.50175706727666,2.744410990922079e-07
HD 32508, ,5,6,15.5,+,49,58,28,158,5,7.609,0.302,0.0,0.0,3.808,0.08,75,3.23,0.58,2.0,1.4,2.5,1.36,1.31,1.42,27.1,0.4,0.0,1,0,0.0,1,25,-89,2,13.3,0.9,-37,-18,-9,8.07,0.007,6.97,8.46,0.1,0.03,76.56458333333332,49.97444444444445,-69.27418,27.988592,6.53668,PM*,F,6426.877173170194,74.71461233798155,4.835586427513509e-07
HD 32715, ,5,9,44.5,+,64,55,10,146,15,6.32,0.281,2.66,-0.015,3.817,0.02,40,3.34,0.33,1.6,0.6,2.4,1.34,1.3,1.39,3.0,1.9,2.7,2,206,0.177,50,-15,-183,2,25.3,0.7,-22,-18,-20,8.032,0.01,7.2,8.13,0.06,0.19,77.43541666666665,64.91944444444445,-32.031548,21.605558,10.352762,PM*,F,6561.452663029057,38.63703150822625,5.629232027732556e-07
HD 32733, ,5,6,47.3,+,34,32,7,171,-4,7.704,0.278,2.671,-0.001,3.818,-0.12,76,3.31,0.47,2.0,1.1,2.6,1.31,1.25,1.36,-12.0,0.8,0.0,1,0,0.0,17,22,-10,2,13.2,1.0,10,-9,5,8.075,-0.005,7.47,8.48,0.06,0.19,76.69708333333332,34.53527777777778,-74.88147,11.860058,-5.3014917,*,F,6576.578373554205,75.81487667420072,5.400688762356338e-07
HD 32820, ,5,3,53.9,-,41,44,41,246,-37,6.31,0.331,2.64,-0.001,3.793,0.13,31,3.83,0.27,2.5,0.4,3.8,1.25,1.2,1.29,30.5,0.2,0.3,4,774,0.604,8,22,160,1,31.9,0.6,-33,-15,-14,8.01,-0.019,7.12,8.35,0.08,0.1,75.97458333333331,-41.74472222222222,-10.069864,-22.617285,-18.656265,PM*,F,6208.690342300638,24.757700655547982,1.1077688528953563e-06
HD 32913, ,5,6,11.0,-,10,25,19,210,-28,7.473,0.277,2.648,-0.018,3.819,-0.2,109,2.29,1.54,1.8,1.5,2.0,1.53,1.45,1.62,-9.5,0.8,0.3,2,1104,0.779,24,-26,-46,2,9.2,1.0,24,-4,-16,8.083,-0.051,7.35,9.02,0.1,0.14,76.5458333333333,-10.421944444444444,-83.347404,-48.12064,-51.1724,PM*,F,6591.738952443213,96.24128920348488,1.3196207927532493e-07
HD 32994, ,5,6,55.4,-,5,9,56,205,-26,7.304,0.339,2.637,0.007,3.79,0.02,75,2.94,1.33,2.5,2.2,2.8,1.41,1.34,1.46,-1.5,0.2,0.2,2,413,0.571,6,63,-24,1,13.4,0.9,3,-19,15,8.061,-0.032,7.2,8.17,0.06,0.35,76.73083333333331,-5.165555555555556,-61.0938,-28.488508,-32.87784,PM*,F,6165.9500186148225,67.40955041020571,3.239284925294737e-07
HD 33008, ,5,7,16.7,+,0,59,27,199,-23,7.472,0.25,2.683,-0.003,3.838,-0.1,155,1.52,1.83,1.1,0.9,1.3,1.81,1.7,1.94,22.4,0.7,0.8,3,1065,0.703,40,-51,16,2,8.4,1.1,-19,24,-33,8.135,-0.059,8.1,10.28,0.12,0.51,76.81958333333331,0.9908333333333332,-134.90494,-46.45148,-60.563324,PM*,F,6886.522963442762,142.67824932551565,4.5545885491620235e-08
HD 33081, ,5,7,8.6,-,17,17,59,218,-31,7.046,0.313,2.63,-0.011,3.798,-0.28,51,3.5,0.87,3.4,2.8,3.9,1.18,1.1,1.24,-12.0,0.3,0.1,2,1068,0.716,8,6,-164,2,19.5,0.9,36,-19,-6,8.035,-0.026,6.57,8.88,0.15,0.04,76.78583333333331,-17.299722222222226,-34.448315,-26.913967,-26.266941,PM*,F,6280.58358813318,43.71553529371811,7.021811229241964e-07
HD 33202, ,5,10,34.0,+,40,50,38,166,1,7.719,0.347,0.0,0.0,3.78,-0.35,80,3.2,1.64,4.9,4.1,6.0,1.15,1.08,1.21,-64.8,0.3,0.2,2,635,0.533,7,-53,-16,1,12.5,1.2,64,-8,-21,8.078,0.001,6.48,10.14,0.22,0.22,77.64166666666665,40.84388888888889,-77.61184,19.350801,1.3961924,PM*,F,6025.595860743575,79.98781911970848,4.6392646723063425e-07
HD 33208, ,5,8,33.3,-,3,0,34,203,-24,7.243,0.351,2.63,0.011,3.784,-0.04,96,2.33,2.14,2.0,1.7,2.4,1.54,1.45,1.63,37.5,0.3,0.1,2,1104,0.884,12,27,12,2,10.4,1.0,-36,-17,-3,8.08,-0.039,7.07,8.47,0.09,0.08,77.13874999999999,-3.0094444444444446,-80.728615,-34.267258,-39.04672,*,F,6081.350012787177,87.70036630856676,1.3945983593040382e-07
HD 33252, ,5,10,3.8,+,27,33,23,177,-7,6.974,0.319,2.627,0.0,3.793,-0.29,40,3.95,0.54,4.2,2.3,5.8,1.09,1.04,1.16,15.3,0.1,0.4,12,5000,0.533,7,198,-88,1,24.9,1.1,-20,-35,19,8.04,-0.005,6.37,8.07,0.12,0.43,77.51583333333332,27.55638888888889,-39.647434,2.077838,-4.874774,PM*,F,6208.690342300638,39.701844208280804,1.307522436604637e-06
HD 33256, ,5,8,43.6,-,4,27,22,205,-25,5.111,0.299,2.637,-0.012,3.805,-0.29,25,3.12,1.1,2.7,2.3,3.1,1.29,1.24,1.33,10.1,0.2,0.5,7,3180,0.2,10,54,15,1,40.0,0.7,-10,-6,2,8.021,-0.01,7.96,8.02,0.0,0.13,77.18166666666667,-4.456111111111111,-20.534843,-9.575556,-10.565456,PM*,F,6382.634861905489,22.657692948395805,4.1538341256420695e-07
HD 33262, ,5,5,30.6,-,57,28,21,266,-37,4.7,0.337,2.616,-0.011,3.785,-0.14,12,4.37,0.17,3.7,0.0,6.0,1.07,1.01,1.13,-0.8,0.3,0.4,2,702,0.348,15,-32,118,1,85.8,0.5,-6,3,-1,8.001,-0.007,7.98,8.53,0.03,0.09,76.37749999999998,-57.4725,-0.6685206,-9.560281,-7.22178,PM*,F,6095.368972401694,9.58362627566337,2.3358725868344556e-06
HD 33313, ,5,9,45.9,+,7,10,53,194,-19,7.409,0.322,2.618,-0.001,3.789,-0.49,47,4.06,0.69,5.1,2.6,7.0,1.03,0.98,1.09,34.9,0.3,0.3,2,370,0.49,4,49,14,2,21.4,1.2,-35,-12,-1,8.043,-0.015,7.25,8.48,0.08,0.09,77.44125,7.181388888888889,-43.119335,-10.750853,-15.3017025,PM*,F,6151.7687270986835,44.4393732074366,1.5221209024896846e-06
HD 33476, ,5,6,11.2,-,62,47,22,273,-36,7.716,0.32,2.618,-0.016,3.792,-0.31,60,3.83,0.7,4.0,2.9,5.4,1.1,1.04,1.16,3.2,0.2,0.2,2,376,0.589,5,-32,308,2,16.7,0.6,-85,10,-20,7.998,-0.035,6.83,10.88,0.23,0.23,76.54666666666665,-62.78944444444444,2.54045,-48.474495,-35.267113,PM*,F,6194.410750767812,48.5410192693512,1.1077688528953563e-06
HD 33503, ,5,12,9.6,+,32,53,42,173,-4,7.63,0.307,2.666,0.022,3.814,-0.14,77,3.11,0.78,2.2,1.8,2.7,1.33,1.28,1.39,13.3,0.8,1.2,2,638,0.049,16,3,3,1,13.0,1.0,-13,2,1,8.076,-0.005,8.06,8.55,0.03,0.12,78.03999999999999,32.895,-76.23988,9.361075,-5.3712482,*,F,6516.283940608428,76.81242755941271,4.096841384835628e-07
HD 33514, ,5,7,34.2,-,54,59,20,263,-37,7.336,0.304,2.655,0.002,3.804,-0.1,66,3.23,0.84,2.6,2.1,3.0,1.31,1.26,1.36,17.0,0.3,0.2,2,702,0.579,11,-49,53,2,15.1,0.6,-16,-1,-23,8.007,-0.04,7.94,8.35,0.03,0.25,76.89249999999998,-54.98888888888889,-6.4237394,-52.317055,-39.719788,PM*,F,6367.955209079156,52.70994850834269,4.835586427513509e-07
HD 33608, ,5,11,19.1,-,2,29,26,203,-23,5.9,0.297,2.661,-0.002,3.812,0.16,38,2.97,0.69,1.8,1.4,2.2,1.45,1.41,1.54,33.8,0.2,0.4,5,1552,0.554,16,82,2,1,26.0,0.8,-31,-20,-1,8.032,-0.015,6.95,8.26,0.09,0.09,77.82958333333332,-2.4905555555555554,-32.19851,-13.667455,-14.847783,PM*,F,6486.344335482381,34.97918484466334,3.3763631364056964e-07
HD 33649, ,5,9,39.7,-,44,20,7,250,-36,7.477,0.295,2.658,-0.002,3.81,-0.05,61,3.56,0.33,2.0,0.5,3.0,1.27,1.22,1.32,28.3,0.5,0.7,2,682,0.254,16,21,98,1,16.5,0.6,-36,-16,-10,8.017,-0.036,7.05,8.41,0.09,0.06,77.41541666666666,-44.33527777777778,-16.878702,-46.373863,-35.8549,PM*,F,6456.542290346556,49.35003293562805,7.628675643650526e-07
HD 33779, ,5,12,37.2,+,0,4,49,201,-22,7.218,0.279,2.668,-0.001,3.824,0.04,123,1.77,1.74,1.2,1.0,1.4,1.77,1.65,1.89,58.0,0.8,0.4,2,295,0.692,24,17,6,2,0.0,0.0,-53,-23,-12,8.107,-0.046,6.57,8.81,0.15,0.09,78.155,0.0802777777777777,-106.468895,-40.86957,-46.07661,*,F,6668.067692136218,114.04362040248427,6.43352732600023e-08
HD 33807, ,5,11,30.0,-,30,13,31,233,-34,7.055,0.298,2.661,0.012,3.81,-0.22,118,1.7,2.35,1.4,1.2,1.5,1.71,1.64,1.82,22.9,1.5,0.1,2,771,0.977,35,18,7,2,8.5,0.6,-16,-19,-4,8.059,-0.065,7.2,8.09,0.06,0.08,77.875,-30.225277777777777,-58.873436,-78.12766,-65.984764,*,F,6456.542290346556,97.8264418422836,5.8404881880053836e-08
HD 33924, ,5,17,27.5,+,60,10,54,151,13,6.953,0.305,0.0,0.0,3.804,-0.13,49,3.49,0.61,2.8,2.0,3.5,1.25,1.2,1.29,15.6,1.1,1.4,2,322,0.356,60,-5,-136,2,20.3,0.8,-29,-13,-14,8.042,0.011,7.3,8.33,0.07,0.11,79.36458333333331,60.181666666666665,-41.75796,23.146812,11.022601,PM*,F,6367.955209079156,47.74413188157204,6.925468367376233e-07
HD 34002, ,5,9,37.3,-,63,46,38,274,-35,7.714,0.241,2.694,-0.005,3.843,0.06,128,2.17,0.96,1.1,1.0,1.3,1.67,1.61,1.74,23.3,0.4,0.1,2,88,0.928,20,12,88,2,7.8,0.6,-53,-20,-14,7.993,-0.074,6.57,8.74,0.14,0.13,77.40541666666667,-63.77722222222222,7.3140783,-104.59605,-73.417786,PM*,F,6966.265141107687,104.851463590076,1.1180189118904961e-07
HD 34012, ,5,13,32.8,-,17,6,23,218,-29,7.409,0.366,2.612,0.005,3.772,-0.34,83,2.81,2.21,3.9,3.0,5.2,1.19,1.11,1.35,-11.6,1.6,1.5,2,859,0.512,13,1,-7,2,5.2,1.0,10,4,5,8.057,-0.04,7.8,8.99,0.07,0.2,78.38666666666666,-17.10638888888889,-57.204414,-44.692974,-40.239197,*,F,5915.616341754737,72.59343569530286,2.706756260487269e-07
HD 34484, ,5,16,24.1,-,32,30,48,236,-33,7.075,0.341,2.623,0.001,3.786,-0.16,61,3.14,1.39,4.2,2.6,4.7,1.31,1.23,1.37,11.2,0.2,0.2,2,800,0.595,6,31,-15,2,16.3,0.7,-3,-15,0,8.029,-0.034,7.41,8.08,0.04,0.12,79.10041666666666,-32.513333333333335,-28.607697,-42.412655,-33.22298,*,F,6109.420249055721,51.15890569385582,4.2702091808739836e-07
HD 34554, ,5,17,0.2,-,31,16,36,234,-33,7.475,0.315,2.622,-0.004,3.793,-0.54,50,3.99,0.71,4.7,2.5,6.3,1.04,1.0,1.1,13.3,0.2,0.3,3,402,0.468,6,6,161,2,20.1,0.7,-39,8,2,8.024,-0.027,7.65,9.37,0.1,0.15,79.25083333333333,-31.276666666666667,-24.647919,-33.92493,-27.231953,PM*,F,6208.690342300638,41.933528190881596,1.3818126046934837e-06
HD 34652, ,4,21,16.6,-,87,48,46,301,-28,7.497,0.299,2.663,0.007,3.806,-0.16,58,3.66,0.42,2.7,1.2,3.8,1.21,1.16,1.27,11.6,0.6,0.1,2,1124,0.883,26,64,68,1,17.1,0.6,-16,-23,-3,7.974,-0.028,6.92,8.0,0.07,0.07,65.31916666666666,-87.81277777777777,26.375586,-43.896366,-27.229351,PM*,F,6397.348354826482,51.21096059291752,8.758891567482405e-07
HD 34745, ,5,19,49.0,+,2,30,49,200,-19,7.001,0.351,2.614,-0.002,3.778,-0.23,37,4.13,0.65,6.2,3.9,8.6,1.04,0.98,1.1,35.3,0.2,0.4,4,2112,0.479,5,30,-98,2,26.7,1.2,-24,-27,-15,8.033,-0.012,6.66,8.12,0.1,0.12,79.95416666666667,2.513611111111111,-32.874382,-11.965298,-12.046021,PM*,F,5997.910762555094,34.98418711519145,1.6766760079670455e-06
HD 34781, ,5,17,44.9,-,43,36,12,249,-35,7.641,0.328,2.626,-0.003,3.792,-0.18,85,2.98,1.44,2.7,2.4,4.0,1.35,1.28,1.4,44.6,0.2,0.3,2,775,0.323,7,-29,112,1,11.7,0.6,-56,-13,-30,8.025,-0.049,6.82,9.03,0.14,0.4,79.43708333333333,-43.60333333333333,-24.952406,-65.003265,-48.753998,PM*,F,6194.410750767812,69.62791843685305,3.423333026383341e-07
HD 34907, ,5,21,11.9,+,11,6,33,192,-14,7.465,0.249,2.689,0.001,3.837,-0.08,111,2.24,1.11,1.4,1.1,1.6,1.58,1.49,1.67,-55.6,1.3,2.3,3,1029,0.119,50,-14,-55,2,9.0,1.1,62,-8,-7,8.105,-0.027,6.56,10.12,0.21,0.03,80.29958333333332,11.109166666666669,-105.34926,-22.392687,-26.85333,PM*,F,6870.684400142324,107.70282732420523,1.2315417802581031e-07
HD 35072, ,5,19,22.1,-,50,36,21,257,-35,5.44,0.329,2.633,-0.004,3.794,0.01,36,2.65,1.54,2.2,2.0,2.3,1.51,1.47,1.54,43.9,0.2,0.1,3,1312,0.869,5,23,227,1,27.7,0.5,-47,-29,-21,8.006,-0.021,6.33,8.47,0.14,0.21,79.84208333333332,-50.60583333333334,-6.633692,-28.73366,-20.648752,PM*,F,6223.002851691595,29.489474165309627,2.1699471169699102e-07
HD 35267, ,5,10,25.4,-,80,24,28,293,-31,7.569,0.323,2.646,0.003,3.798,0.07,80,3.05,0.99,2.4,2.0,2.7,1.4,1.36,1.44,36.0,0.2,0.1,2,793,0.713,7,62,81,2,12.5,0.5,-21,-48,-9,7.973,-0.041,5.6,8.0,0.18,0.05,77.60583333333332,-80.40777777777778,26.793762,-63.12213,-41.203045,PM*,F,6280.58358813318,68.57338388798925,3.770935898212623e-07
HD 35270, ,5,23,53.8,+,11,5,0,193,-14,7.566,0.333,2.617,-0.023,3.79,-0.24,87,2.87,1.65,2.7,2.3,4.2,1.35,1.25,1.42,6.4,0.3,0.1,2,355,0.92,13,-14,3,2,11.5,1.0,-6,3,-6,8.082,-0.021,8.06,8.64,0.03,0.03,80.97416666666666,11.083333333333334,-82.25216,-18.989405,-21.047205,*,F,6165.9500186148225,84.41572914403822,2.9406893582792726e-07
HD 35627, ,5,25,53.2,-,6,21,45,209,-22,7.495,0.355,2.617,0.006,3.777,-0.22,58,3.67,1.12,6.6,5.3,7.8,1.09,1.05,1.14,26.4,0.2,0.3,2,1106,0.422,7,-132,-22,2,17.2,1.0,-16,4,-42,8.047,-0.022,8.01,8.82,0.05,0.66,81.47166666666666,-6.3625,-47.03413,-26.071447,-21.727182,PM*,F,5984.115950603199,53.77666532549883,8.8807398867034e-07
HD 35638, ,5,26,23.0,+,3,51,23,199,-17,7.65,0.296,2.648,-0.01,3.808,-0.13,63,3.67,0.34,2.3,0.4,3.5,1.22,1.17,1.28,12.3,0.5,0.7,2,724,0.232,8,53,37,2,16.0,1.1,-17,-4,15,8.056,-0.018,7.93,8.29,0.02,0.35,81.59583333333333,3.856388888888889,-56.964844,-19.614563,-18.419416,PM*,F,6426.877173170194,60.24719523451117,8.8807398867034e-07
HD 35643, ,5,25,39.0,-,13,7,56,215,-25,7.279,0.26,2.66,-0.015,3.828,-0.33,93,2.43,1.32,1.8,1.6,2.0,1.47,1.4,1.54,-2.3,0.8,1.3,3,1036,0.221,55,-16,-70,2,10.7,0.9,23,-15,-17,8.069,-0.039,7.01,8.66,0.11,0.15,81.4125,-13.132222222222223,-69.04356,-48.344814,-39.303497,PM*,F,6729.766562843175,84.28661944916404,1.601213156768543e-07
HD 35863, ,5,33,2.9,+,68,0,46,145,18,6.807,0.261,2.672,0.0,3.825,-0.5,58,2.97,1.0,2.3,1.9,2.7,1.3,1.26,1.34,33.8,0.5,0.6,2,804,0.401,14,3,-190,1,17.1,0.7,-59,-15,-12,8.045,0.018,6.68,9.07,0.15,0.08,83.26208333333332,68.01277777777777,-45.18547,31.639214,17.922987,PM*,F,6683.439175686149,55.16127773772736,3.3763631364056964e-07
HD 35887, ,5,27,10.0,-,16,31,25,219,-26,7.354,0.305,2.643,-0.009,3.804,-0.07,64,3.32,0.72,2.6,2.0,3.1,1.3,1.24,1.35,-21.9,0.3,0.3,2,974,0.365,8,-17,-122,2,15.6,0.9,42,-8,-8,8.045,-0.028,6.86,9.37,0.15,0.03,81.79166666666667,-16.52361111111111,-44.70363,-36.200283,-28.055754,PM*,F,6367.955209079156,57.52282177064151,5.475819826973227e-07
HD 35949, ,5,25,11.0,-,54,19,4,262,-34,7.149,0.271,2.664,-0.013,3.829,0.08,147,1.31,2.06,0.9,0.8,1.0,1.98,1.91,2.08,24.0,0.4,0.7,5,1427,0.671,30,1,39,2,6.8,0.6,-30,-16,-13,8.017,-0.083,7.15,8.28,0.07,0.12,81.29583333333332,-54.31777777777778,-16.96084,-120.68251,-82.201355,*,F,6745.280276979222,121.86852880627426,3.40760423986038e-08
HD 36066, ,5,32,33.8,+,57,13,15,154,13,6.4,0.376,2.601,-0.009,3.769,-0.11,44,3.19,1.69,4.4,4.1,4.9,1.22,1.18,1.28,33.0,0.2,0.1,3,487,0.894,4,111,-225,1,22.8,0.8,-52,-33,3,8.039,0.01,6.11,8.57,0.17,0.16,83.14083333333332,57.22083333333334,-38.533356,18.793972,9.897846,PM*,F,5874.893525297769,42.872286015088115,4.5756115747093316e-07
HD 36108, ,5,28,21.0,-,22,26,2,225,-28,6.789,0.378,2.596,0.005,3.763,-0.32,35,4.05,1.16,10.4,8.8,12.2,0.99,0.96,1.02,28.5,0.2,0.1,4,757,0.952,3,-138,148,2,28.3,0.8,-36,9,-25,8.022,-0.016,7.73,9.35,0.09,0.28,82.08749999999999,-22.433888888888887,-21.85184,-21.851835,-16.431505,PM*,F,5794.286964268809,30.90316495527319,1.5012366207760376e-06
HD 36215, ,5,31,22.7,+,27,46,8,179,-3,7.423,0.391,2.603,0.011,3.765,-0.01,86,2.75,2.14,3.2,2.5,3.7,1.35,1.29,1.48,-17.8,0.6,0.9,2,1115,0.015,7,29,-42,2,11.6,0.9,17,-21,1,8.086,-0.005,6.86,8.44,0.1,0.13,82.84458333333332,27.76888888888889,-85.869064,1.4988544,-4.5008926,PM*,F,5821.032177708716,85.88214434181586,2.4914326408057216e-07
HD 36406, ,5,32,22.0,+,19,7,20,187,-8,7.483,0.341,2.627,0.009,3.786,-0.39,122,2.05,2.69,2.1,1.8,2.6,1.48,1.37,1.6,-48.0,0.2,0.2,3,2605,0.798,6,-17,-65,2,8.2,0.9,54,-20,-21,8.12,-0.016,6.33,9.48,0.2,0.24,83.09166666666665,19.122222222222224,-119.912186,-14.723351,-16.979118,PM*,F,6109.420249055721,120.81270386829274,9.472162716812682e-08
HD 36667, ,5,33,59.9,+,15,35,4,190,-9,7.314,0.38,2.591,0.002,3.762,-0.38,57,3.52,1.76,7.2,6.1,8.3,1.07,1.01,1.12,-16.3,0.3,0.1,2,802,0.837,3,-51,-28,2,17.4,1.1,18,4,-13,8.056,-0.009,7.64,9.17,0.09,0.09,83.49958333333332,15.584444444444443,-55.44294,-9.77609,-8.916765,PM*,F,5780.960474057181,56.29823737499869,7.218536386028226e-07
HD 36724, ,5,34,58.5,+,26,58,20,180,-3,7.577,0.355,2.629,0.021,3.789,-0.12,86,2.81,1.62,2.5,2.2,2.9,1.39,1.32,1.47,-26.4,0.2,0.1,2,705,0.713,6,23,-99,2,11.6,1.1,27,-39,-13,8.086,-0.005,5.93,8.46,0.18,0.08,83.74374999999999,26.97222222222222,-85.88214,-7.508055e-06,-4.5008926,PM*,F,6151.7687270986835,85.88214000000033,2.706756260487269e-07
HD 36756, ,5,36,11.1,+,44,19,35,166,7,7.246,0.309,2.634,-0.001,3.797,-0.49,67,3.13,1.44,4.4,2.7,5.1,1.16,1.11,1.27,17.3,0.5,0.3,2,357,0.667,14,-103,4,2,15.0,0.9,-15,23,-25,8.064,0.008,8.06,10.05,0.11,0.31,84.04624999999999,44.32638888888889,-64.525246,16.087948,8.165246,PM*,F,6266.138646723356,66.50059730717626,4.2116197144500654e-07
HD 36767, ,5,25,19.0,-,75,41,32,287,-32,7.165,0.345,2.617,-0.001,3.78,-0.23,36,4.41,0.32,5.5,0.0,8.9,1.02,0.96,1.1,46.0,0.1,0.2,6,2910,0.879,4,-104,-309,2,28.1,0.6,62,-20,-29,7.991,-0.019,6.11,9.6,0.22,0.39,81.32916666666667,-75.69222222222223,8.926022,-29.19573,-19.077093,PM*,F,6025.595860743575,30.52973172134639,2.468591049058858e-06
HD 37574, ,5,40,57.8,+,32,53,45,176,1,6.738,0.314,2.65,0.011,3.8,-0.2,62,2.77,1.48,2.4,2.2,2.6,1.4,1.35,1.46,-4.7,0.4,0.5,2,640,0.238,10,-1,-3,2,16.1,0.9,5,-1,-1,8.062,0.001,7.83,8.6,0.05,0.1,85.24083333333333,32.895833333333336,-61.839554,4.324242,1.0820491,*,F,6309.57344480193,61.99055982803736,2.561233360432562e-07
HD 37588, ,5,40,17.6,+,16,23,34,190,-8,7.369,0.327,2.641,0.011,3.79,-0.27,56,3.62,0.92,3.8,3.0,6.6,1.11,1.06,1.19,-58.6,0.3,0.2,2,1487,0.629,9,54,-164,2,17.8,1.1,66,-34,-3,8.055,-0.007,5.63,9.46,0.25,0.07,85.07333333333332,16.392777777777777,-54.612522,-9.629664,-7.793694,PM*,F,6165.9500186148225,55.45500868229469,8.28798869352533e-07
HD 37648, ,5,41,5.4,+,24,21,0,183,-3,7.61,0.322,2.622,-0.017,3.794,-0.1,58,3.8,0.49,3.5,2.0,4.5,1.17,1.1,1.23,-2.0,1.3,0.0,1,0,0.0,40,-12,18,2,17.3,1.2,2,6,0,8.058,-0.003,7.96,8.91,0.06,0.11,85.2725,24.35,-57.841133,-3.031327,-3.0354855,*,F,6223.002851691595,57.920511134697506,1.0627941370414843e-06
HD 37879, ,5,50,26.6,+,75,42,52,138,23,7.609,0.34,0.0,0.0,3.788,0.07,61,3.68,0.59,3.2,2.3,4.1,1.24,1.19,1.29,-29.0,0.4,0.0,1,0,0.0,9,-21,-18,2,16.4,0.8,16,-18,-18,8.042,0.023,6.99,8.41,0.09,0.17,87.61083333333333,75.71444444444445,-41.728172,37.572224,23.834599,*,F,6137.620051647939,56.15080012580195,9.004283284894444e-07
HD 38141, ,5,45,6.7,+,33,37,34,176,2,6.78,0.28,2.67,-0.002,3.819,-0.02,54,3.13,0.54,1.8,1.2,2.3,1.38,1.33,1.42,-8.6,0.6,0.0,1,0,0.0,14,-2,-79,2,18.6,1.0,7,-17,-11,8.054,0.002,7.16,8.24,0.07,0.06,86.27791666666666,33.626111111111115,-53.835648,3.7645545,1.8845727,PM*,F,6591.738952443213,53.96710911437979,4.2116197144500654e-07
HD 38283, ,5,37,2.0,-,73,41,57,285,-31,6.702,0.36,2.612,0.002,3.774,-0.22,38,3.82,1.04,7.6,6.5,8.8,1.06,1.02,1.11,61.3,0.2,0.4,5,1159,0.21,4,138,-108,2,26.5,0.6,30,-61,-8,7.992,-0.02,4.86,8.28,0.26,0.03,84.25833333333333,-73.69916666666667,8.430345,-31.46248,-19.571447,PM*,F,5942.921586155727,32.57235583388811,1.0925696944319081e-06
HD 38294, ,5,43,52.7,-,21,16,47,226,-24,7.108,0.344,2.616,-0.001,3.78,-0.32,43,3.93,0.88,8.2,3.9,9.7,1.05,0.99,1.1,42.2,0.2,0.1,4,3283,0.979,4,196,13,2,23.1,0.8,-30,-47,18,8.028,-0.018,5.69,8.12,0.18,0.42,85.96958333333333,-21.279722222222222,-27.287882,-28.257433,-17.489676,PM*,F,6025.595860743575,39.28245185570031,1.2718888202332512e-06
HD 38382, ,5,44,28.3,-,20,7,35,224,-23,6.34,0.359,2.61,-0.009,3.776,0.0,26,4.31,0.31,4.6,0.7,7.6,1.07,1.02,1.15,37.6,0.2,0.4,4,4740,0.206,3,-18,37,1,39.2,0.7,-28,-20,-15,8.017,-0.01,6.97,8.19,0.08,0.12,86.11791666666666,-20.12638888888889,-17.21605,-16.625347,-10.159009,*,F,5970.352865838366,23.93312642495562,2.1500529222217495e-06
HD 38683, ,5,44,13.6,-,55,41,43,264,-31,7.547,0.356,2.631,0.016,3.781,-0.1,103,2.48,2.11,2.2,1.9,2.5,1.51,1.43,1.57,21.1,0.3,0.1,2,1079,0.958,15,-9,45,2,9.7,0.6,-24,-13,-14,8.01,-0.054,7.36,8.19,0.05,0.11,86.05666666666666,-55.695277777777775,-9.2286215,-87.80458,-53.04892,*,F,6039.4862937638,88.28823094708979,1.7157308092779462e-07
HD 38772, ,5,46,52.6,-,28,53,24,234,-26,7.546,0.349,2.615,0.006,3.777,-0.42,50,4.04,0.93,6.2,4.5,10.9,1.01,0.95,1.06,-11.3,0.2,0.3,4,1516,0.547,4,-71,-113,2,19.9,0.8,29,4,-18,8.027,-0.022,7.41,9.43,0.12,0.17,86.71916666666665,-28.89,-26.414904,-36.356976,-21.918558,PM*,F,5984.115950603199,44.939702460005144,1.4806388821497311e-06
HD 38779, ,5,48,30.8,+,7,33,4,199,-10,7.08,0.259,2.684,0.0,3.832,-0.03,76,2.67,0.73,1.5,1.2,1.8,1.5,1.44,1.55,36.3,0.9,0.4,3,1054,0.893,70,15,-8,2,13.1,0.9,-33,-17,-3,8.071,-0.014,7.12,8.38,0.08,0.06,87.12833333333332,7.551111111111111,-70.76771,-24.367268,-13.197262,*,F,6792.036326171843,74.8453908295489,2.2307410023176203e-07
HD 38827, ,5,47,21.9,-,27,8,4,232,-25,7.167,0.317,2.637,-0.01,3.8,0.06,58,3.33,0.67,2.5,1.8,3.0,1.33,1.29,1.37,56.8,0.2,0.1,2,760,0.684,7,35,-18,1,17.1,0.7,-28,-48,-17,8.033,-0.025,5.63,8.11,0.18,0.15,86.84124999999999,-27.134444444444444,-32.36277,-41.42245,-24.51186,*,F,6309.57344480193,52.565846764561876,5.551996068810809e-07
HD 38940, ,5,46,58.0,-,45,38,50,252,-30,7.406,0.323,2.655,0.018,3.796,-0.1,86,2.73,1.52,2.3,2.1,2.5,1.44,1.39,1.49,39.4,0.3,0.5,2,797,0.204,11,85,129,1,11.6,0.6,-62,-38,18,8.023,-0.043,5.81,8.71,0.2,0.45,86.74166666666666,-45.64722222222222,-23.015034,-70.832954,-43.0,PM*,F,6251.726927756856,74.47817910225298,2.423534184571079e-07
HD 39197, ,5,35,39.4,-,81,36,42,294,-30,7.133,0.31,2.645,0.006,3.798,-0.34,50,3.65,0.77,3.7,2.9,4.3,1.15,1.07,1.2,31.1,0.3,0.4,2,379,0.247,9,-30,31,1,20.1,0.5,4,-23,-23,7.983,-0.025,6.87,8.07,0.08,0.24,83.91416666666665,-81.61166666666666,17.612213,-39.55768,-25.0,*,F,6280.58358813318,43.301271271635535,8.638715069876107e-07
HD 39455, ,5,53,26.8,+,18,10,11,190,-4,7.587,0.321,2.666,0.039,3.826,0.13,228,0.63,2.76,0.0,0.0,0.0,0.0,0.0,0.0,-14.1,0.7,0.6,2,604,0.514,30,-1,-6,2,1.5,1.0,15,-3,-3,8.224,-0.016,7.72,8.97,0.08,0.06,88.36166666666665,18.169722222222223,-223.98921,-39.495358,-15.904475,*,F,6698.846094165266,227.44460754208325,1.3318310936130171e-08
HD 39456, ,5,53,12.5,+,11,48,51,196,-7,7.194,0.313,2.648,0.009,3.798,-0.28,61,3.28,1.09,3.0,2.5,4.9,1.23,1.13,1.29,64.6,0.6,0.9,2,1544,0.056,7,12,-110,2,16.5,1.0,-52,-45,-21,8.058,-0.008,5.61,8.47,0.2,0.21,88.30208333333331,11.814166666666669,-58.19989,-16.688547,-7.43403,PM*,F,6280.58358813318,60.54531193233139,5.181424209225667e-07
HD 39688, ,5,53,30.8,-,16,15,54,221,-20,7.278,0.342,2.625,0.002,3.785,-0.12,55,3.57,0.95,3.6,3.0,6.0,1.15,1.09,1.25,5.2,0.2,0.3,3,3061,0.452,9,-42,-90,2,18.1,0.8,13,-12,-20,8.039,-0.019,7.3,8.44,0.07,0.2,88.37833333333332,-16.265,-39.005726,-33.90716,-18.811108,PM*,F,6095.368972401694,51.68309356117024,7.73480109318936e-07
HD 39888, ,5,55,7.2,-,9,48,35,215,-17,7.333,0.288,2.684,0.024,3.827,0.0,72,2.94,0.54,1.5,1.0,2.0,1.43,1.38,1.48,34.6,0.8,0.6,2,795,0.607,35,9,29,2,13.9,0.9,-33,-13,-3,8.056,-0.021,7.23,8.44,0.08,0.07,88.77999999999999,-9.809722222222224,-56.401848,-39.492996,-21.050762,*,F,6714.288529259523,68.85394099738315,3.239284925294737e-07
HD 39932, ,5,54,6.7,-,35,54,10,242,-26,6.782,0.288,2.663,0.006,3.817,-0.15,109,1.6,2.23,1.2,1.1,1.4,1.8,1.71,1.88,11.3,0.5,0.2,2,796,0.787,26,-58,11,2,9.2,0.6,-11,9,-29,8.046,-0.048,8.04,9.0,0.06,0.38,88.52791666666667,-35.90277777777778,-45.993458,-86.50109,-47.782455,PM*,F,6561.452663029057,97.96854980036126,5.086852559321254e-08
HD 40001, ,5,57,39.7,+,33,15,36,178,4,7.445,0.354,2.639,0.018,3.782,0.04,68,3.3,1.14,3.0,2.6,4.7,1.32,1.25,1.37,-12.9,0.3,0.1,2,695,0.772,9,-31,-50,1,14.8,1.0,11,-9,-17,8.067,0.005,7.45,8.49,0.07,0.15,89.41541666666666,33.26,-67.79304,2.3673818,4.74344,PM*,F,6053.408747539136,67.83436274506138,5.326588534591061e-07
HD 40136, ,5,56,24.2,-,14,10,3,220,-18,3.72,0.221,2.722,0.0,3.85,-0.25,15,2.83,0.46,1.3,0.9,1.8,1.42,1.38,1.47,-1.6,0.2,0.6,13,5940,0.815,17,-42,139,1,66.5,0.7,-6,9,2,8.011,-0.005,8.0,8.94,0.06,0.14,89.10083333333333,-14.1675,-10.928274,-9.16991,-4.635255,PM*,F,7079.457843841381,14.26584810052231,2.7825895508367783e-07
HD 40184, ,5,59,17.0,+,40,2,0,172,8,7.33,0.336,0.0,0.0,3.791,0.03,99,2.35,1.89,1.9,1.6,2.2,1.57,1.49,1.66,2.5,0.3,0.5,2,695,0.242,13,36,-17,1,10.1,1.0,-3,-15,11,8.097,0.014,7.49,8.14,0.04,0.29,89.82083333333333,40.03333333333333,-97.08245,13.644056,13.778137,*,F,6180.164001384158,98.03653585339312,1.433669842704991e-07
HD 40379, ,5,57,33.2,-,18,3,18,224,-20,6.67,0.329,2.648,0.015,3.796,-0.02,87,1.97,2.2,1.5,1.4,1.7,1.71,1.63,1.77,13.9,0.8,0.2,2,796,0.881,35,-13,3,1,11.5,0.8,-11,-6,-9,8.059,-0.029,8.02,8.06,0.0,0.04,89.38833333333332,-18.055,-58.808372,-56.79059,-29.75575,*,F,6251.726927756856,81.75326127952624,8.481040750186614e-08
HD 40483, ,5,56,54.9,-,44,0,32,251,-28,6.653,0.332,2.618,-0.016,3.789,-0.34,53,3.02,1.61,4.1,3.7,4.5,1.29,1.15,1.35,20.6,0.4,0.5,2,795,0.084,7,61,73,1,18.8,0.6,-23,-21,7,8.016,-0.025,7.03,8.11,0.07,0.22,89.22874999999999,-44.00888888888889,-15.23536,-44.246696,-24.881994,PM*,F,6151.7687270986835,46.79622101458638,3.617838282151292e-07
HD 40488, ,6,1,6.2,+,41,56,18,170,9,7.486,0.333,0.0,0.0,3.794,0.09,99,2.51,1.6,2.0,1.7,2.3,1.54,1.47,1.63,13.8,0.6,0.6,2,606,0.436,24,-10,-65,2,10.1,0.9,-20,-21,-16,8.096,0.016,7.09,8.16,0.07,0.13,90.27583333333332,41.93833333333333,-96.29563,16.979528,15.487013,PM*,F,6223.002851691595,97.78114710004012,1.7883361266574799e-07
HD 40530, ,6,0,36.9,+,29,0,18,182,3,7.505,0.246,2.685,-0.006,3.835,-0.24,95,2.61,0.93,1.7,1.4,2.0,1.45,1.38,1.52,54.1,1.5,2.0,2,86,0.16,30,20,-29,2,10.5,1.0,-53,-17,4,8.095,0.005,6.75,8.91,0.14,0.18,90.15375,29.005,-94.81201,-3.3108978,4.971916,*,F,6839.116472814293,94.86980175209678,2.0532846002754932e-07
HD 40650, ,6,2,45.1,+,47,48,34,165,12,6.486,0.366,2.615,0.007,3.77,-0.2,28,4.22,0.72,7.3,4.9,11.6,1.0,0.97,1.07,-77.1,0.2,0.4,3,1266,0.298,4,30,94,2,35.2,0.8,77,-11,-7,8.027,0.006,6.16,10.44,0.26,0.01,90.68791666666664,47.809444444444445,-26.454906,7.088573,5.8215275,PM*,F,5888.43655355589,27.388134632449233,1.8986685204502227e-06
HD 40673, ,5,59,37.2,-,16,47,10,223,-19,7.632,0.262,2.658,-0.015,3.829,-0.26,112,2.38,1.29,1.7,1.5,2.0,1.49,1.41,1.57,93.8,0.2,0.1,2,818,0.764,9,-25,12,2,8.9,1.0,-72,-48,-38,8.078,-0.036,5.32,8.9,0.25,0.58,89.90499999999999,-16.78611111111111,-77.44896,-72.222305,-36.46363,*,F,6745.280276979222,105.89807715248953,1.4943390650469713e-07
HD 40832, ,6,2,55.1,+,32,38,8,179,5,6.24,0.29,2.65,-0.012,3.813,-0.09,50,2.75,1.11,2.0,1.8,2.3,1.45,1.4,1.49,31.9,0.6,0.0,1,0,0.0,19,82,-213,2,20.0,0.9,-34,-53,-5,8.05,0.004,5.38,8.17,0.21,0.04,90.72958333333332,32.635555555555555,-49.80215,0.8693023,4.3577867,PM*,F,6501.296903430909,49.8097363083894,2.4914326408057216e-07
HD 40858, ,6,6,12.0,+,64,4,54,150,20,7.584,0.343,0.0,0.0,3.783,-0.24,81,3.05,1.63,4.2,3.6,4.8,1.2,1.14,1.37,-4.5,0.4,0.0,1,0,0.0,6,32,1,1,12.4,0.8,5,-8,9,8.066,0.027,7.65,8.38,0.05,0.26,91.54999999999998,64.08166666666666,-65.91761,38.057556,27.70363,*,F,6067.363295885053,76.11510281675534,3.770935898212623e-07
HD 40930, ,6,3,21.7,+,31,23,24,180,5,7.071,0.296,2.633,-0.007,3.804,-0.61,69,2.86,1.65,3.7,2.3,4.2,1.28,1.14,1.34,7.4,0.3,0.3,3,1084,0.681,9,-52,18,2,14.4,0.9,-8,13,-12,8.069,0.006,8.07,9.33,0.07,0.07,90.84041666666666,31.39,-68.737434,-6.0092175e-06,6.013746,PM*,F,6367.955209079156,68.73743400000025,2.900341587684856e-07
HD 40979, ,6,4,29.9,+,44,15,37,169,11,6.726,0.365,2.624,0.011,3.773,-0.1,33,4.11,0.67,6.2,3.8,9.2,1.06,1.0,1.12,32.8,0.2,0.4,4,1156,0.22,7,97,-154,1,30.0,0.8,-37,-22,9,8.032,0.006,6.8,8.37,0.1,0.24,91.12458333333332,44.26027777777778,-31.798532,6.1810093,6.2966967,PM*,F,5929.2532458,32.39369557987651,1.6309819319233878e-06
HD 41278, ,6,0,55.3,-,54,57,4,263,-29,7.406,0.297,2.65,-0.004,3.806,-0.23,56,3.67,0.47,3.0,1.6,4.0,1.19,1.13,1.24,18.2,3.3,0.0,1,0,0.0,50,21,7,2,17.9,0.7,-4,-18,-4,8.006,-0.027,7.2,8.03,0.05,0.06,90.23041666666666,-54.95111111111111,-5.9690146,-48.613625,-27.149338,*,F,6397.348354826482,48.978706301163555,8.8807398867034e-07
HD 41304, ,6,4,58.2,+,14,23,18,195,-3,6.718,0.316,2.645,0.005,3.797,-0.22,41,3.67,0.67,3.6,2.7,4.3,1.17,1.09,1.22,39.4,0.4,0.0,1,0,0.0,6,85,-188,1,24.6,0.9,-28,-48,-6,8.039,-0.002,5.6,8.11,0.18,0.02,91.2425,14.388333333333334,-39.548683,-10.597039,-2.1457744,PM*,F,6266.138646723356,40.94380982031362,8.8807398867034e-07
HD 41311, ,6,3,24.9,-,21,47,25,228,-20,7.324,0.259,2.682,0.004,3.83,-0.2,115,2.02,1.58,1.5,1.3,1.7,1.63,1.54,1.71,15.9,0.9,1.2,2,823,0.041,20,2,-85,2,8.7,0.8,25,-37,-21,8.072,-0.039,6.06,8.42,0.16,0.22,90.85374999999998,-21.790277777777774,-72.30938,-80.30767,-39.332314,PM*,F,6760.829753919819,108.06464869148144,9.087598892331775e-08
HD 41476, ,6,11,54.1,+,71,7,50,143,22,7.478,0.314,0.0,0.0,3.795,-0.33,52,3.89,0.59,4.0,2.4,5.4,1.1,1.04,1.16,6.7,0.4,0.0,1,0,0.0,6,-40,27,2,19.2,0.7,-1,13,-4,8.038,0.02,8.0,9.3,0.07,0.05,92.97541666666666,71.13055555555555,-38.50506,29.01565,19.479542,*,F,6237.348354824191,48.21356230902359,1.203508466830401e-06
HD 41640, ,6,7,9.2,+,16,33,21,193,-2,7.348,0.339,2.6,-0.007,3.778,-0.64,36,4.58,0.53,4.0,0.0,10.0,0.95,0.87,1.02,49.1,0.4,0.7,3,717,0.113,6,83,-89,2,28.0,1.0,-43,-31,3,8.035,-0.001,6.31,8.4,0.14,0.16,91.78833333333333,16.555833333333332,-35.055954,-8.093305,-1.2563819,PM*,F,5997.910762555094,35.9780696629647,3.122116826786679e-06
HD 41712, ,6,7,9.3,+,9,9,57,200,-6,6.936,0.286,2.657,-0.006,3.816,-0.13,86,2.26,1.57,1.7,1.5,1.9,1.57,1.49,1.64,-22.8,0.7,0.2,2,752,0.823,26,57,-60,3,11.6,1.0,32,-23,11,8.081,-0.008,6.55,8.73,0.14,0.29,91.78874999999998,9.165833333333332,-80.370865,-29.252602,-8.989448,PM*,F,6546.361740672747,85.52888789536918,1.2660450219290218e-07
HD 41804, ,6,20,24.4,+,80,21,22,134,25,7.538,0.31,0.0,0.0,3.8,-0.19,59,3.68,0.56,3.4,2.2,4.2,1.19,1.12,1.24,-15.8,0.6,0.0,1,0,0.0,14,-10,-100,2,16.9,0.6,-12,-26,-15,8.037,0.025,6.81,8.04,0.08,0.11,95.10166666666665,80.3561111111111,-37.144875,38.464653,24.934479,PM*,F,6309.57344480193,53.472154147519,9.004283284894444e-07
HD 42190, ,6,6,59.7,-,46,12,20,254,-27,6.838,0.282,2.657,-0.017,3.818,0.05,47,3.49,0.13,0.8,0.0,2.1,1.33,1.28,1.37,-0.5,0.3,0.3,2,467,0.459,14,-90,-26,1,21.4,0.6,4,9,-18,8.012,-0.021,7.91,9.08,0.07,0.18,91.74875,-46.20555555555556,-11.542944,-40.255054,-21.337553,PM*,F,6576.578373554205,41.87730804063284,6.925468367376233e-07
HD 42278, ,6,9,36.2,-,5,42,41,213,-12,6.17,0.223,2.694,-0.013,3.851,-0.13,61,2.24,0.93,1.3,1.0,1.5,1.61,1.56,1.67,-2.3,1.2,1.8,2,449,0.041,22,66,2,2,16.4,0.9,3,-7,17,8.05,-0.013,7.69,8.34,0.04,0.4,92.40083333333332,-5.711388888888889,-50.040962,-32.496975,-12.682613,PM*,F,7095.777679633888,59.66700312598304,1.2315417802581031e-07
HD 42548, ,6,11,41.4,+,7,46,43,201,-5,7.317,0.269,2.67,-0.004,3.822,-0.27,73,3.0,0.83,2.2,1.8,2.6,1.33,1.28,1.39,34.7,0.2,0.4,4,1865,0.242,12,-11,77,2,13.7,0.9,-42,11,6,8.068,-0.007,7.68,9.65,0.11,0.22,92.9225,7.778611111111111,-67.89204,-26.061306,-6.3623686,PM*,F,6637.43070401909,72.72221645265796,3.519242145036699e-07
HD 42625, ,6,9,39.5,-,41,58,49,249,-25,7.284,0.303,2.635,-0.009,3.802,-0.44,69,3.08,1.34,2.8,2.4,4.5,1.26,1.14,1.31,-3.6,0.2,0.4,4,712,0.238,10,-47,19,2,14.4,0.6,-6,12,-10,8.022,-0.03,8.01,9.18,0.07,0.06,92.41458333333334,-41.98027777777778,-22.410616,-58.381676,-29.16066,PM*,F,6338.69711256927,62.5352364836692,3.9305122118319165e-07
HD 42853, ,6,10,27.9,-,48,57,23,257,-27,7.653,0.316,2.637,0.001,3.798,-0.23,99,2.67,1.65,2.3,2.1,2.5,1.42,1.37,1.48,1.4,0.9,1.3,2,436,0.01,20,-32,-14,2,10.1,0.6,5,5,-15,8.02,-0.044,7.87,8.86,0.06,0.13,92.61625,-48.95638888888889,-19.842865,-85.94884,-44.945057,*,F,6280.58358813318,88.20965020196954,2.2307410023176203e-07
HD 43288, ,6,15,3.8,-,8,37,37,217,-12,7.566,0.338,2.636,0.02,3.797,-0.21,85,2.82,1.51,2.5,2.2,2.8,1.38,1.31,1.44,26.8,0.2,0.2,2,794,0.592,6,-88,6,2,11.7,0.9,-27,3,-36,8.067,-0.018,7.86,8.92,0.06,0.51,93.76583333333332,-8.626944444444446,-66.4006,-50.03643,-17.672495,PM*,F,6266.138646723356,83.14255232734259,2.744410990922079e-07
HD 43318, ,6,15,34.2,-,0,30,43,209,-8,5.622,0.321,2.631,-0.002,3.795,-0.21,36,2.86,1.51,2.5,2.3,3.7,1.38,1.33,1.43,-39.6,0.1,0.3,5,1549,0.515,4,-157,-219,1,28.0,0.8,49,3,-35,8.031,-0.005,7.01,10.08,0.18,0.54,93.89249999999998,-0.5119444444444444,-31.179886,-17.283295,-5.010232,PM*,F,6237.348354824191,35.64965044751521,2.900341587684856e-07
HD 43382, ,6,17,33.7,+,35,8,57,178,9,6.673,0.3,2.641,-0.001,3.803,-0.48,48,3.26,1.17,3.0,2.5,4.9,1.21,1.11,1.26,-3.1,0.3,0.3,2,1078,0.545,8,69,41,2,20.8,0.9,6,1,17,8.047,0.007,7.83,8.74,0.06,0.42,94.39041666666664,35.149166666666666,-47.38016,1.6545496,7.508855,PM*,F,6353.309318517436,47.409040235006444,5.040216014735024e-07
HD 43452, ,6,14,11.9,-,41,39,37,249,-24,7.701,0.286,2.642,-0.02,3.816,-0.08,147,1.86,1.93,1.4,1.2,1.6,1.7,1.63,1.8,35.8,0.8,1.3,3,1173,0.379,40,-31,46,1,6.8,0.6,-45,-12,-25,8.048,-0.06,7.08,8.78,0.11,0.3,93.54958333333332,-41.66027777777778,-48.125637,-125.37163,-59.790287,PM*,F,6546.361740672747,134.29118565830248,7.285328680848555e-08
HD 43523, ,6,19,4.7,+,47,23,38,167,15,6.825,0.352,0.0,0.0,3.78,0.04,32,4.3,0.19,3.4,0.0,6.3,1.11,1.05,1.17,-16.6,0.4,0.0,1,0,0.0,5,-30,-32,2,31.3,0.8,14,-6,-10,8.03,0.008,7.48,8.61,0.07,0.04,94.76958333333332,47.39388888888889,-30.117414,6.9531546,8.282209,*,F,6025.595860743575,30.90962608862969,2.120553090208746e-06
HD 43621, ,6,20,18.9,+,54,14,59,160,17,7.263,0.254,2.696,0.008,3.836,0.07,108,2.11,1.14,1.2,1.0,1.4,1.67,1.58,1.77,28.7,1.3,2.2,3,1068,0.381,70,-18,-92,2,9.3,1.0,-47,-26,-17,8.097,0.032,6.53,8.59,0.14,0.15,95.07875,54.24972222222223,-97.052315,35.32416,31.576143,PM*,F,6854.882264526614,103.28091850174854,1.0290800286615533e-07
HD 43855, ,6,19,3.0,+,14,5,40,197,-1,7.709,0.32,2.629,-0.003,3.793,-0.35,65,3.64,0.9,3.8,2.7,6.0,1.1,1.04,1.18,58.4,0.4,0.2,2,244,0.678,10,13,1,2,0.0,0.0,-55,-18,3,8.062,-0.001,6.65,8.91,0.15,0.16,94.7625,14.094444444444443,-62.150345,-19.001272,-1.1344063,*,F,6208.690342300638,64.99010479478402,8.52018745563199e-07
HD 43921, ,6,13,40.9,-,66,40,48,277,-28,7.286,0.292,2.644,-0.009,3.812,-0.21,122,1.86,2.13,1.5,1.3,1.6,1.68,1.61,1.75,30.3,0.3,0.2,2,793,0.709,17,-1,56,2,8.2,0.6,-30,-30,-13,7.988,-0.058,6.44,8.13,0.12,0.1,93.42041666666668,-66.68,13.127696,-106.91669,-57.27553,PM*,F,6486.344335482381,107.71961289767299,7.285328680848555e-08
HD 43947, ,6,19,40.1,+,16,0,47,195,0,6.613,0.366,2.598,0.004,3.767,-0.44,28,4.41,0.8,8.6,5.9,13.9,0.94,0.86,0.99,40.5,0.2,0.1,2,1112,0.837,3,-17,-14,1,36.3,0.9,-39,-11,-3,8.027,0.0,7.19,8.6,0.09,0.07,94.91708333333332,16.013055555555557,-27.045923,-7.246934,0.0,*,F,5847.900841444806,28.000000059326517,2.468591049058858e-06
HD 44473, ,6,25,38.3,+,58,25,31,156,20,7.062,0.368,0.0,0.0,3.776,-0.14,143,1.29,3.45,0.0,0.0,0.0,0.0,0.0,0.0,4.0,0.4,0.0,1,0,0.0,9,11,-101,2,7.0,0.8,-35,-57,-14,8.123,0.048,5.21,8.25,0.23,0.11,96.40958333333332,58.42527777777777,-122.75862,54.65565,48.90888,PM*,F,5970.352865838366,134.37603529360024,3.314737564054799e-08
HD 44836, ,6,25,0.9,+,24,18,7,188,5,7.708,0.355,2.634,0.024,3.795,0.03,106,2.48,1.67,2.0,1.7,2.4,1.51,1.42,1.61,1.3,0.4,0.0,1,0,0.0,7,19,-12,2,6.7,1.2,1,-10,6,8.104,0.01,7.68,8.26,0.04,0.2,96.25375,24.301944444444445,-104.56898,-14.696214,9.238508,*,F,6237.348354824191,105.59663954962863,1.7157308092779462e-07
HD 44966, ,6,24,50.1,+,4,52,19,206,-4,7.035,0.318,2.649,0.005,3.798,-0.06,49,3.6,0.57,3.0,2.0,3.8,1.23,1.18,1.28,14.9,0.4,0.5,2,1076,0.26,11,-40,-39,2,20.6,0.9,-11,-9,-13,8.044,-0.003,7.78,8.05,0.02,0.09,96.20875,4.871944444444445,-43.933628,-21.427856,-3.418067,PM*,F,6280.58358813318,48.8806370866739,8.062117992321641e-07
HD 44985, ,6,25,20.2,+,11,13,59,200,-1,7.007,0.368,2.613,0.01,3.769,-0.27,33,4.42,0.6,8.2,5.1,12.3,0.97,0.92,1.03,32.0,0.2,0.3,3,2150,0.545,2,-123,-58,2,30.4,0.9,-30,-10,-22,8.031,0.0,7.42,8.41,0.06,0.22,96.33416666666666,11.233055555555556,-31.005135,-11.284946,-0.5759294,PM*,F,5874.893525297769,32.99497541431332,2.502932571368431e-06
HD 45004, ,6,27,38.3,+,48,46,36,166,16,7.305,0.358,2.626,0.01,3.777,-0.09,67,3.17,1.51,4.4,2.8,5.0,1.3,1.16,1.37,-51.1,0.6,0.8,2,610,0.041,9,21,42,2,14.9,0.9,53,-3,-4,8.062,0.019,6.81,9.93,0.19,0.06,96.90958333333332,48.77666666666666,-62.491444,15.580864,18.467703,*,F,5984.115950603199,64.40453319597644,4.4509134563802575e-07
HD 45067, ,6,25,16.5,-,0,56,45,211,-6,5.876,0.36,2.618,0.008,3.775,-0.2,33,3.28,1.54,4.9,4.4,5.5,1.2,1.15,1.25,46.9,0.1,0.3,39,2597,0.616,6,239,-219,2,30.2,0.9,-19,-65,13,8.028,-0.004,4.86,8.04,0.25,0.32,96.31875,-0.9458333333333332,-28.131565,-16.903145,-3.4494393,PM*,F,5956.621435290103,32.81922089630176,5.181424209225667e-07
HD 45504, ,6,28,56.3,+,26,58,2,186,7,6.42,0.342,2.609,-0.023,3.784,-0.11,46,3.11,1.42,2.9,2.5,4.6,1.33,1.27,1.39,-5.4,0.3,0.1,2,680,0.856,8,81,-78,1,21.8,1.0,9,-22,7,8.045,0.006,6.9,8.22,0.09,0.22,97.23458333333332,26.96722222222222,-45.40701,-4.7724676,5.60599,PM*,F,6081.350012787177,45.65712435242883,4.096841384835628e-07
HD 45654, ,6,28,38.2,-,0,43,15,211,-5,6.809,0.309,2.628,-0.022,3.802,-0.28,76,2.41,1.87,2.0,1.8,2.3,1.47,1.42,1.54,-16.9,0.2,0.3,2,794,0.35,7,39,-6,2,13.2,0.9,18,1,13,8.065,-0.007,7.59,9.04,0.09,0.33,97.15916666666666,-0.7208333333333333,-64.89683,-38.993935,-6.623836,*,F,6338.69711256927,75.71080181079266,1.5575756529217506e-07
HD 45743, ,6,32,19.9,+,54,51,12,160,19,7.557,0.352,2.626,0.016,3.779,-0.3,94,2.68,2.14,3.4,2.6,4.0,1.36,1.25,1.43,20.2,0.2,0.2,2,614,0.479,5,-45,-120,2,10.6,1.0,-44,-30,-28,8.084,0.031,6.37,8.47,0.14,0.35,98.08291666666666,54.85333333333333,-83.5187,30.398327,30.603405,PM*,F,6011.737374832779,88.87874624503277,2.2617737008794846e-07
HD 45759, ,6,29,36.8,+,8,29,32,203,-1,7.619,0.354,2.618,-0.002,3.778,-0.06,50,4.11,0.51,5.0,2.6,7.5,1.08,1.03,1.15,44.3,0.4,0.5,2,1078,0.373,14,-17,-14,2,19.9,1.1,-40,-18,-6,8.046,-0.001,6.9,8.51,0.1,0.02,97.40333333333332,8.492222222222221,-46.018234,-19.533579,-0.8726203,*,F,5997.910762555094,49.99238511041454,1.6309819319233878e-06
HD 45767, ,6,34,13.7,+,65,17,12,150,23,7.588,0.312,2.63,0.008,3.794,-0.7,64,3.55,1.25,5.7,3.6,7.0,1.06,1.0,1.14,0.8,0.4,0.3,2,1134,0.572,4,-19,51,2,15.6,0.8,7,15,-1,8.051,0.025,7.93,9.57,0.09,0.11,98.55708333333332,65.28666666666666,-51.019558,29.45616,25.006792,PM*,F,6223.002851691595,58.912313317853716,7.524006289866961e-07
HD 45895, ,6,24,2.0,-,70,11,12,281,-28,7.718,0.271,2.669,-0.01,3.826,0.04,147,1.88,1.58,1.2,1.1,1.4,1.75,1.67,1.84,20.5,0.4,0.5,2,793,0.194,10,2,19,2,6.8,0.6,-10,-21,-8,7.976,-0.068,7.02,7.98,0.06,0.07,96.00833333333333,-70.18666666666667,24.765713,-127.40862,-69.01232,*,F,6698.846094165266,129.79328561486827,7.489436621120556e-08
HD 46214, ,6,28,18.1,-,59,37,4,269,-26,7.637,0.318,2.664,0.026,3.814,0.05,115,2.22,1.49,1.5,1.3,1.7,1.65,1.58,1.71,37.2,0.2,0.3,2,793,0.338,5,23,-2,2,8.7,0.6,2,-39,-5,8.002,-0.05,6.07,8.04,0.14,0.06,97.07541666666664,-59.617777777777775,-1.8038923,-103.34557,-50.41268,*,F,6516.283940608428,103.3613122307128,1.1979788477114107e-07
HD 46317, ,6,36,15.1,+,58,6,24,157,21,6.607,0.318,2.637,0.005,3.793,-0.36,36,3.8,0.75,4.0,3.0,5.2,1.1,1.04,1.16,6.3,0.2,0.5,5,1487,0.186,4,124,-198,1,27.5,0.8,-17,-35,11,8.031,0.013,6.32,8.05,0.12,0.28,99.06291666666664,58.10666666666667,-30.937151,13.132042,12.901246,PM*,F,6208.690342300638,33.60889523751956,1.0627941370414843e-06
HD 46569, ,6,31,18.3,-,51,49,33,261,-24,5.586,0.345,2.628,0.008,3.785,-0.14,37,2.73,1.81,2.4,2.2,3.3,1.46,1.38,1.49,13.5,0.2,0.4,7,2271,0.135,7,104,105,1,26.9,0.5,-17,-18,15,8.006,-0.015,7.22,8.04,0.05,0.35,97.82625,-51.825833333333335,-5.287671,-33.385033,-15.049255,PM*,F,6095.368972401694,33.80118182867768,2.423534184571079e-07
HD 46588, ,6,46,14.1,+,79,33,53,135,26,5.433,0.345,0.0,0.0,3.78,-0.27,18,4.17,0.6,6.2,3.8,7.8,1.03,0.98,1.08,15.3,0.1,0.4,21,4299,0.175,5,-99,-603,1,56.0,0.5,-49,-21,-6,8.011,0.008,6.62,8.65,0.13,0.02,101.55875,79.56472222222222,-11.43978,11.43978,7.890681,PM*,F,6025.595860743575,16.178292026564485,1.77194056249803e-06
HD 46601, ,6,33,33.7,-,20,8,20,229,-13,7.496,0.246,2.695,0.003,3.844,0.14,176,1.27,1.79,0.9,0.8,1.0,2.01,1.89,2.17,13.4,1.4,2.5,3,708,0.227,100,-12,-5,2,5.2,0.9,-7,-8,-14,8.112,-0.039,7.95,8.14,0.01,0.1,98.39041666666664,-20.13888888888889,-112.506996,-129.4245,-39.591385,*,F,6982.324040771711,171.4891406159411,3.224401762983516e-08
HD 46719, ,6,34,19.9,-,16,0,39,225,-11,7.645,0.312,2.632,-0.008,3.8,-0.22,86,2.97,1.3,2.6,2.3,3.0,1.33,1.26,1.4,40.7,0.3,0.5,2,1107,0.259,10,-24,47,2,11.6,0.9,-43,-13,-8,8.059,-0.016,7.05,8.69,0.1,0.02,98.58291666666663,-16.010833333333334,-59.693913,-59.693905,-16.409575,PM*,F,6309.57344480193,84.41993569886556,3.3763631364056964e-07
HD 46781, ,6,36,2.1,+,16,47,49,196,4,6.723,0.3,2.657,0.006,3.807,-0.19,79,2.24,1.85,1.8,1.6,2.0,1.56,1.49,1.63,31.3,0.7,0.7,2,752,0.47,24,16,-30,1,12.7,0.9,-26,-21,3,8.075,0.006,7.02,8.22,0.08,0.15,99.00874999999998,16.796944444444446,-75.75469,-21.722303,5.5107613,*,F,6412.095765851615,78.8075599458574,1.2315417802581031e-07
HD 46828, ,6,35,3.0,-,12,36,27,222,-9,7.699,0.319,2.62,-0.011,3.793,-0.5,78,3.24,1.43,4.7,3.2,5.7,1.13,1.08,1.22,-7.4,0.2,0.3,3,3671,0.529,5,110,-153,2,12.8,0.9,50,-48,13,8.057,-0.013,5.32,8.8,0.25,0.34,98.7625,-12.6075,-57.251656,-51.549614,-12.201889,PM*,F,6208.690342300638,77.03969637979716,4.9028561355697e-07
HD 46836, ,6,32,57.7,-,48,32,40,257,-23,6.969,0.302,2.654,0.001,3.806,-0.11,65,2.91,1.13,2.3,2.0,2.6,1.4,1.35,1.44,34.1,0.6,0.8,2,1092,0.024,4,18,-129,1,15.4,0.6,32,-38,-18,8.013,-0.025,5.87,8.47,0.18,0.17,98.24041666666665,-48.54444444444445,-13.459463,-58.299305,-25.397524,PM*,F,6397.348354826482,59.83281798253692,3.107772002987818e-07
HD 47522, ,6,44,11.7,+,66,17,47,149,24,7.655,0.347,0.0,0.0,3.781,-0.27,67,3.54,1.21,6.0,4.9,7.2,1.1,1.06,1.16,-3.7,0.4,0.0,1,0,0.0,7,27,-17,2,15.0,0.9,2,-9,5,8.052,0.027,7.63,8.24,0.04,0.18,101.04875,66.29638888888888,-52.465103,31.524214,27.251354,*,F,6039.4862937638,61.207541211180875,7.420773053456006e-07
HD 47699, ,6,36,27.2,-,57,32,21,267,-25,7.153,0.266,2.691,0.014,3.828,-0.02,86,2.48,0.99,1.5,1.3,1.8,1.55,1.51,1.6,15.0,0.2,0.2,2,788,0.506,9,48,60,2,11.6,0.5,-21,-22,16,8.004,-0.036,6.97,8.07,0.07,0.38,99.11333333333332,-57.53916666666667,-4.079207,-77.83565,-36.345173,PM*,F,6729.766562843175,77.9424681458789,1.7157308092779462e-07
HD 47748, ,6,42,40.2,+,47,44,7,168,18,7.29,0.312,2.662,0.01,3.805,0.2,56,3.57,0.21,1.5,0.0,2.8,1.34,1.29,1.38,4.2,0.3,0.1,2,610,0.746,11,12,-98,2,18.0,0.9,-11,-24,-4,8.052,0.017,6.96,8.05,0.07,0.04,100.6675,47.73527777777778,-52.09533,11.073199,17.304953,PM*,F,6382.634861905489,53.25916957578761,7.73480109318936e-07
HD 48286, ,6,42,5.2,-,15,12,54,226,-9,6.97,0.358,2.597,-0.002,3.771,-0.36,30,4.61,0.45,7.9,0.9,12.2,0.95,0.89,1.03,30.3,0.1,0.4,37,4069,0.171,3,-171,-127,2,33.8,0.8,-14,-22,-34,8.02,-0.005,7.06,8.03,0.06,0.44,100.52166666666665,-15.215,-20.58318,-21.314508,-4.693034,PM*,F,5902.010801718442,29.630652206700816,3.2542367851618757e-06
HD 48332, ,6,42,47.4,-,4,8,27,216,-4,6.575,0.31,2.651,0.011,3.803,-0.24,70,2.34,1.88,1.9,1.8,2.1,1.51,1.45,1.58,37.1,1.1,1.6,2,822,0.211,45,-42,0,2,14.2,0.8,-33,-16,-15,8.057,-0.005,7.14,8.4,0.08,0.11,100.6975,-4.140833333333334,-56.493248,-41.04473,-4.882953,*,F,6353.309318517436,69.82948467776635,1.4139991550280592e-07
HD 48389, ,6,46,37.6,+,57,46,7,158,22,7.661,0.316,0.0,0.0,3.797,-0.3,82,3.09,1.32,2.9,2.4,4.6,1.26,1.15,1.34,42.3,0.5,0.0,1,0,0.0,8,28,-155,2,12.2,1.0,-61,-41,10,8.07,0.031,5.7,8.71,0.21,0.28,101.65666666666664,57.76861111111111,-70.49293,28.481,30.71774,PM*,F,6266.138646723356,76.02907694418563,3.985191083353441e-07
HD 48506, ,6,54,11.1,+,78,0,28,136,27,7.712,0.318,0.0,0.0,3.796,-0.33,102,2.67,1.79,2.4,2.1,2.6,1.39,1.33,1.46,-17.0,1.5,2.1,2,609,0.017,24,10,-75,2,9.8,0.7,-14,-37,-7,8.066,0.046,6.23,8.07,0.13,0.05,103.54625,78.00777777777778,-65.37551,63.132412,46.30703,PM*,F,6251.726927756856,90.88266475350426,2.2307410023176203e-07
HD 48527, ,6,37,38.5,-,70,36,13,281,-27,7.344,0.329,2.629,-0.007,3.794,0.0,75,2.98,1.22,2.5,2.2,2.8,1.4,1.35,1.44,18.4,0.2,0.1,2,817,0.966,9,-17,-42,2,13.4,0.6,16,-10,-15,7.987,-0.033,7.24,8.5,0.08,0.12,99.41041666666666,-70.6036111111111,12.750897,-65.597725,-34.049286,*,F,6223.002851691595,66.8254958790448,3.423333026383341e-07
HD 48568, ,6,44,25.2,+,6,16,54,207,1,7.61,0.257,2.675,-0.013,3.833,0.0,127,2.1,1.26,1.3,1.1,1.5,1.63,1.54,1.74,16.2,0.7,1.2,4,1415,0.566,50,8,-49,2,7.9,1.0,-2,-33,-9,8.113,0.003,6.49,8.14,0.11,0.02,101.105,6.281666666666666,-113.140594,-57.648018,2.2164555,*,F,6807.693586937417,126.9806599053618,1.0149605213416699e-07
HD 49095, ,6,45,22.9,-,31,47,37,241,-15,5.92,0.317,2.636,-0.007,3.795,-0.15,24,3.99,0.33,3.3,0.6,4.9,1.14,1.08,1.2,29.0,0.3,0.6,4,712,0.04,7,-202,-309,1,41.2,0.6,11,-28,-41,8.011,-0.006,6.6,8.19,0.11,0.62,101.34541666666668,-31.79361111111111,-11.238963,-20.275627,-6.211657,PM*,F,6237.348354824191,23.182220332800263,1.3818126046934837e-06
HD 49197, ,6,49,21.3,+,43,45,32,172,18,7.305,0.342,0.0,0.0,3.781,-0.24,45,4.06,0.66,5.7,3.7,7.6,1.06,0.99,1.11,10.1,0.6,0.7,2,1098,0.408,23,-37,-51,1,22.4,0.9,-14,-5,-7,8.042,0.014,7.94,8.12,0.01,0.01,102.33875,43.75888888888889,-42.38104,5.95627,13.905766,PM*,F,6039.4862937638,42.797543198114774,1.5221209024896846e-06
HD 49565, ,6,49,28.1,+,12,5,17,202,5,7.69,0.351,2.609,-0.002,3.777,-0.48,102,2.65,2.36,3.5,2.8,4.2,1.24,1.16,1.34,0.7,0.3,0.4,2,1044,0.346,8,-34,83,2,9.8,0.9,-16,40,4,8.094,0.009,8.09,11.47,0.17,0.2,102.36708333333333,12.088055555555556,-94.212875,-38.06448,8.889885,PM*,F,5984.115950603199,101.61186177526729,2.1699471169699102e-07
HD 49700, ,6,48,47.4,-,23,12,11,234,-11,7.532,0.308,2.639,-0.012,3.8,-0.11,60,3.63,0.54,3.0,1.9,3.9,1.22,1.16,1.27,50.9,0.2,0.2,4,758,0.845,10,-111,-59,2,16.6,0.9,-25,-36,-45,8.035,-0.011,6.33,8.1,0.12,0.7,102.1975,-23.203055555555554,-34.61917,-47.649174,-11.44854,PM*,F,6309.57344480193,58.89762910653684,8.403286101222213e-07
HD 49736, ,6,51,0.4,+,25,45,37,190,11,6.983,0.374,2.618,0.016,3.766,-0.26,37,4.14,0.95,10.4,7.3,12.3,0.99,0.96,1.04,6.1,0.2,0.1,3,1907,0.998,4,11,-197,1,27.0,1.0,-3,-33,-11,8.036,0.007,6.4,8.05,0.11,0.06,102.75166666666664,25.760277777777777,-35.76842,-6.3069396,7.0599327,PM*,F,5834.451042737448,36.32020589719238,1.7000008946693054e-06
HD 50060, ,6,51,55.8,+,10,48,2,203,5,7.652,0.39,2.608,0.023,3.771,-0.27,86,2.88,2.1,3.8,3.2,4.6,1.31,1.18,1.37,65.9,0.2,0.2,6,1872,0.922,2,-77,38,2,11.6,1.0,-73,-1,-15,8.079,0.008,6.88,10.05,0.19,0.14,102.9825,10.800555555555556,-78.862175,-33.475006,7.4953933,PM*,F,5902.010801718442,85.67274171188092,2.981598422274054e-07
HD 50078, ,6,49,33.5,-,41,25,44,251,-18,7.012,0.344,2.643,0.016,3.788,0.06,65,2.94,1.34,2.5,2.2,2.7,1.43,1.39,1.47,30.9,0.2,0.2,2,819,0.5,6,-38,113,1,15.3,0.6,-45,-16,-8,8.02,-0.02,6.9,8.64,0.11,0.02,102.38958333333332,-41.428888888888885,-20.126194,-58.450706,-20.086105,PM*,F,6137.620051647939,61.818676116721164,3.239284925294737e-07
HD 50223, ,6,49,54.6,-,46,36,52,256,-20,5.14,0.299,2.639,-0.008,3.806,-0.26,25,3.13,1.04,2.6,2.4,3.0,1.3,1.25,1.34,21.2,0.2,0.2,5,1497,0.709,4,0,374,1,39.7,0.5,-47,-13,7,8.006,-0.008,6.95,8.75,0.11,0.22,102.47749999999998,-46.614444444444445,-5.683306,-22.794493,-8.550503,PM*,F,6397.348354826482,23.49231530132109,4.2116197144500654e-07
HD 50554, ,6,54,42.8,+,24,14,44,191,11,6.852,0.366,2.621,0.009,3.771,-0.14,31,4.39,0.47,7.0,3.3,9.9,1.01,0.96,1.08,-4.2,0.2,0.5,4,1841,0.154,4,-37,-97,1,32.2,1.0,4,-10,-11,8.03,0.006,7.53,8.26,0.05,0.06,103.67833333333331,24.245555555555555,-29.87135,-5.806401,5.915079,PM*,F,5902.010801718442,30.430442707842765,2.401315089612667e-06
HD 50639, ,6,53,44.8,-,9,30,55,222,-4,7.05,0.348,2.612,-0.01,3.781,-0.08,40,4.05,0.52,4.7,2.6,6.9,1.09,1.04,1.16,-1.8,0.2,0.4,5,1102,0.266,5,-56,-37,2,25.1,0.9,3,1,-12,8.03,-0.003,7.86,8.59,0.04,0.08,103.43666666666664,-9.515277777777778,-29.653387,-26.700026,-2.790259,PM*,F,6039.4862937638,39.902565694106,1.5012366207760376e-06
HD 50867, ,6,55,17.4,+,5,54,37,208,4,7.598,0.327,2.642,0.005,3.791,-0.13,52,4.04,0.35,3.5,0.7,5.6,1.12,1.06,1.19,-14.4,0.2,0.2,9,1466,0.997,8,5,0,3,19.4,1.0,13,6,0,8.045,0.003,7.76,9.15,0.08,0.11,103.8225,5.910277777777778,-45.801437,-24.353052,3.6273365,*,F,6180.164001384158,51.87333392967598,1.4806388821497311e-06
HD 50959, ,6,54,53.1,-,14,51,45,227,-6,7.494,0.356,2.628,0.007,3.783,0.1,116,2.17,2.19,1.8,1.5,2.1,1.63,1.57,1.72,10.0,0.3,0.3,2,797,0.489,17,-2,-56,2,8.6,0.8,13,-25,-16,8.079,-0.012,6.72,8.31,0.11,0.12,103.72125,-14.8625,-78.67843,-84.372284,-12.125302,PM*,F,6067.363295885053,115.364542449756,1.1180189118904961e-07
HD 51370, ,7,3,33.5,+,71,45,29,143,27,7.136,0.331,0.0,0.0,3.788,-0.1,36,4.32,0.11,0.9,0.0,5.6,1.1,1.03,1.15,-14.9,0.3,0.1,3,1681,0.981,12,32,52,2,27.4,0.7,18,-3,-1,8.026,0.016,7.46,8.83,0.08,0.1,105.88958333333332,71.75805555555556,-25.617218,19.303965,16.343658,PM*,F,6137.620051647939,32.07623610682446,2.1799631377770527e-06
HD 52298, ,6,57,45.4,-,52,38,54,263,-20,6.915,0.314,2.623,-0.013,3.795,-0.32,36,4.1,0.37,3.6,0.0,6.1,1.08,1.02,1.15,4.0,0.3,0.3,2,1118,0.433,5,-11,-373,2,27.4,0.5,60,-5,-23,8.004,-0.013,6.57,10.04,0.21,0.26,104.43916666666664,-52.64833333333333,-4.1227183,-33.57678,-12.312724,PM*,F,6237.348354824191,33.82893674577365,1.608604020891194e-06
HD 52449, ,6,53,16.4,-,74,43,30,286,-26,7.641,0.333,2.62,-0.011,3.789,-0.06,54,3.99,0.38,3.5,1.3,5.3,1.15,1.08,1.2,5.0,0.2,0.2,3,307,0.609,4,-53,181,2,18.6,0.6,-46,-13,-8,7.987,-0.024,6.94,8.67,0.11,0.03,103.31833333333331,-74.72500000000001,13.378018,-46.65472,-23.672043,PM*,F,6151.7687270986835,48.53487677832018,1.3818126046934837e-06
HD 52516, ,7,0,9.7,-,31,8,30,242,-12,6.613,0.298,2.644,-0.004,3.805,-0.33,39,3.65,0.61,3.3,2.1,4.2,1.17,1.11,1.22,16.3,0.3,0.1,2,502,0.826,7,19,36,2,25.6,0.7,-12,-13,2,8.018,-0.008,7.54,8.02,0.03,0.14,105.04041666666666,-31.141666666666666,-17.90929,-33.682472,-8.108557,*,F,6382.634861905489,38.14775993862397,8.638715069876107e-07
HD 52552, ,7,3,58.9,+,47,2,59,170,22,6.986,0.306,2.631,-0.007,3.801,-0.54,83,2.4,2.12,2.1,1.9,2.8,1.42,1.36,1.48,-5.3,0.2,0.2,5,3013,0.9,5,-83,12,2,12.1,0.9,-3,15,-30,8.076,0.03,8.05,9.52,0.08,0.39,105.99541666666666,47.04972222222222,-75.78712,13.363322,31.092346,PM*,F,6324.118513762197,76.95625986734338,1.536204913795363e-07
HD 52619, ,7,0,42.5,-,28,29,22,240,-11,6.29,0.291,2.652,-0.008,3.814,-0.06,68,2.13,1.68,1.5,1.4,1.7,1.65,1.59,1.7,9.3,0.3,0.3,2,760,0.42,10,-22,-44,2,14.7,0.6,5,-11,-14,8.034,-0.013,7.48,8.26,0.05,0.1,105.17708333333331,-28.489444444444445,-33.375317,-57.807762,-12.975012,*,F,6516.283940608428,66.75064892792528,1.0579110415405388e-07
HD 53466, ,7,1,46.8,-,56,37,17,267,-21,7.697,0.342,2.649,0.024,3.803,0.2,79,3.1,0.72,2.2,1.6,2.8,1.44,1.39,1.49,10.2,0.5,0.7,2,1118,0.076,13,-15,8,2,12.6,0.6,-5,-8,-8,8.004,-0.028,7.79,8.07,0.02,0.03,105.44499999999998,-56.62138888888889,-3.8599386,-73.65178,-28.311068,*,F,6353.309318517436,73.75285637291732,4.0406306137483407e-07
HD 53658, ,7,1,5.4,-,65,42,23,276,-24,7.336,0.305,2.652,0.011,3.801,-0.4,59,3.48,0.93,3.3,2.7,5.3,1.17,1.09,1.22,7.1,0.4,0.4,2,1064,0.368,11,-108,66,2,16.9,0.5,-26,1,-25,7.994,-0.024,7.78,8.66,0.05,0.29,105.2725,-65.7063888888889,5.633993,-53.603916,-23.997461,PM*,F,6324.118513762197,53.89918076983272,6.830447379131052e-07
HD 53665, ,7,5,52.7,-,1,1,13,215,3,7.259,0.331,2.643,0.007,3.793,0.03,64,3.22,0.97,2.7,2.3,3.1,1.33,1.28,1.39,-15.0,0.2,0.3,5,1813,0.491,9,28,-187,1,15.6,1.0,43,-36,-19,8.052,0.003,5.85,8.78,0.2,0.19,106.46958333333332,-1.0202777777777776,-52.35388,-36.65858,3.3495014,PM*,F,6208.690342300638,63.9122855065503,4.769239694453286e-07
HD 53698, ,7,4,44.4,-,31,56,43,243,-11,7.349,0.288,2.641,-0.014,3.813,-0.23,88,2.63,1.36,2.1,1.9,2.3,1.43,1.38,1.49,65.5,0.2,0.2,2,1035,0.507,8,-21,8,2,11.4,0.7,-36,-52,-18,8.039,-0.017,5.38,8.18,0.21,0.17,106.185,-31.94527777777778,-39.217163,-76.96798,-16.791191,*,F,6501.296903430909,86.38319176233863,2.1108100337753084e-07
HD 53842, ,6,46,13.5,-,83,59,29,296,-27,7.46,0.292,2.665,0.006,3.809,-0.21,57,3.68,0.38,2.6,0.9,3.8,1.2,1.15,1.26,12.5,0.7,0.8,2,1127,0.424,50,19,61,2,17.5,0.6,-9,-19,0,7.978,-0.026,7.14,7.98,0.06,0.1,101.55625,-83.99138888888889,22.26371,-45.647392,-25.877459,PM*,F,6441.692655151775,50.78737224316458,9.004283284894444e-07
HD 54717, ,7,11,19.4,+,33,6,42,184,18,7.162,0.297,2.64,-0.001,3.803,-0.54,46,3.85,0.63,3.5,1.4,4.9,1.09,1.04,1.16,3.1,0.3,0.3,2,1041,0.408,6,-111,-9,2,21.8,1.0,-11,6,-21,8.043,0.014,8.04,8.8,0.05,0.22,107.83083333333332,33.111666666666665,-43.642033,-3.051745,14.214782,PM*,F,6353.309318517436,43.74860217101929,1.1388044353332944e-06
HD 54777, ,7,11,28.9,+,30,28,21,187,17,7.189,0.239,2.697,0.0,3.845,0.04,103,2.12,1.0,1.1,0.9,1.3,1.66,1.57,1.76,11.2,0.9,0.4,2,640,0.759,29,-18,6,2,9.7,1.1,-13,5,-3,8.098,0.031,8.09,8.75,0.04,0.06,107.87041666666666,30.4725,-97.76519,-12.004044,30.114285,*,F,6998.419960022738,98.49938805946987,1.0433959578941759e-07
HD 55575, ,7,15,50.1,+,47,14,23,170,24,5.64,0.372,2.597,0.003,3.765,-0.31,17,4.51,0.64,9.1,6.1,13.9,0.95,0.88,1.0,84.9,0.2,0.4,5,4302,0.218,3,30,-186,1,59.3,0.7,-80,-2,32,8.015,0.007,6.71,10.29,0.21,0.87,108.95875,47.23972222222222,-15.2943325,2.6968052,6.914523,PM*,F,5821.032177708716,15.53027253164938,2.8343217529717135e-06
HD 56737, ,7,14,22.5,-,61,4,11,272,-21,7.168,0.287,2.658,0.01,3.809,-0.6,61,3.26,1.13,3.0,2.5,4.7,1.2,1.11,1.24,6.8,0.2,0.2,3,401,0.833,6,-114,18,2,16.5,0.6,-16,4,-30,7.998,-0.022,7.97,8.64,0.04,0.38,108.59375,-61.06972222222223,1.9874599,-56.91371,-21.860445,PM*,F,6441.692655151775,56.94840105585238,5.040216014735024e-07
HD 56803, ,7,17,57.6,-,13,53,15,228,-1,7.535,0.292,2.635,-0.008,3.807,-0.66,89,2.78,1.71,3.6,2.2,4.2,1.27,1.15,1.35,-15.4,0.3,0.5,3,152,0.301,8,-55,71,2,11.2,0.9,-17,37,-7,8.059,-0.001,8.05,11.16,0.16,0.01,109.48999999999998,-13.8875,-59.543564,-66.1298,-1.5532641,PM*,F,6412.095765851615,88.98643976394436,2.596863665671187e-07
HD 57006, ,7,19,47.6,+,7,8,34,210,10,5.915,0.339,2.633,0.008,3.789,-0.09,59,2.05,2.35,1.6,1.5,1.8,1.66,1.62,1.73,22.8,0.2,0.3,4,1156,0.554,7,62,-57,2,16.9,0.8,-7,-29,12,8.051,0.01,6.65,8.05,0.1,0.3,109.94833333333332,7.142777777777778,-50.319244,-29.051826,10.245242,PM*,F,6151.7687270986835,58.10365660322775,9.472162716812682e-08
HD 57334, ,7,18,12.3,-,51,3,1,262,-17,7.519,0.349,2.616,-0.01,3.783,0.07,50,4.05,0.34,3.7,1.2,5.3,1.17,1.1,1.22,16.2,0.2,0.4,6,2215,0.273,5,24,-151,1,20.2,0.6,33,-18,-13,8.006,-0.014,6.67,8.79,0.14,0.08,109.55124999999998,-51.05027777777777,-6.654602,-47.3499,-14.618585,PM*,F,6067.363295885053,47.815235624102115,1.5012366207760376e-06
HD 57415, ,7,18,56.3,-,45,17,50,257,-14,7.173,0.333,2.623,0.006,3.785,-0.45,47,3.81,1.0,7.6,3.5,8.9,1.06,0.99,1.11,0.4,0.2,0.1,2,376,0.661,6,-235,113,2,21.3,0.6,-41,19,-36,8.01,-0.012,7.73,10.16,0.14,0.56,109.73458333333332,-45.29722222222222,-10.258651,-44.435078,-11.370329,PM*,F,6095.368972401694,45.60390418819297,1.0775790762405527e-06
HD 57984, ,7,23,15.4,-,10,4,6,226,2,7.622,0.311,2.659,0.009,3.801,-0.05,61,3.71,0.38,2.7,1.0,3.8,1.22,1.17,1.28,26.5,0.3,0.3,2,505,0.422,8,-8,-60,2,16.5,1.0,-9,-29,-9,8.042,0.003,6.64,8.04,0.1,0.03,110.81416666666664,-10.068333333333332,-42.348347,-43.853,2.1288693,PM*,F,6324.118513762197,60.962841982903065,9.385321407040258e-07
HD 58183, ,7,28,42.5,+,63,52,29,152,28,7.595,0.283,0.0,0.0,3.813,-0.33,69,3.39,0.69,2.7,1.9,3.3,1.23,1.16,1.28,-23.5,0.7,0.0,1,0,0.0,15,20,20,2,14.4,1.0,24,-6,-5,8.054,0.033,7.28,8.93,0.1,0.05,112.17708333333331,63.87472222222223,-53.792152,28.601795,32.39354,*,F,6501.296903430909,60.92338052023319,6.031830791377278e-07
HD 58192, ,7,23,53.8,-,17,24,48,232,-1,6.842,0.312,2.631,-0.013,3.797,-0.16,34,4.18,0.1,0.4,0.0,4.3,1.13,1.06,1.18,16.0,0.2,0.2,5,588,0.798,5,-71,-21,2,29.4,0.8,-12,-11,-12,8.021,-0.001,7.67,8.03,0.02,0.07,110.97416666666666,-17.41333333333333,-20.929304,-26.788284,-0.5933818,PM*,F,6266.138646723356,33.99482204085016,1.7965907111654088e-06
HD 58551, ,7,26,50.2,+,21,32,8,197,17,6.538,0.322,2.61,-0.014,3.789,-0.54,31,4.09,0.7,5.4,2.7,7.2,1.02,0.97,1.08,50.0,0.4,0.6,3,417,0.132,6,-314,-27,1,32.4,0.9,-62,-4,-27,8.028,0.009,6.96,9.52,0.16,0.34,111.70916666666666,21.53555555555556,-28.35008,-8.667492,9.063522,PM*,F,6151.7687270986835,29.64544574764333,1.5865331463088641e-06
HD 58618, ,7,24,37.5,-,38,16,23,251,-10,7.423,0.276,2.662,-0.016,3.82,0.0,64,3.4,0.23,1.3,0.0,2.2,1.33,1.28,1.38,46.5,1.1,1.9,3,680,0.11,30,-64,-10,2,15.7,0.6,-20,-38,-27,8.021,-0.012,6.16,8.05,0.13,0.3,111.15625,-38.27305555555555,-20.519812,-59.593853,-11.113483,PM*,F,6606.934480075957,63.02769232568295,6.11574191621451e-07
HD 58800, ,7,25,19.0,-,41,9,27,253,-12,7.578,0.281,2.655,-0.001,3.814,-0.44,85,2.92,1.23,2.5,2.1,2.8,1.31,1.25,1.36,-5.5,0.4,0.6,2,376,0.132,11,27,60,2,11.7,0.6,-16,6,21,8.024,-0.017,7.99,8.88,0.05,0.5,111.32916666666664,-41.1575,-24.308546,-79.509605,-17.672495,PM*,F,6516.283940608428,83.14254443959567,3.1510054181030334e-07
HD 58805, ,6,46,58.5,-,87,1,29,300,-27,6.46,0.282,2.638,-0.02,3.812,-0.47,39,3.49,0.73,3.0,2.1,3.7,1.18,1.14,1.22,4.3,0.3,0.4,2,1329,0.308,10,5,4,1,25.5,0.5,1,-4,-1,7.983,-0.018,7.75,8.31,0.03,0.09,101.74375,-87.02472222222222,17.374624,-30.09374,-17.70563,*,F,6486.344335482381,34.74925533488417,6.925468367376233e-07
HD 59331, ,7,30,39.5,+,27,54,31,191,20,7.111,0.292,2.658,-0.004,3.81,-0.12,47,3.76,0.2,1.6,0.0,3.3,1.22,1.17,1.27,36.0,2.8,3.9,2,1344,0.017,35,-47,-43,1,21.4,1.0,-37,-12,0,8.043,0.016,7.2,8.52,0.08,0.11,112.66458333333333,27.90861111111111,-43.354107,-8.427183,16.074945,PM*,F,6456.542290346556,44.16555226738298,1.005655307350343e-06
HD 59762, ,7,38,33.5,+,73,35,44,141,29,7.577,0.3,0.0,0.0,3.807,-0.08,102,2.53,1.46,2.0,1.7,2.2,1.5,1.43,1.56,-16.7,0.6,0.8,2,712,0.108,9,-32,-58,2,9.8,0.7,-12,-27,-21,8.07,0.05,6.77,8.07,0.09,0.21,114.63958333333332,73.59555555555555,-69.330124,56.142445,49.45058,PM*,F,6412.095765851615,89.21121131580605,1.8384386847322583e-07
HD 59980, ,7,32,26.4,-,0,31,6,218,9,7.687,0.307,2.637,-0.02,3.808,0.18,111,2.46,1.27,1.6,1.4,1.9,1.59,1.51,1.68,30.4,0.2,0.1,2,796,0.93,8,-28,-49,1,9.0,0.9,-17,-33,-20,8.086,0.017,6.44,8.1,0.11,0.19,113.11,-0.5183333333333334,-86.39231,-67.497055,17.364227,PM*,F,6426.877173170194,109.63340577036328,1.6689723814737225e-07
HD 60290, ,7,29,56.7,-,61,14,58,273,-19,7.675,0.323,2.637,0.003,3.795,-0.17,99,2.7,1.64,2.3,2.1,2.6,1.43,1.37,1.49,5.0,0.4,0.1,2,464,0.967,20,25,-57,2,10.1,0.6,29,-4,-1,7.995,-0.032,7.18,9.08,0.12,0.1,112.48624999999998,-61.24944444444444,4.8989954,-93.47805,-32.231247,PM*,F,6237.348354824191,93.60633519015538,2.3251402271779487e-07
HD 60406, ,7,38,4.7,+,61,32,0,155,29,7.363,0.312,0.0,0.0,3.798,-0.29,58,3.53,0.85,3.4,2.8,4.0,1.17,1.1,1.23,-39.6,0.6,0.0,1,0,0.0,13,27,22,1,17.1,0.9,37,-11,-12,8.046,0.028,6.85,9.13,0.14,0.09,114.51958333333332,61.53333333333333,-45.97513,21.438559,28.118958,*,F,6280.58358813318,50.727944867827844,7.318956230148521e-07
HD 60532, ,7,34,3.1,-,22,17,45,238,-1,4.45,0.34,2.641,0.028,3.785,-0.42,26,2.4,2.38,2.7,2.6,2.8,1.44,1.34,1.47,60.7,0.1,0.2,10,4437,0.906,8,-40,47,1,38.9,0.7,-39,-47,-2,8.014,-0.001,5.59,8.21,0.19,0.07,113.51291666666664,-22.29583333333333,-13.775805,-22.04589,-0.45376256,PM*,F,6095.368972401694,25.996039492394317,1.536204913795363e-07
HD 60674, ,7,31,24.0,-,64,22,20,276,-20,7.6,0.292,2.671,0.011,3.812,-0.09,96,2.69,1.19,2.0,1.8,2.3,1.46,1.4,1.51,8.2,0.7,1.0,2,437,0.323,30,-8,52,2,10.4,0.6,-22,-12,2,7.991,-0.033,7.46,8.15,0.04,0.14,112.85,-64.37222222222222,9.429555,-89.71632,-32.83393,PM*,F,6486.344335482381,90.21050150531491,2.2932381072814994e-07
HD 60718, ,7,35,20.5,-,14,2,51,230,3,7.646,0.388,2.597,0.02,3.767,-0.47,53,3.94,1.29,9.3,6.7,12.0,0.97,0.89,1.03,30.1,0.2,0.3,4,2165,0.258,4,-87,-88,2,0.0,0.0,-13,-30,-28,8.034,0.003,6.61,8.04,0.1,0.32,113.83541666666665,-14.0475,-34.02105,-40.54472,2.7738059,PM*,F,5847.900841444806,52.92736686234164,1.2895825562256862e-06
HD 60912, ,7,39,21.6,+,50,31,42,168,28,6.896,0.301,0.0,0.0,3.805,-0.18,47,3.56,0.56,2.9,1.9,3.7,1.22,1.17,1.27,7.0,0.5,0.0,1,0,0.0,10,-80,-63,2,21.5,0.9,-17,-7,-14,8.04,0.022,7.8,8.17,0.02,0.1,114.84,50.52833333333333,-40.591694,8.628027,22.065165,PM*,F,6382.634861905489,41.498535777812265,7.628675643650526e-07
HD 61295, ,7,39,54.0,+,32,0,35,188,24,6.17,0.222,2.724,0.0,3.859,0.24,84,1.55,1.2,0.9,0.8,1.1,1.99,1.9,2.08,26.8,0.9,1.6,3,1851,0.199,35,-19,-41,1,11.9,0.9,-27,-17,0,8.076,0.034,7.2,8.27,0.07,0.1,114.97499999999998,32.00972222222222,-75.991005,-10.679841,34.16588,PM*,F,7227.698036021702,76.73781235281147,4.747327028506733e-08
HD 61602, ,7,41,3.1,+,24,57,54,195,21,7.242,0.348,2.608,-0.029,3.783,-0.23,111,2.01,2.66,2.0,1.6,2.3,1.56,1.46,1.66,-8.1,0.4,0.6,2,1743,0.154,6,-29,-39,1,9.0,0.9,3,-13,-23,8.1,0.041,7.48,8.27,0.05,0.25,115.26291666666664,24.965,-100.096405,-26.820755,39.778843,PM*,F,6067.363295885053,103.62742490621896,8.962912361151731e-08
HD 61989, ,7,40,30.5,-,33,25,34,248,-5,7.322,0.351,2.61,0.001,3.777,-0.46,57,3.52,1.48,6.7,5.6,7.7,1.06,1.02,1.1,37.8,0.1,0.2,5,3305,0.779,6,-52,140,2,17.4,0.7,-52,-20,3,8.021,-0.005,6.63,8.74,0.14,0.16,115.12708333333332,-33.42611111111111,-21.271336,-52.64837,-4.967877,PM*,F,5984.115950603199,56.7831013496251,7.218536386028226e-07
HD 61997, ,7,42,42.9,+,22,13,26,198,21,7.123,0.279,2.672,0.001,3.819,-0.06,74,2.77,0.93,1.9,1.5,2.2,1.45,1.39,1.5,33.5,0.7,0.0,1,0,0.0,13,-18,-27,1,13.5,1.0,-31,-17,3,8.066,0.026,7.14,8.34,0.08,0.15,115.67875,22.223888888888887,-65.70369,-21.348421,26.519228,*,F,6591.738952443213,69.08494741120775,2.561233360432562e-07
HD 62279, ,7,41,21.0,-,41,53,20,256,-9,7.539,0.306,2.656,0.004,3.804,-0.08,59,3.68,0.37,2.5,0.9,3.7,1.23,1.18,1.28,28.9,0.3,0.1,2,706,0.728,13,-56,125,2,16.9,0.6,-45,-17,-1,8.015,-0.01,6.84,8.6,0.11,0.09,115.3375,-41.888888888888886,-14.097665,-56.542637,-9.229634,PM*,F,6367.955209079156,58.27361287380416,9.004283284894444e-07
HD 62301, ,7,44,56.1,+,39,33,22,180,27,6.739,0.363,2.587,-0.004,3.766,-0.71,34,4.07,1.34,11.4,9.1,13.5,0.89,0.86,0.93,-5.6,0.3,0.5,4,311,0.243,3,30,-684,1,29.2,1.0,-5,-109,-23,8.031,0.015,3.08,8.03,0.45,0.25,116.23375,39.55611111111111,-30.294222,-2.648405e-06,15.435677,PM*,F,5834.451042737448,30.29422200000012,1.5432957135020808e-06
HD 62364, ,7,35,37.7,-,75,32,39,287,-24,7.319,0.336,2.618,-0.01,3.787,-0.13,54,3.65,0.83,3.8,3.1,4.3,1.14,1.08,1.24,35.2,0.2,0.2,2,1061,0.625,4,-125,-8,2,18.5,0.5,-2,-22,-42,7.985,-0.022,7.07,8.02,0.06,0.62,113.90708333333332,-75.54416666666667,14.423108,-47.175907,-21.96378,PM*,F,6123.503917247734,49.33145290433187,8.638715069876107e-07
HD 62816, ,7,45,29.2,-,10,9,38,228,7,7.548,0.312,2.646,0.007,3.798,-0.3,53,3.94,0.45,3.6,1.4,5.2,1.11,1.05,1.18,-3.8,0.3,0.2,2,761,0.601,11,10,-2,2,19.0,1.0,4,2,1,8.035,0.007,7.86,8.69,0.05,0.13,116.37166666666666,-10.160555555555556,-35.199585,-39.093086,6.4590755,*,F,6280.58358813318,52.60494422747372,1.2895825562256862e-06
HD 62854, ,7,48,16.5,+,49,22,13,169,29,7.717,0.301,0.0,0.0,3.803,-0.28,60,3.82,0.44,3.3,1.4,4.5,1.15,1.08,1.21,6.6,0.4,0.5,2,446,0.337,12,-72,8,2,16.6,1.1,-14,8,-14,8.052,0.029,8.04,8.94,0.05,0.11,117.06875,49.37027777777778,-51.51303,10.01312,29.088577,PM*,F,6353.309318517436,52.47718391753982,1.0925696944319081e-06
HD 63045, ,7,46,3.5,-,23,8,29,240,1,6.945,0.323,2.631,-0.001,3.795,-0.17,57,3.15,1.19,2.8,2.4,4.3,1.3,1.25,1.36,35.1,0.2,0.4,2,1033,0.28,9,-106,-23,2,17.4,0.9,-26,-26,-27,8.029,0.001,6.75,8.14,0.09,0.32,116.51458333333332,-23.141388888888887,-28.495653,-49.35593,0.99478716,PM*,F,6237.348354824191,56.99131570740676,4.3296137079654303e-07
HD 63332, ,7,51,5.7,+,54,7,45,164,30,6.02,0.317,2.64,0.0,3.797,-0.18,30,3.63,0.67,3.5,2.6,4.3,1.19,1.12,1.24,1.5,0.4,0.0,1,0,0.0,9,-42,53,2,33.3,0.8,-2,9,-4,8.025,0.015,7.98,9.0,0.06,0.05,117.77374999999998,54.12916666666667,-24.974312,7.1612687,15.0,PM*,F,6266.138646723356,25.980762676775747,8.403286101222213e-07
HD 63333, ,7,49,18.8,+,24,29,19,196,23,7.088,0.337,2.614,0.004,3.782,-0.5,43,3.92,1.0,5.5,3.9,9.8,1.03,0.97,1.08,-11.1,0.3,0.3,2,1041,0.352,4,-124,-21,1,23.2,0.9,-1,5,-28,8.038,0.017,7.97,8.81,0.05,0.33,117.3283333333333,24.488611111111112,-38.04838,-10.910196,16.80144,PM*,F,6053.408747539136,39.58170786339084,1.2544378513997383e-06
HD 63738, ,7,48,49.2,-,38,12,14,253,-6,7.144,0.319,2.632,-0.002,3.793,-0.29,42,4.01,0.48,4.3,1.9,6.0,1.08,1.03,1.15,-7.0,0.3,0.5,3,2541,0.09,6,-126,-43,2,23.6,0.6,-2,11,-25,8.012,-0.005,7.98,9.15,0.07,0.3,117.20499999999998,-38.20388888888889,-12.212352,-39.94477,-4.3901954,PM*,F,6208.690342300638,41.76991969976485,1.4205258785814954e-06
HD 63748, ,7,56,34.1,+,71,50,49,143,31,7.351,0.233,0.0,0.0,3.851,0.2,120,1.95,0.95,1.0,0.9,1.2,1.82,1.73,1.92,-59.8,0.3,0.7,4,981,0.207,8,38,29,2,8.3,0.7,60,-22,-14,8.083,0.062,6.15,9.59,0.22,0.12,119.14208333333332,71.84694444444445,-82.1477,61.90275,61.80457,*,F,7095.777679633888,102.86007521313846,8.249908844483339e-08
HD 64021, ,7,51,58.8,+,5,20,58,215,16,7.416,0.236,2.695,-0.004,3.845,-0.02,111,2.19,0.98,1.2,1.0,1.4,1.62,1.54,1.71,41.7,1.5,2.6,3,1011,0.065,70,-18,8,3,9.0,1.0,-39,-18,5,8.087,0.03,7.0,8.53,0.1,0.19,117.995,5.349444444444444,-87.403564,-61.20063,30.595747,*,F,6998.419960022738,106.70004738658271,1.1493416630370558e-07
HD 64142, ,7,46,18.2,-,71,43,13,284,-22,7.575,0.277,2.672,0.01,3.817,-0.41,93,2.72,1.34,2.2,2.0,2.5,1.37,1.32,1.42,34.3,0.3,0.3,2,378,0.537,11,6,58,2,10.7,0.6,-14,-40,-1,7.979,-0.034,5.99,7.98,0.14,0.1,116.57583333333332,-71.72027777777778,20.86047,-83.666756,-34.838413,PM*,F,6561.452663029057,86.22810022367672,2.390282048968422e-07
HD 64389, ,7,54,54.1,+,32,17,4,188,27,7.473,0.353,2.634,0.013,3.781,-0.01,71,3.22,1.29,3.0,2.5,4.8,1.31,1.19,1.38,15.2,0.6,0.9,2,1077,0.017,5,-59,-45,2,14.1,1.0,-22,-12,-14,8.063,0.032,7.49,8.22,0.05,0.1,118.72541666666666,32.28444444444444,-62.645805,-8.804296,32.233326,PM*,F,6039.4862937638,63.26146150820136,4.769239694453286e-07
HD 64467, ,7,55,8.2,+,28,23,3,193,26,7.33,0.28,2.671,0.001,3.817,-0.11,68,3.17,0.62,2.1,1.5,2.6,1.34,1.29,1.39,-4.1,0.5,0.0,1,0,0.0,10,-56,-57,2,14.7,1.0,-3,-13,-22,8.06,0.029,7.56,8.11,0.04,0.23,118.78416666666664,28.384166666666665,-59.551544,-13.748557,29.809238,PM*,F,6561.452663029057,61.11799417819751,4.4509134563802575e-07
HD 65664, ,8,1,32.5,+,41,23,13,179,30,7.271,0.35,0.0,0.0,3.784,-0.05,70,3.03,1.45,2.7,2.4,3.1,1.35,1.28,1.42,28.0,0.4,0.0,1,0,0.0,12,-32,-95,1,14.2,1.1,-33,-29,0,8.061,0.035,6.55,8.26,0.12,0.11,120.38541666666669,41.386944444444445,-60.612545,1.057999,35.0,PM*,F,6081.350012787177,60.62177804437136,3.668167426027225e-07
HD 66242, ,8,2,25.9,-,6,20,13,227,13,6.332,0.393,2.606,0.018,3.763,-0.1,109,1.15,3.86,1.0,0.8,1.2,2.05,1.87,2.06,-15.9,0.2,0.2,2,4074,0.541,7,6,-11,1,9.2,0.9,15,7,-4,8.072,0.024,7.75,9.26,0.09,0.06,120.60791666666664,-6.336944444444444,-72.43255,-77.6744,24.519663,*,F,5794.286964268809,106.20634027619303,2.7318015678029134e-08
HD 66308, ,8,1,39.6,-,34,41,42,251,-2,7.562,0.295,2.639,-0.011,3.806,-0.37,63,3.57,0.7,3.2,2.3,4.0,1.17,1.11,1.22,3.2,0.4,0.3,2,715,0.558,17,42,-96,2,15.9,0.8,28,-13,-5,8.02,-0.002,6.92,8.78,0.12,0.04,120.415,-34.69499999999999,-20.4983,-59.531384,-2.1986682,PM*,F,6397.348354826482,62.961623103645096,7.73480109318936e-07
HD 66740, ,8,4,1.3,-,26,58,23,245,2,7.17,0.287,2.67,0.005,3.813,-0.14,57,3.37,0.54,2.3,1.5,3.0,1.28,1.24,1.33,34.3,0.2,0.3,4,759,0.634,6,-26,43,2,17.4,0.8,-28,-24,2,8.024,0.002,6.78,8.16,0.09,0.14,121.00541666666663,-26.973055555555558,-24.074562,-51.62808,1.9892713,*,F,6501.296903430909,56.965280478360185,5.867446656604655e-07
HD 66922, ,8,6,9.0,+,15,20,48,207,23,7.582,0.306,2.629,-0.017,3.801,-0.3,63,3.6,0.72,3.4,2.5,4.2,1.17,1.09,1.23,-8.3,0.5,0.6,2,1072,0.124,3,-48,-2,2,16.0,1.1,0,6,-15,8.051,0.025,7.98,8.85,0.05,0.13,121.53749999999997,15.346666666666668,-51.671078,-26.327732,24.61606,*,F,6324.118513762197,57.991807817534955,8.062117992321641e-07
HD 67150, ,8,7,26.0,+,19,49,3,203,25,7.682,0.373,2.611,0.015,3.77,-0.29,97,2.75,2.27,3.5,2.9,4.4,1.32,1.22,1.39,17.8,0.3,0.5,2,1811,0.256,6,-94,-39,1,10.3,1.1,-33,-15,-35,8.081,0.041,7.24,8.45,0.08,0.48,121.85833333333332,19.8175,-80.92329,-34.34989,40.993973,PM*,F,5888.43655355589,87.9118524855221,2.4914326408057216e-07
HD 67200, ,8,1,32.5,-,70,1,25,283,-20,7.703,0.38,2.641,0.039,3.793,0.45,54,3.87,0.08,0.5,0.0,1.9,1.26,1.23,1.29,14.6,0.2,0.2,2,819,0.527,4,18,105,2,18.5,0.6,-18,-24,10,7.989,-0.018,6.9,8.02,0.07,0.26,120.38541666666669,-70.02361111111111,11.414789,-49.44285,-18.469088,PM*,F,6208.690342300638,50.74340177832997,1.1707095199013407e-06
HD 67346, ,8,8,8.6,+,19,12,57,203,25,7.622,0.383,2.627,0.027,3.785,0.29,69,3.31,0.86,2.7,1.8,5.2,1.36,1.31,1.41,27.4,0.2,0.2,3,127,0.708,6,-35,-97,1,14.5,1.2,-22,-37,-9,8.057,0.029,6.22,8.1,0.13,0.04,122.03583333333331,19.21583333333333,-57.563988,-24.434462,29.16066,PM*,F,6095.368972401694,62.53523524936632,5.400688762356338e-07
HD 67481, ,8,10,44.8,+,52,8,34,166,33,7.419,0.37,2.625,0.025,3.785,-0.03,79,2.81,1.62,2.5,2.2,2.7,1.43,1.36,1.49,-46.1,0.3,0.1,2,936,0.805,5,50,-44,2,12.6,0.9,43,-28,-10,8.065,0.043,6.16,8.91,0.18,0.06,122.68666666666664,52.14277777777778,-64.28692,16.028526,43.026485,PM*,F,6095.368972401694,66.25497512503551,2.706756260487269e-07
HD 67556, ,8,7,8.7,-,36,22,53,253,-2,7.304,0.343,2.643,0.012,3.787,0.11,47,3.95,0.3,3.2,1.0,4.4,1.21,1.16,1.25,26.0,0.5,0.7,2,687,0.046,9,-37,100,2,21.3,0.7,-30,-18,4,8.013,-0.002,7.05,8.25,0.08,0.17,121.78625,-36.38138888888889,-13.73311,-44.91894,-1.6402763,PM*,F,6123.503917247734,46.971368736664466,1.307522436604637e-06
HD 67562, ,8,11,9.7,+,53,14,42,165,33,6.792,0.351,0.0,0.0,3.781,-0.32,88,2.06,2.73,0.0,0.0,0.0,0.0,0.0,0.0,-51.5,0.4,0.0,1,0,0.0,12,20,-74,1,11.3,0.7,37,-42,-22,8.072,0.048,5.68,8.61,0.21,0.24,122.79041666666664,53.245,-71.28823,19.101631,47.928238,PM*,F,6039.4862937638,73.8030083627562,9.603933626126872e-08
HD 67585, ,8,24,22.0,+,83,5,49,130,30,7.695,0.304,2.636,-0.008,3.802,-0.33,70,3.47,0.85,3.3,2.6,3.7,1.19,1.12,1.24,21.5,0.3,0.5,2,729,0.327,8,-47,-69,1,14.3,0.6,-35,0,5,8.039,0.035,7.6,8.86,0.08,0.19,126.09166666666664,83.09694444444445,-38.966927,46.438976,35.0,PM*,F,6338.69711256927,60.62177737209545,6.736730127720424e-07
HD 67707, ,8,16,47.8,+,75,44,34,139,31,7.62,0.308,0.0,0.0,3.804,0.05,66,3.51,0.42,2.2,1.1,3.0,1.29,1.25,1.34,14.9,0.3,0.1,2,691,0.812,8,-43,-93,1,15.1,0.8,-33,-13,2,8.042,0.035,7.25,8.42,0.07,0.15,124.19916666666668,75.74277777777777,-42.696224,37.115253,33.99251,PM*,F,6367.955209079156,56.5730461360548,7.119494353822096e-07
HD 67789, ,8,10,6.5,+,14,30,28,208,24,7.593,0.331,2.63,-0.001,3.789,-0.16,52,4.02,0.44,4.0,1.8,6.0,1.11,1.05,1.17,29.0,0.3,0.2,2,1395,0.585,5,-81,-97,2,19.3,0.9,-27,-30,-14,8.042,0.021,6.52,8.15,0.11,0.1,122.52708333333332,14.507777777777775,-41.943867,-22.301947,21.150305,PM*,F,6151.7687270986835,47.504366314103144,1.4402873620273783e-06
HD 67816, ,8,9,2.8,-,20,29,58,240,7,7.627,0.353,2.629,0.009,3.778,-0.11,47,4.29,0.38,5.2,1.5,8.0,1.05,1.0,1.12,-27.2,0.1,0.4,7,2313,0.204,3,8,-99,2,21.5,0.9,30,12,-13,8.023,0.005,7.52,9.89,0.14,0.1,122.26166666666666,-20.49944444444445,-23.324831,-40.3998,5.7278595,PM*,F,5997.910762555094,46.64966860781072,2.0914580110647617e-06
HD 67893, ,8,6,3.4,-,64,22,36,278,-17,7.572,0.277,2.692,0.028,3.846,0.36,200,0.95,1.91,0.7,0.6,0.8,2.19,2.07,2.29,-46.2,5.0,0.0,1,0,0.0,19,-22,26,2,5.0,0.6,-36,42,7,7.975,-0.058,7.86,11.7,0.2,0.28,121.51416666666664,-64.37666666666667,26.618414,-189.3996,-58.47434,*,F,7014.552984199714,191.2609433314481,2.0722834087648547e-08
HD 69333, ,8,16,45.7,+,7,22,21,216,22,7.591,0.315,2.644,0.004,3.801,-0.12,112,2.34,1.82,1.9,1.7,2.3,1.51,1.42,1.62,6.9,0.3,0.1,3,3639,0.928,10,-48,-79,2,8.9,1.1,-2,-34,-36,8.084,0.043,6.44,8.1,0.11,0.49,124.19041666666664,7.3725,-84.012054,-61.038303,41.955936,PM*,F,6324.118513762197,103.84459374670752,1.4139991550280592e-07
HD 69892, ,8,24,0.1,+,68,55,28,146,33,7.108,0.311,0.0,0.0,3.8,-0.35,127,1.6,2.79,1.5,1.3,1.8,1.67,1.57,1.7,-15.0,1.5,1.6,2,1524,0.459,35,13,25,2,7.9,0.8,22,5,-4,8.088,0.07,7.62,9.36,0.1,0.09,126.00041666666664,68.92444444444445,-88.30174,59.5603,69.16916,*,F,6309.57344480193,106.51115727057706,5.086852559321254e-08
HD 69897, ,8,20,3.8,+,27,13,3,196,30,5.14,0.314,2.636,-0.001,3.796,-0.31,18,3.85,0.59,4.0,2.5,5.1,1.11,1.06,1.17,32.6,0.1,0.4,28,5456,0.353,5,-18,-377,1,55.2,0.9,-24,-38,7,8.015,0.009,6.1,8.07,0.14,0.22,125.01583333333332,27.2175,-14.984587,-4.29676,9.0,PM*,F,6251.726927756856,15.588457077535576,1.1388044353332944e-06
HD 70038, ,8,19,29.5,-,11,52,58,234,13,7.655,0.306,2.655,0.008,3.801,-0.26,59,3.79,0.49,3.5,1.9,4.5,1.15,1.09,1.21,-6.5,0.5,0.8,2,500,0.041,3,40,-32,2,16.9,0.9,15,-2,3,8.034,0.014,7.55,8.79,0.08,0.16,124.87291666666664,-11.88277777777778,-33.790516,-46.508625,13.272112,*,F,6324.118513762197,57.48783498216715,1.0482120548131445e-06
HD 70298, ,8,21,16.0,+,1,3,49,223,20,7.239,0.289,2.64,-0.011,3.809,-0.52,71,2.99,1.34,2.7,2.3,4.1,1.26,1.15,1.32,-10.7,0.4,0.6,3,780,0.293,11,22,-155,1,14.1,1.1,36,-34,-21,8.049,0.025,6.03,8.65,0.18,0.22,125.31666666666666,1.063611111111111,-48.79459,-45.501682,24.283428,PM*,F,6441.692655151775,66.71817651957542,3.4709563326184744e-07
HD 70312, ,8,25,15.2,+,64,42,47,151,34,7.705,0.291,0.0,0.0,3.811,-0.08,88,2.99,0.91,2.2,1.8,2.6,1.37,1.31,1.43,-4.2,0.5,0.0,1,0,0.0,7,-7,-65,1,11.4,0.9,-9,-26,-1,8.064,0.049,6.84,8.06,0.08,0.1,126.3133333333333,64.71305555555556,-63.80815,35.36943,49.208977,PM*,F,6471.426157485831,72.95530539273618,3.4709563326184744e-07
HD 70499, ,8,21,56.9,-,10,44,53,233,15,6.776,0.251,2.669,-0.021,3.838,-0.01,87,2.08,1.2,1.2,1.1,1.4,1.68,1.61,1.74,18.1,4.5,6.3,2,717,0.148,110,8,7,2,11.5,0.8,-11,-12,9,8.05,0.022,7.63,8.05,0.03,0.25,125.48708333333332,-10.748055555555554,-50.573864,-67.11376,22.517258,*,F,6886.522963442762,84.03554308284141,9.873000293783304e-08
HD 70843, ,8,24,45.4,+,17,10,54,207,28,7.06,0.336,2.654,0.023,3.803,0.17,47,3.62,0.22,1.6,0.0,2.7,1.32,1.27,1.36,-12.6,0.3,0.4,2,1075,0.267,6,8,-125,1,21.5,0.9,18,-20,-14,8.037,0.022,6.84,8.42,0.1,0.1,126.18916666666664,17.18166666666667,-36.975468,-18.839943,22.065165,PM*,F,6353.309318517436,41.49853836055281,8.28798869352533e-07
HD 70889, ,8,23,31.8,-,27,49,20,248,5,7.1,0.365,2.615,-0.003,3.774,0.04,32,4.55,0.08,1.4,0.0,6.8,1.07,1.0,1.13,13.0,0.2,0.3,4,1511,0.296,4,-130,-33,2,30.9,0.8,-12,-11,-18,8.012,0.003,7.65,8.02,0.02,0.16,125.88249999999998,-27.822222222222223,-11.941802,-29.556978,2.7889836,PM*,F,5942.921586155727,31.878230557853865,2.995360855285657e-06
HD 71030, ,8,25,49.8,+,17,2,46,207,28,6.14,0.286,2.66,0.0,3.813,-0.26,45,2.87,1.14,2.3,2.0,2.6,1.37,1.32,1.41,37.4,0.4,0.3,2,104,0.54,10,-192,-152,1,22.2,0.9,-44,-39,-27,8.035,0.021,5.94,8.34,0.17,0.31,126.45749999999995,17.046111111111113,-35.402042,-18.038242,21.12622,PM*,F,6501.296903430909,39.732640891593505,2.9406893582792726e-07
HD 71142, ,8,24,52.7,-,23,41,20,245,8,6.974,0.31,2.647,-0.002,3.804,-0.03,85,2.31,1.69,1.8,1.6,2.0,1.59,1.52,1.65,55.1,0.2,0.1,2,1033,0.948,9,-48,59,2,11.7,0.8,-52,-36,6,8.036,0.012,5.99,8.53,0.17,0.2,126.21958333333332,-23.68888888888889,-35.57295,-76.28645,11.829714,PM*,F,6367.955209079156,84.17278197437102,1.356591682296914e-07
HD 71243, ,8,18,31.5,-,76,55,11,290,-22,4.07,0.261,2.648,-0.042,3.83,0.07,19,2.62,0.74,1.4,1.1,1.7,1.54,1.51,1.57,-13.3,0.8,1.4,3,2120,0.209,29,110,107,1,51.4,0.5,-6,6,17,7.994,-0.007,7.98,8.79,0.05,0.42,124.63124999999998,-76.91972222222223,6.025194,-16.554089,-7.117525,PM*,F,6760.829753919819,17.616492992578205,2.0818486343771062e-07
HD 71252, ,8,26,6.2,-,8,30,54,232,17,6.939,0.224,2.699,-0.011,3.857,0.22,115,1.64,1.15,0.9,0.8,1.1,1.93,1.82,2.04,63.3,1.5,2.6,3,1382,0.31,110,-45,-14,2,8.7,0.9,-48,-49,-5,8.068,0.033,5.48,8.38,0.21,0.04,126.52583333333332,-8.515,-67.7074,-86.661514,33.622746,*,F,7194.489780036998,109.97504273030403,5.375874851478992e-08
HD 71399, ,8,26,17.5,-,27,8,42,248,6,7.001,0.28,2.67,-0.002,3.818,-0.05,54,3.35,0.37,1.8,0.7,2.5,1.32,1.28,1.37,-12.2,0.6,0.7,2,758,0.386,25,39,-70,2,18.6,0.8,23,3,-4,8.02,0.006,7.49,9.23,0.1,0.06,126.57291666666666,-27.145,-20.11795,-49.793644,5.644537,PM*,F,6576.578373554205,53.704179492859176,5.707542445871613e-07
HD 71595, ,8,28,33.1,+,6,57,53,218,25,7.15,0.268,2.66,-0.015,3.824,-0.21,74,2.82,0.91,2.0,1.6,2.3,1.4,1.34,1.45,-38.0,0.5,0.0,1,0,0.0,9,67,-80,3,13.6,1.0,52,-5,-8,8.053,0.031,6.78,9.81,0.18,0.04,127.13791666666664,6.964722222222222,-52.849342,-41.29042,31.273752,PM*,F,6668.067692136218,67.06677071105604,2.744410990922079e-07
HD 71640, ,8,28,36.0,+,1,14,50,223,22,7.408,0.342,2.618,-0.002,3.782,-0.24,45,4.15,0.55,5.7,3.1,7.7,1.05,0.99,1.11,41.7,0.2,0.5,5,854,0.223,3,-28,-15,2,22.3,1.1,-30,-28,10,8.03,0.017,6.58,8.19,0.11,0.26,127.14999999999998,1.2472222222222222,-30.514473,-28.4552,16.857296,*,F,6053.408747539136,41.723272516758904,1.7236502628677525e-06
HD 72291, ,8,33,21.7,+,36,26,11,186,35,6.24,0.272,2.663,-0.004,3.818,-0.41,37,3.38,0.65,2.5,1.7,3.2,1.22,1.18,1.27,0.5,0.9,1.3,2,797,0.221,22,-146,3,2,26.8,0.8,-15,3,-20,8.03,0.022,8.0,8.63,0.04,0.2,128.34041666666667,36.436388888888885,-30.142593,-3.1681132,21.222328,PM*,F,6576.578373554205,30.308626725928434,5.949070970334081e-07
HD 72528, ,8,33,17.5,-,5,19,40,230,20,7.335,0.328,2.617,-0.025,3.794,0.13,51,3.81,0.26,2.4,0.3,3.7,1.25,1.2,1.3,14.0,0.5,0.7,2,440,0.046,7,68,-42,2,19.7,1.0,6,-19,13,8.031,0.017,7.11,8.19,0.07,0.32,128.32291666666666,-5.3277777777777775,-30.805157,-36.712166,17.443026,PM*,F,6223.002851691595,47.924323993210436,1.0775790762405527e-06
HD 72780, ,8,35,4.2,+,11,17,1,214,28,7.465,0.336,2.636,0.003,3.789,-0.01,53,3.86,0.46,3.5,2.0,4.6,1.18,1.11,1.23,28.3,0.3,0.3,2,345,0.574,7,-49,-52,2,19.0,1.1,-23,-24,-1,8.038,0.025,6.86,8.12,0.08,0.09,128.76749999999998,11.28361111111111,-38.795826,-26.168118,24.881994,PM*,F,6151.7687270986835,46.79622329509295,1.1546467831118574e-06
HD 73121, ,8,35,12.5,-,39,58,13,259,0,6.451,0.369,2.619,0.012,3.771,-0.17,36,3.65,1.24,6.9,5.8,7.7,1.1,1.06,1.14,33.7,0.1,0.3,4,1831,0.448,4,76,40,2,27.5,0.6,-5,-33,15,8.007,0.0,6.43,8.02,0.11,0.35,128.80208333333331,-39.97027777777778,-6.8691187,-35.33858,0.0,PM*,F,5902.010801718442,36.00000039070958,8.638715069876107e-07
HD 73217, ,8,35,43.8,-,40,52,6,260,0,7.405,0.305,2.658,0.01,3.801,-0.26,51,3.87,0.41,3.3,1.4,4.7,1.14,1.08,1.2,4.3,0.5,0.6,2,681,0.39,21,44,-30,2,19.6,0.6,11,-7,4,8.009,0.0,7.49,8.51,0.06,0.17,128.9325,-40.86833333333333,-8.856055,-50.225197,0.0,PM*,F,6324.118513762197,51.000001214233656,1.1707095199013407e-06
HD 73218, ,8,35,37.1,-,42,33,37,261,-1,7.465,0.287,2.677,0.012,3.814,-0.07,75,3.1,0.72,2.1,1.6,2.6,1.36,1.32,1.41,9.6,0.6,0.8,2,681,0.089,13,-21,10,1,13.4,0.6,-9,-8,-4,8.011,-0.002,7.82,8.02,0.01,0.05,128.9045833333333,-42.56027777777778,-11.730802,-74.065346,-1.3089304,*,F,6516.283940608428,74.98858042170768,4.0406306137483407e-07
HD 73301, ,8,36,23.1,-,38,27,19,258,1,7.229,0.327,2.618,-0.005,3.788,-0.43,45,3.98,0.74,5.1,3.4,6.4,1.05,1.0,1.1,-25.3,0.3,0.5,2,378,0.14,7,27,64,2,22.4,0.6,-2,27,12,8.009,0.001,7.99,10.31,0.13,0.34,129.09624999999997,-38.45527777777778,-9.354611,-44.009937,0.78535825,PM*,F,6137.620051647939,44.99314727494944,1.3628534249958125e-06
HD 73344, ,8,38,45.5,+,23,41,9,201,33,6.894,0.356,2.636,0.015,3.778,-0.02,35,4.17,0.42,4.7,2.0,7.2,1.09,1.03,1.16,5.8,0.4,0.0,1,0,0.0,5,-47,-150,1,28.5,0.9,-5,-25,-9,8.027,0.019,6.86,8.04,0.08,0.04,129.6895833333333,23.68583333333333,-27.403826,-10.519341,19.062366,PM*,F,5997.910762555094,29.353470229472986,1.77194056249803e-06
HD 73400, ,8,37,57.5,-,8,52,53,234,19,7.027,0.321,2.62,-0.019,3.794,-0.29,48,3.61,0.86,3.7,3.0,4.3,1.13,1.07,1.21,13.3,0.2,0.5,5,1579,0.166,8,-156,-28,2,20.7,0.8,-26,-11,-27,8.027,0.016,7.5,8.28,0.05,0.32,129.48958333333334,-8.881388888888889,-26.67658,-36.71714,15.627271,PM*,F,6223.002851691595,45.384890550446414,8.174273225567452e-07
HD 73465, ,8,35,52.3,-,56,22,22,273,-9,7.064,0.273,2.679,0.008,3.819,-0.29,57,3.28,0.63,2.4,1.7,2.9,1.27,1.23,1.32,9.2,1.9,2.6,2,1115,0.073,35,-135,85,2,17.5,0.5,-40,-8,-17,7.997,-0.009,7.25,8.68,0.09,0.16,128.96791666666667,-56.37277777777778,2.9464328,-56.22108,-8.916765,PM*,F,6591.738952443213,56.2982353418943,5.181424209225667e-07
HD 73504, ,8,36,10.2,-,56,42,44,273,-10,6.963,0.307,2.656,0.008,3.805,-0.09,88,2.25,1.79,1.7,1.6,1.9,1.6,1.54,1.65,15.2,2.3,3.2,2,359,0.031,50,-16,-42,2,11.4,0.5,10,-12,-18,7.996,-0.015,7.28,8.32,0.07,0.16,129.0425,-56.71222222222222,4.5356116,-86.544304,-15.28104,*,F,6382.634861905489,86.66307360941262,1.2486742330141083e-07
HD 73835, ,8,56,23.6,+,83,53,14,129,30,7.487,0.347,0.0,0.0,3.777,-0.33,42,4.38,0.51,7.1,3.1,9.5,0.99,0.94,1.06,11.2,0.2,0.3,5,1083,0.625,2,-144,-116,2,23.9,0.6,-37,-8,-7,8.023,0.021,7.33,8.61,0.08,0.02,134.09833333333333,83.88722222222223,-22.89031,28.267183,21.0,PM*,F,5984.115950603199,36.37306595066725,2.368367811421648e-06
HD 74011, ,8,42,30.8,+,34,11,15,189,37,7.421,0.387,2.581,0.007,3.755,-0.7,47,4.08,1.55,13.1,10.9,15.1,0.88,0.84,0.92,54.0,0.2,0.4,3,719,0.457,4,33,-283,2,21.5,0.9,-35,-69,29,8.037,0.028,4.7,8.15,0.27,0.69,130.6283333333333,34.1875,-37.073742,-5.8719006,28.285305,PM*,F,5688.529308438413,37.53587034476282,1.5647650954783726e-06
HD 74361, ,8,45,10.9,+,43,38,56,177,38,7.255,0.311,0.0,0.0,3.804,0.07,57,3.46,0.45,2.2,1.2,2.9,1.31,1.26,1.36,-15.1,0.4,0.6,2,659,0.338,16,-19,-43,2,17.4,0.9,8,-12,-14,8.045,0.036,7.4,8.33,0.06,0.1,131.29541666666665,43.64888888888889,-44.855057,2.3507583,35.092705,*,F,6367.955209079156,44.916613886826646,6.644298725204366e-07
HD 74546, ,8,45,31.2,+,28,26,43,196,36,7.343,0.295,2.645,-0.002,3.807,-0.39,63,3.34,0.92,3.0,2.4,3.5,1.21,1.14,1.26,5.8,0.4,0.1,2,721,0.897,10,-126,22,2,15.8,0.9,-29,8,-25,8.049,0.037,7.87,9.18,0.08,0.29,131.38,28.44527777777778,-48.993652,-14.048701,37.03047,PM*,F,6412.095765851615,50.9680678080355,5.629232027732556e-07
HD 74868, ,8,44,50.7,-,44,32,33,264,-1,6.558,0.351,2.641,0.016,3.784,0.13,36,3.78,0.53,3.5,2.4,4.2,1.25,1.21,1.27,23.4,0.2,0.3,4,3699,0.306,8,-194,135,2,27.8,0.6,-41,-19,-12,8.004,-0.001,6.83,8.47,0.11,0.07,131.21124999999998,-44.5425,-3.7624469,-35.797337,-0.6282866,PM*,F,6081.350012787177,35.99451823496028,1.0338300462535406e-06
HD 75289, ,8,47,40.3,-,41,44,12,262,1,6.36,0.36,2.629,0.009,3.779,0.08,29,4.05,0.42,4.0,2.2,5.8,1.17,1.09,1.22,8.9,0.1,0.2,4,3986,0.542,4,-20,-228,1,34.5,0.6,21,-13,-21,8.004,0.001,7.06,8.59,0.1,0.22,131.91791666666663,-41.736666666666665,-4.03541,-28.713402,0.5061198,PM*,F,6011.737374832779,28.995585668885944,1.5012366207760376e-06
HD 75332, ,8,50,32.2,+,33,17,6,191,38,6.25,0.336,2.626,-0.014,3.789,0.14,29,3.96,0.22,2.6,0.0,4.1,1.22,1.18,1.26,4.2,0.4,0.0,1,0,0.0,9,-63,-84,1,34.9,0.9,-8,-11,-6,8.022,0.018,7.63,8.03,0.03,0.03,132.6341666666667,33.285,-22.432451,-4.360426,17.854183,PM*,F,6151.7687270986835,22.852312197431512,1.3257118855796027e-06
HD 75370, ,9,2,42.8,+,82,44,41,130,31,6.988,0.277,0.0,0.0,3.82,-0.31,110,1.78,2.12,1.4,1.2,1.5,1.68,1.62,1.75,7.8,1.0,1.5,2,927,0.048,18,10,21,2,9.1,0.6,5,13,3,8.061,0.056,7.97,9.44,0.08,0.18,135.6783333333333,82.74472222222222,-60.60742,72.22911,56.654186,*,F,6606.934480075957,94.28840697799757,6.523026606279699e-08
HD 75487, ,8,53,5.9,+,59,3,22,157,39,6.25,0.263,2.677,-0.007,3.83,0.04,62,2.3,1.08,1.4,1.2,1.6,1.62,1.58,1.67,8.3,0.4,0.6,2,280,0.349,21,15,-2,1,16.2,0.7,-3,2,9,8.045,0.038,7.99,8.56,0.03,0.25,133.2745833333333,59.05611111111111,-44.352734,18.82662,39.017864,*,F,6760.829753919819,48.18305338912381,1.3379785466273765e-07
HD 75616, ,8,53,6.0,+,52,23,24,166,40,6.928,0.324,0.0,0.0,3.789,-0.31,36,4.17,0.43,4.8,1.2,7.1,1.05,1.0,1.12,-5.8,0.3,0.3,3,2247,0.646,11,-33,36,2,28.1,0.9,2,5,-8,8.027,0.023,7.92,8.82,0.05,0.03,133.27499999999998,52.39,-26.758429,6.671624,23.140352,*,F,6151.7687270986835,27.57760122536797,1.77194056249803e-06
HD 75653, ,8,49,55.6,-,36,36,58,259,5,7.158,0.32,2.636,-0.003,3.794,-0.17,42,4.04,0.32,3.3,0.0,5.5,1.12,1.06,1.19,7.2,0.6,0.5,2,709,0.566,29,-112,27,2,23.8,0.7,-20,-4,-13,8.008,0.003,7.81,8.27,0.03,0.09,132.48166666666663,-36.61611111111111,-7.9834766,-41.07146,3.660541,PM*,F,6223.002851691595,41.84018074954203,1.4806388821497311e-06
HD 75881, ,8,52,20.4,-,12,48,31,239,20,6.832,0.356,2.609,-0.009,3.778,-0.16,51,3.28,1.44,4.7,4.3,5.4,1.2,1.15,1.26,7.9,0.2,0.1,5,2199,0.988,6,-27,-104,1,19.5,0.8,7,-21,-16,8.025,0.017,6.95,8.18,0.08,0.13,133.08499999999998,-12.808611111111112,-24.682863,-41.07916,17.443026,PM*,F,5997.910762555094,47.92432693510019,5.181424209225667e-07
HD 75908, ,8,49,37.6,-,62,30,30,279,-12,7.418,0.294,2.645,-0.005,3.807,-0.34,88,2.7,1.52,2.3,2.1,2.5,1.39,1.34,1.44,2.1,0.3,0.4,2,646,0.33,7,37,-46,2,11.4,0.6,25,1,0,7.987,-0.018,7.39,9.15,0.11,0.11,132.40666666666664,-62.50833333333333,13.465414,-85.017235,-18.29623,PM*,F,6412.095765851615,86.07698659477236,2.3251402271779487e-07
HD 76102, ,8,53,36.3,-,17,21,33,244,17,7.354,0.309,2.657,0.008,3.802,-0.11,63,3.36,0.76,2.8,2.2,3.3,1.27,1.22,1.32,32.8,0.3,0.1,2,447,0.778,11,9,13,2,15.9,0.9,-15,-26,14,8.027,0.019,6.82,8.04,0.08,0.34,133.40124999999998,-17.359166666666667,-26.410622,-54.149826,18.419416,*,F,6338.69711256927,60.24719587048977,5.786942270444603e-07
HD 76188, ,8,51,27.7,-,61,21,46,278,-11,7.164,0.353,2.62,0.016,3.775,-0.47,56,3.4,1.65,6.2,5.4,7.0,1.07,1.04,1.11,12.7,0.2,0.2,4,3061,0.774,5,-200,155,2,17.7,0.5,-64,-18,-18,7.992,-0.011,6.46,9.09,0.17,0.17,132.86541666666665,-61.36277777777778,7.6505117,-54.436146,-10.685304,PM*,F,5956.621435290103,54.97112260637537,6.11574191621451e-07
HD 76300, ,8,54,1.1,-,35,39,1,258,6,7.398,0.338,2.62,-0.004,3.785,-0.4,79,2.9,1.87,3.8,3.4,4.4,1.2,1.15,1.33,9.8,0.2,0.3,2,499,0.317,4,-77,144,2,12.6,0.7,-60,5,13,8.016,0.008,7.2,9.85,0.16,0.35,133.50458333333333,-35.650277777777774,-16.335062,-76.85034,8.257749,PM*,F,6095.368972401694,78.5672260466121,3.065131772565901e-07
HD 76333, ,8,56,13.5,+,24,26,51,202,37,6.745,0.253,2.686,0.001,3.834,-0.13,79,2.25,1.2,1.5,1.3,1.7,1.58,1.52,1.65,8.9,0.2,0.4,4,1531,0.22,12,108,-68,1,12.6,1.0,25,-29,31,8.058,0.048,6.47,8.49,0.14,0.73,134.05624999999998,24.4475,-58.498074,-23.63476,47.543385,PM*,F,6823.3869414166975,63.09220666585593,1.2486742330141083e-07
HD 76653, ,8,55,11.7,-,54,57,56,273,-6,5.71,0.309,2.649,-0.004,3.802,0.0,24,3.8,0.22,2.1,0.0,3.5,1.22,1.17,1.28,-5.7,0.3,0.2,2,1506,0.627,12,25,-92,2,41.4,0.4,10,6,-4,7.999,-0.003,7.78,9.02,0.07,0.05,133.79874999999996,-54.96555555555556,1.2491868,-23.835815,-2.5086832,PM*,F,6338.69711256927,23.868526229650612,1.0627941370414843e-06
HD 76735, ,8,57,58.5,-,4,51,33,233,25,6.68,0.254,2.672,-0.016,3.831,-0.18,53,3.06,0.5,1.7,1.1,2.2,1.37,1.31,1.42,-8.2,0.5,1.7,11,1870,0.067,55,-14,-37,1,18.9,1.2,7,-1,-11,8.029,0.023,7.75,8.64,0.05,0.05,134.49374999999998,-4.859166666666666,-28.907776,-38.3619,22.398767,PM*,F,6776.41507610675,48.034309455598255,3.8233948420809556e-07
HD 77084, ,8,59,39.9,-,19,12,28,246,17,6.18,0.295,2.662,0.002,3.811,-0.04,40,3.2,0.66,2.2,1.6,2.7,1.35,1.3,1.39,20.3,1.1,1.6,2,342,0.053,30,-39,-98,2,25.3,0.8,-1,-26,-10,8.015,0.012,6.74,8.05,0.09,0.04,134.91624999999996,-19.20777777777778,-15.558567,-34.945114,11.694868,PM*,F,6471.426157485831,38.25218947415278,4.6392646723063425e-07
HD 77092, ,9,1,32.7,+,40,56,26,181,41,7.425,0.264,0.0,0.0,3.826,-0.12,80,2.91,0.7,1.8,1.4,2.2,1.41,1.35,1.46,-2.1,0.9,0.0,1,0,0.0,22,-47,-28,1,12.5,0.9,-10,-10,-15,8.06,0.053,7.77,8.06,0.02,0.12,135.38625,40.94055555555556,-60.367577,-1.0537192,52.484722,PM*,F,6698.846094165266,60.37677266137515,3.107772002987818e-07
HD 77246, ,9,11,12.6,+,80,49,44,132,32,6.362,0.254,0.0,0.0,3.834,-0.2,78,1.91,1.61,1.3,1.2,1.5,1.69,1.63,1.74,-4.4,1.1,2.4,5,1386,0.052,90,-20,-16,1,12.9,0.6,-5,-7,-5,8.044,0.041,7.85,8.11,0.02,0.05,137.8025,80.82888888888888,-44.26149,49.157352,41.333702,*,F,6823.3869414166975,66.14774941501793,7.806370326530442e-08
HD 77408, ,9,3,15.7,+,32,52,53,192,41,7.03,0.327,2.623,-0.002,3.789,-0.43,50,3.52,1.18,5.7,3.5,6.8,1.09,1.04,1.17,72.5,0.1,0.4,8,1954,0.584,7,-420,-6,2,19.9,0.9,-120,-10,-27,8.037,0.033,5.86,11.42,0.32,0.4,135.81541666666666,32.88138888888889,-36.91087,-7.8456516,32.80295,PM*,F,6151.7687270986835,37.735481621220664,7.218536386028226e-07
HD 77462, ,9,1,48.9,-,26,33,48,252,13,7.25,0.325,2.622,-0.011,3.791,-0.27,55,3.54,0.98,3.6,2.9,6.3,1.13,1.07,1.21,30.4,0.2,0.1,2,377,0.711,7,-261,288,2,18.1,1.2,-106,3,3,8.016,0.012,6.36,11.39,0.28,0.18,135.45375,-26.563333333333333,-16.560337,-50.967453,12.372308,PM*,F,6180.164001384158,53.5903538601937,7.420773053456006e-07
HD 77570, ,9,5,18.7,+,50,49,25,168,42,6.759,0.276,2.608,-0.095,3.822,0.04,52,3.2,0.35,1.4,0.6,2.1,1.39,1.34,1.43,18.2,1.3,2.7,4,834,0.011,35,-102,-70,1,19.4,0.9,-32,-13,-5,8.038,0.034,7.24,8.39,0.07,0.05,136.32791666666668,50.82361111111111,-37.79908,8.034439,34.794792,PM*,F,6637.43070401909,38.64353320920747,4.6392646723063425e-07
HD 77724, ,9,9,8.6,+,72,18,17,141,36,7.569,0.325,0.0,0.0,3.794,-0.26,110,2.36,2.08,2.1,1.8,2.4,1.47,1.41,1.56,8.9,0.4,0.1,2,1072,0.838,13,-36,-47,2,9.1,0.8,-28,-16,0,8.069,0.065,7.22,8.28,0.07,0.12,137.28583333333333,72.30472222222222,-69.15966,56.004406,64.65638,PM*,F,6223.002851691595,88.99186514917213,1.4536141769059028e-07
HD 77967, ,9,6,51.2,+,38,16,42,185,42,6.616,0.302,2.631,-0.004,3.801,-0.54,41,3.57,0.95,3.5,2.8,5.5,1.13,1.06,1.18,-43.0,0.4,0.6,2,754,0.204,7,239,-17,2,24.6,0.9,63,-1,5,8.03,0.027,6.64,10.31,0.22,0.21,136.7133333333333,38.27833333333333,-30.352995,-2.655545,27.434355,PM*,F,6324.118513762197,30.46893868708016,7.73480109318936e-07
HD 78255, ,9,7,16.7,+,2,34,53,227,31,6.658,0.278,2.67,0.0,3.82,-0.11,69,2.46,1.27,1.8,1.5,2.0,1.53,1.47,1.58,16.7,2.2,3.0,2,1079,0.02,35,14,15,1,14.5,0.9,-9,-7,14,8.04,0.036,7.96,8.05,0.01,0.34,136.81958333333333,2.5813888888888887,-40.336483,-43.25558,35.53763,*,F,6606.934480075957,59.14454380537303,1.6689723814737225e-07
HD 78274, ,9,10,58.7,+,67,27,53,146,38,7.702,0.305,2.64,-0.005,3.802,-0.26,72,3.4,0.86,3.1,2.5,3.6,1.22,1.14,1.27,14.0,0.4,0.6,2,488,0.218,11,-138,-155,2,13.8,0.8,-59,-42,-10,8.048,0.045,5.66,8.61,0.21,0.07,137.7445833333333,67.46472222222222,-47.036915,31.726809,44.32763,PM*,F,6338.69711256927,56.73677627465017,6.11574191621451e-07
HD 78388, ,9,9,52.4,+,49,49,55,169,42,7.592,0.231,0.0,0.0,3.85,0.06,112,2.34,0.69,1.0,0.8,1.3,1.61,1.54,1.7,-3.2,1.5,3.2,5,12,0.054,40,-27,-32,2,8.9,1.0,-9,-17,-11,8.081,0.076,7.36,8.08,0.05,0.09,137.4683333333333,49.831944444444446,-81.703,15.881456,74.94263,*,F,7079.457843841381,83.23221043370131,1.4139991550280592e-07
HD 78820, ,9,13,42.1,+,65,47,48,148,39,7.487,0.297,0.0,0.0,3.808,-0.2,88,2.75,1.32,2.2,2.0,2.5,1.4,1.34,1.46,1.1,0.4,0.9,4,834,0.299,19,-36,16,2,11.3,0.8,-9,6,-12,8.059,0.056,8.06,8.82,0.05,0.1,138.42541666666665,65.79666666666667,-57.99703,36.240578,55.380196,*,F,6426.877173170194,68.38885130337388,2.4914326408057216e-07
HD 79337, ,9,10,7.7,-,65,29,22,283,-12,7.295,0.275,2.679,0.009,3.821,-0.14,78,2.85,0.88,2.0,1.6,2.3,1.41,1.37,1.46,16.5,0.3,0.1,2,355,0.814,20,-28,60,2,12.9,0.6,-19,-22,4,7.984,-0.016,6.96,8.03,0.07,0.16,137.5320833333333,-65.48944444444444,17.16277,-74.340065,-16.217113,PM*,F,6622.165037017622,76.29551715715101,2.860547409256632e-07
HD 79392, ,9,14,57.8,+,38,36,33,184,44,6.752,0.246,0.0,0.0,3.833,-0.41,51,3.24,0.49,1.8,0.9,2.5,1.28,1.23,1.33,36.4,0.8,1.0,3,698,0.604,24,-135,78,1,19.8,1.0,-49,16,2,8.036,0.035,7.6,10.15,0.14,0.16,138.74083333333328,38.60916666666667,-36.596962,-2.5591063,35.427578,PM*,F,6807.693586937417,36.68632787134934,4.9028561355697e-07
HD 79743, ,9,11,47.8,-,69,12,12,286,-14,7.444,0.307,2.654,0.005,3.807,-0.02,130,1.88,2.05,1.4,1.2,1.6,1.74,1.66,1.81,27.7,0.2,0.1,2,356,0.827,11,-18,2,2,7.7,0.6,-1,-26,-14,7.966,-0.032,6.7,8.0,0.09,0.1,137.94916666666666,-69.20333333333333,34.768448,-121.25206,-31.449848,*,F,6412.095765851615,126.1384439041972,7.489436621120556e-08
HD 80218, ,9,18,58.8,+,17,42,19,212,40,6.613,0.336,2.619,-0.004,3.785,-0.36,39,3.65,1.08,6.4,4.0,7.6,1.08,1.03,1.14,-14.6,0.3,0.1,2,719,0.906,6,-131,-131,0,25.5,1.0,0,-17,-33,8.025,0.025,7.31,8.1,0.05,0.43,139.745,17.705277777777777,-25.336058,-15.831726,25.068716,PM*,F,6095.368972401694,29.875732344470485,8.638715069876107e-07
HD 80509, ,9,21,11.8,+,34,56,51,189,45,7.449,0.313,2.625,-0.001,3.794,-0.58,53,3.81,0.9,4.2,2.9,6.0,1.06,1.01,1.12,-34.2,0.3,0.3,3,374,0.724,5,-194,4,2,18.7,1.0,-11,4,-59,8.037,0.038,7.99,8.91,0.05,1.11,140.29916666666662,34.9475,-37.01526,-5.862638,37.476658,PM*,F,6223.002851691595,37.47665936535224,1.0775790762405527e-06
HD 80654, ,9,21,18.5,+,13,6,41,218,39,6.669,0.315,2.652,0.005,3.8,-0.02,45,3.39,0.69,2.7,2.0,3.2,1.29,1.25,1.33,-9.4,0.6,0.0,1,0,0.0,16,-38,-81,1,22.1,0.9,6,-11,-17,8.028,0.029,7.45,8.29,0.05,0.15,140.3270833333333,13.111388888888888,-27.557976,-21.530645,28.319418,PM*,F,6309.57344480193,34.97157010104924,6.031830791377278e-07
HD 80719, ,9,20,55.4,-,15,37,4,246,23,6.31,0.307,2.65,0.004,3.803,-0.19,48,2.89,1.29,2.5,2.2,2.7,1.38,1.33,1.42,8.5,0.3,0.2,2,446,0.624,9,69,-106,2,20.7,0.8,22,-20,1,8.018,0.019,6.76,8.49,0.11,0.12,140.23083333333332,-15.617777777777778,-17.971348,-40.364307,18.755095,PM*,F,6353.309318517436,44.18423506780844,3.023076588038178e-07
HD 80913, ,9,12,25.0,-,81,46,6,296,-22,7.492,0.344,2.624,0.032,3.794,-0.49,64,3.32,1.32,4.9,3.0,5.8,1.12,1.08,1.22,-58.2,0.2,0.3,4,4544,0.463,4,-83,23,2,15.6,0.6,-44,46,7,7.974,-0.024,7.8,12.14,0.22,0.27,138.10416666666663,-81.76833333333333,26.01283,-53.334232,-23.974821,PM*,F,6223.002851691595,59.33976430386898,5.475819826973227e-07
HD 81342, ,9,24,53.2,-,4,16,58,237,31,6.921,0.273,2.655,-0.019,3.822,-0.11,70,2.68,1.0,1.8,1.5,2.1,1.46,1.41,1.52,-5.4,1.0,0.4,2,1103,0.786,35,-16,-44,1,14.2,0.9,6,-7,-14,8.033,0.036,7.62,8.4,0.05,0.1,141.22166666666666,-4.282777777777778,-32.67928,-50.32167,36.052666,*,F,6637.43070401909,60.001715083048246,2.2617737008794846e-07
HD 81409, ,9,24,59.9,-,17,13,7,248,23,7.284,0.227,2.709,0.001,3.856,0.25,138,1.58,1.2,0.9,0.7,1.1,1.93,1.82,2.07,44.8,1.6,3.1,4,1006,0.16,80,-12,-5,2,6.6,0.9,-19,-40,10,8.047,0.054,6.06,8.07,0.14,0.27,141.2495833333333,-17.21861111111111,-47.586178,-117.77985,53.920895,*,F,7177.942912713615,127.02967134756423,4.9482217048425e-08
HD 81437, ,9,36,57.6,+,82,55,31,129,32,7.02,0.282,0.0,0.0,3.821,-0.03,118,1.67,1.96,1.2,1.1,1.3,1.82,1.75,1.89,7.7,5.4,0.0,1,0,0.0,29,-11,-7,2,8.5,0.6,-10,2,2,8.063,0.062,8.06,8.52,0.03,0.16,144.23999999999998,82.92527777777778,-62.97588,77.768745,62.53047,*,F,6622.165037017622,100.06967153263483,5.603368055933704e-08
HD 81464, ,9,25,35.9,-,5,52,36,239,30,7.494,0.328,2.65,0.017,3.795,-0.07,91,2.7,1.54,2.3,2.0,2.7,1.42,1.33,1.51,29.5,1.2,1.7,2,358,0.319,45,-16,4,2,6.7,1.0,-19,-20,11,8.041,0.046,7.11,8.1,0.06,0.29,141.3995833333333,-5.876666666666667,-40.5893,-67.551895,45.5,*,F,6237.348354824191,78.80831042841247,2.3251402271779487e-07
HD 81863, ,9,27,53.9,-,14,52,5,247,25,7.434,0.334,2.639,0.012,3.791,-0.14,105,2.32,2.08,2.0,1.7,2.3,1.52,1.43,1.61,1.4,0.4,0.6,3,3039,0.379,22,22,-75,2,9.5,0.9,29,-22,-13,8.037,0.045,6.58,8.65,0.14,0.1,141.97458333333333,-14.868055555555555,-37.182888,-87.59737,44.37492,PM*,F,6180.164001384158,95.16231602339995,1.3754637524765194e-07
HD 82164, ,9,29,28.7,-,34,1,47,262,12,7.619,0.329,2.613,-0.021,3.789,-0.25,69,3.41,1.14,5.0,2.9,5.9,1.16,1.1,1.24,12.3,0.3,0.2,2,678,0.602,6,9,-32,2,14.4,0.9,8,-14,-3,8.009,0.015,7.25,8.24,0.06,0.07,142.36958333333328,-34.02972222222222,-9.393107,-66.83536,14.345907,*,F,6151.7687270986835,67.49219069968798,6.20082036107695e-07
HD 82189, ,9,34,53.5,+,72,12,20,140,38,5.774,0.329,0.0,0.0,3.797,0.1,50,2.29,1.74,1.7,1.6,1.8,1.64,1.61,1.68,-37.7,0.4,0.6,2,1072,0.26,17,72,-75,2,20.1,0.6,30,-33,-4,8.03,0.03,6.11,8.5,0.16,0.05,143.72291666666663,72.20555555555556,-30.182564,25.32618,30.783075,PM*,F,6266.138646723356,39.400540135973976,1.3196207927532493e-07
HD 82602, ,9,37,9.3,+,72,4,49,140,38,7.426,0.307,0.0,0.0,3.803,0.02,55,3.71,0.27,2.0,0.0,3.3,1.25,1.2,1.3,10.9,0.7,0.0,1,0,0.0,20,-127,-96,2,18.1,0.7,-39,-18,-5,8.033,0.034,6.91,8.45,0.1,0.05,144.28875,72.08027777777778,-33.200817,27.858797,33.86138,PM*,F,6353.309318517436,43.34059090223273,9.385321407040258e-07
HD 82649, ,9,33,59.7,+,27,21,11,201,46,7.626,0.29,2.661,0.002,3.81,-0.23,70,3.39,0.67,2.7,2.0,3.3,1.25,1.18,1.3,33.0,0.6,0.0,1,0,0.0,12,-22,31,1,14.2,1.0,-29,1,20,8.045,0.051,7.78,8.84,0.06,0.49,143.49875,27.35305555555556,-45.396366,-17.42603,50.353786,*,F,6456.542290346556,48.626089371518,6.031830791377278e-07
HD 82839, ,9,38,17.0,+,70,15,57,142,39,6.985,0.264,2.662,-0.013,3.829,-0.19,130,1.42,2.19,1.1,1.0,1.3,1.84,1.73,1.92,-3.8,0.9,2.0,5,1386,0.256,70,4,0,1,7.7,0.7,4,-2,-1,8.079,0.082,7.84,8.57,0.04,0.13,144.5708333333333,70.26583333333333,-79.61192,62.19965,81.81165,*,F,6745.280276979222,101.02897735901765,3.9668807935510135e-08
HD 82895, ,9,33,57.6,-,31,56,27,261,15,7.554,0.283,2.659,-0.005,3.813,-0.26,64,3.52,0.49,2.6,1.5,3.4,1.22,1.17,1.28,6.2,0.6,0.8,2,1086,0.047,11,-130,116,2,15.6,0.9,-53,3,-1,8.009,0.016,7.27,9.49,0.13,0.1,143.48999999999998,-31.94083333333333,-9.670664,-61.05815,16.564419,PM*,F,6501.296903430909,61.8192480027329,7.218536386028226e-07
HD 82943, ,9,34,50.7,-,12,7,46,246,28,6.549,0.386,2.614,0.004,3.769,0.27,27,4.35,0.19,3.5,0.0,7.2,1.13,1.12,1.15,8.1,0.1,0.2,4,3713,0.515,3,2,-173,2,36.4,0.8,10,-20,-9,8.01,0.013,6.95,8.23,0.08,0.03,143.71124999999998,-12.129444444444443,-9.696432,-21.778543,12.675733,PM*,F,5874.893525297769,23.83958323321683,2.2722135739399343e-06
HD 83108, ,9,35,11.8,-,35,49,25,264,12,6.48,0.271,2.681,0.004,3.826,0.04,63,2.47,0.99,1.5,1.2,1.7,1.57,1.53,1.61,12.7,0.3,0.1,2,347,0.961,12,-74,-3,1,15.8,0.7,-17,-14,-13,8.006,0.013,7.43,8.06,0.04,0.08,143.79916666666665,-35.82361111111111,-6.4413805,-61.28572,13.098437,PM*,F,6698.846094165266,61.623298018397065,1.6921901000562706e-07
HD 83170, ,9,34,45.2,-,52,1,41,275,0,7.354,0.276,2.674,0.008,3.819,-0.32,75,2.97,0.96,2.3,1.9,2.7,1.33,1.28,1.38,13.7,0.6,0.6,2,1086,0.438,20,-43,36,2,13.3,0.6,-19,-15,-1,7.993,0.0,7.32,8.06,0.05,0.09,143.68833333333333,-52.028055555555554,6.53668,-74.71461,0.0,PM*,F,6591.738952443213,75.00000755249629,3.3763631364056964e-07
HD 83186, ,9,40,34.8,+,71,45,19,140,38,7.464,0.344,0.0,0.0,3.78,-0.37,56,3.72,1.14,7.2,5.9,8.4,1.06,1.0,1.11,-28.2,0.2,0.4,3,743,0.37,6,-228,-59,2,17.8,0.7,-33,-33,-51,8.034,0.035,6.44,8.22,0.12,0.87,145.14499999999995,71.75527777777778,-33.804474,28.365322,34.477043,PM*,F,6025.595860743575,44.128606986628974,9.515884233396342e-07
HD 83451, ,9,39,28.0,+,35,14,35,189,49,7.127,0.339,2.618,-0.007,3.785,-0.15,49,3.7,0.85,3.8,3.2,6.1,1.12,1.07,1.21,-31.6,0.4,0.0,1,0,0.0,4,-66,2,2,20.6,0.9,9,3,-34,8.032,0.036,7.78,8.9,0.07,0.46,144.86666666666665,35.24305555555556,-31.751112,-5.0288796,36.98077,PM*,F,6095.368972401694,32.14689321330819,9.256549969819284e-07
HD 83525, ,9,39,57.8,+,35,20,9,189,49,6.89,0.334,2.64,0.013,3.788,-0.23,48,3.47,1.08,5.3,2.9,6.2,1.15,1.09,1.24,5.3,0.3,0.1,2,352,0.935,10,-68,3,2,20.7,0.8,-15,-1,-6,8.031,0.036,7.98,8.34,0.02,0.04,144.9908333333333,35.33583333333333,-31.10313,-4.926249,36.22606,PM*,F,6137.620051647939,31.490833983984945,6.736730127720424e-07
HD 83683, ,9,40,35.2,+,13,3,13,221,43,6.97,0.323,2.625,-0.008,3.792,-0.32,42,3.85,0.69,4.1,2.9,5.6,1.09,1.04,1.16,-24.5,0.5,0.0,1,0,0.0,7,25,-114,1,23.8,1.0,26,-8,-21,8.023,0.029,7.16,8.88,0.11,0.21,145.14666666666665,13.053611111111111,-23.182304,-20.152073,28.643929,PM*,F,6194.410750767812,30.716856364962627,1.1388044353332944e-06
HD 83712, ,9,40,2.7,-,12,59,50,248,29,7.05,0.3,2.654,0.0,3.805,-0.18,52,3.48,0.64,2.9,2.1,3.5,1.24,1.18,1.29,6.7,0.8,1.1,2,442,0.011,12,-109,-7,2,19.3,0.9,-21,-8,-15,8.017,0.025,7.64,8.22,0.04,0.12,145.01124999999996,-12.997222222222222,-17.0372,-42.168526,25.2101,PM*,F,6382.634861905489,45.48022393142624,6.830447379131052e-07
HD 83951, ,9,42,42.7,+,35,5,36,190,49,6.14,0.244,2.696,0.001,3.84,0.0,53,2.51,0.72,1.3,1.0,1.6,1.56,1.52,1.61,-7.0,0.6,0.1,2,49,0.914,20,-21,-51,1,18.8,0.8,2,-13,-9,8.034,0.04,7.45,8.19,0.05,0.05,145.67791666666665,35.093333333333334,-34.242878,-6.0379453,39.999607,PM*,F,6918.309709189362,34.77112993804884,1.7883361266574799e-07
HD 84117, ,9,42,14.4,-,23,54,56,257,22,4.92,0.339,2.622,-0.004,3.785,-0.14,15,4.06,0.48,4.6,2.8,6.1,1.09,1.04,1.16,34.4,0.2,0.1,2,262,0.707,6,-400,263,1,67.2,0.7,-41,-25,7,8.003,0.005,6.58,8.38,0.12,0.22,145.55999999999997,-23.915555555555557,-3.1285665,-13.551303,5.6190987,PM*,F,6095.368972401694,13.907758314794346,1.5221209024896846e-06
HD 84183, ,9,43,35.2,+,10,31,7,224,43,7.011,0.359,2.621,0.006,3.78,-0.03,76,2.6,1.95,2.3,2.0,2.5,1.49,1.42,1.56,-23.1,0.4,0.0,1,0,0.0,7,37,-125,1,13.1,0.9,40,-26,-22,8.04,0.052,6.29,8.87,0.17,0.25,145.89666666666665,10.518611111111111,-39.98298,-38.611115,51.83187,PM*,F,6025.595860743575,55.58288307764923,2.025112479414196e-07
HD 84558, ,9,48,46.7,+,64,53,39,147,43,7.108,0.288,0.0,0.0,3.812,-0.17,62,3.14,0.82,2.4,1.9,2.8,1.32,1.27,1.37,-25.1,1.6,0.0,1,0,0.0,35,0,37,2,16.1,0.7,18,0,-21,8.038,0.042,7.55,8.95,0.08,0.22,147.19458333333333,64.89416666666668,-38.028618,24.696075,42.283894,*,F,6486.344335482381,45.34392911289833,4.2702091808739836e-07
HD 84580, ,9,45,24.2,-,32,40,57,264,16,6.898,0.293,2.67,0.009,3.813,0.02,63,2.9,0.86,2.0,1.6,2.3,1.44,1.39,1.48,43.4,0.4,0.5,3,1496,0.566,26,-135,-26,2,15.9,0.7,-31,-47,-19,8.007,0.017,5.61,8.11,0.18,0.18,146.35083333333333,-32.6825,-6.330182,-60.227737,17.365154,PM*,F,6501.296903430909,60.559487351647,3.065131772565901e-07
HD 84674, ,9,45,21.9,-,49,48,44,275,3,7.512,0.299,2.662,0.001,3.809,0.07,69,3.3,0.5,2.0,1.2,2.6,1.35,1.3,1.4,24.8,0.3,0.2,2,638,0.728,16,-39,-22,2,14.4,0.8,-4,-26,-12,7.994,0.003,6.76,8.01,0.09,0.07,146.34124999999997,-49.81222222222222,6.0055037,-68.64323,3.6111813,*,F,6441.692655151775,68.90543592143956,5.326588534591061e-07
HD 84709, ,9,46,21.6,-,27,16,34,260,20,7.017,0.262,2.68,-0.006,3.826,-0.09,53,3.39,0.19,1.1,0.0,2.1,1.32,1.27,1.37,21.9,0.4,0.5,4,1508,0.534,40,-48,-65,2,18.8,0.8,-3,-28,-11,8.009,0.018,6.68,8.03,0.09,0.06,146.59,-27.27611111111111,-8.648321,-49.047077,18.127066,PM*,F,6698.846094165266,49.803706873715434,6.031830791377278e-07
HD 84850, ,9,45,55.7,-,58,47,37,281,-4,6.22,0.289,2.665,0.002,3.819,0.07,81,1.69,1.9,1.1,1.0,1.3,1.84,1.79,1.9,7.2,0.3,0.5,2,638,0.138,9,-103,70,2,12.4,0.5,-46,-15,-5,7.985,-0.006,6.88,8.64,0.11,0.03,146.48208333333332,-58.79361111111111,15.4178705,-79.31812,-5.6502743,PM*,F,6591.738952443213,80.8026911129151,5.760353685901102e-08
HD 84952, ,9,48,52.7,+,8,18,6,228,43,7.518,0.336,2.629,0.005,3.789,-0.16,112,2.26,2.2,2.0,1.7,2.4,1.52,1.43,1.62,1.4,0.3,0.5,2,799,0.253,8,36,-3,2,8.9,0.9,15,0,13,8.055,0.077,7.65,8.92,0.08,0.34,147.21958333333333,8.301666666666668,-54.809578,-60.87218,76.38381,*,F,6151.7687270986835,81.91161174394314,1.2660450219290218e-07
HD 85087, ,9,50,10.3,+,24,33,43,206,49,6.897,0.316,2.638,0.0,3.797,-0.23,53,3.29,1.06,3.0,2.5,4.8,1.24,1.15,1.3,15.4,0.5,0.0,1,0,0.0,7,-51,44,1,19.0,1.0,-22,5,5,8.031,0.04,7.93,8.81,0.05,0.2,147.54291666666666,24.56194444444445,-31.252087,-15.242657,39.999607,PM*,F,6266.138646723356,34.77113075922637,5.253505000065582e-07
HD 85402, ,9,51,7.9,-,18,39,31,254,27,7.373,0.314,2.653,0.001,3.805,0.22,112,2.12,1.65,1.6,1.3,2.0,1.72,1.63,1.81,31.5,0.3,0.6,3,3040,0.027,6,-98,27,2,8.9,0.9,-57,-25,-9,8.027,0.051,6.34,8.76,0.16,0.06,147.7829166666667,-18.65861111111111,-27.50659,-95.92693,50.846935,PM*,F,6382.634861905489,99.79272715309968,1.0433959578941759e-07
HD 85411, ,9,50,4.6,-,50,37,34,276,3,7.651,0.321,2.646,0.004,3.797,-0.05,77,3.22,0.96,2.7,2.3,3.1,1.32,1.27,1.37,21.5,0.3,0.4,2,802,0.328,5,107,-78,1,13.0,0.7,50,-17,4,7.992,0.003,6.4,9.3,0.18,0.18,147.51916666666668,-50.62611111111112,8.037653,-76.473236,4.0298686,PM*,F,6266.138646723356,76.89447112803433,4.769239694453286e-07
HD 85683, ,9,51,41.3,-,54,39,34,279,0,7.353,0.337,2.645,0.006,3.789,0.18,46,4.06,0.09,1.8,0.0,4.0,1.2,1.17,1.24,23.2,0.3,0.4,2,637,0.222,6,-12,-122,2,21.9,0.6,18,-21,-22,7.993,0.0,6.78,8.35,0.1,0.22,147.92208333333332,-54.659444444444446,7.1959887,-45.433662,0.0,PM*,F,6151.7687270986835,45.99999887066055,1.5221209024896846e-06
HD 85863, ,9,53,36.9,-,42,18,37,271,9,7.414,0.274,2.649,-0.013,3.82,-0.35,90,2.64,1.3,2.1,1.8,2.3,1.4,1.34,1.46,7.1,1.5,2.1,2,763,0.065,30,-34,-28,1,11.1,0.8,-3,-10,-17,7.998,0.015,7.63,8.07,0.03,0.14,148.40374999999997,-42.31027777777778,1.5513706,-88.87842,14.0791025,*,F,6606.934480075957,88.89195853638812,2.1401743263720137e-07
HD 86147, ,9,56,48.6,+,4,14,31,234,43,6.701,0.304,2.664,0.013,3.805,-0.13,45,3.43,0.65,2.8,2.0,3.3,1.26,1.21,1.31,9.3,0.6,0.2,3,1332,0.964,23,-182,-51,1,22.2,0.9,-29,-19,-22,8.02,0.03,7.02,8.23,0.08,0.23,149.2025,4.241944444444444,-19.344559,-26.625484,30.689924,PM*,F,6382.634861905489,32.910915531761454,6.37454439294158e-07
HD 86264, ,9,56,57.8,-,15,53,42,253,30,7.411,0.317,2.64,-0.015,3.802,0.2,72,3.11,0.74,2.2,1.6,2.8,1.43,1.38,1.48,7.1,0.3,0.4,2,447,0.388,13,-15,-66,2,13.8,0.8,7,-19,-13,8.018,0.036,7.04,8.19,0.08,0.09,149.2408333333333,-15.895,-18.230509,-59.629257,36.0,PM*,F,6338.69711256927,62.35382705793711,4.096841384835628e-07
HD 86560, ,10,0,55.3,+,53,7,27,161,49,7.596,0.367,2.588,-0.01,3.767,-0.47,51,4.06,1.17,10.4,8.6,12.4,0.97,0.89,1.02,-73.6,0.3,0.3,2,749,0.361,4,170,-51,1,19.6,0.9,78,-21,-28,8.032,0.039,5.86,10.12,0.27,0.37,150.23041666666666,53.12416666666667,-31.636118,10.893187,38.49019,PM*,F,5847.900841444806,33.45901201659865,1.5221209024896846e-06
HD 86884, ,10,3,11.8,+,58,5,52,154,47,7.487,0.368,2.6,-0.005,3.769,-0.37,74,3.15,1.96,5.0,4.2,5.9,1.16,1.09,1.23,-11.8,0.2,0.3,3,2265,0.506,3,-175,-137,2,13.6,0.9,-44,-58,-30,8.045,0.054,5.13,8.27,0.23,0.37,150.79916666666665,58.09777777777778,-45.360226,22.12366,54.120174,PM*,F,5874.893525297769,50.46787527295631,4.3296137079654303e-07
HD 86917, ,10,1,10.8,-,23,8,47,260,25,7.696,0.287,2.651,-0.018,3.815,0.03,80,3.18,0.53,1.8,1.1,2.4,1.37,1.31,1.42,31.1,0.3,0.4,2,761,0.387,11,-35,21,2,12.5,1.0,-21,-26,11,8.013,0.034,6.77,8.06,0.09,0.27,150.295,-23.14638888888889,-12.590293,-71.403114,33.809464,*,F,6531.305526474723,72.50462169215729,4.512831830352533e-07
HD 87034, ,10,3,24.5,+,42,0,33,178,53,7.13,0.349,0.0,0.0,3.784,-0.07,74,2.8,1.7,2.5,2.2,2.7,1.43,1.35,1.49,8.3,0.3,0.4,2,1462,0.266,7,-6,25,1,13.6,0.9,-8,9,4,8.044,0.059,8.04,8.98,0.05,0.19,150.85208333333333,42.009166666666665,-44.50718,1.554223,59.09903,*,F,6081.350012787177,44.53430902895125,2.669618172322438e-07
HD 87096, ,10,2,33.1,-,13,17,47,252,32,6.982,0.331,2.628,0.003,3.79,-0.24,63,2.98,1.54,3.9,2.4,4.4,1.33,1.26,1.39,22.5,0.2,0.5,4,3302,0.089,5,-137,19,1,15.8,0.9,-41,-21,-9,8.016,0.034,6.75,8.46,0.11,0.05,150.63791666666663,-13.296388888888888,-16.509867,-50.812122,33.384914,PM*,F,6165.9500186148225,53.427029212754974,3.423333026383341e-07
HD 87141, ,10,4,36.3,+,53,53,30,160,49,5.74,0.318,2.651,0.008,3.8,0.0,47,2.36,1.7,1.8,1.7,2.0,1.59,1.54,1.64,-19.0,0.3,0.2,3,432,0.897,16,-22,-4,1,21.1,0.7,8,-6,-17,8.029,0.036,7.61,8.45,0.05,0.15,151.15124999999998,53.891666666666666,-28.97521,10.546116,35.47135,*,F,6309.57344480193,30.83477512857125,1.4536141769059028e-07
HD 87367, ,10,1,5.8,-,72,19,6,291,-14,7.589,0.338,2.633,0.022,3.795,-0.39,79,3.0,1.53,4.0,2.5,4.5,1.28,1.15,1.35,25.8,0.2,0.3,3,401,0.507,6,-123,89,2,12.6,0.6,-45,-43,-8,7.973,-0.019,5.69,8.27,0.19,0.02,150.27416666666667,-72.31833333333333,27.470098,-71.56209,-19.11183,PM*,F,6237.348354824191,76.6533691973008,3.519242145036699e-07
HD 87667, ,10,7,8.3,+,29,30,45,199,54,7.418,0.317,2.625,-0.013,3.795,-0.36,63,3.44,1.07,3.4,2.8,5.8,1.15,1.08,1.23,14.4,0.3,0.1,2,945,0.982,8,-47,-48,2,16.0,0.9,-16,-19,3,8.035,0.051,7.21,8.06,0.06,0.15,151.7845833333333,29.5125,-35.013,-12.055939,50.96807,PM*,F,6237.348354824191,37.0304716979371,6.463223138887375e-07
HD 88109, ,10,9,15.5,-,18,8,20,257,30,7.131,0.294,2.655,-0.003,3.817,0.06,139,1.42,2.22,1.1,0.9,1.2,1.92,1.81,2.01,25.8,0.3,0.2,2,1103,0.673,16,-11,-22,2,7.2,0.8,-2,-30,-1,8.026,0.07,6.54,8.05,0.1,0.12,152.31458333333333,-18.13888888888889,-27.079065,-117.29226,69.5,*,F,6561.452663029057,120.37753119740339,3.9668807935510135e-08
HD 88524, ,10,11,48.9,-,34,20,2,269,18,6.662,0.275,2.664,-0.013,3.823,0.02,60,2.76,0.78,1.7,1.3,2.0,1.48,1.44,1.52,12.3,0.3,0.5,2,704,0.277,13,82,-46,1,16.6,0.7,26,-11,7,8.001,0.018,7.03,8.78,0.11,0.23,152.95375,-34.33388888888889,-0.9958872,-57.054703,18.54102,PM*,F,6652.731562017413,57.06339392056289,2.5260919213089244e-07
HD 88595, ,10,12,37.9,-,19,9,10,259,30,6.46,0.315,2.654,0.003,3.802,0.13,42,3.34,0.56,2.2,1.5,2.8,1.34,1.31,1.42,35.2,0.2,0.2,4,1155,0.787,7,-219,-97,2,23.8,0.7,-30,-47,-20,8.007,0.021,5.64,8.1,0.18,0.19,153.15791666666664,-19.15277777777777,-6.940303,-35.704792,21.0,PM*,F,6338.69711256927,36.373066649583905,5.629232027732556e-07
HD 88697, ,10,13,44.3,-,7,23,2,249,39,7.202,0.326,2.656,0.021,3.806,0.05,48,3.69,0.19,1.5,0.0,2.9,1.27,1.22,1.32,14.9,0.3,0.4,4,1048,0.805,22,-191,20,1,20.7,0.8,-42,-16,-13,8.013,0.03,6.95,8.56,0.1,0.09,153.4345833333333,-7.383888888888889,-13.368197,-34.82536,30.207378,PM*,F,6397.348354826482,37.30300778972668,9.129545342952947e-07
HD 88737, ,10,14,29.7,+,21,10,4,214,54,6.02,0.361,2.634,0.019,3.778,-0.03,52,2.45,2.15,2.1,1.9,2.3,1.55,1.49,1.6,17.4,0.1,0.2,7,811,0.945,10,-143,-73,1,19.3,0.9,-31,-29,-9,8.025,0.042,6.53,8.19,0.11,0.05,153.62374999999997,21.16777777777778,-25.339394,-17.091639,42.068886,PM*,F,5997.910762555094,30.56483292925968,1.6460732219326072e-07
HD 88984, ,10,17,0.8,+,47,18,30,169,54,7.29,0.331,0.0,0.0,3.787,-0.36,51,3.74,0.95,4.4,3.1,8.0,1.08,1.02,1.14,8.1,0.2,0.5,4,1090,0.252,6,10,-126,2,19.5,0.9,0,-28,14,8.03,0.041,6.67,8.07,0.1,0.34,154.2533333333333,47.30833333333333,-29.426283,5.7198906,41.25987,PM*,F,6123.503917247734,29.977045879673625,9.782484083016166e-07
HD 89086, ,10,17,0.3,+,21,54,46,213,55,7.619,0.293,2.661,0.001,3.811,-0.12,75,3.24,0.69,2.4,1.8,2.9,1.31,1.25,1.36,-11.4,0.9,1.3,2,2210,0.282,24,42,-20,1,13.3,0.9,20,0,-2,8.037,0.061,7.5,9.01,0.09,0.1,154.25124999999997,21.912777777777777,-36.07813,-23.429405,61.436405,*,F,6471.426157485831,43.01823430768545,4.9028561355697e-07
HD 89110, ,10,17,54.5,+,49,34,33,165,53,7.682,0.326,2.618,-0.011,3.79,-0.41,75,3.32,1.34,5.0,4.0,5.9,1.14,1.08,1.22,-0.9,0.2,0.3,5,3950,0.705,6,-55,88,2,13.4,0.8,-17,26,-19,8.043,0.06,8.03,10.3,0.12,0.21,154.4770833333333,49.575833333333335,-43.59815,11.682093,59.897667,PM*,F,6165.9500186148225,45.13612721848374,5.475819826973227e-07
HD 89389, ,10,20,14.7,+,53,46,45,159,52,6.45,0.366,2.602,-0.01,3.773,-0.05,31,4.02,0.71,5.8,3.5,9.0,1.08,1.02,1.14,-20.9,0.2,0.2,3,1011,0.614,4,-86,49,2,32.7,0.8,2,0,-25,8.018,0.024,7.86,8.53,0.04,0.28,155.06125,53.77916666666667,-17.817856,6.8396335,24.428333,PM*,F,5929.2532458,19.085507036782076,1.4402873620273783e-06
HD 89569, ,10,18,37.9,-,56,6,37,283,1,5.81,0.307,2.64,-0.01,3.804,-0.06,36,3.04,0.99,2.5,2.0,2.8,1.38,1.34,1.41,12.6,0.4,0.7,3,1092,0.055,11,-239,116,2,27.9,0.5,-41,-22,-6,7.992,0.0,6.68,8.4,0.11,0.02,154.6579166666667,-56.11027777777778,8.097011,-35.07198,0.6282866,PM*,F,6367.955209079156,35.994518586230896,3.7191967180374245e-07
HD 89708, ,10,20,46.0,-,19,3,0,260,31,7.51,0.305,2.631,-0.008,3.8,-0.5,60,3.61,0.9,3.6,2.8,4.3,1.12,1.06,1.18,25.5,0.2,0.2,2,375,0.512,7,-152,101,2,16.6,0.8,-55,-16,9,8.009,0.031,6.71,8.91,0.14,0.25,155.19166666666666,-19.05,-8.93073,-50.6487,30.902285,PM*,F,6309.57344480193,51.430037429724855,8.174273225567452e-07
HD 89709, ,10,20,34.1,-,31,48,49,269,21,6.559,0.315,2.649,0.0,3.804,0.13,65,2.51,1.34,1.8,1.6,2.0,1.57,1.53,1.64,21.1,0.3,0.4,2,764,0.441,19,-142,48,2,15.5,0.7,-45,-23,-5,8.001,0.023,6.58,8.48,0.13,0.04,155.14208333333332,-31.81361111111111,-1.0590528,-60.67348,23.293917,PM*,F,6367.955209079156,60.68272215502192,1.7883361266574799e-07
HD 89744, ,10,22,10.5,+,41,13,46,178,56,5.76,0.336,2.641,0.005,3.793,0.17,39,2.8,1.26,2.2,2.0,2.4,1.5,1.46,1.54,-5.6,0.1,0.2,6,718,0.859,9,-120,-139,1,25.6,0.7,-11,-30,-13,8.022,0.033,6.59,8.02,0.1,0.1,155.54375,41.22944444444445,-21.795238,0.7611055,32.332466,PM*,F,6208.690342300638,21.808523128785552,2.669618172322438e-07
HD 89747, ,10,21,7.9,-,17,59,5,260,32,6.5,0.257,2.687,0.001,3.831,-0.06,58,2.68,0.77,1.6,1.2,1.9,1.49,1.45,1.54,23.6,0.7,1.4,4,4059,0.157,28,-31,-30,2,17.2,0.7,-6,-25,3,8.009,0.031,6.81,8.02,0.08,0.16,155.2829166666667,-17.984722222222224,-8.541194,-48.439533,30.735317,*,F,6776.41507610675,49.18679042389049,2.2617737008794846e-07
HD 90094, ,10,23,29.9,-,26,3,22,266,26,7.172,0.28,2.651,-0.015,3.818,-0.15,75,2.81,1.0,2.0,1.7,2.3,1.41,1.37,1.47,16.1,0.4,0.6,2,764,0.368,20,-59,34,2,13.4,0.7,-25,-14,5,8.005,0.033,7.32,8.19,0.06,0.18,155.8745833333333,-26.05611111111111,-4.702257,-67.245346,32.87784,PM*,F,6576.578373554205,67.40955258384204,2.706756260487269e-07
HD 90387, ,10,25,51.8,-,13,7,57,257,36,7.479,0.252,2.692,0.0,3.834,0.01,92,2.67,0.66,1.4,1.0,1.7,1.51,1.45,1.56,14.9,0.5,0.8,3,1073,0.422,35,-72,29,2,10.9,0.8,-35,-11,0,8.017,0.055,7.27,8.51,0.08,0.12,156.4658333333333,-13.1325,-16.74302,-72.52194,54.07624,PM*,F,6823.3869414166975,74.42956737805211,2.2307410023176203e-07
HD 91248, ,10,32,1.4,-,11,25,28,257,39,7.422,0.268,2.667,-0.01,3.822,-0.22,71,3.17,0.61,2.1,1.5,2.6,1.31,1.26,1.37,-2.0,0.9,1.5,3,1073,0.283,50,58,-57,2,14.1,1.0,27,-6,-3,8.012,0.044,7.18,8.95,0.11,0.09,158.0058333333333,-11.424444444444443,-12.412213,-53.763172,44.681747,PM*,F,6637.43070401909,55.17736578579076,4.4509134563802575e-07
HD 91280, ,10,31,48.6,-,28,14,13,269,25,6.05,0.317,2.649,0.0,3.802,0.15,42,2.91,0.97,2.1,1.8,2.4,1.46,1.42,1.53,-16.6,0.2,0.1,2,755,0.725,10,-80,-5,2,23.6,0.7,-13,11,-16,8.001,0.018,8.0,9.09,0.06,0.14,157.9525,-28.236944444444447,-0.66432035,-38.059128,17.749968,PM*,F,6338.69711256927,38.06492539921506,3.107772002987818e-07
HD 91347, ,10,33,50.5,+,49,11,10,164,56,7.504,0.37,2.582,-0.008,3.764,-0.49,36,4.72,0.59,9.5,2.3,15.5,0.89,0.82,0.98,-25.1,0.2,0.3,6,3718,0.748,2,277,129,2,27.8,0.8,50,28,-3,8.02,0.03,7.38,11.51,0.22,0.09,158.46041666666667,49.18611111111111,-19.351105,5.54884,29.845354,PM*,F,5807.644175213118,20.13094359603208,3.7883417474720453e-06
HD 91455, ,10,33,50.4,+,20,18,14,218,58,7.3,0.339,2.63,0.003,3.79,-0.04,109,2.12,2.21,1.8,1.5,2.0,1.63,1.54,1.7,16.0,0.4,0.6,2,2191,0.367,15,-105,-13,1,9.2,0.9,-49,-24,-15,8.046,0.092,6.53,8.63,0.14,0.16,158.45999999999998,20.30388888888889,-45.516453,-35.56134,92.43724,PM*,F,6165.9500186148225,57.76120147899288,1.0433959578941759e-07
HD 91480, ,10,35,9.6,+,57,4,57,152,52,5.16,0.228,2.716,0.008,3.847,-0.05,26,3.05,0.11,0.4,0.0,1.2,1.44,1.39,1.48,-7.9,2.0,0.0,1,0,0.0,60,66,37,1,37.8,0.6,11,4,-4,8.015,0.021,7.74,8.94,0.07,0.06,158.79,57.0825,-14.133516,7.5149245,20.48828,PM*,F,7030.723198838334,16.007197280066123,3.770935898212623e-07
HD 91580, ,10,34,32.8,+,1,45,39,245,49,7.605,0.308,2.648,-0.001,3.805,-0.05,92,2.79,1.21,2.2,1.8,2.5,1.4,1.31,1.49,33.1,0.2,0.2,2,970,0.504,5,-100,-93,2,9.4,1.3,-27,-61,-15,8.026,0.069,5.02,8.08,0.23,0.13,158.63666666666663,1.7608333333333333,-25.508146,-54.70241,69.43328,PM*,F,6382.634861905489,60.357428475419795,2.632989637829915e-07
HD 91638, ,10,34,50.2,-,3,53,58,251,45,6.676,0.327,2.611,-0.019,3.789,-0.28,35,3.94,0.63,4.7,3.0,6.1,1.08,1.03,1.14,-4.7,0.2,0.4,3,1486,0.404,4,1,-162,1,28.4,0.9,15,-16,-16,8.008,0.025,7.04,8.37,0.09,0.14,158.70916666666665,-3.899444444444444,-8.057401,-23.40039,24.748737,PM*,F,6151.7687270986835,24.74873659455975,1.2895825562256862e-06
HD 91706, ,10,34,57.6,-,23,10,34,266,30,6.1,0.307,2.662,0.012,3.807,0.04,63,2.09,1.78,1.5,1.4,1.6,1.69,1.64,1.74,12.8,0.3,0.3,2,752,0.38,11,-99,34,1,15.8,0.8,-31,-13,-1,8.003,0.032,7.23,8.33,0.07,0.09,158.73999999999998,-23.176111111111112,-3.805889,-54.426693,31.5,PM*,F,6412.095765851615,54.55959770742972,1.001034740924846e-07
HD 91707, ,10,34,48.9,-,31,20,46,272,23,7.369,0.287,2.661,0.004,3.812,-0.32,71,3.12,0.97,2.6,2.2,3.0,1.28,1.22,1.34,-5.6,0.3,0.2,2,712,0.69,9,64,-86,2,14.1,0.9,34,1,-14,7.998,0.028,7.21,9.41,0.13,0.1,158.70375,-31.34611111111111,2.2808738,-65.31603,27.741909,PM*,F,6486.344335482381,65.35584258696713,4.1538341256420695e-07
HD 91752, ,10,36,21.4,+,36,19,36,187,60,6.28,0.289,2.639,-0.017,3.81,-0.41,46,2.95,1.26,2.6,2.3,2.8,1.31,1.26,1.35,-26.9,0.2,0.3,5,395,0.772,10,36,-33,2,21.6,0.8,22,-4,-19,8.023,0.04,7.37,8.91,0.09,0.19,159.08916666666664,36.32666666666667,-22.82856,-2.8029919,39.83717,*,F,6456.542290346556,22.999998157936137,3.284347867401533e-07
HD 91789, ,10,35,43.4,-,13,57,23,260,37,7.45,0.308,2.664,0.012,3.802,-0.02,54,3.77,0.27,2.2,0.0,3.7,1.22,1.17,1.27,12.3,1.5,2.1,2,1105,0.048,29,-98,-40,2,18.4,0.9,-18,-22,-11,8.008,0.033,7.0,8.04,0.07,0.06,158.9308333333333,-13.956388888888888,-7.488805,-42.471134,32.49801,PM*,F,6338.69711256927,43.126319383573424,1.0196453662490325e-06
HD 92013, ,10,37,46.0,+,17,16,43,224,58,7.595,0.291,2.661,-0.004,3.812,-0.02,66,3.5,0.32,1.9,0.4,2.8,1.29,1.24,1.34,13.9,3.2,0.0,1,0,0.0,30,-127,-29,1,15.2,0.9,-35,-23,-10,8.025,0.056,6.76,8.3,0.1,0.07,159.44166666666666,17.27861111111111,-25.158672,-24.295448,55.971172,PM*,F,6486.344335482381,34.97467041051692,7.021811229241964e-07
HD 92148, ,10,41,3.4,+,73,46,17,134,40,7.706,0.301,0.0,0.0,3.804,-0.32,78,3.24,1.03,2.9,2.5,3.3,1.24,1.16,1.3,-2.7,0.5,0.0,1,0,0.0,9,-126,-74,1,12.8,0.7,-41,-35,-8,8.042,0.051,6.13,8.32,0.15,0.05,160.26416666666665,73.7713888888889,-41.50685,42.98161,50.137432,PM*,F,6367.955209079156,59.7514635395201,4.9028561355697e-07
HD 92196, ,10,38,54.5,+,16,7,38,226,57,6.604,0.273,2.677,0.008,3.819,-0.3,52,3.03,0.89,2.3,1.9,2.7,1.32,1.27,1.37,-7.5,1.5,0.0,1,0,0.0,26,56,-22,1,19.3,0.8,17,2,-1,8.019,0.044,7.59,8.97,0.08,0.11,159.7270833333333,16.127222222222223,-19.673578,-20.37259,43.61087,PM*,F,6591.738952443213,28.321230457559288,3.668167426027225e-07
HD 92674, ,10,41,53.7,-,6,34,29,255,44,7.411,0.357,2.618,0.01,3.777,-0.24,71,3.15,1.66,4.8,3.5,6.1,1.16,1.08,1.25,18.6,0.2,0.1,2,765,0.713,9,17,-11,2,8.6,1.2,3,-14,14,8.013,0.049,7.39,8.17,0.05,0.34,160.47374999999997,-6.574722222222222,-13.218694,-49.332848,49.320747,*,F,5984.115950603199,51.0731217261755,4.3296137079654303e-07
HD 92804, ,10,42,26.5,-,33,39,20,274,22,7.712,0.23,2.704,-0.002,3.851,0.11,135,2.06,0.91,1.0,0.8,1.1,1.71,1.62,1.82,10.6,0.9,0.7,3,734,0.736,60,-74,7,2,7.4,0.9,-42,-21,-15,7.991,0.051,6.73,8.44,0.11,0.13,160.61041666666662,-33.65555555555555,8.731418,-124.864914,50.571888,PM*,F,7095.777679633888,125.16982227565124,9.603933626126872e-08
HD 93081, ,10,45,2.2,+,3,18,24,246,52,7.095,0.308,2.645,0.006,3.799,-0.36,51,3.55,0.87,3.5,2.8,4.1,1.16,1.08,1.22,-12.0,0.3,0.3,2,1036,0.587,6,98,-26,2,19.5,1.0,26,8,-1,8.013,0.04,7.51,9.55,0.12,0.11,161.25916666666663,3.306666666666666,-12.771017,-28.684174,40.18855,PM*,F,6295.061828571975,31.39873744717397,7.524006289866961e-07
HD 93164, ,10,43,4.9,-,72,11,42,293,-12,7.478,0.329,2.623,-0.009,3.79,-0.29,77,3.05,1.51,4.1,2.6,4.6,1.29,1.15,1.36,37.5,0.3,0.1,2,1036,0.912,8,-48,55,2,13.0,0.6,-8,-45,2,7.97,-0.016,5.75,7.97,0.16,0.13,160.77041666666665,-72.19500000000001,29.428846,-69.33,-16.009201,PM*,F,6165.9500186148225,75.31736769757501,3.770935898212623e-07
HD 93372, ,10,44,26.9,-,72,26,36,294,-12,6.28,0.314,2.658,0.008,3.8,0.04,32,3.76,0.26,2.1,0.0,3.6,1.24,1.19,1.29,19.3,0.3,0.5,2,349,0.183,11,-152,53,2,31.3,0.5,-15,-26,-8,7.987,-0.007,6.74,8.0,0.09,0.01,161.11208333333332,-72.44333333333334,12.731152,-28.594633,-6.6531744,PM*,F,6309.57344480193,31.300723117074998,1.005655307350343e-06
HD 93860, ,10,50,33.9,+,32,1,39,195,63,7.544,0.282,2.656,0.001,3.814,-0.45,78,3.1,1.06,2.6,2.2,3.0,1.26,1.2,1.31,-12.9,0.4,0.4,2,983,0.467,11,70,-6,1,12.9,0.9,28,6,0,8.034,0.069,7.47,9.54,0.12,0.14,162.64125,32.0275,-34.20465,-9.165111,69.49851,PM*,F,6516.283940608428,35.41126009145708,4.0406306137483407e-07
HD 94016, ,10,50,54.3,-,14,53,28,264,39,7.473,0.292,2.639,-0.015,3.811,-0.19,85,2.83,1.17,2.2,2.0,2.5,1.39,1.33,1.45,2.0,0.8,1.1,2,717,0.155,21,-122,23,2,11.8,0.8,-47,-10,-15,8.006,0.053,7.07,8.82,0.11,0.13,162.72625,-14.89111111111111,-6.904871,-65.69554,53.492233,PM*,F,6471.426157485831,66.05740851273414,2.7825895508367783e-07
HD 94162, ,10,52,35.1,+,38,20,3,181,63,7.654,0.317,2.622,-0.014,3.794,-0.41,79,3.17,1.4,4.5,2.7,5.2,1.16,1.11,1.27,-15.8,0.2,0.4,5,1784,0.553,6,-12,-58,2,12.7,0.9,9,-22,-13,8.036,0.07,6.91,8.22,0.09,0.12,163.14624999999998,38.33416666666667,-35.85979,-0.62593454,70.38952,PM*,F,6223.002851691595,35.86525244428742,4.4509134563802575e-07
HD 94243, ,10,51,53.3,-,49,9,27,284,9,6.565,0.327,2.634,0.008,3.791,-0.31,47,3.21,1.34,4.5,2.8,5.1,1.17,1.13,1.28,18.4,0.2,0.1,2,441,0.921,5,73,-50,1,21.3,0.7,23,-14,0,7.989,0.007,6.98,8.61,0.1,0.11,162.97208333333333,-49.1575,11.230345,-45.04244,7.3524203,PM*,F,6180.164001384158,46.42135338368136,4.70380327269733e-07
HD 94426, ,10,54,25.5,+,30,31,55,198,64,7.552,0.35,2.614,-0.004,3.779,-0.24,53,3.93,0.84,6.1,3.8,9.3,1.06,1.0,1.11,5.2,0.3,0.1,2,264,0.872,5,60,-7,2,18.9,0.9,11,2,11,8.022,0.048,7.71,8.88,0.07,0.3,163.60625,30.531944444444445,-22.096537,-7.1795993,47.636086,PM*,F,6011.737374832779,23.233673697909452,1.2718888202332512e-06
HD 94456, ,10,54,44.7,+,36,45,31,184,64,7.391,0.255,2.686,0.002,3.829,-0.27,143,1.62,2.06,1.3,1.1,1.5,1.71,1.62,1.82,-0.9,0.6,0.6,2,34,0.469,16,-51,-40,2,7.0,0.9,-22,-36,-13,8.063,0.128,6.28,8.11,0.13,0.16,163.68625,36.75861111111111,-62.534378,-4.372825,128.52756,PM*,F,6745.280276979222,62.687080250459175,5.2293673371486135e-08
HD 94457, ,10,54,35.3,+,29,37,48,200,64,6.534,0.353,2.634,0.016,3.783,-0.04,65,2.47,2.02,2.1,1.9,2.3,1.54,1.48,1.59,14.5,0.3,0.0,1,0,0.0,3,-98,-47,2,15.4,0.7,-27,-25,0,8.026,0.058,6.78,8.16,0.09,0.12,163.6470833333333,29.63,-26.77572,-9.745565,58.42161,PM*,F,6067.363295885053,28.494126038319283,1.6921901000562706e-07
HD 94504, ,10,53,56.3,-,36,27,24,278,21,6.729,0.293,2.654,-0.015,3.814,0.2,48,3.33,0.26,1.4,0.0,2.4,1.42,1.37,1.45,3.0,0.5,0.2,2,707,0.821,27,-169,6,2,20.9,0.8,-33,-13,-14,7.994,0.017,7.18,8.37,0.08,0.11,163.48458333333332,-36.45666666666667,6.2366138,-44.37575,17.201662,PM*,F,6516.283940608428,44.811857133495934,5.551996068810809e-07
HD 94729, ,10,56,5.1,-,1,37,4,254,50,7.522,0.242,2.699,0.0,3.839,-0.06,75,3.14,0.16,0.9,0.0,1.6,1.4,1.35,1.46,10.3,1.1,1.6,2,1004,0.115,40,-122,11,1,13.3,0.9,-41,-16,-9,8.013,0.058,6.95,8.53,0.1,0.06,164.02125,-1.6177777777777778,-13.288213,-46.341534,57.45333,PM*,F,6902.398038402419,48.20906946007697,4.2702091808739836e-07
HD 94864, ,10,57,7.9,-,0,18,43,253,51,6.876,0.278,2.671,-0.001,3.82,-0.04,62,2.92,0.74,1.9,1.4,2.2,1.42,1.38,1.47,3.4,0.6,0.9,2,439,0.21,19,-108,-32,1,16.2,0.8,-23,-18,-15,8.011,0.048,7.14,8.12,0.06,0.12,164.28291666666664,-0.3119444444444444,-11.407728,-37.312965,48.183052,PM*,F,6606.934480075957,39.0178627709567,3.1510054181030334e-07
HD 94906, ,10,56,52.1,-,31,12,16,276,26,7.431,0.234,2.687,-0.003,3.839,-0.6,83,2.83,0.95,2.0,1.6,2.3,1.32,1.28,1.37,-5.3,0.9,0.0,1,0,0.0,25,-54,-48,2,12.0,0.8,-9,-8,-26,7.992,0.036,7.85,8.0,0.01,0.3,164.2170833333333,-31.204444444444444,7.797806,-74.191246,36.384804,PM*,F,6902.398038402419,74.59991126969356,2.7825895508367783e-07
HD 95025, ,10,57,54.8,-,22,1,15,271,34,7.474,0.273,2.662,-0.011,3.822,-0.15,110,2.27,1.45,1.6,1.4,1.9,1.55,1.47,1.64,24.7,0.5,0.9,4,1416,0.588,30,-47,11,2,9.1,1.0,-24,-25,7,7.998,0.061,6.77,8.09,0.09,0.23,164.4783333333333,-22.02083333333333,1.5915492,-91.18025,61.51122,*,F,6637.43070401909,91.19413916978722,1.2836574625890775e-07
HD 95216, ,10,59,41.0,+,11,42,21,238,60,6.53,0.288,2.655,-0.009,3.812,-0.13,45,3.27,0.65,2.4,1.7,2.9,1.31,1.26,1.35,23.8,0.5,0.0,1,0,0.0,11,-228,45,1,22.3,0.9,-52,-17,3,8.012,0.039,6.73,8.81,0.13,0.16,164.9208333333333,11.705833333333333,-11.923185,-19.08108,38.971146,PM*,F,6486.344335482381,22.49999898912498,5.110332403912194e-07
HD 95407, ,11,0,16.0,-,43,15,5,282,15,7.586,0.285,2.645,-0.029,3.819,0.18,92,2.77,0.73,1.5,1.2,1.9,1.53,1.46,1.6,29.0,0.2,0.1,2,708,0.934,8,23,-11,2,10.9,0.9,17,-25,8,7.981,0.024,6.61,8.27,0.11,0.23,165.06666666666666,-43.25138888888889,18.47609,-86.923256,23.811352,*,F,6591.738952443213,88.8651694159733,2.561233360432562e-07
HD 95456, ,11,0,40.7,-,31,50,21,277,25,6.06,0.336,2.635,-0.001,3.79,0.08,31,3.59,0.62,3.0,2.2,3.7,1.26,1.23,1.31,-1.8,0.2,0.2,2,679,0.406,3,-78,105,2,32.0,0.8,-18,3,7,7.997,0.013,7.94,8.64,0.04,0.21,165.16958333333332,-31.839166666666664,3.4239795,-27.886122,13.101167,PM*,F,6165.9500186148225,28.095541208798668,7.951501586565117e-07
HD 95532, ,11,1,29.0,-,16,56,46,269,38,7.582,0.339,2.614,-0.015,3.785,-0.29,75,3.2,1.47,4.7,3.9,5.5,1.17,1.13,1.24,-27.3,0.2,0.2,2,443,0.632,4,-50,-68,2,13.3,0.9,-2,2,-41,8.001,0.047,7.92,8.62,0.04,0.61,165.37083333333334,-16.94611111111111,-1.0314448,-59.09181,46.174614,PM*,F,6095.368972401694,59.100811224986984,4.6392646723063425e-07
HD 96218, ,11,5,49.8,+,12,33,55,238,61,7.564,0.293,2.671,0.01,3.811,-0.08,59,3.7,0.2,1.5,0.0,3.0,1.24,1.19,1.29,0.7,0.8,0.6,2,1044,0.567,22,-42,-78,2,16.9,0.9,-1,-23,-10,8.015,0.052,6.93,8.06,0.08,0.06,166.45749999999998,12.565277777777778,-15.15769,-24.257366,51.602562,PM*,F,6471.426157485831,28.603764986345,9.256549969819284e-07
HD 96479, ,11,7,13.2,+,10,12,44,243,60,7.324,0.288,2.645,-0.007,3.813,-0.4,115,2.02,2.12,1.8,1.5,2.1,1.53,1.44,1.63,2.5,0.9,1.3,2,874,0.046,15,14,-14,1,8.7,1.1,10,-5,3,8.026,0.1,7.59,8.53,0.06,0.19,166.80499999999998,10.212222222222222,-26.104462,-51.232864,99.592926,*,F,6501.296903430909,57.49999382566872,9.087598892331775e-08
HD 96574, ,11,7,36.2,+,13,51,31,236,62,7.32,0.351,2.634,0.012,3.781,-0.07,50,3.81,0.75,3.9,3.0,6.8,1.12,1.07,1.2,36.0,0.4,0.6,2,1138,0.163,2,-364,105,1,19.9,0.9,-95,-20,4,8.013,0.045,5.92,10.03,0.26,0.2,166.9008333333333,13.858611111111111,-13.12626,-19.460482,44.147377,PM*,F,6039.4862937638,23.473582199143017,1.0775790762405527e-06
HD 96973, ,11,10,27.3,+,47,47,52,160,61,7.253,0.314,2.659,0.017,3.8,-0.17,78,2.79,1.44,2.4,2.1,2.6,1.4,1.35,1.46,-23.1,0.4,0.5,2,1102,0.288,14,-42,51,2,12.8,0.7,-7,9,-32,8.035,0.069,8.02,9.02,0.06,0.43,167.61374999999995,47.797777777777775,-35.534615,12.933545,68.22034,PM*,F,6309.57344480193,37.81514841257734,2.632989637829915e-07
HD 97217, ,11,11,2.0,-,36,13,32,281,22,7.563,0.269,2.678,0.0,3.831,0.13,161,1.53,1.76,1.0,0.9,1.2,1.92,1.78,2.05,9.8,0.6,1.1,3,734,0.37,45,-5,-15,2,7.5,1.0,4,-13,-8,7.971,0.061,7.33,8.14,0.05,0.06,167.75833333333333,-36.22555555555556,28.4833,-146.53397,60.31166,*,F,6776.41507610675,149.27659810851432,4.617949187341273e-08
HD 97358, ,11,12,11.7,-,9,29,5,266,46,7.545,0.267,2.649,-0.022,3.822,-0.32,77,3.11,0.76,2.2,1.8,2.7,1.3,1.24,1.35,-12.4,0.3,0.3,3,1155,0.808,18,-114,-7,2,13.0,1.0,-34,-7,-26,8.004,0.056,7.42,8.57,0.07,0.31,168.04874999999996,-9.48472222222222,-3.7311864,-53.3584,55.389164,PM*,F,6637.43070401909,53.48869602552997,4.096841384835628e-07
HD 97461, ,11,12,50.4,-,13,56,0,270,42,7.088,0.33,2.643,0.014,3.792,-0.17,78,2.64,1.77,2.3,2.1,2.5,1.44,1.38,1.51,-8.0,0.4,0.6,2,761,0.075,8,90,-47,2,12.9,0.8,37,6,-4,8.0,0.052,7.26,9.76,0.15,0.08,168.20999999999995,-13.933333333333334,6.912292e-07,-57.965294,52.19219,PM*,F,6194.410750767812,57.965294,2.1401743263720137e-07
HD 98180, ,11,17,0.0,-,54,46,37,290,6,6.77,0.276,2.68,0.015,3.819,-0.32,54,3.09,0.84,2.4,1.9,2.8,1.3,1.26,1.35,7.4,0.5,0.1,2,1090,0.96,23,54,-61,2,18.4,0.6,20,-2,-9,7.982,0.005,7.39,8.88,0.09,0.02,169.24999999999997,-54.776944444444446,18.367908,-50.465424,5.644537,PM*,F,6591.738952443213,53.70418106438492,3.985191083353441e-07
HD 98220, ,11,17,39.2,-,33,32,49,281,25,6.854,0.327,2.635,0.0,3.791,-0.16,41,3.8,0.62,3.7,2.8,4.8,1.15,1.08,1.21,16.5,0.2,0.2,4,702,0.636,5,78,-332,2,24.5,0.8,46,-30,-40,7.993,0.017,6.03,8.91,0.19,0.62,169.41333333333333,-33.54694444444444,7.090194,-36.47591,17.327349,PM*,F,6180.164001384158,37.15861759115557,1.0627941370414843e-06
HD 98388, ,11,19,6.6,+,13,23,26,241,64,7.118,0.323,2.658,0.017,3.796,-0.02,48,3.73,0.44,3.0,1.6,4.1,1.22,1.16,1.27,9.1,0.3,0.1,2,1138,0.967,11,-147,1,1,21.0,1.0,-31,-15,-3,8.01,0.043,7.18,8.3,0.07,0.07,169.77749999999995,13.390555555555554,-10.201275,-18.403587,43.142113,PM*,F,6251.726927756856,21.041816131032846,9.648263369592704e-07
HD 98572, ,11,20,56.7,+,51,45,40,151,60,7.315,0.264,0.0,0.0,3.826,-0.12,68,3.14,0.47,1.7,1.0,2.3,1.36,1.31,1.41,6.5,0.6,1.5,5,2241,0.321,29,-166,-105,1,14.6,0.8,-42,-48,-1,8.03,0.059,5.52,8.26,0.2,0.12,170.23624999999998,51.76111111111111,-29.737068,16.483524,58.889732,PM*,F,6698.846094165266,33.99999671610573,4.2702091808739836e-07
HD 98651, ,11,20,42.4,-,35,43,10,283,24,7.602,0.25,2.702,0.012,3.841,0.21,89,2.85,0.2,0.8,0.0,1.4,1.56,1.49,1.62,14.6,1.0,1.1,3,737,0.622,80,18,-55,2,11.2,1.2,20,-17,-11,7.982,0.036,6.89,8.45,0.1,0.06,170.17666666666668,-35.71944444444445,18.28978,-79.22168,36.199562,PM*,F,6934.258060165695,81.30553876871366,2.860547409256632e-07
HD 98661, ,11,22,49.5,+,77,22,24,129,39,7.444,0.315,0.0,0.0,3.797,-0.21,64,3.41,0.92,3.2,2.7,3.6,1.22,1.14,1.28,0.1,0.5,0.0,1,0,0.0,11,-93,8,1,15.6,0.6,-25,-8,-11,8.031,0.04,7.59,8.31,0.05,0.07,170.70624999999998,77.37333333333332,-31.30072,38.65318,40.276505,PM*,F,6266.138646723356,49.737344085011216,6.20082036107695e-07
HD 98681, ,11,21,35.8,+,40,25,51,172,67,7.234,0.347,0.0,0.0,3.784,-0.21,149,1.36,3.27,0.0,0.0,0.0,0.0,0.0,0.0,-49.2,1.3,0.0,1,0,0.0,30,41,-56,1,6.7,0.8,56,-30,-28,8.057,0.138,5.94,9.26,0.22,0.39,170.39916666666664,40.43083333333333,-57.652367,8.102517,137.15521,PM*,F,6081.350012787177,58.218950543942114,3.651313727619922e-08
HD 98697, ,11,21,26.7,+,6,38,5,253,60,6.695,0.342,2.644,0.02,3.796,0.01,43,3.44,0.7,2.8,2.2,3.4,1.28,1.24,1.33,-14.1,0.3,0.4,2,495,0.328,4,-290,0,2,23.2,0.9,-49,-14,-32,8.006,0.037,6.88,8.8,0.12,0.44,170.36124999999996,6.634722222222222,-6.285996,-20.560549,37.239094,PM*,F,6251.726927756856,21.499998160311947,6.463223138887375e-07
HD 98823, ,11,22,41.7,+,40,10,31,172,67,6.587,0.305,0.0,0.0,3.808,0.0,108,1.43,2.46,1.1,1.0,1.2,1.91,1.82,1.97,-13.9,1.7,2.4,2,1254,0.1,40,-65,3,1,9.3,0.7,-24,-11,-24,8.041,0.099,7.51,8.25,0.05,0.29,170.67375,40.17527777777777,-41.788292,5.872965,99.41452,PM*,F,6426.877173170194,42.198969965728885,4.022065602441519e-08
HD 99122, ,11,24,26.5,+,15,53,2,238,67,7.572,0.36,2.622,0.02,3.786,-0.16,79,2.99,1.54,2.8,2.4,4.4,1.34,1.26,1.41,-17.1,0.3,0.2,2,875,0.656,7,-27,-6,2,12.6,1.0,-4,0,-20,8.017,0.073,7.97,8.41,0.03,0.2,171.11041666666665,15.883888888888889,-16.357428,-26.177347,72.71988,*,F,6109.420249055721,30.867765496284196,3.4709563326184744e-07
HD 99373, ,11,26,25.5,+,33,27,2,189,71,6.32,0.302,2.647,0.0,3.806,-0.21,57,2.52,1.61,2.1,1.9,2.3,1.47,1.42,1.52,-24.2,0.2,0.3,3,360,0.621,10,-33,19,2,17.4,0.8,-2,3,-26,8.019,0.054,7.95,8.63,0.04,0.31,171.60625,33.45055555555556,-18.328913,-2.903013,53.894558,*,F,6397.348354826482,18.557384951542552,1.8132143603422485e-07
HD 99747, ,11,29,4.5,+,61,46,42,139,53,5.827,0.265,2.655,-0.01,3.821,-0.6,33,3.24,0.89,2.6,2.1,3.1,1.22,1.19,1.26,-8.7,0.3,0.3,4,408,0.834,12,-112,239,2,30.4,0.6,-18,21,-32,8.015,0.026,7.99,9.92,0.11,0.45,172.26874999999998,61.77833333333333,-14.988454,13.029262,26.354973,PM*,F,6622.165037017622,19.859894802711317,4.9028561355697e-07
HD 99904, ,11,29,39.9,+,7,35,57,254,62,6.739,0.328,2.644,0.011,3.796,-0.05,79,2.24,1.96,1.8,1.6,2.0,1.6,1.54,1.67,1.2,0.5,0.7,2,807,0.312,20,-5,-26,1,12.6,0.8,3,-9,-3,8.01,0.07,7.57,8.23,0.04,0.1,172.41624999999996,7.599166666666666,-10.222904,-35.651527,69.75286,*,F,6251.726927756856,37.088261534142376,1.2315417802581031e-07
HD 99934, ,11,29,45.3,-,25,0,7,280,34,7.197,0.395,2.63,0.048,3.792,0.29,97,2.06,1.96,1.5,1.2,2.1,1.72,1.61,1.82,-11.0,0.9,0.8,2,763,0.565,23,-8,2,2,6.0,0.8,-5,8,-7,7.985,0.055,7.97,8.87,0.05,0.06,172.43874999999997,-25.001944444444444,13.964204,-79.19494,54.24171,*,F,6194.410750767812,80.4166494885059,9.603933626126872e-08
HD 99984, ,11,30,31.1,+,43,10,23,163,67,5.94,0.34,2.628,0.012,3.784,-0.37,56,2.19,2.58,2.3,2.1,2.5,1.45,1.44,1.47,-32.7,0.2,0.5,9,1851,0.09,6,-49,83,1,17.8,0.7,-6,12,-39,8.021,0.052,8.0,9.27,0.07,0.61,172.62958333333333,43.17305555555555,-20.924852,6.3973727,51.54827,PM*,F,6081.350012787177,21.880946247468582,1.1493416630370558e-07
HD 100004, ,11,29,48.0,-,51,39,46,290,9,7.386,0.279,2.674,0.017,3.814,-0.57,57,3.6,0.66,2.9,1.5,3.9,1.15,1.1,1.21,2.2,1.1,1.5,2,375,0.021,20,-350,85,2,17.5,0.8,-90,-36,-8,7.98,0.009,5.44,9.43,0.27,0.01,172.44999999999996,-51.66277777777778,19.255127,-52.903038,8.916765,PM*,F,6516.283940608428,56.29823572205059,8.062117992321641e-07
HD 100043, ,11,30,38.7,-,13,3,0,274,45,7.068,0.233,2.697,-0.013,3.845,0.08,64,3.03,0.06,0.3,0.0,1.0,1.47,1.43,1.53,-1.8,1.0,1.7,3,1086,0.286,80,31,-52,2,15.6,0.8,16,-5,-8,7.997,0.046,7.43,8.68,0.08,0.05,172.66124999999997,-13.05,3.1568217,-45.144592,45.254833,PM*,F,6998.419960022738,45.2548307928784,3.668167426027225e-07
HD 100067, ,11,31,1.0,+,32,18,59,192,72,7.173,0.326,2.619,-0.002,3.788,-0.45,41,4.12,0.62,5.4,2.5,7.2,1.03,0.98,1.09,29.8,0.3,0.1,2,724,0.791,5,-326,207,1,24.5,0.9,-79,11,7,8.012,0.039,6.97,10.77,0.21,0.25,172.75416666666663,32.31638888888889,-12.392832,-2.634179,38.993317,PM*,F,6137.620051647939,12.669695496903822,1.6536711507079238e-06
HD 100339, ,11,32,49.7,+,18,0,8,236,70,7.263,0.323,2.639,0.009,3.791,-0.35,47,3.88,0.71,4.3,2.9,5.8,1.08,1.03,1.14,21.9,0.5,0.0,1,0,0.0,9,-137,12,1,21.1,0.9,-32,-16,12,8.009,0.044,7.13,8.34,0.08,0.3,173.20708333333332,18.002222222222223,-8.9889965,-13.3267355,44.165554,PM*,F,6180.164001384158,16.07494750112648,1.1869957116182945e-06
HD 100446, ,11,34,7.0,+,65,14,33,135,50,7.301,0.347,2.607,0.005,3.776,-0.53,43,4.14,0.93,6.8,5.0,11.2,0.98,0.93,1.03,-30.8,0.3,0.4,2,728,0.288,4,-49,-215,2,23.3,0.6,12,-53,-2,8.02,0.033,5.35,8.13,0.21,0.09,173.52916666666664,65.2425,-19.544336,19.544336,32.93991,PM*,F,5970.352865838366,27.63986503877673,1.7000008946693054e-06
HD 100563, ,11,34,21.9,+,3,3,36,262,60,5.77,0.297,2.661,-0.003,3.81,0.1,27,3.65,0.1,0.8,0.0,2.3,1.3,1.25,1.35,4.6,0.4,0.1,2,491,0.837,13,-181,-103,1,37.7,0.9,-14,-21,-8,8.002,0.023,7.04,8.01,0.06,0.03,173.59124999999997,3.06,-1.8788388,-13.368618,23.382687,PM*,F,6456.542290346556,13.499999350604037,8.638715069876107e-07
HD 100604, ,11,34,31.4,-,28,17,17,283,32,7.695,0.259,2.661,-0.023,3.83,-0.14,112,2.44,1.1,1.6,1.4,1.9,1.52,1.45,1.59,-11.8,0.6,0.5,3,1403,0.814,30,-80,-18,2,8.9,0.8,-35,-11,-26,7.978,0.059,7.26,8.47,0.08,0.31,173.6308333333333,-28.28805555555556,21.366177,-92.54701,59.35096,PM*,F,6760.829753919819,94.98138017282876,1.623488250638994e-07
HD 100742, ,11,35,32.8,-,12,24,40,276,46,7.153,0.302,2.627,-0.028,3.804,-0.17,67,3.03,1.11,2.5,2.2,2.9,1.34,1.28,1.39,-5.3,0.3,0.1,2,1104,0.987,10,-48,-129,2,15.0,0.9,6,-28,-33,7.996,0.048,6.64,8.11,0.1,0.43,173.88666666666666,-12.411111111111111,4.8649707,-46.28715,48.195766,PM*,F,6367.955209079156,46.54211206030897,3.668167426027225e-07
HD 100910, ,11,36,37.4,-,34,38,47,286,26,7.58,0.326,2.613,-0.011,3.788,-0.57,70,3.34,1.5,5.4,4.5,6.4,1.1,1.05,1.15,-9.4,0.3,0.5,3,437,0.156,5,-215,123,2,14.2,0.9,-82,-7,10,7.983,0.031,6.49,10.03,0.21,0.3,174.1558333333333,-34.646388888888886,17.341877,-60.478344,30.68598,PM*,F,6137.620051647939,62.91558464216529,5.629232027732556e-07
HD 101029, ,11,37,29.1,-,36,43,37,287,24,7.562,0.302,2.641,-0.008,3.805,-0.2,65,3.5,0.64,2.9,2.1,3.6,1.22,1.16,1.28,-6.1,0.2,0.3,2,707,0.456,8,-10,31,2,15.4,0.9,-8,7,5,7.983,0.026,7.98,8.79,0.05,0.19,174.37124999999995,-36.72694444444445,17.361149,-56.785812,26.437881,*,F,6382.634861905489,59.38045081590022,7.021811229241964e-07
HD 101365, ,11,40,18.6,+,62,23,47,136,53,7.084,0.358,0.0,0.0,3.777,-0.3,83,2.48,2.39,2.8,2.5,3.0,1.4,1.36,1.45,9.1,0.3,0.2,2,1251,0.564,10,-110,-31,2,12.0,0.7,-40,-24,2,8.037,0.066,6.67,8.4,0.11,0.15,175.07749999999996,62.396388888888886,-35.931484,34.69864,66.28675,PM*,F,5984.115950603199,49.950647245975254,1.7157308092779462e-07
HD 101612, ,11,41,22.4,-,26,40,1,284,34,7.542,0.309,2.619,-0.017,3.797,-0.41,51,4.03,0.47,3.8,0.6,5.8,1.07,1.02,1.14,-35.5,0.2,0.1,2,354,0.827,4,-211,39,2,19.8,0.8,-55,12,-27,7.99,0.028,7.4,10.02,0.15,0.34,175.3433333333333,-26.666944444444447,10.2286825,-41.024994,28.518837,PM*,F,6266.138646723356,42.28091860858562,1.4603237550922028e-06
HD 101620, ,11,41,46.3,+,41,14,15,164,70,6.919,0.3,0.0,0.0,3.806,-0.31,78,2.46,1.76,2.1,1.9,2.3,1.46,1.4,1.52,-12.4,0.3,0.4,3,3377,0.424,11,44,-39,1,12.8,0.8,23,-8,-4,8.026,0.073,7.21,8.81,0.1,0.09,175.44291666666663,41.2375,-25.644129,7.3533354,73.29602,PM*,F,6397.348354826482,26.677572859492564,1.6689723814737225e-07
HD 101676, ,11,42,3.9,+,12,17,5,252,68,7.085,0.331,2.61,-0.011,3.785,-0.54,49,3.64,1.24,6.7,5.5,8.0,1.04,1.0,1.1,-51.1,0.3,0.1,2,677,0.846,3,12,-126,1,20.5,0.8,22,-5,-54,8.006,0.045,7.36,8.98,0.1,0.99,175.51625,12.28472222222222,-5.6722336,-17.457333,45.432007,PM*,F,6095.368972401694,18.355726885249133,8.52018745563199e-07
HD 101730, ,11,42,25.5,+,2,21,43,266,60,6.946,0.301,2.636,-0.009,3.807,-0.22,79,2.47,1.64,2.0,1.8,2.3,1.47,1.41,1.54,15.0,0.4,0.3,2,807,0.545,12,-55,-33,1,12.7,1.0,-13,-25,2,8.003,0.068,6.82,8.01,0.08,0.16,175.60625,2.3619444444444446,-2.755383,-39.403774,68.41601,PM*,F,6412.095765851615,39.49999418885736,1.6921901000562706e-07
HD 101805, ,11,42,14.9,-,75,13,38,298,-13,6.468,0.336,2.641,0.008,3.789,-0.02,34,3.79,0.54,3.7,2.5,4.3,1.19,1.14,1.23,-7.4,0.2,0.2,4,1085,0.789,7,43,-6,1,29.1,0.6,3,9,3,7.984,-0.008,7.89,9.07,0.07,0.15,175.5620833333333,-75.22722222222222,15.55293,-29.250801,-7.6483355,*,F,6151.7687270986835,33.128582685145176,1.0482120548131445e-06
HD 101936, ,11,43,47.0,-,21,2,17,282,39,7.326,0.277,2.642,-0.022,3.819,-0.21,88,2.61,1.23,2.0,1.7,2.2,1.45,1.39,1.51,20.0,0.5,0.8,2,362,0.049,12,-121,15,2,11.4,0.8,-44,-33,4,7.985,0.055,6.18,8.34,0.15,0.18,175.9458333333333,-21.03805555555556,14.218826,-66.89439,55.380196,PM*,F,6591.738952443213,68.38884723615668,2.0532846002754932e-07
HD 101941, ,11,43,47.3,-,38,55,11,289,22,7.64,0.315,2.636,0.009,3.795,-0.6,88,2.92,1.78,4.0,3.5,4.7,1.17,1.12,1.24,23.6,0.2,0.4,3,399,0.264,5,111,-64,2,11.4,0.9,57,-9,-2,7.974,0.033,6.49,9.75,0.2,0.1,175.94708333333332,-38.91972222222222,26.563816,-77.14692,32.965378,PM*,F,6237.348354824191,81.59217846073393,3.1510054181030334e-07
HD 101959, ,11,43,56.6,-,29,44,51,286,31,6.977,0.351,2.601,-0.019,3.778,-0.15,32,4.43,0.28,4.8,0.0,8.6,1.03,0.97,1.11,-1.1,0.2,0.4,5,1508,0.178,4,-273,37,2,30.9,0.8,-39,-14,-7,7.992,0.017,7.05,8.51,0.09,0.02,175.98583333333332,-29.7475,7.5605507,-26.366789,16.481218,PM*,F,5997.910762555094,27.429354514056495,2.5377518318416318e-06
HD 102300, ,11,46,27.5,-,24,58,34,285,36,7.697,0.346,2.613,-0.008,3.78,-0.16,53,4.07,0.6,5.4,3.2,7.6,1.07,1.01,1.13,52.2,0.2,0.4,4,762,0.229,5,201,-30,2,18.8,0.9,58,-23,39,7.989,0.031,6.14,9.47,0.21,1.02,176.61458333333334,-24.97611111111111,11.097615,-41.416874,31.152618,PM*,F,6025.595860743575,42.877902357975735,1.5432957135020808e-06
HD 102357, ,11,47,0.9,+,23,43,13,223,75,6.951,0.329,2.636,0.001,3.789,-0.16,39,4.01,0.45,4.1,1.9,6.0,1.11,1.05,1.17,4.4,0.7,0.0,1,0,0.0,14,-73,11,2,25.8,1.1,-13,-4,1,8.007,0.037,7.95,8.12,0.01,0.13,176.75374999999997,23.720277777777778,-7.3822436,-6.884052,37.67111,PM*,F,6151.7687270986835,10.093943357699455,1.4205258785814954e-06
HD 102634, ,11,49,1.2,-,0,19,7,272,59,6.153,0.331,2.649,0.013,3.793,0.02,34,3.49,0.71,3.0,2.3,3.5,1.28,1.23,1.31,1.3,0.1,0.3,12,2931,0.56,7,-207,2,1,29.3,1.0,-29,-15,-7,7.999,0.029,7.2,8.27,0.07,0.03,177.255,-0.3186111111111111,0.6111321,-17.500628,29.143688,PM*,F,6208.690342300638,17.511295292982595,6.925468367376233e-07
HD 103021, ,11,51,20.8,-,68,51,38,298,-7,7.557,0.317,2.63,0.009,3.793,-0.63,74,3.22,1.55,4.9,4.2,5.7,1.11,1.08,1.15,-11.4,0.3,0.5,3,799,0.113,6,-16,24,2,13.6,0.7,-11,6,8,7.966,-0.008,7.96,8.73,0.05,0.23,177.83666666666664,-68.86055555555555,34.48195,-64.851105,-9.018332,*,F,6208.690342300638,73.44842200839665,4.769239694453286e-07
HD 103026, ,11,51,41.6,-,30,50,5,288,30,5.87,0.347,2.628,0.005,3.782,-0.11,31,3.38,1.2,4.9,2.9,5.6,1.19,1.15,1.3,33.0,0.2,0.2,4,1509,0.736,4,-11,-293,1,31.8,0.8,25,-45,-19,7.992,0.016,5.61,8.28,0.19,0.17,177.9233333333333,-30.834722222222226,8.296117,-25.53281,15.5,PM*,F,6053.408747539136,26.846786470149254,5.949070970334081e-07
HD 103051, ,11,51,46.9,-,41,14,50,291,20,7.355,0.297,2.651,-0.002,3.809,-0.19,132,1.76,2.28,1.5,1.2,1.7,1.68,1.57,1.78,-2.8,0.4,0.1,2,1034,0.857,17,-9,33,2,7.6,0.9,-13,5,17,7.956,0.046,7.94,8.67,0.04,0.4,177.94541666666663,-41.24722222222222,44.451736,-115.80079,45.146656,*,F,6441.692655151775,124.03942840096369,6.345256021881855e-08
HD 103721, ,11,56,45.5,-,10,43,28,282,50,7.422,0.285,2.651,-0.014,3.812,-0.19,61,3.5,0.47,2.5,1.4,3.2,1.24,1.19,1.3,9.2,0.3,0.5,2,718,0.337,11,68,-85,2,16.4,0.9,30,-13,-3,7.992,0.047,6.88,8.8,0.12,0.08,179.1895833333333,-10.724444444444444,8.152218,-38.35321,46.72871,PM*,F,6486.344335482381,39.21004177023564,7.021811229241964e-07
HD 103773, ,11,57,0.2,-,4,46,57,278,55,6.731,0.303,2.652,-0.004,3.806,-0.03,50,3.24,0.72,2.4,1.8,2.9,1.33,1.28,1.38,14.7,0.5,0.9,3,1491,0.016,12,-156,6,1,20.0,0.9,-32,-23,5,7.996,0.041,6.77,8.22,0.1,0.19,179.2508333333333,-4.7825,3.9913259,-28.399721,40.957603,PM*,F,6397.348354826482,28.678822069915142,4.9028561355697e-07
HD 103774, ,11,56,55.5,-,12,6,28,283,49,7.135,0.307,2.654,-0.002,3.806,0.11,53,3.51,0.32,1.8,0.6,2.7,1.32,1.27,1.38,-3.4,0.3,0.1,2,447,0.839,9,-124,-19,2,18.8,0.8,-26,-15,-12,7.992,0.04,7.26,8.18,0.06,0.08,179.23125,-12.107777777777777,7.8218074,-33.879944,39.999607,PM*,F,6397.348354826482,34.77112705170528,7.119494353822096e-07
HD 103799, ,11,57,14.5,+,40,20,37,160,73,6.62,0.326,2.626,-0.001,3.79,-0.48,46,3.29,1.43,5.0,4.3,5.9,1.12,1.08,1.19,30.6,0.2,0.3,3,626,0.511,9,-160,-61,1,21.6,0.8,-34,-24,25,8.013,0.044,6.76,8.27,0.1,0.57,179.3104166666666,40.34361111111112,-12.638021,4.5998645,43.990017,PM*,F,6165.9500186148225,13.449101390606037,5.253505000065582e-07
HD 103868, ,11,57,30.9,-,27,3,21,288,34,7.01,0.279,2.663,-0.004,3.816,-0.27,55,3.32,0.64,2.5,1.8,3.1,1.26,1.21,1.31,-11.2,0.5,0.6,2,354,0.468,25,-68,-64,2,18.3,0.9,-12,-6,-23,7.986,0.031,7.92,8.01,0.01,0.24,179.37874999999997,-27.05583333333333,14.090275,-43.365387,30.75561,PM*,F,6546.361740672747,45.597068318428036,5.475819826973227e-07
HD 103891, ,11,57,45.3,-,8,32,55,281,52,6.591,0.356,2.606,-0.015,3.777,-0.26,57,2.79,2.04,3.4,3.2,3.8,1.35,1.29,1.4,12.2,0.2,0.5,4,4043,0.036,4,-109,22,1,17.4,0.8,-27,-16,7,7.993,0.045,7.16,8.2,0.07,0.22,179.43874999999997,-8.54861111111111,6.6959996,-34.447956,44.916615,PM*,F,5984.115950603199,35.09270698052711,2.632989637829915e-07
HD 103933, ,11,58,3.6,-,31,39,3,290,30,7.099,0.286,2.666,-0.008,3.817,0.16,53,3.47,0.08,0.7,0.0,1.8,1.37,1.32,1.42,15.2,0.3,0.2,2,727,0.679,17,-91,-37,2,18.8,0.9,-12,-26,-5,7.984,0.026,6.76,7.99,0.08,0.05,179.515,-31.65083333333333,15.698497,-43.131275,26.5,PM*,F,6561.452663029057,45.899343036525416,6.736730127720424e-07
HD 103975, ,11,58,15.6,-,47,58,37,294,14,6.768,0.334,2.633,0.001,3.788,-0.1,36,4.0,0.43,3.9,1.8,5.8,1.13,1.07,1.19,-2.2,0.2,0.5,4,1174,0.107,4,-129,-85,1,27.9,0.8,-16,-10,-19,7.986,0.009,7.65,8.04,0.03,0.17,179.56499999999997,-47.97694444444445,14.207573,-31.91073,8.709188,PM*,F,6137.620051647939,34.930642989833856,1.4010355328531804e-06
HD 104138, ,11,59,35.2,-,46,37,59,294,15,6.655,0.354,2.632,0.016,3.782,-0.09,96,1.74,2.82,0.0,0.0,0.0,0.0,0.0,0.0,11.5,0.8,1.2,2,1125,0.02,19,37,-9,1,10.4,0.8,20,-3,3,7.963,0.025,7.34,8.82,0.09,0.16,179.89666666666665,-46.63305555555556,37.716232,-84.71204,24.846628,*,F,6053.408747539136,92.72887294278641,6.172330179439641e-08
HD 104638, ,12,2,59.8,-,10,45,8,284,50,7.441,0.293,2.654,-0.014,3.811,0.07,58,3.62,0.14,1.0,0.0,2.4,1.29,1.24,1.35,-12.7,0.4,0.5,2,445,0.426,17,33,-19,2,17.2,1.0,9,8,-11,7.991,0.045,7.81,9.1,0.08,0.08,180.74916666666664,-10.752222222222224,9.019258,-36.174255,44.430576,*,F,6471.426157485831,37.2816810199807,8.28798869352533e-07
HD 104731, ,12,3,39.5,-,42,26,2,294,20,5.16,0.267,2.677,-0.003,3.824,-0.12,24,3.24,0.41,1.7,0.9,2.4,1.34,1.29,1.39,39.2,0.4,0.1,2,726,0.979,15,325,-111,1,41.3,0.8,51,-20,9,7.991,0.008,6.29,9.26,0.19,0.26,180.91458333333333,-42.43388888888889,9.172978,-20.602846,8.208483,PM*,F,6668.067692136218,22.552622656538198,4.9028561355697e-07
HD 104755, ,12,3,44.4,+,5,33,27,273,66,6.402,0.298,2.643,-0.004,3.808,-0.26,65,2.33,1.8,1.9,1.7,2.1,1.51,1.46,1.58,11.2,1.4,2.4,3,4044,0.262,40,-150,-84,1,15.3,0.8,-28,-46,-8,7.999,0.06,5.68,8.07,0.17,0.06,180.935,5.5575,1.3836569,-26.401648,59.380455,PM*,F,6426.877173170194,26.437880465968174,1.3945983593040382e-07
HD 104904, ,12,4,28.1,+,85,35,13,124,31,6.275,0.372,2.603,0.0,3.768,-0.49,76,1.86,3.36,0.0,0.0,0.0,0.0,0.0,0.0,7.1,0.3,0.3,3,373,0.606,13,-55,92,1,13.1,0.5,-24,14,-28,8.036,0.04,7.95,9.47,0.09,0.35,181.11708333333328,85.58694444444444,-36.42846,54.00742,39.142895,PM*,F,5861.3816451402845,65.1447166931287,7.285328680848555e-08
HD 104954, ,12,4,59.2,+,76,45,44,126,40,7.32,0.296,0.0,0.0,3.806,-0.27,60,3.45,0.73,3.1,2.3,3.6,1.22,1.16,1.27,-1.7,0.7,0.0,1,0,0.0,17,-107,-74,1,16.8,0.6,-22,-28,9,8.027,0.038,6.65,8.08,0.1,0.25,181.24666666666664,76.76222222222222,-27.016176,37.184578,38.567253,PM*,F,6397.348354826482,45.96266535679867,6.553135529074679e-07
HD 104956, ,12,5,7.1,+,33,44,59,177,78,7.513,0.356,2.602,-0.021,3.778,0.01,51,3.99,0.57,4.2,2.7,6.8,1.12,1.06,1.19,-8.0,0.3,0.0,1,0,0.0,5,-103,-55,2,19.7,0.9,-14,-23,-11,8.011,0.05,6.94,8.02,0.07,0.07,181.2795833333333,33.749722222222225,-10.588963,0.55494505,49.88553,PM*,F,5997.910762555094,10.603494774077483,1.3818126046934837e-06
HD 105123, ,12,6,5.9,+,49,9,30,142,66,7.705,0.33,0.0,0.0,3.791,-0.05,55,4.02,0.3,3.1,0.0,5.1,1.15,1.09,1.21,1.1,0.9,1.3,2,732,0.051,15,-126,6,1,18.3,0.8,-29,-13,-5,8.017,0.05,7.28,8.31,0.07,0.06,181.5245833333333,49.15833333333333,-17.628206,13.772664,50.245003,PM*,F,6180.164001384158,22.370514532199117,1.4402873620273783e-06
HD 105241, ,12,7,1.3,-,23,45,58,290,38,6.936,0.334,2.641,0.017,3.789,-0.26,78,2.47,2.09,2.2,1.9,2.9,1.45,1.39,1.53,9.6,0.4,0.5,2,849,0.133,10,-106,35,1,12.8,0.8,-37,-18,9,7.979,0.048,6.9,8.36,0.1,0.26,181.75541666666663,-23.766111111111112,21.02221,-57.758057,48.0216,PM*,F,6151.7687270986835,61.46483923105428,1.6921901000562706e-07
HD 105405, ,12,8,6.9,+,39,39,19,156,75,7.336,0.337,0.0,0.0,3.784,-0.36,46,4.03,0.73,5.5,3.6,7.1,1.04,0.99,1.1,2.0,0.2,0.2,4,1121,0.847,4,-149,-8,2,21.8,0.9,-28,-16,-3,8.011,0.044,7.16,8.23,0.07,0.07,182.02875,39.655277777777776,-10.876378,4.842475,44.432587,PM*,F,6081.350012787177,11.90567774318241,1.4603237550922028e-06
HD 105485, ,12,8,33.4,+,65,20,58,130,51,7.714,0.351,0.0,0.0,3.78,-0.04,53,4.08,0.48,4.5,2.3,6.9,1.1,1.05,1.17,5.6,0.2,0.4,3,1500,0.317,8,18,5,1,18.8,0.7,1,6,4,8.021,0.041,7.93,8.85,0.05,0.19,182.13916666666665,65.34944444444444,-21.439528,25.550632,41.188736,*,F,6025.595860743575,33.353982617705604,1.5647650954783726e-06
HD 105491, ,12,8,42.8,-,18,26,7,289,43,7.129,0.293,2.658,0.003,3.811,-0.22,115,1.83,2.19,1.5,1.3,1.7,1.67,1.57,1.76,-12.1,0.6,0.8,2,362,0.03,11,-120,-6,2,8.7,0.8,-58,-24,-22,7.973,0.079,6.34,8.77,0.16,0.25,182.1783333333333,-18.435277777777777,27.38213,-79.523476,78.42981,PM*,F,6471.426157485831,84.10567328343241,6.989548937207234e-08
HD 105584, ,12,9,20.5,+,53,23,40,137,63,7.506,0.245,2.684,-0.003,3.832,-0.49,58,3.7,0.12,0.0,0.0,1.5,1.2,1.16,1.25,-19.2,2.5,5.0,4,778,0.029,90,75,-111,1,17.3,0.8,35,-22,-1,8.019,0.051,6.5,8.79,0.15,0.12,182.33541666666665,53.394444444444446,-19.257605,17.958006,51.67838,PM*,F,6792.036326171843,26.33145134306237,9.256549969819284e-07
HD 105678, ,12,9,47.0,+,74,39,40,127,42,6.366,0.33,0.0,0.0,3.793,-0.11,72,2.08,2.25,1.6,1.5,1.8,1.66,1.6,1.71,-16.8,1.0,2.0,4,1583,0.013,30,-7,1,1,13.9,0.5,5,-11,-12,8.032,0.048,7.47,8.27,0.05,0.08,182.4458333333333,74.66111111111111,-32.200977,42.73213,48.177406,*,F,6208.690342300638,53.506428156731126,9.873000293783304e-08
HD 105704, ,12,10,5.7,-,17,32,14,289,44,6.63,0.293,2.669,0.006,3.816,0.15,74,2.28,1.3,1.5,1.3,1.6,1.67,1.6,1.74,6.9,0.3,0.4,3,1124,0.576,20,-88,-42,1,13.5,0.8,-19,-27,-10,7.983,0.052,6.66,8.02,0.09,0.07,182.52374999999995,-17.537222222222223,17.330366,-50.331036,51.40472,PM*,F,6546.361740672747,53.23114474184499,1.3015149167049192e-07
HD 105919, ,12,11,28.6,-,44,16,58,295,18,6.589,0.292,2.652,-0.017,3.812,0.1,42,3.46,0.25,1.4,0.0,2.4,1.34,1.29,1.4,9.5,0.5,0.8,2,993,0.096,12,143,-38,1,23.7,0.7,31,4,0,7.983,0.013,7.31,9.43,0.13,0.12,182.86916666666664,-44.282777777777774,16.881218,-36.201897,12.978714,PM*,F,6486.344335482381,39.944372163824696,6.644298725204366e-07
HD 105938, ,12,11,38.1,-,54,25,3,297,8,6.794,0.355,2.63,0.017,3.778,-0.22,53,3.18,1.59,4.5,4.1,5.0,1.19,1.15,1.28,22.1,0.2,0.2,4,3281,0.841,6,61,0,2,18.9,0.7,23,-12,6,7.976,0.007,7.02,8.63,0.1,0.2,182.90875,-54.4175,23.827318,-46.76378,7.3761744,PM*,F,5997.910762555094,52.48420908198507,4.512831830352533e-07
HD 105989, ,12,11,49.2,-,19,55,45,290,42,7.439,0.295,2.66,0.003,3.81,-0.13,104,2.35,1.62,1.8,1.6,2.1,1.53,1.45,1.61,-5.1,0.7,1.0,2,362,0.314,30,-94,-7,2,9.6,0.9,-40,-20,-13,7.973,0.07,6.76,8.39,0.11,0.11,182.955,-19.929166666666667,26.433727,-72.62608,69.589584,PM*,F,6456.542290346556,77.28705854977875,1.433669842704991e-07
HD 106105, ,12,12,29.9,+,3,24,14,280,65,7.615,0.342,2.625,0.007,3.784,-0.24,64,3.59,1.06,5.8,3.3,7.1,1.11,1.06,1.18,8.9,0.3,0.3,2,312,0.337,6,-83,23,2,15.7,1.1,-25,-10,7,7.995,0.057,7.49,8.24,0.05,0.22,183.1245833333333,3.403888888888889,4.6967607,-26.636656,58.003696,PM*,F,6081.350012787177,27.047569279611807,7.951501586565117e-07
HD 107006, ,12,18,24.5,-,31,29,42,295,31,7.501,0.315,2.619,-0.027,3.797,-0.13,60,3.6,0.66,3.3,2.4,4.0,1.21,1.14,1.26,1.0,0.3,0.1,2,992,0.814,6,-205,-64,2,16.6,0.8,-44,-37,-22,7.978,0.031,6.0,8.31,0.16,0.23,184.60208333333333,-31.495,21.73527,-46.611446,30.902285,PM*,F,6266.138646723356,51.430038500703226,8.062117992321641e-07
HD 107113, ,12,16,51.3,+,86,26,8,124,31,6.333,0.296,2.635,-0.001,3.803,-0.69,40,3.34,1.26,4.7,2.8,5.5,1.09,1.06,1.2,-11.6,0.2,0.6,7,1058,0.105,6,211,-10,1,25.2,0.5,40,10,1,8.019,0.02,7.29,10.06,0.16,0.14,184.21375,86.43555555555555,-19.172873,28.42496,20.601522,PM*,F,6353.309318517436,34.28669435912026,5.629232027732556e-07
HD 107145, ,12,19,45.4,-,76,48,3,301,-14,6.841,0.292,2.676,0.018,3.811,-0.15,56,3.11,0.85,2.4,1.9,2.8,1.34,1.29,1.38,1.7,0.5,0.9,3,1691,0.079,16,-157,-55,2,17.9,0.6,-35,-18,-20,7.972,-0.014,6.94,8.32,0.09,0.19,184.93916666666664,-76.80083333333333,27.985388,-46.575527,-13.5476265,PM*,F,6471.426157485831,54.336559118500254,4.096841384835628e-07
HD 107213, ,12,19,29.5,+,28,9,24,203,83,6.362,0.342,2.643,0.017,3.788,-0.01,50,2.88,1.47,2.5,2.3,2.7,1.43,1.38,1.47,-9.8,0.1,0.4,22,4747,0.47,9,-203,-125,1,20.1,0.8,-26,-48,-15,8.006,0.049,5.58,8.06,0.18,0.13,184.87291666666664,28.156666666666663,-5.6090655,-2.3809068,49.627308,PM*,F,6137.620051647939,6.093466416874429,2.981598422274054e-07
HD 107263, ,12,20,4.7,-,37,48,12,296,25,7.666,0.35,2.633,0.015,3.78,-0.2,63,3.67,1.04,6.3,3.7,7.6,1.1,1.06,1.16,13.4,0.2,0.1,2,355,0.745,5,-155,-121,2,15.9,0.8,-23,-45,-32,7.975,0.026,5.74,8.02,0.17,0.4,185.0195833333333,-37.80333333333333,25.029839,-51.318798,26.62495,PM*,F,6025.595860743575,57.09738933200646,8.8807398867034e-07
HD 107569, ,12,21,45.1,+,21,52,21,249,81,7.421,0.339,2.638,0.012,3.79,-0.07,94,2.56,1.8,2.3,1.9,2.7,1.46,1.36,1.55,-3.9,1.2,0.0,1,0,0.0,29,-4,8,1,6.5,0.9,-3,3,-4,8.005,0.093,7.96,8.58,0.04,0.11,185.43791666666664,21.8725,-5.269742,-13.728153,92.842705,*,F,6165.9500186148225,14.704841567931734,1.9162366839673378e-07
HD 107746, ,12,22,54.8,-,14,39,46,293,48,7.473,0.29,2.656,-0.012,3.815,0.08,81,2.92,0.74,1.8,1.4,2.2,1.44,1.39,1.5,16.8,0.3,0.3,2,716,0.374,7,-38,-12,2,12.3,0.9,-6,-20,8,7.979,0.06,7.09,7.99,0.06,0.24,185.72833333333327,-14.662777777777778,21.177467,-49.890972,60.194733,*,F,6531.305526474723,54.19957744891442,3.1510054181030334e-07
HD 107830, ,12,23,27.5,-,6,7,7,290,56,7.185,0.312,2.638,-0.002,3.799,-0.25,62,3.23,1.09,2.9,2.5,4.6,1.26,1.16,1.32,-29.4,0.2,0.1,2,354,0.877,7,-30,55,2,16.2,0.9,-21,22,-17,7.988,0.051,7.95,9.94,0.11,0.17,185.8645833333333,-6.118611111111111,11.857822,-32.579105,51.400333,PM*,F,6295.061828571975,34.66995854027964,4.835586427513509e-07
HD 107892, ,12,24,2.2,-,19,34,18,294,43,7.443,0.282,2.672,0.001,3.818,0.01,82,2.87,0.79,1.8,1.4,2.2,1.44,1.39,1.49,7.3,1.3,1.9,2,2011,0.122,35,-55,-49,2,12.2,0.9,-9,-26,-11,7.975,0.056,6.75,7.98,0.08,0.08,186.00916666666663,-19.571666666666665,24.392405,-54.786236,55.923862,PM*,F,6576.578373554205,59.971001965380914,2.9406893582792726e-07
HD 108147, ,12,25,46.2,-,64,1,19,300,-1,6.991,0.345,2.646,0.021,3.783,-0.09,39,4.06,0.48,4.4,2.3,6.6,1.1,1.05,1.17,-5.4,0.2,0.3,5,1393,0.651,6,-182,-61,1,25.9,0.7,-31,-11,-14,7.981,-0.001,7.31,8.34,0.07,0.1,186.4425,-64.02194444444444,19.497026,-33.769848,-0.6806438,PM*,F,6067.363295885053,38.99405924993935,1.5221209024896846e-06
HD 108163, ,12,25,36.1,-,26,48,41,296,36,7.705,0.306,2.621,-0.028,3.801,-0.25,65,3.63,0.64,3.3,2.4,4.2,1.17,1.1,1.23,7.6,0.3,0.1,2,970,0.888,9,-130,-45,2,15.3,0.9,-27,-32,-10,7.977,0.038,6.35,8.08,0.12,0.06,186.40041666666664,-26.81138888888889,23.052221,-47.264084,38.20604,PM*,F,6324.118513762197,52.58610585879027,8.403286101222213e-07
HD 108435, ,12,28,2.6,-,68,43,57,301,-6,7.433,0.306,2.643,0.018,3.797,-0.71,49,3.99,0.76,4.3,1.5,6.5,1.03,0.98,1.1,-13.1,0.2,0.2,3,793,0.767,7,0,-155,2,20.5,0.6,-5,15,-35,7.975,-0.005,7.96,9.44,0.09,0.49,187.01083333333327,-68.7325,25.098608,-41.77112,-5.121895,PM*,F,6266.138646723356,48.73157692494738,1.3818126046934837e-06
HD 108846, ,12,30,12.5,+,39,14,49,142,77,7.653,0.309,0.0,0.0,3.8,-0.21,65,3.58,0.68,3.3,2.4,4.0,1.19,1.12,1.25,-0.2,0.4,0.6,2,730,0.28,11,-122,-113,1,15.3,0.8,-16,-49,4,8.011,0.064,5.6,8.02,0.18,0.18,187.5520833333333,39.246944444444445,-11.52215,9.00209,63.334053,PM*,F,6309.57344480193,14.621818115084048,7.842402894793196e-07
HD 108954, ,12,30,50.1,+,53,4,35,130,64,6.21,0.36,2.604,-0.012,3.774,-0.06,22,4.5,0.22,4.2,0.0,8.7,1.04,0.98,1.11,-22.1,0.2,0.1,5,814,0.988,5,19,182,1,45.6,0.6,0,9,-28,8.006,0.02,7.95,9.02,0.06,0.34,187.70875,53.07638888888889,-6.1991506,7.38786,19.77347,PM*,F,5942.921586155727,9.644166295801849,2.795433400634297e-06
HD 108956, ,12,31,3.2,+,23,46,23,248,84,7.138,0.388,2.577,0.0,3.758,-0.42,65,3.09,2.31,4.8,4.0,5.6,1.18,1.1,1.26,-47.0,0.2,0.4,4,2473,0.278,2,-61,39,2,15.5,0.9,-20,5,-47,8.002,0.064,7.92,8.93,0.06,0.8,187.7633333333333,23.773055555555555,-2.5452087,-6.299608,64.64392,PM*,F,5727.960309858292,6.79434678833953,3.985191083353441e-07
HD 109034, ,12,31,49.1,-,15,42,56,296,47,7.531,0.253,2.684,-0.003,3.836,-0.01,130,1.96,1.35,1.2,1.1,1.4,1.7,1.61,1.79,-0.8,0.7,1.5,6,1765,0.565,55,36,-52,2,7.7,0.8,33,-8,-20,7.961,0.095,6.97,9.01,0.13,0.22,187.9545833333333,-15.715555555555556,38.865875,-79.68689,95.07598,PM*,F,6854.882264526614,88.65978049480906,8.364676508711352e-08
HD 109135, ,12,32,43.7,-,45,27,35,300,17,7.346,0.271,2.69,0.021,3.833,-0.17,85,2.6,0.91,1.7,1.4,1.9,1.47,1.41,1.54,14.9,0.4,0.6,2,1031,0.1,7,52,-43,2,11.7,0.9,29,-6,-10,7.96,0.025,7.1,8.96,0.12,0.06,188.1820833333333,-45.45972222222223,40.642944,-70.39566,24.851593,PM*,F,6807.693586937417,81.28590187617246,2.025112479414196e-07
HD 109154, ,12,31,54.8,+,68,30,53,126,49,7.377,0.356,2.604,-0.004,3.774,-0.56,86,2.7,2.44,3.5,3.1,4.0,1.25,1.18,1.3,-3.2,0.3,0.7,6,1058,0.026,7,60,-36,1,11.6,0.6,27,1,9,8.033,0.065,7.37,9.27,0.11,0.28,187.97833333333327,68.51472222222222,-33.163475,45.64561,64.90503,PM*,F,5942.921586155727,56.42107572838118,2.3251402271779487e-07
HD 109344, ,12,33,39.0,+,44,5,46,134,73,7.482,0.335,0.0,0.0,3.788,-0.14,54,3.82,0.65,3.8,2.8,5.3,1.13,1.07,1.2,-29.8,0.4,0.0,1,0,0.0,7,-141,-67,1,18.5,0.8,-17,-39,-26,8.011,0.052,6.1,8.02,0.14,0.29,188.4125,44.09611111111112,-10.967318,11.356993,51.640457,PM*,F,6137.620051647939,15.788076327253204,1.0925696944319081e-06
HD 109475, ,12,35,29.8,-,61,44,26,301,1,6.614,0.309,2.67,0.032,3.82,-0.13,83,1.87,1.87,1.4,1.2,1.5,1.71,1.65,1.78,15.9,2.2,2.6,2,381,0.401,27,-12,-17,2,12.0,0.6,5,-16,-6,7.957,0.002,7.17,8.11,0.06,0.01,188.87416666666667,-61.74055555555556,42.741634,-71.134056,1.4485496,*,F,6606.934480075957,82.98735566338459,7.386677698346324e-08
HD 109756, ,12,37,6.8,-,2,19,19,296,60,6.961,0.308,2.623,-0.025,3.8,-0.25,47,3.62,0.68,3.4,2.5,4.2,1.18,1.1,1.23,-26.5,0.3,0.1,2,683,0.861,7,156,-146,1,21.5,0.9,39,6,-37,7.99,0.04,7.22,9.85,0.15,0.57,189.2783333333333,-2.321944444444444,10.301717,-21.12166,40.703197,PM*,F,6309.57344480193,23.49999775114221,8.28798869352533e-07
HD 109839, ,12,37,39.1,+,38,41,3,136,78,7.34,0.322,0.0,0.0,3.795,-0.11,53,3.73,0.55,3.5,2.3,4.3,1.19,1.12,1.24,-15.1,0.3,0.2,2,730,0.678,8,11,-76,1,19.0,0.9,14,-17,-11,8.008,0.051,7.03,8.35,0.09,0.07,189.41291666666663,38.68416666666666,-7.926633,7.654662,51.841824,PM*,F,6237.348354824191,11.019317630912225,9.648263369592704e-07
HD 110223, ,12,40,40.6,-,8,26,54,298,54,7.264,0.336,2.62,-0.007,3.787,-0.17,58,3.43,1.09,3.3,2.8,5.8,1.18,1.12,1.27,0.2,0.2,0.2,3,1395,0.821,10,-61,-148,2,17.1,0.9,4,-37,-24,7.984,0.048,6.14,8.05,0.13,0.26,190.16916666666663,-8.448333333333334,16.005013,-30.101048,46.922985,PM*,F,6123.503917247734,34.091546339649554,6.37454439294158e-07
HD 110345, ,12,40,48.6,+,63,46,17,125,53,7.552,0.257,0.0,0.0,3.83,-0.09,76,3.14,0.36,1.5,0.6,2.1,1.38,1.33,1.43,2.9,1.2,0.0,1,0,0.0,26,-103,29,2,13.1,0.7,-37,-11,-5,8.026,0.061,7.23,8.55,0.08,0.07,190.2025,63.771388888888886,-26.234207,37.466324,60.6963,PM*,F,6760.829753919819,45.73793885814953,4.2702091808739836e-07
HD 110892, ,12,45,42.6,-,50,10,47,302,13,7.14,0.284,2.654,-0.019,3.815,0.02,49,3.69,0.03,0.2,0.0,2.0,1.27,1.23,1.32,-2.6,0.5,0.7,2,1352,0.11,9,-247,-86,1,20.4,0.8,-47,-32,-21,7.975,0.011,6.16,8.4,0.15,0.21,191.4275,-50.17972222222222,25.30054,-40.48932,11.022601,PM*,F,6531.305526474723,47.74413428217125,9.129545342952947e-07
HD 110897, ,12,44,59.4,+,39,16,44,129,78,5.957,0.376,2.574,0.0,3.76,-0.62,17,4.76,0.72,11.4,4.1,0.0,0.83,0.8,0.92,80.3,0.1,0.3,23,5094,0.839,3,-360,139,1,57.6,0.6,-42,7,75,8.002,0.017,7.58,10.05,0.14,2.31,191.2475,39.278888888888886,-2.2243316,2.7468214,16.62851,PM*,F,5754.399373371566,3.534498390190116,4.0035858896135255e-06
HD 111097, ,12,47,3.5,-,22,7,45,302,41,7.424,0.322,2.641,0.007,3.794,-0.22,88,2.71,1.7,2.4,2.2,2.7,1.41,1.35,1.47,37.5,0.3,0.5,2,974,0.161,6,64,20,2,11.4,0.9,34,-5,31,7.965,0.057,7.06,9.22,0.13,0.78,191.7645833333333,-22.129166666666663,35.1943,-56.32264,57.733192,PM*,F,6223.002851691595,66.41444518370683,2.3574861497700883e-07
HD 111213, ,12,47,43.0,-,12,34,48,302,50,7.667,0.306,2.66,0.012,3.804,-0.16,79,3.17,0.96,2.6,2.2,3.1,1.3,1.24,1.36,5.7,0.5,0.7,2,648,0.212,16,-57,-57,1,12.6,0.9,-7,-29,-9,7.973,0.061,6.61,7.98,0.09,0.07,191.92916666666665,-12.58,26.909424,-43.064064,60.51751,PM*,F,6367.955209079156,50.78021965497857,4.4509134563802575e-07
HD 111271, ,12,47,48.8,+,29,31,55,141,87,7.261,0.234,2.707,0.004,3.848,0.11,85,2.62,0.4,0.9,0.5,1.2,1.57,1.51,1.65,-2.1,1.1,2.3,4,1098,0.085,60,-77,13,2,11.8,0.9,-29,-12,-3,8.003,0.085,7.32,8.3,0.06,0.11,191.9533333333333,29.531944444444445,-3.4571784,2.7995687,84.88351,PM*,F,7046.930689671467,4.448557900651204,2.0818486343771062e-07
HD 111470, ,12,49,27.0,+,5,10,19,302,68,7.564,0.359,2.633,0.017,3.776,-0.11,56,3.8,0.92,6.3,3.6,8.1,1.1,1.05,1.16,-6.4,0.2,0.1,4,2117,0.975,4,118,-68,2,17.7,1.2,34,5,-13,7.989,0.052,7.28,9.61,0.14,0.1,192.3625,5.171944444444445,11.116634,-17.790327,51.922295,PM*,F,5970.352865838366,20.977971452380352,1.0627941370414843e-06
HD 111545, ,12,50,5.1,-,7,37,55,302,55,6.992,0.281,2.651,-0.02,3.815,-0.1,49,3.56,0.27,1.7,0.0,2.8,1.27,1.22,1.32,-27.0,0.5,0.7,2,687,0.329,17,-241,12,1,20.6,0.9,-56,-15,-21,7.985,0.04,6.69,8.91,0.14,0.23,192.52125,-7.631944444444445,14.893515,-23.834599,40.13845,PM*,F,6531.305526474723,28.105246815248325,7.628675643650526e-07
HD 111962, ,12,53,9.5,-,14,57,56,304,48,7.625,0.3,2.658,0.01,3.803,-0.35,66,3.53,0.79,3.3,2.5,4.0,1.17,1.1,1.23,-3.7,0.3,0.2,2,648,0.614,10,-9,29,1,15.2,0.9,-7,6,3,7.976,0.049,7.97,8.73,0.05,0.16,193.2895833333333,-14.965555555555556,24.695421,-36.61247,49.04756,*,F,6353.309318517436,44.16261742546677,7.318956230148521e-07
HD 112164, ,12,54,58.5,-,44,9,7,304,19,5.885,0.399,2.628,0.042,3.761,-0.02,40,2.89,2.1,3.4,3.2,3.7,1.32,1.29,1.37,36.3,0.1,0.3,7,1117,0.21,5,-228,-227,1,25.2,0.8,-10,-64,-28,7.979,0.013,4.89,7.98,0.24,0.32,193.74375,-44.151944444444446,21.149092,-31.354818,13.022726,PM*,F,5767.664633922509,37.82074436387507,3.023076588038178e-07
HD 112283, ,12,55,40.9,-,3,33,2,305,59,7.653,0.316,2.634,-0.003,3.795,-0.27,52,4.07,0.36,3.7,0.3,5.9,1.09,1.03,1.16,-8.6,0.3,0.1,2,978,0.768,6,-121,17,2,19.2,0.8,-29,-10,-5,7.985,0.045,7.38,8.34,0.06,0.06,193.92041666666665,-3.5505555555555555,15.36151,-21.938517,44.5727,PM*,F,6237.348354824191,26.781981211990068,1.5432957135020808e-06
HD 112703, ,12,59,36.9,-,64,22,17,304,-2,7.653,0.327,2.638,0.011,3.789,-0.35,63,3.66,0.97,4.0,3.0,7.3,1.09,1.04,1.16,-21.9,0.2,0.1,2,376,0.762,11,-382,-55,2,15.9,0.8,-107,-45,-12,7.965,-0.002,4.93,9.76,0.33,0.09,194.90374999999997,-64.37138888888889,35.20769,-52.197556,-2.1986682,PM*,F,6151.7687270986835,62.961625515144036,8.758891567482405e-07
HD 112848, ,12,59,48.2,-,20,17,30,306,43,7.235,0.326,2.643,0.01,3.795,-0.14,84,2.61,1.7,2.2,2.0,2.5,1.45,1.39,1.52,-20.9,0.2,0.4,3,3305,0.375,11,-126,-25,2,11.9,0.9,-47,-21,-20,7.964,0.057,6.61,8.52,0.13,0.21,194.9508333333333,-20.291666666666668,36.109818,-49.700924,57.287857,PM*,F,6237.348354824191,61.43371063550451,2.0532846002754932e-07
HD 112887, ,12,59,32.9,+,28,3,56,61,88,7.169,0.298,2.641,-0.005,3.806,-0.45,81,2.62,1.72,2.3,2.0,2.5,1.38,1.31,1.44,-7.0,0.8,1.0,2,1204,0.053,9,20,-4,2,12.3,0.9,7,3,-7,7.999,0.081,7.78,8.77,0.06,0.09,194.8870833333333,28.065555555555555,1.3704882,2.4724264,80.95066,*,F,6397.348354826482,2.826858717685799,2.0818486343771062e-07
HD 112945, ,13,0,25.2,-,13,53,32,306,49,7.525,0.273,2.669,0.0,3.82,-0.3,74,3.18,0.72,2.3,1.8,2.8,1.29,1.23,1.34,11.7,0.7,1.0,2,1107,0.082,19,14,35,2,13.5,0.9,3,5,17,7.971,0.056,7.84,8.82,0.06,0.41,195.105,-13.89222222222222,28.536005,-39.27646,55.84851,*,F,6606.934480075957,48.548366517233355,4.512831830352533e-07
HD 112974, ,13,0,15.4,+,21,33,15,323,84,7.486,0.319,2.636,-0.003,3.797,-0.13,65,3.42,0.84,3.1,2.5,3.5,1.24,1.17,1.3,-5.4,0.5,0.0,1,0,0.0,4,24,25,1,15.4,0.9,1,11,-5,7.995,0.065,7.93,9.14,0.07,0.08,195.06416666666664,21.554166666666667,5.426207,-4.08894,64.64392,*,F,6266.138646723356,6.7943471158345305,6.287082365003737e-07
HD 113354, ,13,3,22.2,-,29,39,48,306,33,7.435,0.309,2.655,0.007,3.802,-0.1,59,3.59,0.53,2.8,1.8,3.6,1.23,1.17,1.28,2.6,0.4,0.6,2,968,0.261,13,-124,22,2,17.0,1.0,-29,-18,8,7.971,0.032,7.03,8.19,0.08,0.23,195.8425,-29.66333333333333,29.084524,-40.031433,32.133705,PM*,F,6338.69711256927,49.48156388332997,7.951501586565117e-07
HD 113719, ,13,5,45.7,-,18,15,34,308,44,7.064,0.294,2.644,-0.006,3.807,-0.34,88,2.33,1.89,2.0,1.8,2.2,1.49,1.42,1.55,4.3,0.4,0.6,3,802,0.119,12,-40,-6,2,11.3,0.9,-11,-13,2,7.961,0.062,7.47,7.96,0.03,0.15,196.44041666666664,-18.259444444444444,38.972546,-49.882576,61.12994,*,F,6412.095765851615,63.30190147316186,1.3945983593040382e-07
HD 113870, ,13,6,56.3,-,34,7,19,307,29,7.311,0.31,2.651,0.012,3.797,-0.39,48,3.89,0.6,3.9,2.1,5.3,1.09,1.04,1.16,15.7,0.2,0.1,2,377,0.722,7,-217,-89,2,20.7,0.9,-28,-48,-7,7.975,0.023,5.57,8.05,0.18,0.02,196.7345833333333,-34.121944444444445,25.265251,-33.52811,23.27086,PM*,F,6266.138646723356,41.98174684627953,1.203508466830401e-06
HD 114018, ,13,7,36.6,+,1,28,28,312,64,7.469,0.303,2.634,-0.009,3.802,-0.45,74,3.12,1.31,2.9,2.4,4.7,1.22,1.12,1.3,-17.2,0.3,0.2,2,758,0.696,9,23,-22,1,13.5,1.0,5,5,-19,7.978,0.067,7.81,8.81,0.06,0.2,196.9025,1.474444444444445,21.706245,-24.107218,66.51076,*,F,6338.69711256927,32.439467191980036,4.1538341256420695e-07
HD 114116, ,13,8,39.8,-,23,49,19,308,39,7.532,0.306,2.657,0.006,3.804,-0.11,90,2.76,1.32,2.2,2.0,2.5,1.42,1.36,1.48,-18.1,0.6,0.9,2,967,0.127,17,-118,-2,2,11.1,0.8,-49,-18,-9,7.957,0.057,6.66,8.63,0.13,0.07,197.1658333333333,-23.821944444444444,43.0613,-55.115944,56.638836,PM*,F,6367.955209079156,69.94314005462677,2.5260919213089244e-07
HD 114155, ,13,9,27.5,-,48,31,28,306,14,6.829,0.29,2.69,0.036,3.839,0.17,147,0.84,2.28,0.7,0.7,0.9,2.15,2.08,2.3,-16.3,2.0,0.0,1,0,0.0,13,-16,-6,1,6.8,0.8,-18,5,-8,7.916,0.036,7.87,8.65,0.05,0.04,197.3645833333333,-48.52444444444444,83.83782,-115.39292,35.56252,*,F,6902.398038402419,142.6334674909041,1.780119468520301e-08
HD 114446, ,13,9,33.2,+,56,50,0,118,60,7.031,0.376,0.0,0.0,3.773,0.12,54,3.38,1.21,4.7,2.8,5.2,1.34,1.29,1.37,-31.2,0.3,0.1,2,767,0.974,9,-87,54,1,18.6,0.6,-18,-17,-32,8.013,0.047,7.31,8.06,0.05,0.41,197.3883333333333,56.833333333333336,-12.675732,23.839582,46.765373,PM*,F,5929.2532458,26.999997253158156,5.949070970334081e-07
HD 114537, ,13,10,45.9,+,34,18,2,94,82,6.905,0.305,2.662,0.008,3.81,0.13,79,2.42,1.3,1.6,1.4,1.9,1.61,1.54,1.68,-13.8,0.6,0.1,2,1140,0.993,26,-71,-29,2,12.7,0.8,-15,-26,-10,8.001,0.078,6.77,8.01,0.08,0.09,197.69125,34.300555555555555,-0.76694983,10.967894,78.23118,PM*,F,6456.542290346556,10.99467647713988,1.5792436886436074e-07
HD 114845, ,13,13,20.9,-,13,28,16,311,49,7.57,0.287,2.638,-0.029,3.815,0.02,76,3.17,0.55,1.9,1.2,2.4,1.37,1.32,1.42,-0.9,0.3,0.6,4,710,0.307,16,-166,-51,1,13.2,0.9,-41,-46,-7,7.967,0.057,5.59,8.2,0.19,0.06,198.3370833333333,-13.471111111111112,32.71141,-37.63019,57.35793,PM*,F,6531.305526474723,49.86048078011483,4.4509134563802575e-07
HD 114905, ,13,13,3.6,+,38,16,37,102,78,6.828,0.318,0.0,0.0,3.795,-0.32,61,2.9,1.57,3.7,2.3,4.1,1.34,1.27,1.39,-8.9,0.2,0.1,4,1788,0.96,7,162,-101,2,16.4,0.8,55,2,-7,8.003,0.06,6.84,10.15,0.2,0.07,198.265,38.276944444444446,-2.6368623,12.405465,59.667004,PM*,F,6237.348354824191,12.682610324983823,3.065131772565901e-07
HD 114982, ,13,14,55.5,-,51,48,17,307,11,7.618,0.297,2.653,0.006,3.808,-0.33,115,2.32,1.87,2.0,1.7,2.3,1.47,1.38,1.56,-26.3,0.3,0.2,2,475,0.61,13,-77,-39,1,8.7,1.0,-48,-9,-23,7.933,0.022,7.02,8.82,0.11,0.25,198.73125,-51.80472222222222,67.93718,-90.155655,21.943035,PM*,F,6426.877173170194,112.88712306915889,1.3754637524765194e-07
HD 115386, ,13,16,51.8,+,1,14,24,317,63,7.443,0.256,2.68,-0.006,3.829,-0.23,68,3.26,0.38,1.8,0.8,2.4,1.31,1.26,1.36,-12.3,1.1,0.3,2,773,0.859,29,-27,-3,1,14.6,0.8,-11,-2,-11,7.977,0.061,7.98,8.18,0.01,0.08,199.2158333333333,1.24,22.577883,-21.05421,60.588444,*,F,6745.280276979222,30.871354999186366,5.040216014735024e-07
HD 115503, ,13,17,44.1,-,8,43,59,314,54,7.263,0.322,2.629,-0.016,3.799,0.13,98,2.31,1.65,1.7,1.5,1.9,1.63,1.55,1.71,-3.9,0.4,0.3,2,1034,0.597,21,14,-51,1,10.2,0.9,14,-11,-17,7.96,0.079,7.22,8.4,0.08,0.17,199.43375,-8.733055555555556,40.014374,-41.4361,79.28367,PM*,F,6295.061828571975,57.60295573858929,1.356591682296914e-07
HD 115519, ,13,17,19.9,+,32,29,15,78,82,7.672,0.351,2.609,-0.001,3.776,-0.38,61,3.73,1.23,7.5,6.2,8.8,1.04,0.99,1.1,-8.7,0.3,0.1,2,369,0.789,3,123,-90,1,16.3,0.9,44,-1,-10,7.998,0.061,6.96,9.64,0.16,0.08,199.33291666666665,32.487500000000004,1.7650783,8.304042,60.406353,PM*,F,5970.352865838366,8.489559172471495,9.648263369592704e-07
HD 115693, ,13,18,58.6,-,12,38,53,313,50,7.34,0.253,2.693,0.014,3.835,-0.29,114,2.06,1.52,1.5,1.3,1.7,1.58,1.5,1.67,-22.2,1.4,2.3,3,1415,0.56,110,-91,-1,2,8.8,0.9,-49,-19,-12,7.95,0.087,6.65,8.6,0.13,0.12,199.74416666666664,-12.648055555555556,49.97533,-53.59198,87.32906,PM*,F,6839.116472814293,73.27778605368273,9.603933626126872e-08
HD 115773, ,13,19,58.2,-,41,11,26,309,21,6.727,0.334,2.637,0.015,3.787,-0.32,55,3.03,1.62,4.1,3.7,4.6,1.2,1.14,1.35,-3.7,0.2,0.1,2,581,0.869,5,-329,12,1,18.2,0.9,-71,-46,11,7.968,0.02,5.29,8.76,0.25,0.3,199.9925,-41.19055555555556,32.313667,-39.904057,19.710238,PM*,F,6123.503917247734,51.34692629599301,3.668167426027225e-07
HD 115906, ,13,20,30.5,-,20,52,51,312,41,7.591,0.285,2.669,0.012,3.812,-0.41,85,2.93,1.24,2.5,2.2,2.8,1.3,1.24,1.36,7.4,0.4,0.2,2,718,0.667,12,67,-61,2,11.7,0.9,34,-3,-16,7.957,0.057,7.07,9.2,0.13,0.15,200.12708333333333,-20.88083333333333,42.924946,-47.672966,55.76502,PM*,F,6486.344335482381,64.15031314296192,3.194840269932632e-07
HD 116211, ,13,22,27.4,-,25,50,27,312,37,7.106,0.279,2.659,-0.018,3.82,0.07,70,2.88,0.68,1.6,1.2,2.0,1.46,1.41,1.51,-12.9,0.3,0.1,2,966,0.742,5,-126,6,2,14.3,0.9,-41,-16,-1,7.963,0.042,6.91,8.47,0.1,0.09,200.61416666666665,-25.84083333333333,37.40741,-41.545124,42.12705,PM*,F,6606.934480075957,55.904486860031874,2.981598422274054e-07
HD 117104, ,13,28,26.6,-,25,12,46,313,37,7.344,0.29,2.655,0.005,3.812,-0.35,98,2.39,1.73,2.0,1.8,2.2,1.46,1.4,1.53,-32.9,0.2,0.2,2,386,0.583,8,-47,1,1,10.2,0.8,-35,6,-16,7.946,0.059,7.62,9.09,0.09,0.16,202.1108333333333,-25.212777777777777,53.377476,-57.240334,58.977867,*,F,6486.344335482381,78.26628124909304,1.5151273922022263e-07
HD 117105, ,13,28,30.5,-,27,23,30,313,35,7.202,0.374,2.597,0.001,3.764,-0.33,36,4.44,0.75,9.8,6.2,14.6,0.95,0.87,1.0,-3.9,0.2,0.4,5,1799,0.139,1,-226,213,2,28.0,1.0,-42,-1,32,7.98,0.02,7.41,9.06,0.1,0.78,202.1270833333333,-27.391666666666666,20.111773,-21.567236,20.648752,PM*,F,5807.644175213118,29.48947408624347,2.5730554764783447e-06
HD 117317, ,13,27,12.1,+,70,18,59,119,47,7.425,0.239,2.693,-0.002,3.843,-0.13,120,2.02,1.28,1.3,1.1,1.5,1.67,1.6,1.74,-44.8,0.5,0.6,3,890,0.734,25,-1,-39,2,8.3,0.6,26,-39,-18,8.04,0.087,5.92,8.39,0.17,0.18,201.80041666666665,70.31638888888888,-39.67672,71.578705,87.76244,*,F,6966.265141107687,81.83980156033753,9.087598892331775e-08
HD 117378, ,13,29,3.2,+,42,14,17,98,73,7.646,0.379,0.0,0.0,3.763,-0.22,40,4.64,0.48,9.2,4.0,14.0,0.95,0.88,1.02,-9.6,0.4,0.6,2,458,0.171,11,-134,-15,1,25.0,0.9,-18,-20,-5,8.002,0.038,7.07,8.04,0.06,0.05,202.2633333333333,42.23805555555556,-1.6276112,11.581057,38.25219,PM*,F,5794.286964268809,11.694870647237378,3.391947720547041e-06
HD 117612, ,13,31,51.5,-,26,6,52,314,36,7.529,0.273,2.678,0.002,3.823,-0.03,72,3.24,0.35,1.5,0.6,2.2,1.36,1.31,1.41,-3.4,0.5,0.2,2,966,0.833,22,-103,11,2,13.9,0.9,-31,-17,7,7.959,0.042,7.04,8.22,0.08,0.21,202.9645833333333,-26.114444444444445,40.46331,-41.90099,42.320538,PM*,F,6652.731562017413,58.249226768569216,4.9028561355697e-07
HD 117670, ,13,33,38.1,-,64,45,51,307,-2,7.656,0.322,2.644,0.015,3.795,-0.3,118,2.3,2.15,2.0,1.8,2.4,1.47,1.4,1.57,3.2,0.6,0.6,2,379,0.457,27,-8,-37,2,8.5,0.8,-4,-7,-20,7.929,-0.005,7.74,8.02,0.02,0.18,203.40875,-64.76416666666667,70.97093,-94.18157,-4.1181407,*,F,6237.348354824191,117.9281180750791,1.3379785466273765e-07
HD 117695, ,13,39,56.7,-,83,54,29,304,-21,7.234,0.264,2.664,-0.015,3.826,-0.18,84,2.61,1.05,1.8,1.6,2.1,1.47,1.42,1.52,14.8,0.7,1.0,2,1350,0.141,15,88,16,2,11.9,0.6,37,9,-6,7.956,-0.03,7.27,9.85,0.15,0.04,204.98625,-83.90805555555556,43.85233,-65.013756,-30.102907,PM*,F,6698.846094165266,78.42075819358314,2.0532846002754932e-07
HD 117718, ,13,32,34.4,-,29,33,54,314,32,6.43,0.298,2.674,0.024,3.821,-0.11,47,2.96,0.74,2.0,1.5,2.3,1.4,1.35,1.44,-18.9,0.3,0.1,2,1085,0.864,13,-77,9,1,21.2,0.9,-25,2,-6,7.973,0.025,7.79,8.65,0.05,0.03,203.1433333333333,-29.565,27.687874,-28.671635,24.906206,PM*,F,6622.165037017622,39.85826163059675,3.3300376974783855e-07
HD 117807, ,13,33,29.4,-,43,25,21,311,19,6.65,0.31,2.656,0.012,3.799,-0.26,39,3.68,0.65,3.6,2.6,4.3,1.16,1.09,1.22,-1.8,0.6,0.8,2,1071,0.151,18,-106,-14,1,25.5,0.9,-16,-12,0,7.976,0.013,7.54,8.02,0.03,0.11,203.3725,-43.4225,24.192318,-27.830091,12.697158,PM*,F,6295.061828571975,36.87522495228205,9.004283284894444e-07
HD 118187, ,13,35,31.6,-,22,1,28,316,40,7.111,0.309,2.655,-0.001,3.804,0.12,50,3.63,0.23,1.7,0.0,2.8,1.3,1.25,1.35,-25.8,0.2,0.1,2,966,0.844,8,-131,-37,2,20.1,0.9,-36,-10,-18,7.972,0.032,7.24,8.48,0.08,0.17,203.88166666666663,-22.024444444444445,27.552307,-26.606966,32.139378,PM*,F,6367.955209079156,38.3022226606682,8.403286101222213e-07
HD 118330, ,13,36,14.6,-,0,55,51,326,60,7.066,0.344,2.604,-0.016,3.781,-0.29,50,3.59,1.18,6.3,5.2,7.4,1.09,1.05,1.14,15.7,0.2,0.4,6,3282,0.43,5,-221,-54,1,20.2,0.9,-28,-45,17,7.98,0.043,5.74,8.06,0.17,0.4,204.0608333333333,-0.9308333333333332,20.725935,-13.979827,43.301273,PM*,F,6039.4862937638,24.999998891483056,7.951501586565117e-07
HD 118646, ,13,38,42.0,-,29,33,39,315,32,5.82,0.269,2.682,0.005,3.826,-0.03,49,2.37,1.16,1.5,1.3,1.8,1.58,1.54,1.63,5.8,0.9,0.4,2,715,0.72,35,-77,-74,1,20.4,0.8,-6,-23,-8,7.971,0.026,6.89,7.98,0.07,0.03,204.675,-29.56083333333333,29.383362,-29.383371,25.966043,PM*,F,6698.846094165266,41.55435541247975,1.4738359644331487e-07
HD 119056, ,13,40,40.7,+,19,12,0,0,76,7.659,0.351,2.607,-0.003,3.777,-0.4,61,3.72,1.23,7.4,6.0,8.8,1.04,0.99,1.1,8.4,0.4,0.6,3,2489,0.131,4,-93,-66,1,16.3,1.0,-7,-32,11,7.985,0.06,6.47,7.99,0.1,0.28,205.1695833333333,19.2,14.7572365,0.0,59.188038,PM*,F,5984.115950603199,14.7572365,9.515884233396342e-07
HD 119288, ,13,42,12.7,+,8,23,18,338,68,6.162,0.279,2.661,-0.004,3.816,-0.3,36,3.4,0.58,2.5,1.7,3.2,1.24,1.19,1.29,-12.1,0.5,0.9,4,1336,0.075,15,-377,-86,2,28.0,0.8,-45,-49,-3,7.987,0.033,5.44,8.26,0.21,0.06,205.55291666666665,8.388333333333334,12.503852,-5.051884,33.378616,PM*,F,6546.361740672747,13.485838749864985,6.11574191621451e-07
HD 119629, ,13,45,27.3,-,48,47,29,312,13,6.765,0.337,2.627,0.007,3.786,-0.27,57,2.99,1.64,4.0,3.6,4.4,1.31,1.19,1.38,-22.1,0.4,0.6,2,1206,0.09,4,-142,30,1,17.6,0.8,-44,-5,10,7.963,0.013,7.23,8.84,0.1,0.27,206.36375,-48.79138888888889,37.162914,-41.273582,12.822209,PM*,F,6109.420249055721,55.53909207109997,3.4709563326184744e-07
HD 119638, ,13,44,44.6,-,14,13,30,322,47,6.905,0.348,2.606,-0.018,3.78,-0.06,32,4.35,0.23,3.9,0.0,7.3,1.07,1.01,1.14,18.7,0.2,0.4,7,2100,0.176,4,0,-173,1,30.9,0.8,20,-25,-4,7.983,0.024,6.54,8.33,0.12,0.06,206.1858333333333,-14.225,17.197506,-13.436161,23.403318,PM*,F,6025.595860743575,21.823946367189347,2.2722135739399343e-06
HD 119992, ,13,45,13.2,+,55,52,45,108,60,6.5,0.316,2.643,0.002,3.796,-0.2,34,3.86,0.48,3.7,2.1,4.8,1.14,1.08,1.2,-5.2,0.3,0.3,2,355,0.482,8,105,-360,1,29.7,0.6,50,-28,18,8.005,0.029,6.05,9.06,0.2,0.46,206.30499999999995,55.87916666666667,-5.253287,16.16796,29.444866,PM*,F,6251.726927756856,16.99999867252845,1.1546467831118574e-06
HD 120004, ,13,46,0.3,+,37,31,30,78,75,7.589,0.358,2.634,0.013,3.78,0.08,61,3.68,0.77,3.5,2.9,4.2,1.24,1.15,1.29,-20.4,0.2,0.3,4,2998,0.585,6,-193,-52,2,16.5,0.9,-33,-51,-6,7.997,0.058,5.43,8.11,0.2,0.06,206.50125,37.525,3.2825017,15.44296,58.921474,PM*,F,6025.595860743575,15.787964750787317,9.004283284894444e-07
HD 120419, ,13,48,42.7,+,32,58,36,62,76,7.673,0.395,2.635,0.048,3.79,0.4,81,2.93,1.09,1.9,1.5,2.2,1.46,1.42,1.51,-1.1,0.4,0.0,1,0,0.0,6,-51,-30,2,12.4,0.8,-8,-21,4,7.991,0.078,7.06,7.99,0.06,0.19,207.17791666666665,32.97666666666667,9.199614,17.301952,78.593956,PM*,F,6165.9500186148225,19.595674031767828,3.194840269932632e-07
HD 120691, ,13,51,38.7,-,31,19,10,318,30,7.183,0.323,2.624,-0.015,3.796,-0.02,66,3.09,1.08,2.6,2.2,2.9,1.36,1.3,1.41,-48.4,0.3,0.4,2,1098,0.169,5,-307,-72,2,15.2,0.9,-98,-43,-21,7.958,0.033,5.09,9.51,0.3,0.23,207.91125,-31.319444444444443,42.476433,-38.24595,33.0,PM*,F,6251.726927756856,57.15767710295782,3.985191083353441e-07
HD 120915, ,13,50,59.7,+,53,17,25,104,62,6.882,0.297,0.0,0.0,3.811,0.03,60,3.01,0.78,2.0,1.6,2.4,1.41,1.37,1.45,-1.4,0.3,0.4,2,1246,0.251,9,-90,45,1,16.8,0.6,-27,-8,-1,8.007,0.052,7.51,8.34,0.05,0.11,207.74875,53.290277777777774,-6.8145275,27.33158,52.976852,PM*,F,6471.426157485831,28.168298676786574,3.568199680017084e-07
HD 121343, ,13,53,32.7,+,52,6,39,102,62,7.429,0.299,0.0,0.0,3.807,-0.15,65,3.37,0.68,2.7,2.0,3.2,1.27,1.22,1.32,-18.3,0.8,0.0,1,0,0.0,22,40,-64,2,15.4,0.7,24,-13,-11,8.006,0.058,7.0,8.66,0.11,0.09,208.38625,52.11083333333333,-6.3445597,29.848816,57.39159,PM*,F,6412.095765851615,30.515655889866107,5.867446656604655e-07
HD 121458, ,13,54,38.9,+,37,3,53,74,73,7.448,0.307,2.649,0.006,3.8,-0.33,53,3.84,0.53,3.5,1.9,4.8,1.12,1.06,1.19,-22.9,0.8,1.1,2,693,0.077,14,71,-143,2,19.0,0.8,35,-21,-21,7.996,0.05,6.5,8.78,0.15,0.22,208.6620833333333,37.06472222222222,4.271196,14.895428,50.68415,PM*,F,6309.57344480193,15.495705552623281,1.123179452715063e-06
HD 121496, ,13,55,53.1,-,9,45,19,328,50,6.842,0.314,2.649,0.0,3.801,0.03,62,2.89,1.12,2.2,1.9,2.5,1.43,1.37,1.48,19.3,0.5,0.8,2,973,0.064,10,6,12,1,16.2,1.1,10,-3,17,7.966,0.047,7.6,8.59,0.06,0.4,208.97125,-9.755277777777778,33.797115,-21.118782,47.494755,*,F,6324.118513762197,39.85282845027124,3.023076588038178e-07
HD 121560, ,13,55,49.9,+,14,3,23,355,70,6.16,0.335,2.61,-0.011,3.784,-0.28,24,4.24,0.45,5.9,2.2,7.9,1.03,0.98,1.1,-10.7,0.2,0.4,3,2983,0.372,5,-291,10,1,41.3,0.8,-29,-20,-2,7.992,0.023,6.96,8.19,0.08,0.08,208.95791666666665,14.05638888888889,8.177248,-0.7154188,22.552624,PM*,F,6081.350012787177,8.208483959471288,1.951862183762507e-06
HD 121852, ,13,59,9.6,-,45,28,8,315,16,7.38,0.327,2.642,0.001,3.794,0.05,63,3.39,0.76,2.8,2.2,3.3,1.3,1.26,1.35,6.9,0.2,0.2,2,840,0.544,5,-53,-68,2,15.9,0.9,-7,-22,-13,7.957,0.017,6.93,7.96,0.07,0.08,209.79,-45.46888888888889,42.822014,-42.82203,17.365154,PM*,F,6223.002851691595,60.559484280640106,6.031830791377278e-07
HD 122020, ,13,57,3.8,+,62,47,32,111,53,7.305,0.344,0.0,0.0,3.787,-0.04,122,1.87,2.53,1.5,1.3,1.8,1.73,1.64,1.78,-0.6,0.3,0.3,2,919,0.529,10,-72,29,1,8.2,0.6,-41,-18,1,8.026,0.097,6.9,8.52,0.11,0.16,209.2658333333333,62.79222222222222,-26.311884,68.54481,97.43353,PM*,F,6123.503917247734,73.42142887172352,7.386677698346324e-08
HD 122040, ,13,59,27.6,-,5,25,25,332,54,7.385,0.313,2.636,-0.007,3.798,-0.17,48,3.98,0.29,2.9,0.0,4.8,1.14,1.08,1.2,-4.5,0.2,0.4,3,2568,0.427,7,56,-200,1,20.8,0.9,27,-24,-31,7.975,0.039,6.52,8.51,0.13,0.39,209.865,-5.423611111111112,24.911213,-13.245523,38.832817,PM*,F,6280.58358813318,28.21369193627268,1.3628534249958125e-06
HD 122066, ,14,0,0.1,-,25,0,37,322,35,5.78,0.3,2.659,0.001,3.812,0.11,57,1.98,1.72,1.3,1.2,1.5,1.75,1.7,1.81,-12.9,0.9,1.1,2,996,0.361,40,-195,-92,1,17.4,0.8,-41,-42,-13,7.963,0.033,5.76,8.21,0.18,0.09,210.00041666666664,-25.010277777777777,36.793537,-28.746256,32.69386,PM*,F,6486.344335482381,46.69166519827607,8.599023779510943e-08
HD 122156, ,14,0,36.1,-,26,15,59,322,34,6.745,0.308,2.637,-0.004,3.8,-0.29,44,3.53,0.8,3.4,2.7,3.9,1.18,1.11,1.24,5.7,0.2,0.1,3,2264,0.883,5,-23,-157,2,22.8,0.8,8,-25,-21,7.971,0.025,6.71,8.11,0.09,0.21,210.15041666666664,-26.26638888888889,28.744785,-22.457882,24.604488,PM*,F,6309.57344480193,36.47765245492299,7.318956230148521e-07
HD 122298, ,13,58,37.7,+,66,6,3,113,50,7.457,0.322,0.0,0.0,3.799,-0.01,120,2.05,2.05,1.6,1.4,1.8,1.68,1.6,1.75,-25.8,0.3,0.3,2,919,0.383,6,-26,18,1,8.3,0.6,-11,-20,-22,8.03,0.092,7.18,8.03,0.06,0.25,209.65708333333333,66.10083333333333,-30.138855,71.002686,91.92533,*,F,6295.061828571975,77.13450589668427,9.472162716812682e-08
HD 122457, ,14,1,37.1,+,16,45,27,4,71,7.394,0.336,2.633,0.006,3.79,-0.11,132,1.8,2.6,0.0,0.0,0.0,0.0,0.0,0.0,-30.4,0.2,0.3,3,806,0.42,5,-123,22,1,7.6,0.9,-74,-39,-6,7.957,0.124,5.54,8.91,0.23,0.13,210.4045833333333,16.7575,42.87031,2.997784,124.80845,PM*,F,6165.9500186148225,42.97499492038081,6.705777664368127e-08
HD 122652, ,14,2,31.6,+,31,39,39,54,74,7.174,0.352,2.623,0.006,3.778,-0.18,37,4.32,0.42,5.9,2.2,8.5,1.03,0.98,1.1,1.1,0.3,0.1,2,1078,0.825,3,-95,9,2,26.9,0.8,-13,-9,6,7.994,0.036,7.74,8.01,0.02,0.19,210.63166666666663,31.660833333333333,5.9945774,8.250829,35.56668,PM*,F,5997.910762555094,10.198585068127429,2.1799631377770527e-06
HD 122666, ,14,4,12.2,-,41,48,45,317,19,6.996,0.307,2.646,-0.002,3.801,-0.19,55,3.28,0.94,2.9,2.4,3.3,1.27,1.21,1.32,7.1,0.3,0.4,2,994,0.36,10,-34,-70,2,18.1,0.9,-1,-18,-11,7.962,0.018,7.12,8.02,0.06,0.06,211.0508333333333,-41.8125,38.03297,-35.46631,17.906248,PM*,F,6324.118513762197,52.00351865053941,5.181424209225667e-07
HD 122797, ,14,3,55.7,+,4,54,3,344,62,6.24,0.269,2.675,0.001,3.822,-0.25,63,2.25,1.56,1.7,1.5,1.9,1.55,1.49,1.61,-21.7,1.3,2.2,3,2252,0.195,30,-11,-3,1,15.9,0.8,-12,0,-19,7.971,0.055,7.97,8.32,0.02,0.18,210.9820833333333,4.900833333333334,28.43096,-8.1524515,55.625698,*,F,6637.43070401909,29.57671300164121,1.2486742330141083e-07
HD 122862, ,14,8,27.1,-,74,51,1,308,-13,6.024,0.374,2.613,0.018,3.766,-0.36,29,3.74,1.43,8.4,7.3,9.3,1.02,0.98,1.06,-21.5,0.1,0.3,12,2986,0.223,3,-242,180,2,34.9,0.6,-28,-4,37,7.983,-0.006,7.66,8.62,0.06,0.87,212.11291666666665,-74.85027777777778,17.396582,-22.266607,-6.52358,PM*,F,5834.451042737448,28.256731102078547,9.782484083016166e-07
HD 122882, ,13,49,15.5,+,85,44,52,122,31,7.315,0.281,2.66,-0.009,3.819,-0.07,106,2.18,1.53,1.5,1.4,1.7,1.63,1.57,1.69,-18.8,0.9,1.2,2,838,0.357,30,-43,22,1,9.4,0.5,-13,-24,-14,8.048,0.055,6.93,8.05,0.07,0.11,207.3145833333333,85.74777777777778,-48.148335,77.05342,54.594036,*,F,6591.738952443213,90.85973639059617,1.1335721042347089e-07
HD 122946, ,14,4,32.4,+,19,10,38,11,71,7.649,0.301,2.648,0.002,3.804,-0.32,62,3.68,0.59,3.3,2.1,4.2,1.16,1.1,1.22,6.6,0.6,0.0,1,0,0.0,10,-64,-103,1,16.1,0.9,7,-35,7,7.981,0.059,6.23,8.08,0.13,0.22,211.135,19.177222222222223,19.814365,3.8515224,58.62215,PM*,F,6367.955209079156,20.18522442656823,9.004283284894444e-07
HD 123845, ,14,9,37.1,+,15,37,17,5,69,6.872,0.295,2.652,-0.004,3.807,-0.23,55,3.17,0.95,2.7,2.3,3.1,1.29,1.24,1.34,-1.0,0.3,0.6,5,827,0.485,13,42,-60,2,18.2,0.9,17,-5,-8,7.98,0.051,7.38,8.67,0.08,0.05,212.4045833333333,15.62138888888889,19.635237,1.7178605,51.346924,PM*,F,6412.095765851615,19.710240402989236,4.4509134563802575e-07
HD 123994, ,14,12,43.7,-,58,18,59,313,3,7.527,0.328,2.649,0.015,3.793,-0.1,93,2.69,1.63,2.3,2.0,2.6,1.44,1.38,1.51,-5.9,0.3,0.4,2,624,0.165,5,-1,45,2,10.8,0.8,-1,9,18,7.936,0.005,7.88,8.98,0.06,0.44,213.18208333333328,-58.31638888888889,63.338924,-67.922676,4.8672442,*,F,6208.690342300638,92.87254281260286,2.2932381072814994e-07
HD 124115, ,14,11,31.2,+,1,21,44,343,58,6.42,0.311,2.663,0.012,3.804,0.11,46,3.11,0.76,2.1,1.7,2.5,1.39,1.36,1.45,-25.5,0.6,1.1,3,1109,0.358,30,-128,30,2,21.8,0.9,-36,-9,-10,7.977,0.039,7.28,8.52,0.08,0.06,212.88,1.3622222222222222,23.311157,-7.1269374,39.010212,PM*,F,6367.955209079156,24.37628514319128,4.096841384835628e-07
HD 124245, ,14,12,31.2,-,2,58,19,339,54,7.309,0.248,2.705,0.019,3.837,-0.2,112,2.06,1.4,1.4,1.2,1.6,1.6,1.51,1.7,-0.1,1.4,1.6,3,1082,0.531,80,-20,-42,1,8.9,1.0,3,-23,-7,7.938,0.091,6.81,8.02,0.08,0.09,213.13,-2.9719444444444445,61.459415,-23.592068,90.6099,*,F,6870.684400142324,65.83194790266235,9.603933626126872e-08
HD 124553, ,14,14,21.3,-,5,56,51,337,51,6.36,0.379,2.624,0.025,3.782,0.1,41,3.16,1.22,2.8,2.5,3.1,1.39,1.34,1.43,-33.3,0.1,0.2,8,1744,0.81,4,-307,84,1,24.1,1.1,-68,-19,1,7.976,0.032,6.33,9.15,0.18,0.13,213.58874999999995,-5.947500000000001,23.750992,-10.081696,31.862986,PM*,F,6053.408747539136,25.802135865475943,4.3898446343477515e-07
HD 124694, ,14,13,51.3,+,46,19,30,88,65,7.177,0.344,0.0,0.0,3.783,-0.05,38,4.27,0.23,3.6,0.0,6.6,1.09,1.03,1.16,-14.9,0.5,0.2,2,729,0.774,17,-141,9,1,26.2,0.7,-19,-22,-6,7.999,0.035,6.98,8.05,0.07,0.04,213.46375,46.325,0.5604682,16.049711,34.439693,PM*,F,6067.363295885053,16.05949400780523,2.034459973909334e-06
HD 124772, ,14,15,3.6,+,19,54,2,17,70,7.215,0.309,2.643,-0.001,3.802,-0.18,69,3.02,1.17,2.6,2.2,3.1,1.29,1.2,1.39,3.7,0.5,1.0,4,824,0.061,15,7,-33,2,0.0,0.0,10,-6,1,7.977,0.065,7.5,8.44,0.06,0.14,213.765,19.900555555555552,22.568209,6.8997936,64.83879,*,F,6338.69711256927,23.599390017334812,3.617838282151292e-07
HD 124850, ,14,16,0.8,-,6,0,1,338,51,4.079,0.336,2.622,-0.002,3.789,-0.15,21,2.43,2.03,2.0,1.9,2.1,1.52,1.48,1.57,12.4,0.1,0.6,18,4330,0.125,16,-26,-420,1,46.7,0.9,24,-36,-13,7.988,0.017,6.04,8.31,0.16,0.08,214.0033333333333,-6.000277777777778,12.253409,-4.950699,16.320066,PM*,F,6151.7687270986835,13.215727475620932,1.601213156768543e-07
HD 124986, ,14,16,11.2,+,21,14,33,21,70,7.623,0.309,2.635,-0.015,3.8,-0.08,59,3.78,0.36,2.8,0.9,4.1,1.2,1.14,1.25,-5.8,1.8,0.0,1,0,0.0,40,49,-15,1,17.0,0.9,10,5,-10,7.981,0.055,7.73,8.93,0.07,0.08,214.04666666666665,21.2425,18.838896,7.231575,55.441864,PM*,F,6309.57344480193,20.179189267149486,1.0338300462535406e-06
HD 125027, ,14,17,33.3,-,26,57,30,326,32,7.26,0.305,2.643,-0.009,3.805,-0.06,56,3.52,0.49,2.5,1.4,3.3,1.26,1.21,1.31,-13.1,0.3,0.1,2,718,0.817,9,-133,7,2,17.9,1.1,-34,-16,5,7.961,0.03,7.05,8.31,0.08,0.19,214.38875,-26.95833333333333,39.371563,-26.556469,29.67548,PM*,F,6382.634861905489,47.49069402326028,7.218536386028226e-07
HD 125308, ,14,17,46.7,+,33,15,18,56,70,7.558,0.302,2.644,0.003,3.802,-0.41,106,2.42,1.97,2.1,1.9,2.4,1.43,1.36,1.5,-48.4,0.6,0.0,1,0,0.0,2,-62,30,2,9.4,0.8,-41,-23,-36,7.98,0.1,6.68,8.4,0.11,0.53,214.4445833333333,33.255,20.273054,30.056042,99.607414,PM*,F,6338.69711256927,36.25413602877167,1.5792436886436074e-07
HD 125389, ,14,22,16.9,-,69,5,6,311,-8,7.35,0.285,2.67,0.003,3.813,-0.13,58,3.53,0.37,2.1,0.8,3.1,1.26,1.21,1.31,-10.8,1.6,0.1,2,1352,0.958,40,-102,-45,2,17.2,0.8,-30,-12,-1,7.962,-0.008,7.27,8.3,0.07,0.1,215.57041666666663,-69.085,37.6811,-43.347164,-8.072041,PM*,F,6501.296903430909,57.43554582358294,7.318956230148521e-07
HD 125400, ,14,20,42.4,-,52,19,33,316,8,7.33,0.292,2.663,0.01,3.806,-0.41,50,3.84,0.46,3.1,0.6,4.5,1.13,1.07,1.19,20.0,0.7,1.0,3,499,0.507,30,42,-38,2,20.0,0.8,20,-10,-9,7.964,0.007,7.14,8.58,0.09,0.02,215.17666666666665,-52.325833333333335,35.61695,-34.394905,6.9586554,PM*,F,6397.348354826482,49.513398361065114,1.123179452715063e-06
HD 125406, ,14,17,49.2,+,48,0,7,90,63,6.32,0.31,2.651,0.009,3.804,-0.14,71,2.07,2.04,1.6,1.5,1.8,1.65,1.58,1.71,-14.1,0.5,1.0,4,1020,0.012,8,-11,-40,2,14.1,0.6,7,-17,-7,8.0,0.063,7.13,8.19,0.07,0.06,214.455,48.00194444444445,-1.4089636e-06,32.23333,63.261463,*,F,6367.955209079156,32.23333000000003,9.737537651389374e-08
HD 125408, ,14,18,33.7,+,28,26,21,42,71,7.658,0.297,2.655,0.006,3.805,-0.37,68,3.51,0.78,3.2,2.4,3.8,1.18,1.11,1.23,10.1,0.4,0.2,2,1358,0.659,9,-63,77,2,14.8,0.8,-28,7,16,7.983,0.064,7.8,9.07,0.08,0.41,214.64041666666665,28.439166666666665,16.452211,14.813638,64.295265,PM*,F,6382.634861905489,22.138634049632895,7.119494353822096e-07
HD 126101, ,14,23,48.9,-,12,56,33,335,44,7.665,0.333,2.64,0.021,3.8,-0.22,111,2.35,1.92,2.0,1.8,2.4,1.48,1.4,1.58,2.7,1.0,1.4,2,627,0.028,21,-6,-52,1,9.0,1.0,10,-22,-14,7.928,0.077,6.79,8.12,0.09,0.12,215.95375,-12.9425,72.36569,-33.744698,77.10708,PM*,F,6309.57344480193,79.84671397300771,1.433669842704991e-07
HD 126141, ,14,23,6.8,+,25,20,17,33,69,6.22,0.261,2.685,-0.001,3.828,-0.03,36,3.46,0.02,0.2,0.0,1.6,1.33,1.28,1.37,-7.5,0.5,0.6,2,1059,0.248,9,-156,64,2,28.0,0.8,-27,-11,3,7.989,0.033,7.4,8.28,0.06,0.15,215.7783333333333,25.33805555555556,10.819896,7.026523,33.608894,PM*,F,6729.766562843175,12.901247029661318,6.644298725204366e-07
HD 126326, ,14,23,41.8,+,40,50,39,75,67,6.73,0.374,0.0,0.0,3.769,-0.31,65,2.65,2.41,3.0,2.8,3.3,1.37,1.34,1.4,-13.3,0.3,0.1,2,419,0.833,6,-81,22,1,15.3,0.7,-23,-17,-5,7.993,0.06,7.18,8.11,0.06,0.07,215.92416666666665,40.844166666666666,6.573365,24.53213,59.832813,PM*,F,5874.893525297769,25.39752999329118,2.1699471169699102e-07
HD 126675, ,14,25,15.8,+,53,35,5,96,58,7.114,0.335,2.629,0.0,3.787,-0.16,42,3.98,0.53,4.3,2.5,6.1,1.1,1.05,1.17,-3.5,0.2,0.2,4,1815,0.797,3,84,-74,1,23.6,0.6,22,1,-3,8.002,0.036,7.44,9.09,0.1,0.07,216.3158333333333,53.58472222222223,-2.32645,22.134686,35.61802,PM*,F,6123.503917247734,22.25661011747063,1.3628534249958125e-06
HD 126679, ,14,27,21.3,-,14,50,19,335,42,7.314,0.318,2.627,-0.016,3.796,-0.07,47,3.96,0.26,2.8,0.0,4.5,1.17,1.11,1.22,-37.6,0.3,0.1,2,735,0.933,8,-172,-60,1,21.3,1.0,-46,-23,-20,7.968,0.031,6.55,8.48,0.13,0.2,216.83874999999995,-14.838611111111112,31.65534,-14.761135,31.449139,PM*,F,6251.726927756856,34.92780635831321,1.3257118855796027e-06
HD 126912, ,14,25,32.9,+,65,59,16,109,48,7.271,0.306,2.648,0.007,3.804,-0.29,111,2.04,2.2,1.7,1.5,1.9,1.59,1.52,1.65,-5.0,2.3,4.0,3,2314,0.012,40,-36,10,2,9.0,0.6,-15,-13,0,8.024,0.083,7.52,8.06,0.03,0.13,216.3870833333333,65.98777777777778,-24.18108,70.22697,82.48908,*,F,6367.955209079156,74.27349423143696,9.342199772153155e-08
HD 127170, ,14,30,13.9,-,15,14,54,335,41,7.084,0.281,2.677,0.007,3.819,-0.02,62,3.13,0.54,1.8,1.2,2.3,1.38,1.33,1.43,-16.9,0.2,0.2,2,1109,0.616,4,-51,65,1,16.2,1.0,-27,9,6,7.958,0.041,7.8,9.07,0.08,0.22,217.55791666666664,-15.248333333333331,42.407948,-19.77516,40.67566,PM*,F,6591.738952443213,46.79199724949026,4.2116197144500654e-07
HD 127539, ,14,31,33.7,+,17,38,34,16,65,7.355,0.298,2.645,-0.007,3.81,-0.14,115,2.05,1.92,1.6,1.4,1.9,1.61,1.52,1.71,-22.0,0.9,1.3,2,433,0.313,30,-36,-32,1,8.7,0.9,-11,-28,-16,7.953,0.104,6.62,7.95,0.09,0.16,217.89041666666665,17.642777777777777,46.718376,13.396279,104.225395,*,F,6456.542290346556,48.60110026659085,9.472162716812682e-08
HD 127540, ,14,31,40.7,+,12,51,23,7,63,7.552,0.325,2.658,0.021,3.806,0.06,54,3.8,0.07,0.7,0.0,2.7,1.25,1.2,1.3,-14.8,0.2,0.4,3,1166,0.348,7,-108,75,2,18.5,1.0,-36,-4,2,7.975,0.048,7.41,8.68,0.08,0.15,217.9195833333333,12.856388888888889,24.332754,2.9876866,48.114353,PM*,F,6397.348354826482,24.515488745777347,1.0627941370414843e-06
HD 127740, ,14,32,49.5,+,14,3,39,9,63,7.042,0.301,2.648,0.0,3.808,-0.19,99,2.06,2.0,1.6,1.4,1.9,1.6,1.52,1.69,-14.4,1.2,1.0,2,433,0.538,45,25,-31,1,10.1,0.9,10,-4,-21,7.956,0.088,7.54,8.51,0.06,0.23,218.20625,14.060833333333337,44.391716,7.0309577,88.20965,*,F,6426.877173170194,44.945064418730624,9.603933626126872e-08
HD 127821, ,14,30,46.0,+,63,11,8,106,50,6.09,0.285,2.671,0.007,3.812,-0.23,32,3.58,0.43,2.7,1.4,3.4,1.22,1.17,1.27,-15.4,2.6,0.0,1,0,0.0,45,-177,10,2,31.5,0.5,-16,-26,-3,8.005,0.024,6.76,8.02,0.09,0.07,217.69166666666663,63.18555555555555,-5.6696405,19.772387,24.513422,PM*,F,6486.344335482381,20.56920297622174,7.842402894793196e-07
HD 127825, ,14,33,25.4,+,6,17,8,357,58,7.704,0.35,2.607,-0.004,3.777,-0.35,58,3.89,1.02,8.1,5.0,9.8,1.03,0.97,1.09,3.0,0.2,0.3,5,1070,0.66,4,5,-190,2,17.3,1.0,31,-38,-17,7.969,0.049,5.82,8.41,0.18,0.16,218.3558333333333,6.285555555555556,30.693195,-1.6085625,49.18679,PM*,F,5984.115950603199,30.735316699595455,1.203508466830401e-06
HD 127861, ,14,34,44.0,-,35,27,48,326,23,7.303,0.308,2.657,0.005,3.804,-0.01,84,2.68,1.3,2.1,1.8,2.4,1.46,1.39,1.54,-10.0,0.7,1.0,2,1002,0.043,13,-74,-52,2,11.9,1.1,-25,-26,-10,7.936,0.033,6.66,8.04,0.09,0.05,218.6833333333333,-35.46333333333334,64.10317,-43.238163,32.821415,PM*,F,6367.955209079156,77.3224103585983,2.2617737008794846e-07
HD 128332, ,14,34,15.9,+,57,3,54,99,55,6.48,0.34,2.628,0.003,3.783,-0.19,29,4.17,0.46,4.9,2.4,7.3,1.06,1.01,1.12,-21.5,0.3,0.3,2,706,0.512,5,217,-232,1,34.5,0.5,45,-9,-16,8.003,0.024,6.75,9.41,0.16,0.14,218.56625,57.065,-2.6020865,16.428928,23.75541,PM*,F,6067.363295885053,16.6337166436929,1.77194056249803e-06
HD 128398, ,14,38,59.5,-,59,8,27,316,1,6.539,0.326,2.649,0.013,3.796,-0.05,63,2.55,1.65,2.1,1.9,2.3,1.51,1.46,1.56,1.1,0.3,0.1,2,971,0.879,16,-90,-111,6,15.9,0.7,-25,-28,-19,7.954,0.001,6.55,8.04,0.1,0.18,219.74791666666664,-59.14083333333333,45.311493,-43.75682,1.0995016,PM*,F,6251.726927756856,62.990401605335464,1.8899449310109594e-07
HD 128494, ,14,36,24.1,+,27,29,6,40,67,7.031,0.297,2.664,0.016,3.811,-0.26,111,1.8,2.26,1.5,1.3,1.7,1.67,1.58,1.75,-7.2,1.4,2.0,2,436,0.104,30,-36,-7,2,9.0,0.8,-12,-17,1,7.966,0.102,7.27,7.97,0.05,0.15,219.10041666666663,27.485,33.22424,27.878447,102.17603,*,F,6471.426157485831,43.37116473775415,6.705777664368127e-08
HD 128582, ,14,39,10.8,-,46,35,4,322,12,6.07,0.321,2.649,0.002,3.798,0.12,36,3.29,0.7,2.4,1.8,2.9,1.35,1.31,1.41,-10.8,0.3,0.1,2,1260,0.826,12,-196,-214,2,27.8,0.8,-33,-32,-21,7.972,0.008,6.31,8.15,0.13,0.21,219.795,-46.58444444444444,27.748472,-21.679478,7.4848213,PM*,F,6280.58358813318,35.21331374192534,5.253505000065582e-07
HD 128660, ,14,36,55.8,+,42,49,52,76,63,6.594,0.339,0.0,0.0,3.785,-0.34,59,2.73,1.99,3.3,3.1,3.6,1.37,1.26,1.43,-3.2,0.3,0.5,2,880,0.212,6,-92,-56,1,16.9,0.6,-5,-28,11,7.994,0.053,6.67,8.0,0.09,0.28,219.2325,42.83111111111111,6.479985,25.9898,52.569386,PM*,F,6095.368972401694,26.7854421214253,2.423534184571079e-07
HD 128917, ,14,41,55.9,-,58,36,56,317,1,6.22,0.291,2.672,0.01,3.813,-0.03,44,2.99,0.82,2.1,1.6,2.5,1.4,1.36,1.44,11.2,0.3,0.2,2,477,0.669,13,43,-39,2,22.6,0.7,12,-4,-11,7.968,0.001,7.5,8.55,0.07,0.05,220.48291666666665,-58.61555555555556,32.174664,-30.003351,0.76790583,PM*,F,6501.296903430909,43.993295793133036,3.4709563326184744e-07
HD 129060, ,14,44,14.1,-,69,40,26,313,-9,7.005,0.352,2.617,-0.002,3.779,-0.1,35,4.26,0.38,5.1,1.6,7.7,1.06,1.01,1.13,-11.0,0.3,0.6,5,1695,0.132,15,-84,-91,2,28.2,0.7,-22,-4,-6,7.976,-0.005,7.72,8.3,0.04,0.01,221.05875,-69.6738888888889,23.576065,-25.282232,-5.475207,PM*,F,6011.737374832779,34.56909162512155,2.0065461366045865e-06
HD 129354, ,14,40,58.1,+,38,9,2,66,65,7.414,0.309,2.633,-0.004,3.798,-0.48,66,3.32,1.22,4.7,2.7,5.5,1.14,1.09,1.24,-38.3,0.2,0.3,6,723,0.872,6,-89,169,2,15.2,0.7,-64,1,-30,7.988,0.059,7.01,9.74,0.16,0.41,220.2420833333333,38.15055555555556,11.345025,25.481346,59.81631,PM*,F,6280.58358813318,27.892805277030508,5.475819826973227e-07
HD 129412, ,14,41,45.8,+,24,32,17,33,65,7.659,0.335,2.662,0.036,3.807,0.04,59,3.64,0.23,1.6,0.0,2.9,1.27,1.23,1.32,-0.5,0.3,0.3,2,1057,0.517,7,-59,-19,1,16.9,0.9,-7,-15,6,7.979,0.054,7.4,7.99,0.04,0.2,220.44083333333333,24.53805555555556,20.911814,13.580291,53.472157,PM*,F,6412.095765851615,24.934479509612327,8.52018745563199e-07
HD 129501, ,14,42,23.1,+,21,17,35,26,64,7.478,0.339,2.622,-0.003,3.784,-0.16,46,4.18,0.4,4.7,1.5,7.1,1.07,1.02,1.14,-2.7,0.7,0.0,1,0,0.0,15,-108,-32,1,21.9,0.9,-11,-21,6,7.982,0.041,7.06,7.98,0.06,0.2,220.59625,21.29305555555556,18.124249,8.839787,41.34453,PM*,F,6081.350012787177,20.16507465940481,1.7965907111654088e-06
HD 129698, ,14,44,13.6,-,8,15,6,345,45,6.638,0.287,2.659,-0.001,3.812,-0.26,41,3.56,0.48,2.7,1.5,3.5,1.21,1.16,1.27,-23.8,0.4,0.5,3,600,0.619,20,-203,74,1,24.2,1.4,-46,-11,8,7.972,0.029,6.99,8.74,0.11,0.24,221.05666666666664,-8.251666666666667,28.003517,-7.503527,28.991377,PM*,F,6486.344335482381,28.991375990266793,7.628675643650526e-07
HD 130080, ,14,49,25.0,-,65,40,53,315,-6,7.117,0.363,2.626,0.017,3.778,-0.11,145,1.31,3.36,0.0,0.0,0.0,0.0,0.0,0.0,-12.4,1.5,2.1,2,1416,0.023,30,12,-3,2,6.9,0.7,-4,14,-5,7.899,-0.014,7.88,9.16,0.08,0.04,222.35416666666663,-65.68138888888889,101.96879,-101.96883,-15.156628,*,F,5997.910762555094,144.20567404104804,3.40760423986038e-08
HD 130125, ,14,46,16.3,+,3,30,14,357,54,7.394,0.354,2.611,-0.006,3.777,-0.13,39,4.43,0.28,4.9,0.0,8.6,1.03,0.98,1.11,22.8,0.2,0.2,4,2514,0.779,5,16,-60,2,25.5,1.0,21,-7,13,7.977,0.032,7.25,8.73,0.09,0.32,221.56791666666663,3.503888888888889,22.892208,-1.1997299,31.551662,PM*,F,5984.115950603199,22.923624036094687,2.5377518318416318e-06
HD 130240, ,14,47,43.3,-,27,41,56,332,28,7.547,0.338,2.624,0.0,3.786,-0.17,51,4.02,0.52,4.4,2.4,6.5,1.09,1.04,1.16,-26.9,0.2,0.3,4,972,0.616,8,-48,-31,2,19.7,1.0,-27,-2,-14,7.961,0.024,7.67,8.5,0.05,0.1,221.93041666666664,-27.698888888888888,39.75942,-21.140455,23.94305,PM*,F,6109.420249055721,45.03032662932199,1.4402873620273783e-06
HD 130360, ,14,48,29.0,-,25,29,13,334,30,7.036,0.322,2.631,0.004,3.791,-0.45,52,3.48,1.19,5.5,3.3,6.5,1.1,1.05,1.18,-14.2,0.3,0.2,2,496,0.6,9,-127,167,2,19.4,0.9,-37,11,36,7.96,0.026,7.67,9.63,0.11,0.92,222.1208333333333,-25.486944444444447,40.475677,-19.741314,26.0,PM*,F,6180.164001384158,45.03331996483187,6.830447379131052e-07
HD 130396, ,14,47,31.8,+,19,3,0,22,62,7.463,0.333,2.634,0.007,3.787,-0.25,49,4.03,0.56,4.9,2.8,6.6,1.07,1.02,1.13,7.8,0.4,0.0,1,0,0.0,4,10,1,2,20.6,0.8,5,3,6,7.979,0.043,7.81,8.72,0.05,0.21,221.8825,19.05,21.32904,8.617491,43.26443,*,F,6123.503917247734,23.004110468711477,1.4603237550922028e-06
HD 130460, ,14,45,16.6,+,65,19,47,106,48,7.229,0.324,2.639,-0.003,3.793,-0.04,48,3.81,0.45,3.5,1.9,4.3,1.19,1.14,1.24,-11.9,0.3,0.6,9,1465,0.915,28,-111,38,2,20.7,0.6,-20,-21,-3,8.009,0.036,7.01,8.07,0.07,0.08,221.31916666666663,65.32972222222222,-8.852994,30.87406,35.67095,PM*,F,6208.690342300638,32.118267133325176,1.0775790762405527e-06
HD 130551, ,14,51,31.7,-,60,55,50,317,-1,7.163,0.321,2.628,0.017,3.789,-0.82,48,3.76,1.24,6.6,4.2,8.5,1.0,0.94,1.06,33.0,0.2,0.3,3,782,0.508,6,57,114,2,20.9,0.9,40,-5,18,7.965,-0.001,6.93,9.35,0.15,0.44,222.8820833333333,-60.93055555555555,35.099636,-32.73093,-0.8377155,PM*,F,6151.7687270986835,47.99268929740649,1.005655307350343e-06
HD 130555, ,14,47,49.9,+,35,39,16,59,64,7.551,0.286,2.666,0.006,3.813,-0.26,82,2.98,1.03,2.4,2.0,2.8,1.33,1.27,1.39,11.4,0.2,0.4,5,441,0.643,7,-29,36,2,12.2,0.8,-15,6,14,7.982,0.074,7.96,8.77,0.05,0.36,221.95791666666665,35.654444444444444,18.513784,30.81211,73.70111,*,F,6501.296903430909,35.946436828297124,3.423333026383341e-07
HD 130620, ,14,49,25.3,-,8,30,15,346,44,7.106,0.287,2.681,0.022,3.834,0.17,139,1.3,1.91,0.9,0.8,1.0,2.01,1.9,2.15,42.6,11.4,0.0,1,0,0.0,40,26,-29,2,7.2,0.9,47,-9,12,7.904,0.097,6.62,9.33,0.17,0.36,222.35541666666663,-8.504166666666666,97.01816,-24.18933,96.55752,*,F,6823.3869414166975,99.98823458604765,3.3608501569242215e-08
HD 130672, ,14,49,46.1,-,9,12,9,345,44,7.651,0.324,2.645,0.004,3.797,0.03,75,3.27,0.83,2.6,2.1,3.1,1.32,1.26,1.38,-29.0,0.5,0.7,2,615,0.077,11,-67,-4,1,13.3,1.1,-34,-12,-11,7.947,0.052,7.19,8.38,0.08,0.07,222.4420833333333,-9.2025,52.112164,-13.963426,52.09938,PM*,F,6266.138646723356,53.95048565509278,5.110332403912194e-07
HD 130714, ,14,50,37.9,-,32,27,59,330,24,7.468,0.329,2.619,-0.009,3.788,-0.26,45,4.19,0.39,4.7,0.9,7.1,1.06,1.0,1.13,-31.2,0.2,0.3,3,2249,0.337,5,-110,-153,2,22.1,1.1,-36,-22,-29,7.964,0.018,6.78,8.29,0.1,0.35,222.6579166666667,-32.46638888888889,35.601906,-20.55478,18.303148,PM*,F,6137.620051647939,41.10954501914654,1.8215837775593627e-06
HD 130801, ,14,50,36.1,-,12,1,5,343,41,7.119,0.316,2.657,0.021,3.812,-0.08,79,2.54,1.34,1.9,1.6,2.2,1.47,1.38,1.57,-17.8,0.8,1.1,2,615,0.176,26,-46,-12,1,9.8,1.3,-22,-11,-7,7.943,0.052,7.46,8.1,0.04,0.05,222.65041666666664,-12.018055555555556,57.016857,-17.431807,51.828663,*,F,6486.344335482381,59.622058648152176,1.8640139144288054e-07
HD 130904, ,14,52,15.5,-,44,55,37,324,13,7.217,0.343,2.632,0.01,3.785,-0.16,88,2.5,2.06,2.2,2.0,2.6,1.47,1.39,1.55,-10.2,0.2,0.3,3,2870,0.438,6,-12,-59,1,11.4,0.9,-13,-10,-21,7.93,0.02,7.63,7.95,0.02,0.21,223.06458333333333,-44.926944444444445,69.368805,-50.399395,19.795692,PM*,F,6095.368972401694,85.74456322994507,1.763799235135453e-07
HD 130945, ,14,49,18.6,+,46,6,58,80,60,5.71,0.313,2.66,0.014,3.803,0.02,47,2.35,1.63,1.8,1.6,1.9,1.6,1.56,1.64,-5.3,0.4,0.3,2,357,0.522,19,-7,-77,1,21.3,0.6,12,-13,0,7.996,0.041,7.21,8.35,0.07,0.12,222.3275,46.11611111111111,4.080733,23.14298,40.703197,PM*,F,6353.309318517436,23.49999798080181,1.433669842704991e-07
HD 130987, ,14,49,35.1,+,46,34,28,81,60,7.529,0.348,2.608,-0.005,3.779,-0.47,75,3.15,1.81,5.0,4.3,5.7,1.14,1.1,1.18,-29.7,0.3,0.2,2,486,0.566,3,99,-161,3,13.3,0.7,64,-24,-27,7.994,0.065,5.97,9.57,0.23,0.34,222.39625,46.574444444444445,5.866293,37.03831,64.95191,PM*,F,6011.737374832779,37.49999734957256,4.3296137079654303e-07
HD 130989, ,14,51,34.9,-,17,47,25,339,36,6.562,0.313,2.637,0.002,3.798,-0.36,56,2.83,1.61,2.5,2.2,3.9,1.35,1.28,1.4,27.1,0.2,0.2,2,498,0.426,7,-14,-128,1,17.9,0.9,28,-33,-4,7.958,0.033,6.07,8.38,0.16,0.06,222.89541666666665,-17.790277777777778,42.295815,-16.235847,32.915974,PM*,F,6280.58358813318,45.30495220526818,2.7825895508367783e-07
HD 131194, ,14,50,13.6,+,52,24,51,90,56,7.14,0.354,2.629,0.019,3.777,-0.31,55,3.45,1.43,6.0,5.1,6.8,1.11,1.06,1.16,-47.4,0.2,0.2,3,3022,0.71,9,-34,93,2,18.3,0.6,-25,-20,-44,8.0,0.046,7.11,8.13,0.07,0.66,222.55666666666664,52.41416666666667,-1.3443704e-06,30.75561,45.59707,PM*,F,5984.115950603199,30.75561000000003,6.553135529074679e-07
HD 131337, ,14,53,40.1,-,19,58,21,338,34,7.504,0.288,2.687,0.04,3.837,-0.23,133,1.71,1.78,1.3,1.1,1.5,1.71,1.6,1.82,8.1,0.5,0.2,2,1035,0.771,24,15,-29,2,5.6,1.0,16,-9,-11,7.898,0.075,7.2,8.46,0.08,0.1,223.4170833333333,-19.9725,102.23315,-41.304874,74.37266,*,F,6870.684400142324,110.26200422211804,5.921737472079239e-08
HD 131435, ,14,54,54.8,-,41,21,53,327,16,7.158,0.315,2.644,-0.008,3.799,0.04,45,3.89,0.16,1.7,0.0,3.6,1.22,1.16,1.26,-4.3,0.4,0.6,4,1005,0.481,20,-136,-89,1,22.2,0.9,-22,-27,-4,7.964,0.012,6.64,8.02,0.09,0.05,223.72833333333327,-41.36472222222223,36.278187,-23.559324,12.403681,PM*,F,6295.061828571975,43.25677518428697,1.203508466830401e-06
HD 131495, ,14,52,53.4,+,32,41,27,52,63,6.872,0.295,2.663,0.007,3.808,-0.2,74,2.54,1.53,2.1,1.9,2.3,1.47,1.41,1.52,2.9,0.7,1.4,4,442,0.078,23,33,3,2,13.6,0.7,7,9,-3,7.98,0.066,7.84,9.12,0.08,0.1,223.2225,32.69083333333333,20.683332,26.473457,65.93449,*,F,6426.877173170194,33.59529949491555,1.8640139144288054e-07
HD 131574, ,14,55,30.0,-,37,9,41,329,19,7.59,0.26,2.718,0.048,3.854,-0.29,112,2.13,1.14,1.3,1.1,1.5,1.56,1.47,1.66,12.6,2.0,0.9,3,794,0.898,100,14,-11,2,8.9,1.1,15,-4,-4,7.909,0.037,7.39,8.56,0.07,0.06,223.875,-37.16138888888889,90.77236,-54.54155,36.46363,*,F,7144.963260755135,105.89807371417149,1.0579110415405388e-07
HD 131811, ,14,56,19.3,-,18,55,41,340,35,7.688,0.311,2.656,0.008,3.799,-0.13,71,3.43,0.78,3.0,2.3,3.5,1.24,1.17,1.3,1.7,0.5,0.6,2,709,0.396,18,42,-13,1,14.1,0.9,11,6,-8,7.945,0.041,7.7,8.96,0.08,0.05,224.08041666666665,-18.92805555555556,54.65233,-19.891834,40.723927,*,F,6295.061828571975,58.15979912544795,6.37454439294158e-07
HD 132122, ,14,59,10.6,-,48,49,34,324,9,7.214,0.351,2.654,0.044,3.809,0.16,106,1.89,1.83,1.3,1.1,1.5,1.79,1.69,1.9,12.2,0.5,0.7,2,656,0.382,18,-17,-62,1,9.4,0.9,0,-27,-21,7.915,0.016,6.6,7.96,0.09,0.2,224.79416666666663,-48.82611111111112,84.700005,-61.538166,16.582054,PM*,F,6441.692655151775,104.69496989656943,7.593625062907368e-08
HD 132249, ,15,0,44.9,-,59,48,42,319,-1,7.316,0.311,2.654,0.008,3.803,-0.06,98,2.36,1.69,1.9,1.6,2.1,1.55,1.47,1.63,7.9,0.8,1.1,2,619,0.113,21,27,-42,2,10.2,0.9,7,-4,-23,7.927,-0.002,7.57,8.41,0.05,0.24,225.1870833333333,-59.81166666666666,73.95027,-64.284,-1.7103357,PM*,F,6353.309318517436,97.98507584868678,1.4536141769059028e-07
HD 132301, ,14,59,45.0,-,43,48,40,326,13,6.599,0.299,2.654,-0.009,3.807,0.04,37,3.74,0.13,1.0,0.0,2.8,1.26,1.21,1.3,-21.3,0.6,0.8,2,1005,0.191,20,-193,-130,1,26.8,0.7,-39,-24,-9,7.97,0.009,6.62,8.32,0.11,0.02,224.93749999999997,-43.81111111111111,29.888203,-20.159859,8.323189,PM*,F,6412.095765851615,36.051693350924445,9.782484083016166e-07
HD 132507, ,14,59,53.6,-,10,55,51,347,41,7.288,0.26,2.678,-0.005,3.827,-0.21,65,3.22,0.45,1.8,1.0,2.4,1.3,1.24,1.37,4.2,1.1,0.8,3,693,0.853,35,57,-47,2,0.0,0.0,19,0,-14,7.952,0.042,7.46,8.9,0.09,0.11,224.9733333333333,-10.930833333333332,47.79882,-11.035226,42.643837,PM*,F,6714.288529259523,49.05612506368064,4.769239694453286e-07
HD 132560, ,14,57,20.6,+,57,38,56,96,52,7.23,0.306,2.658,0.009,3.808,-0.02,103,2.16,1.75,1.6,1.4,1.8,1.65,1.58,1.71,-11.3,0.7,0.1,2,513,0.994,25,-34,-30,1,9.7,0.6,2,-24,5,8.006,0.082,6.83,8.08,0.08,0.2,224.33583333333328,57.64888888888889,-6.6284804,63.065754,81.16511,*,F,6426.877173170194,63.41313807092107,1.1026791173453256e-07
HD 132602, ,15,1,2.5,-,33,50,22,332,22,7.408,0.302,2.657,0.008,3.806,-0.18,78,2.94,1.16,2.4,2.1,2.8,1.35,1.29,1.42,-39.9,0.6,0.8,2,331,0.01,5,-117,-26,2,12.8,0.9,-57,-18,-3,7.936,0.029,6.53,8.82,0.15,0.08,225.26041666666663,-33.839444444444446,63.855076,-33.95234,29.219313,PM*,F,6397.348354826482,72.32034376606195,3.239284925294737e-07
HD 132736, ,14,59,24.9,+,39,38,41,66,61,6.695,0.262,0.0,0.0,3.831,0.02,60,2.82,0.56,1.4,1.0,1.8,1.48,1.44,1.52,-15.4,1.5,2.0,2,1188,0.294,80,-5,31,1,16.8,0.6,-11,-3,-14,7.988,0.052,7.99,8.16,0.01,0.11,224.85375,39.64472222222222,11.831388,26.573736,52.477184,*,F,6776.41507610675,29.088574853441,2.744410990922079e-07
HD 132864, ,15,0,26.0,+,31,36,54,50,62,7.591,0.38,2.612,0.019,3.766,-0.21,75,3.23,1.81,4.9,4.2,5.8,1.21,1.15,1.25,-25.0,0.2,0.1,2,751,0.937,6,-202,93,1,13.4,0.8,-74,-35,12,7.977,0.066,5.71,9.0,0.22,0.32,225.1083333333333,31.615,22.63279,26.97271,66.22107,PM*,F,5834.451042737448,35.21037159599711,4.835586427513509e-07
HD 133295, ,15,4,33.0,-,28,18,0,335,26,7.191,0.358,2.613,-0.006,3.775,-0.05,34,4.54,0.15,2.7,0.0,8.0,1.05,0.98,1.11,-3.0,0.2,0.4,5,1803,0.326,10,40,-52,2,29.5,0.9,2,0,-11,7.972,0.015,7.8,8.48,0.04,0.05,226.1375,-28.3,27.695856,-12.914797,14.904619,PM*,F,5956.621435290103,30.558999020320428,2.9542629636310046e-06
HD 133469, ,15,5,33.9,-,30,33,3,334,24,6.478,0.305,2.641,-0.016,3.804,0.03,32,3.96,-0.01,0.0,0.0,2.5,1.21,1.16,1.25,2.9,0.7,0.6,2,719,0.547,23,10,86,2,31.4,1.0,2,8,10,7.974,0.013,7.89,8.98,0.06,0.28,226.39125,-30.550833333333333,26.274853,-12.815105,13.015573,PM*,F,6367.955209079156,29.233453718858367,1.3257118855796027e-06
HD 133482, ,15,0,10.2,+,70,36,50,109,43,7.678,0.342,2.634,0.013,3.786,-0.18,106,2.54,2.01,2.2,2.0,2.5,1.46,1.39,1.54,-16.2,0.5,0.7,2,745,0.144,14,-9,69,1,9.4,0.6,-26,-5,-28,8.025,0.072,7.69,8.47,0.05,0.35,225.0425,70.61388888888888,-25.239176,73.299904,72.291824,PM*,F,6109.420249055721,77.52349277198617,1.8640139144288054e-07
HD 134044, ,15,6,35.1,+,36,27,21,60,60,6.35,0.353,2.633,0.018,3.778,-0.23,29,4.0,0.78,5.7,4.0,9.7,1.06,0.99,1.11,-6.3,0.2,0.1,2,736,0.824,4,-63,41,2,33.9,0.6,-11,-5,-2,7.993,0.026,7.97,8.02,0.0,0.08,226.64625,36.45583333333334,7.249999,12.557368,25.114738,PM*,F,5997.910762555094,14.499999192669806,1.4010355328531804e-06
HD 134228, ,15,8,20.5,+,10,6,50,12,54,7.371,0.357,2.626,0.008,3.778,-0.06,58,3.55,1.07,5.1,2.9,6.6,1.14,1.07,1.23,4.4,0.3,0.1,2,749,0.742,8,-60,-20,2,0.0,0.0,-3,-14,10,7.966,0.047,7.39,8.01,0.04,0.27,227.08541666666665,10.113888888888887,33.346565,7.0880313,46.922985,PM*,F,5997.910762555094,34.091547119616095,7.524006289866961e-07
HD 134495, ,15,9,29.4,+,24,40,33,36,59,7.437,0.314,2.642,0.001,3.797,-0.22,56,3.69,0.65,3.6,2.6,4.4,1.17,1.09,1.22,-31.6,0.3,0.6,4,1321,0.221,11,21,31,2,17.8,0.8,-16,0,-29,7.977,0.048,7.92,8.38,0.03,0.35,227.3725,24.675833333333333,23.333776,16.95298,48.00137,*,F,6266.138646723356,28.842132953347537,9.129545342952947e-07
HD 134788, ,15,9,22.3,+,57,6,43,93,51,7.446,0.363,2.604,-0.001,3.771,-0.52,104,2.36,2.82,2.6,2.3,2.9,1.38,1.32,1.41,-39.1,0.2,0.3,4,441,0.754,7,20,-97,2,9.6,0.6,47,-38,-18,8.004,0.081,5.7,8.81,0.21,0.18,227.34291666666664,57.11194444444445,-3.4253519,65.35962,80.82318,PM*,F,5902.010801718442,65.44931597949085,1.4536141769059028e-07
HD 135468, ,15,16,54.9,-,46,12,8,328,10,6.452,0.32,2.643,0.01,3.796,-0.24,53,2.82,1.56,2.5,2.3,3.5,1.38,1.33,1.43,5.6,0.2,0.2,2,327,0.447,7,-132,-27,1,18.8,0.8,-14,-29,13,7.956,0.009,6.61,7.96,0.09,0.3,229.22875,-46.20222222222223,44.263706,-27.659035,9.203354,PM*,F,6251.726927756856,52.19480707872825,2.744410990922079e-07
HD 135669, ,15,18,9.7,-,47,53,59,327,8,6.975,0.32,2.656,0.017,3.8,-0.05,76,2.58,1.53,2.1,1.8,2.3,1.49,1.43,1.55,41.6,0.2,0.3,2,588,0.294,8,4,14,1,13.2,0.9,36,-18,10,7.937,0.011,6.54,8.8,0.15,0.29,229.54041666666663,-47.89972222222222,63.11866,-40.989727,10.577156,*,F,6309.57344480193,75.26036778896399,1.969922542186252e-07
HD 136064, ,15,14,38.3,+,67,20,48,105,44,5.143,0.354,2.627,0.015,3.779,-0.24,25,3.13,1.64,4.3,4.0,4.7,1.19,1.15,1.34,-48.2,0.1,0.4,14,4785,0.309,5,221,-392,1,39.5,0.5,62,-29,-24,8.005,0.018,5.83,9.37,0.23,0.29,228.6595833333333,67.34666666666666,-4.65447,17.370722,17.36646,PM*,F,6011.737374832779,17.98349448194605,4.2116197144500654e-07
HD 136118, ,15,18,55.4,-,1,35,32,0,44,6.938,0.34,2.632,0.007,3.785,-0.17,52,3.34,1.23,4.8,2.9,5.5,1.19,1.14,1.28,-3.6,0.1,0.3,8,1755,0.627,7,-124,23,2,19.1,0.9,-21,-16,16,7.963,0.037,7.25,8.06,0.05,0.38,229.7308333333333,-1.5922222222222224,37.40567,0.0,36.12224,PM*,F,6095.368972401694,37.40567,5.629232027732556e-07
HD 136205, ,15,19,50.0,-,19,33,0,345,31,7.076,0.298,2.637,-0.006,3.804,-0.54,65,3.01,1.45,2.8,2.3,4.5,1.25,1.13,1.31,-16.9,0.3,0.3,3,1030,0.665,7,-101,7,1,15.4,1.0,-31,-16,9,7.946,0.034,7.11,8.23,0.07,0.25,229.9583333333333,-19.55,53.817398,-14.420342,33.477474,PM*,F,6367.955209079156,55.715873778370984,3.568199680017084e-07
HD 136351, ,15,22,8.2,-,47,55,40,327,8,4.99,0.324,2.648,0.012,3.796,-0.09,34,2.32,1.92,1.9,1.7,2.0,1.58,1.53,1.63,-12.1,0.2,0.2,3,1653,0.763,5,-142,-133,1,29.3,0.8,-26,-21,-7,7.972,0.005,6.95,8.11,0.08,0.0,230.53416666666664,-47.92777777777778,28.237295,-18.33751,4.7318854,PM*,F,6251.726927756856,33.66911198587104,1.3754637524765194e-07
HD 136359, ,15,23,10.5,-,60,39,25,320,-3,5.65,0.321,2.645,0.017,3.794,-0.38,42,2.55,2.0,2.2,2.0,3.1,1.43,1.38,1.47,5.9,0.4,0.1,2,1456,0.872,22,-81,-26,1,24.0,0.8,-5,-16,4,7.968,-0.002,7.28,7.99,0.05,0.17,230.79375,-60.65694444444444,32.12977,-26.960087,-2.1981103,PM*,F,6223.002851691595,41.942441646862534,1.8899449310109594e-07
HD 136497, ,15,20,43.0,+,8,54,49,13,50,7.176,0.294,2.664,0.009,3.81,-0.2,68,3.03,1.0,2.4,2.1,2.8,1.33,1.28,1.39,10.3,0.5,0.3,2,750,0.634,15,1,-34,2,14.8,0.9,13,-6,4,7.958,0.052,7.41,8.5,0.07,0.18,230.17916666666665,8.913611111111111,42.589283,9.83251,52.091022,*,F,6456.542290346556,43.70955592721332,3.668167426027225e-07
HD 136544, ,15,21,32.7,-,6,49,35,355,40,7.456,0.303,2.652,-0.007,3.808,0.12,63,3.46,0.32,1.7,0.5,2.5,1.33,1.28,1.39,6.3,0.2,0.3,3,293,0.548,6,-166,-31,2,15.9,1.3,-17,-40,26,7.952,0.041,6.06,7.96,0.14,0.59,230.38625,-6.826388888888888,48.077152,-4.2062197,40.495617,PM*,F,6426.877173170194,48.26080012386629,6.644298725204366e-07
HD 136580, ,15,20,2.3,+,40,59,3,67,57,6.905,0.335,2.636,0.009,3.786,-0.24,40,3.88,0.73,4.6,3.1,7.1,1.09,1.03,1.15,-24.6,0.2,0.4,5,500,0.383,5,-33,181,1,24.8,0.6,-37,2,-21,7.991,0.034,7.57,9.0,0.09,0.23,230.0095833333333,40.98416666666667,8.5123,20.053715,33.54682,PM*,F,6109.420249055721,21.785562572291425,1.1869957116182945e-06
HD 136654, ,15,20,50.0,+,31,28,48,50,57,6.909,0.326,2.645,0.007,3.794,-0.06,44,3.69,0.57,3.4,2.3,4.3,1.21,1.15,1.26,-27.3,0.3,0.2,2,1413,0.745,14,-178,139,2,22.7,0.8,-51,-18,-2,7.985,0.037,6.67,8.73,0.13,0.08,230.2083333333333,31.48,15.403838,18.35758,36.901505,PM*,F,6223.002851691595,23.964118356130776,9.129545342952947e-07
HD 136696, ,15,22,0.1,+,5,35,47,9,48,7.363,0.325,2.657,0.023,3.814,0.2,123,1.81,1.78,1.4,1.1,1.7,1.83,1.69,1.94,-38.3,1.1,0.0,1,0,0.0,35,-22,2,2,6.6,0.9,-33,-11,-21,7.919,0.092,7.21,8.32,0.07,0.23,230.50041666666664,5.596388888888889,81.28978,12.875036,91.40682,*,F,6516.283940608428,82.30306728457752,6.799064324121596e-08
HD 137294, ,15,24,49.2,+,10,59,34,16,51,7.182,0.284,2.666,0.005,3.816,-0.24,68,3.03,0.9,2.3,1.9,2.7,1.33,1.27,1.38,36.0,0.5,0.7,2,436,0.301,13,49,-129,1,14.8,0.9,55,-13,6,7.959,0.052,6.41,9.53,0.2,0.23,231.205,10.992777777777777,41.136024,11.795566,52.84593,PM*,F,6546.361740672747,42.7937828170043,3.668167426027225e-07
HD 137340, ,15,26,27.1,-,31,19,14,338,21,7.335,0.29,2.658,-0.009,3.812,-0.02,56,3.59,0.23,1.8,0.0,2.8,1.27,1.21,1.33,-11.9,0.3,0.1,3,1123,0.967,18,-6,-40,2,0.0,0.0,-11,-4,-11,7.952,0.02,7.95,8.03,0.01,0.06,231.61291666666665,-31.320555555555558,48.473637,-19.584621,20.068605,*,F,6486.344335482381,52.28050175468297,7.951501586565117e-07
HD 137520, ,15,28,49.1,-,53,55,35,325,2,7.658,0.347,2.639,0.027,3.798,-0.09,128,2.0,2.2,1.7,1.4,2.0,1.62,1.53,1.73,11.0,0.9,1.3,2,626,0.024,21,-16,-55,2,7.8,0.9,-5,-29,-21,7.895,0.005,6.51,7.91,0.1,0.21,232.2045833333333,-53.92638888888889,104.787575,-73.37308,4.4671354,PM*,F,6280.58358813318,127.92202602783864,8.839936593314357e-08
HD 137870, ,15,26,43.6,+,45,36,14,74,54,7.169,0.334,2.629,0.007,3.786,-0.32,52,3.59,1.09,6.1,3.5,7.1,1.1,1.05,1.15,-20.0,0.2,0.3,5,725,0.723,8,-26,51,1,19.2,0.6,-17,-9,-15,7.992,0.042,7.66,8.08,0.03,0.12,231.68166666666664,45.60388888888889,8.424811,29.380802,42.068886,PM*,F,6109.420249055721,30.564832185845958,7.951501586565117e-07
HD 138057, ,15,28,43.0,+,27,8,18,42,55,7.65,0.307,2.652,-0.001,3.804,-0.02,66,3.56,0.43,2.4,1.2,3.3,1.26,1.21,1.31,-23.6,0.5,0.0,1,0,0.0,7,-66,57,2,15.2,0.9,-34,-11,-6,7.972,0.054,7.24,8.4,0.07,0.06,232.17916666666665,27.13833333333333,28.132523,25.330639,54.064037,PM*,F,6367.955209079156,37.85604472860114,7.628675643650526e-07
HD 138339, ,15,30,5.5,+,39,54,32,65,55,7.643,0.346,2.636,0.018,3.783,-0.24,72,3.36,1.32,5.1,4.4,5.9,1.16,1.11,1.24,-22.5,0.3,0.1,2,502,0.931,6,28,15,1,13.9,0.7,-5,-2,-24,7.982,0.059,7.93,8.24,0.02,0.27,232.52291666666665,39.90888888888889,17.45308,37.42825,58.978947,*,F,6067.363295885053,41.29750476177586,5.786942270444603e-07
HD 138686, ,15,34,3.4,-,14,13,46,352,33,7.254,0.339,2.663,0.048,3.82,0.17,131,1.46,2.02,1.0,0.9,1.2,1.95,1.82,2.05,-19.0,1.6,0.0,1,0,0.0,17,29,-17,2,8.4,1.2,-4,6,-27,7.891,0.071,7.86,8.69,0.05,0.33,233.51416666666665,-14.229444444444445,108.79664,-15.290369,71.34772,*,F,6606.934480075957,109.86584664692555,4.192269079588083e-08
HD 138741, ,15,35,28.0,-,41,30,17,333,12,7.452,0.308,2.653,0.009,3.804,-0.18,99,2.47,1.67,2.0,1.8,2.3,1.48,1.41,1.55,34.8,0.4,0.5,2,588,0.365,21,22,-62,1,10.1,0.9,32,-26,-22,7.914,0.02,6.29,8.52,0.15,0.22,233.86666666666665,-41.50472222222222,86.28206,-43.962906,20.583258,PM*,F,6367.955209079156,96.83662004535493,1.6921901000562706e-07
HD 138763, ,15,34,20.8,-,5,41,42,359,39,6.53,0.359,2.607,-0.012,3.776,0.03,25,4.53,0.06,0.1,0.0,6.3,1.08,1.01,1.13,-37.3,0.2,0.4,7,5539,0.251,9,-92,6,2,39.8,0.8,-34,-7,-17,7.98,0.016,7.38,8.54,0.07,0.15,233.58666666666664,-5.695,19.425692,-0.33908063,15.733009,PM*,F,5970.352865838366,19.428651145988113,2.9137289561893175e-06
HD 139211, ,15,39,56.5,-,59,54,29,323,-4,5.95,0.32,2.65,0.011,3.795,-0.17,31,3.5,0.84,3.4,2.8,3.8,1.22,1.14,1.27,-22.4,0.2,0.2,2,1246,0.564,7,-121,-214,2,32.3,0.8,-38,-13,-14,7.975,-0.002,7.09,8.48,0.09,0.09,234.98541666666665,-59.90805555555556,24.697393,-18.610819,-2.1624506,PM*,F,6237.348354824191,30.924485522757045,7.021811229241964e-07
HD 139375, ,15,37,23.5,+,12,18,5,20,48,7.125,0.257,2.696,0.013,3.835,0.03,106,1.99,1.31,1.2,1.0,1.4,1.7,1.61,1.79,-26.6,1.5,2.4,3,1143,0.527,110,-68,33,2,9.4,1.0,-43,-17,5,7.934,0.08,6.81,8.48,0.11,0.21,234.34791666666663,12.301388888888887,66.65037,24.258749,78.77335,PM*,F,6839.116472814293,70.92784167153192,8.718648116266588e-08
HD 139389, ,15,36,53.4,+,29,59,28,47,54,6.47,0.289,2.66,0.001,3.809,-0.29,36,3.69,0.44,2.9,1.3,4.0,1.18,1.12,1.24,-15.7,1.2,0.0,1,0,0.0,20,88,-55,2,27.8,0.7,8,-3,-22,7.986,0.029,7.64,8.54,0.06,0.23,234.2225,29.991111111111117,14.431268,15.475641,29.124613,PM*,F,6441.692655151775,21.16026843990182,9.129545342952947e-07
HD 139457, ,15,37,59.2,+,10,14,23,18,47,7.081,0.351,2.601,-0.004,3.775,-0.6,47,3.7,1.45,8.0,6.8,9.3,1.0,0.97,1.04,38.1,0.2,0.1,3,487,0.968,5,136,-356,2,21.1,0.9,87,-30,-17,7.969,0.035,5.43,10.14,0.3,0.16,234.49666666666664,10.239722222222222,30.48509,9.905207,34.373623,PM*,F,5956.621435290103,32.05392079014592,9.256549969819284e-07
HD 139478, ,15,36,4.1,+,52,4,11,83,50,6.74,0.207,2.739,0.0,3.859,-0.11,60,2.87,0.17,0.6,0.0,1.2,1.48,1.43,1.53,-16.2,0.8,1.1,2,264,0.095,19,-15,83,2,16.8,0.6,-24,-3,-16,7.996,0.046,7.73,8.4,0.04,0.14,234.0170833333333,52.06972222222223,4.7001653,38.279778,45.962666,PM*,F,7227.698036021702,38.5672523985908,2.9406893582792726e-07
HD 139798, ,15,38,16.2,+,46,47,51,75,52,5.75,0.243,2.7,0.008,3.837,-0.24,36,2.99,0.51,1.6,1.1,2.1,1.37,1.33,1.42,0.6,0.3,0.5,3,24,0.105,5,89,-125,1,28.0,0.6,25,1,-5,7.994,0.028,7.36,9.15,0.11,0.05,234.5675,46.7975,5.736418,21.4086,28.368387,PM*,F,6870.684400142324,22.16381387376108,3.4709563326184744e-07
HD 140408, ,15,47,0.1,-,62,47,47,322,-6,7.099,0.334,2.639,0.02,3.783,-0.48,40,4.11,0.77,6.1,4.0,7.6,1.01,0.96,1.06,17.0,0.2,0.2,2,690,0.496,5,91,95,2,25.2,0.8,29,9,2,7.969,-0.004,7.44,9.61,0.13,0.15,236.75041666666664,-62.796388888888885,31.347761,-24.491549,-4.1811385,PM*,F,6067.363295885053,39.780875959844344,1.6309819319233878e-06
HD 140412, ,15,38,41.2,+,68,49,19,104,42,7.466,0.308,2.622,-0.013,3.797,-0.52,59,3.62,0.98,3.7,2.9,6.3,1.11,1.05,1.17,-29.4,0.3,0.2,2,381,0.607,6,-68,85,2,17.0,0.6,-24,-29,-19,8.011,0.039,6.56,8.09,0.1,0.18,234.67166666666665,68.82194444444444,-10.607196,42.543144,39.478706,PM*,F,6266.138646723356,43.845543768861525,8.28798869352533e-07
HD 140571, ,15,43,14.3,+,31,23,4,50,53,7.275,0.307,2.644,0.003,3.802,-0.29,73,2.96,1.33,2.6,2.3,2.9,1.33,1.26,1.38,-9.0,0.3,0.4,2,1411,0.383,4,59,-132,2,13.7,0.8,42,-18,-22,7.971,0.058,6.49,9.03,0.16,0.24,235.8095833333333,31.384444444444444,28.239262,33.654243,58.300396,PM*,F,6338.69711256927,43.93249355781769,3.3300376974783855e-07
HD 140572, ,15,43,33.0,+,22,55,13,37,51,7.236,0.343,2.624,0.008,3.783,-0.29,68,3.09,1.63,4.3,3.9,4.9,1.18,1.14,1.3,-20.5,0.3,0.1,2,685,0.705,7,37,-193,1,14.8,0.8,41,-40,-33,7.966,0.052,5.67,8.6,0.21,0.46,235.8875,22.92027777777778,34.17664,25.75394,52.84593,PM*,F,6067.363295885053,42.79378631545939,3.985191083353441e-07
HD 140721, ,15,45,50.4,-,16,57,2,352,29,7.667,0.3,2.647,-0.014,3.809,0.08,74,3.32,0.47,1.9,1.1,2.6,1.34,1.29,1.4,3.5,0.9,1.3,2,1483,0.04,19,-48,-12,2,13.5,1.1,-3,-15,10,7.936,0.036,7.35,7.98,0.04,0.25,236.45999999999995,-16.950555555555553,64.091995,-9.007542,35.87591,PM*,F,6441.692655151775,64.7218636626124,5.475819826973227e-07
HD 140812, ,15,44,55.8,+,21,26,39,34,50,7.482,0.311,2.63,-0.006,3.797,-0.42,59,3.63,0.88,3.6,2.9,4.5,1.12,1.06,1.18,-21.7,0.4,0.1,2,406,0.946,10,45,130,1,17.0,1.0,-32,24,-18,7.969,0.045,7.84,10.22,0.13,0.18,236.2325,21.444166666666668,31.440807,21.207092,45.19662,PM*,F,6266.138646723356,37.92446566410281,8.403286101222213e-07
HD 141103, ,15,47,17.0,-,0,16,11,7,40,6.95,0.332,2.616,-0.009,3.787,-0.38,48,3.53,1.18,5.8,4.7,6.9,1.09,1.04,1.16,-48.1,0.2,0.6,5,1172,0.089,6,-244,-23,1,20.7,0.9,-58,-46,1,7.963,0.031,5.44,8.47,0.22,0.13,236.8208333333333,-0.2697222222222222,36.496056,4.481152,30.853804,PM*,F,6123.503917247734,36.77013498482485,7.318956230148521e-07
HD 141107, ,15,48,22.5,-,28,47,20,343,20,7.687,0.297,2.639,0.004,3.804,-0.64,73,3.37,1.17,3.3,2.6,5.4,1.13,1.06,1.2,-16.1,0.2,0.4,4,1554,0.264,7,-38,-27,2,13.7,1.0,-19,-11,-4,7.934,0.025,7.46,8.04,0.04,0.05,237.09375,-28.78888888888889,65.600174,-20.05599,24.967468,*,F,6367.955209079156,68.59756237440493,5.867446656604655e-07
HD 141128, ,15,47,38.1,-,9,28,49,359,34,7.007,0.291,2.648,-0.004,3.809,-0.34,51,3.47,0.7,3.0,2.2,3.6,1.2,1.14,1.26,-36.3,0.4,0.5,2,1124,0.163,5,-73,16,1,19.6,1.0,-39,-8,-7,7.958,0.028,7.22,8.6,0.09,0.03,236.90875,-9.480277777777776,42.27448,-0.7379123,28.518837,PM*,F,6441.692655151775,42.280919737310484,6.736730127720424e-07
HD 141465, ,15,49,52.2,-,17,54,7,352,28,6.832,0.265,2.663,-0.019,3.824,-0.16,43,3.65,0.03,0.1,0.0,2.0,1.26,1.21,1.3,8.3,1.2,1.8,3,382,0.476,27,24,-7,1,23.1,0.9,10,1,0,7.962,0.02,7.67,8.72,0.06,0.11,237.4675,-17.901944444444442,37.59725,-5.283949,20.187277,*,F,6668.067692136218,37.96673971513884,8.638715069876107e-07
HD 141515, ,15,50,3.1,-,18,8,33,352,27,7.622,0.267,2.694,0.028,3.84,-0.23,82,2.93,0.51,1.6,1.0,2.0,1.38,1.32,1.45,-12.2,0.8,0.6,3,1213,0.735,35,2,-35,2,12.2,1.1,-7,-8,-15,7.928,0.038,7.73,7.95,0.01,0.12,237.51291666666663,-18.1425,72.351494,-10.168339,37.22722,*,F,6918.309709189362,73.06253350419048,3.194840269932632e-07
HD 141583, ,15,52,55.0,-,59,3,41,324,-4,7.084,0.32,2.647,-0.004,3.801,0.24,63,3.09,0.76,2.3,1.5,2.9,1.44,1.4,1.49,-19.7,0.2,0.3,2,1458,0.299,6,-79,-107,2,15.9,0.9,-39,-20,-8,7.949,-0.004,6.78,8.35,0.1,0.01,238.22916666666663,-59.061388888888885,50.843914,-36.940273,-4.3946576,PM*,F,6324.118513762197,62.84653817159641,3.985191083353441e-07
HD 141597, ,15,50,39.8,-,23,15,29,348,24,7.462,0.31,2.625,-0.012,3.797,-0.39,52,3.89,0.6,3.8,2.0,5.3,1.09,1.04,1.16,-24.4,0.2,0.3,6,1396,0.824,3,-6,-45,1,19.3,1.2,-21,-5,-16,7.954,0.021,7.72,8.24,0.03,0.14,237.66583333333327,-23.258055555555558,46.466278,-9.876716,21.150305,*,F,6266.138646723356,47.50436306401697,1.203508466830401e-06
HD 141692, ,15,49,53.0,+,14,3,56,25,47,7.535,0.364,2.623,0.015,3.775,-0.17,93,2.68,2.12,3.3,2.3,4.1,1.36,1.28,1.43,-72.8,0.4,0.0,1,0,0.0,6,-110,4,2,10.7,1.2,-67,-52,-22,7.942,0.068,5.11,8.59,0.25,0.25,237.4708333333333,14.065555555555555,57.483334,26.80492,68.01589,PM*,F,5956.621435290103,63.42584192552714,2.2617737008794846e-07
HD 141815, ,15,52,13.9,-,34,7,18,340,15,7.643,0.329,2.644,0.008,3.794,-0.02,77,3.21,1.01,2.7,2.3,3.2,1.32,1.26,1.38,-27.0,0.2,0.1,2,975,0.73,9,-100,-95,2,13.0,1.0,-41,-39,-9,7.93,0.02,5.88,8.18,0.16,0.04,238.05791666666667,-34.12166666666667,69.89085,-25.438206,19.929066,PM*,F,6223.002851691595,74.3762948675244,4.70380327269733e-07
HD 142108, ,15,50,57.2,+,42,33,55,68,51,7.396,0.314,2.638,0.006,3.8,-0.39,123,1.94,2.48,1.7,1.5,2.0,1.57,1.51,1.63,-4.4,1.2,1.2,2,380,0.463,45,0,30,1,8.1,0.6,-16,6,-5,7.971,0.095,7.94,8.72,0.05,0.11,237.7383333333333,42.56527777777777,28.996956,71.76997,95.58896,*,F,6309.57344480193,77.40640833333397,8.13671585164139e-08
HD 142373, ,15,52,40.5,+,42,27,5,68,50,4.61,0.381,2.601,0.026,3.759,-0.62,16,3.61,1.89,8.6,7.9,9.4,1.0,0.97,1.02,-56.3,0.1,0.4,33,5852,0.225,4,440,630,1,63.1,0.5,-42,11,-68,7.996,0.012,7.64,9.88,0.13,1.48,238.16875,42.45138888888889,3.85268,9.535716,12.256711,PM*,F,5741.164622073275,10.284601247255821,8.174273225567452e-07
HD 142529, ,15,57,3.8,-,48,9,43,332,4,6.31,0.258,2.682,0.008,3.827,-0.5,50,2.84,1.08,2.2,1.9,2.5,1.33,1.29,1.37,3.9,0.2,0.2,3,556,0.825,12,-101,-101,1,20.2,0.9,-12,-31,-2,7.956,0.003,6.44,7.96,0.11,0.07,239.2658333333333,-48.16194444444445,44.03984,-23.416395,3.4878235,PM*,F,6714.288529259523,49.878202273354084,2.821299227425322e-07
HD 142542, ,15,56,14.0,-,31,47,9,343,16,6.29,0.293,2.667,0.01,3.811,-0.17,51,2.77,1.21,2.2,1.9,2.5,1.42,1.37,1.46,18.3,0.6,0.5,2,273,0.538,28,50,3,2,19.8,0.9,21,3,-2,7.954,0.014,7.46,9.12,0.1,0.09,239.0583333333333,-31.785833333333336,46.882214,-14.333334,14.057506,*,F,6471.426157485831,49.02434551421724,2.561233360432562e-07
HD 143105, ,15,53,36.5,+,68,43,12,103,41,6.779,0.341,2.634,0.008,3.786,-0.11,46,3.46,1.03,3.3,2.8,5.7,1.18,1.13,1.29,15.9,0.3,0.5,3,373,0.206,10,1,-31,2,21.7,0.5,4,11,13,8.008,0.03,7.92,9.22,0.08,0.34,238.4020833333333,68.72,-7.8095436,33.826855,30.178715,*,F,6109.420249055721,34.71663996459517,6.644298725204366e-07
HD 143306, ,16,2,28.4,-,56,51,16,327,-3,6.52,0.331,2.65,0.015,3.791,-0.05,35,3.82,0.5,3.5,2.2,4.4,1.18,1.12,1.23,-11.0,0.3,0.5,2,1458,0.187,10,-148,-117,6,28.9,0.8,-26,-20,2,7.971,-0.002,6.96,8.11,0.08,0.13,240.6183333333333,-56.85444444444445,29.313244,-19.036238,-1.8317586,PM*,F,6180.164001384158,34.95203328843946,1.0925696944319081e-06
HD 143401, ,16,1,4.2,-,27,2,52,347,19,7.619,0.246,2.713,0.022,3.852,0.1,83,2.92,0.05,0.3,0.0,1.0,1.52,1.46,1.59,3.6,1.2,1.2,3,1028,0.701,70,-48,-46,2,12.0,1.1,-3,-27,1,7.923,0.027,6.67,7.95,0.09,0.12,240.2675,-27.047777777777775,76.46665,-17.653717,27.022156,PM*,F,7112.1351365332885,78.47803696664812,3.1510054181030334e-07
HD 143431, ,16,3,40.6,-,61,28,15,324,-7,7.54,0.289,2.668,-0.001,3.814,0.09,88,2.81,0.86,1.8,1.4,2.1,1.47,1.41,1.54,-32.4,0.3,0.3,2,1356,0.571,10,5,-33,2,11.3,0.9,-32,13,-8,7.929,-0.01,7.74,9.39,0.1,0.02,240.91916666666663,-61.47083333333334,70.66283,-51.339558,-10.724503,*,F,6516.283940608428,87.3440653922421,2.706756260487269e-07
HD 143766, ,16,3,16.1,-,26,43,1,348,19,6.966,0.325,2.633,0.004,3.791,-0.29,50,3.46,1.08,5.2,2.9,6.1,1.15,1.08,1.23,-35.1,0.3,0.2,2,726,0.595,10,-2,-180,2,19.9,1.0,-28,-25,-40,7.954,0.016,6.73,8.11,0.09,0.58,240.81708333333333,-26.716944444444444,46.242836,-9.829222,16.278406,PM*,F,6180.164001384158,47.27592924997011,6.644298725204366e-07
HD 143790, ,16,3,34.3,-,32,0,1,344,15,6.01,0.304,2.644,-0.008,3.807,-0.06,55,2.32,1.65,1.8,1.6,2.0,1.58,1.52,1.64,27.5,0.2,0.1,2,271,0.755,7,-39,-27,2,18.3,0.9,22,-19,9,7.949,0.014,6.78,8.43,0.11,0.25,240.89291666666665,-32.000277777777775,51.06791,-14.643496,14.235047,*,F,6412.095765851615,53.12592029198286,1.3754637524765194e-07
HD 144134, ,16,5,2.9,-,18,32,22,354,25,6.743,0.292,2.676,0.021,3.824,-0.08,74,2.3,1.31,1.6,1.4,1.8,1.58,1.52,1.64,-28.6,0.4,0.5,2,334,0.389,22,-51,-30,1,13.5,0.9,-30,-17,-7,7.933,0.031,7.0,8.17,0.08,0.03,241.2620833333333,-18.539444444444445,66.69937,-7.0103993,31.273752,PM*,F,6668.067692136218,67.06677013799265,1.3379785466273765e-07
HD 144172, ,16,4,29.5,+,0,40,20,11,37,6.813,0.308,2.626,-0.01,3.798,-0.52,52,3.23,1.34,4.6,2.7,5.3,1.13,1.09,1.25,12.0,0.4,0.6,2,397,0.156,5,5,-81,1,19.2,0.9,20,-12,-3,7.959,0.031,7.07,8.52,0.09,0.08,241.12291666666664,0.6722222222222222,40.76604,7.924116,31.29438,PM*,F,6280.58358813318,41.52904563872201,4.835586427513509e-07
HD 144282, ,16,0,21.1,+,67,37,38,101,41,7.027,0.275,2.676,0.001,3.831,0.29,152,1.12,2.06,0.8,0.7,1.1,2.15,2.04,2.23,2.0,2.5,3.5,2,385,0.078,50,10,16,1,6.6,0.5,-8,8,-8,8.023,0.099,8.02,8.9,0.05,0.11,240.08791666666667,67.62722222222222,-21.88882,112.6082,99.72097,*,F,6776.41507610675,114.7158539532893,2.620892149326327e-08
HD 144582, ,16,6,23.1,+,5,24,45,17,39,7.384,0.274,2.688,0.02,3.836,0.02,130,1.73,1.56,1.1,1.0,1.3,1.76,1.65,1.89,-34.7,1.1,1.5,2,754,0.208,35,-40,20,2,7.7,1.0,-42,-15,0,7.903,0.081,6.88,8.45,0.1,0.13,241.59625,5.4125000000000005,96.61449,29.538013,81.81165,*,F,6854.882264526614,101.0289754968755,6.087642634523737e-08
HD 144766, ,16,8,7.1,-,18,14,35,355,24,7.023,0.361,2.626,0.011,3.772,-0.17,34,4.38,0.48,7.0,3.4,9.9,1.01,0.96,1.07,-18.1,0.2,0.6,7,2105,0.025,5,17,-129,1,29.6,1.0,-11,-13,-22,7.969,0.014,7.53,7.97,0.03,0.22,242.02958333333328,-18.24305555555556,30.942348,-2.7071137,13.829046,PM*,F,5915.616341754737,31.06054352933689,2.368367811421648e-06
HD 144880, ,16,9,11.1,-,32,6,1,345,14,7.452,0.347,2.617,0.016,3.777,-0.57,56,3.73,1.35,7.9,6.5,9.3,1.01,0.97,1.06,4.5,0.2,0.2,5,4890,0.926,3,-11,-307,2,18.0,1.0,2,-61,-53,7.948,0.014,5.07,7.98,0.22,0.92,242.29624999999996,-32.10027777777778,52.48508,-14.06335,13.5476265,PM*,F,5984.115950603199,54.33655708479237,9.648263369592704e-07
HD 145158, ,16,11,18.7,-,45,20,0,336,4,6.66,0.307,2.643,-0.008,3.803,-0.09,38,3.75,0.33,2.5,0.6,3.9,1.21,1.16,1.26,-4.3,0.3,0.5,2,1000,0.206,8,-102,-61,1,26.2,0.9,-13,-17,4,7.965,0.003,7.24,7.97,0.05,0.17,242.82791666666665,-45.333333333333336,34.63017,-15.418338,2.6507459,PM*,F,6353.309318517436,37.907437540819664,9.91857199255793e-07
HD 145184, ,16,9,12.6,+,12,55,56,26,42,7.682,0.261,2.661,-0.009,3.823,-0.55,63,3.68,0.37,1.3,0.0,3.1,1.18,1.12,1.23,-12.2,0.6,0.4,2,380,0.673,17,2,93,2,15.8,1.1,-26,16,0,7.958,0.042,7.86,9.49,0.09,0.12,242.30249999999992,12.932222222222222,42.07985,20.523714,42.155228,PM*,F,6652.731562017413,46.81812269171305,9.004283284894444e-07
HD 145228, ,16,9,27.9,+,11,44,52,25,41,7.046,0.227,2.722,0.0,3.849,-0.19,89,2.29,0.96,1.4,1.1,1.6,1.57,1.5,1.63,-13.1,1.5,2.1,2,746,0.018,16,-7,11,2,11.2,0.9,-13,-3,-5,7.939,0.059,7.91,8.12,0.01,0.07,242.36625,11.747777777777776,60.875923,28.386911,58.38925,*,F,7063.175542629623,67.16915004095146,1.3196207927532493e-07
HD 145327, ,16,22,22.0,-,80,44,44,311,-21,7.041,0.285,2.662,0.001,3.816,-0.19,88,2.31,1.58,1.8,1.6,2.0,1.55,1.49,1.61,1.5,1.5,0.3,2,1355,0.881,40,-45,-9,2,11.3,0.6,-8,-14,10,7.946,-0.032,7.41,7.95,0.04,0.27,245.59166666666664,-80.74555555555555,53.898563,-62.003235,-31.536379,*,F,6546.361740672747,82.15507436507006,1.356591682296914e-07
HD 145368, ,16,4,0.2,+,73,8,54,107,37,6.847,0.322,2.634,0.001,3.794,-0.22,54,3.19,1.22,2.9,2.5,4.7,1.28,1.17,1.34,-21.6,0.4,0.6,2,1122,0.145,7,-51,92,2,18.6,0.6,-21,-23,-15,8.013,0.033,6.91,8.07,0.08,0.11,241.0008333333333,73.14833333333334,-12.608916,41.241905,32.49801,PM*,F,6223.002851691595,43.126320162101486,4.5756115747093316e-07
HD 145435, ,16,9,17.4,+,41,5,42,65,47,6.702,0.359,2.632,0.025,3.774,-0.34,37,3.87,1.1,8.3,7.2,9.6,1.02,0.98,1.08,-42.8,0.2,0.3,2,757,0.368,5,-210,62,1,27.2,0.6,-35,-45,-7,7.99,0.027,5.68,8.14,0.18,0.03,242.3225,41.095,10.664323,22.869715,27.060087,PM*,F,5942.921586155727,25.23393844071024,1.1707095199013407e-06
HD 145436, ,16,10,42.3,+,10,2,16,23,40,7.528,0.272,2.687,0.015,3.821,-0.18,76,3.13,0.64,2.1,1.5,2.5,1.33,1.27,1.39,-24.2,2.7,0.0,1,0,0.0,55,-31,14,2,13.2,0.9,-24,-11,-6,7.947,0.049,7.42,8.15,0.05,0.05,242.67625,10.037777777777778,53.591217,22.748121,48.851856,*,F,6622.165037017622,58.219374340263485,4.2116197144500654e-07
HD 145676, ,16,11,7.9,+,26,53,31,45,46,7.524,0.308,2.642,0.006,3.801,-0.38,90,2.75,1.64,2.4,2.2,2.7,1.35,1.28,1.42,9.7,0.7,0.8,2,688,0.438,24,22,-72,2,11.1,0.8,33,-7,-4,7.955,0.065,6.98,9.01,0.13,0.09,242.78291666666664,26.891944444444444,44.20779,44.20779,64.74058,PM*,F,6324.118513762197,62.519256180541696,2.4914326408057216e-07
HD 145729, ,16,11,23.7,+,28,26,18,47,46,7.593,0.367,2.607,0.001,3.769,-0.22,45,4.31,0.67,7.7,5.0,11.6,0.99,0.95,1.05,-33.2,0.2,0.1,4,1131,0.992,1,-102,-70,2,22.1,0.8,-11,-39,-11,7.979,0.033,6.05,7.98,0.14,0.06,242.84874999999997,28.438333333333333,21.319014,22.861845,32.37029,PM*,F,5874.893525297769,31.259627552743183,2.1500529222217495e-06
HD 145853, ,16,13,14.6,-,1,24,7,11,34,7.711,0.344,2.629,0.017,3.782,-0.48,101,2.69,2.21,3.6,2.9,4.4,1.2,1.14,1.31,-46.8,0.3,0.5,4,667,0.216,7,-49,-68,1,9.9,1.0,-30,-47,-25,7.918,0.056,5.57,8.02,0.18,0.28,243.31083333333328,-1.4019444444444444,82.19439,15.976971,56.47848,PM*,F,6053.408747539136,83.73279733656904,2.2932381072814994e-07
HD 146213, ,16,15,24.8,-,11,2,48,2,28,7.694,0.383,2.626,0.036,3.787,0.08,108,2.38,1.9,2.0,1.7,2.3,1.57,1.48,1.66,-58.3,0.2,0.1,2,669,0.981,8,-132,-22,2,9.3,1.0,-71,-54,13,7.905,0.05,4.97,8.6,0.27,0.34,243.8533333333333,-11.046666666666669,95.30025,3.3279579,50.70293,PM*,F,6123.503917247734,95.3583397183837,1.4943390650469713e-07
HD 146418, ,16,17,45.3,-,37,45,14,342,9,7.649,0.284,2.676,0.01,3.817,-0.05,88,2.91,0.83,1.9,1.5,2.3,1.41,1.35,1.47,-39.9,0.4,0.1,2,585,0.961,22,-47,-68,2,11.3,0.9,-46,-21,-13,7.917,0.014,6.56,8.46,0.13,0.09,244.43875,-37.75388888888889,82.662575,-26.858694,13.766233,PM*,F,6561.452663029057,86.91657350020341,3.107772002987818e-07
HD 146870, ,16,15,47.2,+,53,14,12,82,44,6.953,0.264,2.68,0.003,3.829,-0.12,86,2.28,1.26,1.5,1.4,1.7,1.59,1.53,1.64,9.2,1.2,2.0,3,1243,0.191,80,13,-62,1,11.6,0.6,26,2,7,7.992,0.06,7.39,9.26,0.11,0.24,243.94666666666663,53.236666666666665,8.609696,61.26117,59.740623,PM*,F,6745.280276979222,61.863218595392496,1.3015149167049192e-07
HD 147387, ,16,23,11.3,-,34,55,29,345,10,7.167,0.229,2.696,-0.008,3.851,0.0,146,1.35,1.71,0.9,0.8,1.1,1.91,1.8,2.05,-5.7,0.7,0.4,3,1028,0.876,70,-29,-50,2,6.2,0.9,-13,-37,-11,7.862,0.026,6.08,7.86,0.13,0.05,245.7970833333333,-34.92472222222222,138.88266,-37.213535,25.352634,PM*,F,7095.777679633888,143.78191971131773,3.6012158251551364e-08
HD 147652, ,16,24,31.9,-,35,10,30,345,10,7.543,0.299,2.64,-0.021,3.809,0.07,87,2.85,0.95,1.9,1.6,2.3,1.44,1.38,1.52,37.9,0.4,0.0,1,0,0.0,7,51,-13,2,11.5,1.0,42,0,-12,7.917,0.015,6.95,9.51,0.16,0.07,246.13291666666663,-35.175,82.75885,-22.17519,15.107391,PM*,F,6441.692655151775,85.6782720697529,2.860547409256632e-07
HD 147753, ,16,24,3.8,-,11,1,25,4,26,7.599,0.341,2.641,0.038,3.804,-0.32,90,2.66,1.61,2.3,2.0,2.8,1.37,1.26,1.46,-33.0,0.3,0.6,3,260,0.277,16,-4,20,2,8.1,1.1,-33,4,-8,7.919,0.039,7.6,8.86,0.08,0.05,246.0158333333333,-11.023611111111112,80.69442,5.642703,39.453403,*,F,6367.955209079156,80.89146751223275,2.2001340883422769e-07
HD 148004, ,16,19,32.8,+,70,22,6,103,38,7.531,0.352,2.613,0.0,3.776,-0.26,43,4.34,0.51,7.0,3.7,9.3,1.0,0.95,1.06,-3.8,0.4,0.2,2,444,0.808,15,62,27,2,23.0,0.6,0,6,-13,8.008,0.027,7.94,8.8,0.05,0.1,244.88666666666663,70.36833333333333,-7.6223445,33.016006,26.473444,PM*,F,5970.352865838366,33.88446233701689,2.2410376349497367e-06
HD 148049, ,16,23,7.0,+,50,20,39,78,44,7.421,0.352,2.6,-0.009,3.775,-0.48,52,3.86,1.2,8.5,7.4,9.9,0.99,0.96,1.05,-32.0,0.3,0.4,2,381,0.257,2,56,-8,1,19.4,0.6,1,-15,-32,7.992,0.036,7.36,8.11,0.05,0.4,245.7791666666666,50.344166666666666,7.777075,36.58827,36.12224,PM*,F,5956.621435290103,37.40567332836725,1.1546467831118574e-06
HD 148198, ,16,27,1.6,-,17,46,7,359,21,7.22,0.311,2.657,0.002,3.804,0.17,58,3.41,0.41,2.0,1.1,2.6,1.36,1.31,1.41,-3.3,0.3,0.2,2,1482,0.656,8,11,-38,2,17.3,0.9,0,-6,-10,7.946,0.021,7.67,8.17,0.03,0.04,246.7566666666666,-17.76861111111111,54.139416,-0.945018,20.785341,*,F,6367.955209079156,54.14766314294071,6.20082036107695e-07
HD 148211, ,16,27,12.9,-,22,7,36,355,18,7.697,0.364,2.586,-0.007,3.767,-0.67,53,4.09,1.27,11.0,8.6,13.3,0.9,0.86,0.96,-15.5,0.2,0.4,7,4705,0.483,3,-277,-301,1,19.0,1.0,-24,-100,-2,7.95,0.016,3.35,7.97,0.41,0.08,246.80375,-22.12666666666667,50.214188,-4.3931866,16.377901,PM*,F,5847.900841444806,50.40599929573625,1.5865331463088641e-06
HD 148433, ,16,25,31.9,+,51,8,18,79,43,7.24,0.244,2.673,-0.013,3.834,-0.47,119,1.86,1.9,1.4,1.3,1.6,1.62,1.55,1.68,-19.7,0.5,0.2,2,379,0.752,11,-46,-19,2,8.4,0.6,0,-34,6,7.983,0.082,6.33,8.02,0.12,0.22,246.3829166666667,51.138333333333335,16.60632,85.43208,81.1578,*,F,6823.3869414166975,87.03108730257712,7.285328680848555e-08
HD 148484, ,16,30,53.7,-,50,58,15,334,-2,7.424,0.255,2.699,0.018,3.833,-0.19,87,2.73,0.8,1.7,1.3,2.0,1.41,1.34,1.49,-17.0,0.8,0.1,2,384,0.99,35,-63,-29,2,0.0,0.0,-26,-17,11,7.922,-0.003,7.09,8.1,0.07,0.28,247.72375,-50.97083333333334,78.147446,-38.115067,-3.036256,PM*,F,6807.693586937417,86.94700482901872,2.423534184571079e-07
HD 148711, ,16,29,51.1,+,5,58,14,21,34,6.905,0.279,2.69,0.03,3.844,0.14,148,0.92,2.14,0.8,0.7,0.9,2.14,2.03,2.29,10.1,1.1,1.6,2,705,0.105,21,7,4,1,7.5,1.0,8,8,3,7.886,0.083,7.72,8.97,0.07,0.19,247.46291666666667,5.970555555555555,114.54804,43.970875,82.76055,*,F,6982.324040771711,122.69756035108125,1.9881500110489894e-08
HD 148816, ,16,30,28.4,+,4,10,41,19,33,7.282,0.369,2.588,0.004,3.763,-0.76,41,4.21,1.29,12.3,9.0,15.5,0.87,0.82,0.92,-47.8,0.2,0.5,8,3296,0.17,2,-434,-1392,2,24.3,0.9,86,-264,-78,7.967,0.022,0.65,9.14,0.87,1.79,247.6183333333333,4.178055555555556,32.512123,11.194821,22.3302,PM*,F,5794.286964268809,34.385493441118015,1.8726178117338145e-06
HD 148967, ,16,32,1.0,-,9,41,45,6,25,7.3,0.309,2.646,0.014,3.801,-0.45,84,2.68,1.77,2.4,2.1,3.6,1.35,1.24,1.42,19.2,0.6,0.8,2,615,0.026,8,5,18,2,11.9,1.0,15,9,11,7.924,0.036,7.65,9.23,0.09,0.29,248.00416666666663,-9.695833333333333,75.71281,7.9577365,35.499935,*,F,6324.118513762197,76.12985727229187,2.2617737008794846e-07
HD 149013, ,16,32,38.1,-,15,59,15,1,21,7.032,0.338,2.635,0.008,3.785,-0.17,41,3.95,0.62,4.4,2.8,6.6,1.09,1.04,1.16,-5.9,0.2,0.1,2,1599,0.898,2,-46,-130,2,24.2,1.1,-1,-26,-10,7.961,0.015,6.73,8.0,0.09,0.04,248.15875,-15.9875,38.270966,0.66802216,14.693086,PM*,F,6095.368972401694,38.27679574075405,1.307522436604637e-06
HD 149079, ,16,36,51.4,-,65,35,12,324,-12,7.7,0.359,2.631,0.019,3.772,-0.31,47,4.33,0.66,7.5,4.9,10.8,0.98,0.94,1.04,28.0,0.2,0.4,5,1364,0.213,4,-146,59,2,21.2,0.8,21,-29,27,7.963,-0.01,6.41,8.32,0.13,0.62,249.21416666666667,-65.58666666666666,37.192886,-27.022217,-9.77185,PM*,F,5915.616341754737,45.97293748069711,2.2102894458784104e-06
HD 149200, ,16,33,23.3,-,4,15,43,11,28,7.238,0.331,2.65,0.012,3.793,0.07,53,3.63,0.52,2.9,1.9,3.7,1.26,1.21,1.31,-6.9,0.2,0.2,4,733,0.827,6,-64,-50,2,19.0,1.0,-5,-21,2,7.954,0.025,7.03,7.97,0.06,0.14,248.3470833333333,-4.2619444444444445,45.936443,8.92914,24.881994,PM*,F,6208.690342300638,46.796221392670674,8.403286101222213e-07
HD 149504, ,16,33,41.8,+,38,5,27,61,43,6.587,0.302,2.647,-0.001,3.804,-0.27,56,2.83,1.4,2.5,2.2,2.7,1.37,1.33,1.42,-46.8,0.4,0.0,1,0,0.0,3,-36,83,2,17.7,0.6,-39,-26,-24,7.98,0.038,6.53,8.31,0.12,0.26,248.42416666666665,38.090833333333336,19.855768,35.820755,38.191906,PM*,F,6367.955209079156,40.955805591391425,2.7825895508367783e-07
HD 149652, ,16,36,3.0,+,1,22,53,17,30,7.262,0.327,2.62,-0.015,3.791,-0.16,52,3.69,0.73,3.7,2.9,4.5,1.16,1.08,1.23,-31.3,0.4,0.6,2,372,0.149,6,-146,-88,1,19.3,1.0,-24,-46,1,7.957,0.026,5.67,8.01,0.17,0.12,249.0125,1.381388888888889,43.06558,13.166469,26.0,PM*,F,6180.164001384158,45.033321959015645,9.129545342952947e-07
HD 149663, ,16,36,45.1,-,13,43,15,3,22,7.717,0.327,2.651,0.02,3.802,-0.11,76,3.22,0.9,2.7,2.2,3.1,1.3,1.24,1.36,-11.1,0.3,0.4,2,1478,0.331,10,-60,-13,2,13.1,0.9,-14,-18,9,7.929,0.028,7.18,7.94,0.05,0.25,249.18791666666664,-13.720833333333331,70.3694,3.6879044,28.4701,PM*,F,6338.69711256927,70.46597118626507,4.769239694453286e-07
HD 149879, ,16,40,55.2,-,58,52,7,329,-8,7.348,0.235,2.706,0.008,3.843,-0.17,87,2.65,0.68,1.5,1.1,1.8,1.47,1.41,1.53,17.0,1.3,1.1,2,235,0.542,50,-37,-32,2,11.5,0.9,5,-26,1,7.926,-0.012,6.65,8.03,0.09,0.12,250.23,-58.86861111111112,73.8478,-44.372246,-12.10806,*,F,6966.265141107687,86.15331554806534,2.1699471169699102e-07
HD 150012, ,16,37,48.0,+,13,41,13,31,36,6.26,0.276,2.664,-0.014,3.824,0.14,69,2.05,1.37,1.2,1.1,1.4,1.73,1.68,1.83,-19.1,0.7,0.3,2,357,0.773,35,-33,-63,1,14.4,0.7,-2,-28,-10,7.951,0.041,6.59,7.98,0.1,0.05,249.45,13.686944444444444,47.84894,28.750546,40.557182,PM*,F,6668.067692136218,55.82217260571032,9.472162716812682e-08
HD 150017, ,16,39,35.2,-,7,30,44,9,25,7.448,0.259,2.693,0.008,3.837,0.26,104,2.36,0.73,1.1,0.7,1.6,1.65,1.57,1.75,-36.1,0.9,1.8,4,1224,0.086,100,-20,-4,2,9.6,1.2,-34,-14,-9,7.907,0.044,7.08,8.29,0.08,0.05,249.89666666666665,-7.512222222222222,93.09556,14.744888,43.9523,*,F,6870.684400142324,94.25600783953321,1.4536141769059028e-07
HD 150177, ,16,39,39.1,-,9,33,16,8,24,6.34,0.337,2.613,0.003,3.782,-0.74,43,3.15,1.94,5.5,4.8,6.2,1.1,1.07,1.13,-18.2,0.2,0.4,5,1107,0.319,5,11,-147,1,23.0,0.9,-5,-25,-25,7.961,0.017,6.84,7.97,0.08,0.27,249.91291666666663,-9.554444444444446,38.900158,5.4670606,17.489676,PM*,F,6053.408747539136,39.282452113240545,4.3296137079654303e-07
HD 150258, ,16,40,1.7,-,6,4,52,11,26,6.733,0.338,2.613,-0.015,3.79,0.04,72,2.45,1.8,2.0,1.7,2.2,1.55,1.49,1.62,-7.1,0.2,0.1,2,331,0.789,9,-29,-99,2,13.9,1.0,5,-33,-13,7.936,0.031,6.28,8.01,0.12,0.09,250.0070833333333,-6.081111111111111,63.524208,12.347856,31.562723,PM*,F,6165.9500186148225,64.71317137819781,1.6460732219326072e-07
HD 150749, ,16,41,39.4,+,34,35,21,57,41,7.643,0.258,2.684,-0.002,3.829,-0.15,86,2.97,0.6,1.8,1.3,2.2,1.39,1.34,1.44,-7.4,1.0,0.0,1,0,0.0,24,-60,-35,2,11.6,0.7,4,-27,12,7.964,0.056,6.68,8.04,0.09,0.31,250.41416666666663,34.58916666666667,35.349815,54.433937,56.421078,PM*,F,6745.280276979222,64.9050299888552,3.3763631364056964e-07
HD 150926, ,16,45,35.5,-,33,51,1,349,8,7.115,0.348,2.634,0.017,3.783,-0.2,81,2.56,2.08,2.4,2.0,3.3,1.42,1.36,1.52,40.8,0.2,0.4,3,2865,0.272,5,40,-83,2,12.3,1.0,42,-22,-26,7.921,0.011,6.3,8.86,0.17,0.3,251.39791666666665,-33.85027777777778,78.738,-15.30513,11.273022,PM*,F,6067.363295885053,80.21171764971064,1.9162366839673378e-07
HD 151021, ,16,52,26.7,-,74,49,46,317,-19,7.6,0.306,2.645,-0.004,3.802,-0.16,57,3.8,0.37,3.0,0.9,4.2,1.18,1.12,1.24,0.1,0.3,0.2,2,1421,0.632,5,69,-6,2,17.4,0.8,3,10,-15,7.96,-0.019,7.88,9.09,0.07,0.13,253.11125,-74.82944444444443,39.41599,-36.755993,-18.557384,PM*,F,6338.69711256927,53.89455713795363,1.0627941370414843e-06
HD 151043, ,16,35,21.3,+,77,45,18,111,33,6.895,0.397,2.613,0.027,3.776,0.12,92,1.97,2.54,1.6,1.4,1.8,1.72,1.69,1.83,-20.2,0.3,0.1,2,1122,0.987,10,18,-3,1,10.9,0.6,9,-11,-16,8.027,0.051,7.39,8.36,0.06,0.14,248.83875,77.755,-27.65084,72.03291,50.106792,*,F,5970.352865838366,77.1576896736398,8.481040750186614e-08
HD 151044, ,16,42,27.8,+,49,56,11,77,41,6.46,0.358,2.626,0.014,3.774,-0.24,29,4.12,0.76,6.9,4.7,10.9,1.01,0.97,1.08,-13.6,0.2,0.1,3,1995,0.948,6,132,-107,1,34.0,0.5,16,-3,-22,7.995,0.019,7.47,8.76,0.08,0.23,250.6158333333333,49.936388888888885,4.9234085,21.325626,19.025711,PM*,F,5942.921586155727,21.886577520246245,1.6536711507079238e-06
HD 151379, ,16,48,37.7,-,37,15,7,346,5,7.392,0.298,2.645,-0.008,3.806,-0.2,68,3.21,0.91,2.7,2.2,3.1,1.28,1.22,1.34,-45.2,0.6,0.2,2,1009,0.773,23,-26,-108,2,14.6,1.0,-50,-21,-20,7.934,0.006,6.53,8.57,0.13,0.2,252.15708333333333,-37.25194444444445,65.72904,-16.38808,5.92659,PM*,F,6397.348354826482,67.74124198306376,4.70380327269733e-07
HD 151766, ,16,48,42.7,+,18,19,8,37,35,7.606,0.348,2.617,0.003,3.784,-0.17,109,2.42,2.17,2.2,1.9,2.8,1.46,1.38,1.56,-40.4,0.3,0.1,2,688,0.985,8,-1,22,1,9.2,0.9,-35,-13,-19,7.929,0.062,7.11,8.35,0.08,0.2,252.17791666666668,18.31888888888889,71.30823,53.7346,62.519833,*,F,6081.350012787177,89.28757417968582,1.5792436886436074e-07
HD 151772, ,16,51,52.8,-,49,6,54,338,-3,7.236,0.298,2.65,0.01,3.803,-0.55,53,3.6,0.89,3.5,2.7,4.3,1.13,1.07,1.18,-5.4,0.3,0.5,3,563,0.249,10,54,-28,1,18.7,0.9,-5,5,-15,7.951,-0.003,7.93,8.67,0.04,0.11,252.97,-49.115,49.0734,-19.82694,-2.7738059,PM*,F,6353.309318517436,52.927366619959464,8.062117992321641e-07
HD 151783, ,16,49,25.6,+,0,53,25,19,27,7.391,0.24,2.696,0.004,3.841,-0.22,87,2.69,0.72,1.6,1.2,1.9,1.44,1.38,1.5,20.6,2.7,2.3,3,1106,0.52,110,32,-43,2,11.5,1.0,29,1,-9,7.927,0.04,7.23,9.18,0.12,0.05,252.35666666666663,0.8902777777777777,73.294304,25.237251,39.497173,PM*,F,6934.258060165695,77.51757114926535,2.2932381072814994e-07
HD 151900, ,16,50,22.2,-,2,39,15,16,25,6.32,0.282,2.648,-0.005,3.813,-0.58,60,2.43,1.86,2.1,1.9,2.3,1.41,1.36,1.46,29.2,0.9,1.9,5,4682,0.179,35,3,-46,1,16.7,0.9,31,-2,6,7.948,0.026,7.15,9.18,0.12,0.21,252.59249999999997,-2.654166666666667,52.271935,14.988736,25.357096,*,F,6501.296903430909,54.378464446156634,1.601213156768543e-07
HD 151939, ,16,49,57.1,+,15,22,37,34,34,6.988,0.317,2.647,0.007,3.8,-0.11,93,2.13,2.04,1.7,1.5,1.9,1.61,1.55,1.69,-22.4,0.6,0.5,2,676,0.595,23,-51,-22,1,10.7,0.8,-13,-30,2,7.935,0.052,6.48,7.94,0.1,0.14,252.48791666666665,15.376944444444446,63.91921,43.114048,52.00494,PM*,F,6309.57344480193,77.10049637953314,1.0579110415405388e-07
HD 152237, ,16,55,42.5,-,59,25,2,330,-10,7.405,0.289,2.664,0.011,3.812,-0.35,90,2.63,1.49,2.2,1.9,2.5,1.4,1.33,1.46,1.1,0.3,0.5,2,449,0.206,9,-44,-31,2,11.1,0.9,-9,-20,6,7.923,-0.016,7.04,7.92,0.06,0.2,253.9270833333333,-59.41722222222222,76.75816,-44.316364,-15.628336,PM*,F,6486.344335482381,88.63269850775218,2.1108100337753084e-07
HD 152433, ,16,54,40.4,-,32,11,24,351,7,7.692,0.34,2.625,-0.007,3.785,0.0,56,3.97,0.44,3.6,1.9,5.5,1.15,1.08,1.21,14.6,0.1,0.3,6,2923,0.586,3,60,-30,2,18.0,1.0,17,1,-15,7.946,0.007,7.5,8.88,0.08,0.12,253.6683333333333,-32.19,54.898273,-8.695025,6.8246837,PM*,F,6095.368972401694,55.58258574529575,1.3441543749956051e-06
HD 152446, ,16,52,41.1,+,18,3,43,37,34,6.817,0.336,2.617,-0.012,3.787,-0.2,48,3.43,1.12,5.1,2.9,5.9,1.16,1.12,1.26,-42.9,0.3,0.5,3,1993,0.282,9,29,-23,1,21.0,0.8,-23,-21,-31,7.969,0.027,7.0,8.07,0.07,0.38,253.17125,18.06194444444445,31.780746,23.948507,26.841259,*,F,6123.503917247734,39.79380358605552,6.37454439294158e-07
HD 152671, ,16,58,41.5,-,61,44,29,328,-12,7.26,0.277,2.677,0.013,3.818,-0.32,78,2.8,1.16,2.2,1.9,2.5,1.37,1.3,1.42,-0.3,0.5,0.3,2,449,0.721,21,34,-79,2,12.8,0.9,-13,-11,-27,7.935,-0.016,7.61,7.95,0.02,0.3,254.67291666666665,-61.74138888888889,64.70227,-40.430466,-16.217113,PM*,F,6576.578373554205,76.29551968582464,2.669618172322438e-07
HD 153376, ,16,58,37.9,+,15,27,15,35,32,6.9,0.402,2.608,0.024,3.771,0.14,53,3.16,1.46,2.9,2.5,4.4,1.4,1.37,1.44,-45.1,0.2,0.2,2,688,0.558,5,-21,140,1,18.7,0.8,-57,-2,-8,7.963,0.028,7.03,9.33,0.14,0.03,254.6579166666666,15.454166666666666,36.818058,25.780281,28.085722,PM*,F,5902.010801718442,44.946549181559256,4.3898446343477515e-07
HD 153627, ,17,0,16.3,+,10,49,22,30,30,7.386,0.372,2.603,0.008,3.765,-0.39,43,4.23,0.99,11.4,6.8,13.8,0.97,0.88,1.02,-1.6,0.3,0.5,2,357,0.207,4,96,-101,2,23.4,0.9,15,-3,-24,7.968,0.021,7.47,8.7,0.08,0.26,255.06791666666663,10.822777777777777,32.249996,18.619545,21.5,PM*,F,5821.032177708716,37.239088307946545,1.9250816306242964e-06
HD 153897, ,17,1,9.6,+,27,11,47,48,35,6.55,0.274,2.672,-0.003,3.82,-0.14,43,3.39,0.36,1.9,0.7,2.6,1.29,1.25,1.35,-31.2,0.6,1.5,7,2015,0.466,35,-5,-61,2,23.3,0.7,-7,-26,-20,7.977,0.025,6.75,7.98,0.08,0.19,255.29,27.19638888888889,23.569145,26.176191,24.663788,PM*,F,6606.934480075957,35.22353717756787,6.031830791377278e-07
HD 153950, ,17,4,30.8,-,43,18,35,343,-1,7.394,0.358,2.646,0.031,3.795,0.2,52,3.69,0.31,2.3,0.4,3.7,1.28,1.24,1.33,33.0,0.2,0.3,5,1774,0.381,5,111,-140,1,19.3,1.3,28,-19,-43,7.95,-0.001,6.7,8.62,0.13,0.67,256.12833333333333,-43.30972222222222,49.720272,-15.201015,-0.9075251,PM*,F,6237.348354824191,51.99207925044169,9.129545342952947e-07
HD 153970, ,17,0,28.8,+,45,46,43,71,38,7.497,0.336,2.63,0.0,3.786,-0.15,43,4.31,0.21,3.2,0.0,6.8,1.07,1.01,1.14,-49.9,0.2,0.3,4,1715,0.646,5,-149,70,1,23.0,0.6,-32,-51,-6,7.989,0.027,5.42,8.09,0.2,0.03,255.11999999999995,45.77861111111111,11.031702,32.03839,26.473444,PM*,F,6109.420249055721,33.88446373795672,2.1500529222217495e-06
HD 154355, ,17,1,31.0,+,58,33,22,87,37,7.279,0.329,2.645,0.016,3.791,-0.24,63,3.27,1.22,4.6,2.7,5.2,1.18,1.14,1.3,-20.0,0.3,0.2,2,739,0.718,8,-64,-35,1,15.8,0.5,6,-29,4,7.998,0.038,6.55,8.1,0.11,0.18,255.37916666666663,58.55611111111111,2.633234,50.245083,37.914345,PM*,F,6180.164001384158,50.31403667939639,5.110332403912194e-07
HD 154865, ,17,8,25.0,-,12,2,0,10,16,7.704,0.346,2.605,-0.012,3.779,-0.55,79,3.22,1.8,5.5,4.6,6.5,1.1,1.05,1.15,-51.9,0.2,0.3,4,1030,0.707,9,-61,-4,2,12.7,1.0,-52,-23,3,7.926,0.022,6.43,8.58,0.14,0.15,257.10416666666663,-12.033333333333331,74.78598,13.186786,21.77535,PM*,F,6011.737374832779,75.93967427879971,4.769239694453286e-07
HD 154974, ,17,8,15.7,+,16,5,38,37,30,6.673,0.332,2.62,-0.014,3.792,-0.17,80,2.16,2.25,1.8,1.6,2.0,1.59,1.52,1.66,-25.6,0.3,0.2,2,740,0.593,8,-48,-14,1,12.5,0.9,-17,-27,0,7.944,0.04,6.65,7.96,0.09,0.11,257.06541666666664,16.093888888888888,55.33109,41.69496,40.0,PM*,F,6194.410750767812,69.28202660134662,1.1026791173453256e-07
HD 155060, ,17,7,55.8,+,32,6,19,55,35,7.222,0.365,2.613,0.003,3.771,-0.16,36,4.43,0.45,7.2,3.1,10.3,1.0,0.95,1.07,-10.8,0.2,0.2,4,1384,0.787,3,-160,-39,2,27.7,0.7,-3,-26,15,7.983,0.021,6.77,8.0,0.08,0.34,256.9825,32.10527777777778,16.914467,24.156363,20.648752,PM*,F,5902.010801718442,29.489473838674332,2.5377518318416318e-06
HD 155092, ,17,8,21.3,+,28,14,1,50,34,7.079,0.286,2.676,0.014,3.816,-0.11,71,2.81,1.0,2.0,1.7,2.3,1.43,1.38,1.47,7.4,0.4,0.3,2,751,0.579,17,-5,-132,1,14.0,0.7,41,-19,-4,7.962,0.04,6.46,8.94,0.16,0.06,257.08875,28.233611111111117,37.835552,45.090656,39.702694,PM*,F,6546.361740672747,58.86167049664017,2.706756260487269e-07
HD 155193, ,17,9,41.0,+,10,2,19,31,27,7.015,0.351,2.629,0.014,3.78,-0.22,61,3.08,1.65,4.2,3.8,4.8,1.29,1.15,1.36,3.7,0.3,0.3,2,672,0.397,5,-67,-135,2,16.3,0.9,25,-36,2,7.953,0.028,5.98,8.3,0.16,0.14,257.4208333333333,10.038611111111113,46.58824,27.99304,27.69342,PM*,F,6025.595860743575,54.35139735774233,3.9305122118319165e-07
HD 155395, ,17,10,30.6,+,21,12,56,42,31,7.59,0.248,2.692,0.004,3.841,-0.05,122,2.16,1.1,1.3,1.1,1.5,1.62,1.54,1.71,-84.0,6.9,0.0,1,0,0.0,29,-8,23,2,8.2,0.9,-64,-44,-36,7.923,0.063,5.48,8.58,0.22,0.52,257.6275,21.215555555555557,77.71393,69.97394,62.834644,*,F,6934.258060165695,104.57440984853083,1.1026791173453256e-07
HD 155423, ,17,11,22.5,+,4,41,24,25,24,6.781,0.352,2.642,0.02,3.795,0.25,44,3.48,0.49,2.5,1.2,3.7,1.34,1.3,1.37,-33.5,0.3,0.1,2,662,0.759,10,-58,-1,1,22.8,0.8,-29,-20,-4,7.964,0.018,6.91,8.16,0.08,0.05,257.84375,4.69,36.429947,16.987564,17.896412,PM*,F,6237.348354824191,40.19599941632133,6.830447379131052e-07
HD 155513, ,17,8,7.5,+,61,9,34,91,36,6.727,0.333,2.635,0.009,3.793,-0.15,110,1.52,2.84,0.0,0.0,0.0,0.0,0.0,0.0,-10.2,1.0,0.7,2,389,0.603,40,-21,61,2,9.1,0.5,-33,-12,-1,8.001,0.064,7.25,8.4,0.07,0.11,257.03125,61.159444444444446,-1.5531172,88.97832,64.65638,PM*,F,6208.690342300638,88.99187380350712,4.5545885491620235e-08
HD 155515, ,17,12,31.4,-,10,16,41,12,17,7.566,0.334,2.61,-0.006,3.784,-0.35,42,4.43,0.32,3.8,0.0,8.4,1.01,0.95,1.08,-0.7,0.3,0.4,2,668,0.191,4,100,-1,2,23.6,0.9,2,11,-16,7.96,0.012,7.89,9.14,0.07,0.14,258.13083333333327,-10.278055555555556,39.2871,8.350732,12.279611,PM*,F,6081.350012787177,40.16479741447508,2.5377518318416318e-06
HD 155559, ,17,10,32.0,+,39,51,7,64,36,7.539,0.31,2.654,0.014,3.799,-0.34,70,3.32,1.08,3.1,2.6,5.1,1.21,1.12,1.27,-38.4,1.2,1.7,2,1271,0.116,22,-1,35,1,14.3,0.7,-25,-24,-21,7.975,0.041,6.8,8.07,0.09,0.21,257.6333333333333,39.85194444444445,24.825481,50.899776,41.144966,*,F,6295.061828571975,56.631190202321704,5.475819826973227e-07
HD 155646, ,17,12,54.3,+,0,21,7,21,22,6.653,0.329,2.627,0.001,3.793,-0.2,68,2.47,1.94,2.1,1.9,2.4,1.48,1.41,1.55,60.9,0.2,0.2,2,210,0.681,7,19,-72,1,14.6,1.0,65,7,7,7.941,0.026,6.73,10.65,0.23,0.25,258.22624999999994,0.3519444444444444,58.860847,22.594563,25.473248,PM*,F,6208.690342300638,63.04850185942865,1.6921901000562706e-07
HD 155685, ,17,14,14.2,-,26,59,3,358,7,6.64,0.287,2.654,0.003,3.814,-0.38,85,2.0,2.1,1.6,1.5,1.8,1.59,1.51,1.65,7.9,1.5,1.0,2,803,0.62,55,3,-68,1,11.8,0.8,10,-22,-15,7.916,0.01,6.79,8.11,0.09,0.12,258.5591666666666,-26.984166666666667,84.31503,-2.9443545,10.358894,PM*,F,6516.283940608428,84.36642405200406,8.839936593314357e-08
HD 155967, ,17,14,20.0,+,14,33,9,36,28,7.43,0.302,2.645,-0.006,3.803,-0.2,57,3.66,0.53,3.1,1.9,4.0,1.19,1.13,1.25,-33.5,5.1,7.2,2,1154,0.187,45,4,11,2,17.6,1.0,-26,-15,-16,7.959,0.027,7.23,8.15,0.06,0.13,258.5833333333333,14.5525,40.716217,29.582062,26.75988,*,F,6353.309318517436,50.32801127565973,8.758891567482405e-07
HD 156098, ,17,17,3.6,-,32,39,46,354,3,5.54,0.312,2.653,0.002,3.806,0.17,51,2.02,1.76,1.4,1.3,1.5,1.75,1.7,1.84,-39.7,0.2,0.1,3,1,0.838,8,-100,-55,1,19.8,0.7,-43,-21,9,7.95,0.003,6.69,8.42,0.11,0.25,259.265,-32.66277777777778,50.6511,-5.323655,2.669134,PM*,F,6397.348354826482,50.93010145060605,9.087598892331775e-08
HD 156282, ,17,14,44.0,+,42,12,12,67,35,7.636,0.362,2.596,0.0,3.769,-0.52,46,4.32,0.9,9.1,4.9,13.2,0.93,0.86,1.0,-3.7,0.2,0.4,3,1117,0.339,3,28,-79,2,0.0,0.0,16,-5,-9,7.985,0.027,7.42,8.65,0.08,0.04,258.6833333333333,42.20333333333333,14.723142,34.68554,26.384518,PM*,F,5874.893525297769,37.68099780318674,2.1799631377770527e-06
HD 156632, ,17,16,53.9,+,39,28,6,64,34,7.483,0.328,2.627,0.005,3.789,-0.56,72,3.2,1.61,4.9,4.2,5.7,1.12,1.09,1.16,-36.5,0.3,0.5,3,411,0.388,6,-40,144,1,13.9,0.6,-60,-17,-3,7.974,0.041,6.53,8.97,0.16,0.07,259.2245833333333,39.46833333333333,26.166687,53.649654,40.261887,PM*,F,6151.7687270986835,59.69071018907117,4.6392646723063425e-07
HD 156999, ,17,21,11.5,-,12,3,26,11,14,7.678,0.323,2.617,-0.008,3.79,-0.48,58,3.87,0.85,4.5,3.1,6.6,1.05,1.0,1.11,-5.4,0.3,0.4,2,668,0.228,7,-45,-96,2,17.3,1.1,1,-29,-5,7.945,0.014,6.53,8.0,0.1,0.04,260.29791666666665,-12.057222222222222,55.243183,10.738187,14.03147,PM*,F,6165.9500186148225,56.277152806609344,1.1707095199013407e-06
HD 157304, ,17,25,5.9,-,50,26,58,340,-8,7.62,0.303,2.642,-0.015,3.807,0.05,65,3.56,0.3,1.9,0.3,2.8,1.29,1.24,1.34,-13.0,0.6,0.8,2,1208,0.024,5,18,-91,1,15.4,1.1,-21,-14,-18,7.94,-0.009,7.32,8.06,0.05,0.16,261.2745833333333,-50.44944444444444,60.485588,-22.014969,-9.046252,PM*,F,6412.095765851615,64.36742356018846,7.628675643650526e-07
HD 157316, ,17,24,43.0,-,45,0,29,344,-5,6.653,0.261,2.7,0.027,3.841,-0.27,65,2.49,0.96,1.6,1.4,1.9,1.49,1.44,1.54,-1.3,0.9,0.2,2,346,0.871,35,-13,39,1,15.5,0.8,2,7,10,7.938,-0.006,7.85,8.88,0.06,0.28,261.1791666666666,-45.00805555555556,62.244244,-17.84826,-5.665123,*,F,6934.258060165695,64.75265474217359,1.7395990023861142e-07
HD 157338, ,17,24,8.7,-,34,47,54,353,1,6.921,0.37,2.608,0.007,3.767,-0.33,33,4.34,0.78,8.1,5.8,13.4,0.97,0.9,1.02,-24.4,0.1,0.2,6,2891,0.731,4,-1,-186,2,30.5,0.9,-26,-21,-17,7.967,0.0,6.91,8.11,0.08,0.14,261.03624999999994,-34.79833333333333,32.749035,-4.021079,0.5759294,PM*,F,5847.900841444806,32.99497491672733,2.2410376349497367e-06
HD 157373, ,17,20,33.7,+,48,11,19,75,35,6.358,0.29,2.656,0.012,3.807,-0.63,40,3.35,1.11,3.1,2.6,5.1,1.18,1.08,1.21,28.4,0.2,0.4,4,340,0.546,10,203,-5,2,25.0,0.7,11,44,-16,7.991,0.023,7.92,11.8,0.2,0.16,260.1404166666666,48.18861111111111,8.480487,31.649605,22.943058,PM*,F,6412.095765851615,32.76608240869198,5.707542445871613e-07
HD 157379, ,17,23,36.2,-,16,2,17,8,11,6.653,0.282,2.649,-0.016,3.819,-0.1,79,2.17,1.57,1.6,1.4,1.8,1.61,1.55,1.68,-18.0,2.0,2.8,2,771,0.135,55,19,-12,1,12.7,0.9,-16,-2,-12,7.924,0.015,7.85,8.19,0.02,0.06,260.9008333333333,-16.03805555555556,76.793846,10.792672,15.073911,*,F,6591.738952443213,77.54854319954244,1.1180189118904961e-07
HD 157427, ,17,21,38.7,+,35,49,24,60,33,7.452,0.268,2.7,0.024,3.839,0.06,83,2.76,0.44,1.1,0.7,1.5,1.51,1.46,1.57,-34.2,0.6,1.1,4,1147,0.441,40,-14,61,2,12.1,0.7,-36,-18,-10,7.965,0.045,6.89,8.33,0.09,0.06,260.41125,35.82333333333334,34.804825,60.283733,45.20504,PM*,F,6902.398038402419,69.6096567129584,2.5260919213089244e-07
HD 157466, ,17,22,27.6,+,24,52,45,47,30,6.88,0.352,2.598,-0.004,3.773,-0.49,30,4.51,0.6,8.2,2.5,11.8,0.94,0.88,1.02,35.4,0.3,0.5,3,412,0.156,5,72,-162,1,33.5,0.8,40,16,3,7.982,0.015,7.36,10.38,0.17,0.17,260.61499999999995,24.879166666666663,17.718836,19.001127,15.0,PM*,F,5929.2532458,25.980761660602347,2.8343217529717135e-06
HD 157555, ,17,26,22.4,-,48,36,53,341,-7,7.047,0.312,2.659,0.009,3.801,-0.02,47,3.71,0.35,2.5,0.8,3.7,1.23,1.18,1.28,-15.9,0.3,0.5,3,1485,0.358,14,42,-18,1,21.5,0.9,-16,7,-8,7.956,-0.006,7.93,8.77,0.05,0.01,261.5933333333333,-48.61472222222223,44.10813,-15.18764,-5.7278595,*,F,6324.118513762197,46.64966817530968,9.385321407040258e-07
HD 157749, ,17,26,15.7,-,28,24,59,358,4,7.233,0.246,2.714,0.023,3.855,0.17,87,2.44,0.43,0.8,0.5,1.1,1.65,1.57,1.74,-32.9,0.7,1.5,4,1151,0.378,40,-5,-35,2,0.0,0.0,-33,-12,-9,7.913,0.006,7.16,8.29,0.07,0.02,261.56541666666664,-28.41638888888889,86.735214,-3.0288692,6.068813,*,F,7161.43410212902,86.7880832617964,1.623488250638994e-07
HD 157856, ,17,25,57.8,-,1,39,6,21,18,6.438,0.302,2.645,0.004,3.805,-0.35,62,2.49,1.78,2.1,1.9,2.3,1.45,1.39,1.5,-15.2,0.4,0.6,2,407,0.198,15,62,52,1,16.2,0.8,-19,16,-13,7.945,0.019,7.91,9.4,0.09,0.09,261.49083333333334,-1.6516666666666666,55.049038,21.131346,19.159054,PM*,F,6382.634861905489,58.965501511452956,1.7395990023861142e-07
HD 157968, ,17,27,2.1,-,12,30,44,12,12,6.22,0.319,2.639,-0.005,3.799,0.03,45,2.94,1.12,2.3,2.0,2.6,1.42,1.38,1.46,-37.9,0.5,0.7,2,647,0.062,13,41,-64,1,22.1,0.8,-31,-14,-23,7.957,0.01,7.16,8.28,0.07,0.24,261.75875,-12.512222222222222,43.054775,9.151575,9.356027,PM*,F,6295.061828571975,44.016644298279374,3.239284925294737e-07
HD 158170, ,17,28,2.3,-,8,12,30,16,14,6.39,0.357,2.643,0.033,3.804,0.25,91,1.46,2.32,1.1,0.9,1.5,1.97,1.89,2.03,-64.0,0.6,0.8,2,353,0.019,8,-85,-131,2,11.0,0.9,-42,-82,-13,7.915,0.023,4.02,8.06,0.33,0.09,262.0095833333333,-8.208333333333332,84.87644,24.337929,22.014893,PM*,F,6367.955209079156,88.29691305522884,4.192269079588083e-08
HD 158225, ,17,26,45.9,+,31,13,9,55,31,7.146,0.302,2.664,0.013,3.807,-0.12,74,2.81,1.21,2.2,2.0,2.5,1.42,1.36,1.47,-0.6,0.4,0.6,2,756,0.225,13,8,-125,2,13.6,0.7,38,-18,-12,7.964,0.038,6.53,8.86,0.15,0.09,261.69125,31.219166666666663,36.38217,51.95913,38.112816,PM*,F,6412.095765851615,63.43038297429553,2.706756260487269e-07
HD 158806, ,17,30,35.1,+,17,31,14,40,26,6.921,0.31,2.638,-0.01,3.801,-0.09,51,3.38,0.75,2.8,2.2,3.3,1.27,1.22,1.32,-27.9,0.8,1.1,2,1235,0.129,17,-113,130,2,19.6,1.0,-44,-12,22,7.965,0.022,7.02,8.65,0.1,0.5,262.64624999999995,17.520555555555553,35.114326,29.464417,22.356928,PM*,F,6324.118513762197,45.83849648040569,5.949070970334081e-07
HD 159329, ,17,29,44.4,+,63,51,9,93,33,7.666,0.369,2.619,0.013,3.769,-0.24,45,4.41,0.59,8.0,4.9,11.8,0.98,0.93,1.04,-34.3,0.1,0.3,6,1119,0.495,3,2,-185,1,22.3,0.6,41,-28,-16,8.002,0.024,6.14,8.8,0.18,0.14,262.435,63.8525,-1.9751676,37.68845,24.508757,PM*,F,5874.893525297769,37.7401715742071,2.468591049058858e-06
HD 159332, ,17,33,22.8,+,19,15,24,42,26,5.64,0.328,2.631,0.007,3.792,-0.32,37,2.82,1.72,3.5,2.4,3.8,1.36,1.31,1.41,-57.3,0.2,0.1,3,344,0.879,10,-29,-92,1,27.3,0.7,-27,-47,-26,7.976,0.016,5.65,8.04,0.17,0.29,263.345,19.256666666666668,24.713562,22.252192,16.219732,PM*,F,6194.410750767812,33.255378445188505,2.744410990922079e-07
HD 159397, ,17,35,34.0,-,24,37,41,2,4,7.7,0.313,2.621,-0.02,3.796,-0.29,54,4.04,0.38,3.6,0.5,5.7,1.09,1.04,1.16,-16.2,0.5,0.7,2,998,0.208,15,-72,-78,1,18.5,1.1,-15,-28,4,7.946,0.004,6.63,7.96,0.09,0.16,263.8916666666666,-24.628055555555555,53.835648,1.8799821,3.7668495,PM*,F,6251.726927756856,53.86846320692864,1.4806388821497311e-06
HD 159517, ,18,1,34.1,-,85,12,53,308,-26,6.45,0.289,2.661,-0.002,3.815,-0.04,67,2.32,1.45,1.7,1.5,1.9,1.59,1.55,1.64,-11.2,1.0,1.5,2,1213,0.014,18,-5,-145,1,14.9,0.6,-44,-16,-5,7.963,-0.029,6.83,8.55,0.11,0.05,270.3920833333333,-85.21472222222222,37.074642,-47.453377,-29.370867,PM*,F,6531.305526474723,60.219200161844505,1.3754637524765194e-07
HD 160032, ,17,40,23.8,-,49,24,56,342,-10,4.76,0.269,2.663,-0.009,3.821,-0.33,22,3.06,0.84,2.3,1.9,2.6,1.31,1.27,1.35,3.6,0.2,0.5,4,345,0.405,16,106,-177,1,45.7,0.8,-3,-10,-19,7.98,-0.004,7.62,8.07,0.03,0.17,265.0991666666667,-49.41555555555556,20.605371,-6.69509,-3.82026,PM*,F,6622.165037017622,21.665768949098968,3.8233948420809556e-07
HD 160034, ,17,18,52.4,+,83,20,12,116,30,7.565,0.357,2.609,-0.007,3.775,-0.24,78,3.1,1.76,4.3,3.9,4.9,1.19,1.15,1.33,35.6,0.4,0.0,1,0,0.0,2,63,107,1,12.8,0.6,-47,31,-13,8.03,0.039,7.75,11.07,0.18,0.12,259.7183333333333,83.33666666666666,-29.611961,60.71352,39.0,PM*,F,5956.621435290103,67.54997960810884,4.0406306137483407e-07
HD 160043, ,17,39,0.6,-,28,24,45,0,2,7.685,0.293,2.644,-0.007,3.808,-0.33,81,3.13,1.06,2.7,2.3,3.1,1.26,1.18,1.33,-2.9,0.3,0.4,2,1528,0.264,4,-72,-76,1,12.3,1.1,-3,-40,8,7.919,0.002,5.99,7.93,0.14,0.22,264.75249999999994,-28.4125,80.95066,0.0,2.8268592,PM*,F,6426.877173170194,80.95066,4.2116197144500654e-07
HD 160078, ,17,34,9.1,+,60,5,21,89,33,7.28,0.35,2.633,0.027,3.794,-0.2,64,3.13,1.26,2.8,2.5,4.4,1.31,1.25,1.36,-22.2,0.3,0.2,2,734,0.747,10,51,-132,2,15.6,0.5,40,-12,-24,7.999,0.035,6.74,9.17,0.15,0.27,263.53791666666666,60.08916666666667,0.9367552,53.66674,34.8569,PM*,F,6223.002851691595,53.674914928039954,4.2116197144500654e-07
HD 160089, ,17,39,5.9,-,26,56,15,1,2,7.707,0.357,2.615,0.001,3.776,-0.14,52,4.15,0.59,6.0,3.4,8.6,1.05,0.99,1.11,-34.1,0.2,0.3,5,1771,0.403,7,-9,-76,1,19.4,1.2,-33,-18,-10,7.949,0.002,6.93,8.23,0.09,0.04,264.7745833333333,-26.9375,51.960407,0.9069722,1.8147738,PM*,F,5970.352865838366,51.968322025799736,1.7236502628677525e-06
HD 160355, ,17,41,50.3,-,47,30,44,344,-9,7.407,0.296,2.675,0.019,3.812,-0.03,75,3.03,0.8,2.0,1.6,2.5,1.35,1.28,1.43,41.6,0.3,0.4,2,332,0.356,11,0,24,1,8.2,1.2,42,-4,-2,7.929,-0.012,6.86,9.38,0.16,0.08,265.4595833333333,-47.51222222222222,71.20702,-20.418297,-11.732586,*,F,6486.344335482381,74.07662620328094,3.668167426027225e-07
HD 160488, ,17,39,40.1,+,13,17,1,37,22,7.539,0.363,2.651,0.059,3.807,-0.07,112,2.03,1.95,1.5,1.4,1.8,1.65,1.55,1.74,-11.9,1.5,1.7,3,660,0.643,55,-1,-24,2,8.9,0.9,0,-15,-9,7.917,0.042,7.25,8.0,0.05,0.05,264.9170833333333,13.28361111111111,82.93398,62.49523,41.955936,*,F,6412.095765851615,103.8445897068947,9.214019985943212e-08
HD 160915, ,17,43,25.7,-,21,40,59,6,4,4.869,0.304,2.646,-0.004,3.802,-0.2,18,3.65,0.56,3.2,2.1,4.1,1.19,1.14,1.24,10.3,0.2,0.3,4,1000,0.757,12,-98,-45,1,57.0,0.8,11,-6,6,7.983,0.001,7.49,8.48,0.06,0.2,265.85708333333326,-21.68305555555556,17.857788,1.8769292,1.2556164,PM*,F,6338.69711256927,17.956153693782994,8.638715069876107e-07
HD 161023, ,17,43,48.4,-,13,30,31,13,8,6.37,0.254,2.682,0.004,3.828,-0.5,43,3.22,0.68,2.2,1.5,2.7,1.25,1.21,1.3,-8.0,0.2,0.5,5,558,0.568,14,-72,-110,2,23.4,0.9,-2,-28,0,7.959,0.006,6.63,7.99,0.09,0.1,265.95166666666665,-13.508611111111112,41.490166,9.578759,5.9844437,PM*,F,6729.766562843175,42.58152766972596,4.769239694453286e-07
HD 161050, ,17,47,46.0,-,63,33,45,330,-17,7.151,0.373,2.607,0.007,3.768,-0.24,50,3.68,1.34,7.4,6.4,8.4,1.07,1.03,1.12,-16.0,0.2,0.4,6,2261,0.113,5,-13,-73,2,20.2,0.8,-23,-6,0,7.959,-0.015,7.63,8.24,0.04,0.1,266.94166666666666,-63.5625,41.409206,-23.907625,-14.618585,PM*,F,5861.3816451402845,47.815236846543606,9.004283284894444e-07
HD 161058, ,17,44,8.8,-,17,44,38,9,6,7.518,0.315,2.639,0.003,3.796,-0.3,63,3.52,0.91,3.4,2.6,5.3,1.14,1.07,1.22,-20.2,0.5,0.6,2,687,0.082,13,4,-27,1,0.0,0.0,-18,-10,-8,7.938,0.007,7.57,8.03,0.03,0.01,266.03666666666663,-17.74388888888889,61.883495,9.801383,6.5852933,*,F,6251.726927756856,62.65488059303692,7.218536386028226e-07
HD 161071, ,17,58,9.3,-,81,27,12,312,-25,7.301,0.274,2.678,0.002,3.822,-0.02,70,3.08,0.52,1.7,1.1,2.2,1.39,1.35,1.44,-5.6,1.0,0.3,2,1209,0.805,40,-8,-119,2,14.3,0.7,-34,-20,-6,7.957,-0.029,6.86,8.26,0.09,0.03,269.53874999999994,-81.45333333333333,42.450687,-47.146248,-29.583279,PM*,F,6637.43070401909,63.44154417453498,3.9305122118319165e-07
HD 161192, ,17,47,42.1,-,57,26,55,335,-15,7.525,0.248,2.688,0.003,3.833,-0.4,81,2.97,0.75,1.9,1.5,2.3,1.32,1.27,1.38,2.6,1.7,2.4,2,691,0.038,27,8,15,2,12.3,0.9,5,5,0,7.929,-0.021,7.77,8.77,0.06,0.1,266.92541666666665,-57.44861111111111,70.90951,-33.065662,-20.964342,*,F,6807.693586937417,78.2399936856998,3.3763631364056964e-07
HD 161538, ,17,40,16.9,+,69,9,1,100,32,7.024,0.3,2.65,0.005,3.805,-0.33,76,2.63,1.63,2.2,2.1,2.4,1.41,1.37,1.46,-11.5,0.4,0.3,2,729,0.597,11,55,126,2,13.2,0.6,-43,-4,-27,8.011,0.04,7.33,8.91,0.1,0.32,265.07041666666663,69.15027777777779,-11.191913,63.472485,40.273865,PM*,F,6382.634861905489,64.45165062800791,2.1108100337753084e-07
HD 161566, ,17,50,25.5,-,61,55,28,331,-17,6.779,0.335,2.628,0.009,3.785,-0.43,57,2.98,1.81,4.1,3.7,4.6,1.18,1.14,1.24,17.7,0.2,0.2,2,690,0.62,5,-54,24,2,17.4,0.7,19,-10,10,7.952,-0.017,7.16,8.54,0.09,0.28,267.60625,-61.92444444444444,47.674973,-26.426657,-16.665186,PM*,F,6095.368972401694,54.509368467689825,3.423333026383341e-07
HD 162343, ,17,51,39.1,-,23,40,38,5,2,7.34,0.406,2.629,0.066,3.791,0.07,91,2.26,1.94,1.8,1.5,2.2,1.59,1.48,1.69,13.6,0.7,0.8,3,559,0.649,40,6,-8,2,6.7,0.9,14,0,-3,7.909,0.002,7.51,8.7,0.07,0.06,267.91291666666666,-23.677222222222223,90.598495,7.9263406,3.1758542,*,F,6180.164001384158,90.94456647635543,1.2660450219290218e-07
HD 162396, ,17,52,52.5,-,41,59,47,349,-8,6.2,0.347,2.612,0.001,3.778,-0.41,33,3.62,1.32,6.9,5.8,8.0,1.05,1.01,1.11,-17.0,0.1,0.3,5,3870,0.583,4,143,-191,1,30.5,0.9,-23,-11,-32,7.968,-0.005,7.47,8.16,0.04,0.4,268.21875,-41.99638888888889,32.07844,-6.235423,-4.5927124,PM*,F,5997.910762555094,32.6788435049732,8.28798869352533e-07
HD 162521, ,17,56,24.2,-,65,43,18,328,-19,6.37,0.292,0.0,0.0,3.81,-0.06,35,3.67,0.23,1.7,0.0,3.1,1.25,1.2,1.3,-21.3,0.5,0.4,2,1218,0.53,21,84,-317,2,28.9,0.8,-48,-20,-25,7.972,-0.011,6.64,8.59,0.13,0.29,269.1008333333333,-65.72166666666666,28.064583,-17.5367,-11.394885,PM*,F,6456.542290346556,33.093151343652494,8.8807398867034e-07
HD 162826, ,17,51,14.0,+,40,4,20,66,28,6.46,0.352,2.629,0.001,3.781,0.1,33,3.84,0.57,3.7,2.7,4.3,1.2,1.17,1.26,1.3,0.3,0.3,2,1515,0.372,4,-16,9,1,29.9,0.6,-1,0,3,7.988,0.016,7.89,8.46,0.03,0.15,267.8083333333333,40.07222222222222,11.851194,26.618221,15.492562,*,F,6039.4862937638,29.13726974907699,1.123179452715063e-06
HD 163102, ,17,54,29.8,-,3,27,44,23,11,7.314,0.33,2.637,0.011,3.789,-0.29,52,3.75,0.83,3.9,3.2,7.0,1.09,1.04,1.17,-27.0,0.3,0.5,2,726,0.2,7,18,-142,1,19.4,0.9,-9,-35,-25,7.954,0.01,6.26,7.95,0.12,0.28,268.6241666666666,-3.4622222222222225,46.986816,19.94472,9.922068,PM*,F,6151.7687270986835,51.044615129279364,9.91857199255793e-07
HD 163520, ,17,58,10.8,-,37,20,15,354,-7,7.652,0.265,2.681,-0.003,3.833,0.25,123,2.2,0.97,1.3,0.9,1.6,1.69,1.6,1.8,8.8,0.7,1.5,5,1149,0.193,70,-12,-46,3,8.2,1.2,6,-27,-8,7.878,-0.014,6.53,7.98,0.1,0.02,269.545,-37.337500000000006,121.41438,-12.761189,-14.98993,*,F,6807.693586937417,122.08316679820408,1.1653305982548026e-07
HD 163989, ,17,49,27.0,+,76,57,46,108,30,5.024,0.339,2.621,-0.005,3.786,-0.27,32,2.49,2.14,2.8,2.0,3.0,1.48,1.39,1.52,-25.0,0.2,0.5,4,2151,0.123,5,37,248,1,31.1,0.5,-30,-27,-22,8.009,0.016,6.64,8.17,0.1,0.23,267.36249999999995,76.96277777777777,-8.563727,26.356451,16.0,PM*,F,6109.420249055721,27.712811648151654,1.7395990023861142e-07
HD 164249, ,18,3,3.4,-,51,38,56,342,-14,7.005,0.288,2.672,0.01,3.812,-0.19,47,3.65,0.32,2.2,0.4,3.4,1.22,1.17,1.27,-0.2,0.5,0.4,2,1471,0.597,21,3,-87,1,21.3,0.9,-7,-16,-9,7.957,-0.011,7.32,7.96,0.04,0.03,270.76416666666665,-51.64888888888889,43.371887,-14.092378,-11.370329,PM*,F,6486.344335482381,45.603900048522746,8.638715069876107e-07
HD 164372, ,17,48,51.7,+,79,19,57,111,30,7.508,0.252,2.693,0.01,3.834,-0.2,115,2.21,1.31,1.5,1.3,1.7,1.58,1.52,1.64,-5.7,0.5,1.0,5,1150,0.394,50,-32,66,2,8.7,0.6,-32,-23,7,8.036,0.057,6.8,8.26,0.1,0.22,267.2154166666666,79.3325,-35.690907,92.978004,57.5,PM*,F,6823.3869414166975,99.59292178818063,1.1815419617178787e-07
HD 164396, ,18,0,6.1,+,20,44,29,47,20,7.418,0.327,2.645,0.03,3.806,-0.37,83,2.68,1.59,2.3,2.1,2.6,1.38,1.31,1.44,19.8,1.0,1.8,3,338,0.056,24,-28,-67,2,12.0,0.9,33,-6,7,7.946,0.029,6.99,9.07,0.13,0.23,270.0254166666667,20.74138888888889,53.19211,57.041553,28.38767,PM*,F,6397.348354826482,77.99448272092013,2.2617737008794846e-07
HD 164674, ,18,2,28.5,-,3,9,26,24,9,6.763,0.351,2.612,-0.004,3.778,-0.43,71,2.51,2.44,2.9,2.6,3.2,1.37,1.29,1.43,15.4,0.1,0.2,5,3961,0.71,6,-40,23,2,14.1,0.8,11,6,18,7.936,0.012,7.69,9.01,0.08,0.43,270.61875,-3.157222222222222,64.06317,28.522764,11.106848,*,F,5997.910762555094,70.12587123628909,1.7883361266574799e-07
HD 164901, ,18,2,42.9,+,16,48,53,43,18,7.569,0.324,2.632,0.002,3.793,-0.26,77,3.14,1.32,3.0,2.5,4.9,1.19,1.14,1.33,-54.7,0.4,0.6,2,1811,0.206,6,-25,113,2,13.0,0.9,-67,-16,7,7.947,0.024,6.45,9.18,0.17,0.22,270.67875000000004,16.814722222222223,53.55802,49.94366,23.79431,PM*,F,6208.690342300638,73.23135039391258,4.2702091808739836e-07
HD 165011, ,18,4,20.4,-,10,54,37,18,5,7.63,0.359,2.623,0.015,3.777,-0.23,75,3.25,1.55,4.9,4.2,5.8,1.17,1.11,1.25,-15.4,0.2,0.3,3,357,0.304,6,-7,-5,1,13.3,1.0,-14,-8,0,7.929,0.007,7.74,7.97,0.01,0.1,271.085,-10.91027777777778,71.057816,23.088083,6.53668,*,F,5984.115950603199,74.71460895504136,4.971061658483056e-07
HD 165281, ,18,3,53.4,+,30,22,37,57,23,6.793,0.334,2.634,0.005,3.789,-0.15,47,3.45,1.01,3.3,2.8,5.5,1.2,1.13,1.28,1.3,0.5,0.7,2,1917,0.12,7,-49,-273,2,21.4,0.6,53,-29,-8,7.976,0.018,5.9,9.07,0.21,0.02,270.9725,30.376944444444444,23.563116,36.284016,18.364363,PM*,F,6151.7687270986835,43.263729066248004,6.553135529074679e-07
HD 165567, ,18,4,43.1,+,40,5,3,67,26,6.52,0.323,2.641,0.005,3.797,-0.1,50,3.01,1.22,2.6,2.3,2.9,1.37,1.33,1.41,3.7,0.3,0.2,4,1857,0.883,14,25,24,1,19.9,0.5,-4,8,-2,7.982,0.022,7.96,8.84,0.05,0.08,271.1795833333333,40.08416666666667,17.559343,41.36721,21.918558,*,F,6266.138646723356,44.939699484706715,3.568199680017084e-07
HD 165610, ,18,6,55.8,-,3,14,0,25,8,7.039,0.319,2.62,-0.03,3.797,-0.23,108,1.88,2.47,1.6,1.4,1.9,1.6,1.54,1.7,-54.3,0.2,0.1,2,354,0.864,6,43,69,1,9.3,0.9,-66,14,-11,7.904,0.016,7.16,10.34,0.18,0.06,271.7325,-3.2333333333333334,96.928665,45.19858,15.030695,PM*,F,6266.138646723356,106.94894918931473,7.489436621120556e-08
HD 165696, ,18,9,27.4,-,45,56,18,347,-12,7.346,0.323,2.655,0.017,3.795,-0.1,52,3.79,0.48,3.5,2.0,4.4,1.18,1.11,1.24,-31.2,0.3,0.3,2,1839,0.488,10,31,-137,2,19.4,1.0,-39,-19,-15,7.951,-0.011,6.79,8.37,0.1,0.12,272.3641666666666,-45.93833333333333,49.560043,-11.441836,-10.811408,PM*,F,6237.348354824191,50.863675380498655,1.0482120548131445e-06
HD 166073, ,18,8,52.4,+,1,59,44,30,10,6.982,0.303,2.647,0.003,3.806,-0.25,93,2.15,2.01,1.8,1.6,2.0,1.57,1.49,1.64,-40.3,0.4,0.6,2,730,0.206,9,-4,34,1,10.8,0.8,-42,-10,1,7.921,0.017,7.09,8.61,0.1,0.12,272.2183333333333,1.9955555555555555,79.31677,45.79356,16.14928,*,F,6397.348354826482,91.58711776612746,1.0875497926716233e-07
HD 166649, ,18,13,28.4,-,39,42,41,353,-10,7.695,0.318,2.646,0.003,3.799,-0.04,93,2.86,1.26,2.3,2.0,2.7,1.4,1.33,1.48,-25.1,0.4,0.5,2,469,0.116,7,-2,-142,2,10.8,1.0,-34,-53,-23,7.909,-0.017,5.29,8.03,0.21,0.24,273.3683333333333,-39.71138888888889,90.90444,-11.16167,-16.14928,PM*,F,6295.061828571975,91.58711748331476,2.900341587684856e-07
HD 166972, ,18,16,28.5,-,57,26,49,337,-18,7.032,0.298,2.665,0.011,3.807,-0.19,60,3.16,0.93,2.6,2.2,3.0,1.3,1.25,1.36,-1.1,0.4,0.2,2,1479,0.678,16,9,-25,2,16.8,0.9,-4,-4,-5,7.948,-0.019,7.85,8.12,0.02,0.04,274.11875,-57.44694444444444,52.52713,-22.29644,-18.54102,*,F,6412.095765851615,57.063391265420776,4.3898446343477515e-07
HD 167389, ,18,13,7.2,+,41,28,31,69,24,7.389,0.392,2.605,0.011,3.759,-0.11,33,4.77,0.34,8.4,0.5,13.9,0.95,0.89,1.04,-5.6,0.2,0.1,2,358,0.853,3,51,-128,1,29.9,0.6,16,-6,-14,7.989,0.014,7.38,8.64,0.08,0.11,273.2799999999999,41.47527777777778,10.8037195,28.144648,13.422309,PM*,F,5741.164622073275,30.14699928813122,4.059281317253865e-06
HD 167407, ,18,6,2.1,+,76,7,54,107,29,7.579,0.378,2.617,0.014,3.768,-0.03,63,3.59,1.24,6.1,5.2,7.0,1.14,1.1,1.18,-12.0,0.5,0.7,2,730,0.075,6,-65,16,1,15.9,0.6,0,-21,11,8.016,0.03,7.07,8.08,0.07,0.28,271.50875,76.13166666666666,-16.109987,52.69339,30.543005,PM*,F,5861.3816451402845,55.10104382706619,7.951501586565117e-07
HD 167471, ,18,11,31.5,+,60,36,43,90,28,7.692,0.348,2.636,0.018,3.783,-0.17,149,1.82,2.79,0.0,0.0,0.0,0.0,0.0,0.0,-7.1,0.3,0.4,2,740,0.414,12,-24,36,3,6.7,0.6,-24,-15,14,7.999,0.071,7.29,8.15,0.06,0.34,272.88125,60.61194444444445,-5.750635e-06,131.55919,69.95126,*,F,6067.363295885053,131.55919000000011,6.893648730582935e-08
HD 167534, ,18,8,53.1,+,72,9,9,103,29,7.525,0.281,2.66,0.006,3.82,-0.32,167,1.42,2.49,1.2,1.1,1.4,1.76,1.69,1.85,-6.9,3.1,0.0,1,0,0.0,40,20,-1,2,6.0,0.6,1,2,-17,8.032,0.081,7.91,8.63,0.04,0.17,272.22124999999994,72.1525,-32.85668,142.31795,80.9632,*,F,6606.934480075957,146.06149496984102,3.9668807935510135e-08
HD 167588, ,18,14,44.0,+,29,12,26,56,20,6.56,0.376,2.606,0.013,3.764,-0.42,42,3.44,1.82,6.7,6.0,7.4,1.06,1.03,1.12,1.8,0.2,0.2,3,815,0.689,4,12,-241,2,23.8,0.6,41,-18,-17,7.978,0.015,6.51,9.0,0.16,0.16,273.6833333333333,29.20722222222222,22.069717,32.719704,14.364845,PM*,F,5807.644175213118,39.467093106887226,6.463223138887375e-07
HD 167772, ,18,17,26.9,-,19,29,18,12,-2,7.658,0.316,2.652,0.008,3.8,-0.05,83,3.06,1.05,2.5,2.0,3.0,1.32,1.24,1.41,-91.2,0.8,1.0,2,34,0.355,30,6,-36,2,0.0,0.0,-87,-31,-7,7.919,-0.002,5.62,9.36,0.25,0.01,274.3620833333333,-19.488333333333333,81.136795,17.246159,-2.8966582,*,F,6309.57344480193,82.94943943828257,3.8233948420809556e-07
HD 167825, ,18,19,34.0,-,49,20,49,345,-15,7.356,0.239,2.706,0.013,3.842,-0.17,145,1.55,1.8,1.1,1.0,1.3,1.79,1.68,1.9,-6.1,0.8,1.1,2,383,0.146,19,-12,-36,1,6.9,0.8,-13,-23,-1,7.865,-0.038,6.8,7.87,0.07,0.1,274.89166666666665,-49.346944444444446,135.28683,-36.250034,-37.528763,*,F,6950.243175887969,140.05924223859722,4.747327028506733e-08
HD 168093, ,18,15,20.0,+,50,58,16,79,26,7.664,0.353,2.615,-0.002,3.778,-0.12,54,4.0,0.68,5.3,3.3,8.1,1.08,1.03,1.14,-9.4,0.3,0.2,2,791,0.664,4,17,-36,2,18.5,0.6,7,-7,-10,7.991,0.024,7.54,8.35,0.05,0.04,273.8333333333333,50.97111111111112,9.260894,47.643154,23.672043,*,F,5997.910762555094,48.53487695201207,1.4010355328531804e-06
HD 168151, ,18,13,53.8,+,64,23,50,94,28,5.03,0.281,2.653,-0.009,3.815,-0.3,23,3.18,0.83,2.4,2.2,2.9,1.28,1.24,1.33,-36.2,0.2,0.3,5,1513,0.793,11,351,36,1,42.6,0.4,-6,-14,-51,8.001,0.011,7.59,8.02,0.03,0.84,273.47416666666663,64.39722222222223,-1.4166002,20.258326,10.797846,PM*,F,6531.305526474723,20.307794770701125,4.512831830352533e-07
HD 168774, ,18,18,59.5,+,48,34,14,77,25,7.696,0.332,2.645,0.01,3.791,-0.05,64,3.68,0.64,3.5,2.5,4.3,1.21,1.13,1.26,-50.3,0.3,0.4,2,987,0.385,11,20,130,2,15.7,0.6,-49,-36,-19,7.987,0.027,5.95,8.42,0.17,0.18,274.74791666666664,48.57055555555556,13.047992,56.517067,27.04757,PM*,F,6180.164001384158,58.0036977917318,9.004283284894444e-07
HD 168849, ,18,25,16.7,-,57,5,43,338,-19,6.852,0.28,2.678,0.01,3.816,-0.2,49,3.41,0.48,2.3,1.4,3.0,1.27,1.22,1.32,-3.5,2.3,3.3,2,1462,0.04,50,28,-15,2,20.5,0.8,-6,1,-6,7.957,-0.016,7.93,8.4,0.03,0.03,276.3195833333333,-57.09527777777778,42.95681,-17.355679,-15.952839,*,F,6546.361740672747,46.33041246230321,6.20082036107695e-07
HD 169029, ,18,21,11.8,+,32,52,40,60,20,7.495,0.287,2.658,0.002,3.811,-0.36,69,3.3,0.85,2.8,2.2,3.3,1.23,1.18,1.28,7.3,0.5,0.7,2,591,0.148,11,-19,-74,2,14.5,0.8,25,-6,0,7.968,0.024,7.18,8.88,0.11,0.12,275.2991666666667,32.87777777777778,32.41939,56.152042,23.599388,PM*,F,6471.426157485831,64.838789846371,5.326588534591061e-07
HD 169244, ,18,22,8.9,+,36,18,6,64,21,7.605,0.333,2.619,-0.005,3.786,-0.42,66,3.51,1.25,5.9,4.8,7.0,1.08,1.04,1.15,-28.1,0.2,0.4,3,1118,0.363,5,49,-52,2,15.2,0.7,1,-22,-29,7.973,0.024,6.97,8.04,0.07,0.34,275.5370833333333,36.30166666666666,27.010813,55.38037,23.652285,PM*,F,6109.420249055721,61.61630790836034,7.119494353822096e-07
HD 169666, ,18,19,8.2,+,71,31,4,102,28,6.679,0.288,2.662,-0.002,3.814,-0.09,51,3.13,0.71,2.2,1.6,2.6,1.35,1.31,1.4,-44.3,0.6,0.1,2,740,0.891,22,-59,38,1,19.5,0.5,1,-47,-8,8.009,0.024,5.68,8.04,0.17,0.03,274.78416666666664,71.51777777777778,-9.362329,44.046307,23.94305,PM*,F,6516.283940608428,45.03032716561684,4.2116197144500654e-07
HD 169830, ,18,27,49.4,-,29,49,0,4,-8,5.91,0.326,2.644,0.001,3.797,0.14,36,3.11,0.89,2.3,1.9,2.7,1.4,1.36,1.46,-17.4,0.2,0.2,3,1414,0.726,4,0,15,1,27.5,0.9,-17,1,3,7.964,-0.005,7.9,8.43,0.03,0.16,276.95583333333326,-29.816666666666663,35.56281,2.4867938,-5.010232,*,F,6266.138646723356,35.649650748637335,4.096841384835628e-07
HD 169840, ,18,26,1.0,+,15,45,30,44,13,7.428,0.28,2.677,0.005,3.818,-0.02,68,3.25,0.44,1.8,0.9,2.4,1.35,1.3,1.4,-4.2,0.8,0.0,1,0,0.0,24,5,-55,2,14.6,0.9,9,-13,-10,7.952,0.015,7.24,8.25,0.07,0.04,276.50416666666666,15.758333333333333,47.661415,46.026096,15.296671,PM*,F,6576.578373554205,66.257165595907,4.971061658483056e-07
HD 170149, ,18,30,4.3,-,43,50,2,351,-15,7.111,0.311,2.672,0.03,3.82,0.08,86,2.3,1.26,1.5,1.3,1.7,1.62,1.56,1.7,-37.8,0.2,0.4,7,4096,0.393,17,9,-154,1,11.6,0.9,-51,-50,-19,7.918,-0.022,5.3,8.27,0.22,0.17,277.5179166666666,-43.83388888888889,82.0469,-12.994943,-22.258438,PM*,F,6606.934480075957,83.069623468409,1.3379785466273765e-07
HD 171087, ,18,30,57.8,+,41,6,23,69,21,7.279,0.285,2.675,0.011,3.817,-0.05,87,2.58,1.16,1.8,1.6,2.1,1.51,1.46,1.56,-27.5,0.7,0.4,2,759,0.677,24,-24,22,1,11.5,0.6,-16,-26,1,7.971,0.031,6.74,7.99,0.08,0.13,277.74083333333334,41.10638888888889,29.107183,75.8268,31.17801,*,F,6561.452663029057,81.22149777266786,1.969922542186252e-07
HD 171341, ,18,31,51.7,+,49,53,28,79,23,7.639,0.293,2.658,0.001,3.809,-0.21,69,3.43,0.63,2.7,1.9,3.3,1.24,1.19,1.29,6.1,0.8,0.2,2,987,0.884,24,25,9,2,14.4,0.6,-3,9,-4,7.987,0.028,7.96,8.97,0.06,0.06,277.9654166666666,49.89111111111111,12.119205,62.34789,26.960447,*,F,6441.692655151775,63.51483698541723,6.37454439294158e-07
HD 171620, ,18,34,30.6,+,34,24,56,63,18,7.563,0.341,2.603,-0.007,3.779,-0.56,52,3.97,1.06,9.0,4.4,10.8,1.01,0.95,1.06,-37.0,0.2,0.4,3,383,0.446,5,196,192,2,19.1,0.7,-67,5,-39,7.977,0.016,7.04,10.05,0.18,0.62,278.6275,34.41555555555556,22.452076,44.064674,16.068884,PM*,F,6011.737374832779,49.45494122366391,1.3441543749956051e-06
HD 171770, ,18,37,9.0,-,15,1,34,18,-4,7.494,0.27,2.686,0.007,3.825,0.07,69,3.29,0.17,0.9,0.0,1.8,1.38,1.33,1.44,-37.5,0.9,1.1,4,978,0.739,45,45,-22,2,14.4,1.0,-37,-12,-14,7.934,-0.004,7.13,8.43,0.08,0.1,279.2875,-15.026111111111112,65.46305,21.270235,-4.8131967,*,F,6683.439175686149,68.83192436840426,5.253505000065582e-07
HD 171854, ,18,37,32.8,-,12,20,59,20,-3,6.956,0.304,2.66,0.009,3.807,-0.07,79,2.48,1.5,1.9,1.7,2.2,1.52,1.46,1.58,7.9,0.3,0.5,3,3185,0.475,18,-43,-42,2,12.7,0.9,15,-17,7,7.926,-0.004,6.95,8.29,0.09,0.21,279.38666666666666,-12.349722222222224,74.13398,26.98256,-4.1345406,PM*,F,6412.095765851615,78.8917329939836,1.7157308092779462e-07
HD 171874, ,18,36,36.6,+,12,59,15,43,9,7.359,0.332,2.674,0.053,3.822,0.15,122,1.7,1.76,1.1,1.0,1.3,1.87,1.74,1.98,-49.0,0.4,0.7,3,384,0.349,18,2,12,2,8.2,0.9,-40,-28,-6,7.912,0.019,6.35,8.23,0.13,0.03,279.1525,12.9875,88.12664,82.17942,19.085007,*,F,6637.43070401909,120.49797404614733,5.8404881880053836e-08
HD 171886, ,18,35,14.4,+,41,34,53,70,20,7.163,0.307,2.637,0.0,3.799,-0.46,50,3.68,0.82,3.7,2.8,4.4,1.12,1.07,1.17,-62.5,0.9,1.3,2,643,0.016,11,2,84,1,20.1,0.6,-38,-51,-16,7.984,0.017,5.41,8.16,0.2,0.14,278.80999999999995,41.581388888888895,16.06969,44.15111,17.101006,PM*,F,6295.061828571975,46.98462994350599,9.004283284894444e-07
HD 171888, ,18,37,9.4,+,0,57,4,32,4,6.883,0.356,2.622,0.01,3.778,-0.2,58,3.05,1.7,4.1,3.7,4.6,1.3,1.19,1.37,-32.5,0.2,0.3,2,734,0.313,5,13,23,1,17.1,0.9,-31,-11,-2,7.951,0.004,7.27,8.32,0.07,0.07,279.28916666666663,0.951111111111111,49.066975,30.660448,4.045875,*,F,5997.910762555094,57.85871677812539,3.770935898212623e-07
HD 171990, ,18,47,49.1,-,77,52,5,316,-26,6.397,0.375,2.614,0.011,3.77,-0.04,43,3.22,1.57,4.4,4.1,4.8,1.23,1.2,1.25,15.8,0.1,0.1,6,2258,0.996,4,-26,148,2,23.2,0.6,33,10,1,7.972,-0.019,7.37,9.78,0.14,0.14,281.9545833333333,-77.86805555555554,27.80114,-26.847261,-18.84996,PM*,F,5888.43655355589,38.64814107433527,4.769239694453286e-07
HD 172023, ,18,36,12.8,+,38,2,4,67,19,7.464,0.324,2.628,-0.006,3.794,-0.3,91,2.67,1.81,2.5,2.1,3.7,1.37,1.22,1.46,-24.8,0.3,0.5,2,747,0.186,7,44,-19,2,0.0,0.0,-5,-16,-28,7.966,0.03,7.34,7.98,0.04,0.32,279.0533333333333,38.03444444444444,33.61937,79.20225,29.626701,PM*,F,6223.002851691595,86.04218990855243,2.2307410023176203e-07
HD 172085, ,18,37,10.4,+,24,25,59,54,14,7.52,0.365,2.621,0.004,3.777,0.1,67,3.39,1.12,3.2,2.7,5.1,1.32,1.25,1.37,-34.6,0.2,0.2,5,2289,0.941,6,-52,-123,2,14.9,0.8,14,-52,-9,7.961,0.016,5.34,8.09,0.2,0.03,279.2933333333333,24.43305555555556,38.211807,52.594044,16.208767,PM*,F,5984.115950603199,65.00981201695006,6.031830791377278e-07
HD 172144, ,18,40,42.3,-,44,10,20,351,-17,7.389,0.359,2.636,0.026,3.795,0.13,95,2.39,1.66,1.8,1.6,2.2,1.57,1.47,1.68,7.0,0.3,0.4,2,798,0.438,15,18,18,2,6.3,0.9,7,9,-6,7.91,-0.027,7.77,9.04,0.08,0.03,280.17625,-44.17222222222222,89.730446,-14.211896,-27.77531,*,F,6237.348354824191,90.8489456585696,1.5151273922022263e-07
HD 172266, ,18,46,15.6,-,72,48,48,322,-25,6.837,0.3,2.665,0.016,3.806,-0.28,67,2.72,1.47,2.3,2.1,2.5,1.4,1.35,1.45,7.0,0.9,1.2,2,1150,0.385,35,-59,-77,2,15.0,0.7,-6,-29,10,7.953,-0.029,6.58,7.96,0.1,0.26,281.565,-72.81333333333333,47.850082,-37.38457,-28.315424,PM*,F,6397.348354826482,60.722618697579435,2.390282048968422e-07
HD 172547, ,18,41,50.3,-,24,21,15,10,-9,7.6,0.242,2.691,-0.01,3.844,0.18,109,2.42,0.61,1.0,0.8,1.2,1.64,1.56,1.73,4.3,0.2,0.4,4,1058,0.584,22,47,-1,2,9.2,1.1,-1,10,-22,7.894,-0.017,7.85,8.96,0.07,0.24,280.4595833333333,-24.354166666666668,106.02247,18.694622,-17.051357,*,F,6982.324040771711,107.65803749197633,1.5792436886436074e-07
HD 172649, ,18,39,42.1,+,37,59,35,67,18,7.504,0.347,2.623,0.006,3.779,-0.26,47,4.13,0.65,6.2,4.1,8.0,1.04,0.98,1.09,-11.8,0.4,0.1,2,1080,0.862,13,-24,51,2,21.1,0.7,-14,-10,5,7.982,0.015,7.7,8.01,0.02,0.18,279.9254166666666,37.99305555555556,17.465551,41.146248,14.523799,PM*,F,6011.737374832779,44.69965543727496,1.6766760079670455e-06
HD 172711, ,18,38,32.0,+,55,14,43,84,24,7.636,0.308,2.655,0.007,3.805,-0.05,106,2.5,1.5,1.9,1.7,2.2,1.52,1.46,1.58,-18.1,0.3,0.8,7,1716,0.123,18,5,61,2,9.4,0.6,-32,-16,-3,7.991,0.043,7.11,8.3,0.08,0.08,279.6333333333333,55.24527777777778,10.122095,96.30534,43.114082,PM*,F,6382.634861905489,96.83581630628528,1.763799235135453e-07
HD 172742, ,18,40,21.0,+,33,41,4,63,17,7.285,0.315,2.655,0.013,3.797,-0.2,52,3.69,0.63,3.6,2.6,4.3,1.17,1.1,1.23,8.1,0.4,0.4,2,1140,0.525,17,30,-64,2,19.1,0.6,16,5,-10,7.977,0.015,7.62,9.06,0.09,0.05,280.0875,33.68444444444444,22.575972,44.307835,15.203328,PM*,F,6266.138646723356,49.72784686804777,9.129545342952947e-07
HD 172961, ,18,42,45.8,+,5,41,14,37,5,7.632,0.286,2.653,-0.007,3.812,-0.27,59,3.77,0.28,2.2,0.0,3.7,1.18,1.13,1.24,-20.3,1.1,1.5,2,722,0.068,18,-35,-57,3,16.9,0.9,-5,-27,0,7.953,0.005,6.67,7.96,0.09,0.1,280.6908333333333,5.687222222222222,46.940197,35.37197,5.1421885,PM*,F,6486.344335482381,58.775491117299126,1.0196453662490325e-06
HD 172993, ,18,44,59.2,-,39,45,0,356,-16,6.761,0.324,2.634,0.003,3.793,-0.24,61,2.84,1.61,2.5,2.3,3.8,1.37,1.32,1.43,10.0,0.4,0.6,2,1858,0.149,8,-14,-178,2,16.4,0.8,3,-49,-18,7.941,-0.017,5.52,7.98,0.18,0.16,281.24666666666667,-39.75,58.49413,-4.0903025,-16.813879,PM*,F,6208.690342300638,58.63696631817173,2.821299227425322e-07
HD 173494, ,18,44,40.2,+,23,35,23,54,12,6.303,0.277,2.672,-0.001,3.82,-0.06,44,3.06,0.62,1.9,1.4,2.3,1.38,1.34,1.43,-12.6,0.4,0.2,2,1132,0.741,12,17,-85,1,22.5,0.7,6,-17,-13,7.974,0.009,7.13,8.14,0.07,0.09,281.1675,23.58972222222222,25.297392,34.818874,9.148115,PM*,F,6606.934480075957,43.0384947300616,3.8233948420809556e-07
HD 173634, ,18,46,1.1,+,9,49,6,41,6,7.327,0.315,2.652,0.014,3.801,-0.19,104,2.24,1.98,1.9,1.6,2.1,1.55,1.46,1.63,-48.9,1.6,2.3,2,759,0.122,35,-24,1,2,9.6,0.9,-34,-37,6,7.922,0.01,6.05,8.09,0.14,0.2,281.5045833333333,9.818333333333332,78.05983,67.85637,10.87096,*,F,6324.118513762197,103.43028574458161,1.2315417802581031e-07
HD 174153, ,18,51,19.7,-,44,28,32,352,-19,7.564,0.342,2.653,0.033,3.8,-0.04,51,3.91,0.19,2.0,0.0,3.9,1.19,1.14,1.24,70.8,0.2,0.2,5,2981,0.912,6,-14,-100,2,19.8,0.9,62,-32,-27,7.953,-0.016,5.7,9.26,0.24,0.35,282.83208333333334,-44.47555555555556,47.75216,-6.7111278,-16.603975,PM*,F,6309.57344480193,48.22144772830377,1.2372263188348547e-06
HD 174160, ,18,48,16.4,+,23,30,53,54,11,6.192,0.327,2.628,-0.003,3.791,-0.19,29,3.9,0.55,3.9,2.4,5.4,1.13,1.06,1.18,3.1,0.1,0.6,21,3704,0.019,7,26,-6,1,34.8,0.7,2,3,-3,7.983,0.006,7.87,8.67,0.05,0.06,282.0683333333333,23.514722222222225,16.732594,23.03044,5.533461,*,F,6180.164001384158,28.467189333730083,1.2202509373498365e-06
HD 174912, ,18,51,25.1,+,38,37,35,68,17,7.16,0.372,2.586,0.002,3.762,-0.58,30,4.77,0.64,9.9,2.4,17.0,0.86,0.81,0.96,-12.8,0.4,0.7,3,1118,0.086,4,324,46,2,33.3,0.6,-22,8,-42,7.989,0.009,7.9,9.07,0.07,0.67,282.8545833333333,38.62638888888889,10.747143,26.600107,8.771151,PM*,F,5780.960474057181,28.68914036833272,4.059281317253865e-06
HD 175226, ,18,52,16.5,+,43,42,35,73,18,7.447,0.323,2.633,0.001,3.794,-0.23,87,2.75,1.67,2.4,2.2,2.6,1.4,1.35,1.46,-4.5,0.3,0.3,2,971,0.436,9,-27,-2,1,11.5,0.6,2,-8,8,7.976,0.027,7.58,8.2,0.04,0.23,283.06875,43.70972222222223,24.191402,79.12649,26.88448,*,F,6223.002851691595,82.74192015203481,2.4914326408057216e-07
HD 175317, ,18,55,31.0,-,16,22,35,19,-8,5.57,0.282,2.665,-0.006,3.818,-0.02,32,3.04,0.65,1.9,1.4,2.3,1.4,1.36,1.44,-45.8,0.3,0.4,3,2521,0.382,16,-28,-184,1,31.2,0.8,-35,-41,-2,7.97,-0.005,5.86,8.13,0.16,0.07,283.87916666666666,-16.37638888888889,29.962137,10.316792,-4.4535394,PM*,F,6576.578373554205,31.688576029509957,3.7191967180374245e-07
HD 175382, ,18,55,44.7,-,16,20,57,19,-8,7.171,0.298,2.647,-0.011,3.807,-0.1,52,3.6,0.4,2.5,1.0,3.4,1.24,1.19,1.29,-53.8,0.8,1.2,2,1043,0.032,16,56,-36,1,19.3,0.8,-52,-20,-9,7.951,-0.007,6.55,8.65,0.14,0.02,283.93625,-16.349166666666665,48.688473,16.764786,-7.2370014,PM*,F,6412.095765851615,51.49393607695498,8.062117992321641e-07
HD 175501, ,18,56,34.0,-,23,8,55,13,-11,7.604,0.302,2.658,0.013,3.806,-0.29,104,2.52,1.68,2.2,1.9,2.5,1.43,1.35,1.5,-22.9,1.0,0.8,2,447,0.592,35,0,-101,2,9.6,1.0,-16,-50,-16,7.9,-0.021,5.47,7.91,0.18,0.13,284.14166666666665,-23.148611111111112,99.47269,22.965078,-19.844135,PM*,F,6397.348354826482,102.08922990885074,1.8132143603422485e-07
HD 175576, ,18,54,14.3,+,41,13,32,71,17,7.339,0.323,2.642,0.017,3.795,-0.36,109,2.16,2.35,1.9,1.7,2.1,1.54,1.47,1.61,-46.2,0.2,0.4,4,2193,0.48,8,43,23,1,9.2,0.6,-31,-31,-29,7.966,0.032,6.39,8.12,0.12,0.35,283.5595833333333,41.22555555555556,33.936317,98.55822,31.868515,*,F,6237.348354824191,104.23721188276714,1.1026791173453256e-07
HD 175862, ,19,11,42.0,-,81,24,46,313,-28,7.604,0.251,2.693,0.008,3.833,-0.29,103,2.54,1.08,1.8,1.5,2.0,1.46,1.4,1.52,20.9,1.6,1.2,2,435,0.595,55,19,35,2,9.7,0.7,22,1,-18,7.938,-0.048,7.39,9.03,0.1,0.17,287.92499999999995,-81.41277777777778,62.023384,-66.51193,-48.35557,*,F,6807.693586937417,90.94359238086186,1.8640139144288054e-07
HD 176095, ,18,58,23.7,+,6,14,23,39,1,6.21,0.309,2.638,-0.007,3.803,-0.11,57,2.44,1.66,2.0,1.8,2.1,1.53,1.47,1.58,-4.1,0.4,0.6,2,351,0.179,13,-9,-109,2,17.6,0.8,14,-23,-11,7.956,0.001,6.69,8.21,0.1,0.06,284.59874999999994,6.239722222222222,44.290573,35.8658,0.99478716,PM*,F,6353.309318517436,56.99131921888043,1.623488250638994e-07
HD 176118, ,18,58,53.1,-,4,43,36,30,-4,7.493,0.279,2.682,0.013,3.821,-0.01,83,2.91,0.7,1.8,1.3,2.2,1.42,1.37,1.48,-30.9,0.3,0.2,2,361,0.598,9,7,-3,2,12.1,0.9,-27,-16,-1,7.928,-0.005,7.13,8.12,0.06,0.09,284.72124999999994,-4.726666666666667,71.70502,41.39891,-5.7897873,*,F,6622.165037017622,82.79782389887129,3.107772002987818e-07
HD 176414, ,19,0,29.6,-,7,23,8,27,-5,7.702,0.292,2.665,0.003,3.813,-0.01,83,3.12,0.67,2.0,1.5,2.5,1.36,1.3,1.42,33.1,0.5,0.8,2,361,0.094,13,-17,-111,2,12.1,1.0,48,-22,-17,7.927,-0.008,6.22,9.02,0.18,0.15,285.12333333333333,-7.385555555555556,73.67213,37.537823,-7.2339263,PM*,F,6501.296903430909,82.68416350375826,4.1538341256420695e-07
HD 176441, ,18,59,42.5,+,16,15,9,48,6,7.078,0.314,2.649,0.008,3.797,-0.27,45,3.83,0.55,3.7,2.4,4.9,1.13,1.07,1.19,21.0,0.3,0.3,2,1793,0.55,4,-102,-121,2,22.4,0.8,38,-7,10,7.97,0.004,6.92,9.22,0.14,0.28,284.9270833333333,16.2525,29.945927,33.258324,4.703781,PM*,F,6266.138646723356,44.753487676138775,1.1077688528953563e-06
HD 176903, ,19,3,6.9,-,19,6,10,17,-11,6.38,0.307,2.655,0.003,3.807,0.05,81,1.83,2.03,1.3,1.2,1.5,1.78,1.71,1.85,18.4,0.8,1.0,4,2454,0.76,50,13,-4,2,12.3,0.8,16,6,-9,7.924,-0.016,7.58,9.06,0.09,0.03,285.77874999999995,-19.102777777777774,76.03751,23.247,-15.455528,*,F,6412.095765851615,79.51179746427633,6.989548937207234e-08
HD 176969, ,19,0,50.1,+,42,15,9,73,16,6.829,0.341,2.634,0.003,3.785,-0.04,35,4.11,0.33,3.9,0.8,6.1,1.12,1.06,1.18,-9.6,0.3,0.1,2,1041,0.828,7,-12,-143,1,28.6,0.6,19,-14,-9,7.99,0.01,7.05,8.51,0.09,0.03,285.20874999999995,42.2525,9.836602,32.17407,9.647307,PM*,F,6095.368972401694,33.64416025510674,1.6309819319233878e-06
HD 177459, ,19,4,9.7,+,17,33,21,50,5,6.937,0.314,2.63,-0.01,3.797,-0.28,47,3.57,0.82,3.5,2.9,4.2,1.17,1.09,1.23,-67.0,0.4,0.3,2,1793,0.619,15,119,71,1,21.2,0.8,-62,-33,-23,7.97,0.004,5.92,8.71,0.19,0.24,286.0404166666666,17.555833333333332,30.096054,35.867085,4.0963197,PM*,F,6266.138646723356,46.82115176678315,7.73480109318936e-07
HD 178341, ,19,8,57.0,-,18,40,57,18,-12,6.949,0.247,2.699,0.02,3.847,-0.32,83,2.26,1.14,1.5,1.3,1.7,1.53,1.48,1.6,-39.5,1.1,1.9,4,1202,0.579,90,-6,-15,2,12.0,0.9,-34,-19,8,7.923,-0.018,6.87,8.24,0.09,0.22,287.23749999999995,-18.6825,77.21272,25.087934,-17.256672,*,F,7030.723198838334,81.18625845663018,1.2660450219290218e-07
HD 178606, ,19,10,27.6,-,30,0,25,7,-17,6.521,0.292,2.664,0.002,3.813,-0.01,55,2.82,0.97,2.0,1.6,2.3,1.44,1.4,1.49,-32.0,0.5,0.3,2,350,0.619,26,70,-64,2,18.2,1.0,-36,-13,-13,7.948,-0.016,7.09,8.39,0.08,0.08,287.61499999999995,-30.006944444444443,52.204712,6.4099326,-16.080442,PM*,F,6501.296903430909,52.59676027037679,2.744410990922079e-07
HD 178821, ,19,8,0.6,+,43,58,1,75,16,7.682,0.347,2.639,0.021,3.797,0.04,132,2.0,2.09,1.5,1.3,1.7,1.7,1.63,1.78,-47.8,0.3,0.1,2,1084,0.9,9,22,9,1,7.6,0.6,-22,-39,-23,7.967,0.036,6.06,8.01,0.14,0.24,287.00249999999994,43.96694444444445,32.840656,122.56299,36.384132,*,F,6266.138646723356,126.88654461466919,8.839936593314357e-08
HD 179423, ,19,11,46.6,+,18,5,16,51,4,7.637,0.245,2.705,0.012,3.841,0.03,141,1.89,1.3,1.1,1.0,1.3,1.72,1.63,1.83,11.2,1.2,2.0,3,1587,0.373,50,-5,-7,2,7.1,0.9,12,5,1,7.912,0.009,7.64,8.9,0.08,0.13,287.9441666666666,18.087777777777777,88.51803,109.31066,9.835662,*,F,6934.258060165695,140.6565392177573,7.593625062907368e-08
HD 179596, ,19,13,6.9,+,4,56,8,40,-3,7.658,0.328,2.645,0.006,3.796,0.09,62,3.69,0.37,2.5,1.1,3.5,1.26,1.21,1.31,-3.2,0.4,0.1,2,741,0.828,19,9,-16,2,16.1,1.0,-1,-4,-4,7.952,-0.003,7.76,8.2,0.03,0.04,288.27874999999995,4.935555555555556,47.429665,39.798214,-3.2448294,*,F,6251.726927756856,61.91503015909805,9.129545342952947e-07
HD 179985, ,19,13,18.6,+,34,28,50,66,11,7.691,0.35,2.649,0.031,3.805,0.27,135,1.9,1.85,1.3,1.1,1.8,1.82,1.71,1.9,-25.6,0.3,0.2,2,1824,0.564,9,12,-38,3,7.4,0.7,8,-28,-22,7.947,0.025,6.56,8.08,0.1,0.22,288.3275,34.480555555555554,53.9006,121.062744,25.759214,*,F,6382.634861905489,132.51966897472062,7.699262910297197e-08
HD 180083, ,19,14,48.8,+,8,5,47,43,-1,7.717,0.331,2.639,0.004,3.791,-0.07,63,3.74,0.59,3.5,2.5,4.4,1.18,1.11,1.24,-43.7,0.3,0.4,2,682,0.303,4,70,29,3,16.0,1.0,-44,-17,-13,7.954,-0.002,6.8,8.51,0.11,0.09,288.7033333333333,8.096388888888889,46.068268,42.95935,-1.0995016,PM*,F,6180.164001384158,62.99040457833498,9.782484083016166e-07
HD 180134, ,19,18,9.7,-,53,23,13,344,-25,6.37,0.324,2.635,0.006,3.793,-0.28,46,3.07,1.41,4.1,2.5,4.5,1.3,1.18,1.35,-22.5,0.2,0.1,2,688,0.676,7,24,-81,2,21.9,0.8,-28,-9,2,7.96,-0.02,7.43,8.29,0.05,0.13,289.54041666666666,-53.386944444444445,40.075146,-11.49137,-19.440441,PM*,F,6208.690342300638,41.69015365045104,3.8765835625527745e-07
HD 180546, ,19,18,43.2,-,39,32,52,359,-22,7.432,0.304,2.658,0.003,3.805,-0.06,61,3.51,0.5,2.5,1.5,3.3,1.26,1.21,1.31,-33.6,1.2,1.8,2,1093,0.062,35,45,-82,2,16.4,1.0,-39,-18,-6,7.943,-0.023,6.84,8.36,0.1,0.03,289.68,-39.547777777777775,56.549603,-0.98708844,-22.851002,PM*,F,6382.634861905489,56.558217290204524,7.119494353822096e-07
HD 180917, ,19,17,16.3,+,28,46,56,61,8,7.607,0.285,2.669,0.005,3.814,-0.19,76,3.19,0.74,2.4,1.8,2.8,1.3,1.25,1.36,16.3,1.1,1.5,2,2895,0.258,28,-28,-101,2,13.1,0.8,41,-3,-5,7.964,0.01,6.95,9.44,0.15,0.03,289.31791666666663,28.78222222222222,36.486946,65.8242,10.577156,PM*,F,6516.283940608428,75.26036496089371,4.5756115747093316e-07
HD 180945, ,19,18,23.3,+,5,7,51,41,-4,7.163,0.312,2.648,0.003,3.801,-0.12,62,3.2,0.96,2.7,2.3,3.1,1.31,1.26,1.36,-1.2,0.9,1.2,2,54,0.052,16,65,19,2,16.1,0.8,-11,9,-14,7.953,-0.004,7.95,8.9,0.06,0.1,289.5970833333333,5.130833333333333,46.678013,40.576576,-4.324901,PM*,F,6324.118513762197,61.848972647182634,4.6392646723063425e-07
HD 181096, ,19,16,51.3,+,46,59,56,78,15,6.0,0.32,2.64,0.009,3.795,-0.31,42,2.86,1.6,3.6,2.3,3.8,1.36,1.31,1.4,-44.7,0.2,0.3,5,1540,0.729,7,-8,291,2,23.6,0.6,-62,-38,12,7.992,0.011,5.76,8.67,0.2,0.31,289.21374999999995,46.99888888888889,8.434744,39.682358,10.870399,PM*,F,6237.348354824191,40.56888515581492,2.900341587684856e-07
HD 181327, ,19,22,58.9,-,54,32,16,343,-26,7.04,0.297,2.667,0.002,3.81,0.15,51,3.52,0.19,1.3,0.0,2.3,1.35,1.29,1.39,0.2,0.4,0.6,2,703,0.316,18,24,-83,2,19.8,0.8,-9,-17,-9,7.957,-0.022,7.27,7.96,0.05,0.03,290.74541666666664,-54.53777777777778,43.83557,-13.401881,-22.356928,PM*,F,6456.542290346556,45.83849486581187,7.218536386028226e-07
HD 181355, ,19,15,25.7,+,66,7,9,97,22,7.695,0.3,2.668,0.013,3.809,-0.03,84,3.07,0.82,2.2,1.7,2.6,1.34,1.27,1.42,-17.5,0.4,0.6,2,715,0.202,15,-32,46,2,0.0,0.0,-11,-24,9,8.01,0.032,6.89,8.01,0.07,0.25,288.8570833333333,66.11916666666666,-9.491601,77.30291,31.466953,PM*,F,6441.692655151775,77.88344101290916,3.8765835625527745e-07
HD 181382, ,19,19,51.9,+,12,1,45,47,-1,7.643,0.336,2.621,-0.009,3.787,-0.31,93,2.79,1.86,3.6,2.4,4.2,1.34,1.19,1.42,31.6,0.3,0.5,3,2181,0.254,6,49,-91,2,10.7,1.0,40,5,-39,7.936,-0.001,7.15,9.8,0.16,0.61,289.96624999999995,12.029166666666669,63.416187,68.00554,-1.6230737,PM*,F,6123.503917247734,92.98583894502737,2.632989637829915e-07
HD 181420, ,19,20,27.0,-,1,18,35,35,-7,6.588,0.28,2.657,-0.013,3.818,-0.09,50,3.11,0.64,2.0,1.5,2.5,1.36,1.32,1.41,-34.4,0.4,0.1,2,1109,0.82,19,73,51,1,20.2,0.9,-39,-6,-6,7.96,-0.006,7.3,8.7,0.09,0.02,290.11249999999995,-1.3097222222222222,40.652313,28.465055,-6.093467,PM*,F,6576.578373554205,49.62731010646249,4.096841384835628e-07
HD 181459, ,19,23,39.6,-,55,56,7,341,-27,7.353,0.292,2.644,-0.006,3.808,-0.4,81,2.82,1.43,2.4,2.2,2.8,1.33,1.25,1.39,-32.4,0.3,0.1,2,439,0.924,7,89,-65,2,12.4,0.9,-49,-4,-20,7.932,-0.036,7.12,9.0,0.12,0.2,290.915,-55.93527777777778,68.239525,-23.496742,-36.77323,PM*,F,6426.877173170194,72.17152940627065,2.744410990922079e-07
HD 182101, ,19,22,48.3,+,9,54,47,45,-2,6.35,0.309,2.644,0.008,3.799,-0.42,36,3.59,0.88,3.6,2.9,4.2,1.14,1.07,1.2,-11.7,0.2,0.3,6,406,0.802,13,8,107,2,28.0,0.9,-20,4,8,7.975,-0.001,7.89,8.66,0.05,0.23,290.70125,9.913055555555555,25.440336,25.440336,-1.2563819,PM*,F,6295.061828571975,35.97806820252849,7.951501586565117e-07
HD 182380, ,19,23,29.6,+,23,58,33,58,4,7.629,0.31,2.639,0.003,3.8,-0.38,118,2.28,2.13,2.0,1.8,2.3,1.47,1.39,1.55,-27.7,0.6,0.6,3,753,0.672,25,32,12,1,8.5,0.9,-26,-15,-15,7.938,0.008,7.18,8.13,0.06,0.11,290.8733333333333,23.97583333333333,62.378155,99.82591,8.231263,*,F,6309.57344480193,117.71255892440756,1.3015149167049192e-07
HD 182708, ,19,27,43.2,-,40,5,49,358,-24,7.16,0.366,2.636,0.028,3.793,0.2,68,2.88,1.16,2.4,2.0,2.8,1.47,1.42,1.53,-18.9,0.2,0.2,2,1747,0.489,8,36,-116,1,14.7,0.9,-27,-32,-12,7.938,-0.027,6.34,8.03,0.12,0.08,291.92999999999995,-40.096944444444446,62.08325,-2.1680012,-27.658092,PM*,F,6208.690342300638,62.121092712264016,2.981598422274054e-07
HD 182900, ,19,26,24.1,+,13,1,25,48,-2,5.72,0.302,2.659,0.005,3.811,0.05,56,2.0,1.77,1.4,1.3,1.5,1.73,1.68,1.78,-35.5,0.4,1.1,9,2896,0.141,27,14,58,2,18.0,0.8,-35,-16,5,7.963,-0.002,7.0,8.32,0.09,0.18,291.60041666666666,13.023611111111112,37.448486,41.590763,-1.9543717,PM*,F,6471.426157485831,55.965888455508015,8.839936593314357e-08
HD 182901, ,19,26,31.9,+,11,51,3,47,-2,6.911,0.293,2.652,-0.008,3.812,-0.08,63,2.93,0.95,2.2,1.8,2.5,1.4,1.35,1.45,-44.8,0.3,0.5,4,1765,0.637,21,92,25,2,16.0,0.9,-45,-20,-19,7.958,-0.002,6.66,8.49,0.12,0.17,291.6329166666667,11.850833333333332,42.93972,46.04722,-2.1986682,PM*,F,6486.344335482381,62.961623417815396,3.194840269932632e-07
HD 183028, ,19,30,34.6,-,55,6,36,342,-27,6.3,0.291,2.667,0.007,3.81,-0.19,37,3.47,0.55,2.6,1.7,3.3,1.25,1.2,1.29,8.7,0.4,0.5,2,270,0.136,11,40,-13,1,27.2,0.8,4,-2,-10,7.969,-0.017,7.72,8.41,0.04,0.05,292.64416666666665,-55.11,31.353712,-10.187437,-16.797647,*,F,6456.542290346556,32.96724326976572,6.736730127720424e-07
HD 183127, ,19,28,5.7,-,0,25,7,37,-8,7.641,0.288,2.644,-0.02,3.813,-0.07,61,3.7,0.14,1.1,0.0,2.8,1.25,1.2,1.3,-2.3,0.7,1.0,2,732,0.027,13,1,38,2,16.3,1.0,-7,7,5,7.951,-0.009,7.95,8.76,0.05,0.19,292.02374999999995,-0.4186111111111111,48.24266,36.353447,-8.489559,*,F,6501.296903430909,60.40635192310001,9.256549969819284e-07
HD 183301, ,19,28,12.0,+,18,55,2,54,1,7.643,0.318,2.652,0.018,3.798,-0.28,90,2.87,1.5,2.5,2.3,2.9,1.34,1.26,1.41,9.5,1.1,0.1,3,263,1.0,35,-13,-26,1,11.1,0.9,15,1,0,7.947,0.001,7.52,8.82,0.08,0.1,292.04999999999995,18.91722222222222,52.892616,72.800446,1.5707165,*,F,6280.58358813318,89.98629765204461,2.9406893582792726e-07
HD 183504, ,19,31,47.9,-,42,25,46,356,-25,7.501,0.345,2.623,0.01,3.784,-0.27,110,2.3,2.38,2.3,1.9,3.1,1.44,1.36,1.52,-49.5,0.5,0.1,2,1747,0.889,22,42,7,1,9.1,1.1,-53,12,2,7.901,-0.046,7.35,9.82,0.14,0.17,292.9495833333333,-42.42944444444444,99.45101,-6.9542828,-46.48801,*,F,6081.350012787177,99.69385858357813,1.3379785466273765e-07
HD 183577, ,19,32,13.9,-,44,32,46,354,-26,6.487,0.338,2.636,0.016,3.784,-0.34,42,3.38,1.36,5.3,4.6,6.2,1.13,1.08,1.2,-0.1,0.4,0.6,2,438,0.043,6,-150,36,1,23.9,1.0,13,-1,28,7.962,-0.018,7.57,8.76,0.07,0.64,293.05791666666664,-44.54611111111111,37.542557,-3.9458888,-18.411589,PM*,F,6081.350012787177,37.74935263710114,5.949070970334081e-07
HD 183627, ,19,20,42.7,+,78,9,36,110,25,7.613,0.268,2.68,0.004,3.829,0.04,120,2.21,1.19,1.3,1.2,1.5,1.64,1.58,1.71,1.9,0.5,0.4,6,1147,0.99,50,22,-8,2,8.3,0.6,-1,7,-11,8.037,0.051,7.98,8.93,0.06,0.08,290.17791666666665,78.16000000000001,-37.197056,102.19808,50.71419,*,F,6745.280276979222,108.7569240589009,1.1815419617178787e-07
HD 183631, ,19,30,58.0,-,11,29,4,27,-14,7.081,0.307,2.639,-0.007,3.802,-0.16,60,3.19,0.98,2.7,2.3,3.1,1.3,1.25,1.35,11.6,0.3,0.5,3,801,0.147,8,80,-15,2,16.7,0.9,3,8,-24,7.948,-0.014,7.86,8.96,0.07,0.27,292.7416666666666,-11.484444444444444,51.87239,26.430302,-14.515314,PM*,F,6338.69711256927,58.2177439284906,4.5756115747093316e-07
HD 183924, ,19,32,52.9,-,26,1,41,13,-20,7.655,0.241,2.706,0.014,3.844,-0.06,137,1.97,1.25,1.2,1.0,1.4,1.67,1.57,1.78,31.2,2.6,0.0,1,0,0.0,110,-26,0,2,8.3,1.2,35,2,4,7.875,-0.047,7.1,9.37,0.14,0.19,293.22041666666667,-26.028055555555557,125.43834,28.95972,-46.85676,*,F,6982.324040771711,128.7378830198555,8.481040750186614e-08
HD 183936, ,19,31,43.2,+,5,46,8,43,-6,6.968,0.3,2.651,0.003,3.806,-0.26,78,2.5,1.67,2.1,1.9,2.3,1.45,1.39,1.52,-24.5,0.3,0.4,2,661,0.427,11,96,12,1,12.8,0.9,-34,-4,-27,7.943,-0.009,7.46,8.63,0.07,0.31,292.92999999999995,5.768888888888889,56.733086,52.904457,-8.15322,PM*,F,6397.348354826482,77.57270536437572,1.763799235135453e-07
HD 183951, ,19,35,46.1,-,61,37,51,335,-29,7.618,0.312,2.653,0.014,3.799,-0.32,83,3.03,1.35,2.8,2.4,4.3,1.28,1.17,1.35,-14.6,0.2,0.1,2,439,0.982,7,28,-24,2,12.1,0.9,-20,0,-3,7.934,-0.04,7.8,8.38,0.04,0.07,293.9420833333333,-61.630833333333335,65.79199,-30.679325,-40.239197,*,F,6295.061828571975,72.59343586451688,3.668167426027225e-07
HD 184151, ,19,32,5.4,+,25,35,46,60,3,6.874,0.301,2.637,-0.009,3.804,-0.48,79,2.38,2.03,2.0,1.9,2.2,1.44,1.39,1.5,10.4,0.4,0.6,2,656,0.264,14,48,43,2,12.6,0.8,-15,21,-8,7.961,0.004,7.95,9.74,0.1,0.01,293.0225,25.59611111111111,39.44586,68.32225,4.1345406,PM*,F,6367.955209079156,78.89173414371179,1.4943390650469713e-07
HD 184509, ,19,35,35.7,-,20,46,55,19,-19,6.736,0.356,2.609,-0.002,3.774,-0.3,32,4.23,0.71,7.0,4.8,10.7,1.0,0.96,1.06,-30.7,0.2,0.4,4,1758,0.212,4,100,-169,1,31.6,1.1,-28,-29,-13,7.972,-0.01,6.5,8.1,0.11,0.09,293.89874999999995,-20.781944444444445,28.608171,9.850583,-10.41818,PM*,F,5942.921586155727,30.256593222058726,1.9250816306242964e-06
HD 184960, ,19,34,19.7,+,51,14,11,83,15,5.74,0.32,2.642,0.01,3.794,-0.32,26,3.7,0.8,3.8,3.2,4.2,1.13,1.06,1.19,0.6,0.2,0.2,3,2162,0.683,8,32,-188,1,39.1,0.5,19,2,-13,7.997,0.006,7.52,9.03,0.09,0.08,293.58208333333334,51.23638888888889,3.0606349,24.926874,6.7292953,PM*,F,6223.002851691595,25.11407042681401,9.256549969819284e-07
HD 184985, ,19,37,34.4,-,14,18,6,25,-17,5.47,0.319,2.642,-0.001,3.799,-0.02,31,3.02,1.08,2.5,2.1,2.8,1.39,1.35,1.42,-15.4,0.1,0.3,12,3628,0.928,5,-104,-146,1,32.4,0.7,-1,-29,9,7.973,-0.009,6.58,8.01,0.1,0.25,294.39333333333326,-14.301666666666668,26.867899,12.5287075,-9.063522,PM*,F,6295.061828571975,29.64544667052189,3.617838282151292e-07
HD 185720, ,19,40,45.1,-,7,30,44,32,-14,6.974,0.337,2.645,0.015,3.79,-0.01,48,3.57,0.73,3.3,2.6,3.9,1.24,1.18,1.29,15.4,0.3,0.2,2,361,0.643,12,69,-58,2,20.9,0.8,11,1,-23,7.961,-0.012,7.64,8.77,0.07,0.25,295.18791666666664,-7.512222222222222,39.497158,24.680563,-11.612251,PM*,F,6165.9500186148225,46.57419543131081,7.73480109318936e-07
HD 185907, ,19,42,55.6,-,37,26,23,2,-26,7.649,0.237,2.689,-0.005,3.842,-0.23,138,1.95,1.45,1.3,1.1,1.6,1.62,1.52,1.74,-35.6,0.8,1.5,4,1061,0.343,45,24,-17,1,7.9,1.2,-40,-9,-1,7.876,-0.06,7.13,8.52,0.09,0.11,295.7316666666666,-37.439722222222215,123.95802,4.328709,-60.49522,*,F,6950.243175887969,124.0335778889212,8.249908844483339e-08
HD 186257, ,19,41,57.3,+,36,13,32,71,6,7.478,0.303,2.632,0.002,3.799,-0.6,53,3.85,0.77,4.0,2.3,5.4,1.07,1.02,1.13,0.7,0.4,0.3,2,639,0.596,8,168,-13,1,18.8,0.7,-15,11,-38,7.982,0.006,7.96,9.14,0.07,0.57,295.48875,36.22555555555556,17.160587,49.837963,5.5400085,PM*,F,6295.061828571975,52.70966042552293,1.1388044353332944e-06
HD 186379, ,19,43,7.0,+,24,35,52,61,1,6.876,0.373,2.591,-0.004,3.764,-0.51,45,3.6,1.73,7.9,7.0,8.9,1.02,0.99,1.05,-8.1,0.3,0.5,3,409,0.203,5,85,-270,2,22.1,0.8,32,-27,-45,7.978,0.0,6.37,8.61,0.15,0.72,295.7791666666666,24.59777777777777,21.81311,39.351894,0.78535825,PM*,F,5807.644175213118,44.99314758115214,8.062117992321641e-07
HD 187182, ,19,48,8.6,+,13,27,15,51,-6,6.962,0.289,2.663,0.003,3.813,-0.18,65,2.9,1.04,2.2,1.9,2.6,1.38,1.33,1.43,-4.1,0.4,0.6,3,3702,0.287,13,-56,-73,1,15.4,0.8,20,-20,4,7.96,-0.007,6.75,8.37,0.11,0.17,297.0358333333333,13.454166666666666,40.681736,50.237762,-6.79435,PM*,F,6501.296903430909,64.64391985904274,3.065131772565901e-07
HD 187637, ,19,49,18.1,+,41,34,56,76,8,7.535,0.332,2.632,0.004,3.787,-0.24,53,3.91,0.67,4.5,3.0,6.3,1.08,1.03,1.15,-1.9,0.3,0.1,2,1021,0.987,6,104,-176,1,18.8,0.6,26,-2,-45,7.987,0.007,7.31,9.13,0.11,0.73,297.3254166666666,41.58222222222223,12.69708,50.9252,7.3761744,PM*,F,6123.503917247734,52.48420558193102,1.2372263188348547e-06
HD 187728, ,19,48,36.3,+,55,43,29,89,15,7.647,0.289,2.652,-0.003,3.814,-0.23,106,2.51,1.46,2.0,1.8,2.2,1.47,1.41,1.53,-20.1,1.2,0.1,2,370,0.965,45,81,32,2,9.4,0.6,-33,-11,-33,7.997,0.027,7.3,8.44,0.07,0.44,297.15125,55.72472222222223,1.7869171,102.37254,27.434818,PM*,F,6516.283940608428,102.38813416980442,1.7883361266574799e-07
HD 188166, ,19,50,21.8,+,61,12,32,94,17,6.702,0.331,2.637,0.005,3.791,-0.11,54,3.05,1.32,2.7,2.4,4.0,1.36,1.31,1.4,7.3,0.3,0.1,2,707,0.811,9,-25,39,2,18.6,0.5,-6,4,12,8.003,0.016,7.99,8.62,0.04,0.3,297.59083333333325,61.20888888888889,-3.6022563,51.514664,15.788072,*,F,6180.164001384158,51.64045756462452,3.770935898212623e-07
HD 188377, ,19,55,52.1,-,26,33,0,15,-25,7.708,0.295,2.655,0.001,3.808,-0.24,78,3.24,0.87,2.7,2.2,3.2,1.27,1.2,1.32,-11.0,0.6,0.9,2,717,0.043,10,-22,21,2,12.8,0.9,-7,3,14,7.932,-0.033,7.92,8.5,0.04,0.34,298.9670833333333,-26.55,68.283226,18.296436,-32.964226,*,F,6426.877173170194,70.69199759003259,4.9028561355697e-07
HD 188815, ,19,58,58.5,-,46,5,16,353,-31,7.48,0.327,2.619,0.008,3.786,-0.68,56,3.73,1.23,6.9,4.4,8.7,1.02,0.97,1.08,-7.0,0.2,0.4,3,648,0.276,6,80,37,1,17.8,1.0,-14,15,-13,7.952,-0.029,7.94,9.29,0.08,0.1,299.7437499999999,-46.08777777777778,47.643574,-5.8499,-28.842133,PM*,F,6109.420249055721,48.001369496124546,9.648263369592704e-07
HD 188986, ,20,0,8.3,-,50,13,0,349,-31,6.666,0.274,2.677,0.01,3.817,-0.42,38,3.74,0.33,1.6,0.0,3.4,1.18,1.12,1.23,4.4,0.5,0.2,2,432,0.753,22,48,10,1,26.0,0.9,0,3,-9,7.968,-0.02,7.88,8.59,0.04,0.04,300.0345833333333,-50.21666666666667,31.973911,-6.215104,-19.571447,*,F,6561.452663029057,32.57235794913744,9.782484083016166e-07
HD 189006, ,20,0,11.7,-,48,44,54,350,-31,7.663,0.312,2.661,0.021,3.811,-0.14,83,2.99,0.96,2.3,1.9,2.7,1.36,1.29,1.42,-31.8,0.2,0.2,2,344,0.555,7,79,-28,2,12.1,1.0,-44,0,-11,7.93,-0.043,7.31,9.0,0.1,0.08,300.04875,-48.748333333333335,70.06404,-12.354198,-42.74816,PM*,F,6471.426157485831,71.14489376859596,3.4709563326184744e-07
HD 189509, ,20,0,8.1,+,7,45,38,48,-11,7.248,0.318,2.625,-0.017,3.796,-0.06,51,3.73,0.48,3.2,1.8,4.2,1.21,1.14,1.26,-13.8,0.8,0.9,2,672,0.457,29,32,2,3,19.8,1.0,-13,-8,-4,7.967,-0.01,7.76,7.99,0.01,0.05,300.03374999999994,7.760555555555555,33.498672,37.204052,-9.731258,*,F,6251.726927756856,50.06298543816866,9.648263369592704e-07
HD 189712, ,20,1,15.8,+,5,38,53,46,-13,7.462,0.312,2.638,0.015,3.797,-0.73,81,2.93,1.83,4.2,3.6,4.9,1.15,1.1,1.21,28.9,0.3,0.3,3,393,0.737,8,-32,-21,1,12.4,1.0,30,12,0,7.946,-0.018,7.44,9.8,0.14,0.12,300.3158333333333,5.648055555555555,54.8252,56.773155,-18.221035,*,F,6266.138646723356,78.92397407438392,3.194840269932632e-07
HD 189899, ,20,9,4.1,-,74,13,10,320,-31,7.594,0.337,2.614,-0.016,3.786,-0.23,70,3.37,1.23,5.0,3.0,5.8,1.16,1.11,1.25,-3.7,0.3,0.3,2,1489,0.464,8,-47,-151,1,14.3,0.8,-22,-42,23,7.954,-0.036,5.92,7.99,0.15,0.52,302.2670833333333,-74.21944444444445,45.96397,-38.568367,-36.052666,PM*,F,6109.420249055721,60.00171223563199,5.867446656604655e-07
HD 189948, ,20,3,1.1,-,9,2,34,33,-20,7.656,0.305,2.631,-0.016,3.802,-0.27,61,3.72,0.55,3.4,2.1,4.3,1.16,1.09,1.22,16.2,0.6,0.9,2,986,0.092,10,-20,-142,2,16.3,1.2,31,-27,-17,7.952,-0.021,6.29,8.51,0.15,0.16,300.7545833333333,-9.042777777777776,48.073647,31.21939,-20.863228,PM*,F,6338.69711256927,57.32125127605563,9.515884233396342e-07
HD 190009, ,20,3,44.3,-,22,35,44,19,-25,6.45,0.322,2.639,-0.002,3.798,0.0,57,2.65,1.46,2.1,1.9,2.3,1.49,1.44,1.54,8.0,0.3,0.4,2,717,0.27,9,-38,23,1,17.4,0.8,11,6,7,7.951,-0.025,7.72,9.01,0.08,0.23,300.9345833333333,-22.595555555555556,48.845055,16.8187,-24.089241,*,F,6280.58358813318,51.65953994803888,2.1699471169699102e-07
HD 190177, ,20,4,26.3,-,22,11,28,20,-25,7.515,0.273,2.666,-0.003,3.821,-0.27,86,2.84,1.01,2.1,1.8,2.5,1.37,1.31,1.43,7.7,1.0,1.5,2,445,0.029,23,-7,-88,3,11.6,0.9,14,-32,-13,7.927,-0.037,6.28,8.13,0.13,0.09,301.10958333333326,-22.191111111111116,73.24196,26.657892,-36.345173,PM*,F,6622.165037017622,77.94246538649688,2.821299227425322e-07
HD 190307, ,20,5,46.0,-,36,29,58,5,-30,7.681,0.307,2.652,0.001,3.806,-0.01,104,2.6,1.34,2.0,1.6,2.3,1.46,1.38,1.56,33.0,1.1,1.2,2,314,0.441,40,3,-11,2,7.1,1.1,28,-2,-19,7.91,-0.052,7.18,9.0,0.11,0.19,301.4416666666666,-36.49944444444444,89.723915,7.8498244,-52.0,*,F,6397.348354826482,90.06664569105514,2.025112479414196e-07
HD 190422, ,20,7,35.0,-,55,0,57,343,-33,6.26,0.345,2.626,0.002,3.78,-0.17,23,4.43,0.25,4.1,0.0,8.3,1.04,0.97,1.11,12.6,0.2,0.4,5,5854,0.338,16,20,35,2,43.1,0.8,10,1,-9,7.981,-0.013,7.67,8.74,0.06,0.03,301.8958333333333,-55.01583333333333,18.446566,-5.6396823,-12.526698,*,F,6025.595860743575,19.289422325131703,2.5377518318416318e-06
HD 190498, ,20,5,10.1,+,2,7,7,44,-15,6.78,0.31,2.657,0.01,3.804,-0.07,76,2.38,1.66,1.9,1.6,2.1,1.54,1.47,1.62,-3.5,0.6,0.3,2,752,0.666,25,10,-108,1,13.2,1.1,15,-30,-20,7.947,-0.02,6.38,8.18,0.12,0.2,301.29208333333327,2.118611111111111,52.806995,50.995125,-19.670248,PM*,F,6367.955209079156,73.41036367363705,1.4943390650469713e-07
HD 191033, ,20,8,35.8,-,23,35,25,19,-27,7.551,0.328,2.628,-0.005,3.789,-0.18,52,3.98,0.5,4.1,2.2,6.0,1.1,1.05,1.17,23.9,0.3,0.2,2,718,0.721,6,-52,-106,2,19.3,0.9,31,-19,-8,7.956,-0.023,6.59,8.66,0.14,0.03,302.1491666666666,-23.59027777777777,43.808086,15.084333,-23.607506,PM*,F,6151.7687270986835,46.33233753047956,1.3628534249958125e-06
HD 191260, ,20,8,21.0,+,20,13,11,60,-7,7.343,0.244,2.697,0.002,3.845,0.18,132,1.74,1.27,1.0,0.8,1.1,1.85,1.73,1.99,-18.9,0.4,0.9,4,1475,0.285,30,39,8,1,6.8,0.9,-25,-9,-16,7.934,-0.015,7.44,8.2,0.05,0.13,302.0874999999999,20.21972222222222,65.50804,113.46327,-16.086754,*,F,6998.419960022738,131.01609421645304,6.172330179439641e-08
HD 192161, ,20,10,37.8,+,57,23,12,92,13,7.515,0.285,2.666,0.002,3.814,-0.2,69,3.31,0.63,2.4,1.8,3.0,1.28,1.24,1.33,3.1,2.1,3.0,2,682,0.138,40,59,23,2,14.4,0.6,-17,5,-12,8.002,0.015,7.97,8.73,0.05,0.07,302.6575,57.38666666666666,-2.3463445,67.19058,15.521622,PM*,F,6516.283940608428,67.23153555623342,5.400688762356338e-07
HD 192438, ,20,10,15.1,+,68,17,54,101,18,7.532,0.23,2.716,0.016,3.851,-0.05,172,1.35,1.75,0.9,0.8,1.0,1.92,1.83,2.03,-9.3,0.8,0.5,5,1127,0.976,60,32,29,2,5.8,0.6,-32,-12,-14,8.032,0.054,7.31,8.41,0.07,0.12,302.56291666666664,68.29833333333333,-31.21287,160.57626,53.150925,*,F,7095.777679633888,163.58171819987862,3.6012158251551364e-08
HD 192530, ,20,17,43.8,-,51,55,0,347,-34,6.675,0.312,2.653,0.013,3.801,-0.22,62,2.72,1.53,2.3,2.1,2.5,1.41,1.36,1.46,-0.9,0.4,0.5,2,317,0.255,18,0,-37,2,16.2,0.8,-3,-10,0,7.95,-0.035,7.57,8.02,0.03,0.11,304.43249999999995,-51.91666666666666,50.082947,-11.562558,-34.66996,*,F,6324.118513762197,51.40033392603761,2.390282048968422e-07
HD 192740, ,20,18,42.5,-,51,30,20,347,-34,7.685,0.272,2.694,0.018,3.822,-0.03,74,3.34,0.27,1.4,0.0,2.2,1.34,1.28,1.39,110.5,0.2,0.6,6,1762,0.445,19,38,242,2,13.5,0.9,101,67,-70,7.94,-0.042,6.97,17.43,0.43,2.33,304.6770833333333,-51.50555555555555,59.776417,-13.800471,-41.380276,PM*,F,6637.43070401909,61.34878180681121,5.629232027732556e-07
HD 192763, ,20,7,58.8,+,77,49,27,110,23,6.982,0.329,2.645,0.019,3.792,-0.26,92,2.17,2.32,1.8,1.7,2.0,1.58,1.51,1.64,-23.2,1.0,1.5,2,702,0.314,40,23,-26,2,10.9,0.5,12,-13,-21,8.03,0.035,7.27,8.39,0.07,0.22,301.99499999999995,77.82416666666666,-28.964466,79.57923,35.94726,*,F,6194.410750767812,84.68644601149617,1.1180189118904961e-07
HD 192804, ,20,15,42.4,+,31,14,31,70,-2,7.678,0.37,2.6,-0.002,3.768,-0.46,74,3.35,1.85,6.2,5.3,7.1,1.07,1.04,1.12,-27.4,0.2,0.1,4,1782,0.993,6,-75,-56,2,13.6,0.8,20,-36,12,7.975,-0.003,6.08,8.23,0.15,0.3,303.9266666666666,31.24194444444445,25.294075,69.494896,-2.5825627,PM*,F,5861.3816451402845,73.95492411027436,5.707542445871613e-07
HD 192826, ,20,18,39.1,-,42,37,13,358,-34,7.455,0.376,2.638,0.036,3.793,0.31,92,2.49,1.51,1.7,1.4,2.4,1.59,1.52,1.67,-17.0,0.5,0.7,2,1557,0.081,10,47,-126,1,10.9,1.0,-30,-51,-14,7.924,-0.051,5.4,8.01,0.19,0.11,304.66291666666666,-42.62027777777778,76.225,-2.6618435,-51.445747,PM*,F,6208.690342300638,76.27146278798179,1.7395990023861142e-07
HD 192865, ,20,21,35.6,-,67,18,46,328,-34,7.193,0.347,2.648,0.025,3.799,0.19,53,3.46,0.46,2.2,1.4,2.9,1.35,1.3,1.39,-4.5,0.1,0.4,7,2610,0.284,7,111,16,2,18.8,0.7,-17,10,-21,7.962,-0.029,7.93,8.99,0.06,0.22,305.3983333333333,-67.31277777777777,37.26238,-23.284119,-29.637224,PM*,F,6295.061828571975,43.93899362605567,6.644298725204366e-07
HD 192886, ,20,19,17.8,-,47,34,48,352,-34,6.13,0.306,2.656,0.003,3.804,-0.05,29,3.78,0.24,2.0,0.0,3.6,1.22,1.17,1.27,-29.5,0.6,0.8,2,1762,0.067,12,191,-183,1,33.9,0.9,-43,-18,-7,7.976,-0.017,6.79,8.49,0.11,0.02,304.8241666666666,-47.580000000000005,23.808115,-3.346012,-16.216595,PM*,F,6367.955209079156,24.042090927316803,1.0338300462535406e-06
HD 192887, ,20,21,28.2,-,66,44,58,329,-34,6.778,0.315,2.631,-0.008,3.797,-0.27,44,3.56,0.82,3.5,2.9,4.1,1.18,1.09,1.23,20.5,0.4,0.6,2,1495,0.089,6,-140,3,2,22.7,0.8,31,-12,13,7.969,-0.024,6.88,8.86,0.13,0.32,305.3675,-66.74944444444445,31.26745,-18.787382,-24.604488,PM*,F,6266.138646723356,36.477652774218136,7.628675643650526e-07
HD 192985, ,20,16,0.6,+,45,34,46,82,6,5.91,0.281,2.671,-0.001,3.818,0.01,34,3.22,0.44,1.8,1.0,2.3,1.36,1.33,1.41,-44.1,0.3,0.4,3,1771,0.55,12,7,-53,2,29.0,0.5,1,-44,-10,7.995,0.003,5.82,8.02,0.16,0.04,304.00249999999994,45.57944444444445,4.7059636,33.48467,3.5539677,PM*,F,6576.578373554205,33.81374304056599,4.769239694453286e-07
HD 193017, ,20,18,10.0,-,4,43,43,39,-21,7.285,0.342,2.621,-0.017,3.787,0.19,37,4.47,-0.28,0.0,0.0,0.0,0.0,0.0,0.0,15.9,0.1,0.4,9,1465,0.507,5,-27,-22,2,27.3,1.0,16,6,-3,7.973,-0.013,7.64,9.11,0.09,0.06,304.54166666666663,-4.728611111111111,26.844543,21.738283,-13.259614,*,F,6123.503917247734,34.54247293792003,2.6819405699292775e-06
HD 193307, ,20,21,41.0,-,49,59,57,349,-35,6.274,0.363,2.604,0.009,3.769,-0.5,32,3.72,1.49,8.4,7.2,9.5,1.0,0.97,1.03,17.9,0.2,0.4,4,3222,0.241,5,-360,-250,1,30.8,0.9,38,-48,33,7.974,-0.018,5.43,8.49,0.22,0.8,305.4208333333333,-49.99916666666667,25.73126,-5.001655,-18.354446,PM*,F,5874.893525297769,26.21286504613002,9.515884233396342e-07
HD 193402, ,20,21,12.1,-,32,44,21,10,-32,7.682,0.283,2.701,0.042,3.839,-0.01,97,2.57,0.69,1.3,1.0,1.6,1.52,1.46,1.59,27.1,0.3,0.2,2,447,0.632,14,-1,-50,2,10.3,0.9,24,-18,-19,7.919,-0.052,6.74,8.47,0.11,0.19,305.30041666666665,-32.73916666666667,81.01094,14.284415,-51.40217,PM*,F,6902.398038402419,82.26066442459498,1.9428941916407797e-07
HD 193555, ,20,20,15.3,+,15,32,34,57,-12,6.777,0.358,2.636,0.022,3.794,0.19,80,2.17,1.86,1.6,1.4,1.8,1.71,1.63,1.77,-25.4,0.5,0.6,2,1097,0.348,23,68,33,2,12.5,0.8,-36,-10,-9,7.958,-0.016,7.22,8.46,0.08,0.04,305.0637499999999,15.542777777777776,42.61899,65.62749,-16.632936,PM*,F,6223.002851691595,78.25180989804772,1.1180189118904961e-07
HD 193632, ,20,19,34.3,+,43,29,46,81,4,7.556,0.32,2.618,-0.01,3.792,-0.55,65,3.49,1.24,5.6,3.7,6.7,1.08,1.04,1.16,-6.3,0.3,0.5,3,424,0.437,10,17,110,2,15.4,0.7,-32,-2,14,7.989,0.005,7.59,8.67,0.07,0.34,304.8929166666666,43.49611111111111,10.143474,64.04336,4.5341706,PM*,F,6194.410750767812,64.84166889337655,6.925468367376233e-07
HD 194012, ,20,22,52.3,+,14,33,3,57,-13,6.165,0.326,2.626,-0.007,3.79,-0.18,26,4.08,0.38,3.9,1.2,6.1,1.09,1.04,1.17,4.5,0.1,0.4,10,3306,0.578,8,79,-5,2,38.3,0.7,-3,5,-9,7.986,-0.006,7.94,8.68,0.04,0.03,305.71791666666667,14.550833333333332,13.79768,21.246563,-5.848727,PM*,F,6165.9500186148225,25.333622178744378,1.5647650954783726e-06
HD 194189, ,20,28,41.4,-,67,45,29,328,-34,7.23,0.256,2.685,0.008,3.828,-0.45,92,2.42,1.44,1.9,1.7,2.1,1.44,1.38,1.51,-15.7,0.5,0.4,2,1116,0.535,19,62,-6,2,10.9,0.8,-27,8,-12,7.936,-0.051,7.77,8.99,0.07,0.1,307.1725,-67.75805555555556,64.68187,-40.417717,-51.445747,PM*,F,6729.766562843175,76.27146356396335,1.5792436886436074e-07
HD 194385, ,20,24,59.0,+,9,11,41,52,-16,7.619,0.346,2.625,0.012,3.781,-0.38,76,3.22,1.62,5.0,4.2,6.0,1.15,1.08,1.2,-5.0,0.3,0.5,2,751,0.256,7,68,1,2,13.2,1.0,-17,0,-18,7.956,-0.021,7.89,8.35,0.03,0.17,306.2458333333333,9.194722222222222,44.977695,57.568825,-20.948439,PM*,F,6039.4862937638,73.05588723295098,4.769239694453286e-07
HD 194497, ,20,26,2.2,-,3,51,53,41,-23,7.495,0.309,2.617,-0.039,3.801,-0.18,91,2.7,1.51,2.3,2.0,2.6,1.41,1.34,1.48,-51.4,0.4,0.5,2,728,0.206,8,36,-2,1,11.0,1.0,-44,-31,6,7.936,-0.035,6.23,8.3,0.14,0.21,306.50916666666666,-3.8647222222222224,63.218964,54.955406,-35.556534,*,F,6324.118513762197,83.76594808069764,2.3251402271779487e-07
HD 194711, ,20,28,1.2,-,25,36,23,18,-32,6.775,0.253,2.707,0.021,3.851,0.25,90,1.91,0.95,1.0,0.8,1.2,1.85,1.77,1.93,-6.8,0.6,1.3,5,1350,0.734,90,27,24,1,11.1,0.9,-14,9,-3,7.927,-0.047,7.92,8.88,0.06,0.08,307.00499999999994,-25.60638888888889,72.58875,23.585514,-47.692734,*,F,7095.777679633888,76.32432834428808,7.806370326530442e-08
HD 194881, ,20,32,0.8,-,65,48,54,330,-35,7.475,0.325,2.636,0.013,3.791,-0.53,81,2.92,1.82,4.0,3.5,4.7,1.17,1.13,1.25,-2.5,0.2,0.2,3,649,0.671,7,-68,-46,2,12.3,0.9,7,-18,25,7.942,-0.046,7.08,8.13,0.07,0.56,308.00333333333333,-65.815,57.46192,-33.17567,-46.459694,PM*,F,6180.164001384158,66.35131747023038,3.1510054181030334e-07
HD 195005, ,20,28,49.9,-,1,44,4,43,-22,6.829,0.345,2.621,-0.007,3.783,-0.02,32,4.31,0.16,2.7,0.0,6.2,1.1,1.04,1.16,-7.0,0.1,0.4,30,2596,0.117,5,53,-42,2,31.3,1.1,-6,-8,-7,7.978,-0.012,7.75,8.02,0.02,0.01,307.2079166666666,-1.7344444444444445,21.699179,20.23481,-11.987411,PM*,F,6067.363295885053,29.669882119923248,2.1500529222217495e-06
HD 195104, ,20,29,11.7,+,4,27,23,49,-19,7.097,0.334,2.614,-0.015,3.786,-0.19,37,4.26,0.3,4.1,0.0,7.1,1.07,1.01,1.14,-15.3,0.3,0.3,2,703,0.43,3,30,29,2,27.1,1.0,-15,-7,3,7.977,-0.012,7.8,8.07,0.02,0.15,307.29875,4.456388888888889,22.951693,26.402903,-12.046021,*,F,6109.420249055721,34.98418926306079,2.0065461366045865e-06
HD 195231, ,20,29,6.9,+,28,21,39,69,-6,7.393,0.243,2.717,0.025,3.853,-0.05,78,2.82,0.25,0.8,0.2,1.3,1.49,1.44,1.55,-28.0,1.2,2.4,4,1507,0.105,90,71,60,2,12.8,0.8,-41,-15,-6,7.972,-0.008,6.95,8.51,0.1,0.03,307.27874999999995,28.360833333333336,27.799574,72.42036,-8.15322,PM*,F,7128.530301265198,77.57270690849376,2.744410990922079e-07
HD 195663, ,20,30,18.7,+,54,40,51,91,9,7.448,0.334,2.642,0.012,3.788,-0.15,53,3.83,0.65,3.8,2.8,5.4,1.13,1.07,1.2,-21.7,0.3,0.1,2,682,0.88,7,98,104,2,18.9,0.6,-35,-21,-9,8.001,0.008,6.82,8.3,0.1,0.02,307.5779166666666,54.68083333333333,-0.9135866,52.33951,8.291027,PM*,F,6137.620051647939,52.34748272377383,1.1077688528953563e-06
HD 195690, ,20,31,36.2,+,34,19,49,74,-3,6.479,0.288,2.672,0.01,3.814,-0.13,45,3.21,0.67,2.3,1.7,2.8,1.32,1.28,1.37,11.9,0.3,0.5,3,374,0.38,11,-9,-53,1,22.2,0.6,13,8,-6,7.988,-0.002,7.74,9.2,0.09,0.02,307.9008333333333,34.33027777777778,12.386684,43.197495,-2.355118,PM*,F,6516.283940608428,44.93833012908781,4.70380327269733e-07
HD 195838, ,20,34,11.6,-,13,43,15,32,-29,6.13,0.344,2.615,-0.009,3.784,-0.15,33,3.55,1.02,3.7,3.0,6.4,1.14,1.09,1.24,-41.5,0.1,0.3,6,2501,0.456,6,69,70,1,30.5,1.0,-40,-9,15,7.976,-0.016,7.19,8.65,0.09,0.37,308.5483333333333,-13.720833333333331,24.476748,15.294769,-15.998717,PM*,F,6081.350012787177,28.862452276597445,7.524006289866961e-07
HD 196081, ,20,35,54.4,-,26,46,24,17,-34,7.215,0.277,2.663,-0.004,3.816,-0.32,59,3.35,0.65,2.5,1.8,3.2,1.24,1.19,1.29,-25.9,0.8,0.9,2,744,0.416,26,94,21,2,16.9,0.9,-37,1,-5,7.953,-0.033,7.51,8.9,0.08,0.05,308.97666666666663,-26.773333333333333,46.775944,14.30084,-32.992382,PM*,F,6546.361740672747,48.91321868162774,5.707542445871613e-07
HD 196195, ,20,33,23.4,+,54,48,7,91,9,7.01,0.226,2.722,0.0,3.855,0.18,106,1.88,0.98,0.9,0.8,1.0,1.86,1.76,1.96,-9.6,1.2,0.9,3,1119,0.782,90,32,12,2,9.4,0.5,-14,-8,-11,8.002,0.016,7.77,8.05,0.02,0.06,308.3475,54.801944444444445,-1.8271732,104.67902,16.582054,*,F,7161.43410212902,104.69496544754766,7.489436621120556e-08
HD 196277, ,20,37,43.8,-,41,13,39,0,-37,6.621,0.282,2.673,0.008,3.821,-0.01,89,1.87,1.74,1.3,1.1,1.5,1.75,1.67,1.82,-12.2,3.8,0.0,1,0,0.0,23,36,-52,1,11.2,0.8,-20,-20,-7,7.929,-0.054,6.99,7.99,0.07,0.05,309.43249999999995,-41.2275,71.07856,0.0,-53.561535,PM*,F,6622.165037017622,71.07856,7.386677698346324e-08
HD 196384, ,20,37,43.4,-,22,26,34,23,-33,7.432,0.292,2.663,0.003,3.808,-0.22,51,3.92,0.17,1.4,0.0,3.8,1.17,1.11,1.22,12.7,0.3,0.5,2,717,0.284,6,-15,11,1,19.8,1.0,11,6,-3,7.961,-0.027,7.71,9.02,0.08,0.06,309.4308333333333,-22.442777777777778,39.372017,16.71243,-27.776592,*,F,6426.877173170194,42.772199372409986,1.2544378513997383e-06
HD 196482, ,20,35,33.6,+,50,25,29,88,6,7.514,0.312,2.635,-0.002,3.798,-0.38,70,3.28,1.18,3.1,2.6,5.2,1.21,1.11,1.27,5.4,0.3,0.3,2,657,0.463,7,48,28,2,14.2,0.6,-17,7,-7,7.997,0.007,7.97,8.82,0.05,0.01,308.89,50.42472222222222,2.4295816,69.57413,7.3169923,PM*,F,6280.58358813318,69.61653849487173,5.181424209225667e-07
HD 196789, ,20,37,58.9,+,42,50,44,82,1,7.026,0.329,2.639,0.008,3.792,-0.18,63,3.02,1.4,2.7,2.4,4.1,1.35,1.28,1.39,1.6,0.4,0.6,2,375,0.121,8,91,172,1,15.8,0.6,-57,10,10,7.991,0.001,7.32,9.92,0.15,0.28,309.4954166666666,42.84555555555556,8.76657,62.377388,1.0995016,PM*,F,6194.410750767812,62.99040627958709,3.617838282151292e-07
HD 196999, ,20,41,46.7,-,28,45,42,16,-36,7.592,0.248,2.694,0.0,3.84,0.13,128,2.05,1.08,1.1,0.9,1.3,1.72,1.62,1.83,-22.7,0.2,0.3,5,1092,0.433,19,36,29,2,7.8,0.9,-33,14,0,7.899,-0.074,7.69,9.42,0.1,0.14,310.4445833333333,-28.761666666666667,99.54266,28.5434,-75.23651,*,F,6918.309709189362,103.5541734718384,9.472162716812682e-08
HD 197373, ,20,40,17.8,+,60,30,18,96,11,6.01,0.302,2.667,0.022,3.804,-0.37,33,3.4,0.91,3.2,2.7,4.7,1.2,1.14,1.25,-15.0,0.8,1.1,2,313,0.252,30,14,187,1,30.1,0.5,-23,-20,12,8.004,0.007,7.04,8.1,0.07,0.3,310.07416666666666,60.505,-3.3860648,32.21624,6.2966967,PM*,F,6367.955209079156,32.39369621650791,6.11574191621451e-07
HD 197407, ,20,41,56.3,+,42,31,29,82,0,7.515,0.313,2.655,0.013,3.799,-0.22,67,3.38,0.91,3.1,2.6,3.5,1.23,1.15,1.29,0.9,0.4,0.1,2,1084,0.975,13,62,46,2,14.9,0.7,-23,4,-7,7.991,0.0,7.86,8.76,0.05,0.01,310.4845833333333,42.52472222222222,9.324598,66.34796,0.0,PM*,F,6295.061828571975,66.99999943300898,5.949070970334081e-07
HD 197466, ,20,44,16.3,-,9,2,58,38,-29,7.66,0.226,2.71,0.014,3.848,-0.41,147,1.82,1.64,1.3,1.1,1.5,1.62,1.52,1.73,-20.7,1.3,2.6,4,1094,0.328,55,24,-13,2,5.4,1.1,-21,-18,-7,7.898,-0.072,7.09,7.98,0.06,0.07,311.06791666666663,-9.049444444444443,101.31383,79.15504,-71.26701,*,F,7046.930689671467,128.56909623494482,6.893648730582935e-08
HD 197665, ,20,38,5.0,+,76,49,59,110,21,7.076,0.261,2.668,-0.005,3.831,-0.28,132,1.48,2.17,1.1,1.0,1.3,1.79,1.72,1.87,-7.2,1.0,0.8,5,1095,0.967,70,24,64,2,7.6,0.5,-36,-24,5,8.043,0.046,6.73,8.34,0.11,0.19,309.5208333333333,76.83305555555555,-42.14803,115.80077,47.30457,PM*,F,6776.41507610675,123.23260431182082,4.30972093994822e-08
HD 198061, ,20,47,38.6,+,6,58,33,54,-22,7.286,0.317,2.643,0.007,3.799,-0.22,80,2.77,1.52,2.4,2.1,2.8,1.38,1.31,1.46,6.2,0.8,0.2,2,770,0.899,30,-14,-13,2,12.5,1.1,10,1,-1,7.956,-0.03,7.66,8.69,0.06,0.1,311.9108333333333,6.975833333333333,43.5988,60.008606,-29.968527,*,F,6295.061828571975,74.1747137203996,2.561233360432562e-07
HD 198089, ,20,47,37.8,+,12,59,10,59,-19,7.439,0.382,2.587,-0.003,3.761,-0.29,39,4.48,0.75,11.4,7.0,15.4,0.94,0.86,0.99,-33.4,0.3,0.4,2,383,0.294,1,25,38,2,25.6,0.9,-24,-23,11,7.981,-0.012,6.89,8.07,0.08,0.28,311.9075,12.98611111111111,18.992146,31.608236,-12.697158,*,F,5767.664633922509,36.875224646326046,2.7192500797204123e-06
HD 198109, ,20,47,38.4,+,16,14,18,62,-17,7.606,0.332,2.614,0.001,3.784,-0.62,54,3.95,1.01,5.7,3.9,9.2,1.01,0.96,1.06,22.9,0.2,0.3,6,1087,0.777,5,129,-30,2,18.6,0.9,-5,18,-37,7.976,-0.015,7.96,9.62,0.09,0.55,311.91,16.238333333333333,24.24373,45.595818,-15.788072,PM*,F,6081.350012787177,51.64045955839301,1.307522436604637e-06
HD 198135, ,20,47,40.9,+,22,41,44,67,-13,7.632,0.285,2.666,0.006,3.813,-0.3,78,3.17,0.88,2.6,2.1,3.0,1.27,1.22,1.33,14.8,0.3,0.2,3,1828,0.932,13,123,-9,2,12.8,0.9,-21,15,-41,7.97,-0.017,7.92,9.51,0.09,0.64,311.92041666666665,22.695555555555558,29.69591,69.95916,-17.54618,PM*,F,6501.296903430909,76.00086274927213,4.4509134563802575e-07
HD 198354, ,20,50,30.1,-,24,58,58,21,-36,6.846,0.323,2.633,0.004,3.793,-0.29,54,3.19,1.3,4.4,2.6,5.0,1.18,1.13,1.31,0.1,0.2,0.2,2,353,0.612,8,-78,-110,1,18.6,1.0,18,-28,8,7.96,-0.032,6.44,8.26,0.12,0.24,312.6254166666666,-24.982777777777777,40.785248,15.655991,-31.740402,PM*,F,6208.690342300638,43.686914615403836,4.5756115747093316e-07
HD 198389, ,20,49,39.0,+,13,57,46,60,-18,7.119,0.299,2.656,-0.001,3.807,-0.1,51,3.58,0.42,2.5,1.2,3.4,1.25,1.2,1.3,-40.5,0.9,1.2,2,1052,0.107,18,89,72,2,19.6,0.8,-43,-22,6,7.976,-0.016,6.64,8.45,0.12,0.2,312.4125,13.962777777777776,24.25194,42.005596,-15.759867,PM*,F,6412.095765851615,48.50388323710603,7.842402894793196e-07
HD 198502, ,20,51,38.8,-,29,26,31,15,-38,7.119,0.324,2.64,0.004,3.794,-0.16,62,3.17,1.18,2.9,2.5,4.2,1.29,1.22,1.36,34.7,0.3,0.2,2,719,0.662,4,-110,-108,2,16.2,1.0,51,-25,-2,7.953,-0.038,6.08,9.08,0.2,0.08,312.9116666666667,-29.441944444444445,47.191914,12.645036,-38.171013,PM*,F,6223.002851691595,48.85666466741965,4.4509134563802575e-07
HD 198585, ,20,51,12.4,+,3,29,26,51,-25,7.673,0.382,2.601,0.021,3.772,-0.68,106,2.45,2.81,3.0,2.5,3.8,1.27,1.17,1.35,2.6,0.3,0.4,3,842,0.539,10,-10,64,2,9.4,0.9,-12,24,18,7.939,-0.044,7.93,10.04,0.12,0.48,312.8016666666666,3.4905555555555554,60.45794,74.65934,-44.797535,PM*,F,5915.616341754737,96.0686190089105,1.6460732219326072e-07
HD 198737, ,20,48,25.5,+,68,1,58,103,15,6.98,0.255,2.687,0.004,3.832,-0.21,79,2.48,1.09,1.7,1.5,1.9,1.5,1.46,1.55,-3.2,0.5,0.6,7,1003,0.922,45,41,109,1,12.6,0.6,-40,-16,11,8.017,0.021,7.01,8.51,0.1,0.29,312.10625,68.03277777777778,-17.165592,74.35236,20.446705,PM*,F,6792.036326171843,76.3081318489718,1.7157308092779462e-07
HD 199227, ,20,56,52.1,-,33,59,54,10,-40,7.364,0.307,2.655,0.01,3.804,-0.19,101,2.34,1.81,1.9,1.7,2.2,1.51,1.43,1.6,-2.7,1.2,1.0,2,370,0.548,45,-23,19,2,9.9,1.0,4,8,11,7.923,-0.065,7.81,8.94,0.07,0.31,314.2170833333333,-33.998333333333335,76.19506,13.435245,-64.92155,*,F,6367.955209079156,77.37049163998911,1.4139991550280592e-07
HD 199260, ,20,56,47.3,-,26,17,46,20,-38,5.72,0.324,2.638,-0.002,3.792,-0.11,21,4.11,0.24,2.9,0.0,5.4,1.12,1.06,1.19,-16.1,0.3,0.6,5,719,0.097,14,94,-64,2,47.6,0.9,-17,-10,1,7.984,-0.013,7.62,8.06,0.03,0.12,314.1970833333333,-26.296111111111117,15.550245,5.6598263,-12.928891,PM*,F,6194.410750767812,16.54822508023736,1.6309819319233878e-06
HD 199623, ,21,0,21.4,-,51,15,55,347,-41,5.77,0.317,2.633,0.006,3.793,-0.53,28,3.5,1.19,5.5,3.4,6.5,1.08,1.04,1.18,-22.3,0.2,0.1,3,649,0.87,7,-88,131,1,35.1,0.8,-6,21,22,7.979,-0.019,7.97,9.84,0.11,0.56,315.08916666666664,-51.265277777777776,20.59026,-4.7536354,-18.369652,PM*,F,6208.690342300638,21.13186826534117,7.021811229241964e-07
HD 199681, ,20,58,49.5,-,3,19,5,45,-30,7.591,0.223,2.718,0.011,3.858,0.17,166,1.49,1.33,0.8,0.7,0.9,1.95,1.82,2.09,-11.0,0.9,0.6,3,1086,0.898,55,2,-34,2,5.4,1.0,4,-27,-7,7.899,-0.082,6.55,7.98,0.1,0.08,314.70624999999995,-3.3180555555555555,101.65382,101.65382,-83.0,*,F,7211.074791828998,143.76021091103337,4.36967513036129e-08
HD 199684, ,20,59,59.6,-,36,7,46,7,-41,6.11,0.251,2.683,-0.011,3.833,-0.06,41,3.02,0.39,1.4,0.7,1.9,1.42,1.37,1.46,15.9,0.6,0.1,2,1211,0.909,22,103,-59,1,24.1,0.8,-1,-9,-27,7.969,-0.027,7.62,8.1,0.03,0.3,314.99833333333333,-36.129444444444445,30.712448,3.7710147,-26.89842,PM*,F,6807.693586937417,30.94309315534438,3.617838282151292e-07
HD 199818, ,21,1,22.2,-,49,21,4,350,-41,7.703,0.319,2.648,0.014,3.795,-0.31,78,3.26,1.2,3.1,2.6,5.2,1.18,1.12,1.28,32.3,0.5,0.7,2,1468,0.081,6,42,6,1,12.9,0.9,14,-1,-33,7.943,-0.051,7.52,8.73,0.07,0.45,315.3424999999999,-49.35111111111111,57.97302,-10.222222,-51.172604,*,F,6237.348354824191,58.86734978354031,5.040216014735024e-07
HD 199868, ,21,3,46.9,-,68,4,18,326,-37,7.638,0.345,2.624,0.009,3.78,-0.34,55,3.94,0.89,5.7,3.9,9.8,1.04,0.98,1.1,-5.8,0.1,0.2,6,2631,0.959,4,94,-5,2,18.2,0.9,-21,2,-14,7.964,-0.033,7.86,8.55,0.04,0.11,315.9454166666667,-68.07166666666666,36.415432,-24.562532,-33.099823,PM*,F,6025.595860743575,43.924954934497634,1.2895825562256862e-06
HD 199881, ,21,0,8.6,-,10,37,41,38,-33,7.49,0.293,2.671,0.013,3.811,-0.15,81,2.96,1.0,2.3,1.9,2.7,1.36,1.29,1.42,-16.3,0.7,0.9,2,726,0.261,19,-3,1,2,12.4,1.0,-10,-8,10,7.947,-0.044,7.77,7.95,0.01,0.26,315.0358333333333,-10.628055555555555,53.531395,41.82331,-44.115765,*,F,6471.426157485831,67.93231565317147,3.3300376974783855e-07
HD 199999, ,21,0,10.7,+,19,57,41,67,-17,7.287,0.285,2.647,-0.014,3.814,-0.22,72,2.99,0.97,2.3,2.0,2.7,1.34,1.28,1.4,-26.5,0.4,0.1,2,811,0.969,13,85,28,1,13.8,0.9,-36,-18,-9,7.973,-0.021,6.93,8.33,0.09,0.03,315.0445833333333,19.961388888888887,26.903385,63.380386,-21.050762,PM*,F,6516.283940608428,68.85394290792084,3.4709563326184744e-07
HD 200433, ,21,3,29.5,-,1,34,46,48,-30,6.909,0.268,2.669,-0.011,3.822,-0.15,48,3.49,0.23,1.4,0.0,2.5,1.28,1.23,1.33,16.9,0.5,0.8,4,1719,0.573,35,20,-10,1,20.7,0.9,8,9,-13,7.972,-0.024,7.82,9.14,0.08,0.09,315.87291666666664,-1.5794444444444444,27.815233,30.89195,-24.0,*,F,6637.43070401909,41.5692165147094,6.925468367376233e-07
HD 200545, ,20,49,22.2,+,83,56,30,117,24,7.177,0.296,2.647,0.001,3.808,-0.36,76,2.76,1.45,2.4,2.1,2.6,1.37,1.32,1.42,-9.6,0.3,0.4,2,372,0.397,10,21,106,2,13.1,0.6,-26,-30,9,8.032,0.031,6.55,8.13,0.11,0.24,312.3424999999999,83.94166666666668,-31.520302,61.8621,30.911985,PM*,F,6426.877173170194,69.42945235691553,2.5260919213089244e-07
HD 200877, ,21,5,48.5,+,15,19,38,64,-21,6.643,0.317,2.63,-0.004,3.795,-0.4,44,3.43,1.11,5.0,2.8,5.9,1.14,1.08,1.23,-22.1,0.3,0.1,2,644,0.796,5,86,-80,1,22.8,0.9,-11,-27,-15,7.982,-0.016,6.69,7.98,0.09,0.11,316.4520833333333,15.327222222222222,18.007208,36.920246,-15.768189,PM*,F,6237.348354824191,41.07753771413009,6.37454439294158e-07
HD 200885, ,21,7,31.3,-,38,41,29,4,-42,7.486,0.246,2.704,0.012,3.843,0.15,113,2.22,0.84,1.0,0.9,1.2,1.67,1.57,1.78,-0.1,0.9,1.4,4,1273,0.668,80,39,-23,2,7.2,1.0,-13,-12,-16,7.917,-0.076,7.49,7.93,0.03,0.15,316.88041666666663,-38.69138888888889,83.770805,5.8578253,-75.61176,*,F,6966.265141107687,83.97536476606305,1.1979788477114107e-07
HD 200973, ,21,7,44.9,-,31,3,24,14,-41,7.247,0.308,2.626,-0.009,3.798,-0.63,67,3.13,1.53,4.4,3.8,5.2,1.13,1.09,1.22,7.2,0.2,0.1,3,650,0.882,9,242,99,2,15.0,1.0,-50,33,-57,7.952,-0.044,7.65,11.48,0.2,1.29,316.9370833333333,-31.05666666666667,49.06353,12.232913,-43.955956,PM*,F,6280.58358813318,50.565542976679964,4.2116197144500654e-07
HD 201063, ,21,4,35.8,+,60,15,23,98,9,7.303,0.287,2.661,-0.006,3.815,-0.03,70,3.08,0.68,2.0,1.5,2.5,1.38,1.34,1.42,-26.8,0.4,0.3,2,1777,0.558,12,8,-29,1,14.3,0.6,9,-24,-12,8.01,0.011,6.76,8.17,0.09,0.07,316.1491666666666,60.256388888888885,-9.622173,68.46533,10.950414,*,F,6531.305526474723,69.13817776923852,3.9305122118319165e-07
HD 201169, ,21,9,43.0,-,50,54,37,347,-42,7.717,0.388,2.628,0.035,3.782,0.16,92,2.75,1.58,2.3,2.0,2.6,1.47,1.41,1.53,23.4,0.2,0.2,4,3969,0.57,4,92,-49,1,10.9,1.0,-12,-24,-43,7.934,-0.062,6.92,7.94,0.07,0.65,317.4291666666666,-50.91027777777778,66.61702,-15.379749,-61.560017,PM*,F,6053.408747539136,68.36932084629333,2.4914326408057216e-07
HD 201242, ,21,9,22.3,-,36,42,21,7,-43,6.47,0.333,2.639,0.014,3.79,-0.23,74,2.12,2.39,1.9,1.6,2.2,1.57,1.5,1.65,-13.8,0.4,0.6,2,370,0.338,24,26,-125,2,13.5,1.0,-13,-45,-1,7.946,-0.05,5.74,7.95,0.16,0.1,317.3429166666666,-36.70583333333334,53.71677,6.5955906,-50.467876,PM*,F,6165.9500186148225,54.12017363789318,1.0433959578941759e-07
HD 201257, ,21,8,1.0,+,9,21,45,59,-25,7.378,0.284,2.685,0.023,3.829,-0.02,83,2.69,0.76,1.5,1.2,1.9,1.48,1.42,1.55,-15.3,0.3,0.1,2,720,0.819,9,-6,-2,2,12.1,1.0,-5,-12,8,7.961,-0.035,7.51,7.99,0.03,0.23,317.00416666666666,9.3625,38.74299,64.47916,-35.077316,*,F,6745.280276979222,75.2235425145991,2.2932381072814994e-07
HD 201545, ,21,9,45.8,+,19,12,38,68,-19,6.968,0.32,2.642,0.003,3.795,-0.17,43,3.8,0.54,3.6,2.3,4.6,1.16,1.09,1.21,-24.8,0.4,0.0,1,0,0.0,5,0,20,1,23.2,0.9,-12,-20,11,7.984,-0.014,7.14,7.99,0.06,0.27,317.4408333333333,19.210555555555555,15.2304945,37.69679,-13.99943,*,F,6237.348354824191,40.65729871767959,1.0627941370414843e-06
HD 201636, ,21,6,23.3,+,71,25,54,107,16,5.877,0.256,2.693,0.007,3.835,0.06,49,2.43,0.84,1.3,1.1,1.5,1.6,1.56,1.63,-0.8,0.7,1.5,5,1211,0.209,55,-51,-116,1,20.4,0.5,27,10,-8,8.014,0.013,7.53,9.64,0.12,0.02,316.59708333333333,71.43166666666667,-13.77124,45.043694,13.50623,PM*,F,6839.116472814293,47.10181971328959,1.601213156768543e-07
HD 201647, ,21,12,13.7,-,40,16,9,2,-43,5.84,0.284,2.67,-0.003,3.817,0.09,32,3.29,0.32,1.4,0.5,2.2,1.37,1.33,1.44,3.8,1.0,1.5,2,1372,0.065,25,56,-219,1,30.9,0.8,-2,-33,-10,7.976,-0.022,6.34,8.0,0.12,0.04,318.05708333333325,-40.26916666666666,23.389063,0.816764,-21.823946,PM*,F,6561.452663029057,23.403319667296454,5.253505000065582e-07
HD 201649, ,21,12,47.4,-,51,30,49,347,-43,7.43,0.287,2.659,-0.008,3.812,-0.11,53,3.79,0.11,0.8,0.0,2.9,1.22,1.17,1.27,-2.7,1.3,1.0,2,1487,0.598,35,37,-20,1,18.7,1.0,-9,-5,-4,7.962,-0.036,7.95,8.01,0.0,0.05,318.19749999999993,-51.51361111111111,37.768284,-8.719495,-36.145912,*,F,6486.344335482381,38.76174492150323,1.0482120548131445e-06
HD 201750, ,21,10,32.8,+,36,47,45,81,-8,7.598,0.274,2.66,0.0,3.818,-0.47,101,2.58,1.51,2.1,1.9,2.4,1.39,1.33,1.45,0.8,0.7,0.5,2,382,0.632,20,43,-39,2,9.9,0.8,-1,-3,-28,7.985,-0.013,7.84,8.33,0.03,0.32,317.63666666666666,36.79583333333333,15.64612,98.7857,-14.056483,PM*,F,6576.578373554205,100.0170765196844,1.969922542186252e-07
HD 201980, ,21,12,53.2,+,7,41,32,58,-27,7.43,0.276,2.69,0.022,3.836,0.11,91,2.54,0.67,1.2,0.9,1.5,1.57,1.5,1.65,7.6,0.9,1.3,2,395,0.144,24,-57,-47,2,11.0,1.0,32,-7,4,7.957,-0.041,7.0,8.99,0.12,0.18,318.2216666666666,7.692222222222222,42.9667,68.76109,-41.313133,PM*,F,6854.882264526614,81.08159351466952,1.8640139144288054e-07
HD 202281, ,21,14,58.2,-,8,21,9,43,-36,7.379,0.289,2.661,0.004,3.816,-0.15,128,1.84,2.01,1.4,1.2,1.7,1.67,1.56,1.78,-18.0,3.3,0.0,1,0,0.0,40,37,-1,2,6.9,1.0,-26,-11,-6,7.923,-0.075,7.36,8.17,0.05,0.08,318.7425,-8.3525,75.73473,70.62377,-75.23651,*,F,6546.361740672747,103.5541704480597,7.086783248598131e-08
HD 202482, ,21,17,16.8,-,39,2,58,4,-44,7.568,0.343,2.631,0.009,3.784,-0.18,61,3.64,0.96,4.0,3.0,6.9,1.12,1.07,1.19,1.1,0.2,0.1,2,368,0.793,6,30,41,2,16.4,1.1,-6,12,-7,7.956,-0.043,7.95,9.08,0.07,0.05,319.32,-39.04944444444444,43.77284,3.0608947,-42.37416,PM*,F,6081.350012787177,43.87972878254933,8.52018745563199e-07
HD 202880, ,21,17,36.3,+,39,12,35,84,-7,6.981,0.224,2.732,0.0,3.851,-0.13,86,2.3,0.87,1.3,1.0,1.5,1.59,1.53,1.65,-3.3,1.3,2.6,4,1502,0.458,55,31,-47,1,11.6,0.7,4,-6,-22,7.991,-0.011,7.62,8.32,0.04,0.22,319.40125,39.20972222222223,8.922439,84.891365,-10.480764,PM*,F,7095.777679633888,85.35897005746932,1.3379785466273765e-07
HD 203335, ,21,23,39.9,-,55,32,34,341,-43,7.478,0.344,2.631,0.014,3.781,-0.32,52,3.88,0.91,7.6,3.8,9.3,1.06,1.0,1.11,22.5,0.2,0.4,4,3218,0.222,4,127,-135,5,19.1,0.9,-11,-39,-32,7.964,-0.036,6.11,7.96,0.13,0.4,320.91624999999993,-55.54277777777778,35.958443,-12.381479,-35.463913,PM*,F,6039.4862937638,38.03039107360967,1.1869957116182945e-06
HD 203555, ,21,24,3.6,-,40,1,48,2,-46,7.359,0.279,2.647,-0.013,3.815,-0.42,70,3.14,0.97,2.6,2.1,3.0,1.26,1.2,1.31,-21.1,0.5,0.7,2,428,0.188,17,-38,-31,1,14.3,0.9,-5,-10,24,7.951,-0.05,7.67,8.0,0.02,0.53,321.015,-40.03,48.596466,1.6970259,-50.353786,PM*,F,6531.305526474723,48.62608769574648,4.2702091808739836e-07
HD 203608, ,21,26,26.6,-,65,21,58,328,-40,4.229,0.324,2.611,-0.005,3.786,-0.6,9,4.41,0.49,6.0,0.0,6.9,1.0,0.92,1.06,-29.9,0.2,0.2,3,649,0.703,3,81,801,0,108.5,0.6,-13,44,6,7.994,-0.006,7.99,11.66,0.19,0.25,321.61083333333335,-65.36611111111111,5.8467827,-3.6534755,-5.785088,PM*,F,6109.420249055721,6.89439998622937,2.468591049058858e-06
HD 203611, ,21,22,24.7,+,37,9,53,83,-9,7.638,0.272,2.683,0.016,3.82,-0.38,83,3.03,0.94,2.3,1.9,2.7,1.29,1.24,1.35,-26.6,0.8,0.0,1,0,0.0,17,-3,-3,2,12.0,0.9,-2,-26,4,7.99,-0.013,6.74,8.02,0.09,0.17,320.6029166666666,37.164722222222224,9.99062,81.36708,-12.984061,*,F,6606.934480075957,81.97813242390193,3.668167426027225e-07
HD 203793, ,21,24,35.9,-,6,42,55,46,-37,7.14,0.244,2.691,0.004,3.838,-0.28,94,2.27,1.25,1.6,1.4,1.8,1.53,1.46,1.6,9.9,0.6,0.6,4,1094,0.72,45,-29,-54,2,10.6,0.9,25,-13,-7,7.947,-0.057,6.93,8.63,0.11,0.06,321.1495833333332,-6.715277777777778,52.149216,54.00209,-56.57061,PM*,F,6886.522963442762,75.0717420457442,1.2836574625890775e-07
HD 204121, ,21,26,28.0,+,1,6,12,54,-33,6.12,0.299,2.665,0.009,3.809,-0.05,48,2.72,1.19,2.1,1.8,2.3,1.46,1.42,1.51,13.3,0.3,0.4,4,1041,0.739,19,109,-163,1,20.9,0.9,7,-19,-42,7.977,-0.026,7.08,8.16,0.07,0.62,321.6166666666667,1.1033333333333335,23.661993,32.56794,-26.142673,PM*,F,6441.692655151775,40.25618745703136,2.390282048968422e-07
HD 204234, ,21,26,54.7,+,10,40,4,63,-28,6.974,0.244,2.725,0.0,3.842,0.03,93,2.12,1.06,1.2,1.0,1.4,1.67,1.6,1.75,-16.8,1.5,2.7,3,860,0.371,80,57,-8,2,10.7,0.9,-23,-17,-12,7.963,-0.043,7.18,8.08,0.06,0.08,321.7279166666666,10.667777777777776,37.279034,73.164215,-43.66086,PM*,F,6950.243175887969,82.11412017758809,1.0433959578941759e-07
HD 204277, ,21,27,6.6,+,16,7,26,68,-24,6.728,0.34,2.607,-0.021,3.784,-0.18,34,4.08,0.52,5.0,2.6,6.9,1.07,1.02,1.14,8.6,0.3,0.1,2,723,0.708,5,-80,-97,2,29.6,1.0,22,0,-4,7.988,-0.014,7.41,8.98,0.1,0.05,321.7775,16.12388888888889,11.635487,28.798834,-13.829046,PM*,F,6081.350012787177,31.06054406295429,1.5647650954783726e-06
HD 204577, ,21,29,59.5,-,19,8,52,32,-43,6.57,0.265,2.674,-0.002,3.83,-0.11,133,0.95,2.56,0.9,0.8,1.1,2.02,1.87,2.12,-11.1,0.2,0.2,2,5,0.665,10,34,-43,1,7.5,0.9,-14,-31,-14,7.917,-0.091,6.45,7.93,0.1,0.14,322.49791666666664,-19.147777777777776,82.48968,51.54527,-90.70577,PM*,F,6760.829753919819,97.27004762965473,2.0722834087648547e-08
HD 204712, ,21,30,8.4,+,12,16,14,65,-27,7.625,0.361,2.601,0.002,3.77,-0.62,61,3.71,1.56,8.5,7.1,10.0,0.99,0.96,1.04,-26.8,0.2,0.4,3,780,0.414,5,-109,-143,2,16.5,1.1,37,-44,10,7.977,-0.028,5.54,8.48,0.21,0.28,322.535,12.270555555555555,22.969894,49.259094,-27.69342,PM*,F,5888.43655355589,54.35139714921845,9.385321407040258e-07
HD 204813, ,21,29,39.2,+,46,7,55,91,-4,7.697,0.243,2.708,0.015,3.842,-0.01,116,2.37,0.84,1.3,1.0,1.5,1.59,1.53,1.65,-11.8,0.4,0.8,8,1449,0.833,50,68,18,2,8.6,0.7,-34,-13,-18,8.001,-0.007,7.18,8.4,0.08,0.16,322.4133333333333,46.13194444444444,-2.019541,115.69981,-8.09175,PM*,F,6950.243175887969,115.71743420888134,1.4738359644331487e-07
HD 204889, ,21,29,2.9,+,61,25,59,101,7,7.103,0.33,2.642,0.009,3.794,-0.05,75,2.74,1.51,2.3,2.1,2.5,1.46,1.41,1.5,-17.0,0.3,0.2,2,378,0.612,10,-42,5,1,13.4,0.6,13,-16,9,8.014,0.01,7.1,8.34,0.08,0.25,322.2620833333333,61.43305555555556,-14.204008,73.07327,9.140202,*,F,6223.002851691595,74.44096071221115,2.457248903458675e-07
HD 205294, ,21,35,13.6,-,34,19,46,11,-48,6.869,0.322,2.623,-0.004,3.792,-0.5,53,3.24,1.45,4.8,4.1,5.6,1.13,1.09,1.21,30.2,0.2,0.1,2,389,0.946,6,36,-112,2,18.8,0.9,17,-24,-30,7.965,-0.039,6.64,8.28,0.11,0.37,323.8066666666666,-34.32944444444445,34.812347,6.766835,-39.386677,PM*,F,6194.410750767812,35.46391912304158,4.9028561355697e-07
HD 205306, ,21,34,54.9,-,20,15,9,31,-45,6.741,0.321,2.638,0.001,3.796,-0.14,56,3.02,1.27,2.7,2.4,2.9,1.35,1.29,1.4,-11.0,0.2,0.1,2,378,0.805,8,-1,-64,1,18.0,0.9,-2,-20,4,7.966,-0.039,7.07,8.01,0.06,0.17,323.72875,-20.2525,33.942093,20.394468,-39.59798,PM*,F,6251.726927756856,39.597979774524774,3.617838282151292e-07
HD 205420, ,21,34,33.9,+,22,45,16,74,-21,6.47,0.33,2.638,0.004,3.794,-0.04,69,2.26,1.98,1.8,1.6,2.0,1.61,1.55,1.67,16.7,0.2,0.4,4,1099,0.398,9,11,-54,1,14.4,0.7,13,7,-20,7.983,-0.025,7.72,9.13,0.08,0.2,323.64125,22.754444444444445,17.755749,61.92164,-24.727388,PM*,F,6223.002851691595,64.41704838659251,1.2660450219290218e-07
HD 205591, ,21,37,43.1,-,45,35,9,354,-48,7.201,0.311,2.645,0.006,3.798,-0.33,51,3.65,0.76,3.6,2.8,4.3,1.14,1.07,1.2,30.0,0.2,0.1,2,379,0.817,8,-18,-130,1,19.5,1.0,24,-33,-17,7.966,-0.038,6.16,8.32,0.15,0.15,324.4295833333333,-45.58583333333333,33.938713,-3.567109,-37.900387,PM*,F,6280.58358813318,34.12565760119869,8.638715069876107e-07
HD 205702, ,21,36,53.3,+,5,48,53,61,-33,7.629,0.365,2.616,0.004,3.774,-0.09,57,3.84,0.91,6.6,3.9,8.4,1.09,1.05,1.15,-13.8,0.2,0.2,4,1094,0.774,6,-91,-118,2,17.5,1.0,29,-30,7,7.976,-0.031,6.22,8.48,0.15,0.23,324.2220833333333,5.814722222222222,23.175945,41.810516,-31.044426,PM*,F,5942.921586155727,47.80422235356706,1.123179452715063e-06
HD 205818, ,21,38,31.5,-,27,53,38,20,-48,7.658,0.277,2.678,0.014,3.819,-0.3,93,2.82,1.1,2.2,1.8,2.5,1.33,1.25,1.42,-11.3,1.1,1.0,2,364,0.53,35,25,-10,2,8.3,1.1,-14,-8,0,7.941,-0.069,7.74,7.99,0.02,0.13,324.63125,-27.89388888888889,58.476265,21.283619,-69.11247,*,F,6591.738952443213,62.22914113249022,2.744410990922079e-07
HD 206395, ,21,43,2.1,-,43,29,45,357,-49,6.691,0.339,2.65,0.016,3.792,0.28,38,3.82,0.21,1.5,0.0,3.6,1.25,1.23,1.29,-21.9,0.2,0.2,2,377,0.414,8,206,-63,2,26.6,0.8,-41,-14,-7,7.975,-0.028,6.99,8.54,0.1,0.03,325.75875,-43.49583333333334,24.896076,-1.3047483,-28.678965,PM*,F,6194.410750767812,24.93024204303137,1.0925696944319081e-06
HD 206404, ,21,41,56.4,+,0,20,45,56,-37,7.666,0.329,2.636,0.01,3.791,-0.26,116,2.34,2.17,2.2,1.9,2.7,1.45,1.38,1.55,9.8,0.9,1.2,2,420,0.074,17,50,-9,1,8.6,1.0,-14,1,-26,7.948,-0.07,7.92,8.37,0.03,0.31,325.485,0.3458333333333333,51.804592,76.803474,-69.81054,PM*,F,6180.164001384158,92.64172586235179,1.4139991550280592e-07
HD 206554, ,21,39,10.1,+,71,18,31,109,14,7.134,0.299,2.651,0.003,3.805,-0.32,63,3.13,1.12,2.8,2.4,4.2,1.28,1.22,1.32,-7.0,0.3,0.1,2,713,0.973,10,107,-84,2,15.8,0.6,-7,1,-41,8.02,0.015,7.99,8.53,0.03,0.6,324.79208333333327,71.3086111111111,-19.901533,57.79826,15.241079,PM*,F,6382.634861905489,61.12863383699728,4.2116197144500654e-07
HD 206707, ,21,44,32.4,-,24,54,37,25,-48,7.32,0.307,2.649,0.001,3.806,-0.08,112,2.07,1.94,1.6,1.4,1.9,1.61,1.51,1.72,2.1,0.3,0.3,2,363,0.555,16,20,-76,2,8.9,1.1,4,-38,-16,7.932,-0.084,6.03,7.99,0.14,0.15,326.135,-24.91027777777777,67.92108,31.672123,-83.23222,PM*,F,6397.348354826482,74.94262127583696,9.737537651389374e-08
HD 206797, ,21,45,5.0,-,22,33,50,28,-48,7.356,0.251,2.685,-0.005,3.84,0.14,150,1.48,1.64,0.9,0.8,1.1,1.94,1.81,2.08,-14.6,1.0,1.4,2,363,0.072,25,15,-36,2,6.3,0.9,-9,-30,-1,7.911,-0.111,6.48,7.91,0.1,0.14,326.2708333333333,-22.56388888888889,88.62108,47.120667,-111.47173,*,F,6918.309709189362,100.36958243856198,4.30972093994822e-08
HD 206893, ,21,45,21.9,-,12,47,0,42,-44,6.692,0.287,2.657,-0.01,3.813,-0.09,39,3.74,0.12,0.8,0.0,2.8,1.24,1.19,1.28,-12.9,1.4,1.9,2,739,0.104,29,94,-1,1,25.7,0.9,-20,-8,-2,7.979,-0.027,7.64,8.14,0.03,0.07,326.34124999999995,-12.783333333333331,20.848372,18.77196,-27.091677,PM*,F,6501.296903430909,28.054252748772047,9.782484083016166e-07
HD 206913, ,21,42,40.3,+,63,43,16,104,8,6.88,0.334,2.619,-0.002,3.785,-0.35,36,4.1,0.63,5.8,3.4,7.1,1.04,0.99,1.09,-26.5,0.3,0.5,2,377,0.246,7,-149,-79,2,27.8,0.5,34,-20,3,8.008,0.005,6.59,8.78,0.14,0.16,325.66791666666666,63.72111111111112,-8.624431,34.590702,5.010232,PM*,F,6095.368972401694,35.649649015475106,1.608604020891194e-06
HD 206963, ,21,44,25.4,+,46,51,46,93,-5,6.605,0.276,2.671,-0.003,3.819,-0.12,48,3.21,0.55,2.0,1.4,2.6,1.33,1.29,1.38,2.8,2.0,0.1,2,731,0.997,55,-12,24,2,20.9,0.6,-2,3,6,8.002,-0.004,7.94,8.63,0.04,0.2,326.1058333333333,46.86277777777778,-2.5025659,47.751812,-4.1834755,*,F,6591.738952443213,47.817343980685365,4.70380327269733e-07
HD 207061, ,21,46,42.0,-,11,41,52,43,-44,7.001,0.289,2.663,-0.001,3.814,-0.04,62,3.04,0.75,2.1,1.6,2.5,1.38,1.34,1.43,5.9,0.3,0.4,2,739,0.408,14,35,-131,1,16.1,0.9,11,-31,-24,7.968,-0.043,6.39,8.12,0.12,0.26,326.67499999999995,-11.697777777777778,32.617695,30.416489,-43.06882,PM*,F,6516.283940608428,44.59906759339421,3.7191967180374245e-07
HD 207150, ,21,47,8.0,-,2,17,32,54,-39,7.658,0.303,2.638,-0.016,3.806,-0.03,95,2.76,1.2,2.1,1.8,2.4,1.43,1.37,1.51,-2.6,0.4,0.7,3,731,0.04,5,111,-75,1,10.5,1.0,-23,-33,-45,7.957,-0.06,6.43,8.02,0.11,0.7,326.7833333333333,-2.292222222222222,43.39552,59.728806,-59.785435,PM*,F,6397.348354826482,73.82886577928741,2.5260919213089244e-07
HD 207190, ,21,47,40.1,-,19,34,40,33,-47,7.686,0.333,2.61,-0.008,3.784,-0.55,56,3.96,0.95,5.6,3.8,8.9,1.02,0.96,1.07,-11.4,0.3,0.5,4,1124,0.259,5,-63,-13,2,18.0,1.0,7,-6,18,7.968,-0.041,7.57,8.41,0.05,0.42,326.9170833333333,-19.57777777777778,32.030426,20.800804,-40.955807,PM*,F,6081.350012787177,38.19190538305063,1.3257118855796027e-06
HD 207575, ,21,52,9.7,-,62,3,8,330,-44,7.24,0.321,2.648,0.011,3.793,-0.25,45,3.97,0.49,4.1,2.0,5.8,1.1,1.04,1.17,1.4,0.6,0.4,4,1492,0.948,30,44,-90,2,22.2,0.8,-9,-19,0,7.972,-0.031,7.12,7.97,0.06,0.1,328.0404166666666,-62.05222222222222,28.03349,-16.18515,-31.259628,PM*,F,6208.690342300638,32.37028949673759,1.3441543749956051e-06
HD 207692, ,21,51,24.6,-,23,16,14,28,-49,6.861,0.327,2.623,-0.003,3.788,-0.37,40,3.86,0.81,4.6,3.3,6.0,1.07,1.02,1.13,-43.0,0.2,0.3,4,1591,0.589,8,342,-85,1,25.1,1.0,-70,-36,-11,7.977,-0.03,5.7,8.86,0.22,0.06,327.8525,-23.270555555555557,23.17063,12.320043,-30.188385,PM*,F,6137.620051647939,26.242361824324213,1.1546467831118574e-06
HD 207889, ,21,52,29.6,-,9,25,4,47,-44,7.204,0.288,2.662,-0.002,3.812,-0.15,51,3.67,0.27,1.9,0.0,3.2,1.23,1.18,1.28,15.1,0.3,0.1,2,732,0.728,9,5,-35,2,19.6,0.9,10,1,-14,7.975,-0.036,7.67,8.72,0.06,0.11,328.12333333333333,-9.417777777777776,25.020014,26.830683,-35.427578,*,F,6486.344335482381,36.686327845761355,8.8807398867034e-07
HD 207978, ,21,52,29.9,+,28,47,36,82,-20,5.525,0.298,2.64,0.01,3.802,-0.67,28,3.32,1.29,4.6,2.8,5.5,1.1,1.06,1.21,19.0,0.1,0.3,20,4697,0.989,7,-58,-62,1,36.2,0.7,13,16,-7,7.996,-0.009,7.8,9.68,0.11,0.01,328.1245833333333,28.793333333333337,3.6618383,26.055332,-9.576564,PM*,F,6338.69711256927,26.31139269148577,5.475819826973227e-07
HD 208215, ,21,55,55.3,-,46,55,40,351,-50,6.55,0.312,2.642,0.008,3.799,-0.36,55,2.84,1.58,2.5,2.2,3.8,1.35,1.28,1.39,25.1,0.2,0.2,2,376,0.602,9,-124,-65,1,18.1,0.9,42,-14,3,7.965,-0.043,6.6,9.09,0.16,0.16,328.98041666666666,-46.92777777777778,34.91806,-5.530473,-42.132442,PM*,F,6295.061828571975,35.35331732337616,2.821299227425322e-07
HD 208483, ,21,57,2.1,-,26,28,45,24,-51,7.646,0.301,2.662,0.009,3.809,-0.04,104,2.56,1.34,1.9,1.6,2.3,1.47,1.38,1.57,21.4,0.5,0.6,2,363,0.197,17,-8,-63,2,7.2,1.0,24,-23,-18,7.94,-0.081,6.55,8.39,0.12,0.19,329.25875,-26.479166666666664,59.790924,26.620636,-80.82318,PM*,F,6441.692655151775,65.44931515163678,1.9162366839673378e-07
HD 208703, ,21,58,13.3,-,5,25,29,53,-43,6.33,0.253,2.679,-0.009,3.832,-0.18,56,2.61,0.93,1.7,1.4,2.0,1.48,1.43,1.52,0.0,0.4,0.6,2,341,0.324,15,42,-105,1,18.0,0.8,4,-23,-18,7.976,-0.038,6.83,8.07,0.08,0.16,329.5554166666666,-5.424722222222223,24.647818,32.708763,-38.191906,PM*,F,6792.036326171843,40.955806781838554,2.0532846002754932e-07
HD 208808, ,21,59,17.5,-,22,52,18,29,-51,7.408,0.287,2.669,0.007,3.813,-0.2,74,3.06,0.9,2.4,1.9,2.8,1.33,1.27,1.38,-13.5,0.3,0.5,2,830,0.208,7,69,19,1,13.5,1.0,-28,-2,-3,7.959,-0.058,7.64,8.54,0.06,0.09,329.82291666666663,-22.871666666666663,40.730785,22.577442,-57.508804,PM*,F,6501.296903430909,46.5697083304114,3.8233948420809556e-07
HD 208869, ,21,59,47.8,-,28,37,7,20,-52,7.406,0.308,2.658,0.017,3.805,-0.22,115,2.1,2.06,1.8,1.5,2.0,1.57,1.48,1.65,44.9,1.0,0.9,2,654,0.547,40,-53,-9,2,8.7,0.9,49,10,-19,7.934,-0.091,7.05,10.24,0.18,0.22,329.94916666666666,-28.61861111111111,66.53124,24.215391,-90.62124,PM*,F,6382.634861905489,70.80106678024337,1.0149605213416699e-07
HD 209080, ,22,1,5.0,-,13,1,38,44,-48,7.366,0.277,2.657,-0.009,3.818,-0.27,74,3.03,0.88,2.3,1.9,2.7,1.32,1.26,1.38,6.1,0.5,0.7,2,1108,0.155,14,-6,-119,1,13.6,1.0,21,-33,-16,7.964,-0.054,6.17,8.26,0.14,0.14,330.2708333333333,-13.027222222222225,35.618587,34.396473,-54.99272,PM*,F,6576.578373554205,49.51566514464183,3.668167426027225e-07
HD 209203, ,22,0,2.2,+,54,6,27,99,-1,7.543,0.345,2.631,0.01,3.78,-0.25,47,4.18,0.57,6.2,3.6,8.0,1.04,0.98,1.09,8.5,0.5,0.6,2,1085,0.109,5,-5,-21,2,21.3,0.7,2,9,-3,8.008,-0.001,7.92,9.05,0.07,0.06,330.00916666666666,54.1075,-7.3513002,46.414284,-0.8202631,*,F,6025.595860743575,46.9928438580086,1.7965907111654088e-06
HD 209635, ,22,7,53.3,-,70,17,8,320,-41,6.67,0.343,2.629,0.014,3.779,-0.39,30,4.3,0.6,6.9,3.7,8.8,0.99,0.94,1.05,-13.0,0.2,0.1,4,3218,0.918,5,73,12,2,33.5,0.7,-16,6,2,7.983,-0.02,7.96,8.74,0.05,0.14,331.9720833333333,-70.28555555555555,17.34423,-14.553543,-19.68177,PM*,F,6011.737374832779,22.641288129118205,2.120553090208746e-06
HD 209875, ,22,6,33.1,+,1,51,25,62,-41,7.248,0.346,2.617,-0.002,3.781,-0.28,51,3.73,1.03,6.8,4.4,8.2,1.08,1.03,1.13,-41.4,0.2,0.1,3,2570,0.864,4,340,189,2,19.8,1.0,-102,-8,1,7.982,-0.033,6.14,10.67,0.27,0.15,331.6379166666666,1.8569444444444445,18.070051,33.984818,-33.45901,PM*,F,6039.4862937638,38.490188329439555,9.648263369592704e-07
HD 210172, ,22,8,47.4,-,13,18,1,45,-50,6.921,0.302,2.647,-0.007,3.806,-0.1,49,3.47,0.56,2.6,1.7,3.3,1.26,1.21,1.31,17.8,0.4,0.2,2,735,0.712,18,97,-11,1,20.4,0.9,-9,2,-27,7.977,-0.037,7.97,8.5,0.03,0.32,332.19749999999993,-13.300277777777778,22.271454,22.271454,-37.53618,PM*,F,6397.348354826482,31.496592300568516,6.736730127720424e-07
HD 210239, ,22,8,52.3,+,4,14,9,65,-40,7.397,0.341,2.651,0.033,3.806,0.05,86,2.58,1.3,1.9,1.6,2.2,1.49,1.4,1.59,-11.7,0.8,0.6,2,721,0.612,24,-2,-38,2,8.3,1.1,5,-19,0,7.972,-0.055,7.06,8.1,0.07,0.12,332.21791666666667,4.235833333333334,27.842016,59.707394,-55.27973,*,F,6397.348354826482,65.8798205311421,1.969922542186252e-07
HD 210302, ,22,10,8.7,-,32,32,54,14,-55,4.95,0.306,2.657,0.001,3.805,0.07,19,3.59,0.29,1.9,0.4,2.9,1.28,1.24,1.35,-17.1,0.3,0.5,2,1750,0.294,14,429,14,1,53.4,0.8,-40,-8,-8,7.99,-0.015,7.24,8.68,0.09,0.02,332.53624999999994,-32.54833333333333,10.574237,2.6364536,-15.5638895,PM*,F,6382.634861905489,10.897952822302084,7.951501586565117e-07
HD 210341, ,22,7,13.8,+,68,18,8,109,10,7.522,0.27,2.678,0.003,3.825,-0.11,97,2.59,1.03,1.8,1.5,2.0,1.49,1.44,1.55,-6.0,2.2,3.2,2,793,0.093,50,112,40,2,10.3,0.6,-49,-20,-17,8.031,0.017,6.69,8.67,0.13,0.15,331.80749999999995,68.30222222222221,-31.100334,90.321945,16.843874,PM*,F,6683.439175686149,95.52635512514115,1.997326894541982e-07
HD 210391, ,22,10,0.9,+,4,5,55,65,-40,7.634,0.334,2.624,-0.012,3.791,0.06,71,3.38,0.83,2.8,2.2,3.4,1.3,1.23,1.36,-40.5,0.6,0.2,2,721,0.752,17,105,-43,1,14.1,1.2,-34,-44,-2,7.977,-0.046,5.73,8.12,0.17,0.09,332.50375,4.098611111111111,22.985851,49.293316,-45.637917,PM*,F,6180.164001384158,54.38915653390901,5.949070970334081e-07
HD 210731, ,22,11,21.1,+,47,8,52,97,-7,7.39,0.379,2.598,-0.004,3.765,-0.2,51,3.85,1.2,8.1,6.1,10.4,1.02,0.97,1.08,-21.1,0.4,0.5,2,384,0.161,3,-6,-1,2,0.0,0.0,4,-21,3,8.006,-0.007,7.01,8.11,0.07,0.15,332.8379166666667,47.147777777777776,-6.169006,50.242542,-6.215337,*,F,5821.032177708716,50.61985442145996,1.1388044353332944e-06
HD 210944, ,22,13,13.5,+,27,19,7,85,-24,7.242,0.322,2.635,0.007,3.793,-0.34,69,3.03,1.51,4.1,2.5,4.6,1.28,1.15,1.35,12.4,0.4,0.0,1,0,0.0,7,13,-42,2,14.4,0.8,6,6,-17,7.994,-0.028,7.84,8.89,0.06,0.16,333.3062499999999,27.31861111111111,5.4938335,62.79477,-28.064829,*,F,6208.690342300638,63.03463608111514,3.668167426027225e-07
HD 210972, ,22,14,20.4,-,19,14,56,37,-53,7.101,0.3,2.652,-0.005,3.808,-0.02,72,2.82,1.09,2.1,1.8,2.4,1.44,1.38,1.49,-13.7,0.6,0.6,2,735,0.446,23,19,-50,1,13.9,0.9,-6,-22,4,7.965,-0.058,6.98,7.98,0.07,0.17,333.585,-19.24888888888889,34.605423,26.077053,-57.50176,PM*,F,6426.877173170194,43.33068190293961,2.744410990922079e-07
HD 211152, ,22,14,48.0,+,24,18,53,83,-26,7.006,0.308,2.639,-0.006,3.801,-0.19,48,3.59,0.63,3.2,2.3,4.0,1.2,1.14,1.25,-21.6,0.3,0.1,2,1150,0.843,10,64,19,1,20.7,0.8,-17,-20,4,7.995,-0.021,7.09,8.02,0.06,0.17,333.69999999999993,24.314722222222223,5.2577,42.820538,-21.041815,PM*,F,6324.118513762197,43.142112649932244,7.951501586565117e-07
HD 211380, ,22,16,56.2,-,14,39,25,44,-52,7.17,0.305,2.646,-0.001,3.801,-0.24,45,3.88,0.39,3.3,1.0,4.6,1.15,1.08,1.2,17.2,0.2,0.3,3,735,0.599,8,2,-21,1,22.0,1.0,9,4,-15,7.98,-0.036,7.74,8.84,0.07,0.12,334.23416666666657,-14.656944444444443,19.929142,19.24535,-35.460484,*,F,6324.118513762197,27.7047684971137,1.1869957116182945e-06
HD 211569, ,22,18,28.8,-,23,19,52,31,-55,7.316,0.299,2.655,0.002,3.809,-0.13,87,2.62,1.37,2.1,1.8,2.4,1.43,1.34,1.52,0.6,0.9,0.0,1,0,0.0,26,47,-48,2,5.3,0.9,-9,-22,-14,7.957,-0.072,6.97,7.96,0.07,0.12,334.61999999999995,-23.33111111111111,42.773636,25.700993,-71.26623,PM*,F,6441.692655151775,49.90115206933148,2.0818486343771062e-07
HD 211799, ,22,19,7.1,+,28,50,51,87,-23,7.176,0.349,2.647,0.028,3.801,0.19,73,2.74,1.13,2.0,1.7,2.2,1.52,1.47,1.58,-16.8,0.5,0.6,2,769,0.103,9,47,29,2,13.7,0.8,-20,-15,5,7.996,-0.029,7.33,8.08,0.05,0.18,334.7795833333333,28.8475,3.5168128,67.10476,-28.523373,PM*,F,6324.118513762197,67.19685101943277,2.457248903458675e-07
HD 211889, ,22,20,29.2,-,0,3,54,63,-45,7.634,0.32,2.64,0.006,3.797,-0.22,101,2.61,1.73,2.3,2.0,2.7,1.42,1.34,1.5,-36.3,0.2,0.1,2,372,0.705,7,87,59,2,9.9,1.1,-59,-10,16,7.968,-0.071,6.8,9.14,0.15,0.41,335.1216666666666,-0.065,32.423,63.633713,-71.417786,PM*,F,6266.138646723356,71.41778741438556,2.0532846002754932e-07
HD 211976, ,22,20,55.7,+,8,11,12,72,-39,6.18,0.299,2.626,-0.029,3.805,-0.26,32,3.67,0.52,3.2,1.9,4.1,1.18,1.12,1.23,8.2,0.3,0.5,2,678,0.27,6,40,21,2,31.5,0.8,-5,7,-7,7.992,-0.02,7.97,8.8,0.05,0.02,335.23208333333326,8.186666666666667,7.6848416,23.651512,-20.138252,*,F,6382.634861905489,24.86867126131259,8.8807398867034e-07
HD 212106, ,22,20,34.8,+,54,50,30,102,-2,7.405,0.325,2.637,0.006,3.79,-0.3,48,4.02,0.55,4.8,2.5,6.3,1.07,1.02,1.13,-28.8,0.3,0.1,2,772,0.942,6,201,-83,1,21.0,0.6,-21,-35,-39,8.01,-0.002,6.32,8.05,0.12,0.57,335.145,54.84166666666667,-9.973679,46.922485,-1.6751758,PM*,F,6165.9500186148225,47.97076058778166,1.4402873620273783e-06
HD 212107, ,22,20,51.4,+,46,3,44,98,-9,7.435,0.323,2.642,0.01,3.791,-0.31,49,3.97,0.58,4.6,2.6,6.0,1.08,1.03,1.14,7.4,0.3,0.3,2,724,0.494,9,5,-50,2,20.3,0.7,5,6,-11,8.006,-0.008,7.87,8.92,0.06,0.06,335.2141666666666,46.06222222222222,-6.7355213,47.925735,-7.6652894,PM*,F,6180.164001384158,48.39672842737388,1.3441543749956051e-06
HD 212265, ,22,20,31.8,+,69,21,47,110,10,7.69,0.348,2.63,0.016,3.779,-0.33,68,3.51,1.34,6.1,5.2,7.2,1.09,1.05,1.14,-34.5,0.2,0.4,3,386,0.411,5,-86,-46,2,14.6,0.7,41,-21,-3,8.023,0.012,6.41,8.96,0.17,0.06,335.13249999999994,69.36305555555555,-22.904034,62.928326,11.808076,PM*,F,6011.737374832779,66.96692457202609,7.119494353822096e-07
HD 212270, ,22,23,20.4,-,14,57,4,45,-54,7.021,0.3,2.646,-0.006,3.807,-0.15,65,2.96,1.09,2.4,2.1,2.7,1.37,1.31,1.42,12.3,0.3,0.6,4,2666,0.291,16,-45,-181,1,15.4,0.8,39,-40,-18,7.973,-0.052,5.67,8.56,0.2,0.18,335.8349999999999,-14.95111111111111,27.015749,27.015749,-52.586105,PM*,F,6412.095765851615,38.20603863346738,3.3300376974783855e-07
HD 212487, ,22,23,54.2,+,38,34,25,94,-16,6.22,0.314,2.628,-0.016,3.8,-0.2,52,2.64,1.61,2.2,2.1,2.4,1.44,1.4,1.49,7.2,0.3,0.4,2,350,0.348,9,256,124,2,19.2,0.6,-70,0,-11,8.003,-0.014,6.89,9.86,0.18,0.07,335.9758333333333,38.57361111111111,-3.48682,49.863846,-14.333142,PM*,F,6309.57344480193,49.98560844507263,2.1401743263720137e-07
HD 212695, ,22,26,14.4,-,2,47,20,62,-48,6.944,0.289,2.66,-0.005,3.811,-0.1,51,3.41,0.51,2.3,1.4,3.0,1.28,1.24,1.33,22.3,0.4,0.5,3,759,0.623,19,-30,-82,1,19.6,0.9,22,0,-21,7.984,-0.038,7.41,9.03,0.1,0.22,336.56,-2.7888888888888888,16.021029,30.131168,-37.900387,PM*,F,6471.426157485831,34.12565977769609,6.20082036107695e-07
HD 212736, ,22,26,19.5,+,7,54,12,73,-40,7.473,0.267,2.683,0.003,3.827,-0.02,81,2.94,0.56,1.6,1.1,2.0,1.42,1.37,1.48,3.7,0.7,1.0,2,734,0.155,16,23,-36,2,12.4,1.0,1,-8,-15,7.982,-0.052,7.62,8.17,0.03,0.12,336.58124999999995,7.903333333333333,18.141552,59.338326,-52.065792,*,F,6714.288529259523,62.04959984924142,3.239284925294737e-07
HD 212810, ,22,25,52.6,+,53,56,40,102,-3,7.277,0.278,2.668,0.003,3.816,-0.35,63,3.28,0.75,2.6,2.0,3.1,1.25,1.2,1.3,-23.1,1.1,1.9,3,386,0.229,30,-63,6,2,15.9,0.6,19,-19,13,8.014,-0.003,6.88,8.45,0.1,0.32,336.46916666666664,53.94444444444444,-13.080481,61.538845,-3.2971654,PM*,F,6546.361740672747,62.91365851009927,5.181424209225667e-07
HD 213845, ,22,34,41.6,-,20,42,29,37,-58,5.22,0.283,2.665,-0.008,3.817,0.06,23,3.44,0.2,1.1,0.0,2.2,1.34,1.29,1.39,-5.2,0.9,0.4,3,11,0.922,40,221,-146,1,44.0,0.8,-16,-22,-10,7.99,-0.019,6.99,8.01,0.07,0.05,338.6733333333333,-20.708055555555557,9.733884,7.335007,-19.505106,PM*,F,6561.452663029057,12.188142820606632,6.463223138887375e-07
HD 214557, ,22,38,11.6,+,45,49,40,100,-11,7.053,0.375,2.616,0.017,3.769,-0.15,51,3.54,1.38,6.2,5.4,7.1,1.12,1.08,1.16,-39.0,0.2,0.2,2,448,0.546,4,-100,-174,1,19.8,0.7,48,-35,-16,8.009,-0.01,5.79,8.88,0.21,0.14,339.5483333333333,45.82777777777778,-8.693347,49.302414,-9.731258,PM*,F,5874.893525297769,50.062983413793916,7.420773053456006e-07
HD 214764, ,22,39,5.3,+,58,55,38,107,0,7.017,0.223,2.735,0.0,3.855,0.07,109,1.84,1.11,1.0,0.8,1.1,1.79,1.73,1.86,-4.9,0.3,0.2,3,1029,0.887,19,80,1,1,9.2,0.6,-33,-15,-20,8.031,0.001,7.16,8.38,0.08,0.19,339.7720833333333,58.92722222222222,-31.868517,104.23721,0.0,PM*,F,7161.43410212902,108.99999231359325,7.086783248598131e-08
HD 214780, ,22,39,34.2,+,51,9,20,103,-7,6.779,0.293,2.664,0.012,3.811,-0.28,84,2.16,1.92,1.7,1.6,1.9,1.57,1.5,1.63,-2.8,0.9,0.4,2,445,0.78,30,180,51,1,11.9,0.6,-70,-21,-17,8.019,-0.01,6.3,9.21,0.19,0.15,339.8924999999999,51.15555555555555,-18.75504,81.237015,-10.237025,PM*,F,6471.426157485831,83.37388159077052,1.1026791173453256e-07
HD 214852, ,22,41,22.7,-,25,21,1,29,-61,7.366,0.303,2.631,-0.023,3.805,-0.3,99,2.39,1.84,2.0,1.8,2.3,1.47,1.4,1.54,7.9,0.2,0.2,2,371,0.518,6,163,5,2,10.1,0.9,-62,-15,-43,7.958,-0.086,6.6,9.12,0.16,0.71,340.34458333333333,-25.35027777777778,41.97838,23.268993,-86.58735,PM*,F,6382.634861905489,47.996150081631015,1.5151273922022263e-07
HD 215015, ,22,42,8.1,+,11,5,7,79,-41,7.543,0.284,2.656,-0.002,3.813,-0.36,76,3.15,0.95,2.6,2.1,3.0,1.26,1.2,1.32,10.3,0.6,0.3,2,350,0.738,16,33,-5,2,13.2,1.0,-8,3,-13,7.989,-0.049,7.98,8.56,0.03,0.11,340.53374999999994,11.085277777777778,10.944412,56.3041,-49.860485,*,F,6501.296903430909,57.35792735826273,4.3296137079654303e-07
HD 215037, ,22,43,42.6,-,60,43,27,327,-50,7.621,0.223,2.71,0.005,3.85,-0.24,102,2.58,0.7,1.4,1.1,1.7,1.47,1.42,1.54,34.4,0.4,0.6,2,330,0.185,12,-41,-25,2,9.8,0.8,36,-17,-12,7.945,-0.078,6.6,8.82,0.14,0.12,340.9274999999999,-60.72416666666667,54.986877,-35.70889,-78.136536,*,F,7079.457843841381,65.56433075419308,1.969922542186252e-07
HD 215257, ,22,43,50.7,+,3,53,12,73,-46,7.413,0.353,2.602,0.01,3.771,-0.73,42,4.29,1.03,9.1,5.8,13.3,0.89,0.84,0.97,-33.2,0.1,0.4,15,3939,0.442,5,151,332,1,23.7,1.0,-65,17,43,7.992,-0.031,7.31,10.8,0.19,1.27,340.9612499999999,3.8866666666666663,8.530138,27.900816,-30.21227,PM*,F,5902.010801718442,29.17565402462985,2.0914580110647617e-06
HD 215442, ,22,44,19.5,+,51,26,58,104,-7,7.501,0.373,2.614,0.016,3.767,-0.51,81,2.97,2.29,4.5,3.8,5.2,1.17,1.12,1.24,-7.4,0.1,0.3,6,1089,0.535,5,128,75,1,12.4,0.8,-54,-20,3,8.019,-0.009,6.58,8.77,0.14,0.16,341.08124999999995,51.44944444444444,-19.44961,78.008125,-9.871417,PM*,F,5847.900841444806,80.39623682217798,3.3763631364056964e-07
HD 215588, ,22,45,3.6,+,58,8,49,107,-1,6.444,0.295,2.656,0.001,3.806,-0.28,36,3.67,0.52,3.2,1.9,4.1,1.18,1.12,1.23,-10.1,0.3,0.2,3,2120,0.89,15,-63,-137,1,27.9,0.6,22,-4,-16,8.01,0.0,7.33,8.9,0.1,0.13,341.265,58.14694444444444,-10.523779,34.421726,-0.6282866,PM*,F,6397.348354826482,35.99451548861183,8.8807398867034e-07
HD 215619, ,22,46,1.8,+,35,40,19,96,-21,7.559,0.3,2.656,0.005,3.805,-0.25,69,3.35,0.83,2.9,2.4,3.4,1.24,1.17,1.29,-35.0,1.1,0.2,2,661,0.896,35,146,72,2,14.4,0.8,-50,-39,9,8.007,-0.024,5.84,8.41,0.18,0.26,341.50749999999994,35.67194444444444,-6.7334175,64.06416,-24.727388,PM*,F,6382.634861905489,64.41704361219091,5.707542445871613e-07
HD 215709, ,22,47,25.1,-,17,33,2,45,-60,6.806,0.313,2.631,-0.007,3.797,-0.36,46,3.48,0.98,3.4,2.8,5.7,1.17,1.08,1.23,-0.4,0.6,0.8,2,377,0.028,9,106,-4,2,21.6,0.9,-19,-7,-11,7.984,-0.04,7.7,8.16,0.03,0.06,341.8545833333333,-17.550555555555555,16.263454,16.263454,-39.83717,PM*,F,6266.138646723356,22.99999721783096,6.830447379131052e-07
HD 215760, ,22,46,55.7,+,39,25,2,98,-17,7.583,0.311,2.645,-0.006,3.8,-0.03,55,3.88,0.21,2.2,0.0,3.9,1.2,1.14,1.25,-0.7,0.2,0.5,9,1463,0.846,18,-51,40,2,18.2,0.9,6,5,15,8.007,-0.016,7.84,8.91,0.06,0.37,341.73208333333326,39.41722222222222,-7.3200526,52.084892,-16.080442,PM*,F,6309.57344480193,52.59675983098608,1.1869957116182945e-06
HD 215778, ,22,47,29.8,+,5,53,17,76,-45,7.545,0.318,2.633,-0.001,3.795,-0.3,53,3.93,0.52,4.0,2.1,5.5,1.1,1.04,1.17,-1.3,0.4,0.5,2,382,0.281,12,86,-93,2,18.9,1.0,-7,-23,-21,7.991,-0.038,6.97,8.0,0.07,0.22,341.87416666666667,5.888055555555555,9.066424,36.36344,-37.476658,PM*,F,6237.348354824191,37.47665690508394,1.2718888202332512e-06
HD 216281, ,22,52,18.4,-,47,34,30,344,-59,7.358,0.288,2.651,-0.002,3.812,-0.35,90,2.58,1.54,2.1,1.9,2.4,1.41,1.34,1.47,43.9,0.5,0.7,2,378,0.042,6,17,-6,1,11.1,0.9,16,-10,-40,7.956,-0.077,7.28,8.51,0.08,0.61,343.07666666666665,-47.575,44.55777,-12.776743,-77.14506,*,F,6486.344335482381,46.35342521390355,1.969922542186252e-07
HD 216357, ,22,52,35.6,-,19,2,16,43,-62,6.991,0.312,2.644,0.003,3.799,-0.22,75,2.61,1.68,2.2,2.0,2.5,1.44,1.38,1.5,25.5,0.3,0.1,2,978,0.771,7,-96,-32,2,13.3,0.9,42,8,-9,7.974,-0.066,7.17,9.97,0.16,0.09,343.1483333333333,-19.03777777777778,25.751236,24.013414,-66.22107,PM*,F,6295.061828571975,35.21037073737072,2.0532846002754932e-07
HD 216384, ,22,52,20.6,+,10,24,51,81,-43,6.86,0.261,2.678,-0.006,3.828,-0.12,58,3.02,0.54,1.7,1.2,2.2,1.39,1.34,1.44,26.3,0.8,1.4,3,673,0.066,22,55,-28,2,17.1,0.8,-6,10,-29,7.994,-0.04,7.98,9.06,0.06,0.37,343.0858333333333,10.414166666666668,6.635719,41.896275,-39.5559,PM*,F,6729.766562843175,42.41851748378986,3.617838282151292e-07
HD 216402, ,22,52,46.5,-,10,3,31,59,-57,6.742,0.336,2.636,0.004,3.789,-0.04,39,3.78,0.57,3.6,2.5,4.4,1.19,1.11,1.24,-16.6,0.4,0.6,3,1450,0.072,9,250,6,1,25.6,1.2,-45,-20,-6,7.989,-0.033,6.71,8.52,0.12,0.04,343.19375,-10.058611111111112,10.939884,18.207026,-32.708153,PM*,F,6151.7687270986835,21.240924125332494,1.0338300462535406e-06
HD 216419, ,22,52,34.1,+,7,39,25,79,-45,7.711,0.251,2.717,0.035,3.855,0.0,97,2.63,0.37,0.9,0.4,1.3,1.53,1.47,1.61,3.7,1.6,2.5,4,1359,0.349,110,-42,-80,2,6.9,1.2,35,-16,-14,7.987,-0.068,6.66,8.88,0.14,0.14,343.1420833333333,7.656944444444445,13.08747,67.32918,-68.589355,PM*,F,7161.43410212902,68.58936032996152,2.1108100337753084e-07
HD 216625, ,22,54,7.4,+,19,53,31,89,-35,7.026,0.339,2.622,-0.006,3.786,-0.07,44,3.83,0.62,3.7,2.8,5.2,1.16,1.08,1.22,11.8,0.3,0.1,2,350,0.748,6,-63,-140,2,22.9,0.9,26,-1,-21,7.999,-0.025,7.32,9.13,0.11,0.22,343.53083333333325,19.891944444444444,0.6290308,36.0372,-25.237364,PM*,F,6109.420249055721,36.04268946107308,1.1077688528953563e-06
HD 216631, ,22,54,2.0,+,34,11,55,97,-23,7.608,0.344,2.607,0.005,3.777,-0.53,43,4.46,0.59,6.9,1.3,10.8,0.95,0.89,1.03,-35.6,0.3,0.5,4,668,0.275,6,-74,-236,2,23.5,0.9,41,-42,-19,8.005,-0.016,5.61,8.62,0.21,0.18,343.50833333333327,34.198611111111106,-4.8237953,39.286674,-16.80144,PM*,F,5984.115950603199,39.58170985541906,2.645142965803318e-06
HD 216664, ,22,54,54.7,-,22,22,8,37,-63,6.768,0.305,2.653,-0.001,3.805,-0.03,40,3.73,0.25,2.0,0.0,3.4,1.23,1.19,1.29,9.8,0.3,0.4,2,1525,0.384,13,59,-204,2,24.7,0.8,9,-36,-19,7.985,-0.036,6.15,8.09,0.14,0.18,343.7279166666666,-22.36888888888889,14.50292,10.928733,-35.640263,PM*,F,6382.634861905489,18.15962261479266,9.648263369592704e-07
HD 216679, ,22,55,30.2,-,46,19,41,345,-60,7.539,0.25,2.681,0.0,3.836,-0.26,128,2.0,1.53,1.4,1.2,1.7,1.6,1.51,1.71,4.3,1.9,2.6,2,388,0.083,35,9,7,1,7.8,0.9,-3,2,-7,7.938,-0.111,7.89,8.46,0.03,0.12,343.8758333333333,-46.32805555555556,61.819244,-16.564432,-110.85126,*,F,6854.882264526614,63.99999481417291,8.839936593314357e-08
HD 216756, ,22,55,2.6,+,37,4,36,99,-20,5.91,0.273,2.674,0.009,3.82,-0.38,41,2.83,1.14,2.2,2.0,2.5,1.36,1.31,1.4,-28.6,0.2,0.6,10,2892,0.38,13,86,9,1,24.2,0.7,-11,-31,4,8.006,-0.014,6.51,8.01,0.1,0.17,343.7608333333333,37.07666666666667,-6.027013,38.053062,-14.022825,PM*,F,6606.934480075957,38.52739821578941,2.7825895508367783e-07
HD 216872, ,22,56,32.1,+,6,48,19,79,-46,7.521,0.347,2.637,0.015,3.784,-0.07,81,2.99,1.51,2.7,2.4,3.2,1.35,1.27,1.43,-6.4,0.4,0.6,2,436,0.106,8,148,-11,2,12.4,1.1,-47,-24,-22,7.99,-0.058,6.53,8.52,0.13,0.23,344.13375,6.8052777777777775,10.736316,55.23354,-58.26652,PM*,F,6081.350012787177,56.267329972049104,3.4709563326184744e-07
HD 217155, ,22,59,44.2,-,62,46,19,322,-50,7.197,0.292,2.65,0.0,3.811,-0.31,99,2.22,1.88,1.8,1.6,2.0,1.53,1.46,1.6,-27.9,0.5,0.7,2,378,0.331,20,73,-32,2,10.1,0.7,-42,-13,14,7.95,-0.076,7.01,8.57,0.1,0.37,344.93416666666667,-62.77194444444444,50.145836,-39.17821,-75.8384,PM*,F,6471.426157485831,63.63597258581813,1.1979788477114107e-07
HD 217247, ,22,59,18.8,+,4,21,30,78,-48,7.205,0.34,2.634,0.019,3.788,-0.29,103,2.14,2.47,2.1,1.8,2.7,1.46,1.39,1.58,-11.7,1.0,1.4,2,384,0.249,35,-16,-70,2,5.6,0.9,22,-29,-6,7.986,-0.077,6.34,8.34,0.14,0.08,344.8283333333333,4.358333333333333,14.329365,67.414375,-76.54392,PM*,F,6137.620051647939,68.92045166671393,1.0726280501145001e-07
HD 217376, ,23,0,19.9,-,8,52,49,63,-58,6.807,0.29,2.645,-0.006,3.81,-0.34,96,1.89,2.26,1.6,1.4,1.8,1.6,1.52,1.69,-11.5,1.4,0.0,1,0,0.0,23,27,-27,1,10.4,0.9,-8,-19,0,7.976,-0.082,7.13,7.98,0.06,0.14,345.0829166666666,-8.880277777777778,23.09552,45.327507,-81.41261,*,F,6456.542290346556,50.872251128738625,7.593625062907368e-08
HD 217385, ,23,0,3.7,+,21,13,10,91,-35,7.647,0.252,2.699,0.014,3.837,-0.05,112,2.39,0.94,1.4,1.1,1.6,1.54,1.47,1.63,-13.8,1.5,1.5,3,1108,0.725,70,8,-48,1,8.9,1.0,10,-25,-12,8.002,-0.064,6.71,8.17,0.1,0.1,345.0154166666666,21.21944444444444,-1.6011664,91.731064,-64.24056,*,F,6870.684400142324,91.74503712143009,1.5151273922022263e-07
HD 217511, ,23,1,2.1,+,22,23,28,92,-34,7.665,0.309,2.641,0.003,3.802,-0.29,122,2.23,2.06,2.0,1.7,2.3,1.49,1.41,1.59,-41.2,0.3,0.3,2,319,0.519,11,157,25,1,8.2,0.9,-84,-55,-4,8.003,-0.068,4.85,9.0,0.3,0.09,345.25875,22.391111111111112,-3.5298219,101.08097,-68.221535,PM*,F,6338.69711256927,101.14258321195192,1.214644393566305e-07
HD 217516, ,23,1,34.3,-,22,25,9,38,-65,7.408,0.339,2.639,0.016,3.788,-0.19,84,2.79,1.73,2.5,2.2,3.7,1.39,1.32,1.46,-28.4,0.3,0.4,2,368,0.26,12,117,-48,2,11.9,0.9,-42,-40,4,7.972,-0.076,5.87,8.24,0.17,0.19,345.3929166666666,-22.41916666666667,27.97433,21.855944,-76.12985,PM*,F,6137.620051647939,35.49993559261814,2.632989637829915e-07
HD 217595, ,23,2,27.3,-,45,18,14,346,-62,7.21,0.293,2.656,0.004,3.81,-0.28,106,2.08,2.02,1.7,1.5,2.0,1.57,1.48,1.65,20.2,0.6,0.9,2,766,0.125,20,-21,-10,1,9.4,0.9,20,-4,-12,7.951,-0.094,7.34,8.76,0.09,0.13,345.61375,-45.303888888888885,48.285793,-12.038993,-93.592445,*,F,6456.542290346556,49.763994595419064,9.873000293783304e-08
HD 217649, ,23,1,51.4,+,34,36,45,99,-23,6.738,0.267,2.679,0.008,3.825,-0.3,80,2.22,1.57,1.7,1.5,1.9,1.54,1.48,1.61,-2.0,0.7,1.4,4,1177,0.333,45,26,-32,2,12.5,0.8,-2,-8,-13,8.011,-0.031,7.72,8.13,0.03,0.09,345.46416666666664,34.612500000000004,-11.519895,72.73376,-31.25849,*,F,6683.439175686149,73.64039533128964,1.1979788477114107e-07
HD 217754, ,23,2,33.3,+,31,46,53,97,-26,6.57,0.206,2.731,0.0,3.867,0.18,118,1.22,1.47,0.7,0.6,0.8,2.07,1.98,2.22,-18.7,0.2,0.4,8,4982,0.355,10,41,23,2,8.5,0.8,-24,-20,9,8.014,-0.051,7.07,8.13,0.07,0.25,345.63875,31.781388888888888,-12.925178,105.26716,-51.727795,*,F,7362.070974947361,106.05769750846603,3.0091868128017714e-08
HD 217927, ,23,4,5.2,+,3,17,35,78,-50,7.406,0.29,2.677,0.015,3.815,0.01,101,2.38,1.35,1.6,1.4,1.9,1.57,1.49,1.64,-29.7,1.1,1.6,2,363,0.04,22,101,-54,2,9.9,0.9,-33,-52,-10,7.987,-0.077,5.36,8.1,0.2,0.09,346.02166666666665,3.293055555555556,13.497947,63.502857,-77.37049,PM*,F,6531.305526474723,64.92154819763049,1.4943390650469713e-07
HD 218043, ,23,4,36.4,+,31,18,26,98,-26,6.765,0.274,2.691,0.022,3.833,-0.06,68,2.49,0.92,1.5,1.2,1.8,1.54,1.49,1.59,-10.9,0.2,0.7,10,3949,0.606,22,84,-37,2,14.6,0.8,-16,-22,-16,8.008,-0.03,6.97,8.03,0.07,0.13,346.15166666666664,31.307222222222222,-8.50598,60.523197,-29.809238,PM*,F,6807.693586937417,61.11799302055991,1.7395990023861142e-07
HD 218059, ,23,5,0.1,+,4,13,31,80,-49,7.071,0.312,2.627,-0.009,3.796,-0.41,46,3.77,0.76,3.8,2.8,4.9,1.1,1.05,1.16,-5.3,0.2,0.4,5,3680,0.663,6,155,-163,2,21.9,0.9,-12,-39,-27,7.995,-0.035,6.12,8.0,0.13,0.31,346.2504166666666,4.2252777777777775,5.2404804,29.720232,-34.71664,PM*,F,6251.726927756856,30.17871476648083,1.0196453662490325e-06
HD 218172, ,23,5,35.3,+,20,14,27,92,-36,7.268,0.363,2.611,0.0,3.773,-0.39,74,2.92,2.12,4.0,3.4,4.8,1.19,1.14,1.31,6.3,0.3,0.1,2,324,0.737,5,7,20,1,13.5,0.9,-6,8,0,8.002,-0.044,7.99,8.87,0.05,0.12,346.3970833333333,20.24083333333333,-2.0893352,59.83079,-43.49611,*,F,5929.2532458,59.867259446228694,3.1510054181030334e-07
HD 218235, ,23,6,18.1,+,18,31,3,91,-38,6.13,0.287,2.66,-0.016,3.819,0.25,43,2.96,0.49,1.5,0.8,2.3,1.52,1.48,1.55,-15.4,0.7,0.1,2,354,0.972,35,228,60,1,23.2,0.9,-46,-21,0,8.001,-0.026,6.67,8.56,0.12,0.1,346.5754166666666,18.5175,-0.59136355,33.879303,-26.473444,PM*,F,6591.738952443213,33.88446373508186,3.3300376974783855e-07
HD 218261, ,23,6,31.8,+,19,54,39,92,-37,6.3,0.353,2.612,-0.01,3.779,0.0,28,4.04,0.51,4.3,2.5,6.7,1.13,1.06,1.18,-1.5,0.3,0.1,2,1117,0.858,9,288,6,2,35.3,0.9,-34,-13,-14,8.001,-0.017,7.19,8.39,0.08,0.1,346.63249999999994,19.910833333333333,-0.78041464,22.348173,-16.850819,PM*,F,6011.737374832779,22.3617951749911,1.4806388821497311e-06
HD 218470, ,23,7,45.3,+,49,17,44,106,-10,5.701,0.29,2.669,0.012,3.811,-0.26,34,3.04,1.02,2.5,2.2,2.8,1.32,1.28,1.36,-2.5,0.2,0.4,5,351,0.77,13,152,132,1,29.3,0.6,-30,-9,10,8.009,-0.006,7.44,8.39,0.06,0.27,346.93875,49.29555555555555,-9.229294,32.18637,-5.904038,PM*,F,6471.426157485831,33.48346280651594,3.7191967180374245e-07
HD 218488, ,23,8,26.1,-,0,29,58,76,-54,7.423,0.328,2.644,0.015,3.795,-0.16,100,2.42,1.91,2.1,1.8,2.5,1.46,1.38,1.56,-11.9,1.6,2.3,2,770,0.116,40,93,-35,1,6.1,1.0,-32,-33,-15,7.985,-0.081,6.26,8.14,0.13,0.14,347.10875,-0.4994444444444444,14.219812,57.032555,-80.9017,PM*,F,6237.348354824191,58.778528249211625,1.5792436886436074e-07
HD 218866, ,23,10,24.6,+,64,31,47,112,4,7.019,0.353,2.622,0.008,3.776,-0.26,36,4.24,0.61,6.7,3.3,9.9,1.01,0.95,1.07,-4.7,0.4,0.0,1,0,0.0,7,63,-53,2,0.0,0.0,-5,-6,-13,8.014,0.002,7.86,8.12,0.02,0.08,347.6025,64.52972222222222,-13.452987,33.297314,2.5112329,PM*,F,5970.352865838366,35.91230957257922,1.951862183762507e-06
HD 219172, ,23,13,48.2,+,15,22,3,91,-41,7.383,0.347,2.631,0.002,3.784,0.04,46,4.07,0.32,3.6,0.9,5.5,1.15,1.09,1.21,-3.4,0.3,0.1,2,398,0.82,7,24,-72,1,21.7,0.8,3,-13,-10,8.001,-0.03,7.37,8.16,0.05,0.05,348.45083333333326,15.3675,-0.60588694,34.711353,-30.178715,PM*,F,6081.350012787177,34.716640477941866,1.5432957135020808e-06
HD 219306, ,23,14,26.0,+,43,41,53,105,-16,7.496,0.353,2.61,0.004,3.775,-0.49,61,3.56,1.51,7.0,5.9,8.2,1.04,1.0,1.09,13.1,0.2,0.3,6,1105,0.587,4,48,-88,1,16.3,0.9,-4,4,-31,8.015,-0.017,7.98,8.69,0.04,0.4,348.6083333333333,43.69805555555556,-15.176361,56.638954,-16.813879,PM*,F,5956.621435290103,58.63695970474967,7.628675643650526e-07
HD 219476, ,23,15,41.6,+,31,40,32,100,-27,7.608,0.362,2.598,0.003,3.769,-0.69,93,2.78,2.55,4.1,3.3,5.1,1.18,1.12,1.25,8.2,0.4,0.5,2,422,0.239,6,145,42,2,10.8,0.9,-65,-8,-12,8.015,-0.042,6.76,9.43,0.17,0.08,348.9233333333333,31.67555555555556,-14.389116,81.60472,-42.221115,PM*,F,5874.893525297769,82.8636047100285,2.596863665671187e-07
HD 219482, ,23,16,57.6,-,62,0,4,321,-52,5.655,0.338,2.625,0.001,3.784,-0.21,21,4.09,0.54,5.6,3.0,6.9,1.07,1.02,1.12,0.5,0.2,0.5,4,1965,0.124,9,182,-20,9,48.6,0.6,-15,-8,-6,7.99,-0.016,7.76,8.05,0.02,0.03,349.2399999999999,-62.00111111111111,10.047633,-8.136417,-16.548225,PM*,F,6081.350012787177,12.92889053633675,1.5865331463088641e-06
HD 219487, ,23,15,57.8,+,24,46,15,97,-33,6.6,0.276,2.678,0.009,3.818,-0.26,43,3.43,0.47,2.3,1.4,3.1,1.25,1.2,1.3,7.1,0.9,1.0,2,1151,0.433,28,96,2,1,23.2,0.8,-18,-1,-11,8.004,-0.024,7.91,8.4,0.03,0.05,348.9908333333333,24.77083333333333,-4.394952,35.794025,-23.41948,PM*,F,6576.578373554205,36.062831680040446,6.37454439294158e-07
HD 219496, ,23,15,12.5,+,65,0,44,113,4,7.651,0.299,2.661,0.007,3.809,-0.1,97,2.72,1.24,2.1,1.8,2.4,1.44,1.39,1.5,-17.0,0.9,0.9,2,715,0.508,30,53,3,2,10.3,0.6,-15,-24,-9,8.038,0.007,6.9,8.05,0.08,0.03,348.80208333333326,65.01222222222222,-37.808598,89.07147,6.7663774,PM*,F,6441.692655151775,96.76371660228077,2.390282048968422e-07
HD 219693, ,23,18,9.8,-,40,49,27,351,-66,5.54,0.28,2.664,-0.005,3.817,-0.14,35,2.84,0.98,2.1,1.8,2.4,1.42,1.37,1.46,14.3,0.5,0.6,2,1440,0.459,22,128,-121,1,28.9,0.7,-7,-26,-17,7.986,-0.032,6.74,7.99,0.08,0.15,349.5408333333333,-40.82416666666667,14.060516,-2.2269654,-31.974092,PM*,F,6561.452663029057,14.235781856963571,2.821299227425322e-07
HD 219853, ,23,20,37.4,-,75,37,58,310,-40,7.289,0.278,2.667,-0.001,3.817,-0.24,60,3.39,0.52,2.3,1.5,3.0,1.26,1.21,1.31,5.8,4.2,6.0,2,1544,0.012,45,-40,27,2,16.6,0.7,13,7,-5,7.97,-0.039,7.7,9.06,0.08,0.05,350.1558333333333,-75.63277777777778,29.544228,-35.20945,-38.567253,*,F,6561.452663029057,45.96266721393009,6.031830791377278e-07
HD 219936, ,23,19,36.5,+,27,29,25,99,-31,7.639,0.322,2.646,0.008,3.796,-0.11,70,3.4,0.86,3.0,2.5,3.5,1.25,1.17,1.31,-11.6,0.5,0.8,2,611,0.113,11,-31,-107,2,14.2,0.9,28,-21,-18,8.01,-0.036,6.66,8.6,0.13,0.18,349.9020833333333,27.490277777777777,-9.386335,59.262993,-36.052666,PM*,F,6251.726927756856,60.00171350928466,6.11574191621451e-07
HD 219983, ,23,20,15.8,-,3,55,8,76,-58,6.645,0.335,2.621,-0.006,3.787,-0.29,48,3.26,1.37,4.7,4.2,5.4,1.16,1.13,1.24,-10.1,0.2,0.1,2,377,0.892,6,287,-111,1,21.0,0.9,-45,-48,-25,7.994,-0.04,5.51,8.28,0.2,0.27,350.0658333333333,-3.9188888888888886,6.153556,24.680563,-40.706306,PM*,F,6123.503917247734,25.436124733184197,5.040216014735024e-07
HD 220073, ,23,20,10.1,+,62,37,3,113,2,7.68,0.289,2.669,0.013,3.812,-0.29,85,3.03,1.03,2.4,2.0,3.0,1.28,1.2,1.36,-0.1,0.6,0.6,2,704,0.521,20,38,13,2,0.0,0.0,-15,-6,0,8.033,0.002,7.88,8.12,0.01,0.1,350.04208333333327,62.6175,-33.191917,78.19525,2.9664571,*,F,6486.344335482381,84.94822232805929,3.668167426027225e-07
HD 220242, ,23,21,58.2,+,26,36,32,99,-32,6.583,0.262,2.703,0.025,3.844,0.04,65,2.41,0.72,1.2,0.9,1.4,1.6,1.56,1.65,5.4,0.3,0.2,2,327,0.717,10,-93,-76,2,15.4,0.8,35,5,-11,8.009,-0.035,7.28,9.65,0.14,0.08,350.4925,26.60888888888889,-8.623157,54.44447,-34.44475,PM*,F,6982.324040771711,55.123127181134684,1.5575756529217506e-07
HD 220254, ,23,22,5.0,+,28,41,41,100,-30,6.727,0.269,2.686,0.01,3.827,0.0,75,2.36,1.12,1.5,1.3,1.7,1.59,1.53,1.64,-25.1,0.7,0.5,2,290,0.637,30,101,-79,2,13.4,0.8,-14,-45,-22,8.011,-0.038,5.8,8.02,0.16,0.22,350.5208333333333,28.69472222222222,-11.278781,63.965137,-37.5,PM*,F,6714.288529259523,64.95190260704247,1.4536141769059028e-07
HD 220526, ,23,24,18.8,+,21,24,46,97,-37,7.445,0.308,2.64,-0.002,3.802,-0.22,81,2.91,1.32,2.5,2.2,2.8,1.35,1.29,1.41,-3.4,0.6,1.0,3,1105,0.063,14,-130,-51,1,12.4,0.8,53,6,4,8.008,-0.049,6.96,10.26,0.19,0.2,351.07833333333326,21.412777777777777,-7.883661,64.20729,-48.747013,PM*,F,6338.69711256927,64.68947518651719,3.107772002987818e-07
HD 220547, ,23,24,42.7,-,27,21,12,27,-71,7.447,0.347,2.608,0.0,3.777,-0.4,45,4.18,0.77,6.8,3.7,10.1,0.99,0.94,1.06,-11.8,0.2,0.5,6,1886,0.182,9,1,-74,2,0.0,0.0,3,-17,10,7.987,-0.042,7.22,8.1,0.06,0.28,351.17791666666665,-27.35333333333333,13.05375,6.6512175,-42.548336,PM*,F,5984.115950603199,14.65056597182533,1.7965907111654088e-06
HD 220894, ,23,27,37.4,-,33,37,40,8,-71,7.515,0.343,2.631,0.007,3.782,-0.17,50,4.01,0.62,5.1,3.1,7.2,1.08,1.03,1.14,18.6,0.2,0.3,4,3242,0.55,5,-219,-108,2,19.9,0.9,61,-3,1,7.984,-0.047,6.59,10.1,0.21,0.14,351.9058333333333,-33.62777777777778,16.119986,2.2655163,-47.27593,PM*,F,6053.408747539136,16.278406333107725,1.4205258785814954e-06
HD 221075, ,23,28,40.2,+,39,37,8,106,-21,7.677,0.313,2.645,0.0,3.8,-0.11,74,3.34,0.83,2.8,2.3,3.3,1.27,1.21,1.33,-23.3,0.4,0.6,2,86,0.119,4,125,-7,2,13.6,0.9,-31,-38,-8,8.019,-0.026,6.08,8.15,0.15,0.03,352.1675,39.61888888888889,-19.042393,66.408714,-26.519228,PM*,F,6309.57344480193,69.08494789967092,5.629232027732556e-07
HD 221247, ,23,30,12.4,+,31,22,41,103,-28,7.541,0.297,2.664,0.013,3.81,-0.19,105,2.44,1.58,2.0,1.7,2.3,1.46,1.37,1.56,0.6,1.7,2.3,2,289,0.038,35,21,-2,2,6.0,0.9,-9,-4,-4,8.021,-0.05,8.01,8.13,0.01,0.07,352.5516666666666,31.378055555555555,-20.855095,90.33336,-49.294514,*,F,6456.542290346556,92.70949744415954,1.623488250638994e-07
HD 221318, ,23,31,6.6,+,2,21,48,86,-55,7.168,0.289,2.65,-0.013,3.813,-0.1,54,3.52,0.35,2.0,0.6,3.0,1.27,1.22,1.32,-5.9,0.4,0.4,2,421,0.485,12,84,-53,1,18.6,1.0,-12,-21,-8,7.998,-0.044,7.04,8.0,0.06,0.05,352.7775,2.3633333333333333,2.1605773,30.89768,-44.23421,PM*,F,6501.296903430909,30.97312905813159,7.218536386028226e-07
HD 221356, ,23,31,31.5,-,4,5,14,80,-60,6.506,0.347,2.603,-0.013,3.779,-0.22,26,4.41,0.34,5.7,0.2,9.0,1.02,0.96,1.09,-12.9,0.1,0.2,6,2229,0.919,5,178,-192,1,38.1,0.9,-9,-33,-5,7.998,-0.023,6.37,8.0,0.11,0.04,352.8812499999999,-4.087222222222222,2.2574267,12.8025,-22.516663,PM*,F,6011.737374832779,12.999999290610477,2.468591049058858e-06
HD 221488, ,23,27,43.6,+,86,33,31,122,24,7.199,0.327,2.625,-0.001,3.79,-0.5,72,2.91,1.83,3.9,3.5,4.4,1.19,1.15,1.24,-55.5,0.3,0.1,3,359,0.96,7,-44,36,2,13.9,0.6,38,-44,-7,8.034,0.029,5.56,8.57,0.21,0.03,351.9316666666666,86.5586111111111,-34.85559,55.780586,29.285038,PM*,F,6165.9500186148225,65.77526836700476,3.107772002987818e-07
HD 221498, ,23,32,28.6,+,33,44,27,105,-26,7.604,0.27,2.677,0.003,3.82,-0.29,70,3.38,0.51,2.3,1.4,3.0,1.26,1.2,1.31,3.3,1.3,1.8,2,1118,0.13,29,-24,6,2,14.3,0.9,5,7,3,8.016,-0.031,7.87,8.96,0.06,0.16,353.1191666666667,33.740833333333335,-16.283749,60.771786,-30.68598,*,F,6606.934480075957,62.91558197398159,5.949070970334081e-07
HD 221600, ,23,33,28.6,-,4,24,4,80,-61,6.922,0.3,2.65,0.004,3.807,-0.28,94,2.05,2.12,1.7,1.5,2.0,1.57,1.5,1.65,-23.4,1.1,1.2,2,770,0.443,45,42,-14,1,10.6,0.9,-15,-24,12,7.992,-0.082,6.91,8.01,0.07,0.31,353.3691666666666,-4.401111111111112,7.9135146,44.879757,-82.21426,*,F,6412.095765851615,45.572100036134636,9.472162716812682e-08
HD 221638, ,23,34,34.5,-,70,57,47,312,-45,7.55,0.325,2.64,0.019,3.789,-0.53,53,3.94,0.84,4.9,3.4,6.4,1.04,0.99,1.09,1.1,0.2,0.4,3,652,0.201,8,55,74,2,19.0,0.7,-14,8,-16,7.975,-0.037,7.96,8.89,0.05,0.15,353.64374999999995,-70.96305555555556,25.076784,-27.85058,-37.476658,PM*,F,6151.7687270986835,37.47665809699494,1.2895825562256862e-06
HD 221644, ,23,33,40.0,+,29,52,28,103,-30,7.22,0.305,2.632,-0.009,3.801,-0.51,67,3.09,1.41,4.2,2.5,4.8,1.16,1.12,1.29,29.1,0.3,0.3,2,383,0.478,4,58,-39,2,14.9,0.8,-17,13,-30,8.014,-0.034,7.99,9.29,0.08,0.4,353.4166666666667,29.87444444444445,-13.05249,56.536556,-33.5,PM*,F,6324.118513762197,58.02369911976688,3.985191083353441e-07
HD 221801, ,23,35,14.6,-,3,51,13,82,-60,7.222,0.289,2.669,0.013,3.81,-0.35,58,3.4,0.76,2.9,2.2,3.5,1.21,1.15,1.27,4.0,0.9,0.0,1,0,0.0,19,50,35,1,17.2,1.0,-16,4,-3,7.996,-0.051,7.96,8.64,0.04,0.08,353.8108333333333,-3.8536111111111113,4.03602,28.717772,-50.229477,PM*,F,6456.542290346556,28.99999803593759,6.11574191621451e-07
HD 221881, ,23,36,0.9,-,30,38,48,16,-73,7.57,0.31,2.638,-0.006,3.803,-0.12,116,2.24,1.87,1.8,1.6,2.1,1.56,1.46,1.65,8.7,1.4,2.0,2,773,0.049,35,41,-44,2,8.6,1.0,-8,-30,-14,7.968,-0.111,6.52,7.97,0.1,0.16,354.00375,-30.646666666666665,32.60131,9.348276,-110.93135,PM*,F,6353.309318517436,33.915124618498396,1.2315417802581031e-07
HD 221970, ,23,36,30.5,+,32,54,15,105,-27,6.35,0.303,2.631,-0.023,3.81,0.07,77,1.92,1.86,1.3,1.2,1.5,1.75,1.69,1.82,6.7,2.4,0.0,1,0,0.0,35,-7,8,2,13.0,0.8,0,8,0,8.018,-0.035,7.96,8.94,0.06,0.12,354.12708333333336,32.90416666666667,-17.756927,66.26976,-34.957268,*,F,6456.542290346556,68.60750357607344,7.914967755346183e-08
HD 221972, ,23,36,27.8,+,20,39,54,100,-39,7.634,0.267,2.676,-0.001,3.826,-0.15,88,2.9,0.73,1.9,1.4,2.2,1.4,1.34,1.46,-13.7,0.7,1.6,5,1361,0.017,50,17,-58,1,11.3,0.9,7,-26,-11,8.012,-0.056,6.71,8.14,0.1,0.08,354.11583333333334,20.665,-11.8756,67.34987,-55.380196,PM*,F,6698.846094165266,68.38885043906572,3.065131772565901e-07
HD 222100, ,23,37,51.0,-,24,52,43,37,-73,7.659,0.271,2.667,-0.003,3.821,-0.3,91,2.87,1.0,2.2,1.8,2.5,1.35,1.27,1.41,16.2,0.6,0.9,2,1091,0.079,16,-20,-71,2,11.0,1.1,24,-21,-16,7.979,-0.087,6.68,8.49,0.12,0.16,354.4625,-24.878611111111116,21.248362,16.011787,-87.02373,PM*,F,6622.165037017622,26.605830387650244,2.9406893582792726e-07
HD 222111, ,23,37,49.1,+,3,22,12,90,-55,7.31,0.29,2.667,0.0,3.815,0.08,68,3.13,0.53,1.7,1.1,2.2,1.39,1.34,1.45,-14.5,0.3,0.1,2,420,0.804,9,56,-28,1,14.6,1.1,-12,-22,2,8.0,-0.056,7.0,8.0,0.07,0.15,354.4545833333333,3.37,-1.7048839e-06,39.003197,-55.70234,PM*,F,6531.305526474723,39.003197000000036,4.2116197144500654e-07
HD 222249, ,23,38,49.4,+,23,18,29,102,-37,7.148,0.317,2.645,0.006,3.8,-0.12,110,1.94,2.24,1.5,1.4,1.8,1.67,1.57,1.76,-10.3,1.7,0.1,2,673,0.998,60,29,-41,1,9.1,0.8,-2,-24,-14,8.018,-0.066,6.88,8.05,0.08,0.12,354.70583333333326,23.308055555555555,-18.265017,85.930176,-66.199646,PM*,F,6309.57344480193,87.84990605231894,8.13671585164139e-08
HD 222412, ,23,40,26.2,-,26,12,4,32,-74,7.59,0.297,2.662,0.009,3.806,-0.26,68,3.44,0.73,3.0,2.3,3.6,1.21,1.14,1.27,-6.5,0.5,0.8,2,1522,0.267,17,88,-125,2,14.8,1.1,-9,-48,-3,7.984,-0.065,5.6,7.99,0.18,0.09,355.1091666666666,-26.20111111111111,15.895258,9.93246,-65.36579,PM*,F,6397.348354826482,18.74334518004094,6.463223138887375e-07
HD 222448, ,23,39,48.7,+,75,45,5,118,14,7.313,0.263,0.0,0.0,3.828,-0.3,112,2.06,1.67,1.5,1.4,1.7,1.59,1.53,1.66,-4.7,0.6,1.2,4,1210,0.31,50,-31,-32,2,8.9,0.6,19,8,-12,8.052,0.026,7.69,9.41,0.1,0.09,354.9529166666666,75.75138888888888,-51.01894,95.95267,27.095253,*,F,6729.766562843175,108.67312049836657,9.603933626126872e-08
HD 222723, ,23,43,10.6,-,23,40,32,42,-74,7.68,0.274,2.67,-0.002,3.823,-0.11,103,2.61,1.05,1.8,1.5,2.1,1.46,1.39,1.54,-19.3,1.2,0.8,2,1030,0.621,50,37,-20,2,9.7,1.0,-15,-20,13,7.979,-0.099,7.11,8.0,0.06,0.33,355.7941666666666,-23.67555555555556,21.098368,18.997055,-99.00996,*,F,6652.731562017413,28.390653936400426,2.0532846002754932e-07
HD 223216, ,23,47,38.4,-,5,49,31,85,-64,7.647,0.295,2.675,0.021,3.823,0.01,110,2.35,1.2,1.5,1.3,1.8,1.58,1.5,1.66,12.1,0.8,1.1,2,1128,0.114,23,39,-2,2,9.1,0.9,-17,-4,-16,7.995,-0.099,7.88,8.24,0.02,0.17,356.91,-5.825277777777777,4.202725,48.037334,-98.86735,*,F,6652.731562017413,48.22082906020158,1.433669842704991e-07
HD 223226, ,23,47,56.2,-,66,34,2,313,-49,6.731,0.28,2.668,0.003,3.815,-0.29,48,3.31,0.69,2.6,1.9,3.1,1.26,1.21,1.3,3.5,0.5,0.3,2,1550,0.711,23,-67,23,2,20.7,0.6,14,9,-2,7.979,-0.037,7.72,9.23,0.09,0.09,356.9841666666666,-66.56722222222221,21.476698,-23.030937,-36.22606,PM*,F,6531.305526474723,31.490833842265484,5.400688762356338e-07
HD 223271, ,23,48,9.3,-,16,41,56,65,-72,7.555,0.328,2.633,0.009,3.789,-0.36,62,3.6,1.04,5.7,3.0,7.1,1.09,1.04,1.17,17.2,0.3,0.3,2,742,0.455,5,-104,-50,2,16.2,1.1,35,5,-12,7.992,-0.059,7.27,9.66,0.14,0.1,357.03875,-16.698888888888888,8.096966,17.363997,-58.965504,PM*,F,6151.7687270986835,19.159051391474605,8.062117992321641e-07
HD 223346, ,23,48,49.3,+,2,12,51,93,-57,6.47,0.304,2.633,-0.013,3.803,-0.43,55,2.76,1.63,2.4,2.2,3.6,1.35,1.28,1.4,-18.5,0.3,0.4,5,2889,0.815,19,10,-35,1,18.1,1.1,3,-18,10,8.002,-0.046,7.17,8.11,0.06,0.27,357.2054166666666,2.214166666666667,-1.567731,29.914095,-46.12688,*,F,6353.309318517436,29.95514747347083,2.5260919213089244e-07
HD 223408, ,23,49,19.5,-,27,51,15,26,-76,6.968,0.324,2.612,-0.021,3.791,-0.2,36,4.2,0.26,3.2,0.0,6.2,1.09,1.03,1.15,13.9,0.3,0.1,2,728,0.901,7,-75,-50,1,27.9,1.3,18,0,-11,7.992,-0.035,7.5,8.88,0.08,0.06,357.33124999999995,-27.854166666666668,7.827767,3.817857,-34.930645,PM*,F,6180.164001384158,8.709188726783799,1.8469245321406751e-06
HD 223633, ,23,51,21.6,-,42,22,19,338,-70,7.552,0.296,2.652,-0.004,3.808,-0.17,66,3.46,0.59,2.7,1.8,3.3,1.25,1.19,1.3,21.8,0.4,0.1,2,1182,0.937,13,17,-104,1,15.2,0.8,14,-34,-14,7.98,-0.062,6.22,8.17,0.14,0.12,357.84,-42.371944444444445,20.929626,-8.456119,-62.019714,PM*,F,6426.877173170194,22.573329241430848,6.644298725204366e-07
HD 223788, ,23,52,39.6,+,54,16,7,114,-8,7.574,0.33,2.64,0.008,3.789,-0.2,52,4.0,0.5,4.3,2.2,6.1,1.09,1.04,1.16,14.6,0.4,0.7,3,1060,0.12,9,-5,-41,2,19.3,0.9,-2,14,-11,8.021,-0.007,7.99,9.31,0.08,0.06,358.165,54.26861111111111,-20.94447,47.042057,-7.2370014,*,F,6151.7687270986835,51.4939409093162,1.4010355328531804e-06
HD 224093, ,23,55,3.9,-,9,27,38,83,-68,6.737,0.218,2.713,0.002,3.853,-0.2,75,2.36,0.84,1.3,1.1,1.5,1.55,1.49,1.61,-7.7,0.3,0.4,4,1333,0.895,25,82,6,1,13.3,1.0,-27,-14,1,7.997,-0.07,7.28,8.22,0.06,0.15,358.76625,-9.460555555555556,3.4239793,27.886078,-69.53879,PM*,F,7128.530301265198,28.095497512393557,1.4536141769059028e-07
HD 224173, ,23,55,48.8,-,13,57,59,76,-72,7.302,0.312,2.646,0.001,3.799,-0.18,59,3.45,0.81,3.1,2.5,3.7,1.22,1.14,1.28,-0.9,0.6,0.8,2,1508,0.106,12,166,24,2,17.0,1.2,-44,-15,-7,7.995,-0.056,6.93,8.6,0.11,0.06,358.9533333333333,-13.966388888888888,4.410721,17.690434,-56.112335,PM*,F,6295.061828571975,18.23200249144885,6.553135529074679e-07
HD 224414, ,23,57,34.3,+,73,51,57,119,11,7.58,0.337,0.0,0.0,3.786,-0.25,57,3.78,0.84,4.4,3.1,7.8,1.09,1.04,1.16,-14.4,0.4,0.5,2,718,0.287,11,119,-14,2,17.4,0.7,-21,-26,-13,8.027,0.011,6.78,8.08,0.09,0.09,359.3929166666666,73.86583333333333,-27.126429,48.937378,10.876113,PM*,F,6109.420249055721,55.952748956659185,1.0338300462535406e-06
HD 224576, ,23,58,53.1,+,39,6,39,112,-23,7.26,0.24,2.698,0.005,3.842,-0.13,102,2.22,1.09,1.4,1.2,1.6,1.6,1.54,1.67,4.1,2.5,4.4,3,848,0.03,100,8,-39,2,9.8,0.7,2,-3,-19,8.035,-0.039,7.82,8.41,0.04,0.19,359.72124999999994,39.11083333333333,-35.17237,87.05468,-39.854576,*,F,6950.243175887969,93.8914954685423,1.1979788477114107e-07
HD 224763, ,0,0,26.9,-,16,41,49,72,-74,7.468,0.29,2.667,0.014,3.811,-0.37,79,2.98,1.17,2.5,2.1,3.0,1.26,1.18,1.35,-1.9,0.2,0.3,4,3358,0.751,14,167,-33,3,11.0,10.1,-49,-39,-13,7.993,-0.076,5.84,8.39,0.18,0.12,0.1120833333333333,-16.696944444444444,6.728955,20.709595,-75.939674,PM*,F,6471.426157485831,21.775356723967807,3.423333026383341e-07
HD 224842, ,0,1,7.2,-,41,53,15,335,-72,7.647,0.311,2.636,-0.002,3.801,-0.23,106,2.51,1.75,2.2,1.9,2.5,1.45,1.38,1.52,13.2,0.7,0.1,2,358,0.934,30,27,-47,1,9.4,0.9,1,-28,-10,7.97,-0.101,6.58,8.02,0.1,0.11,0.2799999999999999,-41.8875,29.686832,-13.8432045,-100.812,PM*,F,6324.118513762197,32.75579803676052,1.7883361266574799e-07
HD 224999, ,0,2,30.1,+,47,25,22,114,-15,7.624,0.332,2.636,0.014,3.79,-0.29,123,2.17,2.39,2.1,1.8,2.6,1.47,1.39,1.59,-3.1,0.6,0.8,2,666,0.28,22,14,-28,2,8.1,1.0,-1,-9,-16,8.049,-0.031,7.71,8.19,0.03,0.13,0.6254166666666666,47.422777777777775,-48.323917,108.537315,-31.834742,*,F,6165.9500186148225,118.80887888382803,1.1180189118904961e-07
HD 225045, ,0,2,57.4,-,20,2,45,63,-77,6.26,0.332,2.642,0.006,3.795,0.11,62,2.31,1.76,1.7,1.5,1.9,1.63,1.58,1.69,-4.4,0.3,0.1,2,126,0.742,17,103,81,2,16.2,1.0,-38,6,2,7.994,-0.06,7.62,9.21,0.09,0.16,0.7391666666666666,-20.04583333333333,6.33179,12.426836,-60.410942,PM*,F,6237.348354824191,13.946964457364764,1.356591682296914e-07
HD 225233, ,0,4,30.5,-,72,53,50,308,-44,7.33,0.294,2.652,-0.004,3.811,-0.15,92,2.52,1.44,2.0,1.8,2.2,1.49,1.43,1.55,13.1,1.6,2.2,2,1301,0.18,40,11,-39,2,10.9,0.6,5,-21,1,7.96,-0.063,6.92,8.09,0.08,0.14,1.1270833333333332,-72.89722222222223,40.744022,-52.149967,-63.908573,*,F,6471.426157485831,66.17925949145679,1.8132143603422485e-07
HD 23, ,0,5,7.4,-,52,9,6,319,-64,7.552,0.366,2.626,0.015,3.77,-0.19,42,4.44,0.49,7.6,3.6,10.9,0.99,0.94,1.06,34.3,0.2,0.3,3,1767,0.309,4,-111,-131,2,23.9,0.9,40,-22,-16,7.986,-0.037,6.39,8.88,0.16,0.15,1.2808333333333333,-52.15166666666666,13.895403,-12.079091,-37.74935,PM*,G,5888.43655355589,18.411590477704255,1.1667523931790261e-06
HD 70, ,0,5,41.6,+,58,18,47,117,-4,8.221,0.395,2.582,0.01,3.752,-0.49,48,4.83,0.74,14.9,7.4,0.0,0.84,0.81,0.9,-28.4,0.2,0.4,3,727,0.287,3,65,-166,2,21.0,1.1,7,-31,-37,8.022,-0.003,6.49,8.13,0.11,0.52,1.4233333333333331,58.31305555555555,-21.738455,42.664135,-3.3483105,PM*,G,5649.369748123023,47.88307468286942,1.999763790342133e-06
HD 105, ,0,5,52.5,-,41,45,11,333,-73,7.509,0.373,2.627,0.019,3.766,-0.21,40,4.49,0.55,8.6,4.8,12.6,0.97,0.92,1.03,1.6,0.3,0.5,4,3363,0.176,15,99,-76,1,24.9,0.9,-10,-21,-2,7.989,-0.038,7.02,7.99,0.06,0.09,1.4687499999999998,-41.75305555555556,10.420206,-5.3093605,-38.25219,PM*,G,5834.451042737448,11.69487075607919,1.2501977137235027e-06
HD 299, ,0,7,52.0,+,55,34,37,117,-7,7.831,0.388,0.0,0.0,3.762,-0.04,46,4.52,0.46,8.1,3.6,11.8,0.99,0.94,1.06,1.4,0.2,0.2,3,1765,0.82,8,201,8,2,21.8,0.8,-39,-19,-6,8.021,-0.005,6.87,8.44,0.1,0.02,1.9666666666666663,55.57694444444445,-20.727894,40.680798,-5.60599,PM*,G,5780.960474057181,45.657123382798005,1.303102867201668e-06
HD 361, ,0,8,16.3,-,14,49,28,82,-74,7.045,0.388,2.598,0.004,3.758,-0.2,28,4.84,0.38,9.2,0.7,16.1,0.92,0.85,1.01,7.7,0.2,0.4,6,3621,0.154,3,-14,-10,2,36.2,1.0,2,2,-7,7.999,-0.027,7.86,8.62,0.05,0.03,2.067916666666666,-14.824444444444444,1.0741168,7.6427383,-26.915327,*,G,5727.960309858292,7.7178478620875355,2.0275832758118263e-06
HD 377, ,0,8,25.7,+,6,37,0,104,-55,7.581,0.391,2.603,0.001,3.76,-0.02,40,4.58,0.43,8.2,3.4,12.2,0.99,0.93,1.06,1.3,0.3,0.3,2,1437,0.475,13,85,-3,2,25.1,1.0,-14,-7,-4,8.006,-0.033,7.84,8.06,0.01,0.06,2.107083333333333,6.616666666666667,-5.5504274,22.26155,-32.766083,PM*,G,5754.399373371566,22.943056743275747,1.4157243451367577e-06
HD 457, ,0,8,59.6,-,39,44,13,335,-75,7.725,0.391,2.617,0.018,3.765,0.11,55,4.03,0.76,6.6,3.6,8.7,1.12,1.06,1.19,-19.4,0.2,0.1,3,1477,0.856,3,112,-17,2,18.2,0.9,-28,-16,15,7.987,-0.053,7.2,8.21,0.07,0.36,2.248333333333333,-39.73694444444445,12.901335,-6.0159945,-53.12592,PM*,G,5821.032177708716,14.23504951190038,6.621840265962693e-07
HD 700, ,0,11,24.4,+,23,49,5,111,-38,8.239,0.362,2.621,0.011,3.771,-0.25,54,4.59,0.37,7.3,0.3,11.6,0.97,0.91,1.05,4.1,0.3,0.1,2,346,0.894,4,-34,32,1,18.6,0.9,3,11,5,8.015,-0.033,7.93,9.22,0.08,0.2,2.851666666666666,23.81805555555556,-15.24948,39.726257,-33.24572,*,G,5902.010801718442,42.55258083242953,1.4354190325987634e-06
HD 804, ,0,12,28.3,+,20,14,3,111,-42,8.197,0.395,2.606,0.012,3.759,-0.05,52,4.64,0.42,8.6,3.1,12.9,0.97,0.92,1.05,-48.5,0.3,0.3,2,69,0.433,4,216,-21,1,19.4,1.0,-31,-61,21,8.014,-0.034,5.01,8.09,0.24,0.48,3.1179166666666664,20.234166666666667,-13.848602,36.076847,-34.794792,PM*,G,5741.164622073275,38.64353331174329,1.5380792045350664e-06
HD 912, ,0,13,46.5,+,64,51,53,119,2,8.075,0.349,2.617,0.002,3.779,-0.47,108,2.92,2.04,4.2,3.5,5.1,1.17,1.12,1.24,9.5,0.2,0.5,7,4752,0.243,7,78,9,2,9.3,0.8,-40,-11,-1,8.052,0.004,7.19,8.65,0.09,0.1,3.44375,64.86472222222221,-52.32754,94.40139,3.7691455,PM*,G,6011.737374832779,107.93421087117699,1.4288238812182962e-07
HD 1237, ,0,16,12.6,-,79,51,4,305,-37,6.586,0.46,0.0,0.0,3.726,-0.12,18,5.36,0.47,0.0,8.8,0.0,0.85,0.82,0.89,-6.1,0.2,0.3,4,3987,0.246,6,434,-58,1,56.8,0.5,-33,-16,3,7.992,-0.011,7.06,8.32,0.08,0.15,4.052499999999999,-79.85111111111111,8.245412,-11.775672,-10.83267,PM*,G,5321.082592667942,14.375439822882916,4.158902129764468e-06
HD 1320, ,0,17,16.5,-,43,51,9,323,-72,7.956,0.406,2.575,0.0,3.747,-0.34,37,5.14,0.43,0.0,0.0,0.0,0.84,0.81,0.93,11.2,0.2,0.2,4,3337,0.585,3,396,-16,1,27.3,0.8,-56,-37,-19,7.991,-0.035,5.84,8.54,0.19,0.19,4.31875,-43.8525,9.131302,-6.8809285,-35.18909,PM*,G,5584.701947368307,11.433628174700987,3.0688714742461266e-06
HD 1388, ,0,17,58.8,-,13,27,20,92,-74,6.512,0.381,2.601,0.003,3.765,-0.08,26,4.42,0.53,7.8,4.2,11.2,1.01,0.96,1.06,27.8,0.2,0.3,5,3592,0.27,4,400,-1,2,38.2,0.9,-43,-16,-33,8.0,-0.025,6.92,8.59,0.11,0.44,4.494999999999999,-13.455555555555556,-0.25010955,7.1622076,-24.992804,PM*,G,5821.032177708716,7.166573274061947,1.1349551513000262e-06
HD 1461, ,0,18,41.8,-,8,3,10,99,-69,6.463,0.422,2.598,0.0,3.749,0.15,23,4.62,0.51,9.6,5.4,13.1,1.03,0.95,1.08,-10.5,0.1,0.2,15,5845,0.873,2,419,-145,1,42.7,0.9,-32,-39,-1,8.001,-0.022,6.0,8.13,0.15,0.09,4.674166666666666,-8.052777777777779,-1.2894052,8.140985,-21.47235,PM*,G,5610.479760324706,8.242463378142,1.4961622761605684e-06
HD 1591,*,0,19,48.9,-,60,54,43,310,-56,7.964,0.352,0.0,0.0,3.777,-0.22,61,4.02,0.77,6.1,4.0,9.6,1.05,0.99,1.1,3.6,0.6,0.8,2,1063,0.08,8,139,7,2,16.3,0.8,-34,-20,-9,7.978,-0.051,6.88,8.28,0.09,0.06,4.953749999999999,-60.91194444444445,21.925976,-26.130367,-50.571293,PM*,G,5984.115950603199,34.110768140094194,6.530985211445702e-07
HD 2151, ,0,25,45.0,-,77,15,15,305,-40,2.806,0.386,2.6,0.001,3.764,0.01,7,3.44,1.46,5.4,4.9,5.9,1.17,1.16,1.22,22.4,0.2,0.4,5,1673,0.115,4,2222,323,1,133.8,0.5,-61,-46,-31,7.997,-0.005,5.44,8.57,0.22,0.4,6.4375,-77.25416666666666,3.0756946,-4.392548,-4.499513,PM*,G,5807.644175213118,5.362310621809702,2.9307495053577235e-07
HD 2550, ,0,29,23.5,+,40,50,30,118,-22,7.961,0.409,0.0,0.0,3.753,0.0,58,4.14,1.02,10.0,7.9,11.8,1.03,0.98,1.07,-25.1,0.3,0.4,2,70,0.227,2,-18,-61,1,17.2,0.9,20,-23,-6,8.026,-0.022,6.7,8.4,0.11,0.03,7.347916666666666,40.84166666666667,-25.246616,47.481976,-21.727182,PM*,G,5662.3928903825345,53.77666468196063,7.70865661620565e-07
HD 2567, ,0,29,16.1,-,5,54,37,108,-68,7.786,0.391,2.606,0.012,3.763,-0.02,56,4.05,0.89,8.3,5.7,10.3,1.04,1.0,1.1,9.6,0.2,0.3,4,1882,0.43,4,-111,-222,2,17.9,1.0,53,-27,-29,8.006,-0.052,6.03,9.16,0.21,0.4,7.317083333333333,-5.910277777777778,-6.482548,19.951237,-51.922295,PM*,G,5794.286964268809,20.977971455850373,6.80735971699978e-07
HD 3459, ,0,37,18.9,-,35,25,12,322,-81,8.274,0.402,2.59,-0.008,3.756,-0.09,114,3.0,2.17,4.2,3.2,5.5,1.23,1.16,1.33,-10.2,0.3,0.5,3,1536,0.054,4,62,6,2,8.8,1.1,-31,-14,8,7.986,-0.112,7.21,8.31,0.07,0.26,9.32875,-35.419999999999995,14.053017,-10.979417,-112.59647,PM*,G,5701.642722807472,17.833532585053867,1.5958008804838936e-07
HD 3611, ,0,38,8.3,-,66,2,34,305,-51,7.369,0.386,2.605,0.01,3.761,-0.42,104,2.28,3.05,2.3,2.0,2.7,1.43,1.37,1.51,3.2,0.2,0.3,3,379,0.311,6,122,52,2,9.6,0.6,-60,-15,-22,7.962,-0.081,6.6,9.0,0.15,0.25,9.534583333333332,-66.04277777777777,37.54018,-53.612946,-80.82318,PM*,G,5767.664633922509,65.44931698063255,5.901721349211037e-08
HD 3823, ,0,40,25.6,-,59,27,16,306,-58,5.907,0.361,2.607,0.006,3.771,-0.43,25,3.88,1.23,8.9,7.6,10.4,0.99,0.96,1.03,2.8,0.2,0.3,3,3329,0.457,3,883,443,1,39.3,0.6,-113,-18,-35,7.992,-0.021,5.73,10.79,0.31,0.56,10.106666666666664,-59.45444444444445,7.786966,-10.717844,-21.201202,PM*,G,5902.010801718442,13.247981713962773,5.382433841338653e-07
HD 4113, ,0,43,12.5,-,37,58,57,311,-79,7.9,0.441,0.0,0.0,3.741,0.16,44,4.68,0.63,11.5,7.6,15.8,0.96,0.91,1.04,4.0,0.2,0.4,4,1885,0.167,2,51,-111,2,22.7,1.0,4,-25,-1,7.994,-0.043,6.74,8.08,0.09,0.1,10.802083333333332,-37.9825,5.5080066,-6.33624,-43.191597,PM*,G,5508.076964054036,8.395598492260309,1.6254690339100712e-06
HD 4208, ,0,44,26.6,-,26,30,56,54,-88,7.783,0.412,2.574,0.0,3.746,-0.22,33,5.21,0.29,0.0,0.0,0.0,0.86,0.82,0.95,56.2,0.2,0.4,4,957,0.158,3,315,148,2,30.6,1.1,-53,-4,-57,7.999,-0.033,7.14,9.35,0.13,1.1,11.110833333333332,-26.515555555555554,0.6769424,0.9317313,-32.979897,PM*,G,5571.857489319298,1.151683215262535,3.3804825648124227e-06
HD 4308, ,0,44,39.2,-,65,38,58,304,-51,6.553,0.408,2.578,0.0,3.748,-0.34,22,4.86,0.69,17.1,9.6,0.0,0.85,0.83,0.9,95.1,0.2,0.1,4,799,0.981,3,158,-741,2,45.8,0.6,50,-109,-30,7.992,-0.017,2.98,8.4,0.48,0.4,11.16333333333333,-65.64944444444446,7.742053,-11.478066,-17.097212,PM*,G,5597.576014951104,13.845049070160966,2.0843886533432196e-06
HD 4406, ,0,46,51.7,+,46,21,49,122,-17,7.479,0.456,0.0,0.0,3.734,-0.01,139,1.77,3.81,1.2,0.9,1.5,1.76,1.71,1.91,-0.1,0.2,0.3,2,618,0.359,5,-25,-23,1,7.2,0.9,16,5,-14,8.071,-0.039,7.71,9.2,0.09,0.12,11.715416666666666,46.36361111111111,-70.440254,112.727936,-40.639664,*,G,5420.008904016238,132.92635908052478,2.9172839345333845e-08
HD 4649, ,0,48,33.2,+,0,22,55,121,-62,8.164,0.406,2.604,0.021,3.767,0.14,78,3.63,1.09,5.5,3.1,6.7,1.21,1.13,1.29,-26.7,0.3,0.3,2,429,0.391,3,63,-26,1,12.9,1.0,-9,-30,19,8.019,-0.069,6.6,8.02,0.1,0.44,12.138333333333334,0.3819444444444444,-18.86007,31.388426,-68.86991,PM*,G,5847.900841444806,36.61878653317687,3.81047134770222e-07
HD 4915, ,0,51,10.8,-,5,2,21,123,-68,6.983,0.416,2.58,0.0,3.744,-0.26,22,5.26,0.31,0.0,0.0,0.0,0.85,0.81,0.94,-3.9,0.1,0.2,5,3996,0.795,3,264,-119,2,45.3,1.0,-16,-26,-1,8.004,-0.02,6.77,8.02,0.08,0.09,12.794999999999998,-5.039166666666667,-4.4885592,6.9117746,-20.398045,PM*,G,5546.25712957911,8.241346480588582,3.6222523292156442e-06
HD 5065, ,0,52,51.7,+,40,14,44,123,-23,6.767,0.378,2.6,-0.003,3.765,-0.28,42,3.65,1.48,7.6,6.6,8.5,1.06,1.02,1.11,-74.3,0.2,0.1,2,134,0.78,4,-90,53,1,23.8,0.9,50,-44,38,8.021,-0.016,5.5,8.88,0.23,0.97,13.215416666666666,40.24555555555556,-21.056402,32.424015,-16.410707,PM*,G,5821.032177708716,38.66120554128943,3.917226648981836e-07
HD 5078, ,0,52,32.0,-,20,59,46,125,-84,7.85,0.418,2.601,0.03,3.764,0.06,70,3.48,1.38,5.3,4.5,6.5,1.18,1.12,1.27,21.4,0.2,0.3,5,3029,0.333,4,130,-88,2,14.2,1.2,-22,-45,-25,8.004,-0.07,5.76,8.04,0.17,0.28,13.133333333333333,-20.996111111111112,-4.196853,5.9937267,-69.61653,PM*,G,5807.644175213118,7.316989466843716,3.09726739238131e-07
HD 5372, ,0,56,17.3,+,52,29,28,124,-10,7.535,0.406,0.0,0.0,3.756,0.05,41,4.47,0.58,8.9,4.9,12.2,1.0,0.95,1.08,0.3,0.2,0.2,3,881,0.615,4,201,1,2,24.4,0.9,-33,-21,1,8.022,-0.007,6.87,8.28,0.09,0.12,14.072083333333332,52.49111111111111,-22.578594,33.474148,-7.1195755,PM*,G,5701.642722807472,40.377115936415514,1.2161263551968444e-06
HD 5911, ,1,0,28.0,-,19,23,21,138,-82,8.01,0.415,2.592,0.02,3.757,-0.2,81,3.39,1.85,6.1,4.8,7.5,1.12,1.07,1.21,4.8,0.2,0.2,4,3649,0.749,3,128,-56,2,12.4,1.1,-29,-44,-6,8.008,-0.08,5.77,8.1,0.17,0.08,15.116666666666667,-19.389166666666664,-8.377487,7.5431247,-80.211716,PM*,G,5714.786366718672,11.273021718905676,2.7351345804337536e-07
HD 5975, ,1,1,1.7,-,4,38,54,129,-67,7.341,0.349,2.606,-0.006,3.777,-0.32,40,4.31,0.57,6.9,3.8,9.0,1.0,0.95,1.06,27.5,0.2,0.5,7,2115,0.132,5,0,-55,2,24.8,0.9,-2,1,-29,8.01,-0.037,7.93,8.52,0.04,0.36,15.25708333333333,-4.6483333333333325,-9.835804,12.146209,-36.82019,PM*,G,5984.115950603199,15.629249290931954,9.74941821268923e-07
HD 6067, ,1,1,47.1,-,19,25,9,141,-82,8.239,0.395,2.593,0.001,3.76,-0.03,60,4.34,0.68,8.7,5.3,12.1,1.01,0.96,1.07,-2.2,0.2,0.3,2,1004,0.387,3,110,-165,2,16.6,1.1,0,-56,-4,8.007,-0.06,5.22,8.03,0.21,0.08,15.446249999999996,-19.41916666666667,-6.4894686,5.2550697,-59.416084,PM*,G,5754.399373371566,8.350386833090072,1.0161988529530514e-06
HD 6103, ,1,2,6.9,-,19,40,10,142,-82,8.262,0.381,2.612,0.024,3.776,-0.18,80,3.64,1.14,6.3,4.7,7.7,1.1,1.05,1.16,5.0,0.3,0.1,2,1228,0.944,5,128,-55,2,12.5,1.0,-29,-44,-6,8.009,-0.079,5.8,8.1,0.17,0.08,15.52875,-19.669444444444444,-8.773592,6.8546815,-79.22144,PM*,G,5970.352865838366,11.133848168935405,3.863480284458676e-07
HD 6107, ,1,1,19.0,-,60,51,36,301,-56,6.9,0.41,2.586,0.006,3.75,-0.22,45,3.63,1.78,7.6,6.9,8.3,1.07,1.04,1.12,31.1,0.1,0.2,4,3330,0.665,3,73,97,2,22.2,0.6,-15,-9,-37,7.987,-0.037,7.78,8.06,0.02,0.5,15.329166666666662,-60.86,12.960249,-21.569489,-37.306694,PM*,G,5623.413251903491,25.16368235896968,3.81047134770222e-07
HD 6236, ,1,2,43.9,-,47,17,15,297,-70,7.699,0.376,2.613,0.007,3.768,-0.02,49,4.25,0.58,6.7,3.7,9.5,1.05,0.99,1.11,18.1,0.2,0.3,5,3031,0.384,4,-39,-131,2,20.4,0.8,27,-24,-7,7.992,-0.046,6.52,8.51,0.13,0.05,15.682916666666666,-47.2875,7.608417,-14.932369,-46.044937,PM*,G,5861.3816451402845,16.758987236645595,8.973847818712385e-07
HD 6250, ,1,4,16.6,+,54,12,15,125,-9,6.833,0.342,2.621,0.001,3.783,-0.36,62,2.87,1.91,3.7,3.4,4.1,1.25,1.17,1.38,-39.1,0.6,0.9,2,132,0.038,7,-136,-61,2,16.1,0.7,56,-12,-14,8.035,-0.009,6.49,9.67,0.2,0.11,16.069166666666664,54.20416666666667,-35.12392,50.162148,-9.698937,PM*,G,6067.363295885053,61.236678944406385,1.333456032228426e-07
HD 6312, ,1,5,26.4,+,63,43,16,124,1,8.276,0.382,2.589,0.004,3.76,-0.38,55,4.58,0.74,11.6,6.8,16.5,0.87,0.83,0.97,-28.8,0.2,0.3,3,425,0.599,4,228,-162,3,18.2,1.0,-35,-58,-39,8.031,0.001,5.17,8.15,0.22,0.58,16.36,63.72111111111112,-30.750921,45.590122,0.9598823,PM*,G,5754.399373371566,54.991620873757896,1.4157243451367577e-06
HD 6434, ,1,4,40.1,-,39,29,17,291,-77,7.733,0.383,2.586,0.009,3.757,-0.53,40,4.71,0.78,13.3,7.0,0.0,0.84,0.81,0.91,22.9,0.2,0.5,6,4989,0.036,2,-168,-527,1,24.8,0.9,85,-67,-4,7.997,-0.039,4.24,9.38,0.38,0.06,16.16708333333333,-39.48805555555556,3.2246087,-8.400396,-38.974804,PM*,G,5714.786366718672,8.998041688330396,1.6942547049835658e-06
HD 6512, ,1,6,12.6,+,13,15,9,128,-49,8.15,0.407,2.613,0.022,3.769,0.3,48,4.65,-0.14,1.2,0.0,4.8,1.09,1.06,1.12,9.9,0.2,0.2,4,1886,0.795,3,164,-17,2,20.8,1.0,-33,-19,-8,8.019,-0.037,6.97,8.31,0.09,0.04,16.552500000000002,13.2525,-19.387693,24.815117,-36.22606,PM*,G,5874.893525297769,31.490834723549927,1.559476017642916e-06
HD 6558, ,1,6,25.7,-,0,44,58,131,-63,8.202,0.376,2.634,0.027,3.787,0.33,74,3.75,0.36,2.0,0.4,3.9,1.26,1.23,1.31,10.7,0.2,0.1,2,1004,0.754,7,68,-36,1,13.6,1.0,-17,-19,-14,8.022,-0.066,7.16,8.05,0.06,0.12,16.607083333333332,-0.7494444444444444,-22.040497,25.354696,-65.93449,PM*,G,6123.503917247734,33.59529903512432,4.497577963252594e-07
HD 6594, ,1,6,17.4,-,34,47,51,281,-82,8.124,0.378,2.603,0.003,3.768,-0.02,79,3.63,1.2,6.1,4.6,7.5,1.13,1.08,1.19,-12.8,0.2,0.1,2,339,0.704,5,-8,-7,2,12.6,1.1,4,1,13,7.998,-0.079,7.82,8.63,0.05,0.33,16.572499999999998,-34.7975,2.0978818,-10.792673,-78.23118,*,G,5861.3816451402845,10.994675917538464,3.81047134770222e-07
HD 6715, ,1,8,12.4,+,21,58,37,128,-41,7.627,0.422,2.576,0.0,3.742,-0.19,32,5.07,0.49,16.2,6.7,0.0,0.86,0.83,0.92,-23.9,0.2,0.4,4,2986,0.191,1,401,-47,1,30.8,0.9,-37,-54,14,8.015,-0.021,5.32,8.17,0.21,0.34,17.051666666666662,21.97694444444444,-14.868661,19.031017,-20.993889,PM*,G,5520.774392807573,24.150707815449426,2.7859845287988294e-06
HD 6910, ,1,9,2.4,-,42,24,6,291,-74,7.865,0.398,2.628,0.04,3.786,0.42,96,2.78,1.31,1.9,1.5,2.1,1.48,1.42,1.56,-2.6,0.2,0.2,2,1441,0.623,6,32,-1,1,10.4,0.9,-12,-8,4,7.991,-0.093,7.82,8.0,0.01,0.19,17.259999999999994,-42.40166666666666,9.48284,-24.703653,-92.28112,*,G,6109.420249055721,26.461192830445285,1.1775482201528085e-07
HD 7134, ,1,11,32.0,-,12,50,35,142,-75,7.491,0.364,2.588,-0.016,3.77,-0.28,41,4.45,0.56,8.1,4.5,11.9,0.97,0.92,1.03,-17.1,0.2,0.3,4,3649,0.492,2,-31,-69,2,24.6,0.9,16,-10,12,8.008,-0.039,7.28,8.53,0.08,0.31,17.883333333333333,-12.843055555555557,-8.3620405,6.5331426,-39.60296,PM*,G,5888.43655355589,10.611582047723847,1.182983535779732e-06
HD 7678, ,1,15,45.0,-,53,42,56,295,-63,8.255,0.408,2.606,0.015,3.751,-0.09,48,4.85,0.43,11.0,3.5,17.7,0.91,0.86,1.0,-0.8,0.2,0.3,4,1669,0.578,4,116,26,2,20.8,0.9,-25,-11,1,7.991,-0.043,7.45,8.22,0.05,0.12,18.9375,-53.71555555555556,9.209503,-19.749847,-42.768314,PM*,G,5636.376558259543,21.791544278238245,2.055789768874886e-06
HD 7727, ,1,16,59.0,-,2,16,44,138,-64,6.535,0.361,2.613,0.004,3.774,-0.19,30,4.17,0.67,6.6,4.3,9.8,1.03,0.98,1.09,5.5,0.1,0.2,6,3997,0.87,5,259,-142,1,33.7,0.8,-21,-35,-10,8.01,-0.027,6.29,8.05,0.12,0.05,19.24583333333333,-2.278888888888889,-9.773197,8.799829,-26.963821,PM*,G,5942.921586155727,13.151135693545635,8.034867148279148e-07
HD 8004, ,1,20,36.9,+,54,57,44,127,-8,7.211,0.37,0.0,0.0,3.769,-0.07,33,4.6,0.24,5.1,0.0,10.1,1.01,0.95,1.09,-8.2,0.1,0.3,12,3663,0.791,4,-92,-82,2,30.1,0.9,16,0,-13,8.02,-0.004,7.56,8.89,0.08,0.09,20.15375,54.96222222222222,-19.666622,26.098482,-4.5927124,PM*,G,5874.893525297769,32.678843057782935,1.4553877004550159e-06
HD 8076, ,1,19,33.3,-,39,21,45,279,-76,7.651,0.395,2.607,0.013,3.757,-0.11,39,4.69,0.47,9.7,4.4,14.6,0.95,0.88,1.02,2.3,0.2,0.1,4,3329,0.919,4,-3,51,2,25.6,0.9,-5,7,-4,7.999,-0.038,7.98,8.83,0.05,0.06,19.88875,-39.3625,1.4759526,-9.318793,-37.841534,PM*,G,5714.786366718672,9.434953049925355,1.648081560643825e-06
HD 8100, ,1,21,3.9,+,38,2,3,129,-24,7.839,0.402,2.604,0.018,3.756,-0.1,50,4.37,0.8,10.9,7.2,14.0,0.97,0.92,1.03,16.6,0.2,0.3,2,1004,0.392,2,278,16,2,20.2,1.2,-62,-25,4,8.029,-0.021,6.26,8.92,0.18,0.18,20.26625,38.03416666666666,-28.745636,35.497913,-20.336832,PM*,G,5701.642722807472,45.67727461659753,1.0592017761624506e-06
HD 8262, ,1,22,17.8,+,18,40,57,133,-44,6.965,0.402,2.6,0.017,3.752,-0.27,26,4.93,0.48,13.0,4.9,0.0,0.87,0.83,0.94,5.4,0.1,0.3,8,5186,0.624,4,557,-4,1,39.1,0.8,-56,-37,4,8.013,-0.018,5.85,8.57,0.19,0.17,20.574166666666663,18.6825,-12.755302,13.678388,-18.06112,PM*,G,5649.369748123023,18.70283474208517,2.296036038019654e-06
HD 8306, ,1,19,1.7,-,77,1,50,301,-40,7.867,0.348,2.639,0.024,3.794,-0.08,74,3.43,0.85,3.1,2.5,3.6,1.26,1.18,1.31,22.3,0.2,0.1,2,261,0.965,5,129,22,2,13.6,0.6,-31,-37,-15,7.971,-0.047,6.06,8.1,0.14,0.13,19.75708333333333,-77.03055555555555,29.196102,-48.5905,-47.56628,PM*,G,6223.002851691595,56.68729189372521,2.89053811465814e-07
HD 8406, ,1,23,0.8,-,16,29,14,159,-77,7.93,0.415,2.59,0.016,3.745,-0.26,37,5.09,0.46,14.9,4.7,0.0,0.85,0.82,0.92,-8.3,0.2,0.2,6,3120,0.846,2,-137,-177,2,27.0,1.0,38,-12,-1,8.008,-0.036,6.78,9.11,0.15,0.1,20.75333333333333,-16.487222222222222,-7.770366,2.9827638,-36.051693,PM*,G,5559.042572704037,8.323188551303307,2.8640375019334002e-06
HD 8535, ,1,23,37.2,-,41,16,11,280,-74,7.701,0.36,2.616,0.01,3.774,-0.27,56,3.95,0.96,8.6,5.7,10.1,1.02,0.98,1.08,2.4,0.2,0.2,5,2831,0.835,4,57,-70,1,17.8,0.8,-1,-24,4,7.997,-0.054,6.87,8.04,0.08,0.17,20.905,-41.26972222222222,2.68038,-15.201193,-53.830654,PM*,G,5942.921586155727,15.4356958238898,5.928962457240527e-07
HD 8542, ,1,24,46.8,+,20,9,31,133,-42,8.159,0.411,2.608,0.03,3.767,0.1,93,3.2,1.55,4.4,2.7,5.2,1.36,1.2,1.45,-13.4,0.3,0.5,3,2180,0.181,3,110,44,1,10.8,1.0,-38,-24,29,8.047,-0.062,6.74,8.39,0.11,0.69,21.194999999999997,20.15861111111111,-47.134586,50.54566,-62.22915,PM*,G,5847.900841444806,69.11246589600891,2.1036752640921397e-07
HD 9081, ,1,29,42.3,+,17,5,56,136,-45,8.129,0.451,0.0,0.0,3.737,0.09,84,3.51,1.93,5.8,4.3,7.4,1.23,1.19,1.26,27.9,0.4,0.6,2,1112,0.105,1,117,-6,1,11.9,1.0,-50,-16,-14,8.043,-0.059,6.82,8.81,0.13,0.12,22.42625,17.098888888888887,-42.7266,41.26061,-59.39697,PM*,G,5457.57861091271,59.39697201989424,3.2283357865705907e-07
HD 9224, ,1,31,19.5,+,29,24,47,133,-33,7.327,0.395,2.614,0.02,3.77,0.11,43,4.07,0.6,4.6,3.1,7.5,1.13,1.07,1.2,14.6,0.2,0.1,2,1003,0.964,1,180,-87,2,23.2,0.9,-33,-22,-17,8.025,-0.023,6.82,8.28,0.1,0.14,22.83125,29.413055555555555,-24.594791,26.374685,-23.41948,PM*,G,5888.43655355589,36.06283063186951,6.998076736285392e-07
HD 9280, ,1,31,13.9,-,10,53,47,155,-71,8.035,0.456,0.0,0.0,3.736,0.12,58,4.23,1.22,11.2,9.6,13.0,1.02,0.98,1.05,41.6,0.2,0.3,2,1199,0.365,2,20,36,2,17.3,1.0,-22,11,-35,8.017,-0.055,7.93,9.27,0.08,0.51,22.807916666666664,-10.896388888888888,-17.113766,7.9802814,-54.840076,*,G,5445.026528424214,18.882952044792727,8.729285552249458e-07
HD 9351, ,1,31,1.5,-,51,12,55,288,-65,7.761,0.397,2.61,0.024,3.772,0.02,86,2.98,1.72,2.8,2.4,4.2,1.4,1.28,1.47,21.7,0.2,0.3,3,1980,0.317,4,135,-71,1,11.6,0.8,-23,-62,0,7.988,-0.078,4.97,8.02,0.23,0.13,22.75625,-51.21527777777778,11.23128,-34.56631,-77.94247,PM*,G,5915.616341754737,36.34517075836211,1.5523108761915437e-07
HD 9472, ,1,33,19.0,+,23,58,32,135,-38,7.643,0.413,2.592,0.0,3.748,-0.12,33,5.04,0.33,0.0,0.0,0.0,0.89,0.84,0.98,10.9,0.2,0.1,3,2673,0.894,4,0,28,1,30.1,0.9,-7,9,-3,8.019,-0.02,8.01,8.94,0.05,0.06,23.329166666666666,23.975555555555555,-18.387856,18.387856,-20.31683,*,G,5597.576014951104,26.00435533816349,2.6728753163232114e-06
HD 9562, ,1,33,42.8,-,7,1,31,151,-68,5.759,0.398,2.591,0.002,3.761,0.12,30,3.4,1.48,4.9,4.5,5.3,1.24,1.18,1.34,-15.3,0.1,0.3,13,2614,0.224,4,177,-82,1,33.7,0.7,-8,-27,14,8.01,-0.027,6.77,8.01,0.08,0.33,23.42833333333333,-7.025277777777777,-9.829151,5.4483867,-27.815514,PM*,G,5767.664633922509,11.238199456031108,2.773184092623894e-07
HD 9578, ,1,33,17.1,-,38,14,42,267,-76,8.205,0.376,2.618,0.011,3.768,-0.04,57,4.42,0.42,6.5,2.5,10.0,1.03,0.97,1.1,-3.9,0.2,0.3,3,1536,0.358,2,-31,-38,2,17.5,0.9,13,-2,4,8.001,-0.055,7.57,8.73,0.07,0.19,23.32125,-38.245,-0.72169155,-13.770651,-55.306858,*,G,5861.3816451402845,13.789549218779504,1.1349551513000262e-06
HD 9608, ,1,33,16.1,-,47,18,21,284,-68,8.196,0.369,2.598,0.007,3.766,-0.45,56,4.46,0.78,9.5,5.6,14.4,0.92,0.85,0.99,18.6,0.2,0.3,4,3331,0.552,3,-51,208,1,17.9,1.0,-22,41,-37,7.995,-0.052,7.96,11.56,0.18,0.65,23.317083333333333,-47.30583333333333,5.075032,-20.354837,-51.922295,PM*,G,5834.451042737448,20.97797271181353,1.1994404760661065e-06
HD 9986, ,1,37,40.8,+,12,4,42,140,-49,6.771,0.407,2.608,0.017,3.754,0.01,26,4.72,0.41,9.1,3.5,13.8,0.96,0.9,1.04,-21.5,0.2,0.3,3,1881,0.407,1,122,6,1,38.9,0.8,-1,-18,19,8.013,-0.019,7.26,8.08,0.05,0.44,24.42,12.078333333333331,-13.06683,10.964373,-19.62245,PM*,G,5675.446054085472,17.057535623061995,1.7178241357207713e-06
HD 10002,*,1,37,8.6,-,29,23,35,228,-80,8.13,0.502,0.0,0.0,3.714,0.25,34,5.49,0.36,0.0,0.0,0.0,0.94,0.85,0.97,11.0,0.5,0.7,2,823,0.023,2,287,-70,2,29.7,1.1,-30,-38,-3,8.004,-0.033,6.06,8.12,0.14,0.08,24.285833333333333,-29.39305555555556,-3.9505742,-4.3875556,-33.483463,PM*,G,5176.068319505676,5.904039350546116,4.977126744429156e-06
HD 10086, ,1,39,36.0,+,45,52,39,132,-16,6.617,0.419,0.0,0.0,3.749,0.1,21,4.96,0.21,6.2,0.0,13.4,0.98,0.91,1.05,1.8,0.1,0.3,17,2896,0.525,2,216,-228,2,46.7,0.8,-17,-20,-18,8.014,-0.006,7.12,8.05,0.06,0.16,24.899999999999995,45.8775,-13.507403,15.001488,-5.7883844,PM*,G,5610.479760324706,20.186494941384773,2.3931983809430355e-06
HD 10126, ,1,39,35.9,+,28,6,39,136,-34,7.739,0.446,2.58,0.0,3.734,-0.01,34,5.08,0.5,0.0,8.9,0.0,0.88,0.86,0.93,55.8,0.2,0.2,3,1823,0.57,1,501,147,2,29.4,0.9,-101,-4,3,8.02,-0.019,6.27,10.84,0.27,0.19,24.89958333333333,28.110833333333336,-20.27623,19.580532,-19.012558,PM*,G,5420.008904016238,28.18727969166099,2.8247414342353697e-06
HD 10145, ,1,41,37.7,+,66,54,35,128,5,7.713,0.421,2.586,0.0,3.746,0.02,37,4.89,0.41,11.0,3.6,0.0,0.91,0.87,1.0,17.5,0.2,0.2,2,351,0.616,1,694,-266,1,27.3,1.0,-112,-63,-20,8.022,0.003,4.34,9.69,0.38,0.22,25.40708333333333,66.90972222222223,-22.692793,29.04545,3.2247622,PM*,G,5571.857489319298,36.85920536098614,2.172594623009279e-06
HD 10180, ,1,37,53.5,-,60,30,41,293,-56,7.33,0.396,2.587,-0.008,3.758,-0.09,39,4.35,0.77,9.3,6.4,13.8,0.98,0.94,1.04,35.2,0.1,0.3,5,3334,0.35,3,-15,7,2,25.4,0.6,9,-15,-31,7.991,-0.033,7.2,8.24,0.07,0.38,24.472916666666663,-60.51138888888889,8.521271,-20.07485,-32.332466,*,G,5727.960309858292,21.808522691322793,1.0303355871816525e-06
HD 10226, ,1,39,54.6,-,9,58,20,159,-69,7.856,0.384,2.604,0.003,3.765,0.02,47,4.49,0.37,6.4,1.8,10.2,1.03,0.97,1.1,12.9,0.2,0.1,2,766,0.927,5,240,92,2,21.2,1.0,-57,-15,5,8.015,-0.044,6.72,8.98,0.14,0.2,24.9775,-9.972222222222223,-15.72457,6.036096,-43.87828,PM*,G,5821.032177708716,16.843294113863713,1.2501977137235027e-06
HD 10318, ,1,40,35.6,-,16,17,33,172,-74,8.096,0.398,2.592,-0.003,3.758,-0.07,62,4.13,0.97,9.8,7.3,11.8,1.02,0.98,1.06,11.3,0.2,0.1,2,1418,0.677,3,66,-115,2,16.1,1.0,2,-38,-14,8.017,-0.06,6.13,8.06,0.14,0.12,25.148333333333326,-16.2925,-16.923204,2.3784027,-59.598225,PM*,G,5727.960309858292,17.089518221090472,7.602889882338923e-07
HD 10366, ,1,41,23.7,+,6,2,45,145,-55,7.953,0.458,0.0,0.0,3.731,0.1,34,5.3,0.27,0.0,0.0,0.0,0.9,0.85,0.97,-0.9,0.2,0.1,2,359,0.654,2,37,-98,2,0.0,0.0,3,-15,-7,8.016,-0.028,7.29,8.14,0.06,0.03,25.34875,6.045833333333333,-15.974773,11.185658,-27.85117,PM*,G,5382.697825162882,19.5015978138842,3.82805968430505e-06
HD 10370, ,1,40,36.4,-,36,29,1,258,-76,7.925,0.422,2.573,0.0,3.744,-0.09,35,5.18,0.25,0.0,0.0,0.0,0.88,0.84,0.98,42.8,0.2,0.3,3,1535,0.432,4,91,-156,1,28.3,0.9,2,-39,-35,8.002,-0.034,6.12,8.05,0.14,0.48,25.151666666666664,-36.48361111111111,-1.7604455,-8.282236,-33.96035,PM*,G,5546.25712957911,8.46726647260887,3.2432371075096336e-06
HD 10697, ,1,44,55.8,+,20,4,59,140,-41,6.283,0.44,2.594,0.0,3.741,0.08,33,3.72,1.65,7.1,6.4,7.9,1.13,1.09,1.23,-46.6,0.1,0.3,17,2893,0.397,1,-44,-106,1,30.7,0.8,37,-29,17,8.019,-0.021,6.22,8.72,0.17,0.42,26.2325,20.08305555555556,-19.078655,16.008894,-21.649948,PM*,G,5508.076964054036,24.905416352919318,4.3149791382366836e-07
HD 10718, ,1,44,22.3,-,20,35,46,187,-76,8.116,0.397,2.603,0.012,3.757,-0.1,58,4.31,0.84,10.6,7.1,13.4,0.98,0.94,1.04,3.6,0.2,0.4,6,3660,0.192,3,-47,-307,2,17.3,1.1,60,-58,-18,8.014,-0.056,4.78,8.87,0.3,0.19,26.092916666666664,-20.59611111111111,-13.926882,-1.7100043,-56.277153,PM*,G,5714.786366718672,14.03147023472389,9.74941821268923e-07
HD 10757, ,1,46,47.1,+,59,9,22,130,-3,7.372,0.377,0.0,0.0,3.768,-0.11,70,3.15,1.75,4.4,3.9,5.2,1.22,1.17,1.31,-22.4,0.2,0.2,2,357,0.57,3,-68,-52,1,14.3,1.0,29,-6,-20,8.045,-0.004,7.16,9.05,0.12,0.21,26.69625,59.15611111111111,-44.93347,53.54962,-3.6635172,PM*,G,5861.3816451402845,69.90406660835477,1.963263987694239e-07
HD 11045, ,1,49,16.1,+,35,26,25,136,-26,8.142,0.39,2.589,0.009,3.756,-0.46,58,4.33,1.14,13.5,10.5,16.6,0.86,0.83,0.94,30.6,0.2,0.3,6,1159,0.617,2,52,-98,1,17.3,1.1,-27,-2,-34,8.037,-0.025,7.73,8.61,0.05,0.45,27.31708333333333,35.44027777777777,-37.499218,36.21258,-25.425528,PM*,G,5701.642722807472,52.13005180189182,1.0022560819895619e-06
HD 11170, ,1,49,55.9,+,7,13,24,147,-53,7.426,0.387,2.638,0.048,3.795,0.37,91,2.43,1.51,1.5,1.3,1.8,1.61,1.55,1.69,-11.6,0.6,0.8,2,611,0.082,11,-18,-61,2,11.0,1.0,23,-18,-7,8.046,-0.072,6.88,8.58,0.11,0.08,27.482916666666664,7.223333333333334,-45.92993,29.827246,-72.675835,PM*,G,6237.348354824191,54.76516295738939,7.260703469971069e-08
HD 11505, ,1,53,6.1,-,1,19,36,155,-60,7.424,0.402,2.591,0.008,3.752,-0.27,38,4.55,0.86,14.2,10.0,0.0,0.88,0.85,0.95,-16.7,0.1,0.2,8,5118,0.85,3,-187,-351,1,26.6,1.1,63,-30,-21,8.017,-0.033,5.79,9.4,0.24,0.24,28.27541666666666,-1.3266666666666669,-17.219845,8.029747,-32.908966,PM*,G,5649.369748123023,18.99999733442176,1.3582468307766884e-06
HD 11616, ,1,54,11.9,+,9,57,2,147,-50,7.791,0.397,2.617,0.031,3.775,0.08,80,3.14,1.43,2.9,2.5,4.5,1.36,1.27,1.44,35.4,0.2,0.1,2,635,0.722,3,68,-72,1,12.5,1.2,-27,-23,-37,8.043,-0.061,6.92,8.2,0.08,0.52,28.549583333333327,9.950555555555557,-43.12696,28.006977,-61.283554,PM*,G,5956.621435290103,51.42300496392765,1.9363269959413497e-07
HD 11648, ,1,55,47.4,+,55,34,32,132,-6,7.965,0.382,0.0,0.0,3.766,-0.08,71,3.71,1.21,6.8,5.1,8.7,1.09,1.01,1.15,3.6,0.3,0.4,2,351,0.248,5,54,-66,2,0.0,0.0,-18,-14,-17,8.047,-0.008,7.44,8.11,0.04,0.15,28.947499999999994,55.57555555555556,-47.248024,52.474236,-7.421521,PM*,G,5834.451042737448,70.61105590265784,4.2557754049694857e-07
HD 11850, ,1,56,47.2,+,23,3,4,142,-37,7.861,0.431,2.569,0.0,3.741,0.02,33,5.25,0.16,3.9,0.0,17.4,0.92,0.85,0.99,1.5,0.2,0.3,2,353,0.312,5,-84,-18,1,30.0,0.9,10,7,-6,8.021,-0.02,7.81,9.1,0.08,0.03,29.196666666666665,23.051111111111112,-20.768003,16.225742,-19.859894,PM*,G,5508.076964054036,26.35497395291016,3.572553164085265e-06
HD 12039, ,1,57,48.9,-,21,54,5,197,-74,8.086,0.423,2.582,0.0,3.741,-0.25,42,4.95,0.68,0.0,11.7,0.0,0.86,0.83,0.9,5.7,0.3,0.7,4,2593,0.045,15,103,-48,2,23.6,1.0,-11,-21,-2,8.011,-0.041,7.07,8.01,0.06,0.09,29.45375,-21.90138888888889,-11.070922,-3.3847213,-40.37299,PM*,G,5508.076964054036,11.576772097988181,2.360362468169936e-06
HD 12235, ,2,0,9.1,+,3,5,49,154,-56,5.881,0.385,2.621,0.017,3.769,0.17,31,3.42,1.22,4.8,2.9,5.3,1.34,1.31,1.36,-18.5,0.1,0.4,12,2967,0.187,5,232,-254,1,32.2,1.0,2,-54,6,8.016,-0.026,5.37,8.05,0.2,0.19,30.037916666666664,3.0969444444444445,-15.580577,7.5991545,-25.700167,PM*,G,5874.893525297769,17.334979918298124,2.8508784449224386e-07
HD 12264, ,2,0,5.3,-,13,32,46,176,-69,7.993,0.405,2.585,-0.003,3.752,-0.08,44,4.78,0.47,10.8,4.4,16.4,0.92,0.87,1.0,19.1,0.1,0.3,6,3214,0.44,3,50,-21,2,22.8,1.2,-12,-9,-16,8.016,-0.041,7.76,8.03,0.02,0.14,30.022083333333327,-13.546111111111111,-15.729781,1.0999333,-41.077538,PM*,G,5649.369748123023,15.768191512421767,1.8662881579148912e-06
HD 12387, ,2,0,32.1,-,40,43,52,261,-70,7.378,0.408,2.586,0.007,3.749,-0.23,35,4.65,0.79,14.5,10.2,0.0,0.88,0.85,0.93,-26.7,0.2,0.3,5,3517,0.286,2,441,-431,1,28.5,0.8,-3,-89,58,8.002,-0.033,4.08,8.01,0.33,1.39,30.133749999999992,-40.73111111111111,-1.8726313,-11.823325,-32.88924,PM*,G,5610.479760324706,11.970704325200112,1.559476017642916e-06
HD 12536, ,2,3,1.7,+,3,21,31,155,-55,6.881,0.42,2.581,0.0,3.748,-0.1,49,3.45,1.91,5.9,4.9,7.0,1.15,1.1,1.21,12.4,0.3,0.5,3,1395,0.133,3,219,142,2,20.6,1.1,-58,-5,20,8.025,-0.04,7.03,9.36,0.14,0.51,30.757083333333327,3.358611111111111,-25.472002,11.877792,-40.13845,PM*,G,5597.576014951104,28.10524557237079,2.971520292224332e-07
HD 12808, ,2,4,24.5,-,43,30,27,266,-68,7.815,0.379,2.624,0.027,3.781,0.02,67,3.58,0.9,3.5,2.9,5.2,1.23,1.13,1.29,-13.5,0.2,0.2,3,772,0.592,5,53,-5,1,15.0,0.8,-10,-7,18,8.002,-0.062,7.96,8.0,0.0,0.4,31.102083333333336,-43.5075,-1.7507945,-25.037504,-62.121315,PM*,G,6039.4862937638,25.098643149207213,3.5561387733068084e-07
HD 12846, ,2,6,30.2,+,24,20,2,144,-35,6.896,0.407,2.584,0.005,3.749,-0.23,23,5.07,0.37,0.0,0.0,0.0,0.87,0.83,0.96,-5.1,0.2,0.2,3,3280,0.573,2,7,-148,1,43.1,0.9,7,-13,-9,8.015,-0.013,7.35,8.25,0.06,0.03,31.62583333333333,24.33388888888889,-15.242283,11.074166,-13.192259,PM*,G,5610.479760324706,18.840497436311097,2.7859845287988294e-06
HD 13127, ,2,9,38.7,+,44,40,18,137,-16,8.061,0.332,0.0,0.0,3.789,-0.31,123,2.6,2.0,2.6,2.1,3.9,1.39,1.26,1.47,9.1,0.3,0.1,2,604,0.872,6,134,-48,2,8.1,1.0,-62,-56,-5,8.087,-0.034,5.08,8.61,0.26,0.05,32.411249999999995,44.67166666666667,-86.47175,80.6362,-33.903397,PM*,G,6151.7687270986835,118.23519060965944,9.18287558668231e-08
HD 13345, ,2,10,32.3,+,6,5,55,156,-52,7.376,0.358,2.639,0.022,3.792,0.2,59,3.43,0.64,2.7,1.7,3.7,1.31,1.25,1.38,22.4,0.3,0.1,2,364,0.705,7,107,9,2,0.0,0.0,-35,-12,-7,8.033,-0.046,7.25,8.48,0.08,0.05,32.63458333333333,6.098611111111111,-33.18365,14.774311,-46.492638,PM*,G,6194.410750767812,36.324026385399804,2.89053811465814e-07
HD 13421, ,2,11,21.0,+,8,34,11,154,-49,5.633,0.358,2.624,0.008,3.78,-0.03,43,2.49,2.06,2.1,1.9,2.3,1.55,1.49,1.59,-18.9,0.2,0.5,5,2272,0.08,10,-142,-114,1,23.5,0.9,40,-3,-8,8.025,-0.032,7.0,9.47,0.15,0.04,32.83749999999999,8.569722222222222,-25.355465,12.366686,-32.452515,PM*,G,6025.595860743575,28.21053930694734,7.888214295261906e-08
HD 13545, ,2,12,29.6,+,16,42,2,149,-42,8.177,0.386,2.619,0.038,3.782,-0.13,85,3.37,1.23,4.6,2.8,6.1,1.16,1.09,1.25,25.0,0.2,0.2,3,2571,0.791,5,-23,-50,2,7.8,1.1,-3,2,-33,8.054,-0.057,8.0,8.63,0.04,0.45,33.123333333333335,16.700555555555553,-54.14495,32.53357,-56.876102,PM*,G,6053.408747539136,63.167307900902344,2.6605945697733073e-07
HD 13724, ,2,12,20.6,-,46,48,59,269,-65,7.887,0.419,2.599,0.0,3.749,0.03,43,4.7,0.53,10.5,5.8,15.1,0.95,0.89,1.02,20.3,0.2,0.3,4,3656,0.47,4,-29,-67,1,23.0,0.8,13,-13,-17,8.0,-0.039,7.18,8.38,0.08,0.15,33.08583333333333,-46.81638888888889,-0.31715336,-18.169819,-38.971233,PM*,G,5610.479760324706,18.172586737900588,1.6710086589594444e-06
HD 13825, ,2,15,24.4,+,24,16,16,146,-35,6.803,0.434,2.601,0.0,3.743,0.15,26,4.7,0.57,11.1,7.0,15.1,0.95,0.91,1.05,-2.5,0.1,0.2,9,4991,0.955,2,459,-195,1,37.9,1.0,-33,-53,1,8.018,-0.015,5.34,8.13,0.21,0.13,33.85166666666666,24.27111111111111,-17.656801,11.909666,-14.912988,PM*,G,5533.501092157366,21.29795215003445,1.6710086589594444e-06
HD 13836, ,2,15,27.3,+,27,21,26,145,-32,8.121,0.437,2.58,0.0,3.739,0.04,37,5.27,0.17,0.0,0.0,0.0,0.92,0.85,0.99,0.8,0.2,0.2,3,1918,0.69,1,287,-139,1,26.9,1.1,-31,-47,-3,8.026,-0.02,5.66,8.13,0.18,0.06,33.86375,27.357222222222223,-25.70317,17.997557,-19.607014,PM*,G,5482.769649208536,31.377778857292448,3.672642878602949e-06
HD 13931, ,2,16,47.3,+,43,46,22,139,-16,7.627,0.399,0.0,0.0,3.757,-0.05,45,4.34,0.77,9.9,6.4,13.3,0.99,0.95,1.05,30.3,0.2,0.1,2,403,0.691,2,99,-184,1,22.0,1.0,-37,-12,-37,8.033,-0.013,7.24,8.59,0.09,0.54,34.197083333333325,43.772777777777776,-32.646305,28.378996,-12.403681,PM*,G,5714.786366718672,43.25677570186018,1.0161988529530514e-06
HD 13942, ,2,16,31.6,+,35,26,57,142,-24,7.947,0.462,0.0,0.0,3.731,0.13,34,5.29,0.26,0.0,0.0,0.0,0.91,0.86,0.98,-11.9,0.2,0.2,2,361,0.495,3,30,15,1,0.0,0.0,5,-9,8,8.024,-0.014,7.57,8.31,0.05,0.24,34.13166666666667,35.44916666666666,-24.476044,19.122782,-13.829046,*,G,5382.697825162882,31.060546056202234,3.7755367364019577e-06
HD 13992, ,2,15,11.3,-,35,7,3,242,-70,8.256,0.357,2.628,0.02,3.785,-0.17,67,4.05,0.52,4.5,2.3,6.8,1.08,1.03,1.15,56.2,0.3,0.3,2,1444,0.441,7,190,4,2,15.0,1.1,-52,-54,-34,8.01,-0.063,5.2,8.36,0.23,0.47,33.79708333333333,-35.1175,-10.758107,-20.233053,-62.959404,PM*,G,6095.368972401694,22.915350748444983,6.80735971699978e-07
HD 14398, ,2,17,40.4,-,56,15,5,281,-57,8.103,0.4,2.607,0.014,3.757,-0.03,60,4.2,0.89,10.1,6.9,12.1,1.02,0.97,1.06,-31.0,0.3,0.5,4,3656,0.063,2,30,-133,2,16.6,0.8,18,-10,45,7.994,-0.051,7.29,8.73,0.09,1.13,34.41833333333332,-56.25138888888889,6.235318,-32.077953,-50.320232,PM*,G,5714.786366718672,32.678345417590116,8.37488207151103e-07
HD 14412, ,2,18,58.5,-,25,56,44,214,-70,6.347,0.442,2.555,0.0,3.728,-0.48,13,5.83,0.21,0.0,0.0,0.0,0.79,0.74,0.84,7.2,0.2,0.1,4,3659,0.966,3,-218,445,1,78.9,0.7,-11,27,-9,8.004,-0.012,8.0,10.28,0.12,0.03,34.74374999999999,-25.945555555555558,-3.6861181,-2.4863183,-12.216004,PM*,G,5345.643593969719,4.446261950904659,7.961203043484434e-06
HD 14651, ,2,22,0.8,+,4,44,48,161,-51,8.262,0.449,2.551,0.0,3.734,0.04,40,5.27,0.28,0.0,0.0,0.0,0.89,0.85,0.97,53.1,0.2,0.1,2,435,0.718,2,-21,80,1,25.2,1.2,-35,24,-35,8.023,-0.031,7.86,10.42,0.14,0.55,35.50333333333333,4.746666666666667,-23.801365,8.195466,-31.085838,PM*,G,5420.008904016238,25.172815472655834,3.672642878602949e-06
HD 14747, ,2,19,33.7,-,67,41,54,291,-47,8.122,0.425,2.569,0.0,3.739,-0.35,38,5.2,0.54,0.0,6.7,0.0,0.83,0.8,0.89,60.5,0.2,0.2,4,3511,0.867,4,102,-310,2,26.0,0.7,40,-74,-7,7.991,-0.028,4.28,8.37,0.32,0.03,34.89041666666666,-67.69833333333334,9.2874365,-24.19461,-27.791441,PM*,G,5482.769649208536,25.915933897770927,3.3341006052084653e-06
HD 14868, ,2,23,11.1,-,29,2,12,224,-70,8.262,0.389,2.598,0.005,3.76,-0.17,52,4.67,0.47,9.5,3.9,14.4,0.95,0.88,1.02,28.8,0.3,0.5,3,1335,0.112,3,157,100,3,19.1,1.0,-51,-14,-13,8.013,-0.049,6.84,8.82,0.13,0.11,35.79625,-29.03666666666667,-12.793492,-12.354532,-48.864017,PM*,G,5754.399373371566,17.78504704781767,1.6031667626742862e-06
HD 15069, ,2,28,20.7,+,62,13,8,134,1,7.792,0.408,0.0,0.0,3.752,-0.09,56,4.04,1.22,10.0,8.5,11.6,1.02,0.98,1.06,-62.3,0.2,0.1,2,353,0.811,2,174,46,3,17.8,0.9,16,-72,27,8.039,0.001,4.55,8.15,0.28,0.63,37.08625,62.21888888888889,-38.89494,40.276897,0.97733474,PM*,G,5649.369748123023,55.991470685741135,6.713959240189154e-07
HD 15095, ,2,26,11.0,+,10,38,16,157,-46,7.326,0.366,2.613,0.009,3.768,-0.3,34,4.67,0.4,7.4,0.0,12.8,0.95,0.88,1.02,-0.9,0.2,0.1,2,360,0.757,1,84,-257,2,0.0,0.0,7,-38,-19,8.022,-0.024,6.08,8.11,0.14,0.18,36.54583333333333,10.637777777777778,-21.740839,9.228439,-24.457552,PM*,G,5861.3816451402845,23.618386202292527,1.6031667626742862e-06
HD 15335, ,2,28,48.4,+,29,55,54,147,-28,5.895,0.384,2.595,0.004,3.761,-0.32,31,3.45,1.8,6.5,5.9,7.2,1.1,1.06,1.14,40.8,0.1,0.3,17,2935,0.692,4,-65,73,2,32.5,0.8,-25,32,-14,8.023,-0.015,7.97,10.77,0.15,0.12,37.20166666666667,29.93166666666667,-22.955564,14.907519,-14.553618,PM*,G,5767.664633922509,27.371372660015737,2.971520292224332e-07
HD 15397, ,2,30,14.0,+,48,30,5,139,-11,7.997,0.369,0.0,0.0,3.773,0.01,76,3.6,1.08,5.5,3.1,6.8,1.15,1.09,1.25,-0.2,0.3,0.1,2,604,0.775,6,40,-14,1,13.2,1.1,-10,-12,1,8.056,-0.015,7.66,8.06,0.03,0.12,37.55833333333333,48.50138888888889,-56.304108,48.944405,-14.501484,*,G,5929.2532458,74.60366853231608,3.655768617358884e-07
HD 15451, ,2,30,39.2,+,43,40,44,141,-16,7.736,0.405,2.583,0.012,3.749,-0.57,76,3.32,2.36,6.7,5.4,8.1,1.05,1.0,1.1,-33.7,0.3,0.3,2,349,0.511,6,19,53,1,13.1,1.0,22,-16,29,8.057,-0.021,7.04,8.65,0.1,0.68,37.66333333333333,43.678888888888885,-56.775078,45.975567,-20.948439,PM*,G,5610.479760324706,73.0558843822835,2.483011324918055e-07
HD 15590, ,2,29,11.9,-,42,4,31,256,-65,7.989,0.418,2.618,0.045,3.776,0.3,88,3.08,1.27,2.8,2.0,5.6,1.42,1.38,1.46,36.9,0.2,0.1,2,1379,0.965,4,101,-53,1,11.4,0.8,-15,-56,-14,8.009,-0.08,5.24,8.01,0.21,0.12,37.29958333333333,-42.07527777777778,-8.997175,-36.085693,-79.75508,PM*,G,5970.352865838366,37.1904073286496,1.7822913541883197e-07
HD 15632, ,2,31,24.1,+,22,5,14,152,-35,8.035,0.414,2.609,0.0,3.749,-0.04,42,4.93,0.35,0.0,0.0,0.0,0.92,0.86,1.01,4.6,0.2,0.2,2,404,0.574,1,146,61,1,23.9,1.1,-25,-9,17,8.03,-0.024,7.57,8.31,0.05,0.4,37.85041666666666,22.08722222222222,-30.377268,16.15188,-24.09021,PM*,G,5610.479760324706,34.40438400376068,2.296036038019654e-06
HD 15830, ,2,34,10.6,+,42,47,6,142,-16,7.586,0.43,2.584,0.0,3.741,-0.12,31,5.15,0.37,13.4,1.0,0.0,0.87,0.84,0.95,16.4,0.2,0.2,4,2608,0.891,1,406,-194,2,32.6,1.0,-52,-42,-7,8.023,-0.009,5.68,8.45,0.2,0.01,38.54416666666666,42.785,-23.482021,18.346167,-8.544758,PM*,G,5508.076964054036,29.7991133062098,3.1115637291006563e-06
HD 16065, ,2,33,55.7,-,32,11,50,232,-67,8.123,0.387,2.625,0.03,3.78,0.13,81,3.46,0.95,3.1,2.6,3.7,1.3,1.23,1.36,14.7,0.2,0.1,2,769,0.794,4,94,70,2,12.4,1.1,-46,-10,-1,8.019,-0.074,7.09,8.83,0.11,0.13,38.48208333333333,-32.197222222222216,-19.485212,-24.939932,-74.56089,PM*,G,6025.595860743575,31.649228977173646,3.0128582572338447e-07
HD 16141, ,2,35,19.9,-,3,33,38,174,-56,6.829,0.428,2.594,0.0,3.743,-0.16,36,4.06,1.45,11.2,9.7,12.9,0.97,0.94,1.03,-51.2,0.1,0.4,10,2968,0.1,3,-155,-438,1,27.9,1.4,84,-42,0,8.02,-0.03,5.1,9.79,0.31,0.13,38.83291666666666,-3.5605555555555557,-20.020664,2.104257,-29.845354,PM*,G,5533.501092157366,20.130943458341566,6.902059523871276e-07
HD 16175, ,2,37,1.9,+,42,3,45,143,-17,7.282,0.407,0.0,0.0,3.758,0.05,60,3.4,1.61,5.2,4.4,6.0,1.19,1.15,1.27,21.4,0.3,0.5,2,1892,0.19,5,-38,-39,2,16.7,1.0,-10,14,-20,8.046,-0.017,8.05,9.36,0.08,0.21,39.25791666666666,42.0625,-45.82433,34.531116,-17.542301,PM*,G,5727.960309858292,57.37828153713176,2.773184092623894e-07
HD 16252, ,2,35,56.7,-,17,37,57,197,-64,6.935,0.43,2.584,0.009,3.742,-0.2,64,2.91,2.66,3.2,2.7,3.7,1.28,1.25,1.33,3.3,0.2,0.1,3,2598,0.837,2,-34,-12,2,15.7,0.8,7,4,-8,8.027,-0.057,7.81,8.85,0.06,0.06,38.98625,-17.6325,-26.829851,-8.202711,-57.52282,*,G,5520.774392807573,28.05575471149764,1.4092196826255733e-07
HD 16358, ,2,36,47.7,-,25,1,25,214,-66,7.703,0.379,2.599,-0.009,3.766,-0.14,63,3.7,1.28,7.2,6.0,8.4,1.09,1.04,1.14,2.3,0.2,0.2,3,3372,0.561,3,-74,-70,2,15.8,0.9,28,-1,-12,8.021,-0.058,7.3,9.18,0.11,0.1,39.19875,-25.02361111111111,-21.243595,-14.328988,-57.553368,PM*,G,5834.451042737448,25.62440683465998,4.1973839773752496e-07
HD 16417, ,2,36,58.6,-,34,34,40,238,-66,5.778,0.413,2.596,0.0,3.752,-0.01,26,3.74,1.45,7.6,6.9,8.3,1.1,1.07,1.14,10.6,0.2,0.3,3,2205,0.327,2,-17,-261,1,39.2,0.6,22,-24,-9,8.005,-0.023,6.61,8.42,0.12,0.03,39.244166666666665,-34.57777777777778,-5.6039777,-8.968236,-23.752182,PM*,G,5649.369748123023,10.575151205244929,4.435868880183037e-07
HD 16688, ,2,39,54.0,-,23,55,47,212,-65,8.156,0.4,2.628,0.043,3.782,0.27,81,3.42,0.82,3.2,2.0,5.7,1.33,1.28,1.39,14.3,0.2,0.2,2,768,0.484,2,53,11,2,12.3,1.1,-21,-13,-4,8.029,-0.074,7.45,8.15,0.05,0.09,39.975,-23.929722222222225,-29.030449,-18.140238,-73.41093,PM*,G,6053.408747539136,34.23207857899145,2.8508784449224386e-07
HD 16894, ,2,45,11.7,+,61,23,10,136,1,8.06,0.483,0.0,0.0,3.716,-0.34,26,5.99,0.19,0.0,0.0,0.0,0.78,0.75,0.83,7.5,0.2,0.1,2,354,0.788,1,-18,-20,3,0.0,0.0,-5,6,-3,8.019,0.001,8.0,8.77,0.05,0.06,41.29874999999999,61.38611111111111,-18.699986,18.058369,0.45376256,*,G,5199.959965335162,25.996041378262902,9.930673429983232e-06
HD 17338, ,2,46,47.1,-,5,49,45,180,-55,8.191,0.348,2.622,0.01,3.779,-0.36,62,4.23,0.64,6.4,3.4,9.1,1.0,0.95,1.07,-1.2,0.5,0.7,2,1137,0.048,4,46,74,2,16.1,1.3,-19,7,15,8.035,-0.051,7.98,8.97,0.06,0.39,41.69624999999999,-5.829166666666667,-35.56174,-3.1089062e-06,-50.787426,PM*,G,6011.737374832779,35.561740000000135,8.729285552249458e-07
HD 17499, ,2,48,46.8,+,14,36,49,161,-39,8.197,0.339,2.633,0.017,3.783,-0.41,68,4.03,0.79,5.6,3.7,8.0,1.03,0.97,1.09,30.1,0.4,0.0,1,0,0.0,4,59,-6,1,14.7,1.0,-33,-6,-12,8.05,-0.043,7.5,8.6,0.07,0.08,42.19499999999999,14.61361111111111,-49.96681,17.204948,-42.793785,PM*,G,6067.363295885053,52.84593018633322,6.621840265962693e-07
HD 17591, ,2,52,22.8,+,63,24,35,136,4,6.795,0.36,0.0,0.0,3.773,-0.15,30,4.39,0.43,6.7,2.8,9.6,1.02,0.96,1.08,-10.1,0.2,0.2,4,1841,0.927,8,179,-113,2,33.0,0.7,-14,-29,-4,8.022,0.002,6.65,8.03,0.09,0.05,43.095,63.40972222222222,-21.527624,20.78899,2.092694,PM*,G,5929.2532458,29.92692266681417,1.088876688899508e-06
HD 17605, ,2,50,35.2,+,36,56,53,148,-20,6.446,0.388,0.0,0.0,3.765,0.01,61,2.53,2.34,2.7,2.2,3.0,1.53,1.38,1.59,-2.9,0.2,0.1,2,636,0.802,5,-11,-129,2,16.5,0.9,4,-20,-31,8.048,-0.021,7.09,8.17,0.07,0.39,42.64666666666667,36.94805555555556,-48.611176,30.375643,-20.863228,PM*,G,5821.032177708716,57.32125364789595,8.336402983662266e-08
HD 17674, ,2,51,4.2,+,30,17,12,152,-26,7.566,0.382,2.593,0.003,3.761,-0.29,47,4.2,1.03,11.4,9.3,13.6,0.98,0.91,1.02,10.4,0.2,0.3,3,653,0.398,3,129,-33,2,21.2,0.9,-25,-19,2,8.037,-0.021,7.09,8.17,0.07,0.14,42.7675,30.28666666666667,-37.298637,19.832039,-20.603445,PM*,G,5767.664633922509,42.24332009862968,8.37488207151103e-07
HD 17900, ,2,50,43.0,-,48,52,25,264,-58,8.174,0.384,2.609,0.013,3.763,-0.13,64,4.15,0.89,9.8,6.4,11.8,1.01,0.97,1.06,7.6,0.2,0.3,2,384,0.269,2,17,-56,2,15.7,0.7,10,-17,0,8.003,-0.054,7.11,8.26,0.07,0.12,42.67916666666667,-48.87361111111111,-3.5450609,-33.729046,-54.275078,PM*,G,5794.286964268809,33.91483452495124,7.81589471190529e-07
HD 18083, ,2,53,16.6,-,34,29,18,236,-63,8.118,0.37,2.629,0.024,3.782,0.0,57,4.22,0.26,3.7,0.0,6.3,1.11,1.05,1.17,13.8,0.2,0.1,2,771,0.984,6,158,88,2,17.4,0.8,-47,-18,6,8.015,-0.051,6.77,8.66,0.12,0.22,43.31916666666666,-34.48833333333334,-14.470492,-21.453388,-50.787373,PM*,G,6053.408747539136,25.877461146731687,8.609515264400525e-07
HD 18144, ,2,55,17.4,+,16,18,33,161,-37,7.409,0.452,0.0,0.0,3.732,0.03,26,5.32,0.27,0.0,0.0,0.0,0.87,0.84,0.97,-1.9,0.3,0.6,3,2775,0.037,1,204,-46,2,38.3,1.1,-12,-21,9,8.02,-0.016,7.07,8.02,0.06,0.25,43.8225,16.309166666666666,-19.633244,6.760267,-15.64719,PM*,G,5395.1062251512785,20.764524552101477,3.93530774566648e-06
HD 18709, ,2,58,59.0,-,43,44,53,254,-59,7.387,0.381,2.6,0.01,3.761,-0.34,39,4.44,0.83,11.9,7.2,15.6,0.93,0.85,0.99,28.5,0.2,0.2,3,3325,0.628,3,52,-166,1,25.7,0.7,14,-38,-15,8.005,-0.034,6.05,8.18,0.15,0.12,44.74583333333333,-43.74805555555556,-5.5365825,-19.308369,-33.429523,PM*,G,5767.664633922509,20.086484491305768,1.1667523931790261e-06
HD 18803, ,3,2,26.0,+,26,36,33,156,-28,6.619,0.43,2.588,0.0,3.744,0.13,21,4.99,0.27,7.9,0.0,15.7,1.01,0.9,1.05,9.5,0.1,0.4,33,4898,0.054,2,233,-168,1,47.2,0.9,-19,-23,-6,8.017,-0.01,6.92,8.06,0.08,0.02,45.60833333333332,26.609166666666667,-16.938868,7.5416684,-9.858903,PM*,G,5546.25712957911,18.5418988072145,2.4944723844527592e-06
HD 18836, ,3,1,20.1,-,17,13,48,201,-58,8.216,0.372,2.618,0.017,3.768,-0.29,87,3.52,1.55,6.8,5.4,8.5,1.08,1.01,1.14,35.1,0.2,0.3,2,626,0.404,6,-29,78,2,11.5,1.2,-31,25,-28,8.042,-0.074,7.92,10.36,0.13,0.4,45.33375,-17.229999999999997,-43.04084,-16.521828,-73.78018,PM*,G,5861.3816451402845,46.10297938709802,3.2732464109851e-07
HD 18916, ,3,4,24.9,+,50,1,56,144,-7,8.005,0.411,0.0,0.0,3.747,-0.22,36,5.24,0.24,0.0,0.0,0.0,0.87,0.82,0.96,-51.5,0.2,0.2,4,2268,0.77,1,-209,144,2,28.0,1.0,66,5,10,8.029,-0.005,6.73,10.71,0.23,0.31,46.10375,50.032222222222224,-28.907522,21.002544,-4.3872967,PM*,G,5584.701947368307,35.73166218709144,3.5235358970641673e-06
HD 18962, ,3,6,49.3,+,67,24,37,135,8,7.914,0.399,2.585,0.001,3.754,-0.41,90,3.14,2.34,5.1,4.0,6.3,1.16,1.06,1.25,-11.1,0.3,0.4,2,307,0.282,3,-33,-1,2,11.1,0.9,15,1,-9,8.064,0.012,7.65,8.98,0.08,0.03,46.705416666666665,67.41027777777778,-63.02027,63.02027,12.525579,*,G,5675.446054085472,89.12412053841429,1.9363269959413497e-07
HD 18993, ,3,4,59.7,+,46,35,5,146,-10,8.233,0.404,0.0,0.0,3.759,0.24,70,4.01,0.81,6.9,3.3,9.2,1.12,1.07,1.18,-20.0,0.2,0.3,4,748,0.567,2,36,-91,2,0.0,0.0,5,-34,-16,8.057,-0.013,6.34,8.13,0.12,0.13,46.24875,46.58472222222223,-57.150974,38.548832,-12.155373,PM*,G,5741.164622073275,68.93653804560321,6.441376735009708e-07
HD 19019, ,3,3,50.8,+,6,7,59,172,-44,6.924,0.357,2.621,0.008,3.774,-0.24,31,4.44,0.44,7.3,2.8,10.2,0.99,0.94,1.06,24.7,0.3,0.1,3,719,0.919,4,232,51,2,31.8,0.9,-40,-15,4,8.022,-0.022,7.02,8.55,0.1,0.17,45.96166666666666,6.133055555555555,-22.082516,3.103497,-21.53441,PM*,G,5942.921586155727,22.299533773585154,1.1667523931790261e-06
HD 19034, ,3,3,38.9,-,5,39,58,185,-52,8.083,0.423,2.567,0.0,3.739,-0.39,35,5.34,0.43,0.0,0.0,0.0,0.82,0.79,0.9,-20.5,0.1,0.2,14,2620,0.944,2,333,-264,2,28.3,1.2,5,-69,25,8.022,-0.028,4.69,8.06,0.26,0.59,45.91208333333333,-5.666111111111111,-21.466156,-1.8780468,-27.580378,PM*,G,5482.769649208536,21.548153359379228,4.045560500688487e-06
HD 19103, ,3,5,23.1,+,32,5,48,153,-23,8.062,0.341,0.0,0.0,3.785,-0.08,72,3.78,0.7,3.7,2.8,5.7,1.14,1.08,1.21,-16.9,0.4,0.5,2,2146,0.214,3,32,-17,2,13.9,1.1,8,-18,7,8.059,-0.028,7.13,8.26,0.07,0.22,46.34625,32.09666666666667,-59.052658,30.088839,-28.13264,*,G,6095.368972401694,66.27635060285746,4.6879039011534105e-07
HD 19256, ,3,8,25.7,+,57,0,46,141,-1,6.639,0.388,0.0,0.0,3.767,0.19,32,4.14,0.53,4.7,3.2,7.5,1.17,1.09,1.2,3.7,0.2,0.3,2,601,0.299,3,130,-108,1,31.6,0.8,-19,-17,-4,8.025,-0.001,7.26,8.08,0.05,0.04,47.10708333333333,57.01277777777778,-24.86488,20.13519,-0.558477,PM*,G,5847.900841444806,31.99512671877547,7.70865661620565e-07
HD 19423, ,3,4,54.9,-,57,9,58,274,-52,7.889,0.403,2.598,0.012,3.752,-0.23,53,4.27,1.11,13.1,10.9,15.0,0.94,0.91,0.98,23.5,0.2,0.2,3,2741,0.535,3,-34,-23,2,18.9,0.6,10,-11,-21,7.998,-0.042,7.34,8.36,0.07,0.21,46.22875,-57.16611111111111,2.276161,-32.55057,-41.764572,*,G,5649.369748123023,32.630055412500006,9.225261814543033e-07
HD 19467, ,3,7,18.5,-,13,45,42,197,-56,6.974,0.41,2.577,0.0,3.75,-0.13,31,4.49,0.85,13.4,9.0,17.2,0.93,0.88,0.98,6.3,0.1,0.4,15,3775,0.304,1,-8,-261,1,31.8,0.9,21,-29,-17,8.017,-0.026,6.41,8.36,0.13,0.15,46.82708333333333,-13.761666666666668,-16.577524,-5.068259,-25.700167,PM*,G,5623.413251903491,17.334980567097762,1.2501977137235027e-06
HD 19518, ,3,8,44.3,+,15,20,5,165,-36,7.862,0.401,2.594,0.008,3.754,-0.14,41,4.8,0.45,10.8,3.9,16.8,0.92,0.86,1.0,-27.5,0.1,0.3,7,2951,0.73,3,70,-195,1,24.4,1.0,25,-42,-1,8.032,-0.024,5.78,8.34,0.18,0.09,47.18458333333332,15.334722222222222,-32.039467,8.584952,-24.099195,PM*,G,5675.446054085472,33.16969771472742,1.9185746433369414e-06
HD 19632, ,3,8,52.4,-,24,53,15,217,-59,7.293,0.424,2.579,0.0,3.745,-0.03,30,4.89,0.47,12.8,5.6,0.0,0.9,0.87,0.97,40.6,0.2,0.3,4,1574,0.342,4,227,136,2,33.1,0.9,-49,-20,-16,8.012,-0.026,6.66,8.67,0.13,0.13,47.21833333333333,-24.8875,-12.339831,-9.298729,-25.71502,PM*,G,5559.042572704037,15.451142033002027,2.172594623009279e-06
HD 19638, ,3,9,56.3,+,6,42,17,173,-42,8.183,0.456,0.0,0.0,3.735,0.17,101,3.16,2.27,3.9,3.2,5.1,1.26,1.23,1.28,-0.4,0.4,0.6,2,1459,0.105,5,109,-57,3,9.9,1.1,-17,-55,12,8.074,-0.068,5.35,8.09,0.2,0.31,47.484583333333326,6.704722222222222,-74.49815,9.147219,-67.58219,PM*,G,5432.503314924331,75.05761766041113,1.990575710329982e-07
HD 19641, ,3,8,26.4,-,37,51,8,242,-59,8.262,0.407,2.603,0.02,3.762,0.01,52,4.59,0.35,7.1,1.4,11.2,1.01,0.95,1.08,50.7,0.2,0.2,5,3517,0.883,5,-22,115,2,19.2,0.8,-33,-1,-48,8.012,-0.045,7.63,8.87,0.07,0.81,47.10999999999999,-37.852222222222224,-12.57338,-23.647085,-44.5727,PM*,G,5780.960474057181,26.781981136981354,1.4354190325987634e-06
HD 19769, ,3,12,30.4,+,43,51,38,148,-12,7.56,0.376,0.0,0.0,3.768,0.0,41,4.48,0.33,5.8,0.8,9.7,1.03,0.98,1.11,11.5,0.2,0.1,3,2608,0.967,3,175,-21,2,24.2,1.0,-29,-19,12,8.034,-0.009,7.06,8.24,0.08,0.3,48.12666666666666,43.86055555555556,-34.010162,21.251915,-8.52438,PM*,G,5861.3816451402845,40.10405229441869,1.2330443580285334e-06
HD 20155,*,3,13,24.0,-,28,58,28,225,-59,7.882,0.389,0.0,0.0,3.764,-0.05,93,3.03,1.91,4.1,3.3,4.8,1.29,1.19,1.36,-8.8,0.2,0.3,2,817,0.408,3,57,-70,2,10.7,0.9,13,-34,18,8.034,-0.08,6.27,8.21,0.13,0.43,48.35,-28.974444444444444,-33.869385,-33.86938,-79.71656,PM*,G,5807.644175213118,47.8985400807021,1.6633310715695407e-07
HD 20278, ,3,16,3.1,+,11,37,42,170,-38,8.013,0.391,2.619,0.029,3.778,0.07,93,3.04,1.47,2.7,2.4,3.2,1.38,1.29,1.46,45.1,0.2,0.2,3,822,0.678,5,194,-10,1,10.7,1.1,-79,-54,15,8.073,-0.057,5.0,8.97,0.28,0.39,49.012916666666655,11.628333333333334,-72.17164,12.725815,-57.25652,PM*,G,5997.910762555094,73.28500520368286,1.6864703117139513e-07
HD 20339, ,3,15,53.4,-,14,47,56,200,-54,7.859,0.383,2.579,0.0,3.763,-0.09,47,4.5,0.5,8.3,4.1,12.1,0.99,0.94,1.05,40.6,0.2,0.2,5,1569,0.718,4,77,-118,2,21.3,0.9,-16,-38,-31,8.026,-0.038,6.19,8.03,0.13,0.39,48.97249999999999,-14.79888888888889,-25.95986,-9.448617,-38.0238,PM*,G,5794.286964268809,27.62590621920463,1.2675896963662255e-06
HD 20407, ,3,15,6.3,-,45,39,53,256,-56,6.763,0.373,2.605,0.016,3.763,-0.4,24,4.83,0.44,8.0,0.0,15.1,0.9,0.83,0.99,4.3,0.2,0.2,4,3077,0.806,3,-132,144,1,41.0,0.6,-6,17,-15,8.003,-0.02,8.0,9.49,0.09,0.12,48.77624999999999,-45.664722222222224,-3.2467446,-13.021979,-19.896902,PM*,G,5794.286964268809,13.420629179515771,1.999763790342133e-06
HD 20548, ,3,20,7.2,+,47,16,53,147,-8,8.179,0.421,0.0,0.0,3.746,-0.04,50,4.68,0.67,12.5,7.0,17.6,0.91,0.87,0.99,14.8,0.2,0.4,4,750,0.215,2,108,-92,2,0.0,0.0,-30,-21,-7,8.042,-0.007,6.96,8.25,0.08,0.01,50.03,47.28138888888889,-41.525433,26.966932,-6.9586554,PM*,G,5571.857489319298,49.51340230008551,1.6254690339100712e-06
HD 20619, ,3,19,1.8,-,2,50,35,185,-47,7.052,0.406,2.584,0.003,3.749,-0.24,25,5.09,0.36,0.0,0.0,0.0,0.86,0.82,0.96,22.5,0.1,0.2,10,2248,0.921,3,255,-102,2,40.5,1.0,-25,-29,-6,8.017,-0.018,6.53,8.1,0.11,0.03,49.75749999999999,-2.843055555555556,-16.985077,-1.4860028,-18.283842,PM*,G,5610.479760324706,17.049957331839188,2.8640375019334002e-06
HD 20670, ,3,21,56.7,+,52,37,18,145,-4,7.695,0.43,0.0,0.0,3.747,0.2,78,3.25,1.89,5.6,3.8,6.7,1.31,1.23,1.38,15.1,0.3,0.3,2,3665,0.426,2,162,-62,2,12.9,0.9,-49,-42,12,8.063,-0.005,5.79,8.45,0.19,0.32,50.48625,52.62166666666667,-63.738216,44.629986,-5.4410048,PM*,G,5584.701947368307,77.8099982600106,2.254128657425552e-07
HD 20794, ,3,19,55.6,-,43,4,11,251,-56,4.254,0.442,2.575,0.0,3.732,-0.3,6,5.34,0.5,0.0,8.3,0.0,0.83,0.82,0.85,87.2,0.1,0.3,16,4763,0.078,1,3038,728,1,165.0,0.6,-79,-93,-29,8.001,-0.005,3.52,8.62,0.42,0.35,49.981666666666655,-43.06972222222223,-1.0923325,-3.1723635,-4.9742255,PM*,G,5395.1062251512785,3.355157293881838,4.045560500688487e-06
HD 21252, ,3,25,15.0,-,15,2,21,202,-52,7.987,0.423,2.582,0.027,3.755,-0.21,65,3.79,1.5,8.6,7.4,10.0,1.03,1.0,1.07,49.8,0.2,0.2,5,2629,0.729,1,-147,-276,2,15.3,0.9,50,-42,-87,8.037,-0.052,5.82,9.04,0.22,2.24,51.31249999999999,-15.039166666666668,-37.10404,-14.991008,-51.2207,PM*,G,5688.529308438413,40.017997265951024,4.7531191406188385e-07
HD 21313, ,3,27,29.3,+,34,48,23,156,-18,8.191,0.377,0.0,0.0,3.772,0.25,71,3.92,0.57,4.1,2.2,7.1,1.2,1.15,1.25,-20.3,0.2,0.4,4,2113,0.229,3,3,-76,2,14.0,1.3,17,-25,-13,8.062,-0.022,6.67,8.36,0.11,0.09,51.87208333333333,34.80638888888888,-61.687176,27.464895,-21.940207,PM*,G,5915.616341754737,67.52501862432916,5.68825032571083e-07
HD 21496, ,3,28,13.0,+,7,18,8,176,-39,8.002,0.379,2.611,0.015,3.767,-0.15,74,3.65,1.31,6.9,5.5,8.3,1.09,1.04,1.15,-30.5,0.3,0.2,2,365,0.672,7,-15,-83,2,13.5,1.1,38,-20,0,8.058,-0.046,6.56,8.94,0.15,0.13,52.05416666666667,7.302222222222222,-57.368717,4.011611,-46.56971,PM*,G,5847.900841444806,57.50880552612278,3.917226648981836e-07
HD 21543, ,3,28,21.0,-,6,31,51,191,-47,8.23,0.4,2.578,0.0,3.749,-0.6,45,4.94,0.76,16.0,6.4,0.0,0.82,0.79,0.88,63.7,0.1,0.3,7,4436,0.604,3,358,-194,2,22.0,1.2,-58,-90,-19,8.03,-0.033,3.73,8.33,0.38,0.19,52.0875,-6.530833333333334,-30.126064,-5.855912,-32.910915,PM*,G,5610.479760324706,30.68992403841756,2.3279770810098656e-06
HD 21693, ,3,27,12.4,-,58,19,25,273,-49,7.947,0.462,0.0,0.0,3.727,-0.02,32,5.4,0.33,16.8,0.7,0.0,0.85,0.83,0.92,39.1,0.1,0.3,5,3514,0.546,2,251,95,2,31.0,0.7,-31,-46,-13,7.999,-0.024,5.68,8.1,0.18,0.09,51.80166666666666,-58.32361111111111,1.0987393,-20.965117,-24.150707,PM*,G,5333.348954876208,20.993888607712805,4.395200589841064e-06
HD 21774, ,3,31,15.4,+,20,46,5,166,-28,8.092,0.429,2.588,0.0,3.747,0.19,50,4.6,0.55,9.8,5.8,13.3,1.04,0.95,1.08,-3.7,0.2,0.2,5,768,0.908,1,-113,-195,1,20.0,1.2,25,-16,-44,8.043,-0.024,6.95,8.71,0.11,0.72,52.81416666666666,20.76805555555556,-42.83601,10.680216,-23.47358,PM*,G,5584.701947368307,44.147375533849754,1.4553877004550159e-06
HD 21809, ,3,32,19.8,+,38,3,43,155,-15,7.28,0.497,0.0,0.0,3.706,-0.57,16,6.26,0.25,0.0,0.0,0.0,0.74,0.71,0.78,16.3,0.2,0.1,2,408,0.89,1,-75,-50,2,0.0,0.0,-12,8,-10,8.014,-0.004,8.01,8.89,0.05,0.05,53.0825,38.06194444444444,-14.006817,6.5314875,-4.1411047,PM*,G,5081.594425605605,15.454813212528492,1.442044625814857e-05
HD 21938, ,3,30,50.3,-,37,22,20,240,-55,7.72,0.381,2.6,0.015,3.76,-0.42,40,4.72,0.63,11.3,5.0,0.0,0.87,0.82,0.96,79.1,0.2,0.4,4,2744,0.148,4,-195,-22,2,25.1,0.7,-2,-17,-86,8.011,-0.033,7.65,8.18,0.03,1.93,52.70958333333333,-37.37222222222222,-11.471527,-19.869272,-32.766083,PM*,G,5754.399373371566,22.943057806702946,1.7178241357207713e-06
HD 21977, ,3,32,25.9,-,4,21,39,189,-45,8.186,0.387,2.604,-0.004,3.764,0.11,53,4.57,0.25,4.9,0.0,9.2,1.06,1.0,1.12,26.6,0.2,0.4,5,3360,0.263,2,157,-86,2,18.9,1.1,-26,-45,-5,8.037,-0.038,5.78,8.1,0.17,0.05,53.10791666666666,-4.360833333333333,-37.01526,-5.862638,-37.476658,PM*,G,5807.644175213118,37.47665936535224,1.3962998789170638e-06
HD 21995, ,3,32,23.8,-,8,36,13,195,-48,8.058,0.373,2.613,0.009,3.767,-0.21,65,4.01,1.01,8.9,6.5,10.9,1.01,0.98,1.06,-16.2,0.2,0.3,5,3255,0.528,5,-22,-235,2,15.5,1.1,55,-46,-18,8.042,-0.048,5.32,8.94,0.25,0.19,53.099166666666655,-8.60361111111111,-42.011482,-11.256945,-48.304417,PM*,G,5847.900841444806,43.49348722014997,6.441376735009708e-07
HD 22177, ,3,32,1.8,-,52,28,25,264,-51,7.787,0.443,0.0,0.0,3.74,0.14,51,4.26,1.08,11.1,9.6,12.6,1.02,0.99,1.05,52.0,0.2,0.2,3,1472,0.656,2,162,-61,2,19.7,0.7,-10,-64,-14,8.003,-0.039,4.87,8.0,0.24,0.11,53.00749999999999,-52.47361111111111,-3.3548725,-31.91952,-39.634445,PM*,G,5495.408738576249,32.095341196529695,9.09868647726075e-07
HD 22309, ,3,36,3.1,+,16,28,2,170,-31,7.652,0.374,2.589,-0.014,3.766,0.11,45,4.38,0.39,5.3,2.0,8.7,1.09,1.03,1.15,-27.5,0.1,0.5,13,5247,0.045,3,-287,-289,1,22.2,1.1,68,-9,-60,8.038,-0.023,6.44,10.37,0.23,1.35,54.01291666666666,16.46722222222222,-37.986523,6.6980534,-23.176714,PM*,G,5834.451042737448,38.5725271272026,1.0739367406436191e-06
HD 22471, ,3,36,12.9,-,18,33,0,209,-51,7.86,0.407,2.597,0.021,3.766,0.07,119,2.39,2.41,2.4,2.0,3.0,1.5,1.45,1.58,-16.2,0.2,0.1,4,827,0.973,4,26,-75,2,8.4,1.0,31,-34,11,8.065,-0.093,6.09,8.57,0.17,0.31,54.05375,-18.55,-65.4995,-36.30697,-92.48037,PM*,G,5834.451042737448,74.8891218457721,6.870347440944186e-08
HD 22481, ,3,37,20.6,+,15,5,43,172,-32,8.258,0.337,2.618,-0.004,3.784,-0.27,68,4.09,0.59,5.4,2.8,7.8,1.05,0.99,1.11,25.3,0.4,0.0,1,0,0.0,1,-23,-63,1,14.7,1.3,-12,-7,-30,8.057,-0.036,7.96,8.09,0.01,0.37,54.33583333333333,15.095277777777778,-57.106056,8.025738,-36.03451,PM*,G,6081.350012787177,57.667270633521234,7.194136940441091e-07
HD 22718, ,3,41,25.6,+,50,49,17,148,-4,8.203,0.394,2.594,0.001,3.758,-0.25,92,3.39,1.87,6.4,4.9,8.1,1.11,1.04,1.18,-58.7,0.2,0.1,2,305,0.924,2,-35,59,2,10.9,1.1,64,-7,15,8.078,-0.006,6.54,10.2,0.22,0.41,55.35666666666666,50.82138888888889,-77.83037,48.633827,-6.4175954,PM*,G,5727.960309858292,91.77589892233597,2.7351345804337536e-07
HD 23030, ,3,41,41.4,-,2,50,51,190,-43,8.074,0.405,2.607,0.021,3.768,0.19,57,4.19,0.46,4.6,2.8,7.4,1.15,1.08,1.19,-35.2,0.3,0.4,3,2446,0.103,4,-40,-26,2,17.4,1.0,34,5,14,8.042,-0.039,7.34,9.72,0.14,0.37,55.42249999999999,-2.8475,-41.053837,-7.238902,-38.873905,*,G,5861.3816451402845,41.68715910910905,8.25997438171197e-07
HD 23074, ,3,45,20.9,+,60,21,3,143,4,8.014,0.367,2.615,0.014,3.77,-0.43,78,3.57,1.57,7.2,5.9,8.7,1.04,0.99,1.1,-14.7,0.3,0.4,2,604,0.282,5,-55,-2,2,12.9,1.1,20,4,-14,8.062,0.006,7.61,9.24,0.1,0.11,56.337083333333325,60.35083333333333,-62.14182,46.827232,5.4410048,PM*,G,5888.43655355589,77.80999582119398,3.5073467201702433e-07
HD 23202, ,3,40,40.2,-,53,44,17,265,-49,7.932,0.387,2.579,0.0,3.763,-0.06,80,3.42,1.56,5.5,4.7,6.4,1.16,1.12,1.23,38.4,0.3,0.4,3,2156,0.134,5,92,-8,2,12.5,0.7,-16,-49,-8,8.004,-0.061,5.59,8.01,0.18,0.06,55.16749999999999,-53.73805555555556,-4.574343,-52.285004,-60.37677,PM*,G,5794.286964268809,52.4847240362533,2.8508784449224386e-07
HD 23565, ,3,48,37.4,+,51,49,23,149,-2,7.681,0.438,0.0,0.0,3.738,-0.38,62,3.73,2.05,9.1,7.7,10.9,1.01,0.94,1.05,-39.4,0.2,0.1,2,1094,0.816,2,-74,-43,1,16.2,1.0,39,-13,-22,8.053,-0.002,6.76,9.14,0.15,0.24,57.15583333333333,51.82305555555556,-53.112,31.912909,-2.1637688,PM*,G,5470.159628939716,61.962232891030325,4.375006477474418e-07
HD 23576, ,3,44,45.4,-,38,49,4,242,-52,7.509,0.379,2.623,0.017,3.767,-0.01,44,4.29,0.55,6.8,3.7,9.7,1.04,0.99,1.1,53.3,0.2,0.4,4,2743,0.173,3,-46,52,2,22.7,0.8,-21,-16,-48,8.013,-0.035,7.38,8.14,0.05,0.78,56.18916666666666,-38.81777777777778,-12.7175665,-23.91826,-34.672474,PM*,G,5847.900841444806,27.089105911962513,9.483719499834043e-07
HD 23925, ,3,48,39.0,-,6,48,56,195,-43,8.016,0.384,2.574,0.0,3.759,-0.27,44,4.82,0.43,10.2,2.2,17.1,0.9,0.84,0.99,17.9,0.1,0.3,6,2878,0.732,3,-43,21,2,22.9,1.1,-11,6,-16,8.031,-0.03,8.03,8.76,0.04,0.14,57.16249999999999,-6.815555555555555,-31.083069,-8.328684,-30.007925,*,G,5741.164622073275,32.17956114726577,1.972326002522559e-06
HD 24040, ,3,50,22.9,+,17,28,34,172,-28,7.503,0.414,2.609,0.0,3.753,0.11,47,4.17,0.9,9.2,6.8,11.1,1.05,1.01,1.14,-9.9,0.1,0.2,6,2212,0.852,3,115,-254,1,21.5,1.0,11,-60,-15,8.041,-0.022,5.07,8.12,0.23,0.11,57.59541666666666,17.47611111111111,-41.094673,5.775483,-22.065165,PM*,G,5662.3928903825345,41.498534345928626,8.034867148279148e-07
HD 24053, ,3,50,8.8,+,6,37,14,182,-35,7.728,0.423,2.587,0.0,3.745,0.0,33,5.16,0.18,5.1,0.0,16.4,0.92,0.86,1.0,3.9,0.1,0.2,6,2292,0.837,2,62,-38,2,30.7,1.4,-5,-11,1,8.027,-0.019,7.65,8.07,0.03,0.12,57.53666666666666,6.620555555555556,-27.015553,-0.9434008,-18.928022,PM*,G,5559.042572704037,27.03202006815713,3.1548498923804364e-06
HD 24062, ,3,44,46.8,-,70,1,35,285,-41,7.425,0.391,2.603,0.01,3.764,0.0,55,3.73,1.17,6.9,5.8,7.9,1.12,1.08,1.15,27.1,0.1,0.1,4,1142,0.875,5,-11,-97,2,18.2,0.6,29,-22,-8,7.989,-0.036,6.55,8.57,0.13,0.04,56.19499999999999,-70.02638888888889,10.743325,-40.094643,-36.08325,PM*,G,5807.644175213118,41.5090282872663,4.375006477474418e-07
HD 24085, ,3,45,1.5,-,70,1,26,285,-41,7.576,0.378,2.611,0.008,3.769,0.0,52,3.98,0.8,6.9,3.9,9.2,1.08,1.04,1.14,27.3,0.2,0.3,4,1142,0.28,6,-10,-98,2,19.1,0.6,28,-22,-8,7.99,-0.034,6.55,8.56,0.13,0.04,56.25625,-70.02388888888889,10.157325,-37.90766,-34.11507,PM*,G,5874.893525297769,39.24489696548107,6.179860907400366e-07
HD 24206, ,3,52,5.5,+,22,40,17,169,-24,7.575,0.428,2.581,0.0,3.742,-0.02,27,5.43,-0.01,0.0,0.0,11.1,0.91,0.84,0.96,10.6,0.2,0.4,5,834,0.17,1,208,-341,1,37.2,1.2,-14,-47,-16,8.024,-0.011,5.69,8.03,0.17,0.14,58.02291666666666,22.67138888888889,-24.212547,4.706443,-10.98189,PM*,G,5520.774392807573,24.665725976331167,4.581194180471064e-06
HD 24213, ,3,52,11.3,+,25,9,47,167,-22,6.786,0.366,2.62,0.011,3.773,-0.15,40,3.8,1.02,7.3,5.8,8.5,1.08,1.04,1.13,-39.7,0.2,0.4,3,695,0.172,5,-122,-164,1,25.3,0.9,49,-16,-20,8.036,-0.015,6.5,9.34,0.18,0.22,58.047083333333326,25.163055555555555,-36.13681,8.342842,-14.984263,PM*,G,5929.2532458,37.08735700495607,4.81924161443639e-07
HD 24293, ,3,48,1.1,-,64,50,11,279,-43,7.858,0.415,2.591,0.013,3.747,-0.15,42,4.72,0.7,14.4,9.2,0.0,0.89,0.86,0.94,20.8,0.1,0.3,5,2154,0.563,2,336,99,2,23.6,0.9,-45,-54,20,7.995,-0.029,5.24,8.24,0.22,0.47,57.00458333333332,-64.83638888888889,4.805177,-30.33868,-28.643929,PM*,G,5584.701947368307,30.716855798465588,1.7178241357207713e-06
HD 24301, ,3,52,59.3,+,26,40,42,166,-21,8.004,0.4,2.59,0.01,3.754,-0.35,88,3.29,2.14,6.0,4.5,7.6,1.1,1.04,1.22,22.6,0.2,0.3,3,617,0.435,1,109,-126,2,11.4,1.1,-35,-62,-15,8.08,-0.031,4.96,8.19,0.25,0.12,58.24708333333333,26.67833333333333,-79.71472,19.875109,-31.536379,PM*,G,5675.446054085472,82.15507618181776,2.3822026331875928e-07
HD 24505, ,3,54,59.8,+,28,11,17,165,-19,8.054,0.428,2.58,0.0,3.745,0.11,72,3.75,1.5,7.4,6.0,8.9,1.16,1.08,1.22,-14.1,0.2,0.5,6,1778,0.072,1,13,-60,2,13.8,1.1,12,-21,-7,8.066,-0.024,6.91,8.31,0.09,0.03,58.74916666666666,28.18805555555556,-65.75766,17.619719,-23.440907,PM*,G,5559.042572704037,68.0773409168907,4.497577963252594e-07
HD 24552, ,3,54,22.6,+,1,15,41,188,-38,7.973,0.39,2.575,0.0,3.76,-0.04,45,4.69,0.34,7.7,0.1,12.5,0.98,0.92,1.05,15.6,0.2,0.3,6,1913,0.738,3,22,-117,1,22.1,1.2,-2,-24,-18,8.036,-0.028,6.93,8.06,0.08,0.17,58.59416666666666,1.261388888888889,-35.115383,-4.9351463,-27.704767,PM*,G,5754.399373371566,35.46048212079318,1.648081560643825e-06
HD 24702, ,3,56,28.7,+,22,40,27,169,-23,7.84,0.432,2.583,0.0,3.742,-0.06,47,4.49,0.96,14.4,11.0,17.6,0.92,0.88,0.97,39.2,0.1,0.3,5,834,0.58,1,176,-232,1,21.4,1.2,-43,-57,-24,8.042,-0.018,5.15,8.26,0.23,0.27,59.11958333333333,22.674166666666668,-42.468853,8.25511,-18.364363,PM*,G,5520.774392807573,43.26372980046576,1.2501977137235027e-06
HD 25123, ,4,3,21.9,+,63,16,51,143,8,8.129,0.408,2.59,0.014,3.75,-0.37,80,3.61,1.92,8.8,6.6,11.5,1.01,0.94,1.07,-92.9,0.3,0.4,2,802,0.244,4,-68,78,3,0.0,0.0,97,-25,-8,8.063,0.011,5.49,10.76,0.32,0.02,60.84125,63.28083333333333,-63.26905,47.676662,11.133848,PM*,G,5623.413251903491,79.22144146230075,3.706625424759005e-07
HD 25740, ,4,2,58.4,-,44,23,31,250,-48,8.127,0.405,2.593,0.01,3.753,-0.17,67,4.01,1.29,10.2,8.7,11.8,1.02,0.97,1.05,33.0,0.2,0.3,5,3101,0.345,2,-61,-86,1,15.0,0.8,24,-20,-35,8.015,-0.05,6.78,8.55,0.12,0.5,60.74333333333332,-44.39194444444444,-15.333358,-42.128063,-49.790707,PM*,G,5662.3928903825345,44.83174722992773,6.441376735009708e-07
HD 25825, ,4,6,16.1,+,15,41,53,177,-26,7.844,0.378,2.584,-0.02,3.767,0.04,47,4.5,0.3,5.4,0.0,9.4,1.05,0.98,1.11,37.7,0.3,0.5,3,1146,0.125,7,119,-20,2,21.4,1.5,-42,-18,-2,8.042,-0.021,6.86,8.55,0.11,0.09,61.56708333333333,15.698055555555555,-42.185425,2.2108486,-20.603445,PM*,G,5847.900841444806,42.24331821676355,1.2675896963662255e-06
HD 25912, ,4,3,37.9,-,51,55,51,261,-47,8.196,0.4,2.588,-0.003,3.756,0.0,50,4.7,0.39,8.6,2.9,13.3,0.97,0.91,1.05,5.7,0.1,0.2,5,3662,0.89,3,-68,-153,2,20.0,0.7,39,-7,-9,8.005,-0.036,6.93,9.27,0.14,0.05,60.90791666666666,-51.93083333333333,-5.3344035,-33.680088,-36.567684,PM*,G,5701.642722807472,34.09991478564948,1.6710086589594444e-06
HD 25918, ,4,8,14.2,+,44,39,46,156,-5,7.73,0.44,0.0,0.0,3.736,-0.07,30,5.35,0.24,0.0,0.0,0.0,0.87,0.83,0.95,-36.6,0.2,0.1,3,3245,0.938,2,-298,-134,1,33.4,1.0,44,0,-39,8.027,-0.003,7.03,9.8,0.16,0.62,62.05916666666667,44.66277777777778,-27.302076,12.155665,-2.6146722,PM*,G,5445.026528424214,29.885841890467148,4.101839853334638e-06
HD 26018, ,4,15,13.7,+,76,17,16,134,18,8.175,0.49,0.0,0.0,3.713,-0.05,26,6.07,-0.03,0.0,0.0,0.0,0.81,0.78,0.87,7.4,0.2,0.3,5,1486,0.624,2,45,-242,1,37.9,0.8,-27,-9,-14,8.017,0.008,7.49,8.33,0.05,0.09,63.80708333333332,76.28777777777778,-17.177141,17.787455,8.034442,PM*,G,5164.163692720711,24.7274691044374,1.1091204179659197e-05
HD 26257, ,4,9,9.0,+,0,10,44,191,-35,7.639,0.345,2.628,-0.002,3.785,0.05,65,3.58,0.78,3.3,2.6,4.0,1.25,1.17,1.3,33.1,0.5,0.7,2,1107,0.091,8,64,17,1,15.4,1.0,-36,-14,-3,8.052,-0.037,7.15,8.48,0.09,0.07,62.2875,0.1788888888888888,-52.266624,-10.1596,-37.28247,PM*,G,6095.368972401694,53.24488197486568,3.5561387733068084e-07
HD 26421, ,4,12,22.9,+,37,42,43,161,-10,8.151,0.384,2.591,0.008,3.759,-0.5,78,3.69,1.74,8.8,7.3,10.6,0.99,0.95,1.04,-65.3,0.2,0.3,3,468,0.445,4,117,96,2,12.8,1.1,50,-24,66,8.073,-0.013,6.42,9.44,0.19,2.0,63.095416666666665,37.71194444444445,-72.63001,25.008514,-13.544558,PM*,G,5741.164622073275,76.8149993496602,4.1397937102023456e-07
HD 26729, ,4,12,23.7,-,31,34,51,231,-46,7.446,0.46,0.0,0.0,3.735,0.22,52,3.86,1.54,8.4,7.4,10.0,1.19,1.16,1.21,27.7,0.5,0.7,2,837,0.03,3,165,-102,2,19.2,0.9,-6,-55,5,8.022,-0.038,5.33,8.03,0.2,0.19,63.09875,-31.58083333333333,-22.73246,-28.072252,-37.40567,PM*,G,5432.503314924331,36.12223788752718,5.23574757632536e-07
HD 26749, ,4,14,18.2,+,12,20,53,181,-27,6.741,0.422,2.572,0.0,3.74,-0.51,36,3.98,1.84,12.4,11.0,14.0,0.92,0.88,0.95,42.8,0.2,0.2,3,1774,0.688,2,341,-59,1,28.0,1.2,-55,-45,15,8.032,-0.016,5.56,8.49,0.21,0.37,63.57583333333333,12.348055555555556,-32.07135,-0.5598071,-16.343658,PM*,G,5495.408738576249,32.076235359089615,6.179860907400366e-07
HD 27063, ,4,16,30.2,-,0,34,22,193,-34,8.066,0.413,2.578,0.0,3.749,-0.04,40,5.04,0.24,7.0,0.0,16.5,0.93,0.86,1.01,-10.0,0.2,0.3,5,2192,0.24,2,-60,-173,1,24.8,1.0,28,-16,-18,8.032,-0.023,6.87,8.73,0.12,0.17,64.12583333333332,-0.5727777777777777,-32.311577,-7.459715,-22.367716,PM*,G,5610.479760324706,33.16150412915786,2.6728753163232114e-06
HD 27466, ,4,19,57.0,-,4,26,19,198,-35,7.836,0.413,2.587,0.0,3.748,-0.11,36,5.06,0.3,0.0,0.0,0.0,0.89,0.84,0.99,17.6,0.2,0.3,5,1096,0.368,3,-59,-37,2,27.9,1.0,-7,-3,-20,8.028,-0.021,8.01,8.23,0.01,0.19,64.98749999999998,-4.438611111111111,-28.046156,-9.112748,-20.648752,PM*,G,5597.576014951104,29.489473418286735,2.747759388040215e-06
HD 27530, ,4,19,34.2,-,28,47,10,228,-44,8.161,0.397,2.629,0.036,3.782,0.42,61,4.07,0.09,1.2,0.0,2.9,1.2,1.17,1.24,41.8,0.2,0.2,3,1411,0.6,4,61,52,2,16.3,0.9,-39,-24,-14,8.029,-0.043,6.66,8.38,0.11,0.11,64.89249999999998,-28.78611111111111,-29.361275,-32.608986,-42.37416,PM*,G,6053.408747539136,43.8797269541849,6.998076736285392e-07
HD 27631, ,4,19,45.4,-,41,57,36,246,-45,8.257,0.427,2.579,0.0,3.739,-0.38,44,5.02,0.74,0.0,11.8,0.0,0.84,0.81,0.88,20.4,0.1,0.2,5,3253,0.921,3,-41,-92,1,22.5,0.8,14,-16,-21,8.013,-0.032,7.09,8.36,0.08,0.21,64.93916666666665,-41.96,-12.654675,-28.422863,-31.112698,PM*,G,5482.769649208536,31.112697415563215,2.600032043455381e-06
HD 27757, ,4,32,15.9,+,77,37,26,134,20,7.854,0.391,0.0,0.0,3.757,-0.27,42,4.76,0.54,11.9,5.7,0.0,0.89,0.84,0.97,36.9,0.2,0.3,5,1484,0.421,2,199,-142,2,24.0,0.7,-55,-10,25,8.027,0.014,6.95,9.11,0.14,0.59,68.06625,77.62388888888889,-27.416142,28.390251,14.364845,PM*,G,5714.786366718672,39.46709001189681,1.8154266243795335e-06
HD 27835, ,4,24,12.7,+,16,22,44,179,-23,8.225,0.381,2.623,0.015,3.767,0.07,61,4.3,0.48,5.5,2.1,8.8,1.07,1.01,1.14,38.9,0.3,0.3,2,66,0.459,1,88,-22,2,0.0,0.0,-42,-20,-1,8.056,-0.023,6.79,8.52,0.11,0.1,66.05291666666666,16.378888888888888,-56.142246,0.97996944,-23.834599,PM*,G,5847.900841444806,56.1507980889662,9.615651180014716e-07
HD 27857, ,4,26,26.1,+,52,30,17,152,2,8.064,0.409,0.0,0.0,3.752,-0.08,46,4.75,0.5,10.9,5.0,16.2,0.93,0.87,1.0,7.4,0.2,0.2,5,1119,0.808,4,79,-90,2,21.7,1.1,-19,-20,-1,8.041,0.002,7.13,8.09,0.06,0.09,66.60875,52.50472222222222,-40.590847,21.582537,1.6053768,PM*,G,5649.369748123023,45.97197802502931,1.7905180372942511e-06
HD 27905, ,4,23,20.1,-,25,23,42,223,-43,7.833,0.396,2.583,0.003,3.755,-0.25,40,4.81,0.52,12.2,5.3,0.0,0.88,0.84,0.97,11.9,0.1,0.3,8,3487,0.278,2,36,-270,2,24.9,0.9,32,-41,-13,8.021,-0.027,5.76,8.45,0.19,0.09,65.83375,-25.395,-21.395132,-19.951279,-27.279932,PM*,G,5688.529308438413,29.254148543980303,1.945264675265008e-06
HD 27969, ,4,26,49.4,+,42,54,34,159,-4,7.679,0.395,0.0,0.0,3.761,-0.12,74,3.33,1.75,5.2,4.4,6.3,1.19,1.12,1.25,47.3,0.2,0.2,2,371,0.593,2,135,-179,1,13.5,0.9,-71,-57,-13,8.069,-0.005,4.96,8.76,0.28,0.09,66.70583333333333,42.909444444444446,-68.916664,26.454626,-5.1619787,PM*,G,5767.664633922509,73.81973864549218,2.517553453247534e-07
HD 28185, ,4,26,26.3,-,10,33,2,206,-37,7.807,0.443,2.593,0.0,3.739,0.15,40,4.82,0.54,12.2,7.1,0.0,0.94,0.89,1.03,49.6,0.1,0.1,5,1160,0.994,3,82,-60,2,25.3,1.1,-34,-34,-22,8.028,-0.024,6.25,8.21,0.14,0.23,66.60958333333333,-10.550555555555556,-28.712357,-14.003948,-24.0726,PM*,G,5482.769649208536,31.945422271151042,1.972326002522559e-06
HD 28187, ,4,25,23.7,-,35,40,32,238,-44,7.803,0.391,2.594,0.018,3.755,-0.43,42,4.7,0.77,14.2,8.2,0.0,0.85,0.82,0.92,18.1,0.2,0.5,4,4198,0.081,3,54,-64,2,24.0,0.7,0,-24,-6,8.016,-0.029,6.87,8.07,0.08,0.03,66.34875,-35.675555555555555,-16.010069,-25.621456,-29.175653,PM*,G,5688.529308438413,30.212270966358968,1.6710086589594444e-06
HD 28192, ,4,26,48.8,-,1,43,28,196,-33,8.067,0.389,2.603,0.0,3.762,0.05,51,4.52,0.39,6.8,2.1,10.6,1.03,0.97,1.1,-6.3,0.1,0.3,5,2191,0.484,5,-34,32,1,19.5,1.0,4,12,1,8.041,-0.028,7.95,9.34,0.08,0.13,66.70333333333333,-1.724444444444445,-41.115276,-11.789613,-27.776592,PM*,G,5780.960474057181,42.77219769015785,1.303102867201668e-06
HD 28653, ,4,30,28.2,-,13,15,58,209,-37,7.981,0.513,0.0,0.0,3.702,-0.32,23,6.17,0.27,0.0,0.0,0.0,0.76,0.73,0.8,0.3,0.2,0.3,2,468,0.239,1,-18,78,2,0.0,0.0,-5,7,1,8.016,-0.014,8.0,8.83,0.05,0.13,67.61749999999999,-13.266111111111112,-16.065554,-8.905284,-13.841744,PM*,G,5035.006087879047,18.368617488738014,1.273440624563707e-05
HD 28701, ,4,25,45.8,-,69,59,37,283,-38,7.857,0.407,2.58,0.012,3.748,-0.43,43,4.68,0.93,16.1,11.9,0.0,0.85,0.83,0.88,-7.2,0.1,0.2,5,1802,0.687,3,145,5,2,23.1,0.6,-11,-13,25,7.992,-0.026,7.59,7.99,0.03,0.56,66.44083333333333,-69.99361111111111,7.622351,-33.016006,-26.473444,PM*,G,5597.576014951104,33.88446379919914,1.6254690339100712e-06
HD 28798, ,4,30,36.7,-,40,23,42,244,-43,8.174,0.428,2.599,0.0,3.743,-0.14,88,3.44,2.06,6.0,4.6,7.4,1.15,1.08,1.22,2.2,0.1,0.3,5,2929,0.467,3,72,44,2,11.3,0.8,-26,-12,21,8.028,-0.061,7.43,8.27,0.05,0.49,67.65291666666666,-40.395,-28.213171,-57.8456,-60.01585,PM*,G,5533.501092157366,64.35912101043053,2.9307495053577235e-07
HD 28821, ,4,32,21.4,-,5,2,20,200,-33,7.619,0.422,2.576,0.0,3.743,-0.25,37,4.78,0.81,17.1,12.5,0.0,0.87,0.85,0.9,37.0,0.2,0.4,5,2191,0.09,1,-2,-35,2,27.0,1.0,-26,-15,-23,8.029,-0.02,7.29,8.22,0.06,0.24,68.08916666666666,-5.038888888888889,-29.159424,-10.613163,-20.151646,*,G,5533.501092157366,31.030811089566207,1.8662881579148912e-06
HD 29021, ,4,37,52.2,+,60,40,34,147,9,7.861,0.419,0.0,0.0,3.743,-0.17,30,5.51,0.01,0.0,0.0,11.4,0.89,0.81,0.93,-0.2,0.1,0.2,6,1534,0.927,2,59,22,2,33.8,0.9,0,-3,8,8.025,0.005,7.85,8.34,0.03,0.23,69.4675,60.67611111111111,-24.850355,16.13801,4.693034,PM*,G,5533.501092157366,29.63065153495827,5.116567411114319e-06
HD 29150, ,4,36,13.9,+,21,32,11,177,-17,7.6,0.418,2.595,0.0,3.746,-0.05,34,4.96,0.4,11.9,3.0,0.0,0.89,0.86,0.98,-7.2,0.2,0.1,2,701,0.983,2,20,-42,1,29.7,0.9,7,-8,0,8.032,-0.01,7.57,8.39,0.05,0.11,69.05791666666666,21.53638888888889,-32.469803,1.7016734,-9.940638,*,G,5571.857489319298,32.514362968065,2.3931983809430355e-06
HD 29161, ,4,35,21.5,-,4,44,10,201,-32,7.888,0.392,2.58,-0.01,3.758,-0.11,38,5.0,0.14,1.7,0.0,11.9,0.96,0.87,1.02,13.7,0.2,0.3,4,1859,0.399,5,3,-62,1,26.5,1.1,-5,-12,-12,8.03,-0.02,7.58,8.06,0.03,0.06,68.83958333333331,-4.736111111111112,-30.085402,-11.548701,-20.136932,PM*,G,5727.960309858292,32.22582672778163,2.5291739520023757e-06
HD 29231, ,4,34,38.4,-,35,39,29,238,-42,7.609,0.469,0.0,0.0,3.725,0.07,28,5.38,0.33,15.8,2.6,0.0,0.86,0.84,0.94,-10.2,0.1,0.3,5,2929,0.359,2,-100,-224,2,35.9,0.7,33,0,-6,8.011,-0.019,7.21,9.38,0.13,0.03,68.65999999999998,-35.65805555555556,-11.026591,-17.646229,-18.735657,PM*,G,5308.8444423098845,20.808053897510984,4.275419171710767e-06
HD 29247, ,4,36,55.0,+,15,15,40,182,-21,7.335,0.366,2.624,0.017,3.773,-0.2,63,3.34,1.53,5.4,4.1,7.1,1.12,1.06,1.21,36.1,0.3,0.1,2,603,0.753,7,46,-29,2,0.0,0.0,-35,-17,-8,8.059,-0.022,7.07,8.42,0.09,0.02,69.22916666666664,15.261111111111113,-58.77974,-2.052627,-22.57718,PM*,G,5929.2532458,58.81556861978577,2.5525761104483704e-07
HD 29263, ,4,35,45.6,-,21,20,23,219,-39,8.181,0.411,2.607,0.021,3.763,0.13,54,4.44,0.39,5.7,2.1,9.3,1.08,1.02,1.13,9.6,0.1,0.3,5,2902,0.502,1,113,-43,2,18.6,1.0,-5,-29,12,8.032,-0.034,6.65,8.04,0.1,0.31,68.94,-21.33972222222222,-32.613617,-26.409985,-33.9833,PM*,G,5794.286964268809,41.96588282787476,1.1667523931790261e-06
HD 29859, ,4,43,13.7,+,24,5,20,176,-14,6.13,0.345,2.616,-0.01,3.787,0.04,50,2.64,1.68,2.2,2.0,2.4,1.51,1.47,1.55,8.1,0.2,0.2,2,373,0.617,9,16,-19,1,20.0,0.7,-8,-5,-2,8.048,-0.012,8.01,8.09,0.01,0.08,70.80708333333332,24.08888888888889,-48.396606,3.38422,-12.096095,*,G,6123.503917247734,48.514785553763254,9.70462370493654e-08
HD 29969, ,4,44,22.3,+,24,4,57,176,-14,8.21,0.378,2.611,0.004,3.771,0.11,100,3.21,1.44,3.2,2.6,5.2,1.34,1.18,1.45,19.7,0.3,0.4,2,46,0.191,2,44,-68,1,0.0,0.0,-21,-37,-9,8.097,-0.024,6.25,8.13,0.13,0.03,71.09291666666667,24.0825,-96.79321,6.76844,-24.19219,PM*,G,5902.010801718442,97.02956911239842,2.1329403021556404e-07
HD 30047, ,4,44,44.7,+,14,37,36,184,-20,8.087,0.295,2.669,0.011,3.809,-0.14,90,3.31,0.69,2.5,1.8,3.0,1.28,1.22,1.34,1.2,0.6,0.0,1,0,0.0,13,13,-13,2,11.1,1.0,-1,-8,1,8.085,-0.03,7.78,8.24,0.03,0.12,71.18624999999999,14.626666666666669,-84.366325,-5.8994617,-30.78181,*,G,6441.692655151775,84.57233851771744,2.448943132356654e-07
HD 30278, ,4,43,13.6,-,54,35,36,263,-40,7.62,0.453,0.0,0.0,3.73,-0.09,27,5.44,0.28,0.0,0.0,0.0,0.85,0.82,0.93,64.0,0.1,0.4,9,3254,0.032,2,53,-197,2,36.7,0.6,16,-58,-34,8.003,-0.018,5.11,8.13,0.23,0.44,70.80666666666666,-54.59333333333333,-2.520653,-20.52903,-17.355265,PM*,G,5370.317963702527,20.683200049492072,4.6449249398502366e-06
HD 30286, ,4,46,16.4,+,3,16,7,194,-26,7.815,0.421,2.577,0.0,3.743,-0.15,32,5.28,0.23,0.0,0.0,0.0,0.87,0.82,0.96,18.1,0.3,0.5,3,2600,0.076,1,54,32,2,31.1,1.1,-20,-5,1,8.028,-0.014,7.8,8.27,0.03,0.12,71.56833333333331,3.268611111111111,-27.907072,-6.958012,-14.027877,PM*,G,5533.501092157366,28.761408147121866,3.723734430360274e-06
HD 30306, ,4,39,57.9,-,71,30,20,284,-36,7.743,0.46,0.0,0.0,3.733,0.15,38,4.85,0.64,14.4,9.7,0.0,0.91,0.88,0.98,-21.4,0.1,0.2,4,1807,0.597,2,-75,-34,2,26.4,0.7,5,25,5,7.993,-0.022,7.93,10.2,0.13,0.2,69.99125,-71.50555555555556,7.437321,-29.829458,-22.335838,PM*,G,5407.5432294558095,30.7426464090326,2.055789768874886e-06
HD 30376, ,4,51,57.0,+,66,29,45,144,14,8.097,0.461,0.0,0.0,3.73,0.12,42,4.99,0.59,16.9,10.6,0.0,0.9,0.88,0.95,-46.0,0.1,0.2,5,1481,0.806,2,59,-97,2,23.9,0.9,22,-44,-13,8.033,0.01,5.7,8.29,0.18,0.09,72.98749999999998,66.49583333333334,-32.969402,23.953672,10.16072,PM*,G,5370.317963702527,40.75242165223053,2.4944723844527592e-06
HD 30562, ,4,48,36.3,-,5,40,26,203,-30,5.773,0.397,2.612,0.018,3.762,0.08,27,3.65,1.24,6.2,5.4,7.0,1.15,1.11,1.24,77.0,0.1,0.4,10,3399,0.184,4,314,-249,2,37.7,0.9,-54,-72,-21,8.021,-0.013,4.44,8.32,0.3,0.21,72.15124999999999,-5.673888888888889,-21.523874,-9.136342,-13.5,PM*,G,5780.960474057181,23.382683702022742,3.917226648981836e-07
HD 30708, ,4,51,29.4,+,35,48,54,168,-5,6.78,0.427,2.6,0.0,3.746,0.04,33,4.2,1.09,10.9,9.2,12.5,1.02,0.97,1.05,-56.2,0.3,0.5,3,3202,0.061,1,21,-118,2,30.5,0.9,52,-28,-4,8.032,-0.003,6.02,9.14,0.21,0.05,72.87249999999999,35.815,-32.15604,6.8349743,-2.8761394,PM*,G,5571.857489319298,32.874424438509344,8.37488207151103e-07
HD 30723, ,4,52,46.6,+,51,32,33,156,5,7.872,0.358,0.0,0.0,3.779,0.02,76,3.47,1.06,3.4,2.7,5.5,1.22,1.13,1.31,-18.1,0.4,0.6,2,607,0.095,6,20,-74,1,13.2,1.1,5,-30,-13,8.069,0.006,6.55,8.16,0.11,0.08,73.19416666666667,51.5425,-69.16526,30.794352,6.623836,PM*,G,6011.737374832779,75.71080045784421,3.054771290620165e-07
HD 30925, ,4,53,7.0,+,34,42,20,169,-6,8.272,0.373,2.616,0.002,3.772,0.11,91,3.48,1.14,3.5,2.8,5.8,1.25,1.14,1.34,-13.6,0.2,0.3,3,1854,0.568,3,44,-15,1,11.0,1.1,9,-19,12,8.089,-0.009,7.11,8.3,0.08,0.31,73.27916666666665,34.70555555555556,-88.83873,17.268501,-9.512091,*,G,5915.616341754737,90.50149763843635,3.09726739238131e-07
HD 30974, ,4,52,45.0,+,14,37,23,185,-18,7.512,0.397,2.581,0.0,3.754,-0.36,51,4.0,1.44,11.1,9.4,12.7,0.98,0.91,1.02,84.3,0.2,0.2,2,378,0.661,5,199,-38,2,19.8,0.9,-87,-43,6,8.048,-0.016,5.29,9.3,0.27,0.21,73.1875,14.623055555555556,-48.319313,-4.2273955,-15.759867,PM*,G,5675.446054085472,48.50388522072628,6.352997732962232e-07
HD 31016, ,4,54,33.3,+,45,40,52,161,1,7.954,0.333,2.629,0.006,3.788,-0.28,67,3.82,0.78,4.3,3.0,7.0,1.08,1.03,1.15,-7.8,0.5,0.8,2,363,0.1,5,2,15,1,14.9,1.2,8,0,3,8.063,0.002,7.78,8.76,0.06,0.16,73.63874999999999,45.68111111111111,-63.340103,21.809742,1.1693112,*,G,6137.620051647939,66.98980141900088,4.954258924249949e-07
HD 31018, ,4,53,22.0,+,24,10,38,177,-12,7.663,0.412,2.598,0.02,3.766,0.18,93,2.74,1.97,2.6,2.2,3.4,1.49,1.44,1.52,-5.7,0.4,0.0,1,0,0.0,5,18,-18,1,10.8,1.1,5,-11,3,8.09,-0.02,7.52,8.31,0.05,0.15,73.34166666666665,24.177222222222223,-90.843056,4.760892,-19.335789,*,G,5834.451042737448,90.96772458435355,1.1142398852087356e-07
HD 31103, ,4,51,40.5,-,31,34,2,233,-38,8.086,0.368,2.611,0.0,3.771,-0.07,55,4.37,0.43,6.2,2.5,9.4,1.03,0.98,1.1,45.8,0.3,0.4,2,764,0.245,5,94,-23,2,18.1,0.9,-22,-46,-10,8.026,-0.034,5.71,8.06,0.17,0.05,72.91874999999999,-31.56722222222222,-26.083025,-34.61333,-33.86138,PM*,G,5902.010801718442,43.34059075323645,1.0592017761624506e-06
HD 31229, ,4,51,28.0,-,49,23,43,256,-39,8.23,0.362,2.63,0.012,3.778,0.08,74,3.9,0.6,3.7,2.8,5.8,1.18,1.1,1.24,36.4,0.2,0.3,2,1123,0.363,6,-2,79,1,13.6,0.7,-34,-19,-25,8.014,-0.047,6.97,8.32,0.09,0.28,72.86666666666666,-49.39527777777778,-13.912641,-55.80055,-46.56971,PM*,G,5997.910762555094,57.50880767236773,5.533229712483625e-07
HD 31392, ,4,54,4.2,-,35,24,16,238,-38,7.592,0.473,0.0,0.0,3.724,0.1,26,5.52,0.2,0.0,0.0,0.0,0.87,0.84,0.96,29.0,0.1,0.2,4,1833,0.793,3,126,158,2,38.5,0.8,-33,-20,-3,8.011,-0.016,6.93,8.28,0.09,0.06,73.5175,-35.404444444444444,-10.857137,-17.375046,-16.007198,PM*,G,5296.634438916581,20.48828073164962,5.187745954018055e-06
HD 31460, ,4,54,42.5,-,31,26,1,233,-37,8.045,0.376,2.589,-0.008,3.764,-0.44,68,3.87,1.41,9.4,8.0,11.1,0.98,0.95,1.03,23.0,0.2,0.2,3,1420,0.722,5,3,-270,2,14.6,0.8,63,-58,-28,8.033,-0.042,4.77,8.97,0.31,0.37,73.67708333333333,-31.433611111111112,-32.682907,-43.371666,-40.92342,PM*,G,5807.644175213118,54.30721703039298,5.308584080479523e-07
HD 31501, ,4,57,59.3,+,34,16,4,170,-5,8.157,0.453,2.554,0.0,3.729,-0.14,33,5.56,0.22,0.0,0.0,0.0,0.84,0.8,0.92,38.6,0.2,0.2,4,3250,0.889,1,583,-203,2,30.2,1.1,-57,-73,48,8.032,-0.003,4.54,8.4,0.3,1.29,74.49708333333332,34.26777777777777,-32.37499,5.708587,-2.8761394,PM*,G,5357.966575133417,32.87442688529595,5.482500757558595e-06
HD 31527, ,4,55,38.3,-,23,14,30,223,-35,7.493,0.379,2.59,-0.006,3.764,-0.17,38,4.59,0.46,8.7,3.7,12.9,0.96,0.91,1.03,25.6,0.2,0.2,4,1829,0.767,4,-66,131,2,26.3,0.8,-31,6,-18,8.023,-0.022,7.77,9.1,0.08,0.17,73.90958333333333,-23.241666666666667,-22.765419,-21.229092,-21.795906,PM*,G,5807.644175213118,31.12777938417749,1.4354190325987634e-06
HD 31822, ,4,58,35.7,-,9,20,3,208,-29,7.947,0.357,2.604,-0.005,3.773,-0.24,43,4.77,0.14,2.2,0.0,9.2,0.99,0.91,1.04,15.6,0.2,0.3,5,1104,0.399,3,-33,-97,2,23.1,0.9,1,-16,-21,8.033,-0.021,7.3,8.13,0.05,0.2,74.64874999999999,-9.334166666666668,-33.206467,-17.656189,-20.846813,PM*,G,5929.2532458,37.608648747672525,1.8406817244279151e-06
HD 31841, ,4,52,3.3,-,72,59,43,285,-34,7.924,0.385,2.617,0.023,3.779,0.07,110,2.62,1.86,2.2,2.0,2.5,1.51,1.45,1.57,7.9,0.4,0.6,2,1122,0.076,5,78,113,2,9.1,0.6,-63,-32,11,7.977,-0.062,5.95,8.77,0.19,0.31,73.01375,-72.99527777777777,23.602774,-88.08677,-61.51122,PM*,G,6011.737374832779,91.19413352583584,9.440145766777144e-08
HD 31867, ,5,0,17.5,+,25,8,11,177,-10,7.96,0.422,2.595,0.0,3.744,-0.04,38,5.03,0.36,11.8,0.3,0.0,0.89,0.85,0.98,-26.9,0.2,0.1,2,977,0.759,1,62,4,1,26.0,1.1,24,-7,14,8.038,-0.007,7.23,8.89,0.1,0.36,75.07291666666666,25.136388888888888,-37.371407,1.9585562,-6.598631,PM*,G,5546.25712957911,37.42269369711656,2.636202092139624e-06
HD 31966, ,5,0,33.7,+,14,23,1,186,-17,6.751,0.423,2.599,0.029,3.747,-0.13,35,4.03,1.37,10.6,9.2,12.0,1.01,0.96,1.05,-18.4,0.1,0.2,13,2624,0.848,2,41,55,2,28.5,1.3,14,5,16,8.033,-0.01,7.72,9.14,0.08,0.39,75.14041666666665,14.38361111111111,-33.28731,-3.4986362,-10.233009,PM*,G,5584.701947368307,33.470665698429876,6.621840265962693e-07
HD 32016, ,5,3,17.4,+,54,54,53,154,8,8.161,0.378,0.0,0.0,3.768,0.03,63,4.15,0.63,6.3,3.4,9.0,1.07,1.01,1.14,14.9,0.3,0.2,2,1019,0.575,3,24,-110,1,15.8,1.2,-28,-20,-12,8.056,0.009,7.0,8.24,0.08,0.07,75.82249999999998,54.914722222222224,-56.072964,27.34861,8.767905,PM*,G,5861.3816451402845,62.38688773033478,7.81589471190529e-07
HD 32259, ,5,2,20.3,+,13,54,36,187,-17,7.515,0.385,2.597,0.003,3.76,-0.23,38,4.59,0.61,10.6,6.1,15.2,0.94,0.87,1.0,27.6,0.2,0.1,2,731,0.689,3,-8,-101,2,26.0,1.2,-21,-17,-19,8.037,-0.011,7.24,8.13,0.06,0.18,75.58458333333333,13.91,-36.06871,-4.4286766,-11.110125,PM*,G,5754.399373371566,36.33957921456284,1.4354190325987634e-06
HD 32724, ,5,4,47.5,-,11,41,56,212,-29,7.204,0.395,2.598,0.012,3.756,-0.3,42,4.07,1.28,11.3,9.6,12.9,0.98,0.95,1.02,-48.2,0.1,0.1,5,2498,0.936,1,76,-216,2,23.6,0.9,62,-17,19,8.032,-0.02,6.25,9.73,0.22,0.48,76.19791666666666,-11.69888888888889,-31.152222,-19.466068,-20.362003,PM*,G,5701.642722807472,36.73402699021587,6.998076736285392e-07
HD 32909, ,5,6,45.7,+,6,25,17,194,-20,8.011,0.324,2.631,-0.008,3.794,-0.05,76,3.6,0.65,3.1,2.3,4.0,1.22,1.14,1.28,-2.7,0.6,0.5,2,1079,0.554,22,-45,-7,2,13.1,1.1,6,8,-13,8.07,-0.026,7.93,9.13,0.07,0.1,76.69041666666665,6.421388888888889,-69.295265,-17.277243,-25.99353,*,G,6223.002851691595,71.41664285795905,3.655768617358884e-07
HD 32963, ,5,7,55.7,+,26,19,40,178,-8,7.603,0.414,2.594,0.0,3.751,0.07,35,4.87,0.28,7.4,0.0,13.7,0.98,0.9,1.05,-62.9,0.1,0.3,155,6999,1.0,2,-68,-67,2,28.4,1.1,64,-5,-6,8.035,-0.005,6.53,10.21,0.22,0.01,76.9820833333333,26.32777777777778,-34.638268,1.2095934,-4.8710585,PM*,G,5636.376558259543,34.65938150390378,2.1133853879250417e-06
HD 33093, ,5,7,24.9,-,12,29,28,213,-29,5.968,0.387,2.609,0.019,3.763,-0.17,36,3.17,1.9,4.4,4.1,4.9,1.22,1.19,1.28,53.0,0.1,0.4,9,2225,0.104,5,136,-109,1,27.6,0.7,-31,-51,-13,8.027,-0.017,5.47,8.12,0.19,0.09,76.85374999999998,-12.49111111111111,-26.406643,-17.14867,-17.453146,PM*,G,5794.286964268809,31.486309362933422,2.0182673768744495e-07
HD 33283, ,5,8,1.0,-,26,47,50,229,-34,8.046,0.403,2.617,0.033,3.777,0.23,87,3.21,1.18,3.2,2.4,5.5,1.39,1.34,1.44,4.1,0.2,0.1,3,1410,0.839,4,58,-46,2,11.5,0.9,10,-27,12,8.048,-0.048,6.69,8.21,0.1,0.31,77.00416666666666,-26.797222222222224,-47.31909,-54.43439,-48.64978,PM*,G,5984.115950603199,72.12627186469713,2.1329403021556404e-07
HD 33617, ,5,5,58.8,-,68,24,59,279,-35,8.158,0.379,2.601,0.007,3.764,-0.45,90,3.39,1.9,7.1,5.4,9.0,1.04,0.98,1.12,7.0,0.2,0.2,2,621,0.474,5,25,43,2,0.0,0.0,-19,-12,1,7.988,-0.051,7.5,8.08,0.04,0.13,76.49499999999999,-68.41638888888889,11.53293,-72.816025,-51.62188,PM*,G,5807.644175213118,73.72368663588064,2.7351345804337536e-07
HD 33876, ,5,5,57.4,-,73,35,38,285,-33,8.258,0.372,2.583,-0.019,3.766,-0.35,64,4.24,0.92,11.1,6.3,13.6,0.98,0.9,1.02,10.5,0.3,0.5,2,1039,0.186,5,-27,152,2,15.7,0.7,-41,-7,-23,7.986,-0.035,7.24,8.73,0.09,0.26,76.48916666666665,-73.59388888888888,13.892087,-51.845985,-34.8569,PM*,G,5834.451042737448,53.67491259271685,8.850722010772422e-07
HD 33995, ,5,13,25.2,-,18,33,30,220,-30,7.747,0.418,2.592,0.024,3.76,0.02,100,2.64,2.34,2.9,2.4,3.5,1.48,1.31,1.54,12.9,0.1,0.2,5,1708,0.634,3,-5,-38,2,10.0,0.9,4,-16,-14,8.067,-0.05,7.26,8.21,0.06,0.12,78.35499999999999,-18.558333333333334,-66.3414,-55.667038,-50.0,*,G,5754.399373371566,86.60254311308324,9.70462370493654e-08
HD 34239, ,5,15,44.9,-,4,47,48,206,-23,7.123,0.386,2.593,-0.007,3.762,-0.02,37,4.28,0.69,7.9,4.5,11.0,1.02,0.96,1.08,33.8,0.2,0.2,4,2191,0.776,7,50,37,2,0.0,0.0,-33,-13,-3,8.03,-0.015,7.23,8.4,0.08,0.06,78.93708333333333,-4.796666666666667,-30.611742,-14.930341,-14.457051,PM*,G,5780.960474057181,34.05868216256825,9.353597990167014e-07
HD 34445, ,5,17,40.9,+,7,21,12,195,-17,7.311,0.411,2.606,0.019,3.752,-0.01,45,4.04,1.15,9.5,8.0,11.1,1.04,1.0,1.07,-79.4,0.4,0.6,2,1003,0.047,3,-2,-149,2,22.2,1.0,85,-5,7,8.042,-0.013,6.2,11.01,0.28,0.25,79.42041666666665,7.353333333333333,-41.567375,-11.137946,-13.156726,PM*,G,5649.369748123023,43.03371359166602,6.713959240189154e-07
HD 34449, ,4,50,33.2,-,85,22,30,298,-29,8.134,0.389,2.595,0.001,3.758,-0.16,43,4.96,0.22,5.2,0.0,13.9,0.94,0.86,1.02,25.8,0.2,0.2,5,1807,0.731,4,48,-37,1,23.2,0.7,15,-24,-2,7.982,-0.021,6.66,8.25,0.11,0.08,72.63833333333332,-85.375,17.656193,-33.206463,-20.846813,PM*,G,5727.960309858292,37.60864709376845,2.3931983809430355e-06
HD 34590, ,5,20,0.7,+,32,47,8,174,-3,7.005,0.367,2.618,0.015,3.772,-0.26,57,3.21,1.74,4.8,4.3,5.6,1.19,1.14,1.25,0.4,0.2,0.1,2,635,0.953,8,15,-39,1,17.4,0.9,-1,-11,-3,8.057,-0.003,7.61,8.15,0.03,0.06,80.00291666666665,32.785555555555554,-56.61006,5.949959,-2.9831498,*,G,5915.616341754737,56.92188423888725,2.1329403021556404e-07
HD 34599, ,5,16,35.0,-,42,30,51,248,-35,8.287,0.414,2.595,0.0,3.749,-0.08,47,4.93,0.39,11.1,2.0,0.0,0.9,0.86,0.99,30.5,0.2,0.3,4,1861,0.416,4,17,94,1,21.3,0.8,-30,-18,-12,8.015,-0.027,7.05,8.25,0.08,0.08,79.14583333333331,-42.51416666666667,-14.422416,-35.69671,-26.958094,PM*,G,5610.479760324706,38.500145299740836,2.296036038019654e-06
HD 34796, ,5,19,25.6,-,14,46,6,216,-27,8.009,0.363,2.601,-0.007,3.771,-0.29,67,3.89,1.11,8.4,6.6,10.1,1.01,0.98,1.07,54.0,0.2,0.3,4,1575,0.43,4,-34,0,2,15.0,1.0,-39,-21,-33,8.048,-0.03,6.82,8.44,0.11,0.43,79.85666666666665,-14.768333333333334,-48.29625,-35.089264,-30.417362,*,G,5902.010801718442,59.697438907579574,5.457310954707681e-07
HD 34991, ,5,21,17.9,-,5,48,41,208,-23,7.231,0.359,2.608,-0.005,3.774,-0.15,37,4.39,0.41,5.9,0.2,9.5,1.02,0.96,1.09,-5.2,0.2,0.1,3,472,0.817,2,2,-7,2,0.0,0.0,5,1,2,8.03,-0.014,7.83,8.67,0.05,0.14,80.32458333333332,-5.811388888888889,-30.072031,-15.989581,-14.457051,*,G,5942.921586155727,34.05868096419064,1.088876688899508e-06
HD 35041, ,5,21,12.9,-,14,9,8,216,-26,7.679,0.402,2.588,0.002,3.751,-0.21,37,4.83,0.55,13.6,6.7,0.0,0.88,0.84,0.95,-4.3,0.2,0.2,4,1121,0.74,5,-29,28,2,26.9,1.0,0,8,0,8.027,-0.016,7.96,9.0,0.06,0.1,80.30374999999998,-14.152222222222225,-26.904171,-19.547016,-16.219732,*,G,5636.376558259543,33.255379289695334,1.999763790342133e-06
HD 35190, ,5,23,41.7,+,16,29,49,188,-11,8.136,0.35,2.622,0.007,3.778,-0.24,66,4.04,0.75,6.4,3.7,9.0,1.04,0.97,1.1,-0.2,0.3,0.5,2,241,0.253,5,-47,-18,2,0.0,0.0,3,4,-15,8.064,-0.012,7.94,8.79,0.05,0.12,80.92375,16.496944444444445,-64.15688,-9.016664,-12.593393,*,G,5997.910762555094,64.78738674327971,6.713959240189154e-07
HD 35676, ,5,24,57.9,-,34,12,22,238,-32,8.069,0.445,0.0,0.0,3.736,0.03,37,5.21,0.3,0.0,0.0,0.0,0.88,0.85,0.98,45.9,0.1,0.2,5,3217,0.695,4,16,182,2,26.8,0.8,-50,-21,-16,8.017,-0.02,6.61,8.65,0.13,0.13,81.24125,-34.20611111111111,-16.627693,-26.609863,-19.607014,PM*,G,5445.026528424214,31.37777849658924,3.3804825648124227e-06
HD 35833, ,5,28,9.2,+,16,26,20,189,-10,6.853,0.418,2.572,0.0,3.748,-0.21,61,2.93,2.52,3.5,2.9,4.2,1.28,1.25,1.33,54.8,0.2,0.2,2,1487,0.596,4,-38,-54,1,16.4,1.3,-49,-15,-27,8.059,-0.011,6.9,8.83,0.12,0.32,82.03833333333333,16.43888888888889,-59.33367,-9.397526,-10.592539,PM*,G,5597.576014951104,60.0732710162313,1.4487008013797057e-07
HD 35974, ,5,27,6.6,-,31,33,58,235,-31,7.188,0.376,2.608,0.011,3.766,-0.22,58,3.35,1.7,5.5,4.8,6.3,1.16,1.1,1.24,76.4,0.2,0.4,3,3722,0.182,5,-58,40,2,17.1,0.7,-47,-39,-50,8.029,-0.03,5.96,8.41,0.17,0.85,81.77749999999999,-31.566111111111116,-28.51575,-40.724724,-29.872208,PM*,G,5834.451042737448,49.71570318258282,2.5880859813430504e-07
HD 36130, ,5,37,33.4,+,74,41,19,139,21,7.76,0.377,0.0,0.0,3.772,0.26,50,4.27,0.21,3.3,0.0,6.8,1.15,1.13,1.18,-62.6,0.2,0.3,2,609,0.307,4,-26,-180,2,20.0,0.7,13,-60,-45,8.035,0.018,5.11,8.14,0.23,0.71,84.38916666666667,74.68861111111111,-35.229107,30.62419,17.918398,PM*,G,5915.616341754737,46.679020910614106,9.225261814543033e-07
HD 36152, ,5,28,59.1,-,17,25,45,220,-26,8.28,0.411,2.594,0.005,3.751,0.0,47,4.93,0.28,7.6,0.0,15.1,0.95,0.88,1.03,-9.7,0.2,0.3,5,1840,0.33,1,-85,-72,2,21.4,1.1,19,6,-17,8.032,-0.02,7.63,9.3,0.1,0.16,82.24624999999999,-17.429166666666667,-32.360264,-27.153482,-20.603445,PM*,G,5636.376558259543,42.243322204509674,2.296036038019654e-06
HD 36379, ,5,30,59.9,-,10,4,51,213,-22,6.953,0.359,2.605,-0.005,3.773,-0.32,42,3.85,1.13,8.2,7.0,9.6,1.02,0.98,1.08,22.8,0.2,0.1,5,1192,0.984,4,160,-314,2,24.0,0.9,19,-70,-7,8.032,-0.016,4.56,8.17,0.28,0.02,82.74958333333332,-10.080833333333333,-32.65928,-21.209179,-15.733477,PM*,G,5929.2532458,38.94172369030987,5.163910426473034e-07
HD 36435, ,5,27,39.3,-,60,24,57,269,-34,6.979,0.455,0.0,0.0,3.726,-0.21,20,5.52,0.37,0.0,3.0,0.0,0.83,0.8,0.89,13.7,0.1,0.2,5,2126,0.671,5,-148,-92,2,51.1,0.5,9,-4,-19,8.0,-0.011,7.59,8.51,0.06,0.17,81.91375,-60.41583333333333,-0.28937218,-16.578226,-11.183858,PM*,G,5321.082592667942,16.580751296778864,5.187745954018055e-06
HD 36516, ,5,31,1.1,-,28,31,43,232,-29,8.179,0.384,2.573,0.0,3.758,-0.52,50,4.71,0.75,12.4,6.4,0.0,0.84,0.81,0.92,25.2,0.2,0.4,5,3336,0.208,3,-22,136,2,20.2,0.9,-40,1,-8,8.027,-0.024,7.52,9.06,0.09,0.03,82.75458333333331,-28.52861111111111,-26.923485,-34.460487,-24.24048,PM*,G,5727.960309858292,43.7309868265329,1.6942547049835658e-06
HD 37006, ,5,46,11.9,+,78,15,22,135,23,8.187,0.447,0.0,0.0,3.731,-0.15,35,5.44,0.31,0.0,0.0,0.0,0.84,0.81,0.92,-12.0,0.2,0.3,2,986,0.43,4,-46,71,2,28.2,0.8,17,3,-7,8.023,0.014,7.61,9.04,0.09,0.01,86.54958333333332,78.25611111111111,-22.781332,22.781332,13.67559,PM*,G,5382.697825162882,32.217668683324185,4.6449249398502366e-06
HD 37216, ,5,39,52.3,+,52,53,50,159,11,7.845,0.448,0.0,0.0,3.732,-0.04,28,5.62,0.03,0.0,0.0,14.6,0.88,0.82,0.93,11.0,0.2,0.3,4,615,0.45,2,-10,-141,2,35.9,1.1,-18,-10,-8,8.025,0.006,7.66,8.11,0.03,0.01,84.96791666666665,52.89722222222222,-25.659983,9.849943,5.342652,PM*,G,5395.1062251512785,27.485561749099073,5.9563293045116295e-06
HD 37464, ,5,44,26.1,+,68,29,33,145,19,8.011,0.368,0.0,0.0,3.768,-0.49,64,3.98,1.24,9.3,6.5,12.1,0.97,0.88,1.03,-15.4,0.2,0.1,3,612,0.969,4,31,-90,2,0.0,0.0,-6,-31,-8,8.049,0.021,6.53,8.06,0.1,0.03,86.10874999999999,68.4925,-49.5695,34.708942,20.83636,PM*,G,5861.3816451402845,60.513188521258435,6.179860907400366e-07
HD 37548, ,5,38,37.8,-,16,55,9,221,-24,7.592,0.382,2.601,0.005,3.765,-0.08,56,3.86,1.09,7.8,6.2,9.1,1.08,1.02,1.12,71.5,0.2,0.4,5,1815,0.165,3,108,-104,2,17.9,1.0,-33,-74,-14,8.039,-0.022,4.45,8.12,0.29,0.1,84.65749999999998,-16.91916666666667,-38.60984,-33.563026,-22.777252,PM*,G,5821.032177708716,51.15854238641164,5.23574757632536e-07
HD 37685, ,5,40,46.3,+,9,15,55,196,-11,7.961,0.402,2.599,0.014,3.756,-0.07,73,3.64,1.51,7.1,5.8,8.5,1.11,1.05,1.16,-64.8,0.3,0.5,2,731,0.163,3,-52,-70,2,13.7,1.1,69,8,-15,8.069,-0.014,6.78,11.04,0.24,0.14,85.19291666666666,9.265277777777778,-68.88284,-19.751833,-13.929057,PM*,G,5701.642722807472,71.6587786201069,3.863480284458676e-07
HD 37693, ,5,43,26.8,+,52,29,19,159,12,7.143,0.391,0.0,0.0,3.758,-0.12,30,4.74,0.41,9.2,2.8,14.5,0.95,0.88,1.02,-25.4,0.4,0.6,2,983,0.103,4,246,20,2,33.0,0.9,24,-25,26,8.028,0.006,6.59,8.5,0.13,0.62,85.86166666666665,52.48861111111111,-27.395386,10.516102,6.237351,PM*,G,5727.960309858292,29.34443005688473,1.7659512088359783e-06
HD 37773, ,5,41,34.3,+,15,12,49,191,-8,7.676,0.428,2.581,0.0,3.743,-0.03,38,4.79,0.62,14.1,8.3,0.0,0.9,0.87,0.95,-42.7,0.2,0.1,2,731,0.66,4,71,-201,1,26.5,1.1,50,-28,-2,8.037,-0.005,6.05,9.07,0.2,0.09,85.39291666666665,15.21361111111111,-36.938812,-7.180176,-5.288578,PM*,G,5533.501092157366,37.63018415264958,1.8922508123754359e-06
HD 37799, ,5,43,13.7,+,41,41,46,169,6,6.798,0.446,0.0,0.0,3.738,-0.16,89,2.04,3.58,1.5,1.2,1.8,1.76,1.57,1.78,9.4,0.3,0.3,2,382,0.457,4,63,-100,1,11.2,1.0,-19,-47,2,8.087,0.01,5.73,8.1,0.17,0.14,85.80708333333332,41.69611111111111,-86.88622,16.888973,9.303033,PM*,G,5470.159628939716,88.5124433900857,4.2362218931380014e-08
HD 37962, ,5,40,51.9,-,31,21,4,236,-28,7.846,0.405,2.587,0.008,3.749,-0.28,37,5.01,0.47,13.8,4.6,0.0,0.86,0.82,0.93,2.7,0.2,0.3,4,1069,0.453,3,-61,-364,2,27.1,0.7,54,-24,-27,8.018,-0.017,6.13,9.26,0.2,0.33,85.21624999999999,-31.351111111111116,-18.268307,-27.08388,-17.37045,PM*,G,5610.479760324706,32.66906176339702,2.564358266443843e-06
HD 38110, ,5,42,58.8,-,7,28,52,212,-19,8.181,0.415,2.612,0.0,3.752,0.01,60,4.31,0.86,10.4,7.4,13.1,1.0,0.94,1.05,57.0,0.2,0.1,2,1107,0.733,4,49,-98,2,16.8,1.2,-30,-54,-18,8.048,-0.019,5.32,8.14,0.21,0.16,85.745,-7.481111111111111,-48.110714,-30.06291,-19.534088,PM*,G,5649.369748123023,56.73111456033537,9.74941821268923e-07
HD 38215, ,5,37,58.1,-,69,57,27,280,-32,8.14,0.438,0.0,0.0,3.737,-0.21,43,4.97,0.71,0.0,10.8,0.0,0.87,0.83,0.91,17.5,0.1,0.3,4,2167,0.48,2,54,169,2,0.0,0.0,-32,-24,-3,7.993,-0.023,6.74,8.22,0.1,0.07,84.49208333333333,-69.9575,6.332266,-35.912067,-22.786528,PM*,G,5457.57861091271,36.46606845969613,2.4264910867647234e-06
HD 38277, ,5,44,17.5,-,10,1,0,214,-19,7.12,0.392,2.593,0.0,3.758,-0.2,39,4.14,1.08,11.0,9.2,12.7,0.99,0.96,1.03,32.3,0.2,0.2,4,3281,0.757,3,66,-141,2,25.4,0.8,-9,-41,-11,8.031,-0.013,6.0,8.03,0.14,0.05,86.07291666666666,-10.016666666666667,-30.570946,-20.620365,-12.697158,PM*,G,5727.960309858292,36.87522463752785,7.70865661620565e-07
HD 38406, ,5,45,28.7,-,1,36,54,207,-15,8.205,0.388,2.603,0.006,3.762,-0.03,66,4.11,0.87,8.3,5.7,10.7,1.03,0.99,1.09,-2.0,0.2,0.4,3,1494,0.244,3,133,-60,1,15.2,1.3,11,-35,27,8.057,-0.017,6.33,8.2,0.13,0.63,86.36958333333332,-1.615,-56.802647,-28.942398,-17.082056,PM*,G,5780.960474057181,63.751102799849775,7.395690025727166e-07
HD 38858, ,5,48,34.9,-,4,5,40,209,-16,5.975,0.402,2.578,0.0,3.751,-0.26,16,5.01,0.41,12.2,2.4,0.0,0.86,0.83,0.95,31.2,0.1,0.2,5,2200,0.862,3,62,-229,1,64.2,1.2,-17,-29,-12,8.013,-0.004,6.6,8.03,0.1,0.07,87.14541666666665,-4.094444444444444,-13.451814,-7.4564633,-4.4101977,PM*,G,5636.376558259543,15.380186762027401,2.564358266443843e-06
HD 38949, ,5,48,20.0,-,24,27,49,229,-24,7.817,0.363,2.59,-0.016,3.772,-0.11,43,4.67,0.14,2.6,0.0,9.0,1.02,0.95,1.08,3.0,0.2,0.3,4,1046,0.349,7,-31,-39,2,23.5,0.8,4,-3,-9,8.025,-0.017,7.76,8.46,0.04,0.03,87.08333333333331,-24.46361111111111,-25.771606,-29.646843,-17.489676,*,G,5915.616341754737,39.28245124334637,1.6031667626742862e-06
HD 38973, ,5,46,27.9,-,53,13,9,261,-31,6.631,0.373,2.598,-0.013,3.768,-0.17,29,4.33,0.63,7.9,4.8,10.3,1.0,0.96,1.06,-5.9,0.1,0.3,5,1120,0.504,4,40,-139,2,34.7,0.5,20,0,6,8.004,-0.015,7.48,8.97,0.09,0.21,86.61624999999998,-53.219166666666666,-3.8886256,-24.55181,-14.936104,PM*,G,5861.3816451402845,24.85785154298487,1.0022560819895619e-06
HD 39091, ,5,37,9.8,-,80,28,8,293,-30,5.662,0.372,2.615,0.004,3.77,-0.03,18,4.36,0.43,6.0,2.9,9.0,1.04,0.99,1.1,10.3,0.1,0.1,5,2167,0.915,3,312,1050,1,54.9,0.4,-84,-46,0,7.994,-0.009,5.2,9.1,0.27,0.11,84.29083333333332,-80.46888888888888,6.0908966,-14.34925,-9.0,PM*,G,5888.43655355589,15.588457170431958,1.0446689829731647e-06
HD 39537, ,5,56,22.0,+,54,16,11,159,14,8.001,0.482,0.0,0.0,3.718,-0.14,26,5.93,0.07,0.0,0.0,0.0,0.82,0.78,0.87,16.0,0.2,0.1,2,276,0.921,1,-45,-112,2,0.0,0.0,-21,-2,-7,8.023,0.006,7.85,8.39,0.03,0.01,89.09166666666665,54.26972222222222,-23.552078,9.040794,6.2899694,PM*,G,5223.9618899911975,25.227689832176868,9.140684105848662e-06
HD 39833, ,5,55,1.9,-,0,30,28,207,-13,7.647,0.391,2.603,-0.005,3.764,0.21,47,4.3,0.43,5.4,2.2,9.0,1.12,1.07,1.17,24.3,0.1,0.2,4,2948,0.531,3,-104,-51,1,21.4,1.1,-17,-7,-30,8.041,-0.01,7.83,8.17,0.02,0.37,88.75791666666666,-0.5077777777777778,-40.803993,-20.790674,-10.572699,PM*,G,5807.644175213118,45.7953924551185,9.615651180014716e-07
HD 40040, ,5,57,1.7,+,15,44,28,193,-4,8.185,0.414,2.578,0.0,3.746,-0.41,68,4.02,1.62,12.2,10.0,14.7,0.93,0.86,0.98,-26.6,0.2,0.3,3,719,0.637,2,88,-243,1,14.7,1.2,45,-74,-12,8.066,-0.005,4.3,8.53,0.33,0.08,89.25708333333333,15.74111111111111,-66.095764,-15.25941,-4.74344,PM*,G,5571.857489319298,67.83435421887494,6.530985211445702e-07
HD 40199,*,5,54,51.3,-,47,38,32,255,-29,8.258,0.385,0.0,0.0,3.763,-0.25,96,3.34,1.81,5.7,4.8,6.7,1.13,1.08,1.23,15.4,0.2,0.1,2,1080,0.744,5,64,107,2,10.4,0.7,-50,-18,26,8.022,-0.046,6.77,8.77,0.13,0.61,88.71374999999999,-47.64222222222222,-21.731346,-81.10251,-46.54172,PM*,G,5794.286964268809,83.96349520638012,2.5525761104483704e-07
HD 40583, ,5,58,3.7,-,35,48,1,242,-26,8.265,0.368,2.611,-0.001,3.772,-0.06,61,4.34,0.43,5.9,2.4,9.0,1.04,0.98,1.11,17.7,0.2,0.1,3,1447,0.929,3,-7,-51,2,16.4,0.8,5,-18,-13,8.026,-0.026,7.11,8.17,0.07,0.09,89.51541666666665,-35.80027777777777,-25.739458,-48.40887,-26.74064,PM*,G,5915.616341754737,54.82643881204272,1.0161988529530514e-06
HD 40616, ,6,0,13.7,+,4,50,7,203,-9,7.464,0.397,2.583,0.002,3.754,-0.27,53,3.82,1.55,9.1,8.0,10.5,1.02,0.99,1.05,76.6,0.3,0.1,2,360,0.807,3,-61,136,2,18.7,1.0,-85,5,-9,8.049,-0.008,6.79,10.7,0.22,0.04,90.05708333333331,4.835277777777778,-48.186115,-20.45379,-8.291027,PM*,G,5675.446054085472,52.347485175100104,4.954258924249949e-07
HD 40647, ,6,6,5.7,+,69,28,34,145,21,8.285,0.476,0.0,0.0,3.716,-0.34,32,5.76,0.42,0.0,0.0,0.0,0.79,0.76,0.85,-13.8,0.2,0.1,2,612,0.789,1,-135,-56,1,31.3,1.0,3,-3,-26,8.024,0.012,7.77,8.44,0.04,0.29,91.52375,69.47611111111111,-24.471815,17.135353,11.467774,PM*,G,5199.959965335162,29.87457199406937,7.227343567792226e-06
HD 40668, ,6,3,7.4,+,51,15,33,162,14,8.264,0.436,2.59,0.0,3.739,-0.14,48,4.86,0.72,17.2,10.3,0.0,0.88,0.85,0.93,-12.7,0.2,0.2,2,983,0.665,2,-1,-22,2,0.0,0.0,10,-8,-5,8.044,0.011,7.51,8.47,0.06,0.03,90.78083333333332,51.259166666666665,-44.29469,14.39222,11.612251,*,G,5482.769649208536,46.57419412855686,2.0843886533432196e-06
HD 41343, ,6,6,3.3,+,33,15,14,178,6,8.153,0.403,2.588,-0.012,3.757,-0.09,116,2.83,2.31,3.7,2.9,4.8,1.29,1.19,1.37,28.7,0.3,0.0,1,0,0.0,10,48,-82,2,0.0,0.0,-30,-51,4,8.115,0.012,5.51,8.2,0.2,0.18,91.51375,33.25388888888889,-115.294266,4.0261593,12.125302,PM*,G,5714.786366718672,115.3645427815138,1.2617656507419192e-07
HD 41484, ,6,5,10.8,-,9,17,30,216,-14,7.958,0.37,2.628,0.018,3.773,-0.03,81,3.41,1.31,5.1,3.1,6.2,1.17,1.11,1.27,0.2,0.2,0.1,2,795,0.89,5,-7,-57,2,12.3,1.1,13,-13,-12,8.064,-0.02,7.25,8.44,0.08,0.07,91.295,-9.291666666666666,-63.583855,-46.196358,-19.595675,PM*,G,5929.2532458,78.59395720489705,2.8117629262552084e-07
HD 41708, ,6,7,59.0,+,27,25,41,184,4,8.026,0.394,2.616,0.018,3.759,-0.02,44,4.79,0.25,6.4,0.0,12.3,0.98,0.91,1.05,34.2,0.2,0.2,3,2522,0.624,2,27,-94,1,22.5,1.1,-33,-22,-3,8.044,0.003,6.83,8.29,0.1,0.07,91.99583333333332,27.42805555555556,-43.7859,-3.0618052,3.0692847,PM*,G,5741.164622073275,43.89282048231518,1.8922508123754359e-06
HD 42250, ,6,16,2.6,+,70,46,53,144,23,7.433,0.469,0.0,0.0,3.725,-0.02,26,5.38,0.39,0.0,6.3,0.0,0.85,0.84,0.91,19.3,0.2,0.4,3,2880,0.158,1,-11,-443,1,38.9,0.7,-50,-26,-9,8.019,0.01,6.38,8.58,0.15,0.03,94.01083333333332,70.78138888888888,-19.362307,14.067538,10.159009,PM*,G,5308.8444423098845,23.93312678576899,4.275419171710767e-06
HD 42287, ,6,5,42.0,-,61,44,54,271,-29,7.834,0.371,2.619,0.013,3.768,-0.2,49,4.39,0.59,7.9,4.8,11.5,0.99,0.94,1.05,-5.2,0.1,0.2,5,1159,0.763,5,-50,10,2,20.5,0.7,-3,10,-7,7.999,-0.024,7.97,9.04,0.06,0.03,91.42499999999998,-61.748333333333335,0.7479429,-42.84984,-23.75567,PM*,G,5861.3816451402845,42.85636716530299,1.088876688899508e-06
HD 42618, ,6,12,0.5,+,6,46,59,202,-6,6.857,0.402,2.581,-0.012,3.754,-0.03,23,5.04,0.12,2.5,0.0,12.0,0.96,0.88,1.02,-53.7,0.1,0.2,8,2238,0.868,4,197,-253,2,43.3,0.9,62,-12,11,8.021,-0.002,6.38,9.88,0.22,0.32,93.00208333333332,6.783055555555555,-21.208406,-8.568754,-2.4041548,PM*,G,5675.446054085472,22.87400337005641,2.6728753163232114e-06
HD 42819, ,6,16,12.3,+,56,56,3,157,18,7.475,0.373,2.612,0.0,3.77,0.02,53,3.86,0.88,6.5,3.7,8.2,1.11,1.06,1.18,22.2,0.1,0.3,6,1517,0.717,2,-208,-187,2,18.9,1.0,-47,-6,-56,8.046,0.016,7.27,9.17,0.12,1.06,94.05124999999998,56.93416666666666,-46.398968,19.695194,16.377901,PM*,G,5888.43655355589,50.40600061661965,5.23574757632536e-07
HD 43279, ,6,18,52.0,+,57,8,16,157,18,8.186,0.418,2.599,0.0,3.75,0.07,57,4.41,0.76,9.8,6.3,13.1,0.99,0.93,1.06,5.1,0.2,0.3,5,1517,0.432,2,62,-108,2,0.0,0.0,-16,-29,6,8.05,0.018,6.63,8.06,0.1,0.2,94.71666666666664,57.13777777777778,-49.900776,21.181623,17.61397,PM*,G,5623.413251903491,54.21022595706741,1.1193829828386824e-06
HD 43691, ,6,19,34.6,+,41,5,32,173,12,8.028,0.371,2.626,0.02,3.785,0.13,93,3.09,1.19,2.6,2.2,3.1,1.38,1.3,1.45,-29.2,0.2,0.3,2,1082,0.325,5,23,-52,1,10.7,1.2,25,-29,-7,8.091,0.019,6.42,8.51,0.14,0.02,94.89416666666664,41.09222222222223,-90.289665,11.086171,19.335789,PM*,G,6095.368972401694,90.96772390938155,1.807085496711585e-07
HD 43717, ,6,16,52.8,-,18,36,24,226,-16,7.492,0.38,2.595,0.004,3.762,-0.29,53,3.87,1.33,9.1,7.8,10.5,1.01,0.98,1.05,77.0,0.2,0.2,4,3279,0.808,4,-125,27,2,18.9,0.9,-61,-34,-45,8.035,-0.014,5.99,8.78,0.19,0.75,94.21999999999998,-18.60666666666667,-35.390667,-36.648113,-14.60878,PM*,G,5780.960474057181,50.94686935588543,5.308584080479523e-07
HD 43834, ,6,10,14.4,-,74,45,10,286,-29,5.073,0.442,2.587,0.0,3.738,0.1,10,5.04,0.38,12.8,3.9,0.0,0.91,0.88,1.0,35.6,0.2,0.4,4,3280,0.116,3,122,-213,1,98.5,0.4,18,-31,-12,7.998,-0.005,6.33,8.27,0.13,0.07,92.56,-74.75277777777778,2.4107773,-8.407384,-4.848096,PM*,G,5470.159628939716,8.746196482680418,2.6728753163232114e-06
HD 44219, ,6,20,14.3,-,10,43,30,219,-12,7.7,0.418,2.6,0.023,3.76,0.09,51,4.08,0.85,7.8,5.1,9.8,1.09,1.03,1.16,-12.4,0.2,0.3,5,1166,0.261,2,73,-15,2,19.8,1.0,14,-3,16,8.038,-0.01,7.57,8.77,0.07,0.4,95.05958333333332,-10.725,-38.768337,-31.39398,-10.603497,PM*,G,5754.399373371566,49.885528302163635,7.095429681178739e-07
HD 44280, ,6,32,56.2,+,79,28,6,135,26,7.954,0.316,0.0,0.0,3.8,-0.19,143,2.18,2.06,1.9,1.6,2.2,1.56,1.46,1.64,-9.7,2.7,3.8,2,609,0.042,55,-12,-23,2,7.0,0.8,-7,-13,-14,8.09,0.062,7.61,8.1,0.03,0.11,98.23416666666664,79.46833333333333,-90.882706,90.882706,62.687077,*,G,6309.57344480193,128.52755541036666,5.140184413229288e-08
HD 44420, ,6,21,43.5,-,0,32,20,210,-7,7.612,0.428,2.605,0.0,3.748,0.21,41,4.54,0.57,9.1,4.8,13.4,1.05,1.03,1.07,-0.9,0.1,0.2,5,2197,0.6,1,-1,-155,2,24.3,0.9,15,-22,-14,8.035,-0.005,6.8,8.33,0.1,0.1,95.43124999999998,-0.5388888888888889,-35.24238,-20.347195,-4.996643,PM*,G,5597.576014951104,40.69439386982468,1.33961098561865e-06
HD 44447, ,6,15,6.0,-,71,42,9,282,-28,6.61,0.369,2.598,0.004,3.767,-0.42,31,4.14,1.06,10.7,8.9,12.9,0.98,0.89,1.03,13.3,0.2,0.2,4,4752,0.872,3,-16,54,2,32.0,0.5,-6,-12,-8,7.994,-0.015,7.56,8.02,0.03,0.02,93.775,-71.7025,5.6908226,-26.773245,-14.553618,PM*,G,5847.900841444806,27.37137390951897,7.70865661620565e-07
HD 44569, ,6,21,37.3,-,18,10,0,226,-15,7.725,0.392,2.586,0.0,3.757,-0.18,44,4.5,0.72,11.2,7.2,15.3,0.95,0.89,1.0,20.2,0.1,0.3,5,1811,0.432,3,-46,-97,2,22.6,0.9,0,-21,-22,8.03,-0.011,7.04,8.09,0.07,0.22,95.40541666666664,-18.166666666666668,-29.52349,-30.572474,-11.388038,PM*,G,5714.786366718672,42.50073679668125,1.2675896963662255e-06
HD 44614, ,6,24,30.8,+,38,34,9,175,12,7.588,0.391,0.0,0.0,3.763,0.13,45,4.33,0.5,6.0,3.1,9.3,1.09,1.04,1.15,32.1,0.2,0.2,2,1045,0.472,1,89,-92,2,22.3,1.0,-32,-23,15,8.044,0.009,6.83,8.26,0.09,0.36,96.12833333333332,38.56916666666667,-43.849144,3.836309,9.356027,PM*,G,5794.286964268809,44.01664112896641,1.0022560819895619e-06
HD 45184, ,6,24,43.8,-,28,46,48,237,-18,6.37,0.394,2.597,-0.001,3.76,0.03,22,4.66,0.31,7.4,0.3,11.5,1.01,0.94,1.08,-4.1,0.1,0.1,4,4740,0.959,2,-165,-122,2,45.4,0.6,10,5,-18,8.012,-0.007,7.77,9.0,0.07,0.18,96.1825,-28.78,-11.3956175,-17.547709,-6.798374,PM*,G,5754.399373371566,20.923245191771453,1.5811704900714475e-06
HD 45253, ,6,26,50.4,+,11,39,27,200,0,8.175,0.389,2.596,0.012,3.756,-0.36,50,4.68,0.72,12.5,5.7,0.0,0.87,0.83,0.96,28.0,0.3,0.1,2,120,0.86,1,-120,32,2,0.0,0.0,-33,9,-22,8.047,0.0,7.8,9.34,0.09,0.23,96.71,11.6575,-46.98463,-17.101007,0.0,PM*,G,5701.642722807472,49.99999896650948,1.6254690339100712e-06
HD 45289, ,6,24,24.3,-,42,50,51,251,-23,6.667,0.418,2.581,0.0,3.748,-0.04,28,4.44,0.87,13.7,8.8,15.8,0.94,0.91,1.0,56.0,0.1,0.2,4,1918,0.749,3,-75,777,1,35.8,0.5,-116,-20,-2,8.008,-0.011,5.63,10.81,0.32,0.1,96.10125,-42.8475,-8.391238,-24.369923,-10.940472,PM*,G,5597.576014951104,25.774134751695797,1.1667523931790261e-06
HD 45350, ,6,28,45.7,+,38,57,46,175,13,7.892,0.457,0.0,0.0,3.736,0.19,49,4.44,0.96,12.6,10.4,14.6,0.98,0.95,1.02,-21.3,0.2,0.2,2,1361,0.564,3,-42,-54,1,20.4,1.0,17,-9,-18,8.048,0.011,7.33,8.65,0.08,0.17,97.19041666666666,38.96277777777778,-47.56245,4.1611814,11.022601,PM*,G,5445.026528424214,47.74413137387888,1.1667523931790261e-06
HD 45364, ,6,25,38.4,-,31,28,51,239,-19,8.086,0.443,2.563,0.0,3.734,-0.09,33,5.52,0.12,0.0,0.0,0.0,0.87,0.81,0.94,15.9,0.2,0.4,7,3311,0.058,2,55,-11,2,30.7,0.8,-5,-17,2,8.016,-0.011,7.28,8.03,0.05,0.13,96.40999999999998,-31.480833333333333,-16.070284,-26.745426,-10.743749,PM*,G,5420.008904016238,31.202112745167305,5.187745954018055e-06
HD 45391, ,6,28,46.0,+,36,28,47,178,12,7.137,0.399,2.568,0.0,3.749,-0.45,26,5.09,0.52,11.7,0.2,0.0,0.83,0.8,0.92,-6.1,0.2,0.4,3,3279,0.225,2,-291,-220,2,39.0,0.9,-3,-9,-44,8.025,0.005,7.79,8.15,0.02,0.66,97.19166666666666,36.47972222222222,-25.416348,0.8875572,5.405704,PM*,G,5610.479760324706,25.431840347099847,2.8640375019334002e-06
HD 45444, ,6,29,17.2,+,39,38,52,175,13,7.89,0.396,0.0,0.0,3.759,-0.12,110,2.69,2.43,3.3,2.6,4.1,1.33,1.26,1.39,14.6,0.2,0.2,3,3224,0.678,5,8,-107,2,9.1,1.1,-23,-50,-16,8.107,0.025,5.58,8.15,0.19,0.13,97.32166666666666,39.647777777777776,-106.77285,9.341428,24.744616,PM*,G,5741.164622073275,107.18070616580992,1.0398691649905992e-07
HD 45580, ,6,29,3.6,+,17,44,42,195,3,7.609,0.386,2.596,0.004,3.76,-0.29,48,4.21,1.04,11.5,9.0,13.9,0.97,0.9,1.02,-14.4,0.3,0.1,2,1078,0.712,5,-124,-165,1,20.9,1.2,17,-16,-43,8.046,0.003,7.1,8.49,0.09,0.67,97.265,17.745,-46.300896,-12.406289,2.512126,PM*,G,5754.399373371566,47.93421509897014,8.491388286507029e-07
HD 45821, ,6,36,30.5,+,72,0,33,143,25,7.78,0.424,0.0,0.0,3.746,-0.03,50,4.29,1.05,12.2,10.1,14.1,0.96,0.92,1.02,41.8,0.2,0.4,5,1507,0.139,2,-46,-244,2,20.0,0.8,-71,-14,-4,8.036,0.021,6.51,9.43,0.18,0.06,99.12708333333332,72.00916666666667,-36.190475,27.271484,21.130913,PM*,G,5571.857489319298,45.31538723532969,9.483719499834043e-07
HD 46098, ,6,28,40.3,-,50,4,52,259,-24,8.253,0.389,2.607,0.021,3.772,-0.22,169,2.02,2.89,2.1,1.7,2.5,1.55,1.43,1.67,-13.2,0.2,0.2,3,2128,0.602,3,-24,-22,1,5.9,0.7,17,18,-16,8.031,-0.069,7.81,9.96,0.12,0.16,97.16791666666666,-50.08111111111111,-29.45882,-151.55261,-68.738495,*,G,5915.616341754737,154.3891695476224,4.12077308585319e-08
HD 46375, ,6,33,12.6,+,5,27,46,206,-2,7.914,0.502,0.0,0.0,3.716,0.39,33,5.29,0.47,16.4,7.7,0.0,0.87,0.84,0.92,-1.6,0.3,0.6,4,1090,0.033,1,120,-98,3,29.9,1.1,11,-20,10,8.03,-0.001,6.98,8.27,0.08,0.26,98.30249999999998,5.462777777777778,-29.642138,-14.457433,-1.1516833,PM*,G,5199.959965335162,32.97989863781471,3.7755367364019577e-06
HD 47186, ,6,36,8.7,-,27,37,20,237,-15,7.619,0.445,0.0,0.0,3.739,0.18,38,4.73,0.61,11.9,7.9,16.6,0.95,0.93,1.03,3.8,0.2,0.3,3,1407,0.239,1,22,-261,2,26.4,0.9,37,-25,-15,8.02,-0.01,6.33,8.76,0.16,0.13,99.03624999999998,-27.622222222222224,-19.991077,-30.783554,-9.835124,PM*,G,5482.769649208536,36.70518160274983,1.7417214499005635e-06
HD 47309, ,6,40,49.0,+,51,58,41,164,20,7.594,0.412,2.598,0.019,3.749,-0.16,42,4.46,0.92,14.2,10.1,17.2,0.92,0.88,0.97,27.2,0.1,0.2,7,1116,0.877,3,-1,-294,2,23.6,1.0,-47,-44,-10,8.038,0.014,5.66,8.36,0.19,0.04,100.20416666666668,51.97805555555556,-37.9382,10.878605,14.364845,PM*,G,5610.479760324706,39.467088390024735,1.1994404760661065e-06
HD 48056, ,6,41,23.3,-,2,21,0,214,-3,7.701,0.361,2.629,0.015,3.776,-0.11,72,3.42,1.3,5.2,3.6,6.2,1.16,1.11,1.26,-8.7,0.2,0.3,2,776,0.387,6,67,-136,2,13.9,1.0,36,-38,0,8.06,-0.004,5.84,8.6,0.19,0.1,100.34708333333332,-2.35,-59.608894,-40.20671,-3.768189,PM*,G,5970.352865838366,71.90131968835715,2.8508784449224386e-07
HD 48265, ,6,40,1.7,-,48,32,31,258,-22,8.051,0.452,0.0,0.0,3.738,0.17,88,3.34,2.03,4.5,3.8,5.4,1.25,1.23,1.27,22.5,0.2,0.1,2,623,0.607,3,26,30,1,11.4,0.7,-15,-23,5,8.018,-0.033,6.95,8.03,0.07,0.18,100.00708333333333,-48.54194444444444,-16.963985,-79.80919,-32.965378,*,G,5470.159628939716,81.59217851936744,2.5525761104483704e-07
HD 48410, ,6,45,28.9,+,44,14,0,172,18,7.469,0.382,2.593,-0.01,3.764,-0.11,45,4.19,0.81,9.5,5.5,11.9,1.01,0.97,1.07,2.5,0.2,0.4,5,832,0.307,1,144,-190,2,22.1,0.9,-5,-49,14,8.043,0.014,5.64,8.05,0.18,0.33,101.37041666666666,44.23333333333333,-42.38104,5.95627,13.905766,PM*,G,5807.644175213118,42.797543198114774,8.25997438171197e-07
HD 48684, ,6,46,2.8,+,33,1,46,182,13,7.597,0.388,2.598,0.005,3.761,-0.09,54,3.93,1.12,8.4,6.8,10.1,1.03,1.0,1.09,-13.4,0.2,0.4,5,832,0.354,3,168,-8,2,18.5,1.2,23,-18,34,8.053,0.012,6.94,8.62,0.11,0.83,101.51166666666666,33.029444444444444,-52.58393,-1.8362653,12.147356,PM*,G,5767.664633922509,52.61598202539685,5.767381770158575e-07
HD 49178, ,6,48,53.8,+,37,30,18,178,16,8.069,0.42,2.584,0.0,3.747,0.04,43,4.89,0.37,9.7,1.8,16.3,0.94,0.88,1.02,33.8,0.5,0.6,2,1077,0.053,2,-115,-59,2,23.1,1.2,-40,-1,-16,8.042,0.012,7.49,8.97,0.09,0.14,102.22416666666666,37.505,-41.30907,1.4425427,11.8524065,PM*,G,5584.701947368307,41.33424964489162,2.172594623009279e-06
HD 49289, ,6,49,33.9,+,40,10,31,176,17,8.149,0.389,0.0,0.0,3.763,-0.01,69,3.94,1.0,7.7,5.8,9.5,1.07,1.01,1.13,42.8,0.4,0.6,2,590,0.094,5,68,-136,2,14.4,1.1,-43,-47,16,8.066,0.02,5.62,8.32,0.19,0.4,102.39125,40.17527777777777,-65.82429,4.602882,20.173647,PM*,G,5794.286964268809,65.98502615525757,5.847614042653944e-07
HD 49425, ,6,50,54.7,+,49,4,0,167,20,8.229,0.402,2.611,0.013,3.756,0.04,57,4.45,0.61,8.6,4.4,12.1,1.01,0.94,1.07,1.0,0.2,0.3,5,1110,0.606,2,-71,17,2,0.0,0.0,-4,12,-15,8.052,0.02,8.03,9.21,0.07,0.13,102.72791666666664,49.06666666666667,-52.18968,12.048939,19.495148,PM*,G,5701.642722807472,53.562483414495645,1.182983535779732e-06
HD 49674, ,6,51,30.5,+,40,52,3,175,17,8.097,0.451,0.0,0.0,3.739,0.23,41,5.04,0.27,0.0,0.0,0.0,0.99,0.92,1.04,11.8,0.3,0.0,1,0,0.0,1,35,-124,1,24.5,1.1,-14,-24,1,8.039,0.012,6.93,8.05,0.07,0.12,102.87708333333332,40.8675,-39.05929,3.4172504,11.987239,PM*,G,5482.769649208536,39.208490605995024,2.6728753163232114e-06
HD 50117, ,6,50,58.4,-,17,51,15,229,-8,8.154,0.385,2.609,0.014,3.764,-0.1,69,3.96,1.03,8.2,6.2,10.1,1.03,0.99,1.1,84.0,0.4,0.5,2,1106,0.104,1,40,107,2,14.5,1.1,-78,-46,16,8.045,-0.01,5.29,9.0,0.26,0.41,102.74333333333333,-17.854166666666668,-44.82753,-51.568172,-9.602944,PM*,G,5807.644175213118,68.32849924681855,6.011442541001502e-07
HD 50177, ,6,50,45.4,-,29,26,51,240,-13,7.998,0.42,2.615,0.041,3.771,0.27,69,3.63,0.86,5.5,2.5,7.0,1.28,1.24,1.32,59.2,0.2,0.2,4,1025,0.867,4,6,-4,2,14.5,0.9,-28,-51,-12,8.034,-0.016,5.49,8.11,0.19,0.07,102.68916666666664,-29.4475,-33.61576,-58.22422,-15.521622,*,G,5902.010801718442,67.23153363553445,3.81047134770222e-07
HD 50483, ,6,53,54.0,+,11,1,23,203,6,8.135,0.293,2.645,-0.009,3.807,-0.28,84,3.51,0.66,2.9,2.1,3.7,1.19,1.13,1.26,12.9,0.3,0.0,1,0,0.0,1,-26,-26,1,11.9,1.1,-11,-10,-13,8.077,0.008,7.78,8.08,0.02,0.08,103.47499999999998,11.023055555555556,-76.89883,-32.641613,8.780391,*,G,6412.095765851615,83.53984052301435,3.2283357865705907e-07
HD 50499, ,6,52,2.0,-,33,54,56,244,-15,7.208,0.382,2.613,0.004,3.771,0.23,47,3.84,0.69,4.3,2.8,7.4,1.23,1.21,1.26,36.5,0.2,0.3,4,3748,0.298,5,-70,68,2,21.2,0.7,-33,-20,-17,8.02,-0.012,6.91,8.3,0.09,0.14,103.00833333333333,-33.91555555555556,-19.90139,-40.803917,-12.164495,PM*,G,5902.010801718442,45.39851282228294,5.093058919267476e-07
HD 50692, ,6,55,18.6,+,25,22,32,190,12,5.752,0.378,2.593,-0.003,3.763,-0.21,17,4.57,0.54,9.5,5.5,13.7,0.96,0.9,1.01,-15.2,0.1,0.2,15,2652,0.853,3,-37,25,1,57.9,0.9,14,6,-5,8.017,0.004,7.71,9.1,0.08,0.03,103.8275,25.37555555555556,-16.375885,-2.8875115,3.534499,*,G,5794.286964268809,16.628509620403666,1.3962998789170638e-06
HD 50806, ,6,53,33.9,-,28,32,23,239,-12,6.051,0.436,2.587,0.0,3.741,0.01,26,4.0,1.42,9.9,8.8,10.8,1.05,1.01,1.08,72.1,0.1,0.2,6,555,0.54,2,284,-442,2,38.8,0.6,15,-95,-6,8.013,-0.005,3.56,8.1,0.39,0.02,103.39125,-28.539722222222224,-13.0983715,-21.799337,-5.405704,PM*,G,5508.076964054036,25.431838895203416,6.352997732962232e-07
HD 51046, ,6,58,37.7,+,51,52,1,165,22,8.063,0.421,2.595,0.0,3.747,0.06,39,5.1,0.15,3.9,0.0,13.8,0.96,0.88,1.02,-0.3,0.2,0.3,5,1080,0.504,2,-165,-209,2,25.6,1.0,-22,-24,-37,8.035,0.015,6.94,8.11,0.08,0.52,104.65708333333332,51.86694444444444,-34.928043,9.358944,14.609656,PM*,G,5584.701947368307,36.160171744683204,2.9038802323871073e-06
HD 51219, ,6,56,34.1,+,1,9,43,212,2,7.397,0.431,2.599,0.0,3.741,-0.02,32,4.86,0.58,14.8,8.5,0.0,0.89,0.87,0.94,-8.4,0.1,0.3,8,5185,0.698,2,-11,-578,2,31.1,0.9,48,-62,-42,8.027,0.001,4.8,8.62,0.28,0.67,104.14208333333332,1.1619444444444444,-27.121008,-16.947086,1.1167839,PM*,G,5508.076964054036,31.980506544260052,2.0843886533432196e-06
HD 51419, ,6,58,11.7,+,22,28,33,193,11,6.939,0.397,2.577,0.0,3.752,-0.33,24,5.01,0.45,11.4,1.0,0.0,0.85,0.82,0.95,-27.1,0.2,0.3,3,3250,0.58,4,48,98,1,41.2,0.9,26,14,4,8.023,0.005,7.62,9.91,0.13,0.19,104.54875,22.47583333333333,-22.955235,-5.299633,4.579416,PM*,G,5649.369748123023,23.559051845095848,2.564358266443843e-06
HD 51929, ,6,55,53.2,-,56,56,32,267,-22,7.397,0.373,2.583,-0.002,3.762,-0.58,38,4.52,0.89,11.4,7.2,16.4,0.84,0.81,0.93,62.7,0.2,0.5,5,2894,0.023,4,-14,622,2,26.6,0.6,-112,-60,5,8.002,-0.014,4.43,9.71,0.37,0.21,103.97166666666666,-56.94222222222222,-1.843958,-35.1847,-14.23505,PM*,G,5780.960474057181,35.23298589668159,1.303102867201668e-06
HD 52063, ,6,56,23.2,-,57,34,34,268,-22,7.69,0.385,2.6,0.004,3.761,-0.31,62,3.74,1.5,8.4,7.4,9.4,1.03,0.99,1.07,29.9,0.1,0.3,5,1265,0.493,3,37,-162,2,16.2,0.6,47,-30,-14,8.002,-0.023,6.01,8.92,0.19,0.11,104.09666666666664,-57.57611111111112,-2.006227,-57.450382,-23.225609,PM*,G,5767.664633922509,57.485401092116014,4.435868880183037e-07
HD 52265, ,7,0,18.0,-,5,22,1,219,0,6.294,0.358,2.628,0.005,3.78,0.14,28,4.05,0.35,3.8,1.6,5.2,1.19,1.17,1.22,53.2,0.2,0.1,4,4755,0.931,5,-115,82,2,35.6,0.8,-52,-20,-9,8.022,0.0,6.62,8.75,0.14,0.02,105.075,-5.366944444444444,-21.760088,-17.620972,0.0,PM*,G,6025.595860743575,28.000001499866528,6.80735971699978e-07
HD 52613, ,7,1,4.5,-,21,57,52,234,-8,7.668,0.34,2.61,-0.017,3.783,-0.07,43,4.49,0.03,0.0,0.0,5.4,1.07,1.01,1.13,61.8,0.2,0.3,2,760,0.318,4,-9,52,2,23.1,1.0,-46,-42,-4,8.025,-0.006,5.75,8.35,0.18,0.04,105.26874999999998,-21.96444444444444,-25.028803,-34.449173,-5.9844437,PM*,G,6067.363295885053,42.581527685097655,1.2501977137235027e-06
HD 52711, ,7,3,30.4,+,29,20,13,187,15,5.939,0.386,2.594,0.0,3.76,-0.22,19,4.54,0.65,11.0,6.7,14.7,0.95,0.87,1.0,24.3,0.1,0.3,19,4042,0.456,3,157,-828,1,52.4,0.8,-18,-77,-9,8.018,0.005,4.3,8.03,0.3,0.03,105.87666666666664,29.336944444444445,-18.215794,-2.236616,4.917562,PM*,G,5754.399373371566,18.352591157160667,1.33961098561865e-06
HD 53143, ,6,59,59.6,-,61,20,10,272,-23,6.825,0.482,0.0,0.0,3.718,-0.01,18,5.5,0.41,0.0,7.5,0.0,0.85,0.83,0.89,21.9,0.1,0.2,7,3283,0.797,4,-161,266,2,54.3,0.5,-26,-18,-15,8.0,-0.007,7.1,8.16,0.07,0.11,104.99833333333332,-61.33611111111112,0.57824975,-16.558994,-7.03316,PM*,G,5223.9618899911975,16.56908733350787,5.046365474431245e-06
HD 53505, ,7,6,50.2,+,32,47,22,184,17,8.274,0.384,2.584,0.006,3.757,-0.6,58,4.45,1.08,13.8,9.5,0.0,0.84,0.81,0.9,65.1,0.3,0.1,2,734,0.75,5,206,-76,1,17.2,1.4,-46,-44,62,8.055,0.017,5.93,8.34,0.17,1.74,106.70916666666665,32.78944444444444,-55.330566,-3.869086,16.957558,PM*,G,5714.786366718672,55.465677318101434,1.182983535779732e-06
HD 53532, ,7,6,16.8,+,22,41,0,194,13,8.268,0.437,2.604,0.0,3.739,-0.04,44,5.06,0.44,14.6,5.3,0.0,0.88,0.85,0.95,42.5,0.2,0.4,4,870,0.35,6,-92,-78,1,22.8,1.0,-44,-18,-14,8.041,0.01,6.84,8.59,0.11,0.1,106.57,22.683333333333334,-41.598793,-10.37174,9.897846,PM*,G,5482.769649208536,42.87228206760691,2.747759388040215e-06
HD 54351, ,7,9,4.9,+,15,25,17,201,11,8.0,0.395,2.599,0.003,3.757,-0.09,44,4.79,0.35,8.5,0.2,14.4,0.95,0.88,1.03,42.6,0.2,0.2,6,2219,0.918,2,-158,-286,2,22.8,1.1,-35,-56,-46,8.04,0.008,5.31,8.16,0.21,0.75,107.27041666666663,15.421388888888888,-40.32283,-15.478481,8.395596,PM*,G,5714.786366718672,43.19159632702016,1.8922508123754359e-06
HD 54494, ,7,8,29.9,-,13,5,45,227,-2,7.956,0.362,2.635,0.019,3.777,0.01,77,3.52,1.07,3.6,2.8,6.1,1.16,1.09,1.26,33.5,0.3,0.4,2,1332,0.189,7,-41,17,2,0.0,0.0,-32,-16,-12,8.053,-0.003,7.17,8.36,0.08,0.06,107.12458333333332,-13.095833333333331,-52.481884,-56.27993,-2.687261,*,G,5984.115950603199,76.95309395335808,3.2732464109851e-07
HD 54521,*,7,8,1.7,-,27,45,24,240,-9,8.124,0.385,0.0,0.0,3.76,-0.23,51,4.61,0.59,10.6,5.9,15.2,0.94,0.87,1.0,19.1,0.2,0.3,2,361,0.347,3,-20,70,2,19.8,0.9,-25,-7,0,8.025,-0.008,7.61,8.33,0.05,0.11,107.00708333333333,-27.756666666666668,-25.186049,-43.623524,-7.9781585,PM*,G,5754.399373371566,50.37210448660029,1.4756341601524642e-06
HD 54637, ,7,8,53.9,-,18,11,3,231,-4,7.375,0.373,2.613,0.008,3.767,-0.19,44,4.16,0.84,8.2,5.3,11.3,1.0,0.95,1.06,7.3,0.2,0.1,4,1781,0.995,3,11,-10,2,0.0,0.0,-2,-8,1,8.028,-0.003,7.76,8.15,0.02,0.11,107.22458333333331,-18.184166666666663,-27.622644,-34.111126,-3.0692847,*,G,5847.900841444806,43.89281693556033,7.92462463811988e-07
HD 54684, ,7,15,47.9,+,70,30,21,145,27,7.919,0.424,0.0,0.0,3.745,-0.13,81,3.39,2.06,5.6,4.4,6.9,1.17,1.1,1.24,-41.1,0.2,0.3,2,648,0.335,2,14,-92,2,12.4,0.9,10,-51,-16,8.059,0.037,5.49,8.15,0.2,0.14,108.94958333333332,70.50583333333333,-59.119453,41.395897,36.77323,PM*,G,5559.042572704037,72.17153186301242,2.7351345804337536e-07
HD 54718, ,7,11,14.7,+,32,36,54,185,18,8.02,0.357,2.594,-0.003,3.77,-0.47,46,4.72,0.44,5.8,0.0,12.4,0.93,0.85,1.01,3.1,0.3,0.1,2,1041,0.831,1,-112,-9,2,21.9,1.1,-11,6,-21,8.043,0.014,8.04,8.8,0.05,0.22,107.81125,32.615,-43.582123,-3.8129447,14.214782,PM*,G,5888.43655355589,43.74859989156667,1.7178241357207713e-06
HD 54943, ,7,14,54.1,+,62,8,12,154,26,7.819,0.445,2.585,0.026,3.749,-0.19,102,2.66,2.75,3.0,2.4,4.0,1.32,1.25,1.38,-32.1,0.3,0.6,3,374,0.097,12,-5,-41,2,5.7,0.9,15,-29,-19,8.082,0.045,6.53,8.32,0.12,0.19,108.72541666666666,62.13666666666666,-82.398735,40.188545,44.713856,*,G,5610.479760324706,91.67699100001728,9.976511335859256e-08
HD 55095, ,7,10,52.3,-,18,3,2,231,-4,8.046,0.366,2.605,0.001,3.768,-0.25,48,4.64,0.39,7.4,0.0,12.4,0.97,0.9,1.03,-5.6,0.2,0.4,4,1781,0.198,4,118,-118,2,0.0,0.0,31,-19,12,8.03,-0.003,6.68,8.76,0.13,0.31,107.71791666666664,-18.050555555555555,-30.133795,-37.21214,-3.3483105,PM*,G,5861.3816451402845,47.883075971387065,1.5380792045350664e-06
HD 55137, ,7,11,17.7,-,12,2,28,226,-1,7.146,0.407,2.594,0.017,3.755,-0.07,63,3.15,2.02,4.3,3.8,4.9,1.23,1.19,1.29,70.8,0.2,0.3,4,1784,0.356,4,29,-73,2,15.9,0.9,-33,-67,-4,8.044,-0.001,4.74,8.13,0.26,0.05,107.82375,-12.04111111111111,-43.75681,-45.31151,-1.0995016,PM*,G,5688.529308438413,62.99040688752693,1.963263987694239e-07
HD 55488, ,7,13,10.7,+,0,13,51,215,5,8.233,0.353,2.627,0.012,3.779,-0.19,83,3.64,1.08,5.7,3.6,7.5,1.09,1.04,1.16,-8.4,0.3,0.2,2,116,0.677,6,5,-3,1,0.0,0.0,8,3,0,8.068,0.007,7.84,8.9,0.06,0.12,108.29458333333332,0.2308333333333333,-67.730896,-47.425682,7.2339263,*,G,6011.737374832779,82.68415559300307,3.863480284458676e-07
HD 55693, ,7,13,2.6,-,24,13,32,237,-6,7.179,0.407,2.619,0.032,3.756,0.07,37,4.34,0.7,8.6,5.4,12.0,1.02,0.98,1.1,31.8,0.2,0.3,4,1024,0.304,3,-93,103,2,27.1,0.8,-37,-13,-10,8.02,-0.004,7.16,8.49,0.09,0.04,108.26083333333332,-24.225555555555555,-20.041254,-30.86082,-3.8675532,PM*,G,5701.642722807472,36.797310675712644,1.0161988529530514e-06
HD 55696, ,7,12,14.9,-,38,10,28,250,-13,7.955,0.379,2.626,0.023,3.783,0.2,74,3.52,0.75,3.3,2.4,5.2,1.31,1.27,1.35,19.1,0.2,0.4,3,1413,0.176,7,-32,-24,2,13.6,0.7,-3,-16,-18,8.025,-0.016,7.36,8.07,0.05,0.15,108.06208333333332,-38.17444444444444,-24.660805,-67.75502,-16.646378,*,G,6067.363295885053,72.1033843758282,3.2732464109851e-07
HD 55720, ,7,11,31.6,-,49,25,27,260,-17,7.507,0.437,0.0,0.0,3.735,-0.25,28,5.29,0.46,0.0,6.5,0.0,0.84,0.81,0.89,86.7,0.2,0.4,4,1830,0.139,2,-7,818,1,36.1,0.6,-116,-74,13,8.004,-0.008,3.93,9.61,0.42,0.36,107.88166666666666,-49.424166666666665,-4.649695,-26.369738,-8.186407,PM*,G,5432.503314924331,26.776533490757707,3.7755367364019577e-06
HD 56145, ,7,12,52.5,-,53,53,39,265,-19,7.848,0.37,2.61,0.008,3.77,-0.32,85,3.21,1.84,5.1,4.4,5.9,1.17,1.11,1.24,32.1,0.2,0.3,2,437,0.274,7,47,-15,2,11.8,0.6,8,-37,5,8.007,-0.027,6.16,8.1,0.14,0.18,108.21875,-53.89416666666666,-7.004624,-80.063255,-27.673292,*,G,5888.43655355589,80.36908335035557,2.1329403021556404e-07
HD 56274, ,7,15,50.7,-,13,2,58,227,-1,7.752,0.384,2.573,0.0,3.756,-0.54,33,5.14,0.38,3.5,0.0,14.3,0.87,0.8,0.94,66.6,0.1,0.4,8,2562,0.377,4,-510,178,2,30.1,1.0,-90,-6,-59,8.023,0.0,6.44,10.57,0.24,1.28,108.96125,-13.049444444444443,-22.50252,-24.130999,-0.5759294,PM*,G,5701.642722807472,32.99497717969208,3.0688714742461266e-06
HD 56303, ,7,16,36.4,+,1,52,43,214,6,7.349,0.381,2.612,0.004,3.769,0.14,41,4.28,0.39,4.8,2.2,7.6,1.13,1.06,1.17,8.2,0.2,0.2,2,797,0.667,3,58,-117,2,24.3,1.0,8,-26,1,8.034,0.005,6.73,8.17,0.1,0.11,109.15166666666664,1.8786111111111112,-33.804337,-22.801315,4.285667,PM*,G,5874.893525297769,40.775399026113696,9.353597990167014e-07
HD 56322, ,7,49,53.4,+,86,21,54,127,28,7.893,0.374,0.0,0.0,3.766,-0.15,47,4.52,0.47,8.1,3.7,11.9,0.98,0.93,1.05,6.1,0.2,0.6,8,2220,0.288,14,-70,-134,1,21.2,0.7,-32,-12,-5,8.025,0.022,7.28,8.39,0.07,0.04,117.47249999999998,86.365,-24.974445,33.1422,22.065165,PM*,G,5834.451042737448,41.498533996974224,1.303102867201668e-06
HD 56513, ,7,18,28.8,+,27,15,10,191,18,8.026,0.408,2.577,0.0,3.744,-0.58,35,5.28,0.5,0.0,0.0,0.0,0.81,0.77,0.89,-33.4,0.2,0.2,3,2499,0.688,1,157,-158,2,28.2,1.3,42,-27,4,8.033,0.011,6.2,8.88,0.18,0.17,109.62,27.252777777777776,-32.675404,-6.351454,10.815595,PM*,G,5546.25712957911,33.28697935345489,3.723734430360274e-06
HD 56560, ,7,12,17.6,-,67,46,57,279,-23,7.332,0.46,0.0,0.0,3.731,-0.02,46,4.0,1.65,10.1,9.1,11.0,1.03,0.99,1.07,21.2,0.2,0.2,2,1121,0.573,1,198,-201,2,21.6,0.5,58,-24,19,7.993,-0.018,6.06,9.38,0.22,0.48,108.07333333333332,-67.7825,6.6239424,-41.821907,-17.97363,PM*,G,5382.697825162882,42.34322281115559,6.352997732962232e-07
HD 56586, ,7,19,54.8,+,46,58,20,171,24,8.274,0.398,0.0,0.0,3.755,-0.21,58,4.46,0.83,12.6,8.4,16.1,0.94,0.87,0.99,24.3,0.2,0.3,3,1736,0.517,2,-43,-144,2,17.3,1.1,-36,-30,-10,8.052,0.024,6.44,8.29,0.13,0.04,109.97833333333332,46.97222222222222,-52.333294,8.288778,23.590725,PM*,G,5688.529308438413,52.98563486100473,1.1994404760661065e-06
HD 56662, ,7,15,29.1,-,48,13,48,259,-16,7.678,0.379,2.612,0.01,3.764,-0.15,39,4.71,0.32,7.5,0.0,12.7,0.97,0.9,1.05,13.9,0.2,0.1,4,1859,0.927,2,-139,162,1,25.5,0.7,-39,-3,-15,8.007,-0.011,7.43,8.85,0.09,0.12,108.87125,-48.23,-7.1532717,-36.800423,-10.749857,PM*,G,5807.644175213118,37.48920416590555,1.6942547049835658e-06
HD 57319, ,7,20,30.3,-,6,36,12,222,3,7.883,0.407,2.625,0.045,3.783,0.39,118,2.34,1.81,1.6,1.4,2.0,1.63,1.53,1.72,9.2,0.5,0.3,2,505,0.663,24,31,-50,2,8.5,1.0,15,-31,3,8.087,0.007,6.45,8.3,0.13,0.16,110.12624999999996,-6.603333333333333,-87.570915,-78.8492,6.175643,PM*,G,6067.363295885053,117.83828535148169,6.411781297230753e-08
HD 57724, ,7,33,5.2,+,78,41,12,136,29,7.416,0.379,0.0,0.0,3.768,-0.2,91,2.62,2.36,3.0,2.6,3.4,1.37,1.34,1.42,23.8,0.3,0.2,2,713,0.613,6,-35,-97,1,11.0,0.7,-49,-12,1,8.057,0.044,6.98,8.88,0.12,0.14,113.27166666666665,78.68666666666667,-57.252533,55.28814,44.117676,PM*,G,5861.3816451402845,79.59039489521138,9.440145766777144e-08
HD 58556, ,7,25,57.2,-,2,14,54,219,7,6.988,0.356,2.616,-0.005,3.777,-0.03,36,4.23,0.39,4.9,1.8,7.6,1.07,1.02,1.15,10.4,0.1,0.3,5,1099,0.423,6,-16,-47,1,28.1,0.9,-5,-11,-5,8.028,0.004,7.61,8.06,0.03,0.04,111.48833333333332,-2.248333333333333,-27.768719,-22.486664,4.3872967,*,G,5984.115950603199,35.73166400756977,8.729285552249458e-07
HD 58781, ,7,27,50.7,+,19,2,41,200,16,7.243,0.439,2.591,0.0,3.74,0.14,29,4.89,0.45,11.9,5.6,0.0,0.94,0.89,1.04,4.4,0.2,0.4,4,1475,0.144,1,118,-70,1,33.9,1.0,4,-15,12,8.027,0.008,7.31,8.19,0.06,0.3,111.96125,19.044722222222223,-26.195425,-9.534355,7.9934835,PM*,G,5495.408738576249,27.87658903446851,2.172594623009279e-06
HD 59058, ,7,29,57.8,+,38,26,17,180,24,7.764,0.434,0.0,0.0,3.74,0.01,37,4.92,0.52,13.6,4.7,0.0,0.9,0.86,0.97,16.5,0.3,0.4,2,340,0.199,2,-49,-67,2,0.0,0.0,-20,-9,-4,8.034,0.015,7.67,8.18,0.03,0.05,112.49083333333331,38.43805555555555,-33.80118,-2.954993e-06,15.049255,PM*,G,5495.408738576249,33.80118000000013,2.2645332425687464e-06
HD 59106, ,7,30,10.3,+,38,10,10,181,24,6.995,0.324,0.0,0.0,3.794,-0.24,65,2.95,1.47,2.7,2.3,4.1,1.34,1.26,1.4,1.5,0.3,0.3,2,635,0.445,9,25,-62,2,15.5,1.0,0,-20,2,8.059,0.026,7.11,8.11,0.07,0.14,112.54291666666664,38.16944444444445,-59.371407,-1.036331,26.437881,PM*,G,6223.002851691595,59.3804509169576,1.489288034927216e-07
HD 59360, ,7,30,23.3,+,19,48,50,199,17,7.065,0.395,2.592,0.005,3.757,-0.28,41,3.98,1.33,10.3,8.8,11.9,1.0,0.97,1.04,59.9,0.2,0.1,2,734,0.912,4,56,-128,1,24.2,1.1,-45,-45,18,8.037,0.012,5.69,8.33,0.19,0.42,112.59708333333332,19.81388888888889,-37.07236,-12.765033,11.987239,PM*,G,5714.786366718672,39.2084932567,6.179860907400366e-07
HD 59468, ,7,27,25.4,-,51,24,9,263,-16,6.718,0.434,2.588,0.0,3.74,0.03,23,4.95,0.47,14.0,6.4,0.0,0.9,0.87,0.96,4.3,0.1,0.1,4,1863,0.891,2,-287,-1,1,44.4,0.5,-12,5,-28,8.003,-0.006,8.0,8.7,0.04,0.34,111.85583333333332,-51.4025,-2.694417,-21.944221,-6.339659,PM*,G,5495.408738576249,22.109018934967015,2.360362468169936e-06
HD 59711, ,7,30,40.0,-,15,59,40,232,1,7.742,0.406,2.584,0.001,3.751,-0.16,36,4.93,0.41,11.5,2.5,0.0,0.89,0.85,0.98,8.4,0.2,0.3,5,1819,0.259,2,48,-108,2,27.4,0.9,10,-20,-1,8.023,0.001,6.99,8.24,0.08,0.09,112.66666666666666,-15.994444444444444,-22.160439,-28.364067,0.6282866,PM*,G,5636.376558259543,35.99451838062582,2.296036038019654e-06
HD 59967, ,7,30,42.5,-,37,20,21,250,-9,6.65,0.4,2.596,0.006,3.753,-0.19,22,4.96,0.36,0.0,0.0,0.0,0.88,0.84,0.98,9.2,0.2,0.4,4,1835,0.145,4,-87,54,2,45.9,0.6,-11,-5,-7,8.007,-0.003,7.99,8.06,0.0,0.01,112.67708333333331,-37.33916666666667,-7.4318027,-20.418715,-3.4415584,PM*,G,5662.3928903825345,21.729142036052696,2.3931983809430355e-06
HD 60234, ,7,35,16.1,+,40,30,23,178,25,7.678,0.411,0.0,0.0,3.754,0.06,109,2.5,2.59,2.7,2.2,3.3,1.51,1.48,1.53,-2.7,0.2,0.3,4,355,0.633,8,-12,1,1,9.2,1.1,0,2,-6,8.098,0.046,8.0,8.7,0.04,0.05,113.81708333333331,40.506388888888885,-98.72736,3.4476311,46.06539,*,G,5675.446054085472,98.78753855001798,7.997950287096875e-08
HD 60272, ,7,36,58.1,+,57,32,58,160,29,7.968,0.475,0.0,0.0,3.716,-0.3,27,5.79,0.36,0.0,0.0,0.0,0.8,0.77,0.86,34.4,0.2,0.3,2,705,0.332,2,71,-188,2,36.6,0.9,-34,-14,22,8.023,0.013,7.19,8.43,0.08,0.51,114.24208333333333,57.54944444444444,-22.19059,8.076715,13.089859,PM*,G,5199.959965335162,23.61473289578616,7.5331861689234226e-06
HD 60513, ,7,34,13.1,-,16,11,15,232,2,6.732,0.393,2.599,0.006,3.758,-0.35,58,2.91,2.43,3.6,3.2,4.2,1.3,1.25,1.34,36.1,0.1,0.2,6,4399,0.743,4,-78,132,2,17.2,0.8,-55,-2,0,8.036,0.002,7.13,9.37,0.14,0.12,113.55458333333333,-16.1875,-35.686615,-45.67678,2.0241706,PM*,G,5727.960309858292,57.964667870407276,1.4092196826255733e-07
HD 60521, ,7,36,14.0,+,32,50,9,187,23,7.998,0.393,2.611,0.01,3.763,0.13,52,4.43,0.4,5.8,2.2,9.3,1.08,1.02,1.13,29.4,0.2,0.2,2,1022,0.475,3,-36,-105,1,19.3,1.2,-31,-25,-4,8.047,0.02,6.71,8.23,0.1,0.05,114.05833333333332,32.83583333333333,-47.509464,-5.833423,20.318018,PM*,G,5794.286964268809,47.86625109055675,1.150743950203592e-06
HD 60683, ,7,34,43.7,-,26,2,20,241,-3,7.976,0.396,2.609,0.01,3.759,0.03,58,4.16,0.84,8.0,5.2,10.7,1.04,0.98,1.1,-22.5,0.2,0.4,4,2165,0.179,1,-44,-143,2,0.0,0.0,37,7,-29,8.028,-0.003,7.32,9.85,0.15,0.38,113.68208333333332,-26.03888888888889,-28.080421,-50.658424,-3.0354855,PM*,G,5741.164622073275,57.92051420439063,7.92462463811988e-07
HD 60696, ,7,36,2.5,+,6,13,34,212,13,8.212,0.38,2.619,0.011,3.767,0.06,63,4.22,0.57,5.9,2.7,8.9,1.07,1.01,1.14,3.2,0.3,0.3,2,703,0.461,2,-29,-104,2,0.0,0.0,6,-24,-20,8.052,0.014,6.82,8.18,0.09,0.2,114.01041666666664,6.226111111111111,-52.057697,-32.529263,14.171916,PM*,G,5847.900841444806,61.38531394614658,8.609515264400525e-07
HD 60737, ,7,38,16.4,+,47,44,55,171,27,7.718,0.386,2.617,0.012,3.761,-0.07,38,4.8,0.23,5.7,0.0,12.2,0.98,0.91,1.05,5.8,0.2,0.3,5,1081,0.696,11,-14,-165,1,26.1,1.0,-13,-27,-5,8.034,0.018,6.74,8.04,0.09,0.04,114.56833333333331,47.74861111111111,-33.4414,5.2965965,17.251638,PM*,G,5767.664633922509,33.85825111318971,1.9185746433369414e-06
HD 60779, ,7,36,1.4,-,3,9,6,221,8,7.167,0.368,2.599,0.001,3.768,-0.39,35,4.42,0.73,8.4,5.5,13.3,0.95,0.88,1.01,129.4,0.1,0.4,13,5270,0.085,4,-277,112,1,28.2,0.9,-126,-57,-13,8.027,0.005,4.4,10.22,0.4,0.09,114.00583333333331,-3.1516666666666664,-26.157766,-22.738602,4.8710585,PM*,G,5861.3816451402845,34.65938174614717,1.1349551513000262e-06
HD 61005, ,7,35,47.4,-,32,12,14,246,-6,8.205,0.456,0.0,0.0,3.728,-0.14,34,5.52,0.28,0.0,0.0,0.0,0.84,0.81,0.91,22.3,0.2,0.2,4,2165,0.865,9,-54,76,2,29.0,0.9,-23,-14,-4,8.014,-0.003,7.35,8.15,0.05,0.05,113.94749999999998,-32.20388888888889,-13.753288,-30.89039,-3.5539677,PM*,G,5345.643593969719,33.81374166168311,5.187745954018055e-06
HD 61127, ,7,38,1.8,+,5,35,11,213,13,8.201,0.39,2.573,0.0,3.757,-0.27,52,4.62,0.68,11.9,6.1,16.9,0.91,0.84,0.98,152.4,0.2,0.2,3,741,0.776,3,-198,-141,2,0.0,0.0,-130,-96,-24,8.042,0.012,3.16,9.83,0.51,0.29,114.50749999999998,5.586388888888888,-42.49313,-27.595354,11.697454,PM*,G,5714.786366718672,50.66724444433717,1.4961622761605684e-06
HD 61690, ,7,47,39.5,+,73,59,30,141,30,8.104,0.338,0.0,0.0,3.785,-0.14,68,3.94,0.6,4.2,2.7,6.4,1.1,1.05,1.17,-23.5,0.2,0.4,4,2428,0.367,6,-8,-12,2,14.7,0.8,12,-15,-14,8.046,0.034,7.16,8.37,0.08,0.1,116.91458333333333,73.99166666666667,-45.765907,37.060513,34.0,*,G,6095.368972401694,58.889726331133666,5.847614042653944e-07
HD 61929,*,7,36,35.8,-,67,36,48,279,-21,7.987,0.421,0.0,0.0,3.743,-0.39,72,3.7,1.99,8.8,7.8,10.0,1.02,0.96,1.05,29.9,0.2,0.3,2,1061,0.316,3,21,-66,2,13.9,0.6,27,-24,-12,7.989,-0.026,6.5,8.52,0.13,0.07,114.14916666666666,-67.61333333333333,10.515183,-66.39022,-25.802492,PM*,G,5533.501092157366,67.21778325095144,4.1973839773752496e-07
HD 62346, ,7,44,13.8,+,20,12,5,200,20,7.367,0.408,2.589,0.029,3.762,-0.24,51,3.73,1.43,8.0,6.9,9.2,1.04,1.0,1.1,-10.1,0.2,0.3,3,642,0.569,1,69,-111,1,19.8,1.1,21,-25,1,8.044,0.018,6.59,8.43,0.12,0.13,116.0575,20.20138888888889,-45.034134,-16.391085,17.443026,PM*,G,5780.960474057181,47.92432464424701,4.375006477474418e-07
HD 62529, ,7,44,1.5,-,11,18,59,229,6,8.041,0.38,2.589,-0.004,3.764,-0.2,65,3.98,1.1,8.6,6.3,11.3,1.01,0.96,1.06,44.8,0.2,0.3,4,1793,0.286,3,52,-83,2,0.0,0.0,-7,-53,6,8.042,0.007,5.42,8.05,0.2,0.21,116.00624999999998,-11.31638888888889,-42.41023,-48.787388,6.79435,PM*,G,5807.644175213118,64.64392343070959,6.179860907400366e-07
HD 62549, ,7,44,19.7,-,5,3,17,224,9,7.724,0.387,2.603,0.012,3.762,-0.15,47,4.37,0.71,9.1,5.8,13.1,0.98,0.94,1.04,83.6,0.2,0.2,4,1461,0.79,4,-30,191,1,21.3,1.1,-86,-26,28,8.034,0.008,5.93,9.66,0.24,0.72,116.08208333333332,-5.054722222222222,-33.392727,-32.246983,7.3524203,PM*,G,5780.960474057181,46.42135423594208,1.0592017761624506e-06
HD 62613, ,7,56,17.2,+,80,15,55,134,29,6.539,0.45,2.567,0.0,3.73,-0.19,17,5.38,0.42,0.0,6.2,0.0,0.83,0.8,0.9,-7.9,0.1,0.3,9,3304,0.484,2,-475,88,1,58.7,0.6,-9,9,-38,8.01,0.008,8.0,9.01,0.06,0.56,119.07166666666666,80.26527777777778,-10.328551,10.69553,8.241763,PM*,G,5370.317963702527,14.86853482157879,4.275419171710767e-06
HD 62850, ,7,42,36.0,-,59,17,50,272,-17,7.177,0.392,2.616,0.015,3.761,0.06,33,4.57,0.36,6.8,1.8,10.8,1.03,0.96,1.1,17.5,0.2,0.5,6,5464,0.093,14,-53,158,2,30.1,0.6,-26,-18,-2,7.999,-0.01,7.1,8.15,0.07,0.07,115.65,-59.29722222222222,1.1013544,-31.538832,-9.648266,PM*,G,5767.664633922509,31.55805610994795,1.3962998789170638e-06
HD 63637, ,7,48,42.8,-,30,15,16,246,-2,7.524,0.411,2.581,0.009,3.748,-0.34,68,3.35,2.2,5.9,4.9,6.9,1.13,1.07,1.21,40.0,0.1,0.3,6,2938,0.282,3,-213,187,2,14.6,0.8,-96,1,-30,8.028,-0.003,6.49,10.89,0.25,0.45,117.17833333333331,-30.254444444444445,-27.641245,-62.083252,-2.3731656,PM*,G,5597.576014951104,67.95858006201667,2.5880859813430504e-07
HD 63678, ,7,49,33.8,-,16,51,37,235,5,8.181,0.41,2.58,0.013,3.747,-0.42,57,4.4,1.23,15.3,11.5,0.0,0.85,0.84,0.89,9.8,0.2,0.2,4,1794,0.657,2,-32,-73,2,0.0,0.0,3,-17,-16,8.033,0.005,7.23,8.16,0.06,0.13,117.39083333333332,-16.860277777777778,-32.569443,-46.513996,4.967877,PM*,G,5584.701947368307,56.78309996132885,1.1040244725384673e-06
HD 63765, ,7,47,49.7,-,54,15,50,267,-14,8.111,0.453,0.0,0.0,3.728,-0.16,33,5.55,0.27,0.0,0.0,0.0,0.83,0.8,0.91,22.1,0.2,0.3,4,1859,0.368,3,147,-282,2,30.7,0.7,48,-24,-5,8.002,-0.008,6.19,9.05,0.19,0.03,116.95708333333332,-54.263888888888886,-1.6757902,-31.975878,-7.9834228,PM*,G,5345.643593969719,32.01976025308903,5.407278027137611e-06
HD 64114, ,7,51,55.8,-,11,1,58,230,8,7.711,0.433,2.579,0.0,3.739,-0.04,32,5.21,0.29,0.0,0.0,0.0,0.88,0.84,0.97,52.7,0.2,0.3,5,2187,0.247,2,-69,-173,2,31.6,0.9,-22,-53,-14,8.02,0.004,5.37,8.05,0.2,0.1,117.9825,-11.03277777777778,-20.369022,-24.274862,4.4535394,PM*,G,5482.769649208536,31.68857810561288,3.3804825648124227e-06
HD 64324, ,7,54,48.4,+,34,37,11,186,27,7.784,0.409,2.597,0.008,3.75,-0.11,35,5.04,0.28,0.0,0.0,0.0,0.9,0.85,1.0,16.8,0.2,0.1,3,916,0.986,3,-121,-173,1,28.3,1.1,-25,-25,-16,8.031,0.016,6.77,8.13,0.09,0.14,118.70166666666664,34.61972222222222,-31.014393,-3.2597432,15.8896675,PM*,G,5623.413251903491,31.185228857399704,2.6728753163232114e-06
HD 64474, ,7,53,42.1,-,12,15,55,231,8,7.83,0.43,2.59,0.0,3.743,0.03,42,4.71,0.65,12.3,6.9,17.5,0.92,0.88,1.0,-9.4,0.1,0.2,6,2576,0.642,2,121,-52,2,0.0,0.0,24,-4,14,8.026,0.006,7.32,8.95,0.1,0.36,118.42541666666664,-12.265277777777778,-26.174227,-32.32248,5.8452706,PM*,G,5533.501092157366,41.591259567340934,1.6942547049835658e-06
HD 65080, ,7,57,3.6,+,1,30,47,219,15,8.223,0.37,2.61,0.005,3.768,-0.21,54,4.57,0.42,7.8,1.9,12.0,0.97,0.92,1.04,-8.6,0.2,0.2,2,654,0.664,1,-41,28,1,18.6,1.2,-2,13,-8,8.04,0.014,8.01,9.29,0.07,0.02,119.265,1.5130555555555556,-40.535927,-32.825348,13.976229,PM*,G,5861.3816451402845,52.1599928016716,1.3962998789170638e-06
HD 65216, ,7,53,41.3,-,63,38,50,276,-18,7.97,0.42,2.585,0.0,3.743,-0.19,36,5.21,0.33,0.0,0.0,0.0,0.86,0.82,0.95,42.3,0.2,0.5,8,3255,0.033,2,-125,145,10,28.1,0.7,-28,-41,-20,7.996,-0.011,5.95,8.08,0.15,0.19,118.42208333333332,-63.64722222222222,3.578846,-34.05048,-11.124612,PM*,G,5533.501092157366,34.23803918045127,3.3804825648124227e-06
HD 65243, ,7,57,12.5,-,14,35,27,234,7,8.009,0.396,2.577,0.0,3.756,-0.15,46,4.7,0.52,10.6,5.2,15.7,0.93,0.87,1.0,62.5,0.2,0.4,5,1967,0.217,3,-257,203,2,21.8,1.0,-92,-12,-17,8.027,0.006,6.21,10.24,0.24,0.17,119.30208333333331,-14.590833333333334,-26.836594,-36.93738,5.60599,PM*,G,5701.642722807472,45.65712232264793,1.6710086589594444e-06
HD 65518, ,8,2,28.5,+,60,24,57,157,32,8.049,0.405,0.0,0.0,3.749,-0.42,66,3.94,1.65,11.1,9.4,13.1,0.93,0.89,1.01,-0.7,0.3,0.1,2,642,0.742,8,-68,-31,2,15.1,0.9,-14,-5,-18,8.052,0.035,7.98,8.16,0.01,0.17,120.61874999999998,60.41583333333333,-51.521736,21.86968,34.97467,PM*,G,5610.479760324706,55.97117279239462,5.847614042653944e-07
HD 65629, ,7,59,53.3,+,9,53,55,212,20,7.986,0.419,2.568,0.0,3.739,-0.54,32,5.48,0.38,0.0,0.0,0.0,0.81,0.77,0.88,-33.6,0.4,0.7,3,1836,0.036,3,124,-151,2,31.6,1.4,44,-6,-5,8.025,0.011,6.85,9.47,0.16,0.04,119.97208333333332,9.89861111111111,-25.500944,-15.934759,10.944644,PM*,G,5482.769649208536,30.07016277440508,4.9088380054169274e-06
HD 66011, ,8,1,50.7,+,8,54,50,213,20,6.22,0.359,2.625,0.006,3.782,0.12,60,2.35,2.02,1.9,1.7,2.1,1.62,1.56,1.68,10.9,0.2,0.3,5,1943,0.739,14,-1,25,1,16.8,1.0,-11,0,6,8.047,0.02,8.04,8.42,0.02,0.2,120.46125,8.91388888888889,-47.285557,-30.707592,20.521208,*,G,6053.408747539136,56.38155821932126,6.500978060115766e-08
HD 66039, ,7,59,58.7,-,41,42,14,257,-6,7.737,0.362,2.614,-0.002,3.775,-0.02,51,4.19,0.47,5.2,2.6,7.8,1.07,1.02,1.14,-6.8,0.2,0.4,5,2514,0.262,4,-2,-69,2,19.5,0.6,15,4,-8,8.011,-0.006,7.65,9.05,0.08,0.02,119.99458333333332,-41.70388888888889,-11.409663,-49.420654,-5.3309517,PM*,G,5956.621435290103,50.720621561267215,8.25997438171197e-07
HD 66221, ,8,2,5.3,-,12,48,16,233,9,8.064,0.451,0.0,0.0,3.736,0.08,43,4.89,0.58,14.8,8.6,0.0,0.9,0.88,0.96,25.5,0.2,0.2,3,1971,0.588,3,-128,-225,2,23.2,1.0,0,-42,-41,8.026,0.007,5.98,8.05,0.15,0.6,120.52208333333331,-12.804444444444446,-25.559452,-33.918526,6.7266827,PM*,G,5445.026528424214,42.47060150919669,2.172594623009279e-06
HD 66261,*,7,58,27.4,-,65,0,22,278,-18,8.245,0.484,0.0,0.0,3.721,0.18,31,5.79,-0.06,0.0,0.0,0.0,0.9,0.84,0.95,68.9,0.3,0.4,2,359,0.247,1,14,163,2,0.0,0.0,-11,-72,-9,7.996,-0.009,4.55,8.0,0.28,0.03,119.61416666666666,-65.00611111111111,4.1032114,-29.195827,-9.579527,PM*,G,5260.172663907063,29.48275187303619,7.5331861689234226e-06
HD 66428, ,8,3,28.6,-,1,9,45,222,15,8.26,0.441,2.604,0.0,3.741,0.19,55,4.56,0.73,11.5,8.1,14.8,0.97,0.94,1.05,44.3,0.4,0.6,3,853,0.029,1,-67,-209,2,18.2,1.2,-13,-65,-28,8.039,0.015,4.87,8.04,0.25,0.32,120.86916666666666,-1.1625,-39.480255,-35.548176,14.235047,PM*,G,5508.076964054036,53.125919773609574,1.377141926365241e-06
HD 66653, ,8,2,26.9,-,46,20,10,261,-8,7.517,0.405,2.603,0.009,3.755,0.06,36,4.72,0.35,7.9,1.8,12.6,1.0,0.92,1.07,22.6,0.2,0.3,5,3283,0.272,4,-121,232,1,27.6,0.6,-48,-15,0,8.005,-0.005,6.85,8.71,0.12,0.1,120.61208333333332,-46.33611111111112,-5.5768356,-35.210743,-5.010232,PM*,G,5688.529308438413,35.649649618495225,1.7178241357207713e-06
HD 67163, ,8,5,37.7,-,30,21,44,248,1,8.05,0.392,2.593,0.001,3.761,0.02,73,3.73,1.23,6.8,5.0,8.7,1.1,1.03,1.17,65.3,0.2,0.2,2,480,0.404,3,2,-38,2,0.0,0.0,-14,-65,-5,8.027,0.001,4.86,8.03,0.25,0.03,121.40708333333332,-30.362222222222226,-27.34213,-67.67411,1.2740257,*,G,5767.664633922509,72.98888434021306,4.375006477474418e-07
HD 67228, ,8,7,45.8,+,21,34,54,201,26,5.297,0.408,2.619,0.034,3.756,0.04,23,3.46,1.6,5.5,5.0,6.0,1.18,1.16,1.22,-36.2,0.1,0.2,5,965,0.785,3,23,-67,1,42.9,1.0,33,4,-16,8.02,0.01,7.32,9.57,0.13,0.14,121.94083333333332,21.581666666666667,-19.299221,-7.4082756,10.082537,PM*,G,5701.642722807472,20.672263508682263,3.0128582572338447e-07
HD 67458, ,8,7,0.5,-,29,24,10,247,2,6.794,0.379,2.59,-0.004,3.763,-0.21,26,4.75,0.36,8.2,0.2,13.9,0.95,0.88,1.03,-16.0,0.1,0.2,5,3256,0.773,4,339,-356,3,39.1,0.8,60,-8,11,8.01,0.001,6.51,9.94,0.21,0.31,121.75208333333332,-29.40277777777777,-10.1528225,-23.918545,0.9073869,PM*,G,5794.286964268809,25.984160552796993,1.7905180372942511e-06
HD 67661, ,8,10,31.4,+,37,20,54,184,31,8.261,0.353,2.636,0.018,3.78,-0.14,75,3.88,0.77,5.5,3.1,7.8,1.09,1.04,1.16,6.8,0.6,0.8,2,2460,0.088,10,28,-19,2,13.3,1.1,-1,-9,11,8.064,0.039,7.74,8.2,0.03,0.28,122.6308333333333,37.348333333333336,-64.13094,-4.484468,38.627857,*,G,6025.595860743575,64.28754092766827,5.382433841338653e-07
HD 67827, ,8,11,21.6,+,38,43,52,182,32,6.58,0.368,2.608,-0.006,3.774,0.06,45,3.29,1.32,4.5,2.7,5.0,1.34,1.21,1.39,25.7,0.2,0.2,4,1805,0.908,5,-104,-77,1,22.0,0.8,-35,-13,-8,8.039,0.024,7.2,8.45,0.08,0.03,122.84,38.73111111111111,-38.138916,-1.331836,23.846367,PM*,G,5942.921586155727,38.16216320894234,2.3822026331875928e-07
HD 68168, ,8,11,49.1,+,16,31,25,206,25,7.346,0.414,2.591,0.0,3.752,0.09,34,4.7,0.41,8.7,3.5,13.1,1.01,0.92,1.07,9.1,0.2,0.1,2,702,0.847,2,-43,-256,2,29.5,1.0,0,-39,-16,8.028,0.014,6.07,8.06,0.14,0.14,122.9545833333333,16.52361111111111,-27.69586,-13.508169,14.369021,PM*,G,5649.369748123023,30.814465610686177,1.6710086589594444e-06
HD 68785, ,8,12,15.9,-,40,30,10,257,-4,8.206,0.387,2.591,0.004,3.757,-0.3,42,5.09,0.23,4.3,0.0,14.6,0.91,0.83,0.98,-3.4,0.2,0.3,4,2194,0.455,4,-145,126,1,23.8,0.8,-35,13,-10,8.009,-0.003,7.77,9.51,0.1,0.05,123.06624999999995,-40.50277777777778,-9.424934,-40.823856,-2.9297717,PM*,G,5714.786366718672,41.89769205592465,2.8640375019334002e-06
HD 68988, ,8,18,22.1,+,61,27,38,155,34,8.201,0.405,2.606,0.004,3.761,0.36,59,4.35,0.29,3.7,1.5,6.1,1.12,1.08,1.16,-69.7,0.2,0.2,2,729,0.521,5,127,31,2,17.0,1.0,75,-22,-10,8.044,0.033,5.9,10.02,0.26,0.06,124.59208333333332,61.46055555555556,-44.33043,20.671623,32.992382,PM*,G,5767.664633922509,48.91321929130232,1.0303355871816525e-06
HD 69611, ,8,17,29.3,-,3,59,22,227,17,7.745,0.383,2.588,0.011,3.757,-0.64,49,4.3,1.25,13.8,10.6,17.0,0.84,0.82,0.91,112.9,0.2,0.4,6,2566,0.259,4,-146,-439,2,20.5,1.2,-43,-144,-40,8.032,0.014,1.87,8.15,0.63,0.56,124.37208333333332,-3.989444444444445,-31.957716,-34.270454,14.326213,PM*,G,5714.786366718672,46.85893329241258,9.615651180014716e-07
HD 69655, ,8,15,25.2,-,52,3,37,267,-9,6.632,0.37,2.619,0.014,3.767,-0.27,27,4.47,0.6,8.5,5.6,13.0,0.96,0.9,1.02,11.4,0.1,0.2,5,1148,0.612,2,-6,-56,1,36.9,0.5,5,-11,-6,8.001,-0.004,7.45,8.24,0.05,0.01,123.85499999999998,-52.06027777777778,-1.3956782,-26.631039,-4.223731,PM*,G,5847.900841444806,26.667586239805736,1.2161263551968444e-06
HD 69809, ,8,19,13.3,+,14,12,2,210,26,7.862,0.413,2.601,0.0,3.755,0.15,51,4.35,0.65,8.2,4.9,11.2,1.08,1.01,1.12,17.3,0.3,0.0,1,0,0.0,3,35,26,2,19.8,1.1,-11,-3,17,8.04,0.022,8.03,8.2,0.01,0.39,124.80541666666666,14.200555555555557,-39.697304,-22.919247,22.356928,*,G,5688.529308438413,45.83849722575365,1.0303355871816525e-06
HD 69830, ,8,18,23.9,-,12,37,55,235,13,5.958,0.457,2.576,0.0,3.73,0.05,13,5.46,0.16,0.0,0.0,0.0,0.92,0.83,0.96,29.8,0.1,0.2,11,3303,0.731,1,280,-990,1,79.5,0.8,28,-62,-9,8.007,0.003,4.88,8.26,0.26,0.03,124.59958333333331,-12.631944444444445,-7.265383,-10.376045,2.9243636,PM*,G,5370.317963702527,12.666810963250143,4.775058541740164e-06
HD 69960, ,8,22,16.1,+,56,50,11,161,35,8.025,0.46,0.0,0.0,3.735,0.23,61,4.09,1.31,9.5,8.2,10.8,1.06,1.02,1.18,31.6,0.3,0.0,1,0,0.0,3,-28,-15,2,16.3,1.0,-30,5,12,8.048,0.035,7.8,9.07,0.07,0.31,125.56708333333331,56.83638888888889,-47.245937,16.268078,34.988163,*,G,5432.503314924331,49.9682791861202,7.194136940441091e-07
HD 69965, ,8,19,15.0,-,5,37,10,228,17,7.431,0.371,2.584,-0.017,3.767,-0.18,34,4.77,0.22,4.5,0.0,11.4,0.97,0.9,1.05,31.1,0.2,0.5,6,1307,0.039,4,-1,42,2,29.3,0.9,-24,-17,12,8.022,0.01,7.22,8.15,0.06,0.31,124.81249999999996,-5.619444444444445,-21.75636,-24.162876,9.940638,*,G,5847.900841444806,32.51436262701417,1.8406817244279151e-06
HD 70110, ,8,20,12.9,-,0,54,33,224,19,6.173,0.381,2.617,0.013,3.769,0.08,41,3.12,1.6,4.0,2.6,4.4,1.41,1.34,1.45,8.8,0.1,0.3,5,1821,0.462,4,38,-87,1,24.5,1.1,6,-19,2,8.028,0.013,7.06,8.18,0.07,0.13,125.05375,-0.9091666666666668,-27.886114,-26.92931,13.348293,PM*,G,5874.893525297769,38.76626227916609,1.8835567096263446e-07
HD 70642, ,8,21,28.1,-,39,42,19,258,-2,7.169,0.434,2.61,0.0,3.743,0.14,29,4.88,0.4,10.2,4.2,16.0,0.97,0.89,1.05,48.8,0.1,0.3,4,1859,0.487,3,-202,225,2,34.8,0.6,-51,-38,-6,8.006,-0.001,5.88,8.45,0.18,0.02,125.3670833333333,-39.70527777777778,-6.0257726,-28.348999,-1.0120853,PM*,G,5533.501092157366,28.982333924805154,2.142785507266722e-06
HD 70957, ,8,24,48.5,-,0,8,24,224,21,8.125,0.336,2.62,-0.005,3.785,-0.28,93,3.29,1.37,4.9,3.1,6.2,1.14,1.06,1.22,-16.2,0.3,0.3,2,503,0.37,7,-50,-113,1,10.8,1.4,23,-24,-46,8.062,0.033,6.72,8.53,0.12,0.75,126.20208333333332,-0.1399999999999999,-62.45522,-60.31231,33.32822,PM*,G,6095.368972401694,86.8229764681245,2.3822026331875928e-07
HD 71148, ,8,27,36.7,+,45,39,10,175,35,6.325,0.399,2.583,-0.007,3.756,-0.06,22,4.63,0.51,9.5,5.2,14.1,0.96,0.9,1.02,-32.6,0.1,0.2,18,4723,0.988,3,-21,-352,2,45.9,0.8,20,-38,-23,8.018,0.013,5.99,8.27,0.16,0.24,126.90291666666664,45.65277777777778,-17.952768,1.5706661,12.618682,PM*,G,5701.642722807472,18.021344868225377,1.5169759667089017e-06
HD 71187, ,8,27,18.7,+,35,49,2,186,34,8.154,0.377,2.613,0.017,3.769,-0.18,110,2.95,1.99,4.2,3.2,5.3,1.24,1.14,1.36,8.6,0.2,0.3,3,814,0.571,6,-68,-31,2,9.1,1.1,-27,-12,-26,8.09,0.062,7.46,8.35,0.06,0.31,126.82791666666664,35.81722222222223,-90.694565,-9.53238,61.51122,PM*,G,5874.893525297769,91.19413571608443,1.489288034927216e-07
HD 71244, ,8,28,51.7,+,53,51,43,164,36,7.128,0.345,0.0,0.0,3.78,-0.17,42,4.0,0.68,5.3,3.4,7.8,1.07,1.02,1.13,-12.4,0.4,0.0,1,0,0.0,4,81,-62,2,23.7,0.8,16,-17,6,8.033,0.025,7.04,8.42,0.09,0.21,127.21541666666664,53.86194444444445,-32.662437,9.365803,24.686981,PM*,G,6025.595860743575,33.97871475812141,6.352997732962232e-07
HD 71334, ,8,25,49.5,-,29,55,50,250,5,7.813,0.413,2.599,0.0,3.749,-0.1,39,4.86,0.47,12.3,5.0,0.0,0.9,0.86,0.98,16.9,0.2,0.2,4,1042,0.683,4,141,-292,3,25.7,0.9,48,-38,-8,8.013,0.003,5.67,8.84,0.22,0.01,126.45624999999995,-29.93055555555556,-13.288024,-36.508556,3.3990738,PM*,G,5610.479760324706,38.85159254174418,2.0843886533432196e-06
HD 71479, ,8,27,35.1,-,5,8,55,229,19,7.176,0.383,2.626,0.019,3.77,0.25,42,4.07,0.47,4.2,2.1,7.4,1.19,1.15,1.21,59.8,0.1,0.3,5,4088,0.367,4,-125,-81,2,23.9,1.0,-43,-51,-9,8.026,0.013,5.4,8.25,0.21,0.03,126.89624999999998,-5.148611111111111,-26.053272,-29.970861,13.6738615,PM*,G,5888.43655355589,39.71178025457062,6.998076736285392e-07
HD 71848, ,8,29,55.7,+,10,28,14,215,27,8.018,0.381,2.61,0.018,3.764,-0.24,66,3.92,1.19,8.7,6.5,11.3,1.01,0.96,1.06,61.8,0.2,0.3,2,361,0.345,4,-116,64,2,0.0,0.0,-73,-10,6,8.049,0.03,6.6,9.68,0.19,0.22,127.4820833333333,10.470555555555556,-48.17141,-33.72998,29.963373,PM*,G,5807.644175213118,58.80643070437535,5.68825032571083e-07
HD 72659, ,8,34,3.1,-,1,34,5,227,22,7.468,0.382,2.594,-0.012,3.765,-0.1,51,3.92,1.04,8.2,6.5,9.6,1.05,1.0,1.11,-18.4,0.2,0.2,4,2951,0.804,4,-114,-98,2,19.5,1.0,7,-2,-40,8.033,0.019,7.73,8.64,0.06,0.6,128.51291666666663,-1.5680555555555555,-32.249233,-34.583065,19.104935,PM*,G,5821.032177708716,47.28637662035984,5.68825032571083e-07
HD 72769, ,8,33,45.7,-,23,21,19,246,10,7.225,0.452,0.0,0.0,3.738,0.28,31,4.76,0.54,9.6,4.9,0.0,1.01,0.93,1.05,19.6,0.2,0.1,2,393,0.923,3,-345,165,2,32.2,0.8,-55,-1,-23,8.013,0.005,7.16,9.38,0.13,0.27,128.44041666666666,-23.35527777777778,-12.417279,-27.889664,5.3830934,PM*,G,5470.159628939716,30.529038238974003,1.8154266243795335e-06
HD 73226, ,8,38,8.5,+,26,2,56,198,34,7.558,0.397,2.608,0.011,3.761,0.09,43,4.37,0.54,7.0,3.7,10.3,1.07,1.0,1.13,25.4,0.2,0.2,2,336,0.457,4,-127,-183,1,23.0,0.9,-30,-40,-15,8.034,0.024,5.98,8.14,0.15,0.12,129.53541666666666,26.04888888888889,-33.90385,-11.016027,24.045294,PM*,G,5767.664633922509,35.64861702348674,1.0592017761624506e-06
HD 73393, ,8,40,42.1,+,55,40,3,162,37,8.007,0.423,2.59,0.0,3.744,-0.09,42,4.89,0.54,14.5,7.4,0.0,0.89,0.86,0.95,34.9,0.2,0.1,2,672,0.964,1,-265,-370,1,23.8,1.0,-77,-58,-15,8.032,0.025,4.84,8.83,0.29,0.12,130.17541666666665,55.6675,-31.900997,10.365264,25.27623,PM*,G,5546.25712957911,33.542693800345035,2.172594623009279e-06
HD 73524, ,8,37,19.9,-,40,8,51,260,1,6.534,0.382,2.62,0.018,3.766,-0.02,27,4.34,0.53,7.0,3.8,10.0,1.03,0.98,1.09,-2.1,0.1,0.3,4,3698,0.402,4,-305,31,2,36.4,0.6,-26,7,-29,8.005,0.0,7.85,9.01,0.07,0.37,129.33291666666665,-40.1475,-4.6877856,-26.58576,0.47121495,PM*,G,5834.451042737448,26.995887994455146,1.0161988529530514e-06
HD 73744, ,8,32,15.5,-,76,55,43,290,-21,7.591,0.386,2.599,0.014,3.757,-0.39,36,4.79,0.61,12.2,5.3,0.0,0.86,0.82,0.95,47.9,0.2,0.3,4,3061,0.326,3,-187,148,2,27.5,0.6,-24,-50,-30,7.988,-0.013,5.52,8.03,0.19,0.36,128.06458333333333,-76.92861111111111,11.494916,-31.58203,-12.901246,PM*,G,5714.786366718672,33.608893358275814,1.8922508123754359e-06
HD 73933, ,8,42,56.2,+,48,11,33,171,38,7.88,0.358,0.0,0.0,3.779,0.1,58,4.04,0.42,3.8,2.0,5.7,1.17,1.1,1.22,0.1,0.4,0.0,1,0,0.0,7,-51,-104,2,17.1,1.0,-13,-27,-11,8.045,0.036,6.74,8.05,0.09,0.06,130.73416666666665,48.1925,-45.141926,7.1497774,35.708366,PM*,G,6011.737374832779,45.70462558493425,6.713959240189154e-07
HD 74156, ,8,42,25.1,+,4,34,41,222,27,7.615,0.375,2.626,0.022,3.781,0.09,65,3.47,0.95,3.2,2.7,3.7,1.29,1.21,1.35,3.7,0.3,0.6,4,1733,0.077,3,23,-202,1,15.5,1.1,29,-52,-19,8.043,0.029,5.31,8.35,0.22,0.18,130.6045833333333,4.578055555555555,-43.03955,-38.75298,29.509382,PM*,G,6039.4862937638,57.9154238789884,3.054771290620165e-07
HD 74698, ,8,40,17.5,-,71,52,37,286,-18,7.772,0.418,2.596,0.021,3.76,0.1,50,4.18,0.74,7.4,4.6,10.3,1.1,1.02,1.14,38.2,0.1,0.2,5,2156,0.694,2,106,61,2,19.9,0.6,13,-43,17,7.987,-0.015,5.82,8.13,0.17,0.39,130.07291666666666,-71.87694444444443,13.107328,-45.710712,-15.4508505,PM*,G,5754.399373371566,47.55282577141476,8.146643284521832e-07
HD 74885, ,8,44,42.2,-,48,40,17,267,-4,8.19,0.462,0.0,0.0,3.724,-0.21,31,5.72,0.21,0.0,0.0,0.0,0.82,0.78,0.89,1.6,0.2,0.1,4,2197,0.971,3,-82,-117,2,32.1,0.8,6,-1,-20,8.001,-0.002,7.74,8.57,0.05,0.2,131.1758333333333,-48.671388888888885,-1.6184678,-30.882105,-2.1624506,PM*,G,5296.634438916581,30.924486208353756,6.8387810618030375e-06
HD 74935, ,8,45,32.5,-,39,45,8,260,2,8.242,0.379,2.619,0.019,3.766,-0.14,68,4.08,0.9,9.0,5.8,11.0,1.02,0.98,1.07,12.1,0.2,0.3,2,484,0.265,3,-101,33,2,14.7,0.8,-30,-8,-18,8.011,0.002,7.48,8.46,0.06,0.17,131.38541666666666,-39.75222222222222,-11.80088,-66.92614,2.3731656,PM*,G,5834.451042737448,67.95858285804671,7.095429681178739e-07
HD 74957, ,8,44,24.0,-,57,46,8,275,-9,8.104,0.381,2.604,0.01,3.762,-0.26,51,4.55,0.63,10.3,6.2,14.8,0.94,0.87,1.0,-11.9,0.2,0.4,4,2166,0.228,4,61,75,2,19.5,0.7,-6,8,24,7.996,-0.008,7.97,8.98,0.06,0.58,131.09999999999997,-57.76888888888889,4.390218,-50.180424,-7.9781585,PM*,G,5780.960474057181,50.372105047409924,1.3582468307766884e-06
HD 75302, ,8,49,12.5,+,3,29,5,224,28,7.456,0.429,2.592,0.0,3.742,-0.03,30,5.08,0.35,12.1,0.1,0.0,0.88,0.85,0.97,9.8,0.2,0.2,3,2234,0.628,2,-148,60,2,33.5,1.0,-23,2,-8,8.019,0.014,7.86,8.66,0.05,0.02,132.30208333333331,3.4847222222222225,-19.054178,-18.400408,14.084147,PM*,G,5520.774392807573,26.48842603519786,2.8247414342353697e-06
HD 75519, ,8,49,5.6,-,39,57,15,261,2,7.846,0.424,2.567,0.0,3.742,-0.21,36,5.06,0.51,0.0,7.8,0.0,0.86,0.83,0.91,21.9,0.2,0.1,4,2164,0.951,9,-119,131,2,27.7,0.7,-34,-16,0,8.006,0.002,7.07,8.35,0.08,0.1,132.2733333333333,-39.95416666666667,-5.6282115,-35.53512,1.2563819,PM*,G,5520.774392807573,35.97806996078489,2.747759388040215e-06
HD 75576, ,8,53,59.3,+,62,35,1,153,38,8.273,0.361,2.617,0.001,3.777,-0.01,85,3.61,0.99,3.7,2.9,6.5,1.15,1.09,1.25,-12.2,0.2,0.2,2,1158,0.636,4,-113,-50,2,11.7,0.9,-27,-21,-39,8.06,0.052,7.05,8.23,0.08,0.56,133.49708333333334,62.58361111111111,-59.68043,30.408707,52.331226,PM*,G,5984.115950603199,66.98091658373114,3.706625424759005e-07
HD 75782, ,8,53,11.5,+,37,4,13,186,39,7.083,0.388,2.606,0.004,3.768,0.18,72,2.8,1.86,2.5,2.2,2.8,1.49,1.45,1.52,8.9,0.3,0.4,2,730,0.195,4,-100,-145,2,13.9,0.9,-27,-48,-25,8.055,0.046,5.64,8.12,0.18,0.28,133.29791666666665,37.07027777777778,-55.647987,-5.8488374,45.311066,PM*,G,5861.3816451402845,55.954511489993436,1.2105387621469116e-07
HD 75898, ,8,53,50.8,+,33,3,24,191,39,8.04,0.389,2.613,0.014,3.765,0.08,81,3.51,1.31,5.4,3.6,6.6,1.18,1.12,1.27,21.3,0.2,0.3,2,420,0.435,4,-96,-29,2,12.4,1.1,-39,-12,-16,8.062,0.051,7.19,8.61,0.09,0.15,133.46166666666664,33.056666666666665,-61.79228,-12.0112,50.974953,PM*,G,5821.032177708716,62.94882678047622,3.2283357865705907e-07
HD 75933, ,8,54,30.1,+,40,7,59,182,40,7.62,0.398,0.0,0.0,3.755,-0.34,75,3.26,2.14,5.5,4.5,6.7,1.16,1.07,1.24,-36.0,0.2,0.2,3,1002,0.594,1,39,-160,1,13.4,0.9,36,-56,-16,8.057,0.048,5.08,8.46,0.25,0.14,133.62541666666664,40.13305555555556,-57.41833,-2.005086,48.20907,PM*,G,5688.529308438413,57.45332879700093,2.285486710679099e-07
HD 76025, ,8,54,18.7,+,22,12,40,204,36,7.829,0.396,2.608,0.017,3.76,-0.04,61,3.92,1.11,8.2,6.6,9.8,1.05,1.01,1.11,28.9,0.2,0.2,2,645,0.521,2,-117,-212,1,16.5,1.1,-29,-65,-24,8.044,0.036,4.84,8.11,0.25,0.26,133.57791666666668,22.211111111111112,-45.083504,-20.072462,35.8549,PM*,G,5754.399373371566,49.35003610595903,5.68825032571083e-07
HD 76151, ,8,54,17.9,-,5,26,4,233,24,6.009,0.418,2.605,0.0,3.748,0.01,17,4.84,0.42,10.6,4.2,16.8,0.92,0.88,1.01,31.8,0.1,0.4,14,4911,0.3,3,-412,28,2,58.5,0.9,-40,-20,-11,8.009,0.007,6.81,8.44,0.11,0.06,133.57458333333332,-5.434444444444445,-9.346354,-12.403026,6.914523,PM*,G,5597.576014951104,15.530273244537328,2.0275832758118263e-06
HD 76218, ,8,55,55.6,+,36,11,46,187,40,7.71,0.473,0.0,0.0,3.72,-0.13,26,5.62,0.33,0.0,0.0,0.0,0.83,0.8,0.89,-13.2,0.2,0.1,2,648,0.683,3,-25,-13,2,38.2,1.0,8,0,-11,8.02,0.017,7.73,8.67,0.06,0.06,133.98166666666663,36.19611111111111,-19.768696,-2.4272883,16.712477,*,G,5248.074602497728,19.917155169143328,5.9563293045116295e-06
HD 76349, ,8,56,39.4,+,33,15,27,191,40,7.321,0.343,2.606,-0.002,3.778,-0.53,49,3.88,1.15,8.5,5.4,10.1,1.0,0.96,1.06,33.7,0.2,0.1,3,409,0.975,6,-1,-34,2,20.5,1.1,-25,-13,20,8.037,0.031,7.45,8.26,0.05,0.46,134.16416666666666,33.2575,-36.84653,-7.162239,31.496592,*,G,5997.910762555094,37.53617509195657,5.382433841338653e-07
HD 76539, ,9,3,29.9,+,76,23,51,137,34,7.861,0.428,0.0,0.0,3.745,-0.1,53,4.23,1.19,12.3,10.5,14.1,0.95,0.93,0.99,14.6,0.3,0.0,1,0,0.0,2,-55,-193,2,18.8,0.8,-39,-31,16,8.032,0.03,6.35,8.32,0.13,0.37,135.87458333333333,76.39750000000001,-32.134945,29.966318,29.637224,PM*,G,5559.042572704037,43.93899071018984,8.729285552249458e-07
HD 76700, ,8,53,55.5,-,66,48,3,282,-14,8.149,0.456,0.0,0.0,3.737,0.14,60,4.28,1.13,11.5,10.0,13.1,1.02,0.98,1.04,37.7,0.2,0.4,3,1071,0.156,2,-282,122,2,16.8,0.7,-70,-42,-49,7.988,-0.014,5.57,8.84,0.23,0.86,133.48125,-66.80083333333333,12.104136,-56.945545,-14.515314,PM*,G,5457.57861091271,58.21773959587852,9.353597990167014e-07
HD 76752, ,8,58,49.8,+,25,24,17,201,38,7.482,0.412,2.583,-0.006,3.751,-0.01,40,4.47,0.74,11.0,7.3,14.7,0.97,0.91,1.02,-13.6,0.2,0.2,2,667,0.498,2,-57,-138,2,25.0,1.2,8,-21,-22,8.029,0.025,6.97,8.2,0.08,0.23,134.70749999999998,25.404722222222222,-29.426859,-11.295911,24.626461,PM*,G,5636.376558259543,31.52043203900927,1.2161263551968444e-06
HD 76765, ,8,59,7.6,+,31,54,57,193,40,7.961,0.412,2.601,0.039,3.766,-0.31,61,3.85,1.28,8.7,7.3,10.2,1.01,0.98,1.05,32.2,0.2,0.2,3,615,0.804,2,-50,-141,1,16.3,1.0,-29,-45,4,8.046,0.039,5.76,8.14,0.17,0.17,134.78166666666664,31.91583333333333,-45.531055,-10.511672,39.21004,PM*,G,5834.451042737448,46.728708709406995,5.163910426473034e-07
HD 76780, ,8,58,55.7,+,21,9,58,206,37,7.644,0.416,2.613,0.0,3.752,0.15,34,5.01,0.06,0.0,0.0,9.7,1.01,0.95,1.05,30.8,0.2,0.1,3,701,0.908,1,-77,-46,1,29.7,1.1,-28,-17,7,8.024,0.02,7.13,8.24,0.07,0.22,134.73208333333332,21.16611111111111,-24.405504,-11.903357,20.46171,PM*,G,5649.369748123023,27.1536099508604,2.564358266443843e-06
HD 77006, ,9,1,37.0,+,49,44,12,169,41,7.947,0.393,0.0,0.0,3.757,-0.15,43,4.77,0.42,9.7,3.0,15.4,0.93,0.87,1.01,3.8,0.2,0.2,3,2196,0.747,1,-85,-129,2,23.2,1.0,-17,-25,-9,8.032,0.028,6.84,8.06,0.08,0.04,135.40416666666667,49.736666666666665,-31.85627,6.192232,28.210539,PM*,G,5714.786366718672,32.452514162306805,1.8406817244279151e-06
HD 77278, ,9,1,47.5,+,6,29,51,223,32,8.029,0.486,0.0,0.0,3.718,0.07,31,5.57,0.29,0.0,0.0,0.0,0.86,0.83,0.94,-1.5,0.2,0.4,5,1499,0.315,2,132,-104,2,32.2,1.1,20,-12,8,8.019,0.016,7.12,8.6,0.09,0.23,135.44791666666666,6.4975000000000005,-19.22692,-17.929388,16.427498,PM*,G,5223.9618899911975,26.289492325660152,5.558769940398637e-06
HD 77407, ,9,3,27.0,+,37,50,27,185,42,7.056,0.388,2.606,0.003,3.761,-0.04,30,4.66,0.35,7.8,1.4,12.2,0.98,0.92,1.06,4.6,0.2,0.3,2,420,0.402,9,-80,-168,2,33.2,0.9,-10,-24,-7,8.022,0.02,6.91,8.02,0.07,0.02,135.8625,37.840833333333336,-22.209507,-1.9430816,20.07392,PM*,G,5767.664633922509,22.29434384069887,1.5811704900714475e-06
HD 77425, ,8,55,50.1,-,76,14,55,290,-19,8.197,0.396,2.574,0.0,3.755,-0.26,59,4.35,0.99,13.4,10.2,15.9,0.94,0.88,0.98,24.9,0.2,0.4,5,3283,0.338,3,-149,-59,2,17.0,0.7,-7,-13,-49,7.981,-0.02,7.66,7.99,0.02,0.78,133.95874999999998,-76.24861111111112,19.079792,-52.42131,-19.20852,PM*,G,5688.529308438413,55.78559137339465,1.0303355871816525e-06
HD 77902, ,9,3,51.2,-,41,33,19,264,4,7.835,0.416,2.591,0.01,3.748,-0.28,122,2.4,3.1,2.3,1.9,2.8,1.36,1.33,1.41,17.9,0.1,0.1,5,3252,0.935,4,-20,-8,1,8.2,0.7,-7,-18,-10,8.013,0.007,7.23,8.02,0.05,0.05,135.96333333333334,-41.555277777777775,-12.721393,-121.036125,8.510289,*,G,5597.576014951104,121.70282410394621,6.965923494340181e-08
HD 78135, ,9,4,29.8,-,52,30,47,272,-4,7.441,0.364,2.613,0.005,3.773,-0.17,58,3.62,1.22,6.3,4.6,8.1,1.09,1.03,1.16,16.1,0.1,0.3,6,1710,0.631,6,56,-148,2,0.0,0.0,41,-14,-17,7.998,-0.004,6.65,9.1,0.16,0.15,136.12416666666664,-52.51305555555555,2.0192292,-57.82347,-4.045875,PM*,G,5929.2532458,57.85871558722188,3.758189720824222e-07
HD 78143, ,9,6,29.8,-,2,35,58,232,28,7.338,0.401,2.59,-0.008,3.758,-0.03,78,2.87,2.2,3.5,2.9,4.1,1.31,1.26,1.38,6.7,0.2,0.3,5,1101,0.263,3,31,42,2,12.8,1.1,-4,6,19,8.042,0.037,8.01,8.91,0.05,0.46,136.62416666666664,-2.5994444444444444,-42.400555,-54.27023,36.618782,PM*,G,5727.960309858292,68.86991308663693,1.333456032228426e-07
HD 78317, ,9,7,33.1,+,0,3,47,230,30,8.162,0.388,2.611,0.009,3.762,-0.02,49,4.73,0.24,5.8,0.0,11.4,1.0,0.93,1.07,-10.3,0.2,0.1,2,368,0.8,2,-94,26,1,20.6,1.1,-12,12,-18,8.027,0.024,8.02,9.16,0.07,0.18,136.88791666666663,0.0630555555555555,-27.276846,-32.50729,24.5,PM*,G,5780.960474057181,42.435247505485535,1.7417214499005635e-06
HD 78366, ,9,8,51.0,+,33,52,55,191,42,5.946,0.378,2.604,-0.004,3.766,-0.01,19,4.53,0.33,6.5,1.1,10.4,1.02,0.96,1.09,26.0,0.1,0.3,22,5576,0.65,4,-192,-117,2,52.2,0.9,-30,-14,4,8.014,0.013,7.24,8.31,0.07,0.16,137.21249999999998,33.88194444444444,-13.860332,-2.6941748,12.713482,PM*,G,5834.451042737448,14.119751449766353,1.321230833841885e-06
HD 78429, ,9,6,38.8,-,43,29,31,266,3,7.303,0.42,2.589,0.0,3.747,-0.02,38,4.43,0.88,13.4,9.1,15.6,0.95,0.91,1.01,64.5,0.1,0.2,5,3252,0.709,3,50,181,1,26.6,0.7,-23,-61,32,8.003,0.002,5.09,8.04,0.22,0.75,136.66166666666663,-43.49194444444444,-2.6471157,-37.85548,1.9887664,PM*,G,5584.701947368307,37.947919410154576,1.150743950203592e-06
HD 78538, ,9,8,46.9,-,5,6,57,235,27,8.164,0.407,2.595,0.009,3.751,-0.12,43,4.99,0.32,0.0,0.0,0.0,0.9,0.85,1.0,4.7,0.2,0.2,5,1800,0.852,5,-53,71,1,23.2,1.1,-18,7,1,8.022,0.02,7.98,8.86,0.05,0.13,137.19541666666663,-5.115833333333333,-21.975592,-31.384405,19.521591,PM*,G,5636.376558259543,38.31328126060843,2.4944723844527592e-06
HD 78557, ,9,8,40.1,-,9,23,2,239,25,8.082,0.417,2.585,0.009,3.747,-0.23,80,3.57,1.92,7.7,5.9,9.4,1.05,1.01,1.15,28.4,0.1,0.3,5,1800,0.587,2,-83,46,1,12.5,1.1,-45,-10,-2,8.037,0.034,7.11,8.78,0.11,0.09,137.1670833333333,-9.383888888888889,-37.34266,-62.148582,33.809464,PM*,G,5584.701947368307,72.50462399382762,3.5073467201702433e-07
HD 78558, ,9,8,25.2,-,15,8,41,244,21,7.296,0.394,2.584,0.007,3.754,-0.4,37,4.48,0.99,13.7,10.1,0.0,0.86,0.84,0.92,66.5,0.2,0.4,5,2096,0.208,3,-532,-199,2,27.3,0.9,-69,-74,-63,8.015,0.013,4.42,8.59,0.32,1.29,137.10499999999996,-15.14472222222222,-15.142417,-31.046572,13.259614,PM*,G,5675.446054085472,34.54247277704758,1.2330443580285334e-06
HD 78670, ,9,9,5.8,-,16,45,31,245,21,7.972,0.368,2.605,-0.008,3.771,-0.29,103,2.91,2.09,4.0,3.2,5.0,1.2,1.13,1.36,69.3,0.2,0.5,5,702,0.043,5,-112,-12,2,9.7,1.0,-61,-61,-18,8.04,0.036,4.84,8.51,0.27,0.18,137.27416666666667,-16.75861111111111,-40.63845,-87.14946,36.9119,PM*,G,5902.010801718442,96.15878533287587,1.4092196826255733e-07
HD 78747, ,9,7,56.5,-,50,28,56,271,-2,7.716,0.38,2.584,0.008,3.757,-0.7,40,4.72,0.87,13.5,7.0,0.0,0.82,0.79,0.89,-1.1,0.2,0.4,4,399,0.137,2,-65,-132,1,25.2,0.7,10,2,-26,7.999,-0.001,7.71,8.81,0.07,0.29,136.98541666666665,-50.48222222222223,0.6976674,-39.969543,-1.3959799,PM*,G,5714.786366718672,39.97563142002728,1.7178241357207713e-06
HD 78752, ,9,9,1.7,-,28,57,24,255,13,7.85,0.374,2.605,-0.001,3.772,-0.02,83,3.25,1.48,4.6,3.0,5.4,1.22,1.16,1.33,71.4,0.2,0.1,2,354,0.695,8,-90,58,2,12.0,0.9,-59,-58,5,8.021,0.018,4.97,8.47,0.26,0.2,137.25708333333333,-28.956666666666667,-20.931395,-78.11705,18.670937,PM*,G,5915.616341754737,80.87271973507832,2.254128657425552e-07
HD 79601, ,9,13,44.6,-,42,18,37,266,4,8.016,0.382,2.592,0.018,3.757,-0.75,53,4.38,1.24,14.1,10.3,0.0,0.83,0.8,0.88,39.2,0.1,0.2,8,3253,0.945,3,-159,-56,1,18.7,0.8,-21,-41,-36,8.004,0.004,6.02,8.03,0.14,0.48,138.4358333333333,-42.31027777777778,-3.6880906,-52.742104,3.697093,PM*,G,5714.786366718672,52.87089508056984,1.0739367406436191e-06
HD 80327, ,9,19,49.5,+,24,24,59,204,43,7.911,0.334,2.625,0.001,3.788,-0.24,100,2.91,1.65,2.9,2.3,4.6,1.32,1.16,1.41,-33.8,0.3,0.2,2,1080,0.685,7,59,-73,2,10.0,1.0,50,-22,-10,8.067,0.068,6.26,9.24,0.19,0.08,139.95624999999998,24.41638888888889,-66.812485,-29.746826,68.19983,PM*,G,6137.620051647939,73.13536633496479,1.4092196826255733e-07
HD 80355, ,9,21,3.0,+,51,18,21,167,44,7.818,0.445,2.577,0.0,3.73,-0.27,30,5.44,0.42,0.0,4.3,0.0,0.82,0.8,0.88,-7.2,0.1,0.4,15,6933,0.12,3,-37,141,2,33.5,1.0,3,18,-11,8.021,0.021,7.96,9.71,0.1,0.07,140.26249999999996,51.30583333333333,-21.027096,4.8544884,20.839752,PM*,G,5370.317963702527,21.580195175645436,4.6449249398502366e-06
HD 80536, ,9,21,10.6,+,25,9,47,203,43,7.264,0.394,2.615,0.02,3.772,0.17,51,3.64,0.93,3.6,3.0,5.9,1.27,1.21,1.31,-38.5,0.2,0.2,3,1143,0.601,2,57,-144,1,19.6,1.0,43,-22,-23,8.034,0.035,6.37,9.02,0.17,0.26,140.29416666666663,25.163055555555555,-34.333946,-14.573894,34.781914,PM*,G,5915.616341754737,37.29903798027708,3.863480284458676e-07
HD 80699, ,9,21,47.1,+,18,44,46,211,41,7.691,0.373,2.622,0.02,3.78,-0.02,67,3.49,1.05,3.5,2.8,5.8,1.2,1.12,1.29,43.2,0.3,0.1,2,1086,0.954,1,-65,-109,1,15.0,1.1,-32,-49,5,8.043,0.044,5.55,8.15,0.19,0.19,140.44624999999996,18.746111111111112,-43.343136,-26.043175,43.955956,PM*,G,6025.595860743575,50.56554560563073,3.140354673806367e-07
HD 80870, ,9,23,10.4,+,32,55,15,192,45,7.7,0.383,2.593,0.004,3.761,-0.29,45,4.42,0.81,11.8,7.1,15.3,0.94,0.87,1.0,-14.3,0.2,0.2,2,670,0.54,3,159,-22,2,22.1,1.0,35,-1,13,8.031,0.032,7.18,9.41,0.13,0.36,140.7933333333333,32.920833333333334,-31.124464,-6.6157126,31.819805,PM*,G,5767.664633922509,31.81980377835625,1.1349551513000262e-06
HD 81040, ,9,23,47.0,+,20,21,52,209,42,7.735,0.407,2.596,0.005,3.75,-0.13,33,5.17,0.17,0.0,0.0,15.0,0.92,0.84,0.99,48.9,0.2,0.3,2,338,0.45,2,-152,36,1,30.7,1.2,-50,-13,18,8.021,0.022,6.92,8.85,0.12,0.43,140.9458333333333,20.364444444444445,-21.448978,-11.889365,22.08131,PM*,G,5623.413251903491,24.52377738741952,3.1987382261746624e-06
HD 81563, ,9,26,49.4,+,14,55,40,217,41,8.281,0.319,2.645,0.002,3.796,-0.07,75,3.92,0.3,3.0,0.0,4.5,1.17,1.11,1.23,10.5,0.3,0.2,2,1467,0.614,10,23,-94,1,13.4,1.1,11,-34,3,8.045,0.049,6.3,8.18,0.13,0.16,141.70583333333332,14.927777777777775,-45.205345,-34.064667,49.204426,PM*,G,6251.726927756856,56.60322212021074,5.68825032571083e-07
HD 81659, ,9,26,42.8,-,14,29,26,246,25,7.925,0.431,2.592,0.0,3.744,0.13,40,4.92,0.34,9.4,1.9,15.8,0.98,0.9,1.05,-17.0,0.1,0.2,5,2607,0.699,2,37,-130,2,25.1,1.0,26,0,-17,8.014,0.017,7.37,9.16,0.11,0.15,141.6783333333333,-14.490555555555554,-14.745144,-33.118134,16.904732,PM*,G,5546.25712957911,36.25231125352826,2.2645332425687464e-06
HD 81856, ,9,28,26.8,+,12,40,29,219,41,7.71,0.393,2.609,0.008,3.766,0.21,88,2.99,1.69,3.4,2.5,5.7,1.46,1.41,1.5,16.8,0.2,0.1,2,368,0.77,3,-111,-127,2,11.4,1.0,-24,-56,-38,8.052,0.057,5.3,8.09,0.21,0.54,142.11166666666665,12.674722222222222,-51.61372,-41.795963,57.733192,PM*,G,5834.451042737448,66.41444583323548,1.5739056715734894e-07
HD 82128, ,9,30,23.7,+,12,56,22,219,41,8.158,0.387,2.599,-0.003,3.761,-0.04,57,4.38,0.63,8.3,4.3,11.7,1.01,0.95,1.07,18.2,0.2,0.3,3,785,0.6,5,-91,-52,2,0.0,0.0,-23,-22,-9,8.033,0.037,6.94,8.13,0.08,0.05,142.59875,12.939444444444444,-33.431614,-27.072386,37.395363,PM*,G,5767.664633922509,43.01844834926049,1.0739367406436191e-06
HD 82246, ,9,32,14.4,+,43,44,18,177,47,7.67,0.345,0.0,0.0,3.783,-0.11,56,3.92,0.64,4.2,2.8,6.7,1.11,1.05,1.18,6.7,0.4,0.0,1,0,0.0,6,-60,-131,1,17.8,1.1,-16,-36,-4,8.038,0.041,6.29,8.05,0.12,0.07,143.05999999999997,43.73833333333334,-38.139565,1.9988136,40.955807,PM*,G,6067.363295885053,38.19190587279941,5.68825032571083e-07
HD 82939, ,9,36,4.2,+,37,33,10,186,48,8.252,0.452,2.578,0.0,3.733,0.07,38,5.35,0.19,0.0,0.0,0.0,0.9,0.85,0.98,-0.6,0.3,0.5,3,2198,0.123,2,-99,-91,2,26.3,1.1,-11,-17,-12,8.025,0.028,7.28,8.03,0.05,0.08,144.01749999999998,37.55277777777778,-25.28767,-2.6578405,28.239506,PM*,G,5407.5432294558095,25.426961480922966,4.101839853334638e-06
HD 83147, ,9,36,33.7,+,7,7,21,227,40,8.149,0.362,2.627,0.012,3.773,-0.13,57,4.38,0.43,6.3,2.2,9.5,1.02,0.97,1.09,-25.8,0.2,0.6,7,1463,0.053,4,-67,-51,2,17.6,1.0,6,2,-34,8.03,0.036,7.83,8.79,0.06,0.46,144.14041666666665,7.1225,-29.77914,-31.934217,36.638893,PM*,G,5929.2532458,43.6645324553314,1.0739367406436191e-06
HD 83273, ,9,37,49.8,+,24,40,13,205,47,6.616,0.358,2.631,0.016,3.78,-0.05,69,2.42,2.15,2.1,1.9,2.3,1.54,1.47,1.6,31.8,0.6,0.0,1,0,0.0,17,-100,-17,1,14.5,0.9,-43,-17,1,8.043,0.05,6.92,8.59,0.11,0.13,144.45749999999998,24.67027777777778,-42.648926,-19.887522,50.463406,PM*,G,6025.595860743575,47.057883720519776,7.161082883683798e-08
HD 84209, ,9,43,43.7,+,7,57,10,227,42,7.973,0.438,2.588,0.0,3.737,-0.23,71,3.7,1.99,8.4,6.8,10.1,1.04,0.98,1.09,-34.1,0.3,0.4,2,372,0.212,1,50,-67,2,14.0,1.0,40,1,-20,8.036,0.048,7.14,9.66,0.15,0.22,145.9320833333333,7.952777777777778,-35.984474,-38.588623,47.508274,PM*,G,5457.57861091271,52.76328452714828,4.1973839773752496e-07
HD 84737, ,9,48,35.3,+,46,1,15,173,49,5.1,0.39,2.607,0.006,3.764,0.1,18,3.77,1.06,6.6,5.3,7.6,1.13,1.1,1.23,4.8,0.1,0.2,17,5220,0.895,2,222,-94,1,54.3,0.7,12,-6,17,8.012,0.014,7.52,8.58,0.07,0.41,147.1470833333333,46.020833333333336,-11.72104,1.439162,13.584773,PM*,G,5807.644175213118,11.809062873227663,4.623583448318132e-07
HD 85301, ,9,52,16.7,+,49,11,26,168,49,7.746,0.436,0.0,0.0,3.739,0.01,32,5.2,0.26,0.0,0.0,0.0,0.89,0.85,0.98,15.1,0.2,0.3,2,671,0.359,6,-214,-69,2,31.0,1.0,-35,-12,-7,8.021,0.024,7.22,8.46,0.08,0.03,148.06958333333333,49.19055555555556,-20.535122,4.3648734,24.150707,PM*,G,5482.769649208536,20.993888523875505,3.3341006052084653e-06
HD 85380, ,9,51,21.6,-,6,10,54,244,35,6.43,0.36,2.623,0.004,3.778,0.04,44,3.19,1.34,2.9,2.6,4.6,1.35,1.3,1.4,34.9,0.1,0.1,5,5566,0.966,6,-126,54,2,22.5,0.9,-39,-21,9,8.016,0.026,6.8,8.42,0.11,0.26,147.83999999999995,-6.181666666666667,-15.800069,-32.39496,25.237364,PM*,G,5997.910762555094,36.04269154497706,2.074811757403894e-07
HD 85404, ,9,51,1.5,-,21,4,6,256,25,7.789,0.36,2.639,0.022,3.792,0.27,98,2.74,1.29,2.3,1.6,2.8,1.51,1.44,1.58,-19.6,0.5,0.7,2,849,0.027,7,-60,-59,2,10.2,0.9,0,1,-44,8.021,0.041,7.92,8.67,0.05,0.68,147.75624999999997,-21.06833333333333,-21.48706,-86.179886,41.41659,PM*,G,6194.410750767812,88.81816536281639,1.1142398852087356e-07
HD 85426, ,9,52,38.5,+,35,6,41,190,51,8.243,0.418,2.6,0.021,3.756,-0.04,61,4.23,0.89,10.2,7.2,12.5,1.01,0.96,1.06,-54.0,0.2,0.3,2,367,0.404,4,263,-152,2,16.4,1.0,99,-29,5,8.038,0.048,5.35,10.69,0.33,0.23,148.16041666666666,35.11138888888889,-37.805332,-6.666103,47.405907,PM*,G,5701.642722807472,38.38854069689069,8.729285552249458e-07
HD 85689, ,9,53,48.4,+,14,44,20,220,47,7.724,0.361,2.62,0.009,3.772,-0.24,45,4.45,0.48,7.6,3.3,10.8,0.98,0.93,1.05,8.3,0.4,0.7,3,1880,0.055,3,4,49,1,22.1,1.0,-8,6,9,8.024,0.033,8.02,8.76,0.04,0.27,148.45166666666665,14.738888888888887,-23.509848,-19.727102,32.910915,*,G,5915.616341754737,30.689925159594445,1.182983535779732e-06
HD 86165, ,9,58,15.7,+,51,34,8,164,49,7.926,0.386,2.612,0.017,3.76,-0.21,53,4.32,0.86,11.3,7.2,14.1,0.97,0.92,1.02,6.4,0.2,0.1,2,362,0.706,2,-162,-56,1,19.0,1.1,-36,-18,-17,8.033,0.04,6.98,8.39,0.09,0.15,149.56541666666664,51.56888888888889,-33.424156,9.584222,39.999607,PM*,G,5754.399373371566,34.77113049151006,9.885046130154186e-07
HD 86226, ,9,56,29.8,-,24,5,57,259,24,7.925,0.381,2.602,-0.008,3.765,0.06,43,4.78,0.05,0.0,0.0,7.8,1.03,0.97,1.09,19.4,0.1,0.2,5,2600,0.889,4,-176,45,2,23.5,0.9,-36,-18,-8,8.007,0.017,6.93,8.38,0.09,0.02,149.12416666666667,-24.099166666666665,-7.4954395,-38.560722,17.489676,PM*,G,5821.032177708716,39.282450209469424,1.8662881579148912e-06
HD 86460, ,9,59,15.8,+,27,31,22,202,52,7.777,0.377,2.591,-0.003,3.764,-0.22,41,4.71,0.39,8.4,1.3,13.7,0.95,0.88,1.03,3.0,0.3,0.4,2,352,0.295,4,-331,-79,1,24.4,0.9,-48,-24,-38,8.023,0.032,6.55,8.6,0.13,0.56,149.8158333333333,27.522777777777776,-23.404085,-9.455866,32.30844,PM*,G,5807.644175213118,25.242119492966136,1.6942547049835658e-06
HD 86652,*,9,59,7.9,-,33,31,1,266,17,8.216,0.399,0.0,0.0,3.759,0.02,53,4.59,0.42,7.9,2.8,11.9,1.0,0.94,1.07,14.0,0.2,0.2,2,684,0.446,2,-162,14,2,18.8,1.0,-35,-18,-18,8.003,0.015,6.97,8.35,0.09,0.16,149.78291666666664,-33.51694444444444,-3.5355508,-50.560684,15.4957,PM*,G,5741.164622073275,50.68414827149842,1.4354190325987634e-06
HD 86776, ,10,1,32.8,+,36,30,39,187,53,8.111,0.36,2.609,-0.005,3.775,-0.09,81,3.58,1.14,5.7,3.5,7.1,1.13,1.08,1.2,-6.2,0.2,0.3,4,1168,0.731,7,-27,-46,2,12.4,1.0,-1,-18,-11,8.048,0.064,7.22,8.1,0.06,0.08,150.38666666666666,36.51083333333333,-48.38366,-5.9407606,64.689476,PM*,G,5956.621435290103,48.74701212897168,3.5561387733068084e-07
HD 86794, ,10,1,0.6,+,8,56,56,229,46,8.064,0.364,2.604,-0.007,3.771,-0.16,52,4.47,0.41,6.9,2.1,10.4,1.0,0.95,1.07,0.0,0.3,0.6,4,1524,0.112,4,-78,-87,1,19.1,0.9,-6,-21,-19,8.024,0.038,7.09,8.03,0.06,0.18,150.2525,8.94888888888889,-23.69832,-27.2618,37.40567,PM*,G,5902.010801718442,36.122238442023495,1.2161263551968444e-06
HD 86819, ,10,0,5.9,-,36,2,35,268,15,7.378,0.364,2.608,-0.009,3.774,0.03,45,4.12,0.52,4.8,2.8,7.5,1.1,1.04,1.17,2.6,0.1,0.2,6,2570,0.678,4,-218,59,2,22.3,0.7,-44,-6,-18,8.001,0.012,7.22,8.87,0.1,0.17,150.0245833333333,-36.043055555555554,-1.5169762,-43.440186,11.646857,PM*,G,5942.921586155727,43.46666511829453,7.49857432246398e-07
HD 87320, ,10,3,37.3,-,29,2,35,264,21,8.11,0.423,2.577,0.0,3.743,-0.18,51,4.57,0.96,16.3,12.4,0.0,0.89,0.86,0.93,86.2,0.1,0.2,6,3338,0.758,2,-235,33,3,19.6,1.1,-58,-86,3,8.005,0.018,3.86,8.32,0.37,0.15,150.90541666666667,-29.04305555555556,-4.976866,-47.351776,18.276766,PM*,G,5533.501092157366,47.612602171443356,1.3962998789170638e-06
HD 87359, ,10,4,26.7,-,7,13,6,247,37,7.506,0.428,2.579,0.0,3.744,0.0,32,4.99,0.37,11.7,2.4,0.0,0.9,0.86,0.99,-1.1,0.2,0.4,5,4026,0.301,2,138,-210,2,31.4,0.9,34,-17,-5,8.01,0.019,6.68,8.83,0.14,0.04,151.11124999999996,-7.218333333333334,-9.985659,-23.52473,19.25808,PM*,G,5546.25712957911,25.556335950937513,2.4944723844527592e-06
HD 87978, ,10,8,26.5,-,11,6,54,251,35,8.147,0.426,2.586,0.0,3.743,-0.06,39,5.18,0.25,0.0,0.0,0.0,0.89,0.84,0.98,28.6,0.1,0.2,5,1780,0.891,5,-181,35,2,25.5,1.1,-38,-24,1,8.01,0.022,6.68,8.34,0.11,0.12,152.11041666666665,-11.115,-10.400904,-30.206415,22.369482,PM*,G,5533.501092157366,31.946929604727917,3.2432371075096336e-06
HD 88072, ,10,9,23.4,+,2,22,15,238,44,7.544,0.406,2.592,0.004,3.753,-0.02,37,4.7,0.48,9.8,4.8,14.7,0.95,0.89,1.02,-18.4,0.2,0.3,4,761,0.388,2,-203,-8,1,27.0,1.0,-21,4,-34,8.014,0.026,7.92,8.8,0.05,0.46,152.3475,2.3708333333333336,-14.104108,-22.571283,25.70236,PM*,G,5662.3928903825345,26.6155721099839,1.6710086589594444e-06
HD 88261, ,10,9,49.5,-,36,45,14,270,16,8.08,0.384,2.585,0.007,3.757,-0.54,45,4.79,0.71,12.3,5.1,0.0,0.84,0.81,0.92,110.5,0.2,0.4,6,5463,0.267,3,-323,369,2,22.0,0.9,-105,-98,53,8.0,0.012,3.32,9.16,0.47,1.43,152.45624999999998,-36.75388888888889,5.1583186e-07,-43.256775,12.403681,PM*,G,5714.786366718672,43.256775,1.8922508123754359e-06
HD 88402, ,10,12,56.0,+,51,28,33,163,52,7.577,0.39,2.598,0.005,3.764,0.03,61,3.66,1.22,6.3,5.3,7.4,1.13,1.09,1.19,34.9,0.2,0.1,2,1072,0.822,4,22,-34,1,16.5,0.8,-15,-2,33,8.036,0.047,7.97,8.45,0.03,0.78,153.23333333333332,51.47583333333333,-35.91436,10.980127,48.068657,*,G,5807.644175213118,37.55535172443109,3.9717206999138233e-07
HD 88446, ,10,12,19.0,+,17,17,57,219,52,7.886,0.362,2.589,-0.013,3.77,-0.34,69,3.68,1.38,7.6,6.2,9.0,1.04,0.99,1.11,61.2,0.4,0.7,3,3636,0.031,5,-155,-230,1,14.4,1.1,-43,-101,2,8.033,0.055,3.33,8.16,0.42,0.14,153.07916666666662,17.299166666666668,-33.01366,-26.733934,54.37274,PM*,G,5888.43655355589,42.48064234109409,4.082993611117695e-07
HD 88725, ,10,14,8.3,+,3,9,4,239,45,7.75,0.396,2.578,0.0,3.749,-0.64,36,4.96,0.76,15.7,6.3,0.0,0.81,0.79,0.87,-22.1,0.3,0.6,4,2164,0.09,3,231,-401,1,27.7,1.0,72,-33,-22,8.013,0.026,5.55,9.59,0.27,0.25,153.5345833333333,3.151111111111111,-13.110734,-21.819914,25.455843,PM*,G,5610.479760324706,25.455843984950725,2.3931983809430355e-06
HD 88742, ,10,13,24.7,-,33,1,54,269,19,6.379,0.383,2.611,0.016,3.762,-0.23,23,4.6,0.55,9.6,5.5,14.5,0.95,0.88,1.01,43.6,0.1,0.2,6,2870,0.571,3,-370,65,1,44.0,0.7,-37,-46,-3,8.001,0.007,5.62,8.18,0.19,0.06,153.35291666666663,-33.031666666666666,-0.3795338,-21.743616,7.488067,PM*,G,5780.960474057181,21.74692812010005,1.4553877004550159e-06
HD 88775, ,10,15,33.0,+,47,22,9,169,54,7.741,0.422,0.0,0.0,3.747,-0.23,76,3.33,2.16,5.4,4.2,6.8,1.18,1.09,1.24,-27.2,0.2,0.1,2,437,0.853,3,17,-107,1,13.1,1.0,24,-40,-11,8.045,0.061,5.89,8.35,0.17,0.08,153.8875,47.369166666666665,-43.850933,8.523759,61.48529,PM*,G,5584.701947368307,44.67167774396401,2.517553453247534e-07
HD 88986, ,10,16,28.0,+,28,40,56,201,56,6.49,0.396,2.589,-0.004,3.761,0.09,32,3.96,0.95,7.7,5.7,9.1,1.09,1.05,1.18,28.5,0.1,0.3,6,684,0.318,1,-62,-91,1,31.2,0.8,-19,-21,17,8.017,0.027,7.09,8.06,0.06,0.4,154.11666666666665,28.682222222222222,-16.70565,-6.412697,26.529203,PM*,G,5767.664633922509,17.89417292685831,6.011442541001502e-07
HD 89251, ,10,18,59.7,+,51,24,19,162,52,6.824,0.399,2.588,0.004,3.755,-0.25,51,3.29,2.04,5.3,4.6,6.0,1.2,1.16,1.24,-26.0,0.2,0.2,2,749,0.611,3,24,-2,1,19.6,0.8,20,-4,-17,8.03,0.04,7.39,8.84,0.09,0.16,154.74875,51.405277777777776,-29.861973,9.7027445,40.18855,*,G,5688.529308438413,31.398736953658013,2.3822026331875928e-07
HD 89307, ,10,18,21.2,+,12,37,15,227,51,7.03,0.373,2.606,0.004,3.766,-0.23,31,4.58,0.48,8.8,3.9,13.0,0.96,0.9,1.03,22.6,0.2,0.3,4,1722,0.594,3,-272,-39,1,32.4,1.0,-40,-23,-6,8.013,0.024,6.68,8.39,0.11,0.03,154.5883333333333,12.620833333333334,-13.30506,-14.26793,24.091526,PM*,G,5834.451042737448,19.508932520476357,1.4157243451367577e-06
HD 89418, ,10,19,0.2,-,11,11,6,254,37,7.823,0.355,2.613,-0.003,3.776,-0.14,47,4.49,0.25,4.7,0.0,9.0,1.03,0.96,1.1,-13.7,0.2,0.4,5,1103,0.229,4,2,-130,2,21.5,1.0,19,-7,-25,8.01,0.028,7.32,8.71,0.09,0.28,154.7508333333333,-11.185,-10.346282,-36.081795,28.285305,PM*,G,5970.352865838366,37.53586926721624,1.2501977137235027e-06
HD 89454, ,10,19,16.2,-,11,22,42,254,37,8.043,0.429,2.593,0.0,3.744,0.02,41,5.0,0.35,0.0,0.0,0.0,0.91,0.86,1.0,18.0,0.1,0.2,5,2167,0.618,3,-62,-64,2,24.6,1.0,-7,-24,-3,8.009,0.024,6.91,8.01,0.07,0.07,154.81749999999997,-11.378333333333334,-9.02548,-31.475609,24.674414,PM*,G,5546.25712957911,32.74405673021107,2.5291739520023757e-06
HD 89652, ,10,21,41.8,+,48,2,31,167,54,7.597,0.391,0.0,0.0,3.757,-0.28,47,4.22,1.09,12.1,10.0,14.4,0.95,0.9,1.0,60.6,0.2,0.1,2,362,0.799,2,-219,7,1,21.1,0.9,-75,0,22,8.027,0.038,6.83,10.13,0.19,0.58,155.42416666666665,48.04194444444444,-26.917856,6.214478,38.0238,PM*,G,5714.786366718672,27.625906472896414,8.609515264400525e-07
HD 89717, ,10,24,42.8,+,74,46,26,135,39,8.077,0.453,0.0,0.0,3.735,-0.11,105,2.97,2.67,3.3,2.7,4.0,1.27,1.24,1.33,0.7,0.3,0.0,1,0,0.0,4,-27,-2,2,9.5,0.8,-11,-3,-6,8.058,0.066,8.05,8.19,0.01,0.07,156.1783333333333,74.77388888888889,-57.70014,57.70014,66.07864,*,G,5432.503314924331,81.60032053882631,1.5310123725099315e-07
HD 89813, ,10,22,9.4,+,11,18,36,230,52,7.781,0.474,2.554,0.0,3.719,-0.19,27,5.64,0.38,0.0,0.0,0.0,0.82,0.79,0.88,-14.3,0.2,0.1,3,3249,0.983,2,22,-324,1,37.3,1.3,25,-28,-22,8.011,0.021,6.39,8.44,0.14,0.24,155.53916666666666,11.31,-10.684967,-12.733851,21.27629,PM*,G,5236.0043658575005,16.622860195564723,6.123203602046278e-06
HD 89881, ,10,28,26.4,+,81,11,14,129,34,7.684,0.411,0.0,0.0,3.754,0.02,60,3.81,1.31,7.7,6.7,8.8,1.1,1.06,1.14,-49.0,0.2,0.3,2,362,0.315,1,35,11,2,16.8,0.7,34,-27,-24,8.031,0.033,6.32,8.69,0.16,0.28,157.11,81.18722222222223,-31.303812,38.656998,33.551575,*,G,5675.446054085472,49.74225708694116,4.886283943493073e-07
HD 90081, ,10,23,34.6,-,12,29,11,256,37,8.125,0.378,2.603,0.015,3.762,-0.44,55,4.43,0.89,12.1,7.0,15.7,0.9,0.84,0.97,-7.5,0.1,0.2,6,2557,0.903,3,-173,45,1,18.2,1.0,-42,4,-22,8.011,0.033,7.53,9.21,0.1,0.24,155.89416666666665,-12.486388888888888,-10.62641,-42.620193,33.099823,PM*,G,5780.960474057181,43.92495237157747,1.150743950203592e-06
HD 90156, ,10,23,55.2,-,29,38,43,268,23,6.925,0.424,2.578,0.0,3.74,-0.29,22,5.21,0.47,0.0,5.3,0.0,0.84,0.81,0.89,26.4,0.2,0.3,4,1028,0.264,2,-39,98,1,45.3,0.8,-10,-21,16,8.001,0.009,7.08,8.0,0.06,0.37,155.97999999999996,-29.64527777777778,-0.7067588,-20.23877,8.596085,PM*,G,5495.408738576249,20.25110661456004,3.3804825648124227e-06
HD 90164, ,10,25,1.6,+,30,22,16,198,58,7.916,0.363,2.599,-0.004,3.77,-0.33,54,4.25,0.8,7.6,5.3,12.4,0.98,0.94,1.04,-25.8,0.3,0.1,2,700,0.846,2,98,-124,2,18.5,1.0,42,-21,-10,8.027,0.046,6.41,8.99,0.17,0.06,156.25666666666663,30.371111111111112,-27.215092,-8.842719,45.794598,PM*,G,5888.43655355589,28.615641035654345,8.973847818712385e-07
HD 90323, ,10,25,15.6,-,19,48,11,262,31,8.27,0.378,2.63,0.026,3.785,0.25,80,3.64,0.55,3.2,1.6,5.3,1.28,1.24,1.33,9.8,0.2,0.1,3,2167,0.981,4,-73,-31,2,12.5,1.0,-18,-20,-17,8.01,0.041,7.1,8.05,0.06,0.15,156.31499999999997,-19.80305555555556,-9.543581,-67.90604,41.203045,PM*,G,6095.368972401694,68.57339284872202,3.863480284458676e-07
HD 90422, ,10,25,29.4,-,45,10,57,278,10,8.256,0.348,2.612,0.012,3.776,-0.71,89,3.5,1.7,7.2,5.9,8.6,1.02,0.97,1.07,32.7,0.2,0.1,3,446,0.866,5,-52,-32,2,11.2,0.9,-6,-38,-17,7.988,0.016,6.15,7.99,0.13,0.14,156.37249999999997,-45.1825,12.198244,-86.79491,15.454688,PM*,G,5970.352865838366,87.64789534604716,3.1840413590236713e-07
HD 90520, ,10,26,10.6,-,45,33,45,278,10,7.535,0.399,2.618,0.024,3.776,0.4,65,3.37,0.9,2.5,2.0,3.1,1.35,1.32,1.38,19.2,0.3,0.4,2,675,0.151,4,-84,80,1,15.4,0.7,-32,-22,10,7.991,0.011,6.83,8.23,0.09,0.27,156.54416666666663,-45.5625,8.908831,-63.389538,11.287131,PM*,G,5970.352865838366,64.01250500988073,2.6605945697733073e-07
HD 90712, ,10,27,47.7,-,34,23,58,272,20,7.516,0.377,2.617,0.004,3.767,0.04,39,4.56,0.24,4.8,0.0,9.3,1.04,0.98,1.11,19.6,0.2,0.3,4,1427,0.447,11,-122,-38,2,25.6,0.9,-14,-25,-10,7.999,0.013,6.82,8.01,0.08,0.05,156.94874999999996,-34.39944444444444,1.2789903,-36.625687,13.338785,PM*,G,5847.900841444806,36.64801173883057,1.377141926365241e-06
HD 90905, ,10,29,42.2,+,1,29,28,244,47,6.879,0.359,2.612,-0.005,3.775,-0.06,32,4.38,0.32,5.1,0.4,8.4,1.05,0.99,1.12,16.3,0.2,0.2,3,1087,0.774,10,-150,-124,1,31.7,1.0,-15,-29,-8,8.009,0.023,6.61,8.02,0.1,0.02,157.4258333333333,1.4911111111111113,-9.566984,-19.615234,23.403318,PM*,G,5956.621435290103,21.823945283358185,1.0739367406436191e-06
HD 91148, ,10,31,45.6,+,24,4,55,211,58,7.927,0.435,2.596,0.0,3.74,0.04,37,5.07,0.35,11.9,0.8,0.0,0.89,0.86,0.99,-23.3,0.2,0.2,2,344,0.636,2,33,-38,2,26.8,1.0,18,1,-18,8.017,0.032,7.56,8.99,0.09,0.17,157.94,24.08194444444445,-16.806492,-10.098356,31.377779,PM*,G,5495.408738576249,19.60701321590823,2.7859845287988294e-06
HD 91163, ,10,32,1.4,+,29,43,57,200,59,7.864,0.392,2.615,0.021,3.774,0.12,94,2.9,1.66,2.6,2.3,3.0,1.45,1.39,1.5,-21.8,0.2,0.2,2,369,0.513,4,85,-10,2,10.6,1.0,44,8,0,8.045,0.081,7.22,10.1,0.17,0.16,158.0058333333333,29.7325,-45.49388,-16.55842,80.57372,PM*,G,5942.921586155727,48.41357650856627,1.3898844637213257e-07
HD 91204, ,10,32,5.5,+,17,59,23,221,57,7.824,0.404,2.608,0.013,3.759,0.17,52,4.25,0.64,7.2,4.1,9.9,1.1,1.06,1.14,-7.2,0.3,0.2,2,944,0.612,4,16,-16,1,19.3,1.0,8,0,-5,8.021,0.043,7.74,8.67,0.06,0.06,158.02291666666665,17.989722222222223,-21.374302,-18.5804,43.61087,*,G,5741.164622073275,28.321229672230054,8.973847818712385e-07
HD 91332, ,10,33,9.7,+,30,45,16,198,60,8.26,0.413,2.615,0.0,3.753,0.08,59,4.4,0.7,9.4,5.9,12.5,1.01,0.96,1.09,-44.1,0.2,0.3,2,669,0.426,4,9,-102,2,16.9,1.0,31,-20,-37,8.028,0.051,6.66,8.76,0.14,0.55,158.29041666666666,30.754444444444445,-28.056166,-9.116,51.0955,PM*,G,5662.3928903825345,29.49999841728057,1.1040244725384673e-06
HD 91369, ,10,32,41.1,-,16,57,31,262,35,7.621,0.39,2.616,0.024,3.776,0.08,75,3.15,1.4,2.9,2.5,4.3,1.38,1.31,1.44,15.6,0.2,0.1,2,1105,0.893,6,-21,-88,1,13.4,0.9,8,-31,-14,8.009,0.042,6.41,8.13,0.12,0.11,158.17125,-16.95861111111111,-8.550304,-60.83851,43.018234,PM*,G,5970.352865838366,61.436406124646616,1.963263987694239e-07
HD 92114, ,10,37,57.2,-,11,30,34,259,40,7.604,0.393,2.61,0.026,3.775,-0.04,120,2.09,2.59,2.0,1.6,2.4,1.56,1.5,1.68,22.5,0.3,0.5,2,375,0.162,12,-23,-1,2,8.3,0.9,-15,-20,8,8.018,0.077,7.12,8.03,0.06,0.24,159.48833333333332,-11.509444444444444,-17.540167,-90.236404,77.13451,*,G,5956.621435290103,91.92532874697324,4.539193539767575e-08
HD 92719, ,10,42,13.3,-,13,47,15,261,38,6.792,0.396,2.588,-0.002,3.755,-0.17,23,4.94,0.32,8.3,0.0,16.9,0.91,0.85,1.01,-18.2,0.1,0.2,5,1126,0.612,3,236,-171,2,42.7,0.8,34,9,-11,8.003,0.015,7.37,9.82,0.14,0.06,160.55541666666664,-13.7875,-2.8352578,-17.901108,14.160214,PM*,G,5688.529308438413,18.124247692528506,2.3279770810098656e-06
HD 92786, ,10,43,33.8,+,48,12,50,164,57,8.006,0.452,2.561,0.0,3.725,-0.4,25,5.99,0.06,0.0,0.0,13.2,0.79,0.75,0.83,-33.0,0.2,0.4,3,2880,0.305,2,-328,178,2,39.6,1.0,-19,5,-52,8.013,0.021,7.93,8.97,0.06,0.91,160.89083333333332,48.21388888888889,-13.088516,3.7530718,20.966764,PM*,G,5308.8444423098845,13.615975874619169,9.930673429983232e-06
HD 92788, ,10,42,48.5,-,2,11,1,251,47,7.332,0.434,2.599,0.0,3.745,0.19,32,4.78,0.42,9.6,4.8,14.3,1.02,0.94,1.06,-5.0,0.2,0.2,4,1113,0.766,2,-12,-224,2,30.9,1.0,16,-22,-21,8.007,0.024,6.76,8.33,0.1,0.21,160.70208333333332,-2.183611111111111,-7.105182,-20.634945,23.403318,PM*,G,5559.042572704037,21.82394479479246,1.8662881579148912e-06
HD 92987, ,10,43,36.2,-,39,3,30,277,17,7.028,0.399,2.6,0.008,3.759,0.03,44,3.81,1.19,7.4,6.3,8.5,1.1,1.07,1.14,4.5,0.1,0.2,4,1425,0.577,3,11,10,1,22.7,0.8,1,-3,4,7.995,0.013,7.78,8.35,0.04,0.17,160.9008333333333,-39.05833333333333,5.127938,-41.76377,12.864354,*,G,5741.164622073275,42.07740762861638,4.886283943493073e-07
HD 93212, ,10,54,41.0,+,85,21,43,126,31,8.045,0.351,0.0,0.0,3.778,-0.34,63,4.05,0.83,6.1,4.3,10.3,1.02,0.97,1.08,-12.7,0.2,0.2,3,712,0.864,7,-99,-23,1,15.9,0.7,-20,-22,-14,8.031,0.033,6.99,8.09,0.07,0.11,163.67083333333332,85.36194444444443,-31.741308,43.688164,32.4474,PM*,G,5997.910762555094,54.00153985991288,6.80735971699978e-07
HD 93215, ,10,46,9.2,+,25,45,39,209,62,8.054,0.418,2.593,0.0,3.751,0.12,47,4.69,0.42,8.7,3.7,13.0,1.02,0.93,1.08,-15.6,0.2,0.2,2,336,0.468,3,53,-6,2,21.2,1.0,17,5,-8,8.019,0.042,7.65,9.16,0.09,0.05,161.53833333333333,25.76083333333333,-19.298628,-10.697406,41.498535,PM*,G,5636.376558259543,22.06516571003309,1.648081560643825e-06
HD 93216, ,10,45,43.1,-,10,51,59,260,41,7.952,0.373,2.615,0.01,3.769,-0.15,71,3.7,1.22,7.0,5.6,8.3,1.09,1.04,1.14,5.8,0.2,0.3,5,2171,0.375,4,-146,-13,2,14.1,1.0,-40,-20,-21,8.009,0.047,6.82,8.44,0.11,0.22,161.4295833333333,-10.866388888888888,-9.304828,-52.770317,46.580193,PM*,G,5874.893525297769,53.58438373621622,4.1973839773752496e-07
HD 93277, ,10,45,57.7,-,16,44,10,265,37,7.973,0.404,2.613,0.029,3.769,0.09,50,4.35,0.36,5.0,1.6,8.1,1.09,1.03,1.15,37.1,0.1,0.3,5,2197,0.499,4,-298,-14,2,20.0,1.0,-61,-50,-12,8.004,0.03,5.28,8.55,0.24,0.08,161.49041666666665,-16.73611111111111,-3.4802823,-39.779827,30.09075,PM*,G,5874.893525297769,39.93177933723492,1.0303355871816525e-06
HD 93307, ,10,45,4.1,-,58,8,55,287,1,7.776,0.399,2.641,0.058,3.794,0.51,72,3.24,0.66,1.6,1.1,2.1,1.39,1.36,1.43,25.1,0.2,0.1,4,1784,0.943,5,-90,0,2,13.9,0.8,-19,-32,-14,7.979,0.001,6.41,8.01,0.11,0.09,161.26708333333332,-58.14861111111111,21.047539,-68.84347,1.2565732,PM*,G,6223.002851691595,71.98904263564991,2.2232008527922416e-07
HD 93385, ,10,46,15.1,-,41,27,51,279,16,7.49,0.386,2.612,0.023,3.773,-0.12,43,4.25,0.55,6.4,3.6,9.0,1.04,0.98,1.1,47.3,0.2,0.2,4,1865,0.795,4,-49,-55,2,23.5,0.9,4,-49,-1,7.994,0.011,5.54,8.04,0.18,0.1,161.56291666666667,-41.46416666666667,6.4661045,-40.825356,11.8524065,PM*,G,5929.2532458,41.33424972019761,8.973847818712385e-07
HD 93489, ,10,47,28.6,-,13,58,44,263,39,7.924,0.388,2.594,-0.004,3.761,-0.06,46,4.63,0.39,8.2,2.4,12.4,0.98,0.92,1.05,2.9,0.1,0.2,5,2197,0.605,2,100,-33,2,21.9,1.0,22,-1,7,8.004,0.029,7.42,9.01,0.1,0.23,161.86916666666664,-13.97888888888889,-4.356681,-35.48225,28.948738,PM*,G,5767.664633922509,35.74871654197198,1.5169759667089017e-06
HD 93626, ,10,48,5.5,-,26,23,54,271,29,7.887,0.339,2.619,-0.011,3.786,-0.03,45,4.62,-0.21,0.0,0.0,3.2,1.07,1.02,1.11,20.8,0.3,0.4,2,760,0.275,6,-164,-12,2,22.2,0.9,-28,-29,-8,7.999,0.022,6.54,8.12,0.11,0.02,162.02291666666665,-26.398333333333333,0.68688637,-39.351894,21.816433,PM*,G,6109.420249055721,39.35788833604425,1.4961622761605684e-06
HD 93745, ,10,49,0.5,-,31,3,32,274,25,7.489,0.371,2.615,-0.001,3.773,0.14,56,3.77,0.8,3.8,3.2,5.4,1.23,1.16,1.27,37.7,0.2,0.3,4,3960,0.45,5,179,-93,2,18.0,0.9,55,-29,18,7.996,0.023,5.92,9.18,0.22,0.46,162.25208333333333,-31.05888888888889,3.5403714,-50.6296,23.666622,PM*,G,5929.2532458,50.75323266364359,4.623583448318132e-07
HD 93849, ,10,49,35.4,-,29,59,39,274,26,7.858,0.349,2.647,0.02,3.798,0.36,74,3.42,0.46,1.5,0.5,2.4,1.36,1.32,1.4,9.2,0.3,0.5,2,764,0.117,6,-97,-17,2,13.5,0.9,-25,-20,-16,7.996,0.032,7.01,8.13,0.07,0.13,162.39749999999998,-29.99416666666667,4.639562,-66.34874,32.439465,PM*,G,6280.58358813318,66.51075728887353,2.8508784449224386e-07
HD 94069, ,10,51,58.6,+,31,22,5,196,64,8.123,0.337,2.635,0.014,3.79,-0.21,146,2.3,2.19,2.1,1.8,2.6,1.46,1.39,1.57,28.1,0.6,0.2,2,1589,0.833,19,-37,0,1,5.3,0.9,-33,-11,14,8.062,0.131,7.35,8.52,0.07,0.37,162.99416666666664,31.36805555555556,-61.522854,-17.64139,131.22394,*,G,6165.9500186148225,64.00218906754218,6.067065733989927e-08
HD 94151, ,10,51,39.2,-,22,4,18,269,33,7.869,0.431,2.598,0.0,3.743,0.12,37,5.01,0.28,8.5,0.0,16.6,0.96,0.89,1.04,3.9,0.1,0.1,5,2920,0.945,2,-291,28,2,26.8,1.0,-46,-15,-17,8.0,0.02,6.87,8.67,0.12,0.16,162.91333333333333,-22.071666666666665,-0.5415589,-31.026085,20.151646,PM*,G,5533.501092157366,31.030811083009,2.564358266443843e-06
HD 94268, ,10,52,44.4,-,11,25,22,262,42,7.631,0.362,2.598,0.007,3.769,-0.38,36,4.85,0.27,2.8,0.0,11.0,0.94,0.86,1.01,-4.7,0.2,0.1,4,3276,0.901,4,-262,68,2,27.8,1.0,-43,-2,-16,8.004,0.024,7.36,8.99,0.1,0.14,163.185,-11.422777777777776,-3.723332,-26.492853,24.088703,PM*,G,5874.893525297769,26.753214036108503,2.055789768874886e-06
HD 94270, ,10,52,39.2,-,17,1,48,266,37,7.771,0.37,2.605,-0.012,3.772,0.13,49,4.34,0.26,4.1,0.0,7.0,1.13,1.06,1.17,20.3,0.1,0.3,5,769,0.482,3,-61,-121,2,20.6,1.0,2,-35,-12,8.002,0.029,6.26,8.05,0.12,0.08,163.16333333333333,-17.029999999999998,-2.7297924,-39.03781,29.488934,PM*,G,5915.616341754737,39.13313654875108,1.0161988529530514e-06
HD 94280, ,10,52,48.9,-,6,49,19,258,46,7.174,0.347,2.616,-0.02,3.787,0.27,44,3.96,0.18,1.8,0.0,4.4,1.22,1.2,1.26,15.2,0.2,0.6,6,3718,0.02,5,-210,-188,1,22.8,0.9,-20,-49,-29,8.006,0.031,5.58,8.03,0.18,0.33,163.20375,-6.821944444444444,-6.354821,-29.89705,31.650951,PM*,G,6123.503917247734,30.564969305473564,6.011442541001502e-07
HD 94482, ,10,54,6.5,-,23,11,5,271,32,8.129,0.353,2.611,-0.017,3.782,0.16,78,3.68,0.65,3.2,2.5,4.0,1.26,1.2,1.31,27.3,0.4,0.6,2,759,0.1,4,101,-156,2,12.9,1.1,62,-38,-10,7.999,0.041,5.48,9.17,0.25,0.06,163.52708333333334,-23.184722222222224,1.1544316,-66.13768,41.333702,PM*,G,6053.408747539136,66.14775452047846,4.082993611117695e-07
HD 94835, ,10,57,9.5,+,21,48,17,218,64,7.938,0.39,2.596,-0.006,3.764,0.15,50,4.46,0.33,5.3,1.2,8.8,1.09,1.03,1.14,9.9,0.3,0.3,2,1163,0.417,5,-150,-215,1,20.2,1.0,-14,-59,-13,8.017,0.044,5.11,8.02,0.22,0.09,164.2895833333333,21.804722222222225,-17.272062,-13.4944105,44.9397,PM*,G,5807.644175213118,21.91855927004223,1.1994404760661065e-06
HD 94838, ,10,56,45.8,-,17,27,7,268,37,7.901,0.396,2.597,0.008,3.757,-0.12,42,4.79,0.38,9.0,1.5,14.9,0.94,0.87,1.02,20.2,0.2,0.3,5,2579,0.412,4,39,-128,2,23.9,1.0,19,-27,-1,8.001,0.025,6.48,8.31,0.12,0.1,164.19083333333333,-17.451944444444443,-1.1706321,-33.522263,25.27623,PM*,G,5714.786366718672,33.542696614236604,1.8922508123754359e-06
HD 94880, ,10,58,21.5,+,59,16,53,146,52,8.148,0.438,0.0,0.0,3.739,-0.01,44,4.93,0.55,15.2,8.3,0.0,0.89,0.86,0.95,-41.2,0.3,0.4,2,708,0.186,4,12,-52,2,22.7,0.9,24,-23,-27,8.022,0.035,6.64,8.5,0.12,0.32,164.58958333333334,59.28138888888889,-22.457884,15.148039,34.672474,PM*,G,5482.769649208536,27.08910554638113,2.296036038019654e-06
HD 95072, ,10,59,6.2,+,40,59,0,175,63,8.256,0.41,0.0,0.0,3.745,-0.43,46,4.94,0.74,0.0,9.8,0.0,0.84,0.81,0.88,-24.8,0.2,0.3,4,4399,0.546,3,216,25,1,21.7,0.9,50,18,-3,8.021,0.041,7.25,10.86,0.2,0.09,164.7758333333333,40.98333333333333,-20.804096,1.8201253,40.9863,PM*,G,5559.042572704037,20.883564506207176,2.3279770810098656e-06
HD 95128, ,10,59,27.9,+,40,25,48,176,63,5.05,0.392,2.606,0.005,3.76,0.01,14,4.31,0.68,8.7,5.3,11.9,1.02,0.98,1.08,11.1,0.1,0.2,11,5097,0.971,3,-317,57,1,71.0,0.7,-24,-2,0,8.006,0.013,7.76,8.46,0.04,0.11,164.86624999999995,40.43,-6.3403854,0.44336286,12.474092,PM*,G,5754.399373371566,6.355867969534967,9.74941821268923e-07
HD 95177, ,10,59,31.5,+,7,13,12,245,57,8.221,0.402,2.572,0.0,3.75,-0.44,49,4.76,0.82,15.8,9.8,0.0,0.84,0.82,0.89,35.3,0.2,0.5,4,1060,0.178,1,-152,-204,1,20.3,1.0,-17,-67,-2,8.012,0.041,4.75,8.02,0.26,0.08,164.88124999999997,7.22,-11.278543,-24.18692,41.094856,PM*,G,5623.413251903491,26.687312178060363,1.8154266243795335e-06
HD 95516, ,11,1,41.3,+,20,49,54,221,64,8.182,0.412,2.597,0.006,3.75,-0.03,45,4.92,0.33,9.1,0.0,16.7,0.92,0.87,1.02,13.8,0.2,0.1,3,434,0.951,3,-209,-29,1,22.3,1.0,-40,-23,-7,8.015,0.04,6.67,8.4,0.12,0.04,165.42208333333332,20.831666666666667,-14.887932,-12.941883,40.445732,PM*,G,5623.413251903491,19.726704104393946,2.2645332425687464e-06
HD 95521, ,11,0,50.2,-,49,1,11,285,10,7.587,0.408,2.573,0.0,3.748,-0.32,33,4.99,0.55,15.0,6.3,0.0,0.85,0.82,0.91,18.0,0.1,0.2,5,1778,0.683,3,-97,-60,1,30.2,0.8,-4,-22,-12,7.992,0.006,6.97,8.01,0.07,0.06,165.20916666666665,-49.01972222222222,8.411268,-31.391289,5.73039,PM*,G,5597.576014951104,32.49865311746542,2.4944723844527592e-06
HD 95542, ,11,0,17.6,-,66,33,25,292,-6,8.263,0.383,2.616,0.025,3.774,-0.13,52,4.58,0.2,3.7,0.0,9.2,1.02,0.95,1.09,15.0,0.2,0.2,4,1975,0.852,4,-6,21,2,19.3,0.8,2,-15,3,7.981,-0.005,7.26,8.1,0.05,0.14,165.07333333333332,-66.55694444444444,19.37282,-47.949448,-5.43548,*,G,5942.921586155727,51.715140126051125,1.4157243451367577e-06
HD 95580, ,11,1,43.9,-,20,3,33,271,36,8.136,0.39,2.622,0.032,3.781,0.14,93,3.16,1.21,2.8,2.3,3.3,1.36,1.28,1.44,26.7,0.2,0.1,3,1540,0.869,8,-86,-37,2,8.3,1.1,-24,-41,-11,7.999,0.054,5.93,8.05,0.15,0.08,165.43291666666667,-20.059166666666663,1.3130876,-75.22712,54.66403,PM*,G,6039.4862937638,75.23857908373651,1.990575710329982e-07
HD 95980, ,11,4,18.9,+,5,47,44,248,57,8.251,0.402,2.592,0.008,3.754,-0.1,53,4.64,0.58,10.8,6.0,15.5,0.94,0.88,1.01,19.0,0.2,0.4,3,2182,0.282,2,-301,54,2,19.0,1.1,-75,-22,-9,8.011,0.044,6.15,9.31,0.2,0.06,166.07875,5.795555555555556,-10.813351,-26.763966,44.44954,PM*,G,5675.446054085472,28.865869740895683,1.5380792045350664e-06
HD 96094, ,11,5,15.4,+,25,12,6,212,66,7.624,0.371,2.587,-0.006,3.765,-0.53,60,3.74,1.58,8.8,7.5,10.3,0.99,0.95,1.03,0.6,0.2,0.2,5,1564,0.945,1,-401,-62,1,16.7,1.0,-92,-52,-46,8.021,0.055,4.95,9.29,0.3,0.84,166.3141666666667,25.201666666666664,-20.695932,-12.932255,54.81273,PM*,G,5821.032177708716,24.404196785259067,4.435868880183037e-07
HD 96108, ,11,4,53.6,-,11,45,33,266,43,7.893,0.361,2.628,0.01,3.778,0.04,81,3.34,1.19,3.2,2.6,5.2,1.28,1.17,1.36,-11.2,0.2,0.4,3,3304,0.197,6,-129,-27,2,12.3,1.0,-37,-14,-34,8.004,0.056,7.12,8.47,0.09,0.46,166.2233333333333,-11.759166666666667,-4.132353,-59.095345,55.241863,PM*,G,5997.910762555094,59.23965008324774,2.5525761104483704e-07
HD 96276, ,11,5,50.7,-,20,24,32,272,36,8.108,0.365,2.608,0.002,3.77,-0.31,57,4.31,0.73,7.8,5.1,12.2,0.98,0.93,1.04,-0.4,0.2,0.2,4,1121,0.855,4,50,-40,2,17.4,1.1,17,-1,-2,7.998,0.034,7.5,8.86,0.08,0.08,166.46125,-20.40888888888889,1.6093457,-46.085876,33.503757,PM*,G,5888.43655355589,46.11396708449062,9.74941821268923e-07
HD 96423, ,11,6,19.7,-,44,22,23,284,15,7.234,0.427,2.598,0.0,3.745,0.01,32,4.7,0.63,12.3,7.7,17.7,0.92,0.88,0.98,54.4,0.1,0.2,4,2160,0.721,2,87,-86,1,31.2,0.8,30,-49,8,7.993,0.008,5.42,8.34,0.21,0.24,166.58208333333332,-44.37305555555555,7.4777174,-29.991478,8.282209,PM*,G,5559.042572704037,30.909626496267254,1.6710086589594444e-06
HD 96497, ,11,7,28.8,+,22,3,10,219,66,8.221,0.41,2.614,0.027,3.766,0.17,53,4.49,0.23,4.5,0.0,8.0,1.09,1.04,1.14,-0.6,0.2,0.3,2,368,0.338,6,-194,4,1,18.9,1.6,-42,-15,-19,8.017,0.048,6.99,8.6,0.1,0.2,166.86999999999998,22.052777777777777,-16.752968,-13.566285,48.41791,PM*,G,5834.451042737448,21.557041204911425,1.2501977137235027e-06
HD 96700, ,11,7,54.4,-,30,10,28,278,28,6.517,0.395,2.597,0.018,3.754,-0.42,26,4.43,1.05,15.7,10.5,0.0,0.85,0.84,0.91,12.6,0.1,0.2,6,2871,0.735,1,-506,-134,2,38.2,0.9,-45,-37,-32,7.997,0.012,6.0,8.33,0.16,0.41,166.97666666666666,-30.174444444444447,3.1949506,-22.733223,12.206261,PM*,G,5675.446054085472,22.956636018898095,1.150743950203592e-06
HD 96937, ,11,9,40.2,+,2,27,22,254,55,7.682,0.467,2.574,0.0,3.728,0.18,31,5.25,0.33,14.5,3.6,0.0,0.97,0.87,1.01,9.6,0.3,0.5,3,5408,0.168,4,-278,39,1,32.7,1.0,-39,-14,-5,8.005,0.025,7.05,8.51,0.09,0.04,167.4175,2.456111111111112,-4.9010696,-17.092072,25.393713,PM*,G,5345.643593969719,17.780871983039194,3.572553164085265e-06
HD 97037, ,11,10,13.3,-,7,23,21,264,48,6.809,0.386,2.591,-0.012,3.762,-0.07,33,4.24,0.77,8.0,5.5,12.3,1.01,0.97,1.07,-16.6,0.2,0.2,5,4020,0.871,2,-238,-171,1,30.6,0.8,-18,-19,-41,8.002,0.024,7.22,8.04,0.05,0.59,167.55541666666664,-7.389166666666667,-2.3081224,-21.960344,24.52378,PM*,G,5780.960474057181,22.081307425325107,8.850722010772422e-07
HD 97089, ,11,10,27.9,-,9,1,39,265,46,7.968,0.334,2.618,-0.018,3.791,0.1,85,3.33,0.84,2.7,2.2,3.2,1.32,1.26,1.38,-27.3,0.3,0.3,3,1491,0.728,13,-141,-100,2,11.8,1.0,-27,-26,-65,8.005,0.061,6.93,8.17,0.08,1.22,167.61624999999998,-9.027500000000002,-5.1461926,-58.821278,61.143883,PM*,G,6180.164001384158,59.04596551695619,2.517553453247534e-07
HD 97140, ,11,11,43.5,+,58,53,59,145,54,7.353,0.4,0.0,0.0,3.761,0.07,60,3.47,1.45,5.3,4.7,6.1,1.19,1.15,1.26,-32.3,0.3,0.3,2,6,0.474,4,-66,26,1,16.7,0.8,-2,-11,-36,8.029,0.048,7.65,8.14,0.03,0.5,167.93124999999998,58.89972222222222,-28.889126,20.228388,48.54102,PM*,G,5767.664633922509,35.267113322788695,3.054771290620165e-07
HD 97343, ,11,12,1.1,-,26,8,12,277,32,7.046,0.459,2.573,0.0,3.729,0.03,22,5.37,0.29,0.0,0.0,0.0,0.86,0.84,0.95,39.2,0.1,0.1,4,1029,0.932,1,274,-65,2,46.2,0.8,31,-27,26,7.998,0.011,6.39,8.61,0.15,0.62,168.0045833333333,-26.136666666666667,2.2737198,-18.517992,11.658224,PM*,G,5357.966575133417,18.657058434838437,4.216758221532718e-06
HD 97356, ,11,12,16.3,-,1,11,13,259,53,8.158,0.405,2.588,0.002,3.754,-0.02,47,4.82,0.33,8.4,0.0,14.4,0.96,0.89,1.04,-19.5,0.2,0.5,5,4020,0.146,2,82,-160,1,21.5,1.0,35,-9,-25,8.005,0.037,6.94,9.12,0.14,0.3,168.06791666666663,-1.1869444444444444,-5.3970866,-27.765625,37.53587,PM*,G,5675.446054085472,28.285304937520554,1.972326002522559e-06
HD 97517, ,11,13,10.5,-,18,9,55,272,39,8.114,0.389,2.613,0.018,3.758,-0.23,50,4.62,0.62,11.3,6.5,16.0,0.93,0.86,0.99,-4.2,0.3,0.6,5,1920,0.024,1,-343,-197,2,20.0,1.0,-47,-49,-65,7.998,0.031,5.63,8.34,0.19,1.22,168.29374999999996,-18.165277777777774,1.3560929,-38.83363,31.466019,PM*,G,5727.960309858292,38.8573005615461,1.4961622761605684e-06
HD 97711, ,11,15,7.1,+,45,3,41,164,64,7.638,0.415,2.601,0.025,3.764,0.1,84,2.91,1.92,3.5,2.4,4.0,1.47,1.43,1.51,2.0,0.2,0.1,2,371,0.686,3,-48,-56,1,11.9,0.8,-12,-27,1,8.036,0.075,6.76,8.04,0.09,0.14,168.7795833333333,45.061388888888885,-35.396713,10.149844,75.4987,PM*,G,5807.644175213118,36.82318053113697,1.4092196826255733e-07
HD 97854, ,11,16,32.8,+,69,13,4,135,46,8.242,0.38,0.0,0.0,3.77,0.13,81,3.69,0.96,3.7,3.0,6.6,1.22,1.13,1.28,-7.4,0.3,0.1,2,1444,0.885,7,-61,-35,1,12.3,0.8,-16,-22,-6,8.04,0.058,7.0,8.06,0.07,0.06,169.13666666666666,69.21777777777778,-39.78701,39.78701,58.26652,PM*,G,5888.43655355589,56.26732914827396,4.1397937102023456e-07
HD 97998, ,11,15,49.0,-,39,19,24,283,20,7.359,0.402,2.577,0.0,3.748,-0.56,28,5.16,0.53,0.0,0.0,0.0,0.81,0.78,0.91,43.3,0.2,0.3,4,2161,0.35,3,-175,189,2,36.3,0.9,-22,-42,28,7.994,0.009,5.99,8.03,0.15,0.64,168.95416666666665,-39.32333333333334,5.91878,-25.637033,9.576564,PM*,G,5597.576014951104,26.31139330654097,3.1548498923804364e-06
HD 98078, ,11,17,5.2,+,21,17,47,223,68,8.274,0.432,2.583,0.0,3.739,-0.13,41,5.19,0.38,14.1,0.0,0.0,0.86,0.83,0.94,18.0,0.2,0.2,2,365,0.517,2,-207,-514,1,24.2,1.2,1,-109,-11,8.011,0.038,3.04,8.03,0.45,0.06,169.27166666666665,21.29638888888889,-11.232769,-10.474724,38.014538,PM*,G,5482.769649208536,15.358871777690474,3.2883550299477244e-06
HD 98222, ,11,17,35.1,-,38,22,51,283,21,8.171,0.423,2.591,0.0,3.745,-0.07,43,5.03,0.37,0.0,0.0,0.0,0.89,0.85,0.98,26.9,0.2,0.1,4,2161,0.866,3,-254,22,3,23.5,1.0,-41,-41,-4,7.991,0.015,5.83,8.24,0.17,0.04,169.39624999999998,-38.380833333333335,9.030432,-39.11507,15.4098215,PM*,G,5559.042572704037,40.1439584895601,2.636202092139624e-06
HD 98281, ,11,18,22.0,-,5,4,2,265,51,7.272,0.457,0.0,0.0,3.726,-0.25,22,5.56,0.36,0.0,0.0,0.0,0.82,0.79,0.89,12.9,0.1,0.3,14,3431,0.435,2,795,-152,1,45.5,1.0,79,10,31,8.001,0.017,6.62,11.54,0.27,0.9,169.59166666666664,-5.067222222222222,-1.206675,-13.792365,17.097212,PM*,G,5321.082592667942,13.845049543026201,5.482500757558595e-06
HD 98553, ,11,20,11.5,-,19,34,40,275,38,7.542,0.37,2.586,-0.005,3.764,-0.38,34,4.89,0.34,5.6,0.0,13.6,0.92,0.84,1.0,-36.6,0.2,0.3,4,3279,0.529,3,69,-69,2,29.5,0.9,13,26,-27,7.998,0.021,7.87,10.44,0.14,0.36,170.04791666666665,-19.57777777777778,2.3351085,-26.690414,20.932491,PM*,G,5807.644175213118,26.79236703238757,2.172594623009279e-06
HD 98593, ,11,20,27.5,-,26,9,26,279,32,7.946,0.355,2.63,0.015,3.778,-0.18,61,4.02,0.72,5.8,3.6,8.8,1.06,1.0,1.12,16.9,0.2,0.1,2,757,0.66,5,36,-84,2,16.4,0.9,23,-21,-6,7.992,0.033,6.71,8.47,0.12,0.04,170.11458333333334,-26.15722222222222,8.0925045,-51.09404,32.325077,PM*,G,5997.910762555094,51.73093419419487,6.530985211445702e-07
HD 98618, ,11,21,29.0,+,58,29,3,143,55,7.658,0.411,0.0,0.0,3.75,-0.15,39,4.72,0.63,13.4,7.8,0.0,0.9,0.86,0.96,6.9,0.2,0.2,3,1746,0.633,1,38,27,2,25.8,0.9,2,9,6,8.018,0.032,7.94,9.08,0.07,0.21,170.3708333333333,58.48416666666667,-17.86506,13.462292,31.94693,PM*,G,5623.413251903491,22.369480876785317,1.7178241357207713e-06
HD 98630, ,11,21,2.5,+,7,3,52,252,61,8.075,0.377,2.632,0.028,3.789,0.32,102,2.91,1.16,2.0,1.5,3.0,1.43,1.37,1.49,13.7,0.3,0.1,2,1083,0.752,7,22,-55,2,9.8,1.1,20,-24,6,8.016,0.089,6.64,8.38,0.12,0.23,170.26041666666666,7.064444444444444,-15.281075,-47.030293,89.21121,PM*,G,6151.7687270986835,49.45057848823888,1.4092196826255733e-07
HD 98649, ,11,20,51.7,-,23,13,2,277,35,8.004,0.405,2.588,-0.007,3.754,0.08,43,4.85,0.23,6.2,0.0,12.2,1.0,0.92,1.06,3.8,0.2,0.4,4,1511,0.242,2,-199,-175,2,23.4,1.0,-17,-34,-38,7.996,0.025,6.38,8.01,0.11,0.53,170.21541666666664,-23.21722222222222,4.2926626,-34.960987,24.663788,PM*,G,5675.446054085472,35.22353707695478,2.055789768874886e-06
HD 99126, ,11,24,21.7,-,5,54,35,267,51,6.949,0.339,2.621,-0.002,3.785,-0.22,47,3.57,1.04,5.7,3.1,6.8,1.12,1.07,1.19,-29.3,0.2,0.3,2,373,0.396,9,-89,-93,2,21.1,0.9,-6,-4,-41,8.001,0.037,7.94,8.22,0.02,0.59,171.09041666666664,-5.909722222222222,-1.548001,-29.537521,36.52586,PM*,G,6095.368972401694,29.578056966633934,3.5073467201702433e-07
HD 99419, ,11,26,27.1,+,20,31,5,227,70,7.942,0.383,2.6,0.005,3.762,-0.23,45,4.68,0.47,9.5,3.6,14.6,0.94,0.87,1.01,5.0,0.2,0.2,2,365,0.576,3,-109,-67,1,22.3,1.0,-15,-23,-5,8.011,0.042,6.97,8.02,0.07,0.05,171.61291666666665,20.51805555555556,-10.496573,-11.256197,42.286167,PM*,G,5780.960474057181,15.390906914380906,1.6254690339100712e-06
HD 99505, ,11,27,3.2,+,21,51,8,224,70,7.59,0.407,2.592,0.016,3.748,-0.34,32,5.03,0.52,14.3,4.5,0.0,0.85,0.82,0.92,-1.2,0.2,0.1,2,365,0.818,4,-48,-173,1,30.8,1.1,5,-26,-7,8.008,0.031,6.69,8.11,0.1,0.03,171.76333333333332,21.852222222222224,-7.8729186,-7.6027894,30.070164,PM*,G,5597.576014951104,10.944644989353392,2.636202092139624e-06
HD 99610, ,11,27,30.2,-,12,26,9,273,46,7.411,0.434,2.595,0.0,3.744,0.13,35,4.71,0.55,11.0,6.6,15.1,0.95,0.91,1.04,21.6,0.2,0.2,2,443,0.616,1,-89,-55,2,28.8,0.8,-8,-26,5,7.999,0.025,6.79,8.0,0.08,0.19,171.8758333333333,-12.435833333333331,1.272451,-24.279722,25.176893,PM*,G,5546.25712957911,24.313042424688135,1.6942547049835658e-06
HD 99688, ,11,28,11.8,+,20,4,1,229,70,8.165,0.342,2.634,0.003,3.785,0.0,73,3.85,0.56,3.6,2.4,5.1,1.16,1.09,1.23,-4.1,0.5,0.2,2,2165,0.812,18,-32,-21,1,13.7,1.2,-6,-9,-8,8.017,0.068,7.72,8.06,0.02,0.07,172.04916666666665,20.066944444444445,-16.380135,-18.843191,68.597565,*,G,6095.368972401694,24.96747223250095,5.163910426473034e-07
HD 100485, ,11,34,7.2,+,48,34,5,153,64,7.948,0.362,0.0,0.0,3.776,-0.3,109,2.77,2.12,3.7,2.9,4.6,1.32,1.15,1.4,-18.3,0.5,0.0,1,0,0.0,15,22,-28,2,9.2,1.0,21,-12,-8,8.043,0.098,7.12,8.66,0.1,0.1,173.52999999999997,48.56805555555556,-42.574482,21.692787,97.96855,*,G,5970.352865838366,47.782460436813984,1.1613916528782609e-07
HD 100555, ,11,33,56.6,-,48,49,9,290,12,8.166,0.45,0.0,0.0,3.732,-0.09,42,5.03,0.65,0.0,12.4,0.0,0.87,0.85,0.91,18.6,0.1,0.2,4,2166,0.65,2,-275,-122,1,23.6,1.0,-33,-41,-35,7.986,0.009,5.92,8.13,0.16,0.46,173.48583333333335,-48.81916666666667,14.050937,-38.60464,8.732291,PM*,G,5395.1062251512785,41.08219882269654,2.636202092139624e-06
HD 100667, ,11,35,25.3,+,53,34,26,146,60,8.052,0.422,0.0,0.0,3.745,-0.17,67,3.93,1.55,10.0,8.6,11.6,1.02,0.97,1.06,-17.1,0.2,0.2,3,2147,0.63,1,-106,76,2,15.0,0.9,-28,3,-34,8.027,0.058,7.8,8.91,0.07,0.48,173.85541666666666,53.573888888888895,-27.772753,18.732964,58.023705,PM*,G,5559.042572704037,33.499996260064044,5.767381770158575e-07
HD 100850, ,11,36,11.3,-,37,3,52,287,23,8.029,0.416,2.599,0.019,3.749,-0.09,60,4.14,1.18,11.0,9.2,12.9,0.99,0.94,1.05,37.1,0.1,0.2,5,2511,0.693,2,-48,-159,2,16.7,1.0,16,-50,-28,7.984,0.024,5.45,8.14,0.2,0.34,174.04708333333332,-37.06444444444444,16.14776,-52.816998,23.443867,PM*,G,5610.479760324706,55.23029450174609,7.70865661620565e-07
HD 101117, ,11,37,47.9,-,52,53,28,292,8,7.876,0.403,2.643,0.065,3.796,0.54,63,3.62,0.22,1.0,0.0,1.8,1.31,1.28,1.35,36.0,0.2,0.3,4,1781,0.467,9,-129,-82,3,16.0,1.0,-13,-49,-27,7.977,0.009,5.57,7.98,0.18,0.31,174.44958333333332,-52.89111111111111,23.370523,-57.84412,8.767905,PM*,G,6251.726927756856,62.38688615300437,3.758189720824222e-07
HD 101242, ,11,39,1.0,+,6,3,28,260,63,7.612,0.412,2.593,-0.001,3.751,0.05,34,4.93,0.24,6.6,0.0,13.8,0.97,0.89,1.04,23.5,0.2,0.2,2,439,0.586,2,-337,-122,2,29.1,1.0,-40,-48,-2,8.003,0.031,5.51,8.21,0.2,0.09,174.75416666666663,6.057777777777778,-2.6803768,-15.201177,30.294222,PM*,G,5636.376558259543,15.435679511291598,2.296036038019654e-06
HD 101348, ,11,39,36.5,-,35,13,57,287,25,7.816,0.45,0.0,0.0,3.738,0.06,81,3.27,2.18,4.3,3.5,5.6,1.25,1.22,1.29,12.4,0.2,0.2,4,1087,0.571,4,-223,45,2,12.3,1.1,-79,-40,-3,7.979,0.035,5.46,9.05,0.25,0.07,174.9020833333333,-35.2325,21.463259,-70.203224,34.23208,PM*,G,5470.159628939716,73.41092661787656,2.3172809979074063e-07
HD 101530, ,11,40,29.0,-,64,27,51,295,-3,8.07,0.384,2.606,0.009,3.761,-0.19,47,4.71,0.43,9.2,2.9,14.4,0.95,0.88,1.02,-9.6,0.2,0.2,5,2867,0.928,3,71,-14,2,21.3,0.8,10,15,1,7.98,-0.002,7.83,9.58,0.1,0.14,175.1208333333333,-64.46416666666667,19.835833,-42.53809,-2.45979,PM*,G,5767.664633922509,46.9355874753048,1.6942547049835658e-06
HD 101690, ,11,42,7.3,+,4,44,50,263,62,7.292,0.37,2.591,-0.011,3.768,-0.19,37,4.46,0.52,8.0,4.2,11.6,0.98,0.94,1.05,21.1,0.2,0.2,4,500,0.697,3,-230,33,2,27.1,0.9,-39,-22,10,8.002,0.033,6.76,8.39,0.11,0.28,175.53041666666664,4.747222222222223,-2.1169298,-17.240974,32.66906,PM*,G,5861.3816451402845,17.370451239009427,1.1994404760661065e-06
HD 101904, ,11,44,0.2,+,64,57,51,134,51,8.214,0.391,0.0,0.0,3.763,0.03,80,3.7,1.2,6.5,5.4,7.7,1.12,1.08,1.18,-10.4,0.2,0.2,2,706,0.632,3,-118,1,1,12.5,0.8,-34,-23,-20,8.035,0.062,6.8,8.31,0.1,0.2,176.0008333333333,64.96416666666667,-34.97301,36.21562,62.171677,PM*,G,5794.286964268809,50.34563099658698,4.1973839773752496e-07
HD 102117, ,11,44,50.4,-,58,42,13,294,3,7.462,0.455,0.0,0.0,3.735,0.09,42,4.34,1.15,12.6,10.9,14.3,0.99,0.96,1.02,48.9,0.2,0.3,4,1121,0.227,2,-62,-71,2,23.8,0.8,13,-49,-13,7.983,0.002,5.51,8.1,0.19,0.08,176.20999999999995,-58.70361111111112,17.059526,-38.316326,2.1981103,PM*,G,5432.503314924331,41.94243990855744,1.0161988529530514e-06
HD 102158, ,11,45,30.5,+,47,40,0,151,66,8.064,0.394,2.58,0.003,3.753,-0.44,52,4.48,1.04,14.8,10.7,0.0,0.85,0.83,0.9,28.1,0.3,0.4,2,733,0.27,2,-591,-292,1,19.2,0.9,-114,-119,12,8.019,0.047,2.52,9.22,0.57,0.32,176.3770833333333,47.66666666666666,-18.498472,10.253869,47.504364,PM*,G,5662.3928903825345,21.15030249911204,1.2330443580285334e-06
HD 102196, ,11,45,38.4,-,16,4,41,281,44,8.156,0.355,2.628,0.001,3.783,0.21,109,2.97,1.3,2.7,2.2,3.4,1.42,1.36,1.47,21.4,0.4,0.5,2,763,0.094,7,-36,-6,2,9.2,1.0,-12,-24,8,7.985,0.075,6.87,7.99,0.08,0.25,176.41,-16.078055555555554,14.960949,-76.96746,75.717766,*,G,6067.363295885053,78.40803462549104,1.5310123725099315e-07
HD 102238, ,11,45,31.9,-,71,14,41,298,-9,7.986,0.429,2.598,0.0,3.744,-0.06,49,4.56,0.85,14.8,9.9,0.0,0.91,0.88,0.97,9.8,0.1,0.3,5,1803,0.591,3,-29,-46,2,20.6,0.7,0,-9,-13,7.978,-0.008,7.61,8.14,0.03,0.09,176.38291666666663,-71.24472222222222,22.720892,-42.731773,-7.6652894,PM*,G,5546.25712957911,48.39672878407375,1.377141926365241e-06
HD 102438, ,11,47,15.8,-,30,17,11,287,31,6.477,0.432,2.573,0.0,3.735,-0.38,18,5.23,0.61,0.0,9.5,0.0,0.83,0.8,0.87,13.7,0.2,0.3,4,1034,0.453,3,-265,-228,2,56.3,0.8,-8,-28,-14,7.996,0.009,6.66,8.0,0.09,0.1,176.8158333333333,-30.28638888888889,4.5110025,-14.754838,9.270685,PM*,G,5432.503314924331,15.429011243798167,3.4751911721595547e-06
HD 102732, ,11,49,44.5,+,6,31,23,265,65,7.909,0.394,2.608,0.024,3.771,-0.07,93,2.95,1.85,3.9,2.6,4.7,1.31,1.24,1.4,1.4,0.2,0.1,2,745,0.792,2,-68,-105,2,10.7,1.0,-4,-50,-22,8.004,0.085,5.52,8.01,0.18,0.25,177.43541666666664,6.523055555555556,-3.425524,-39.15394,84.28662,PM*,G,5902.010801718442,39.30350152592229,1.489288034927216e-07
HD 103539, ,11,55,40.5,+,67,15,53,131,49,7.295,0.365,0.0,0.0,3.775,-0.14,102,2.25,2.52,2.2,1.8,2.7,1.57,1.5,1.6,-64.2,0.4,0.0,1,0,0.0,8,29,-9,2,9.8,0.7,41,-29,-43,8.044,0.077,6.2,8.88,0.18,0.69,178.91875,67.26472222222222,-43.90217,50.503677,76.98038,*,G,5956.621435290103,66.91802388915283,5.6621151894641446e-08
HD 103753, ,11,56,56.2,-,13,45,16,283,47,6.552,0.369,2.627,0.022,3.785,0.04,54,2.78,1.59,2.4,2.2,2.6,1.47,1.43,1.51,34.8,0.1,0.5,14,4800,0.027,9,32,-144,1,18.4,0.8,29,-42,4,7.991,0.04,5.71,8.38,0.19,0.18,179.23416666666665,-13.754444444444443,8.284482,-35.884007,39.4931,PM*,G,6095.368972401694,36.8279051859371,1.1775482201528085e-07
HD 103760, ,11,56,51.1,-,38,50,57,291,23,7.942,0.417,2.624,0.0,3.75,-0.04,48,4.55,0.71,11.5,7.6,15.8,0.95,0.89,1.0,27.1,0.1,0.3,5,2866,0.563,3,34,-25,2,21.0,0.9,18,-21,8,7.984,0.018,6.77,8.34,0.1,0.23,179.21291666666664,-38.84916666666667,15.834207,-41.24954,18.755095,*,G,5623.413251903491,44.18423544127984,1.3582468307766884e-06
HD 104058, ,11,59,2.2,-,23,24,50,288,38,7.708,0.467,0.0,0.0,3.72,-0.48,25,5.72,0.47,0.0,0.0,0.0,0.78,0.75,0.83,14.2,0.1,0.2,5,1088,0.869,1,-1,-28,2,0.0,0.0,5,-12,6,7.994,0.015,7.39,8.2,0.05,0.2,179.75916666666663,-23.413888888888888,6.087721,-18.736069,15.391538,*,G,5248.074602497728,19.7002697582191,6.8387810618030375e-06
HD 104304, ,12,0,44.4,-,10,26,45,283,50,5.546,0.464,2.583,0.0,3.73,0.25,13,4.99,0.51,16.3,7.7,0.0,0.92,0.89,1.05,0.0,0.1,0.3,12,4774,0.428,2,142,-483,1,77.5,0.8,21,-15,-16,7.998,0.01,6.95,8.54,0.1,0.13,180.185,-10.445833333333333,1.879746,-8.142068,9.958578,PM*,G,5370.317963702527,8.356238169244579,2.4944723844527592e-06
HD 104860, ,12,4,33.7,+,66,20,11,130,50,7.915,0.381,0.0,0.0,3.762,-0.21,48,4.52,0.61,9.7,5.9,14.0,0.96,0.9,1.01,-12.0,0.3,0.2,2,471,0.64,15,-56,50,2,20.9,0.7,-9,-3,-18,8.02,0.037,8.02,8.16,0.01,0.17,181.14041666666665,66.33638888888889,-19.832443,23.635386,36.770134,PM*,G,5780.960474057181,30.853804736486637,1.303102867201668e-06
HD 104982, ,12,5,13.4,-,28,43,1,291,33,7.785,0.417,2.595,0.028,3.744,-0.4,36,5.0,0.68,0.0,9.3,0.0,0.84,0.81,0.88,10.5,0.1,0.2,6,1535,0.785,2,203,-410,2,27.7,0.9,61,-23,-44,7.989,0.02,6.06,9.53,0.22,0.76,181.3058333333333,-28.716944444444444,10.819891,-28.186792,19.607006,PM*,G,5546.25712957911,30.192139448921882,2.5291739520023757e-06
HD 104988, ,12,5,12.5,-,1,30,32,280,59,8.159,0.455,0.0,0.0,3.729,-0.09,33,5.59,0.16,0.0,0.0,0.0,0.85,0.81,0.92,16.1,0.2,0.4,6,3653,0.175,3,-515,57,1,30.6,1.0,-73,-38,4,7.997,0.028,5.63,8.94,0.23,0.17,181.3020833333333,-1.508888888888889,2.9513686,-16.738045,28.286522,PM*,G,5357.966575133417,16.996256265280625,5.7145060962653155e-06
HD 105328, ,12,7,39.0,-,23,58,33,290,38,6.72,0.383,2.612,0.007,3.768,0.13,38,3.8,0.9,6.2,3.2,7.4,1.21,1.1,1.25,10.6,0.2,0.4,5,4101,0.164,5,112,-242,2,26.1,0.8,39,-21,-23,7.99,0.023,6.45,8.88,0.16,0.25,181.9125,-23.97583333333333,10.24159,-28.138542,23.395138,PM*,G,5861.3816451402845,29.944410356757135,4.81924161443639e-07
HD 105690, ,12,10,6.4,-,49,10,50,296,13,8.173,0.445,0.0,0.0,3.731,-0.27,38,5.28,0.56,0.0,10.2,0.0,0.83,0.81,0.88,15.9,0.1,0.3,6,2918,0.421,8,-149,-60,1,26.4,1.0,-14,-28,-11,7.984,0.009,6.66,7.99,0.09,0.05,182.5266666666666,-49.18055555555555,16.231152,-33.278805,8.54814,PM*,G,5382.697825162882,37.02606051789913,3.723734430360274e-06
HD 105837, ,12,10,57.9,-,46,19,19,296,16,7.528,0.368,2.617,0.031,3.764,-0.55,38,4.64,0.71,10.3,4.4,15.7,0.88,0.82,0.97,13.7,0.2,0.4,4,4763,0.183,3,89,169,2,26.5,0.9,11,1,35,7.984,0.01,7.68,8.92,0.07,0.84,182.74124999999995,-46.32194444444445,16.01279,-32.8311,10.474219,PM*,G,5807.644175213118,36.52794232904586,1.5380792045350664e-06
HD 105901, ,12,11,17.8,-,5,55,33,285,56,8.2,0.4,2.612,0.024,3.769,0.07,50,4.61,0.12,2.4,0.0,7.9,1.06,0.99,1.12,-7.6,0.1,0.2,6,4236,0.725,3,-273,-106,2,20.1,1.0,-45,-44,-29,7.993,0.041,5.68,8.29,0.19,0.36,182.82416666666663,-5.925833333333333,7.236487,-27.006943,41.45188,PM*,G,5874.893525297769,27.959644388053615,1.4756341601524642e-06
HD 106210, ,12,13,13.1,+,10,49,18,272,71,7.568,0.421,2.587,0.0,3.744,-0.18,34,4.92,0.59,16.0,9.1,0.0,0.87,0.84,0.92,-24.9,0.1,0.2,7,1826,0.774,2,10,-591,1,29.5,0.9,48,-69,-50,8.0,0.032,4.51,8.56,0.31,0.9,183.3045833333333,10.821666666666667,0.3863115,-11.062573,32.147633,PM*,G,5546.25712957911,11.069316056349699,2.2645332425687464e-06
HD 106252, ,12,13,29.5,+,10,2,29,274,71,7.425,0.39,2.595,0.0,3.76,-0.12,37,4.56,0.54,9.2,5.2,13.5,0.96,0.91,1.03,15.4,0.5,0.7,2,426,0.048,1,24,-280,2,26.7,0.9,29,-44,0,7.999,0.035,5.64,8.36,0.19,0.12,183.37291666666667,10.04138888888889,0.8402891,-12.016678,34.984188,PM*,G,5754.399373371566,12.046021580889802,1.377141926365241e-06
HD 106270, ,12,13,37.2,-,9,30,48,288,52,7.596,0.458,0.0,0.0,3.731,-0.03,88,2.88,2.78,2.9,2.4,3.6,1.29,1.25,1.41,23.7,0.2,0.2,2,721,0.529,4,-99,-42,1,11.4,1.0,-24,-45,3,7.984,0.069,5.75,8.03,0.17,0.16,183.405,-9.513333333333334,16.741995,-51.52654,69.34495,PM*,G,5382.697825162882,54.178212603883715,1.3520062534556555e-07
HD 106311, ,12,12,55.5,+,83,30,11,124,34,8.215,0.376,2.619,0.018,3.771,-0.11,147,2.38,2.45,2.5,2.0,3.0,1.41,1.34,1.58,-0.2,0.5,0.0,1,0,0.0,14,-6,10,2,6.8,0.7,-5,1,-6,8.069,0.081,8.04,8.54,0.03,0.09,183.23125,83.50305555555556,-68.14801,101.03359,82.201355,*,G,5902.010801718442,121.86852577777496,6.776082740162124e-08
HD 106366, ,12,14,8.3,+,30,49,9,186,81,8.241,0.416,2.583,0.018,3.746,-0.33,66,4.15,1.44,13.0,10.9,15.3,0.93,0.88,0.97,12.0,0.2,0.1,2,419,0.687,2,-132,-106,1,15.2,1.0,-22,-49,8,8.01,0.065,5.59,8.04,0.18,0.24,183.5345833333333,30.819166666666668,-10.268117,-1.0792223,65.18743,PM*,G,5571.857489319298,10.324676629246374,7.81589471190529e-07
HD 106421, ,12,14,27.5,+,23,39,40,233,81,7.352,0.411,2.627,0.051,3.789,0.55,90,2.36,1.62,1.5,1.3,1.7,1.63,1.57,1.7,6.0,0.4,0.0,1,0,0.0,3,-22,-135,1,11.1,0.9,20,-55,1,8.008,0.089,5.2,8.18,0.22,0.15,183.6145833333333,23.66111111111111,-8.473019,-11.244072,88.89195,PM*,G,6151.7687270986835,14.079105302381434,6.591415673575716e-08
HD 106489, ,12,14,57.4,-,41,8,21,296,21,7.494,0.413,2.611,0.025,3.747,-0.18,31,5.06,0.38,12.2,0.9,0.0,0.87,0.83,0.96,-2.6,0.1,0.2,7,2918,0.673,3,-313,-79,1,32.6,0.9,-37,-22,-18,7.988,0.011,6.72,8.32,0.11,0.16,183.73916666666665,-41.13916666666667,12.686891,-26.011993,11.109406,PM*,G,5584.701947368307,28.940991397634082,2.747759388040215e-06
HD 106742, ,12,16,38.2,-,63,11,52,299,-1,6.977,0.375,2.65,0.051,3.803,0.46,67,2.62,1.11,1.4,1.2,1.7,1.57,1.54,1.61,-10.0,0.2,0.3,2,1394,0.299,5,-145,7,2,14.9,0.7,-45,-13,-4,7.967,-0.001,6.93,8.64,0.11,0.05,184.15916666666664,-63.19777777777777,32.4773,-58.5906,-1.1693112,PM*,G,6353.309318517436,66.98980089274785,9.440145766777144e-08
HD 106991, ,12,18,13.6,-,20,50,25,293,41,7.328,0.408,2.593,0.015,3.75,-0.41,116,2.0,3.56,1.8,1.4,2.2,1.5,1.44,1.72,-9.9,0.2,0.3,4,4399,0.536,14,-125,36,2,8.6,0.9,-70,-16,-2,7.967,0.077,6.41,9.31,0.18,0.12,184.55666666666664,-20.84027777777777,34.207077,-80.5868,76.102844,PM*,G,5623.413251903491,87.54631032273107,4.008470579078539e-08
HD 107076, ,12,18,54.1,-,40,7,40,296,22,7.951,0.377,2.595,-0.014,3.767,0.08,44,4.75,0.02,0.0,0.0,6.9,1.05,0.98,1.09,1.1,0.2,0.1,4,2926,0.984,3,111,-63,2,22.9,1.0,24,7,-9,7.982,0.017,7.5,9.38,0.11,0.03,184.72541666666663,-40.12777777777778,17.883821,-36.667286,16.482689,PM*,G,5847.900841444806,40.79608947149024,1.7905180372942511e-06
HD 107146, ,12,19,6.5,+,16,32,53,266,77,7.04,0.391,2.591,-0.002,3.758,-0.18,28,4.77,0.43,9.9,3.2,15.6,0.93,0.86,1.01,1.5,0.2,0.3,2,419,0.296,5,-176,-150,1,35.1,0.9,-10,-29,-5,8.0,0.028,6.62,8.0,0.09,0.04,184.7770833333333,16.548055555555557,-0.43937057,-6.283286,27.282362,PM*,G,5727.960309858292,6.29862917273101,1.8406817244279151e-06
HD 107602, ,12,22,4.5,-,31,56,46,296,31,8.283,0.371,2.607,0.005,3.767,-0.27,62,4.33,0.74,8.7,5.5,13.1,0.98,0.92,1.03,34.0,0.3,0.3,2,730,0.457,6,-50,-125,2,16.2,1.1,12,-49,-14,7.977,0.031,5.53,8.09,0.19,0.1,185.51875,-31.94611111111111,23.29695,-47.765846,31.93236,PM*,G,5847.900841444806,53.1443686894314,1.0022560819895619e-06
HD 107692, ,12,22,44.8,-,39,10,39,297,23,6.7,0.395,2.619,0.015,3.762,0.23,26,4.66,0.1,2.5,0.0,8.6,1.08,1.02,1.11,-7.1,0.1,0.3,4,2926,0.462,4,171,-148,2,39.0,0.8,20,11,-17,7.989,0.01,7.64,9.51,0.11,0.16,185.68666666666664,-39.1775,10.865406,-21.324575,10.159009,PM*,G,5780.960474057181,23.933126550358207,1.5811704900714475e-06
HD 108063, ,12,25,8.5,-,42,30,51,298,20,6.105,0.41,2.632,0.058,3.795,0.66,53,2.25,1.53,0.0,0.0,0.0,0.0,0.0,0.0,34.5,0.2,0.2,3,1462,0.481,5,-135,-23,1,19.0,0.8,-13,-47,4,7.977,0.018,5.68,7.98,0.17,0.16,186.28541666666663,-42.51416666666667,23.381428,-43.97406,18.127066,PM*,G,6237.348354824191,49.80370596856005,5.6621151894641446e-08
HD 108076, ,12,24,45.8,+,38,19,7,148,77,8.042,0.385,2.572,0.0,3.753,-0.92,37,5.19,0.61,2.0,0.0,14.8,0.83,0.76,0.89,-2.5,0.2,0.3,6,6105,0.748,3,-585,64,2,26.9,0.8,-94,-42,-15,8.007,0.036,5.23,9.46,0.29,0.14,186.19083333333333,38.31861111111112,-7.058464,4.4106193,36.051693,PM*,G,5662.3928903825345,8.323189091257538,3.2883550299477244e-06
HD 108309, ,12,26,48.1,-,48,54,47,299,14,6.253,0.426,2.612,0.0,3.745,-0.06,27,4.12,1.27,11.3,9.9,12.4,0.98,0.95,1.04,30.3,0.1,0.3,5,3303,0.39,3,-642,-79,1,37.5,0.7,-54,-68,-9,7.988,0.006,4.57,8.3,0.29,0.03,186.70041666666663,-48.91305555555555,12.701035,-22.913275,6.5318913,PM*,G,5559.042572704037,26.197985825189882,7.49857432246398e-07
HD 108451, ,12,27,34.7,+,12,5,56,281,74,8.181,0.425,2.581,0.018,3.743,-0.28,77,3.75,1.86,9.8,7.3,13.0,0.98,0.91,1.06,15.0,0.2,0.2,2,452,0.564,4,-49,-13,1,0.0,0.0,-12,-17,12,7.996,0.074,7.32,8.0,0.04,0.3,186.8945833333333,12.09888888888889,4.049743,-20.834135,74.01715,PM*,G,5533.501092157366,21.224080652981744,4.497577963252594e-07
HD 108793, ,12,29,33.0,+,56,19,55,129,61,7.731,0.4,0.0,0.0,3.756,-0.2,60,3.86,1.4,9.0,7.8,10.3,1.03,1.0,1.06,4.3,0.2,0.3,3,2262,0.526,2,-6,-187,2,16.8,0.8,19,-40,29,8.018,0.052,5.99,8.24,0.16,0.68,187.3875,56.331944444444446,-18.306032,22.606071,52.477184,PM*,G,5701.642722807472,29.0885759988705,5.23574757632536e-07
HD 108942, ,12,30,41.8,+,50,58,28,131,66,7.931,0.419,0.0,0.0,3.751,0.16,48,4.54,0.54,9.1,5.0,12.4,1.05,0.97,1.08,-11.2,0.2,0.2,3,2202,0.779,2,-227,-190,1,21.0,0.8,-22,-64,3,8.013,0.043,4.89,8.04,0.24,0.16,187.67416666666665,50.97444444444445,-12.808474,14.734467,43.85018,PM*,G,5636.376558259543,19.523358419666557,1.33961098561865e-06
HD 109098, ,12,32,4.4,-,1,46,20,293,61,7.308,0.4,2.599,0.012,3.758,-0.04,56,3.55,1.53,6.2,5.4,7.2,1.14,1.09,1.18,1.2,0.2,0.5,8,1106,0.033,3,-25,39,2,17.7,0.9,-11,4,5,7.989,0.049,7.99,8.59,0.04,0.2,188.0183333333333,-1.772222222222222,10.608093,-24.991095,48.978706,*,G,5727.960309858292,27.149336389600283,3.4117617848688533e-07
HD 109271, ,12,33,35.5,-,11,37,18,296,51,8.053,0.415,2.595,0.0,3.75,-0.02,57,4.28,0.96,11.3,8.7,13.5,0.99,0.93,1.04,-5.4,0.2,0.4,5,2579,0.302,3,-169,81,2,17.6,0.9,-50,-6,6,7.984,0.044,7.1,9.02,0.12,0.21,188.39791666666665,-11.621666666666668,15.72492,-32.24088,44.29732,PM*,G,5623.413251903491,35.87126220501308,9.353597990167014e-07
HD 109570, ,12,35,49.1,-,20,27,57,298,42,8.048,0.424,2.569,0.0,3.743,-0.07,37,5.2,0.24,0.0,0.0,0.0,0.89,0.84,0.98,-6.1,0.1,0.1,5,1445,0.967,1,-259,-22,2,27.0,0.9,-39,-22,-10,7.987,0.025,6.72,8.37,0.11,0.05,188.9545833333333,-20.46583333333333,12.90876,-24.277843,24.757833,PM*,G,5533.501092157366,27.496358767484995,3.3341006052084653e-06
HD 109591, ,12,36,6.5,-,42,51,8,300,20,7.886,0.42,2.604,0.031,3.762,0.04,47,4.38,0.54,7.3,3.8,10.6,1.03,0.98,1.11,44.5,0.2,0.2,4,1686,0.902,3,-142,-61,1,21.2,1.0,-3,-56,2,7.978,0.016,5.22,7.99,0.21,0.13,189.0270833333333,-42.852222222222224,22.082773,-38.248493,16.074945,PM*,G,5780.960474057181,44.16555309447147,1.0739367406436191e-06
HD 109929, ,12,38,25.4,+,14,52,20,288,77,7.647,0.377,2.631,0.026,3.788,0.34,81,2.98,1.1,2.0,1.6,2.8,1.44,1.39,1.48,-11.6,0.3,0.1,2,1467,0.898,8,-41,-6,1,12.3,0.9,-13,-8,-13,7.994,0.079,7.81,8.02,0.01,0.11,189.6058333333333,14.872222222222224,5.630612,-17.329233,78.92397,*,G,6137.620051647939,18.22103476377873,1.5523108761915437e-07
HD 110619, ,12,43,42.7,-,37,42,29,301,25,7.538,0.402,2.58,-0.004,3.75,-0.24,26,5.44,-0.01,0.0,0.0,9.6,0.89,0.82,0.94,-26.4,0.2,0.5,4,1424,0.077,1,-629,-209,1,38.0,1.0,-72,-31,-37,7.988,0.011,5.91,9.05,0.21,0.56,190.92791666666665,-37.70805555555556,12.1363535,-20.198294,10.988075,PM*,G,5623.413251903491,23.564001289836117,4.6449249398502366e-06
HD 110950, ,12,45,25.3,+,29,46,33,149,87,8.183,0.374,2.62,0.014,3.769,-0.13,71,3.91,0.99,7.6,5.5,9.5,1.06,1.0,1.12,6.4,0.2,0.4,3,1523,0.36,5,-124,8,2,14.0,1.0,-37,-20,5,8.003,0.071,6.85,8.37,0.1,0.2,191.35541666666663,29.77583333333333,-3.1851087,1.9138063,70.902695,PM*,G,5874.893525297769,3.715854139324548,5.610204605383642e-07
HD 111031, ,12,46,30.8,-,11,48,44,301,51,6.883,0.429,2.605,0.0,3.747,0.19,30,4.46,0.69,9.9,6.8,13.3,0.99,0.96,1.1,-20.7,0.2,0.4,5,1127,0.227,2,-277,54,1,32.8,0.9,-44,-5,-13,7.99,0.024,7.24,8.85,0.1,0.09,191.6283333333333,-11.812222222222225,9.723716,-16.18299,23.314379,PM*,G,5584.701947368307,18.879613825201936,1.1994404760661065e-06
HD 111156, ,12,47,20.9,-,19,0,16,302,44,7.235,0.421,2.593,0.025,3.761,0.09,69,2.93,1.98,3.5,2.8,4.0,1.48,1.43,1.51,10.1,0.2,0.2,4,1121,0.715,2,-86,-13,2,14.5,0.9,-18,-24,4,7.974,0.048,6.86,8.01,0.08,0.17,191.8370833333333,-19.004444444444445,26.302256,-42.092392,47.93143,PM*,G,5767.664633922509,49.63444504546414,1.4487008013797057e-07
HD 111232, ,12,48,51.7,-,68,25,30,303,-6,7.598,0.436,0.0,0.0,3.733,-0.43,29,5.29,0.62,0.0,8.9,0.0,0.82,0.79,0.86,103.8,0.1,0.2,5,2568,0.654,4,28,114,2,34.6,0.8,60,-86,7,7.984,-0.003,3.73,8.64,0.4,0.23,192.21541666666664,-68.42500000000001,15.70801,-24.188211,-3.0313256,PM*,G,5407.5432294558095,28.8411360653602,3.7755367364019577e-06
HD 111431, ,12,49,25.3,-,25,17,47,302,38,8.019,0.39,2.615,0.009,3.765,0.23,83,3.41,1.27,5.4,2.9,6.4,1.34,1.26,1.4,17.7,0.2,0.1,2,362,0.625,4,-112,-65,2,12.0,1.0,-21,-49,-10,7.965,0.051,5.54,7.99,0.18,0.06,192.35541666666663,-25.29638888888889,34.65932,-55.46649,51.099903,PM*,G,5821.032177708716,65.40489259820323,2.8117629262552084e-07
HD 111513, ,12,48,49.1,+,61,22,42,123,56,7.354,0.406,0.0,0.0,3.755,0.04,38,4.45,0.63,9.4,5.6,12.5,1.0,0.96,1.06,-21.4,0.5,0.7,2,754,0.031,2,-556,100,2,26.3,0.6,-86,-51,-29,8.012,0.031,4.99,9.1,0.29,0.38,192.2045833333333,61.37833333333333,-11.5732155,17.821188,31.50343,PM*,G,5688.529308438413,21.249330783363135,1.182983535779732e-06
HD 111528, ,12,50,1.7,-,7,11,50,302,56,8.264,0.427,2.579,0.0,3.745,-0.07,95,3.37,2.03,5.5,4.0,7.4,1.16,1.08,1.26,45.0,0.1,0.3,7,2575,0.628,3,60,-140,2,10.5,1.0,65,-51,2,7.971,0.079,4.99,9.04,0.29,0.18,192.50708333333333,-7.197222222222223,28.15108,-45.051132,78.758575,PM*,G,5559.042572704037,53.123326323262404,2.6605945697733073e-07
HD 111547, ,12,50,10.9,-,20,21,56,303,43,8.196,0.41,2.622,0.05,3.781,0.2,106,2.85,1.47,2.6,2.2,3.3,1.43,1.37,1.49,-12.4,0.2,0.2,2,648,0.568,5,-27,-44,2,9.4,1.2,-8,-12,-25,7.958,0.072,7.54,7.96,0.03,0.28,192.54541666666665,-20.36555555555556,42.222324,-65.01667,72.291824,PM*,G,6039.4862937638,77.52349335427215,1.2971156533788488e-07
HD 111564, ,12,50,20.1,-,30,34,37,303,32,7.621,0.375,2.622,0.013,3.77,0.05,51,4.08,0.64,5.2,3.2,8.3,1.09,1.04,1.17,-4.9,0.1,0.1,4,2923,0.947,4,-430,24,2,19.6,1.0,-91,-50,2,7.977,0.027,4.94,9.22,0.3,0.14,192.58375,-30.576944444444443,23.55589,-36.27288,27.025883,PM*,G,5888.43655355589,43.250454069136666,7.095429681178739e-07
HD 112001, ,12,53,1.5,+,26,47,39,350,90,7.667,0.403,2.616,0.025,3.772,0.29,55,3.86,0.59,3.7,2.1,7.1,1.23,1.2,1.26,-12.6,0.2,0.1,3,1036,0.852,3,-233,-100,1,18.2,0.9,-37,-55,-12,8.0,0.055,5.23,8.14,0.22,0.1,193.25625,26.79416666666667,-2.3676023e-06,4.174728e-07,55.0,PM*,G,5915.616341754737,2.4041264920351277e-06,5.23574757632536e-07
HD 112019, ,12,53,42.6,-,27,24,15,304,35,7.694,0.331,2.613,-0.027,3.792,0.15,48,4.29,-0.19,0.0,0.0,2.4,1.16,1.12,1.2,24.8,0.2,0.1,2,974,0.983,5,-33,-40,2,20.9,0.9,8,-25,7,7.978,0.028,6.71,8.12,0.1,0.22,193.4275,-27.404166666666665,21.987072,-32.597176,27.53167,PM*,G,6194.410750767812,39.31929829368983,9.483719499834043e-07
HD 112540, ,13,8,20.6,-,87,13,9,303,-24,8.209,0.437,0.0,0.0,3.735,-0.19,37,5.37,0.33,0.0,0.0,0.0,0.84,0.81,0.92,6.4,0.2,0.4,4,2281,0.198,2,3,82,2,27.1,0.7,8,-9,11,7.982,-0.015,7.47,8.33,0.05,0.28,197.08583333333328,-87.21916666666667,18.409445,-28.348055,-15.049255,PM*,G,5432.503314924331,33.80118174696042,4.216758221532718e-06
HD 112735, ,12,58,40.9,+,22,2,34,321,85,7.218,0.369,2.614,0.003,3.774,-0.02,58,3.38,1.3,4.9,3.1,5.7,1.2,1.15,1.3,-41.7,0.2,0.2,2,1076,0.608,5,72,-247,1,17.1,0.8,51,-43,-48,7.996,0.058,5.49,8.86,0.23,0.84,194.67041666666665,22.04277777777778,3.9285002,-3.1812382,57.779293,PM*,G,5942.921586155727,5.055036133059712,2.697607127122331e-07
HD 112956, ,12,58,49.2,+,68,47,6,122,48,8.083,0.425,0.0,0.0,3.735,-0.6,34,5.4,0.57,0.0,0.0,0.0,0.79,0.76,0.86,9.1,0.2,0.2,2,360,0.646,3,-300,247,2,29.1,0.7,-61,2,-18,8.012,0.026,7.12,9.73,0.15,0.19,194.705,68.785,-12.055899,19.293465,25.266926,PM*,G,5432.503314924331,22.750439389260727,4.395200589841064e-06
HD 113027,*,13,1,6.7,-,33,28,48,305,29,7.57,0.366,0.0,0.0,3.77,-0.18,45,4.32,0.6,7.3,4.4,10.5,1.0,0.96,1.06,-5.4,0.2,0.3,2,766,0.323,6,111,-42,2,22.4,0.9,19,13,-11,7.978,0.022,7.68,9.6,0.11,0.07,195.27791666666667,-33.480000000000004,22.574753,-32.240097,21.816433,PM*,G,5888.43655355589,39.35788774287078,9.885046130154186e-07
HD 113283, ,13,15,26.4,-,87,33,38,303,-25,7.12,0.423,2.584,0.0,3.743,-0.11,25,5.16,0.31,0.0,0.0,0.0,0.87,0.84,0.97,-5.2,0.2,0.4,5,2569,0.191,3,-226,-160,3,40.5,0.6,-30,-6,-13,7.988,-0.01,7.51,8.45,0.06,0.08,198.86,-87.56055555555555,12.340266,-19.00234,-10.565456,PM*,G,5533.501092157366,22.657693846160868,3.1548498923804364e-06
HD 113319, ,13,2,33.4,+,32,25,59,99,84,7.539,0.416,2.58,0.0,3.745,-0.23,31,5.06,0.47,14.8,5.3,0.0,0.86,0.83,0.92,6.2,0.3,0.0,1,0,0.0,4,-192,44,1,31.9,0.8,-27,-10,7,8.001,0.031,7.44,8.31,0.06,0.21,195.63916666666665,32.433055555555555,-0.5069073,3.2004867,30.83018,PM*,G,5559.042572704037,3.2403811701202963,2.747759388040215e-06
HD 113425, ,13,3,37.0,-,11,34,57,308,51,7.881,0.401,2.59,0.009,3.754,-0.34,77,3.45,1.97,6.8,5.6,8.2,1.09,1.03,1.15,35.7,0.2,0.3,5,2576,0.56,4,-51,-89,2,13.0,0.9,12,-49,9,7.971,0.06,5.51,8.08,0.19,0.27,195.90416666666667,-11.5825,29.83352,-38.18516,59.84024,PM*,G,5675.446054085472,48.45766564555086,2.971520292224332e-07
HD 114285, ,13,9,15.2,+,23,53,34,355,85,8.141,0.373,2.627,0.017,3.77,-0.04,59,4.28,0.51,6.3,3.1,9.3,1.05,0.99,1.11,-30.1,0.2,0.1,3,2628,0.918,5,-192,-16,1,16.9,1.1,-44,-34,-26,7.995,0.059,6.12,8.35,0.15,0.32,197.3133333333333,23.892777777777777,5.122624,-0.44817302,58.77549,PM*,G,5888.43655355589,5.142191721555306,9.353597990167014e-07
HD 114729, ,13,12,44.2,-,31,52,23,308,31,6.682,0.397,2.6,0.029,3.753,-0.6,35,3.96,1.65,11.9,10.4,13.3,0.91,0.88,0.94,64.4,0.2,0.3,5,1685,0.266,2,-200,-307,1,28.6,1.0,20,-86,-5,7.981,0.018,3.89,8.1,0.35,0.03,198.1841666666666,-31.87305555555556,18.470373,-23.640997,18.026333,PM*,G,5662.3928903825345,30.000856952979493,6.011442541001502e-07
HD 114853, ,13,13,52.2,-,45,11,8,307,18,6.927,0.399,2.593,-0.001,3.753,-0.14,24,4.99,0.29,8.1,0.0,17.0,0.91,0.85,1.0,58.1,0.1,0.2,5,1798,0.763,3,-109,-111,1,40.9,0.8,25,-55,7,7.986,0.007,5.17,8.22,0.23,0.22,198.4675,-45.18555555555555,13.736647,-18.22914,7.416408,PM*,G,5662.3928903825345,22.825359053960334,2.4944723844527592e-06
HD 114962, ,13,14,9.2,-,14,16,55,311,48,7.909,0.391,2.621,0.027,3.779,0.2,111,2.56,1.81,2.3,1.9,2.9,1.49,1.44,1.6,1.0,0.4,0.6,2,646,0.048,4,-113,4,2,9.0,0.9,-49,-34,7,7.951,0.083,6.06,8.4,0.16,0.24,198.5383333333333,-14.281944444444443,48.72778,-56.054924,82.48908,PM*,G,6011.737374832779,74.27348819312431,8.689178128317536e-08
HD 115153, ,13,15,30.7,-,8,3,18,313,54,8.068,0.434,2.586,0.0,3.739,-0.07,44,4.85,0.67,16.2,10.7,0.0,0.89,0.86,0.93,16.0,0.2,0.4,7,2517,0.113,2,44,57,2,22.7,1.0,9,7,19,7.982,0.036,7.79,9.06,0.08,0.46,198.87791666666664,-8.055000000000001,17.638218,-18.914673,35.59675,PM*,G,5482.769649208536,25.862551863891024,2.055789768874886e-06
HD 115341, ,13,16,40.0,-,5,34,24,314,57,7.843,0.366,2.611,-0.001,3.771,-0.1,51,4.3,0.52,6.6,3.4,9.6,1.03,0.98,1.09,18.8,0.1,0.3,7,1745,0.475,4,-11,-49,1,19.6,1.1,10,-17,10,7.98,0.043,7.07,8.23,0.08,0.27,199.16666666666663,-5.573333333333333,19.295242,-19.98081,42.772198,*,G,5902.010801718442,27.776593241336563,9.615651180014716e-07
HD 115349, ,13,16,11.2,+,35,53,9,93,80,8.291,0.412,2.571,0.0,3.744,-0.4,45,5.04,0.64,0.0,7.7,0.0,0.84,0.81,0.89,-47.0,0.2,0.2,3,1134,0.711,2,267,-176,2,22.4,1.0,68,-5,-46,8.0,0.044,6.47,10.41,0.23,0.86,199.04666666666668,35.88583333333333,-0.40896195,7.8034606,44.31635,PM*,G,5546.25712957911,7.814169643173877,2.6728753163232114e-06
HD 115585,*,13,19,50.5,-,70,51,18,305,-8,7.432,0.457,0.0,0.0,3.736,0.17,43,4.24,1.17,11.1,9.9,12.4,1.03,1.01,1.05,30.9,0.2,0.1,2,1350,0.86,1,-393,-31,2,23.0,0.7,-48,-72,-1,7.975,-0.006,4.41,8.2,0.3,0.09,199.96041666666665,-70.85499999999999,24.423756,-34.88075,-5.9844437,PM*,G,5445.026528424214,42.581528597621244,8.850722010772422e-07
HD 115642, ,13,18,45.3,-,17,8,1,312,45,7.466,0.377,2.625,0.019,3.77,0.07,71,3.21,1.49,4.3,2.7,4.9,1.36,1.24,1.42,8.8,0.2,0.1,4,3401,0.887,6,29,6,2,14.1,0.9,11,2,7,7.966,0.05,7.67,8.83,0.07,0.22,199.68875,-17.13361111111111,33.59343,-37.30927,50.204582,*,G,5888.43655355589,50.20458312841368,2.1329403021556404e-07
HD 115674, ,13,23,0.0,-,81,18,36,304,-19,7.885,0.429,2.588,0.0,3.738,-0.35,34,5.22,0.54,0.0,6.9,0.0,0.83,0.8,0.88,7.3,0.2,0.4,6,2513,0.101,3,-360,-149,2,29.3,0.6,-49,-36,-18,7.982,-0.011,5.97,8.41,0.17,0.16,200.75,-81.31,17.976728,-26.651596,-11.069317,PM*,G,5470.159628939716,32.147633177781536,3.427509761747643e-06
HD 115755, ,13,19,6.7,+,2,54,12,319,65,7.688,0.42,2.593,0.0,3.744,-0.2,34,5.04,0.48,15.1,6.1,0.0,0.86,0.83,0.92,-43.0,0.2,0.2,4,691,0.848,1,-261,-43,2,29.6,1.0,-44,-18,-37,7.989,0.031,6.84,8.56,0.11,0.54,199.77791666666664,2.9033333333333333,10.844438,-9.426927,30.814465,PM*,G,5546.25712957911,14.369021824716288,2.6728753163232114e-06
HD 116080, ,13,21,57.0,-,38,51,16,309,24,7.139,0.386,2.598,0.015,3.759,-0.44,60,3.25,2.14,5.7,4.9,6.5,1.1,1.06,1.16,21.3,0.1,0.2,5,4899,0.896,4,-72,-59,2,16.7,0.9,-1,-34,-3,7.965,0.024,6.31,7.99,0.12,0.06,200.48749999999995,-38.85444444444445,34.494766,-42.59749,24.404198,PM*,G,5741.164622073275,54.812726949996346,2.254128657425552e-07
HD 116259, ,13,22,43.6,-,18,1,51,313,44,8.062,0.448,0.0,0.0,3.735,-0.15,57,4.26,1.41,13.8,12.0,15.8,0.93,0.89,0.96,15.1,0.2,0.3,3,1698,0.511,3,-163,-38,2,17.4,0.9,-24,-40,9,7.972,0.04,5.97,8.03,0.15,0.24,200.68166666666664,-18.030833333333334,27.963549,-29.987234,39.595528,PM*,G,5432.503314924331,41.00236914674757,9.09868647726075e-07
HD 116410, ,13,23,41.2,-,15,7,4,314,47,8.19,0.407,2.595,0.015,3.754,-0.05,53,4.55,0.63,10.4,6.3,14.5,0.96,0.9,1.02,-4.4,0.2,0.2,4,1057,0.689,5,49,-66,1,18.7,1.0,14,-1,-16,7.975,0.039,7.54,8.74,0.07,0.14,200.92166666666665,-15.117777777777778,25.109058,-26.001194,38.761745,PM*,G,5675.446054085472,36.145911014567055,1.3582468307766884e-06
HD 116459, ,13,15,11.4,+,84,45,7,122,32,7.286,0.339,2.642,0.015,3.786,-0.15,54,3.63,0.89,3.7,3.1,6.3,1.13,1.08,1.23,8.7,0.1,0.3,8,3623,0.744,7,-131,18,1,18.6,0.5,-33,-11,4,8.024,0.029,7.3,8.43,0.07,0.17,198.7975,84.75194444444445,-24.267445,38.836018,28.61564,PM*,G,6109.420249055721,45.79459772641691,3.81047134770222e-07
HD 116497, ,13,23,44.7,+,19,5,28,347,79,7.867,0.359,2.637,0.019,3.775,-0.1,49,4.44,0.29,5.1,0.0,8.8,1.03,0.98,1.11,-12.6,0.5,0.0,1,0,0.0,11,23,-17,2,20.6,0.9,4,1,-14,7.991,0.048,7.8,8.58,0.05,0.11,200.93625,19.09111111111111,9.110013,-2.1032119,48.09973,*,G,5956.621435290103,9.349643691417905,1.1667523931790261e-06
HD 116630, ,13,26,34.8,-,65,50,39,307,-3,8.021,0.451,2.635,0.104,3.789,0.36,139,1.86,2.2,1.3,1.1,1.6,1.78,1.69,1.88,18.2,0.2,0.5,4,1536,0.299,17,7,-25,2,7.2,0.9,13,-13,-17,7.917,-0.008,7.15,8.3,0.07,0.15,201.645,-65.84416666666667,83.53767,-110.85819,-7.2746983,*,G,6151.7687270986835,138.80951191869022,3.303533387126855e-08
HD 117079, ,13,27,45.7,+,12,42,9,335,73,8.205,0.389,2.596,-0.003,3.761,-0.3,112,2.96,2.27,4.4,3.2,6.0,1.2,1.09,1.33,-10.7,0.4,0.6,2,873,0.205,13,28,-20,1,4.9,1.0,15,2,-15,7.971,0.107,7.58,8.88,0.08,0.17,201.9404166666666,12.7025,29.677626,-13.838911,107.10613,*,G,5767.664633922509,32.74564005576616,1.5100060952541168e-07
HD 117207, ,13,29,21.1,-,35,34,15,312,27,7.248,0.451,0.0,0.0,3.735,0.07,33,4.66,0.84,16.1,11.1,0.0,0.91,0.9,0.95,-17.9,0.1,0.1,5,2100,0.972,2,-205,-73,2,30.3,0.9,-34,-13,-14,7.98,0.015,7.19,8.38,0.08,0.1,202.33791666666664,-35.57083333333334,19.674595,-21.850843,14.981687,PM*,G,5432.503314924331,29.403214589984444,1.5811704900714475e-06
HD 117266, ,13,29,12.5,+,0,7,9,323,62,7.796,0.346,2.602,-0.03,3.782,-0.12,75,3.42,1.17,5.0,2.8,6.0,1.17,1.11,1.27,-21.4,0.6,0.0,1,0,0.0,7,-166,0,1,13.3,1.0,-55,-29,-10,7.971,0.066,6.16,8.59,0.16,0.08,202.3020833333333,0.1191666666666666,28.120255,-21.19013,66.22107,PM*,G,6053.408747539136,35.21037277112989,2.8508784449224386e-07
HD 117618, ,13,32,25.5,-,47,16,16,310,15,7.179,0.376,2.622,0.016,3.768,-0.02,38,4.28,0.55,6.7,3.6,9.6,1.04,0.99,1.11,0.9,0.2,0.4,5,1211,0.297,3,26,-124,1,26.3,0.9,5,-5,-22,7.976,0.01,7.64,8.38,0.05,0.22,203.10625,-47.27111111111111,23.593632,-28.117804,9.835124,PM*,G,5861.3816451402845,36.705181824012804,9.353597990167014e-07
HD 117655, ,13,24,38.8,+,83,18,30,122,34,7.24,0.457,0.0,0.0,3.734,-0.17,46,3.91,1.8,9.8,8.9,10.8,1.04,0.98,1.06,-23.9,0.3,0.0,1,0,0.0,4,26,92,2,21.6,0.6,6,-6,-30,8.02,0.026,7.64,8.44,0.05,0.38,201.16166666666663,83.30833333333334,-20.208862,32.34093,25.722874,PM*,G,5420.008904016238,38.13572939645896,5.610204605383642e-07
HD 117858, ,13,32,30.9,+,36,2,6,81,78,7.965,0.388,2.586,0.015,3.755,-0.78,60,4.08,1.6,13.3,11.0,15.5,0.87,0.82,0.91,-28.8,0.2,0.3,7,1056,0.894,3,86,-290,2,16.7,0.9,69,-55,-20,7.998,0.058,4.82,9.13,0.31,0.21,203.12875,36.035,1.9514732,12.3211155,58.688858,PM*,G,5688.529308438413,12.474699788558379,7.095429681178739e-07
HD 117860, ,13,33,11.3,-,8,26,36,320,53,7.329,0.393,2.613,0.015,3.759,-0.04,32,4.79,0.26,6.7,0.0,12.7,0.98,0.9,1.05,-9.9,0.1,0.3,6,4063,0.503,3,-239,48,1,31.0,0.9,-36,-13,2,7.985,0.026,7.13,8.44,0.08,0.14,203.2970833333333,-8.443333333333333,14.7525425,-12.378858,25.556337,PM*,G,5741.164622073275,19.258079748471037,1.8922508123754359e-06
HD 117939, ,13,34,32.6,-,38,54,25,312,23,7.282,0.415,2.59,0.016,3.745,-0.27,30,4.88,0.68,0.0,11.1,0.0,0.86,0.84,0.9,81.7,0.1,0.2,5,4517,0.614,4,448,-394,2,33.1,0.8,108,-40,-26,7.981,0.012,4.88,10.66,0.37,0.36,203.6358333333333,-38.90694444444444,18.478144,-20.522049,11.721933,PM*,G,5559.042572704037,27.615146221650484,2.142785507266722e-06
HD 118936, ,13,36,40.7,+,75,54,31,119,41,8.183,0.428,2.59,0.029,3.756,-0.04,57,4.26,0.86,10.6,7.1,12.9,1.0,0.96,1.05,-44.9,0.2,0.1,2,705,0.792,2,258,-129,2,17.4,0.7,89,-2,-16,8.021,0.038,6.19,11.26,0.29,0.16,204.1695833333333,75.90861111111111,-20.855755,37.624783,37.395363,PM*,G,5701.642722807472,43.01844735014403,9.09868647726075e-07
HD 119251, ,13,42,58.4,-,42,10,55,313,20,7.522,0.365,2.632,0.012,3.776,0.19,47,4.16,0.29,3.7,1.0,5.6,1.16,1.1,1.22,7.8,0.1,0.2,7,1520,0.782,4,0,-43,2,0.0,0.0,6,-9,-6,7.97,0.016,7.48,8.25,0.05,0.02,205.74333333333328,-42.18194444444444,30.120836,-32.30064,16.074945,*,G,5970.352865838366,44.165553384379734,7.92462463811988e-07
HD 119550, ,13,43,35.7,+,14,21,56,349,72,6.938,0.404,2.584,-0.006,3.755,-0.07,61,3.03,2.14,3.8,3.4,4.4,1.28,1.25,1.33,5.3,0.2,0.3,3,1835,0.471,4,-313,-7,2,16.5,0.9,-66,-57,23,7.982,0.058,4.95,8.57,0.27,0.54,205.89875,14.365555555555556,18.503706,-3.5967593,58.01445,PM*,G,5688.529308438413,18.85003483276815,1.6633310715695407e-07
HD 119703, ,13,41,22.0,+,74,29,7,118,42,8.021,0.344,2.635,0.018,3.783,-0.28,102,2.98,1.73,4.0,3.5,4.6,1.29,1.14,1.37,-47.2,0.3,0.2,2,767,0.538,7,24,-21,2,9.8,0.7,31,-28,-27,8.036,0.069,6.32,8.6,0.15,0.32,205.34166666666664,74.48527777777778,-35.586308,66.92811,68.25132,*,G,6067.363295885053,75.80077324963753,1.5523108761915437e-07
HD 119856, ,13,46,17.6,-,30,28,28,317,31,8.213,0.381,2.584,-0.011,3.762,-0.12,48,4.79,0.26,6.3,0.0,12.6,0.97,0.9,1.04,-1.9,0.2,0.3,4,1772,0.376,5,33,-16,2,20.7,1.1,5,4,-6,7.97,0.025,7.8,8.75,0.06,0.04,206.57333333333327,-30.474444444444444,30.090841,-28.060158,24.721828,*,G,5780.960474057181,41.144029689278675,1.8922508123754359e-06
HD 119949, ,13,46,45.6,-,20,51,9,320,40,8.118,0.331,2.621,0.009,3.785,-0.59,75,3.75,1.17,6.5,4.1,8.6,1.03,0.98,1.08,-39.4,0.2,0.3,7,5780,0.725,5,-117,120,2,13.4,1.1,-67,20,13,7.956,0.048,7.27,10.8,0.2,0.37,206.69,-20.852500000000003,44.0118,-36.930298,48.20907,PM*,G,6095.368972401694,57.45333279809627,4.497577963252594e-07
HD 120056, ,13,48,31.6,-,55,36,53,311,6,7.961,0.446,0.0,0.0,3.739,0.0,101,2.94,2.53,3.4,2.8,4.2,1.28,1.23,1.39,5.1,0.2,0.3,4,1978,0.411,3,-142,-79,2,9.9,1.0,-51,-55,-21,7.934,0.011,5.09,8.26,0.24,0.21,207.13166666666663,-55.61472222222223,65.89896,-75.80811,10.557375,PM*,G,5482.769649208536,100.44671458466772,1.4688542370447329e-07
HD 120553, ,13,49,51.1,+,14,53,2,354,72,8.164,0.384,2.59,0.017,3.756,-0.55,44,4.96,0.56,0.0,0.0,0.0,0.84,0.8,0.94,-22.0,0.2,0.4,3,2193,0.31,4,-215,-147,1,22.9,1.0,-22,-51,-18,7.986,0.041,5.48,8.02,0.19,0.16,207.46291666666664,14.883888888888889,13.522262,-1.4212495,41.84649,PM*,G,5701.642722807472,13.596746660061527,2.3931983809430355e-06
HD 121320, ,13,54,28.2,+,20,38,30,12,74,7.895,0.426,2.594,0.0,3.738,-0.37,33,5.3,0.48,0.0,1.7,0.0,0.82,0.79,0.89,-12.3,0.2,0.2,5,5061,0.777,2,210,-76,1,30.2,1.0,29,11,-21,7.991,0.032,7.49,9.74,0.13,0.24,208.6175,20.641666666666666,8.897265,1.891172,31.721636,PM*,G,5470.159628939716,9.096035180990068,3.82805968430505e-06
HD 121608, ,13,56,36.3,-,10,2,2,328,50,7.682,0.349,2.601,-0.018,3.778,-0.15,49,4.23,0.48,5.6,2.5,8.3,1.05,0.99,1.11,-43.4,0.2,0.2,6,3283,0.966,4,-236,-31,1,20.4,1.4,-61,-25,-24,7.973,0.037,6.26,8.84,0.17,0.27,209.15125,-10.033888888888889,26.710625,-16.69065,37.53618,PM*,G,5997.910762555094,31.496591645972188,8.729285552249458e-07
HD 121825, ,13,56,54.9,+,44,16,57,90,68,7.652,0.392,2.581,-0.002,3.756,-0.36,44,4.41,0.99,13.5,9.6,17.2,0.87,0.84,0.96,20.6,0.2,0.1,3,2538,0.971,2,-25,8,1,22.5,0.9,-5,5,20,8.0,0.041,7.97,8.78,0.05,0.47,209.22875,44.2825,-7.204814e-07,16.482693,40.79609,*,G,5701.642722807472,16.482693000000015,1.1193829828386824e-06
HD 121849, ,13,58,36.7,-,34,0,4,319,27,8.153,0.431,2.568,0.0,3.736,-0.38,36,5.35,0.47,0.0,0.3,0.0,0.82,0.79,0.89,56.3,0.2,0.1,5,1801,0.979,2,-462,-306,2,27.5,1.0,-14,-110,1,7.976,0.016,3.01,7.98,0.45,0.12,209.65291666666664,-34.00111111111111,24.208242,-21.043907,16.343658,PM*,G,5445.026528424214,32.07623735033791,4.101839853334638e-06
HD 122518, ,14,1,57.4,+,21,33,22,18,73,7.932,0.396,2.593,0.001,3.759,-0.04,55,4.22,0.83,9.6,6.2,12.0,1.02,0.97,1.07,-0.7,0.2,0.1,2,1108,0.914,3,-121,11,1,18.1,1.0,-25,-18,8,7.985,0.053,7.11,8.13,0.07,0.24,210.48916666666665,21.55611111111111,15.293415,4.969132,52.59676,PM*,G,5741.164622073275,16.080448227448418,8.609515264400525e-07
HD 122674, ,14,2,10.4,+,45,59,22,91,67,8.039,0.36,2.633,0.024,3.789,-0.01,66,3.83,0.49,3.5,2.2,4.5,1.18,1.11,1.24,-14.4,0.3,0.2,2,880,0.554,7,-29,11,2,15.1,0.8,-9,-9,-12,8.0,0.061,7.76,8.0,0.02,0.09,210.5433333333333,45.989444444444445,-0.45006573,25.784332,60.75332,*,G,6151.7687270986835,25.78825965139068,5.023179531184576e-07
HD 122973, ,14,5,10.6,-,9,2,54,332,50,8.082,0.381,2.586,-0.021,3.765,0.04,49,4.65,0.2,4.4,0.0,9.6,1.03,0.97,1.09,-12.2,0.1,0.2,8,1743,0.93,5,-103,-6,2,20.6,1.2,-23,-12,-3,7.972,0.037,7.39,8.15,0.05,0.07,211.29416666666663,-9.048333333333334,27.809841,-14.786752,37.53618,PM*,G,5821.032177708716,31.496591738706982,1.559476017642916e-06
HD 123300, ,14,4,51.5,+,58,52,3,106,56,7.595,0.389,2.619,0.021,3.775,0.15,48,4.11,0.4,4.1,2.2,6.0,1.18,1.12,1.21,-33.0,0.2,0.2,3,2293,0.789,4,-179,20,2,20.9,0.6,-27,-41,-18,8.007,0.04,5.93,8.09,0.15,0.17,211.2145833333333,58.8675,-7.3984537,25.801474,39.793804,PM*,G,5956.621435290103,26.84125886995093,7.395690025727166e-07
HD 123651, ,14,10,4.8,-,46,16,10,317,14,8.198,0.364,2.609,0.02,3.778,-0.27,54,4.46,0.36,5.9,0.0,9.7,1.0,0.94,1.07,-21.2,0.2,0.2,4,4870,0.738,3,-92,-112,1,18.6,1.2,-32,-12,-25,7.962,0.013,7.22,8.35,0.07,0.27,212.51999999999995,-46.269444444444446,38.31999,-35.73396,13.063783,PM*,G,5997.910762555094,52.39596865104891,1.1994404760661065e-06
HD 123710, ,14,4,57.0,+,74,34,24,116,42,8.21,0.402,2.589,0.038,3.766,-0.36,44,4.84,0.33,5.3,0.0,13.0,0.93,0.85,1.01,12.8,0.3,0.2,2,743,0.557,3,-149,92,1,22.8,0.7,-38,-4,4,8.015,0.029,7.43,8.79,0.08,0.17,211.23749999999995,74.57333333333332,-14.334022,29.389103,29.441748,PM*,G,5834.451042737448,32.69837246471287,2.0275832758118263e-06
HD 124292, ,14,12,45.2,-,3,19,12,339,54,7.044,0.448,2.568,0.0,3.731,-0.1,22,5.31,0.4,0.0,5.0,0.0,0.85,0.83,0.91,37.5,0.1,0.3,5,2261,0.526,2,-162,-323,2,44.9,1.0,24,-44,19,7.988,0.018,5.7,8.27,0.18,0.44,213.1883333333333,-3.32,12.072385,-4.634156,17.798374,PM*,G,5382.697825162882,12.931275320731556,3.8813132991964495e-06
HD 124364, ,14,14,24.8,-,48,8,47,317,12,8.228,0.42,2.58,0.0,3.741,-0.31,36,5.43,0.24,0.0,0.0,0.0,0.83,0.79,0.92,-24.5,0.2,0.3,5,1979,0.364,1,-103,-121,2,27.6,1.1,-31,-3,-19,7.974,0.008,7.56,8.59,0.06,0.18,213.6033333333333,-48.146388888888886,25.75339,-24.015419,7.4848213,PM*,G,5508.076964054036,35.21331347995614,4.581194180471064e-06
HD 124580, ,14,15,38.6,-,45,0,2,318,15,6.323,0.383,2.602,0.008,3.761,-0.25,21,4.71,0.48,10.1,4.2,15.5,0.92,0.85,1.0,4.5,0.2,0.4,4,2282,0.241,5,128,-136,1,47.5,0.8,12,0,-15,7.985,0.006,7.62,8.72,0.07,0.12,213.9108333333333,-45.00055555555556,15.07428,-13.572941,5.4351997,PM*,G,5767.664633922509,20.28444342120042,1.6942547049835658e-06
HD 124584, ,14,17,4.7,-,66,18,57,311,-5,7.29,0.373,2.603,-0.001,3.768,-0.18,45,4.0,0.97,8.9,6.6,10.4,1.02,0.99,1.07,-9.0,0.2,0.4,9,2187,0.037,4,-394,-223,2,22.0,0.8,-79,-56,-17,7.97,-0.004,4.85,8.82,0.29,0.15,214.2695833333333,-66.31583333333333,29.410307,-33.832703,-3.9220083,PM*,G,5861.3816451402845,44.82876253166552,6.352997732962232e-07
HD 125141, ,14,16,5.3,+,50,10,9,94,62,7.793,0.402,2.594,0.011,3.754,-0.16,45,4.51,0.76,11.9,7.9,16.2,0.94,0.88,0.99,-47.5,0.2,0.1,3,2200,0.897,2,-298,186,2,22.1,0.8,-72,-40,-35,8.001,0.04,5.6,8.9,0.23,0.51,214.0220833333333,50.16916666666666,-1.4736909,21.07476,39.73264,PM*,G,5675.446054085472,21.12622242442654,1.2852236255882161e-06
HD 125881, ,14,24,45.9,-,63,42,23,313,-3,7.269,0.371,2.631,0.018,3.771,0.0,36,4.46,0.28,5.0,0.0,8.9,1.05,0.99,1.12,18.0,0.1,0.2,6,1360,0.692,3,-264,-135,8,27.4,0.9,-25,-48,-6,7.975,-0.002,5.58,8.02,0.18,0.01,216.19125,-63.70638888888889,24.518291,-26.292648,-1.8840945,PM*,G,5902.010801718442,35.950659693705,1.1994404760661065e-06
HD 125960, ,14,20,42.8,+,57,10,52,101,56,8.269,0.373,2.62,0.017,3.77,-0.21,99,3.29,1.66,5.2,4.4,6.2,1.17,1.1,1.25,2.5,0.2,0.3,4,1085,0.551,6,-18,-60,2,10.1,0.7,14,-19,17,8.011,0.082,6.97,8.34,0.09,0.42,215.1783333333333,57.18111111111111,-10.563206,54.342976,82.07472,PM*,G,5888.43655355589,55.36009719585951,2.3822026331875928e-07
HD 126053, ,14,23,15.2,+,1,14,29,347,56,6.262,0.405,2.59,0.014,3.748,-0.37,18,5.03,0.54,14.4,4.9,0.0,0.84,0.81,0.91,-19.6,0.1,0.3,367,6975,0.359,2,223,-478,2,56.8,1.0,22,-15,-40,7.99,0.015,6.99,8.57,0.1,0.6,215.81333333333328,1.2413888888888889,9.807494,-2.264238,14.922677,PM*,G,5597.576014951104,10.065471289546258,2.636202092139624e-06
HD 126244, ,14,22,29.5,+,55,52,12,99,57,8.216,0.402,2.574,0.0,3.747,-0.54,41,5.15,0.55,0.0,0.0,0.0,0.82,0.79,0.91,-14.6,0.3,0.4,2,380,0.283,1,-234,163,2,24.4,0.7,-53,-20,-10,8.004,0.034,6.57,8.73,0.14,0.06,215.62291666666667,55.87,-3.493213,22.055279,34.385494,PM*,G,5584.701947368307,22.330200823799366,3.1115637291006563e-06
HD 126323, ,14,22,28.9,+,60,57,56,105,53,7.413,0.379,2.613,0.007,3.767,0.01,43,4.27,0.55,6.7,3.6,9.5,1.05,1.0,1.11,-3.3,0.2,0.3,3,2252,0.469,3,-8,-83,2,23.5,0.6,11,-11,6,8.007,0.034,7.33,8.39,0.07,0.21,215.62041666666667,60.96555555555556,-6.69773,24.996271,34.341328,PM*,G,5847.900841444806,25.87804380277499,9.225261814543033e-07
HD 126351, ,14,25,35.3,-,30,51,49,326,28,8.16,0.353,2.619,0.003,3.776,-0.2,58,4.34,0.46,6.3,2.5,9.2,1.02,0.96,1.09,-17.5,0.2,0.5,4,1800,0.145,5,-45,-14,2,17.2,1.2,-20,-2,-7,7.958,0.027,7.8,8.34,0.03,0.03,216.39708333333328,-30.863611111111112,42.455803,-28.636818,27.229351,*,G,5970.352865838366,51.21096126358041,1.0161988529530514e-06
HD 126512, ,14,25,30.1,+,20,35,24,21,68,7.274,0.384,2.586,0.011,3.756,-0.72,47,3.92,1.7,11.6,10.1,13.2,0.9,0.87,0.93,-49.0,0.2,0.3,5,619,0.631,2,132,-581,1,21.3,0.8,86,-84,-74,7.983,0.043,3.82,9.33,0.42,1.75,216.3754166666666,20.59,16.437094,6.3096094,43.57764,PM*,G,5701.642722807472,17.606511010004347,5.68825032571083e-07
HD 126525, ,14,27,32.9,-,51,55,59,318,8,7.848,0.426,2.599,0.0,3.742,-0.15,38,4.95,0.58,16.6,9.1,0.0,0.87,0.85,0.92,12.5,0.2,0.4,5,1958,0.089,3,-305,40,1,26.3,0.9,-27,-41,29,7.972,0.005,5.98,8.05,0.15,0.66,216.8870833333333,-51.93305555555556,27.964678,-25.179506,5.288578,PM*,G,5520.774392807573,37.630183869438106,2.360362468169936e-06
HD 126583, ,14,25,58.2,+,13,25,59,6,64,8.047,0.457,2.573,0.0,3.729,-0.02,34,5.38,0.31,0.0,0.0,0.0,0.86,0.83,0.93,0.0,0.2,0.4,5,3696,0.298,3,-298,-127,2,29.3,0.9,-20,-47,12,7.985,0.031,5.68,8.01,0.17,0.29,216.4925,13.433055555555557,14.822971,1.557957,30.558998,PM*,G,5357.966575133417,14.904620064956035,4.275419171710767e-06
HD 126677, ,14,27,1.2,+,1,8,34,348,55,8.04,0.426,2.573,0.0,3.739,-0.46,84,3.42,2.39,7.1,4.9,9.3,0.97,0.93,1.11,8.6,0.7,1.0,2,449,0.012,2,75,-52,1,11.9,1.2,35,3,-13,7.953,0.069,7.2,9.49,0.14,0.11,216.755,1.1427777777777777,47.12756,-10.017276,68.80877,PM*,G,5482.769649208536,48.180418532986785,2.8508784449224386e-07
HD 126793, ,14,30,12.6,-,62,51,44,314,-2,8.205,0.369,2.592,0.01,3.763,-0.73,56,4.44,1.04,12.0,7.4,16.2,0.85,0.8,0.92,-9.6,0.2,0.5,5,2639,0.119,5,-14,-64,2,17.7,1.0,-14,0,-14,7.961,-0.002,7.94,8.32,0.02,0.1,217.5525,-62.86222222222222,38.87717,-40.258495,-1.9543717,PM*,G,5794.286964268809,55.96588931549221,1.1667523931790261e-06
HD 126961, ,14,28,31.1,+,2,47,19,351,56,7.024,0.346,2.625,-0.003,3.784,0.02,41,3.98,0.43,3.6,1.9,5.5,1.16,1.09,1.21,-6.0,0.3,0.3,2,353,0.469,7,-196,53,1,24.6,1.0,-33,-16,13,7.978,0.034,7.06,8.31,0.08,0.32,217.1295833333333,2.788611111111111,22.64464,-3.5865562,33.990543,PM*,G,6081.350012787177,22.926907905458126,6.179860907400366e-07
HD 127024, ,14,31,48.7,-,64,17,1,314,-4,8.218,0.411,2.587,0.014,3.746,-0.32,44,5.02,0.56,16.5,6.5,0.0,0.85,0.82,0.91,-9.7,0.1,0.2,6,2673,0.779,2,-112,-148,6,22.9,1.0,-31,-15,-19,7.97,-0.003,7.12,8.27,0.07,0.17,217.95291666666665,-64.28361111111111,30.490513,-31.573853,-3.0692847,PM*,G,5571.857489319298,43.89281918798083,2.600032043455381e-06
HD 127600, ,14,32,34.3,-,9,45,24,340,46,8.226,0.391,2.624,0.034,3.783,0.2,110,2.87,1.4,2.6,2.1,3.3,1.43,1.36,1.49,-8.6,0.2,0.1,2,971,0.923,2,-41,38,1,8.7,1.2,-27,2,13,7.928,0.079,7.7,8.7,0.06,0.34,218.14291666666665,-9.756666666666666,71.804184,-26.134604,79.12738,PM*,G,6067.363295885053,76.41242285219514,1.333456032228426e-07
HD 128400, ,14,41,52.4,-,75,8,22,310,-14,6.73,0.437,2.609,0.0,3.737,-0.1,20,5.19,0.4,15.4,4.3,0.0,0.86,0.84,0.92,-3.5,0.1,0.3,5,2188,0.505,4,120,-19,2,49.2,0.6,4,10,-6,7.987,-0.005,7.88,9.12,0.07,0.03,220.4683333333333,-75.13944444444445,12.47388,-14.865795,-4.838438,PM*,G,5457.57861091271,19.405915161012764,3.2883550299477244e-06
HD 128596, ,14,38,6.9,-,12,54,38,339,42,7.48,0.409,2.604,0.017,3.754,0.03,60,3.61,1.5,6.4,5.5,7.6,1.13,1.09,1.19,-43.3,0.1,0.3,6,2105,0.375,3,-248,-53,2,16.8,1.0,-69,-46,-11,7.959,0.04,5.31,8.69,0.24,0.07,219.52875,-12.910555555555556,41.627125,-15.979162,40.14784,PM*,G,5675.446054085472,44.58868863274484,3.706625424759005e-07
HD 129010, ,14,40,55.8,-,26,25,43,331,30,7.46,0.368,2.618,0.008,3.773,-0.08,67,3.34,1.42,4.9,4.2,5.8,1.19,1.14,1.27,-8.2,0.5,0.7,2,628,0.018,7,-40,10,2,15.0,0.9,-15,-3,3,7.949,0.034,7.89,8.16,0.02,0.16,220.2325,-26.428611111111117,50.748676,-28.13044,33.5,*,G,5929.2532458,58.023700074595176,2.5525761104483704e-07
HD 129171, ,14,40,18.3,+,30,26,37,47,66,7.707,0.396,2.609,0.018,3.761,-0.02,56,3.98,1.01,8.4,6.5,9.9,1.05,1.01,1.11,-12.2,0.1,0.1,6,1720,0.999,3,95,-43,2,18.0,0.9,21,5,-21,7.985,0.051,7.54,9.22,0.1,0.23,220.07625,30.44361111111111,15.534046,16.658226,51.158546,PM*,G,5767.664633922509,22.777249144644134,6.179860907400366e-07
HD 129209, ,14,40,28.4,+,30,31,13,48,66,7.989,0.395,2.625,0.031,3.777,0.27,51,4.34,0.01,1.5,0.0,5.1,1.14,1.12,1.18,-12.0,0.1,0.1,6,1720,0.982,3,97,-44,2,19.8,1.0,19,4,-20,7.986,0.046,7.57,9.15,0.09,0.22,220.1183333333333,30.52027777777778,13.880155,15.415475,46.59082,PM*,G,5984.115950603199,20.743567010031086,1.0161988529530514e-06
HD 129357, ,14,41,22.3,+,29,3,31,44,66,7.823,0.408,2.605,0.013,3.753,0.01,47,4.45,0.7,10.1,6.6,13.7,0.98,0.93,1.04,-33.2,0.4,0.6,3,2205,0.02,2,3,-173,2,21.2,1.0,18,-36,-31,7.986,0.043,6.11,8.23,0.15,0.39,220.34291666666664,29.058611111111112,13.751346,13.279521,42.936638,PM*,G,5662.3928903825345,19.116620904363746,1.182983535779732e-06
HD 129381, ,14,42,51.9,-,24,29,30,333,32,7.798,0.427,2.574,0.0,3.737,-0.61,63,3.8,2.14,11.1,9.4,12.9,0.93,0.9,0.97,-52.7,0.2,0.4,4,3036,0.153,3,-248,-41,2,15.9,1.0,-84,-37,-7,7.952,0.033,5.48,9.19,0.25,0.04,220.71625,-24.491666666666667,47.603832,-24.255365,33.384914,PM*,G,5457.57861091271,53.42703016608212,4.81924161443639e-07
HD 129499, ,14,39,39.6,+,66,20,48,107,47,7.378,0.389,2.613,0.024,3.774,-0.06,53,3.66,1.06,6.2,3.5,7.3,1.12,1.08,1.17,-11.5,0.2,0.2,3,1352,0.692,2,-29,-25,2,18.9,0.6,2,-15,-2,8.011,0.039,7.33,8.14,0.05,0.08,219.915,66.34666666666666,-10.568043,34.566505,38.761745,*,G,5942.921586155727,36.14590987601327,3.9717206999138233e-07
HD 129829, ,14,45,18.6,-,18,0,10,338,37,8.22,0.351,2.629,0.01,3.776,-0.23,57,4.44,0.39,6.3,1.1,9.7,1.0,0.95,1.08,-17.6,0.2,0.4,7,2105,0.476,5,-124,-72,2,17.5,1.1,-29,-30,-10,7.958,0.034,6.43,8.08,0.11,0.05,221.3275,-18.002777777777776,42.207474,-17.052927,34.303455,PM*,G,5970.352865838366,45.522227326087695,1.1667523931790261e-06
HD 130045, ,14,45,33.4,+,17,53,5,20,62,7.955,0.367,2.623,0.028,3.786,-0.17,103,2.77,1.77,2.5,2.2,3.7,1.39,1.3,1.47,20.8,0.3,0.4,2,423,0.263,6,31,88,2,9.7,0.9,-9,45,20,7.955,0.091,7.95,11.8,0.19,0.6,221.38916666666665,17.884722222222223,45.43938,16.538582,90.943596,PM*,G,6109.420249055721,48.35557826513012,1.1613916528782609e-07
HD 130087, ,14,45,56.7,+,10,3,7,6,58,7.525,0.381,2.616,0.005,3.772,0.28,56,3.79,0.67,3.7,2.3,7.2,1.24,1.21,1.28,-15.8,0.2,0.1,2,595,0.92,4,-96,-24,2,17.9,1.0,-20,-22,-5,7.971,0.047,6.9,8.03,0.08,0.06,221.48625,10.051944444444445,29.512915,3.1019323,47.490692,PM*,G,5915.616341754737,29.675480380122043,4.7531191406188385e-07
HD 130838, ,14,50,0.6,+,12,20,7,11,59,8.284,0.368,2.608,0.0,3.772,-0.1,80,3.77,1.03,6.6,4.5,8.3,1.09,1.04,1.15,3.0,0.3,0.1,2,595,0.879,3,17,-82,1,12.5,1.1,24,-19,-9,7.959,0.068,6.74,8.5,0.12,0.08,222.5025,12.335277777777778,40.44603,7.861912,68.57339,PM*,G,5915.616341754737,41.20304604099852,4.623583448318132e-07
HD 131042, ,14,50,40.9,+,22,54,27,31,63,7.501,0.411,2.577,0.0,3.747,-0.33,37,4.64,0.92,16.0,11.9,0.0,0.86,0.84,0.9,-27.4,0.2,0.1,3,2192,0.967,1,-433,-61,2,26.8,0.9,-50,-65,8,7.985,0.033,4.73,8.26,0.27,0.24,222.67041666666665,22.9075,14.398396,8.651429,32.967243,PM*,G,5584.701947368307,16.797649571141108,1.5380792045350664e-06
HD 131117, ,14,52,33.1,-,30,34,38,332,25,6.291,0.387,2.617,0.026,3.778,0.01,40,3.17,1.39,4.2,2.6,4.6,1.35,1.31,1.39,-28.6,0.3,0.5,3,628,0.024,6,-336,-41,1,25.0,0.8,-60,-35,10,7.968,0.017,5.86,8.64,0.19,0.27,223.13791666666663,-30.577222222222225,32.008892,-17.019426,16.904732,PM*,G,5997.910762555094,36.25231066342034,2.0182673768744495e-07
HD 131183, ,14,52,37.0,-,25,27,17,335,30,7.897,0.435,2.586,0.0,3.742,0.08,56,4.14,1.2,10.3,8.6,12.1,1.03,0.99,1.07,-26.6,0.2,0.3,2,972,0.368,2,-198,-115,2,17.7,1.0,-47,-46,-12,7.956,0.028,5.53,8.27,0.2,0.08,223.15416666666667,-25.454722222222223,43.953587,-20.495905,28.0,PM*,G,5520.774392807573,48.49742191019636,7.70865661620565e-07
HD 131790, ,14,56,2.5,-,15,39,23,342,38,7.999,0.388,2.626,0.041,3.786,0.05,98,2.87,1.46,2.5,2.1,3.0,1.4,1.3,1.49,-15.2,0.2,0.1,2,497,0.899,10,2,11,2,7.6,1.4,-12,8,-7,7.926,0.06,7.92,8.76,0.05,0.06,224.01041666666663,-15.65638888888889,73.4454,-23.863852,60.334827,*,G,6109.420249055721,77.22506208115281,1.333456032228426e-07
HD 131900, ,14,56,48.6,-,20,29,23,339,34,8.198,0.463,0.0,0.0,3.727,0.04,40,5.16,0.53,0.0,10.7,0.0,0.88,0.86,0.92,-6.3,0.2,0.3,4,1835,0.342,1,-25,-55,2,24.7,1.0,-5,-9,-9,7.969,0.022,7.71,8.02,0.02,0.03,224.2025,-20.489722222222223,30.95893,-11.884024,22.367716,PM*,G,5333.348954876208,33.161504386524385,3.1548498923804364e-06
HD 132307, ,14,58,10.8,+,6,54,17,5,54,8.143,0.474,0.0,0.0,3.723,0.06,33,5.54,0.22,0.0,0.0,0.0,0.87,0.83,0.94,-30.6,0.2,0.2,4,725,0.733,2,-166,96,3,30.2,1.5,-42,-8,-7,7.98,0.027,7.21,8.72,0.09,0.03,224.545,6.904722222222222,19.323103,1.6905522,26.697561,PM*,G,5284.452517751803,19.396914091925392,5.333087391270233e-06
HD 132505, ,14,58,58.1,+,17,19,37,21,59,7.83,0.394,2.621,0.025,3.778,0.33,63,3.73,0.55,2.8,1.6,5.5,1.26,1.23,1.3,-15.9,0.2,0.2,2,377,0.556,4,-35,-72,1,15.9,1.0,0,-25,-13,7.97,0.054,6.75,8.02,0.09,0.1,224.7420833333333,17.326944444444443,30.292255,11.628108,54.00154,PM*,G,5997.910762555094,32.447397563513306,4.375006477474418e-07
HD 132648, ,15,1,53.2,-,47,0,26,325,10,7.744,0.445,0.0,0.0,3.729,-0.38,27,5.57,0.39,0.0,0.0,0.0,0.81,0.77,0.88,-7.9,0.2,0.2,4,1900,0.773,2,-25,-72,1,36.8,1.0,-10,-2,-8,7.978,0.005,7.98,8.17,0.01,0.01,225.47166666666664,-47.00722222222223,21.781094,-15.251291,4.688501,PM*,G,5357.966575133417,26.589808818483764,5.558769940398637e-06
HD 132996, ,15,3,18.1,-,36,55,28,330,19,7.78,0.387,2.608,0.017,3.76,-0.23,47,4.42,0.78,11.3,6.9,15.0,0.95,0.89,1.01,17.9,0.2,0.4,5,1919,0.163,3,-4,-393,2,21.3,0.9,15,-61,-63,7.961,0.015,5.11,8.08,0.23,1.28,225.82541666666663,-36.92444444444444,38.485622,-22.219694,15.3017025,PM*,G,5754.399373371566,44.43937333244608,1.1349551513000262e-06
HD 133826, ,15,2,58.9,+,65,46,41,104,46,7.34,0.36,2.619,0.008,3.773,-0.22,40,4.32,0.57,7.2,4.3,9.5,1.0,0.96,1.06,-3.1,0.2,0.3,4,1113,0.487,4,75,-125,2,24.9,0.6,28,0,3,8.007,0.029,7.31,9.19,0.11,0.16,225.74541666666664,65.77805555555555,-6.722122,26.960962,28.773592,PM*,G,5929.2532458,27.786334701581783,9.885046130154186e-07
HD 134048, ,15,8,6.4,-,12,3,5,348,39,7.67,0.457,0.0,0.0,3.731,-0.19,62,3.72,2.06,8.3,6.3,10.4,1.04,0.96,1.1,12.8,0.2,0.2,3,1693,0.683,2,-138,-60,1,16.2,1.3,-7,-42,18,7.953,0.039,5.94,7.96,0.14,0.41,227.0266666666666,-12.051388888888887,47.130135,-10.017823,39.017864,PM*,G,5382.697825162882,48.18305099075352,4.3149791382366836e-07
HD 134060, ,15,10,44.7,-,61,25,20,319,-3,6.292,0.395,2.616,0.025,3.758,-0.12,24,4.38,0.77,9.6,6.7,14.2,0.97,0.93,1.03,37.4,0.1,0.2,5,2187,0.664,4,-186,-13,2,41.4,0.8,16,-39,8,7.982,-0.001,5.96,8.17,0.16,0.23,227.68625,-61.42222222222222,18.088205,-15.723839,-1.256063,PM*,G,5727.960309858292,23.967108148876576,1.0739367406436191e-06
HD 134088, ,15,8,12.5,-,7,54,47,351,42,8.0,0.388,2.576,0.0,3.752,-0.75,35,5.26,0.46,0.0,0.0,13.9,0.84,0.77,0.9,-61.2,0.2,0.5,8,3046,0.157,3,-156,-446,2,28.3,1.0,-28,-67,-69,7.974,0.024,4.94,8.04,0.24,1.27,227.0520833333333,-7.913055555555556,25.689842,-4.0688686,23.41957,PM*,G,5649.369748123023,26.0100686978914,3.6222523292156442e-06
HD 134664, ,15,12,10.3,-,30,53,10,335,23,7.769,0.409,2.594,0.017,3.751,-0.15,40,4.78,0.55,12.5,6.3,0.0,0.9,0.86,0.97,7.5,0.1,0.3,5,1921,0.627,2,97,-106,2,25.3,1.1,18,-4,-21,7.967,0.015,7.39,8.74,0.08,0.22,228.04291666666663,-30.88611111111111,33.370426,-15.560893,15.629245,PM*,G,5636.376558259543,36.82019449132399,1.8662881579148912e-06
HD 134987, ,15,13,28.6,-,25,18,33,339,27,6.467,0.434,2.606,0.0,3.745,0.23,26,4.42,0.75,11.1,6.4,12.6,1.07,0.99,1.1,4.7,0.2,0.2,3,721,0.682,2,-400,-75,1,39.0,1.0,-21,-40,21,7.979,0.012,6.04,8.01,0.14,0.47,228.36916666666664,-25.309166666666663,21.627481,-8.302015,11.803753,PM*,G,5559.042572704037,23.16616902868461,1.1349551513000262e-06
HD 135011,*,15,14,34.3,-,45,53,42,327,10,7.998,0.349,0.0,0.0,3.778,-0.27,61,4.09,0.73,6.3,4.1,9.7,1.03,0.97,1.09,-9.5,0.3,0.3,2,994,0.453,8,-38,-93,2,16.5,1.0,-17,-17,-18,7.95,0.011,7.22,7.99,0.05,0.16,228.64291666666665,-45.895,50.381687,-32.718243,10.592539,PM*,G,5997.910762555094,60.073270345246044,7.194136940441091e-07
HD 135045, ,15,8,35.8,+,70,8,48,108,43,8.015,0.36,2.62,0.019,3.772,-0.5,69,3.81,1.33,8.6,7.3,10.0,0.99,0.96,1.04,-9.2,0.2,0.3,4,1119,0.694,6,10,10,1,14.4,0.7,1,-3,-10,8.016,0.047,7.8,8.35,0.03,0.06,227.14916666666664,70.14666666666668,-15.594046,47.993553,47.057884,*,G,5915.616341754737,50.46340654587168,4.886283943493073e-07
HD 135143, ,15,8,30.3,+,72,22,9,110,41,7.841,0.375,2.612,0.003,3.769,0.02,47,4.47,0.3,5.2,0.0,9.1,1.05,0.99,1.12,-4.4,0.2,0.3,3,2233,0.629,4,81,-7,2,21.2,0.6,12,9,-11,8.012,0.031,7.77,9.23,0.09,0.07,227.12625,72.36916666666666,-12.131915,33.33217,30.834774,PM*,G,5874.893525297769,35.47135349089635,1.2161263551968444e-06
HD 135446, ,15,16,3.3,-,30,43,49,336,23,8.175,0.403,2.634,0.052,3.79,0.48,92,3.14,0.85,1.8,1.4,2.2,1.39,1.33,1.45,-10.4,0.3,0.3,2,719,0.486,6,-91,-69,2,10.9,1.2,-27,-43,-6,7.922,0.035,5.8,8.0,0.16,0.04,229.01375,-30.730277777777776,77.36493,-34.44507,35.94726,PM*,G,6165.9500186148225,84.68645252465001,1.9363269959413497e-07
HD 135625, ,15,17,48.4,-,45,55,20,328,10,7.719,0.384,2.631,0.032,3.784,0.23,54,3.92,0.31,3.1,0.6,5.2,1.23,1.19,1.26,-15.4,0.2,0.2,2,619,0.528,5,-89,-44,2,18.5,1.0,-26,-14,0,7.955,0.009,7.26,8.17,0.06,0.1,229.45166666666665,-45.92222222222222,45.098873,-28.180904,9.377002,PM*,G,6081.350012787177,53.17961729955702,5.68825032571083e-07
HD 136257, ,15,20,0.0,-,8,39,42,353,39,7.537,0.356,2.618,0.009,3.775,-0.3,45,4.28,0.63,7.0,4.4,9.4,0.99,0.95,1.06,30.9,0.2,0.6,7,3286,0.048,5,100,-200,2,22.3,1.0,51,-20,-15,7.966,0.028,6.26,9.22,0.19,0.12,230.0,-8.661666666666667,34.710896,-4.2619653,28.319418,PM*,G,5956.621435290103,34.97156915754882,9.353597990167014e-07
HD 136352, ,15,21,48.1,-,48,19,3,327,7,5.654,0.405,2.589,0.012,3.749,-0.32,15,4.84,0.67,15.9,9.2,0.0,0.85,0.84,0.88,-69.0,0.1,0.2,4,3209,0.681,2,-1621,-275,1,68.7,0.8,-119,-47,36,7.988,0.002,4.8,10.22,0.36,0.98,230.45041666666663,-48.3175,12.486289,-8.108689,1.8280402,PM*,G,5610.479760324706,14.888191639357748,2.0275832758118263e-06
HD 136749, ,15,19,18.7,+,61,22,29,98,48,7.393,0.38,2.617,0.019,3.767,-0.11,65,3.34,1.59,5.1,4.6,5.8,1.2,1.15,1.26,-40.3,0.2,0.2,3,507,0.757,6,-37,-19,1,15.5,0.6,2,-36,-21,8.006,0.048,6.2,8.05,0.13,0.22,229.82791666666665,61.37472222222223,-6.0531225,43.070213,48.304417,*,G,5847.900841444806,43.49348847661424,2.5525761104483704e-07
HD 136925, ,15,22,52.0,+,13,21,59,19,52,7.915,0.407,2.583,0.015,3.749,-0.3,47,4.58,0.92,15.8,11.3,0.0,0.87,0.84,0.92,-49.0,0.3,0.7,5,2625,0.041,1,-273,-27,1,21.5,1.2,-55,-54,-7,7.973,0.037,5.12,8.38,0.24,0.04,230.71666666666664,13.366388888888888,27.35961,9.42067,37.036507,PM*,G,5610.479760324706,28.936089621802736,1.4157243451367577e-06
HD 138123, ,15,30,42.8,-,21,52,42,345,28,7.801,0.396,2.592,0.007,3.756,-0.3,76,3.39,1.96,6.4,5.1,7.9,1.11,1.04,1.17,-67.9,0.2,0.3,4,3022,0.417,3,-56,20,2,13.1,1.2,-69,6,-17,7.935,0.035,6.97,10.03,0.18,0.17,232.6783333333333,-21.87833333333333,64.81749,-17.367811,35.67984,PM*,G,5701.642722807472,67.10400784477646,2.7351345804337536e-07
HD 138549, ,15,33,53.5,-,31,1,8,339,20,7.961,0.439,2.589,0.0,3.737,0.01,33,5.36,0.14,0.0,0.0,0.0,0.9,0.84,0.97,11.6,0.2,0.4,5,1919,0.126,1,-192,-35,2,30.2,1.1,-4,-27,17,7.971,0.011,6.7,7.99,0.09,0.4,233.47291666666663,-31.01888888888889,28.950195,-11.112943,11.286664,PM*,G,5457.57861091271,31.00985799160122,4.158902129764468e-06
HD 138573, ,15,32,43.6,+,10,58,5,18,49,7.232,0.413,2.595,0.0,3.749,-0.05,31,4.78,0.51,11.7,5.9,17.2,0.91,0.87,0.99,-36.1,0.2,0.3,3,1482,0.425,2,-7,159,1,32.3,0.9,-37,9,-19,7.981,0.023,7.66,9.34,0.1,0.19,233.18166666666664,10.968055555555557,19.342426,6.284735,23.395998,PM*,G,5610.479760324706,20.337830208399836,1.8662881579148912e-06
HD 138919, ,15,34,50.2,+,6,48,13,13,46,8.026,0.432,2.573,0.0,3.74,-0.04,41,4.96,0.52,15.1,7.5,0.0,0.89,0.86,0.94,-6.2,0.2,0.4,3,2116,0.246,3,-82,-165,2,24.4,1.1,7,-35,-7,7.972,0.03,6.21,8.06,0.13,0.03,233.70916666666665,6.803611111111111,27.75103,6.4068294,29.492931,PM*,G,5495.408738576249,28.480995927488287,2.3931983809430355e-06
HD 139018, ,15,35,33.8,+,6,3,27,12,46,8.183,0.411,2.62,0.052,3.777,0.0,79,3.48,1.11,3.5,2.8,6.0,1.18,1.11,1.29,0.3,0.4,0.0,1,0,0.0,4,145,-123,2,12.7,1.2,51,2,-49,7.946,0.056,6.89,10.1,0.19,0.9,233.8908333333333,6.0575,53.6788,11.409781,56.827843,PM*,G,5984.115950603199,54.878016289840154,3.09726739238131e-07
HD 139213, ,15,24,29.1,+,81,53,42,117,33,7.721,0.395,2.595,0.033,3.751,-0.62,39,4.76,0.91,0.0,9.9,0.0,0.82,0.8,0.86,-6.6,0.2,0.2,3,1788,0.762,4,197,35,1,25.6,0.6,16,20,-28,8.015,0.021,7.81,10.05,0.13,0.36,231.12125,81.89500000000001,-14.849186,29.143179,21.240923,PM*,G,5636.376558259543,32.70815199745527,1.8154266243795335e-06
HD 139324, ,15,36,12.6,+,35,42,19,57,54,7.51,0.393,2.614,0.012,3.763,0.15,53,3.9,0.91,6.8,4.0,8.2,1.17,1.09,1.21,-29.8,0.2,0.2,2,352,0.587,2,-176,-75,2,19.0,0.7,-15,-54,2,7.983,0.043,5.32,7.99,0.2,0.14,234.0525,35.70527777777778,16.966932,26.126783,42.877903,PM*,G,5794.286964268809,31.15261740884244,5.533229712483625e-07
HD 139590, ,15,39,1.0,-,0,18,41,6,41,7.498,0.351,2.622,0.0,3.781,-0.03,55,3.79,0.74,3.8,3.0,6.1,1.14,1.08,1.22,-29.4,0.3,0.1,2,364,0.72,3,-208,-82,1,18.1,0.9,-36,-55,3,7.959,0.036,5.22,8.1,0.22,0.16,234.75416666666663,-0.3113888888888889,41.28164,4.3388753,36.08325,PM*,G,6039.4862937638,41.50903082412971,4.7531191406188385e-07
HD 139839, ,15,40,21.4,+,1,28,7,8,42,8.116,0.434,2.585,0.0,3.74,-0.12,65,4.05,1.49,11.2,9.2,13.4,0.96,0.92,1.04,-1.9,0.2,0.1,3,2851,0.98,4,-21,-112,1,15.4,1.2,13,-30,-13,7.952,0.044,6.38,8.14,0.12,0.09,235.08916666666664,1.468611111111111,47.834316,6.7226753,43.493492,PM*,G,5495.408738576249,48.30441129314264,6.80735971699978e-07
HD 139879, ,15,40,55.3,-,8,59,54,358,35,7.976,0.382,2.628,0.03,3.783,0.17,56,4.11,0.19,2.9,0.0,4.8,1.19,1.15,1.23,-9.2,0.2,0.3,4,1959,0.59,4,-20,-134,2,17.9,0.9,4,-30,-21,7.954,0.032,6.47,8.03,0.11,0.21,235.23041666666663,-8.998333333333333,45.844574,-1.6009325,32.12028,PM*,G,6067.363295885053,45.87251846270305,7.395690025727166e-07
HD 140023, ,15,38,5.7,+,61,25,13,96,46,8.126,0.358,2.619,0.004,3.776,-0.13,72,3.84,0.9,6.7,3.8,8.5,1.09,1.04,1.15,-51.1,0.3,0.2,2,1149,0.667,9,-154,28,2,13.9,0.7,-29,-67,-9,8.005,0.052,4.72,8.07,0.26,0.06,234.52374999999995,61.42027777777778,-5.2280354,49.741417,51.792465,PM*,G,5970.352865838366,50.01540681941457,5.093058919267476e-07
HD 140209, ,15,42,5.7,+,10,58,38,19,47,8.275,0.407,2.582,0.006,3.75,-0.28,65,4.23,1.23,12.9,10.4,15.8,0.93,0.87,0.97,-82.5,0.4,0.6,2,382,0.141,3,-172,-28,2,15.5,1.2,-72,-60,-31,7.958,0.047,4.78,8.62,0.29,0.42,235.52374999999995,10.977222222222222,41.914734,14.4324,47.53799,PM*,G,5623.413251903491,44.32988942069173,8.729285552249458e-07
HD 140233, ,15,42,13.0,+,7,49,23,16,45,7.337,0.383,2.588,-0.011,3.762,-0.38,78,2.87,2.41,3.7,3.2,4.4,1.29,1.17,1.35,-0.9,0.2,0.3,3,4378,0.464,4,-65,69,2,12.8,0.9,-26,3,23,7.947,0.055,7.75,8.76,0.06,0.54,235.55416666666665,7.823055555555555,53.017742,15.202593,55.154327,PM*,G,5780.960474057181,55.15432712582226,1.333456032228426e-07
HD 140269, ,15,43,8.7,-,13,3,22,355,32,6.637,0.351,2.614,-0.003,3.778,-0.29,54,2.98,1.85,4.0,3.6,4.5,1.3,1.17,1.36,-53.3,0.2,0.6,8,2107,0.02,7,72,-93,1,18.6,0.9,-30,-1,-54,7.955,0.029,7.64,8.74,0.07,0.95,235.78625,-13.056111111111113,45.620335,-3.9912753,28.61564,PM*,G,5997.910762555094,45.794598415453045,1.5523108761915437e-07
HD 140324, ,15,42,54.4,+,4,6,7,11,43,7.412,0.375,2.597,0.002,3.765,-0.31,55,3.7,1.45,7.9,6.8,9.1,1.04,0.99,1.09,33.0,0.3,0.2,2,391,0.555,5,-38,-12,2,18.1,1.0,21,-4,27,7.96,0.038,7.34,8.85,0.09,0.64,235.72666666666663,4.101944444444444,39.485416,7.6751876,37.509907,*,G,5821.032177708716,40.22445253062184,4.1973839773752496e-07
HD 140750, ,15,45,15.1,+,4,42,29,12,43,8.041,0.41,2.59,0.02,3.759,-0.23,68,3.79,1.43,8.5,7.1,10.2,1.02,0.99,1.07,4.7,0.2,0.2,3,737,0.732,3,-13,-137,1,14.7,1.1,26,-35,-12,7.951,0.046,6.03,8.32,0.16,0.08,236.31291666666664,4.708055555555556,48.645287,10.339875,46.375885,PM*,G,5741.164622073275,49.73205166015167,4.7531191406188385e-07
HD 140785, ,15,47,12.8,-,42,12,16,334,10,7.378,0.42,2.601,0.033,3.763,0.02,56,3.48,1.43,5.5,4.8,6.3,1.17,1.13,1.22,-55.5,0.1,0.3,5,2103,0.416,2,-4,-141,1,17.7,0.9,-55,-1,-38,7.95,0.01,7.11,9.38,0.14,0.58,236.8033333333333,-42.20444444444445,49.5678,-24.175837,9.7242985,PM*,G,5794.286964268809,55.14923291842389,3.09726739238131e-07
HD 140990, ,15,47,20.2,-,20,28,9,349,26,7.865,0.376,2.606,0.003,3.769,-0.01,63,3.86,0.93,6.7,4.2,8.4,1.1,1.05,1.16,15.2,0.2,0.1,2,979,0.703,3,-90,-117,1,15.8,1.2,9,-46,1,7.944,0.028,5.65,8.03,0.17,0.12,236.83416666666665,-20.469166666666663,55.583683,-10.804383,27.617382,PM*,G,5874.893525297769,56.62402765483199,5.23574757632536e-07
HD 141004, ,15,46,26.6,+,7,21,11,16,44,4.424,0.385,2.603,0.0,3.765,0.05,12,4.07,0.77,6.5,4.1,9.7,1.07,1.03,1.15,-66.8,0.1,0.3,15,4035,0.72,3,-225,-69,1,85.1,0.8,-49,-24,-40,7.992,0.008,6.52,8.6,0.14,0.61,236.6108333333333,7.353055555555555,8.297685,2.379323,8.335901,PM*,G,5821.032177708716,8.63207705581652,6.998076736285392e-07
HD 141024, ,15,46,22.5,+,13,43,14,24,47,7.926,0.43,2.584,0.0,3.742,-0.14,73,3.61,1.91,7.6,5.9,9.2,1.07,1.02,1.16,-19.0,0.2,0.1,2,353,0.791,2,-82,-2,1,13.7,1.1,-24,-24,3,7.955,0.053,6.77,8.04,0.09,0.16,236.59375,13.720555555555556,45.48166,20.24974,53.38882,PM*,G,5520.774392807573,49.78587516980293,3.706625424759005e-07
HD 141039, ,15,44,21.6,+,52,59,0,84,49,7.373,0.4,2.602,0.022,3.768,-0.01,42,4.15,0.67,6.7,4.0,9.6,1.06,1.0,1.12,-39.7,0.2,0.3,2,376,0.298,1,-248,59,2,23.7,0.6,-35,-54,-3,7.997,0.032,5.27,8.13,0.21,0.07,236.09,52.98333333333333,2.8802261,27.403534,31.697803,PM*,G,5861.3816451402845,27.554480181565342,7.81589471190529e-07
HD 141247, ,15,48,11.7,-,4,47,9,3,37,8.099,0.402,2.595,0.014,3.753,-0.38,85,3.44,2.04,7.0,5.6,8.5,1.07,1.0,1.14,-70.5,0.2,0.3,5,3422,0.564,5,-102,-34,2,11.7,1.0,-67,-42,-24,7.932,0.051,5.49,8.68,0.23,0.28,237.04875,-4.785833333333334,67.790985,3.5527751,51.154274,PM*,G,5662.3928903825345,67.88401769327892,2.9307495053577235e-07
HD 141366, ,15,50,34.2,-,44,33,54,333,7,8.008,0.42,2.601,0.03,3.767,0.19,106,2.74,1.93,2.5,2.2,3.1,1.49,1.44,1.52,-9.6,0.2,0.2,4,1128,0.791,5,-1,-31,2,9.4,1.0,-12,-6,-13,7.906,0.014,7.85,7.93,0.0,0.09,237.6425,-44.565,93.7427,-47.764294,12.918151,*,G,5847.900841444806,105.20989299779957,1.1142398852087356e-07
HD 141599, ,15,51,5.2,-,30,5,11,343,18,8.193,0.452,0.0,0.0,3.737,0.18,46,4.87,0.51,12.7,6.9,0.0,0.95,0.9,1.04,-34.6,0.2,0.1,2,355,0.755,3,69,-139,3,21.6,1.2,-24,-2,-42,7.958,0.015,7.74,8.49,0.05,0.63,237.77166666666665,-30.086388888888887,41.836994,-12.790854,14.214782,PM*,G,5457.57861091271,43.74860012623663,2.1133853879250417e-06
HD 141885, ,15,52,52.0,-,37,23,54,338,13,7.736,0.405,2.631,0.051,3.789,0.48,104,2.43,1.58,1.6,1.4,1.8,1.6,1.52,1.68,-16.8,0.2,0.1,2,1099,0.794,8,7,-33,2,9.6,1.0,-15,-3,-18,7.906,0.023,7.85,8.13,0.02,0.16,238.21666666666664,-37.39833333333333,93.9557,-37.960567,23.394909,*,G,6151.7687270986835,101.33448677252719,7.260703469971069e-08
HD 141937, ,15,52,17.5,-,18,26,9,352,27,7.265,0.388,2.589,-0.019,3.765,0.24,33,4.64,0.03,1.8,0.0,7.5,1.09,1.04,1.11,-3.3,0.1,0.3,6,2110,0.535,4,98,24,2,29.9,1.1,3,13,-9,7.97,0.015,7.9,9.3,0.08,0.03,238.07291666666663,-18.43583333333333,29.117065,-4.0921364,14.981687,PM*,G,5821.032177708716,29.403215037312332,1.5380792045350664e-06
HD 142093, ,15,52,0.5,+,15,14,9,27,47,7.322,0.385,2.611,0.011,3.76,-0.19,31,4.83,0.33,8.0,0.0,14.7,0.94,0.86,1.02,-23.8,0.2,0.1,3,674,0.959,2,-61,-126,2,31.8,0.9,-6,-26,-17,7.981,0.023,6.74,7.99,0.08,0.14,238.00208333333333,15.235833333333332,18.837612,9.598243,22.671965,PM*,G,5754.399373371566,21.141946328320696,1.999763790342133e-06
HD 142137, ,15,55,55.5,-,58,41,1,325,-4,7.944,0.398,2.618,0.032,3.778,0.16,106,2.67,1.76,2.3,2.0,2.7,1.47,1.41,1.53,7.2,0.2,0.2,4,1898,0.893,7,-9,-18,2,9.4,1.0,0,-12,-5,7.913,-0.007,7.4,8.03,0.04,0.04,238.98125,-58.68361111111111,86.61859,-60.651012,-7.394186,*,G,5997.910762555094,105.74178639597613,1.0115298433358763e-07
HD 142229, ,15,53,20.0,+,4,15,11,13,41,8.067,0.393,2.602,0.011,3.757,-0.17,40,5.03,0.18,3.3,0.0,13.6,0.93,0.85,1.0,-20.6,0.3,0.4,2,333,0.336,5,-25,7,2,24.7,1.4,-18,-6,-10,7.97,0.027,7.77,8.14,0.02,0.05,238.3333333333333,4.253055555555555,29.41466,6.790909,26.242361,*,G,5714.786366718672,30.188386309338913,2.636202092139624e-06
HD 142415, ,15,57,40.7,-,60,12,0,324,-5,7.333,0.383,2.624,0.015,3.766,0.13,35,4.64,0.11,2.4,0.0,7.9,1.08,1.01,1.11,-12.0,0.1,0.3,5,1470,0.374,3,-113,-100,2,28.9,0.8,-24,-13,1,7.972,-0.003,7.34,8.15,0.05,0.11,239.4195833333333,-60.2,28.207844,-20.4942,-3.0504508,PM*,G,5834.451042737448,34.866813688209824,1.5380792045350664e-06
HD 142637, ,15,54,54.9,+,22,8,33,36,48,8.239,0.382,2.598,0.001,3.762,-0.22,66,4.13,1.01,10.2,7.6,12.4,1.0,0.96,1.04,-20.2,0.2,0.3,4,1091,0.719,4,49,-8,1,15.1,1.1,-3,0,-25,7.965,0.049,7.9,8.43,0.03,0.29,238.72875,22.1425,35.72831,25.958134,49.04756,*,G,5780.960474057181,44.16261831252825,7.602889882338923e-07
HD 142921, ,16,0,37.1,-,61,18,14,324,-6,7.956,0.393,2.605,0.016,3.759,-0.16,58,4.15,1.01,10.5,8.1,12.5,1.0,0.96,1.04,-2.3,0.2,0.2,5,1355,0.685,1,-273,-214,2,17.3,0.9,-57,-76,5,7.954,-0.006,4.22,8.28,0.32,0.19,240.15458333333328,-61.303888888888885,46.665936,-33.90479,-6.062651,PM*,G,5741.164622073275,57.68227082648702,7.81589471190529e-07
HD 143098, ,15,59,47.7,-,35,50,43,340,13,7.656,0.43,2.586,0.0,3.74,-0.13,30,5.24,0.31,0.0,0.0,0.0,0.87,0.83,0.95,14.0,0.2,0.4,5,1830,0.143,3,103,-66,2,32.8,1.0,18,-1,-13,7.972,0.007,7.45,8.85,0.09,0.09,239.94875,-35.84527777777778,27.468248,-9.997632,6.7485313,PM*,G,5495.408738576249,29.23110148107539,3.5235358970641673e-06
HD 143114, ,15,59,38.2,-,29,37,57,345,18,7.352,0.386,2.6,0.016,3.757,-0.4,36,4.56,0.84,13.3,8.4,0.0,0.86,0.83,0.94,-32.1,0.1,0.3,5,3517,0.484,2,-77,-39,2,27.7,0.9,-34,-6,-6,7.967,0.011,7.4,8.56,0.07,0.02,239.9091666666666,-29.6325,33.071404,-8.8614645,11.124612,PM*,G,5714.786366718672,34.23803901534047,1.377141926365241e-06
HD 143291, ,15,58,32.0,+,27,44,23,45,49,8.006,0.465,2.555,0.0,3.718,-0.52,26,5.92,0.33,0.0,0.0,0.0,0.76,0.74,0.82,-73.1,0.2,0.2,3,1804,0.778,1,-775,294,2,38.3,1.0,-101,-75,12,7.988,0.02,4.02,9.19,0.39,0.32,239.6333333333333,27.739722222222223,12.061499,12.061499,19.62245,PM*,G,5223.9618899911975,17.057535468349524,9.015269218233797e-06
HD 143467, ,15,58,23.5,+,47,7,2,75,49,8.263,0.361,2.6,0.001,3.77,-0.38,101,3.24,1.86,5.4,4.5,6.5,1.11,1.06,1.19,-12.2,0.4,0.1,2,379,0.983,13,-12,-44,2,9.9,0.8,15,-20,-3,7.982,0.076,6.85,8.28,0.09,0.1,239.59791666666663,47.11722222222223,17.14986,64.00414,76.22567,*,G,5888.43655355589,66.26196220426317,2.2232008527922416e-07
HD 143616, ,16,2,15.1,-,19,27,7,353,24,8.248,0.44,2.585,0.0,3.737,-0.06,45,4.99,0.57,17.3,9.4,0.0,0.88,0.85,0.93,-21.8,0.3,0.6,5,2579,0.01,2,26,18,2,22.3,1.3,-18,9,-11,7.959,0.019,7.92,8.91,0.06,0.05,240.56291666666667,-19.451944444444443,40.80312,-5.0099964,18.303148,*,G,5457.57861091271,41.109544702689334,2.4944723844527592e-06
HD 143846, ,16,4,9.5,-,37,18,26,340,11,7.86,0.375,2.595,-0.002,3.764,-0.23,40,4.87,0.23,4.9,0.0,12.8,0.95,0.87,1.02,-29.0,0.2,0.4,5,1768,0.151,2,-332,-17,2,25.2,1.0,-50,-33,33,7.963,0.008,6.13,8.48,0.16,0.79,241.0395833333333,-37.30722222222222,36.89711,-13.42946,7.63236,PM*,G,5807.644175213118,39.26508782931346,2.1133853879250417e-06
HD 143893, ,16,1,45.6,+,31,52,34,51,49,7.679,0.389,2.592,0.011,3.757,-0.53,76,3.27,2.22,6.1,5.2,7.1,1.07,1.03,1.12,-1.3,0.2,0.1,3,451,0.979,4,9,12,2,13.1,0.8,-3,4,-3,7.968,0.057,7.92,8.61,0.04,0.09,240.44,31.87611111111111,31.37822,38.748875,57.35793,*,G,5714.786366718672,49.86048539809881,2.3172809979074063e-07
HD 144009, ,16,9,13.4,-,71,4,10,318,-14,7.232,0.45,0.0,0.0,3.732,-0.05,27,5.09,0.56,0.0,11.0,0.0,0.87,0.85,0.91,26.8,0.1,0.3,7,2675,0.283,2,-199,-392,2,37.3,1.0,-20,-54,-24,7.981,-0.007,5.35,8.0,0.2,0.26,242.30583333333328,-71.06944444444444,19.468899,-17.529873,-6.5318913,PM*,G,5395.1062251512785,26.19798609947585,2.8640375019334002e-06
HD 144082, ,16,1,9.7,+,56,26,23,87,45,8.008,0.292,2.66,0.01,3.809,-0.38,96,3.09,1.12,2.7,2.3,3.1,1.27,1.2,1.33,-9.0,0.4,0.2,2,382,0.685,13,-49,-45,2,10.4,0.7,10,-27,13,7.997,0.069,6.63,8.16,0.1,0.34,240.2904166666666,56.439722222222215,3.5526836,67.789215,67.88225,PM*,G,6441.692655151775,67.88224533026242,1.807085496711585e-07
HD 144302, ,16,1,51.7,+,59,37,50,92,44,7.867,0.409,2.608,0.025,3.77,0.22,72,3.46,1.11,5.3,2.9,6.2,1.33,1.29,1.36,-39.4,0.2,0.1,2,351,0.687,4,-123,53,2,13.8,0.6,-32,-51,-5,8.001,0.05,5.42,8.11,0.2,0.06,240.4654166666666,59.63055555555555,-1.8075292,51.760914,50.015404,PM*,G,5888.43655355589,51.792464509079394,3.0128582572338447e-07
HD 144544, ,16,5,37.8,+,21,53,34,37,46,7.25,0.358,2.63,0.019,3.778,-0.2,81,2.72,2.03,3.3,2.4,3.8,1.38,1.32,1.45,-23.7,0.3,0.4,2,1071,0.375,10,-59,-95,1,12.4,0.9,5,-48,-9,7.955,0.058,5.59,8.01,0.18,0.06,241.4075,21.892777777777777,44.937088,33.862522,58.26652,PM*,G,5997.910762555094,56.26732865633687,1.0838737549583642e-07
HD 144579, ,16,4,56.7,+,39,9,23,62,48,6.664,0.456,2.55,0.0,3.72,-0.65,14,5.88,0.41,0.0,0.0,0.0,0.77,0.73,0.82,-59.9,0.1,0.3,238,6875,1.0,2,-572,52,1,69.6,0.6,-36,-59,-19,7.996,0.011,5.06,8.12,0.23,0.18,241.23625,39.15638888888888,4.3979297,8.271301,10.404028,PM*,G,5248.074602497728,9.367828237043156,8.530582754009961e-06
HD 144821, ,16,8,16.5,-,13,46,8,359,27,7.521,0.365,2.621,0.015,3.772,-0.25,76,3.11,1.83,4.5,3.9,5.3,1.19,1.14,1.3,-0.3,0.2,0.3,3,4215,0.35,6,-119,-85,2,13.1,0.9,-6,-51,11,7.932,0.035,5.43,7.93,0.19,0.29,242.06875,-13.76888888888889,67.706184,-1.1818296,34.503277,PM*,G,5915.616341754737,67.71649779075473,1.857713342727478e-07
HD 144988, ,16,10,0.5,-,35,38,33,342,12,7.175,0.383,2.608,0.018,3.762,-0.38,73,2.86,2.42,3.7,3.1,4.6,1.29,1.16,1.36,-53.2,0.2,0.4,5,3663,0.144,4,28,-76,2,13.7,1.1,-48,3,-37,7.932,0.015,7.33,9.29,0.12,0.54,242.5020833333333,-35.6425,67.90998,-22.065287,15.177554,PM*,G,5780.960474057181,71.40477766923422,1.3151603295780848e-07
HD 145229, ,16,9,26.6,+,11,34,28,24,41,7.451,0.376,2.603,0.0,3.764,-0.2,33,4.86,0.22,4.5,0.0,12.3,0.96,0.88,1.03,-36.4,0.1,0.3,10,3800,0.875,4,-100,103,2,30.3,1.0,-41,-10,-8,7.977,0.022,7.14,8.61,0.09,0.03,242.3608333333333,11.574444444444444,22.75223,10.129946,21.649948,PM*,G,5807.644175213118,24.90541659831885,2.0843886533432196e-06
HD 145377, ,16,11,36.4,-,27,4,41,349,18,8.126,0.381,2.612,0.009,3.765,-0.05,55,4.41,0.51,7.5,3.6,10.9,1.01,0.96,1.08,11.1,0.2,0.3,4,775,0.622,5,24,12,2,18.1,1.1,12,4,1,7.948,0.017,7.66,8.93,0.08,0.13,242.90166666666664,-27.078055555555554,51.34706,-9.980866,16.995935,*,G,5821.032177708716,52.3081089005668,1.1193829828386824e-06
HD 145518, ,16,12,2.4,-,18,13,57,356,24,7.418,0.383,2.609,0.001,3.762,-0.09,34,4.79,0.24,5.6,0.0,12.1,0.98,0.9,1.05,-12.4,0.1,0.3,7,2106,0.446,4,40,-35,2,29.8,1.0,-8,1,-13,7.969,0.013,7.96,8.35,0.02,0.08,243.01,-18.2325,30.984884,-2.1666713,13.829046,PM*,G,5780.960474057181,31.060545729521557,1.8922508123754359e-06
HD 145666, ,16,15,4.1,-,56,22,28,328,-4,7.8,0.384,2.606,0.005,3.761,-0.13,41,4.71,0.37,8.4,1.5,13.5,0.96,0.9,1.04,-8.7,0.1,0.3,6,2149,0.431,2,-213,-223,5,24.1,1.0,-39,-47,-2,7.965,-0.003,5.53,8.15,0.19,0.07,243.7670833333333,-56.37444444444444,34.685276,-21.673765,-2.8600154,PM*,G,5767.664633922509,40.90012787842357,1.6942547049835658e-06
HD 145809, ,16,13,40.3,-,21,23,59,353,21,6.686,0.396,2.571,0.0,3.756,-0.2,39,3.73,1.53,8.1,7.3,9.0,1.06,1.02,1.1,20.7,0.1,0.2,5,1859,0.735,3,-122,9,1,25.6,0.9,11,-15,24,7.964,0.014,7.16,8.28,0.07,0.55,243.41791666666663,-21.399722222222223,36.138245,-4.4372215,13.97635,PM*,G,5701.642722807472,36.40963727256957,4.375006477474418e-07
HD 145825, ,16,14,11.9,-,31,39,49,346,14,6.563,0.395,2.597,-0.012,3.76,0.17,22,4.86,0.0,0.2,0.0,7.6,1.05,1.0,1.08,-20.8,0.2,0.2,4,1774,0.719,3,-78,-257,2,45.7,0.9,-22,-20,-18,7.979,0.005,7.02,8.06,0.07,0.16,243.5495833333333,-31.66361111111111,20.712425,-5.1641846,5.322282,PM*,G,5754.399373371566,21.346506785970913,2.0843886533432196e-06
HD 146044, ,16,10,47.2,+,59,40,31,91,43,8.108,0.436,2.572,0.0,3.736,-0.25,41,5.05,0.68,0.0,12.4,0.0,0.85,0.83,0.89,-68.0,0.2,0.2,2,670,0.651,1,-39,-117,2,24.5,0.7,19,-60,-35,8.001,0.028,5.04,8.16,0.24,0.48,242.69666666666663,59.67527777777777,-0.52331746,29.980936,27.961931,PM*,G,5445.026528424214,29.985502907238974,2.710058715874637e-06
HD 146070, ,16,15,19.0,-,27,12,36,349,17,7.539,0.388,2.607,0.003,3.76,-0.07,36,4.74,0.32,7.6,0.0,12.9,0.97,0.9,1.05,-23.5,0.2,0.3,5,1805,0.325,3,-62,-135,1,27.6,0.9,-24,-20,-15,7.966,0.011,6.99,8.08,0.07,0.11,243.82916666666665,-27.21,33.79445,-6.5689816,10.525381,PM*,G,5754.399373371566,34.42697154940641,1.7659512088359783e-06
HD 146124,*,16,16,53.0,-,49,51,24,333,1,7.63,0.456,0.0,0.0,3.732,0.11,28,5.4,0.14,0.0,0.0,0.0,0.94,0.85,0.99,10.8,0.2,0.1,2,1182,0.975,2,-18,-33,1,35.8,1.0,8,-9,-1,7.975,0.0,7.45,8.31,0.05,0.09,244.22083333333327,-49.85666666666667,24.944384,-12.709799,0.48866737,*,G,5395.1062251512785,27.99573688545913,4.395200589841064e-06
HD 146481, ,16,19,20.8,-,54,30,48,330,-3,7.094,0.418,2.587,0.037,3.761,-0.27,44,3.72,1.49,8.1,7.2,9.1,1.04,1.01,1.08,90.0,0.1,0.3,5,4406,0.433,2,145,-99,2,22.8,0.9,81,-37,-39,7.962,-0.002,5.31,9.77,0.3,0.65,244.83666666666664,-54.513333333333335,38.05289,-21.969856,-2.3027823,PM*,G,5767.664633922509,43.93969742741563,4.3149791382366836e-07
HD 146588, ,16,16,14.5,+,19,31,29,35,43,7.81,0.354,2.588,-0.011,3.771,-0.58,45,4.53,0.69,8.5,2.8,12.9,0.92,0.85,1.0,2.0,0.3,0.5,3,406,0.348,4,31,266,1,22.1,1.0,-38,42,11,7.973,0.031,7.84,11.72,0.2,0.35,244.06041666666664,19.52472222222222,26.959044,18.876926,30.689924,PM*,G,5902.010801718442,32.910915949019284,1.321230833841885e-06
HD 146775, ,16,19,8.4,-,28,17,37,349,15,7.682,0.379,2.61,-0.007,3.767,0.11,41,4.61,0.14,3.0,0.0,8.0,1.07,1.01,1.12,-30.4,0.1,0.2,5,1805,0.786,2,52,-255,2,24.3,1.0,-23,-26,-48,7.961,0.011,6.82,8.05,0.08,0.77,244.785,-28.29361111111111,38.87534,-7.5566072,10.611581,PM*,G,5847.900841444806,39.602959138058004,1.4756341601524642e-06
HD 146817, ,16,19,59.5,-,40,49,5,340,7,7.726,0.419,2.585,0.0,3.746,-0.11,47,4.39,1.02,13.8,11.0,16.0,0.94,0.9,0.97,30.6,0.1,0.2,5,1860,0.62,3,43,-115,1,21.5,0.9,28,-22,-20,7.957,0.005,6.56,8.55,0.13,0.2,244.99791666666664,-40.81805555555556,43.836346,-15.955137,5.7278595,PM*,G,5571.857489319298,46.649669101939885,1.088876688899508e-06
HD 146851, ,16,19,22.5,-,25,45,38,351,17,8.16,0.442,2.583,0.0,3.736,-0.01,37,5.34,0.2,0.0,0.0,0.0,0.87,0.84,0.97,-11.0,0.1,0.3,5,1859,0.387,2,-92,-36,2,27.3,1.1,-15,-13,4,7.965,0.011,7.45,7.99,0.04,0.16,244.84375,-25.760555555555555,34.947647,-5.5351596,10.817753,PM*,G,5445.026528424214,35.383273204073156,4.045560500688487e-06
HD 147044, ,16,18,5.8,+,34,28,57,56,46,7.507,0.387,2.611,0.007,3.762,-0.02,36,4.72,0.25,6.1,0.0,11.5,1.0,0.93,1.07,-14.8,0.2,0.2,2,382,0.494,1,-56,-68,2,27.7,0.8,1,-21,-5,7.986,0.026,7.01,8.06,0.07,0.05,244.52416666666664,34.4825,13.984129,20.732325,25.896233,PM*,G,5780.960474057181,25.007702089441683,1.7178241357207713e-06
HD 147062, ,16,19,25.9,+,5,32,17,19,36,7.595,0.388,2.608,0.011,3.766,0.05,65,3.52,1.3,5.5,4.6,6.5,1.17,1.12,1.27,-47.5,0.2,0.1,2,382,0.816,5,-32,-23,2,15.3,0.9,-36,-24,-24,7.95,0.039,6.65,8.23,0.11,0.26,244.85791666666665,5.538055555555555,49.721138,17.120361,38.20604,*,G,5834.451042737448,52.58610391334735,3.2732464109851e-07
HD 147231, ,16,14,50.2,+,70,55,46,104,38,7.836,0.443,2.585,0.0,3.734,-0.23,41,4.79,0.96,0.0,0.0,0.0,0.0,0.0,0.0,-16.4,0.1,0.2,7,4116,0.787,2,-2,-288,2,24.6,0.6,54,-17,11,8.008,0.025,6.35,9.45,0.2,0.32,243.70916666666665,70.92944444444444,-7.8161187,31.348742,25.24212,PM*,G,5420.008904016238,32.30844063886485,1.8922508123754359e-06
HD 147513, ,16,24,1.2,-,39,11,34,342,7,5.374,0.397,2.605,0.009,3.756,-0.08,13,4.83,0.33,8.5,0.0,14.5,0.95,0.88,1.03,12.6,0.1,0.2,7,1745,0.707,3,72,3,1,77.7,0.9,13,-1,-1,7.988,0.002,7.57,8.74,0.07,0.09,246.005,-39.19277777777778,12.271578,-3.9872766,1.5843015,PM*,G,5701.642722807472,12.90310045279783,1.999763790342133e-06
HD 147528, ,16,22,7.0,+,12,12,52,27,39,8.182,0.356,2.611,0.006,3.773,-0.36,51,4.65,0.36,5.4,0.0,11.3,0.96,0.89,1.03,-7.0,0.2,0.2,4,2292,0.847,6,65,-68,2,19.7,1.1,11,-4,-21,7.965,0.032,7.54,8.54,0.06,0.21,245.52916666666664,12.214444444444444,35.31455,17.993662,32.09534,PM*,G,5929.2532458,39.63444605230082,1.559476017642916e-06
HD 147572, ,16,20,16.5,+,49,3,7,76,45,8.139,0.352,2.623,0.009,3.779,-0.21,101,3.12,1.62,4.4,3.8,5.1,1.19,1.14,1.33,-21.7,0.3,0.4,2,741,0.309,1,-59,52,2,9.9,0.7,-36,-25,2,7.983,0.071,6.64,8.27,0.11,0.15,245.06874999999997,49.051944444444445,17.277527,69.29637,71.417786,PM*,G,6011.737374832779,71.41778374055463,1.8835567096263446e-07
HD 148156, ,16,28,17.2,-,46,19,3,337,2,7.704,0.349,2.635,0.006,3.785,0.16,53,4.09,0.17,2.7,0.0,4.6,1.19,1.15,1.23,-2.0,0.2,0.4,3,621,0.248,6,44,27,1,18.9,1.0,3,12,-3,7.951,0.002,7.87,9.21,0.08,0.06,247.07166666666663,-46.3175,48.757042,-20.696133,1.8496733,PM*,G,6095.368972401694,52.967717203438674,7.194136940441091e-07
HD 148317, ,16,26,39.2,+,15,58,21,32,39,6.702,0.4,2.619,0.033,3.779,0.23,80,2.04,2.3,2.0,1.4,2.2,1.73,1.69,1.82,-37.9,0.3,0.0,1,0,0.0,3,1,-2,2,12.5,0.8,-24,-16,-25,7.947,0.05,7.2,8.1,0.06,0.27,246.6633333333333,15.9725,52.72457,32.94597,50.34563,*,G,6011.737374832779,62.171675391015484,4.2362218931380014e-08
HD 148329, ,16,24,17.4,+,55,19,55,85,43,6.935,0.377,2.592,-0.001,3.764,-0.26,43,3.79,1.34,8.5,7.4,9.4,1.03,1.0,1.07,-43.2,0.3,0.5,3,2648,0.127,3,-3,-325,2,23.5,0.6,59,-49,-17,7.997,0.029,5.13,8.95,0.27,0.16,246.0725,55.331944444444446,2.7408938,31.32854,29.325928,PM*,G,5807.644175213118,31.44821008188667,4.7531191406188385e-07
HD 148577, ,16,29,43.2,-,18,40,50,358,20,7.939,0.416,2.595,0.0,3.748,-0.1,54,4.29,1.07,12.2,9.8,14.7,0.95,0.91,1.0,62.2,0.1,0.4,8,2226,0.367,2,81,-239,1,18.6,1.2,77,-35,-29,7.95,0.018,5.38,9.65,0.28,0.38,247.43,-18.68055555555556,50.71249,-1.7709243,18.469088,PM*,G,5597.576014951104,50.743401688066115,9.483719499834043e-07
HD 148587, ,16,33,5.5,-,63,50,32,325,-11,7.385,0.375,2.607,0.02,3.773,-0.26,46,3.99,0.93,8.9,5.6,10.4,1.01,0.98,1.08,42.0,0.2,0.4,4,3210,0.129,4,-449,-189,2,21.8,0.9,-13,-107,37,7.963,-0.009,3.18,7.96,0.43,0.91,248.27291666666665,-63.84222222222223,36.98868,-25.899763,-8.777214,PM*,G,5929.2532458,45.15484660142884,6.265831336282235e-07
HD 148729, ,16,30,25.6,-,10,26,28,5,25,7.466,0.371,2.621,0.006,3.774,0.13,55,3.78,0.77,3.8,3.2,5.4,1.22,1.15,1.27,20.6,0.2,0.1,2,615,0.803,5,-132,-80,2,18.3,1.0,16,-35,23,7.951,0.023,6.15,8.16,0.14,0.52,247.60666666666663,-10.44111111111111,49.657246,4.3444457,23.244005,PM*,G,5942.921586155727,49.84692857884791,4.6879039011534105e-07
HD 149026, ,16,30,29.6,+,38,20,50,61,43,8.163,0.38,2.619,0.016,3.77,0.04,79,3.68,1.05,5.8,3.3,7.2,1.14,1.09,1.24,-18.1,0.4,0.0,1,0,0.0,7,-78,53,2,12.7,0.8,-32,-21,10,7.972,0.054,6.86,8.23,0.09,0.26,247.6233333333333,38.34722222222222,28.010815,50.532852,53.877865,PM*,G,5888.43655355589,57.77694080009887,4.082993611117695e-07
HD 149105, ,16,30,14.9,+,47,57,8,74,43,6.982,0.386,2.598,0.007,3.76,-0.38,51,3.45,1.87,6.7,6.1,7.3,1.09,1.04,1.13,-47.5,0.2,0.1,3,4295,0.895,5,-94,-276,1,19.7,0.6,47,-70,-11,7.99,0.035,4.42,8.5,0.32,0.07,247.5620833333333,47.95222222222223,10.281011,35.854137,34.781914,PM*,G,5754.399373371566,37.2990392261904,2.971520292224332e-07
HD 149222, ,16,29,1.1,+,64,47,12,96,39,7.695,0.381,2.611,0.009,3.768,0.03,62,3.74,1.04,6.5,4.3,7.6,1.12,1.09,1.17,-34.3,0.3,0.2,2,701,0.677,5,-137,113,1,16.2,0.6,-40,-48,-2,8.005,0.039,5.54,8.21,0.19,0.09,247.25458333333333,64.78666666666666,-5.0365024,47.9191,39.017864,PM*,G,5861.3816451402845,48.183052012457715,4.435868880183037e-07
HD 149724, ,16,36,48.5,-,6,17,39,10,26,7.854,0.46,0.0,0.0,3.735,0.29,56,4.12,1.24,9.6,5.0,11.5,1.07,1.02,1.17,-33.6,0.2,0.3,2,733,0.316,3,-21,-2,1,17.9,1.1,-31,-10,-11,7.951,0.025,7.34,8.35,0.06,0.06,249.20208333333332,-6.2941666666666665,49.567802,8.740141,24.548784,*,G,5432.503314924331,50.33246526657606,7.49857432246398e-07
HD 149894, ,16,38,46.7,-,29,53,33,351,11,8.222,0.372,2.594,0.006,3.764,-0.43,47,4.87,0.4,6.2,0.0,14.1,0.91,0.83,0.99,-27.0,0.2,0.4,5,1855,0.381,2,119,-86,3,21.4,1.1,-19,5,-37,7.955,0.009,7.89,8.79,0.05,0.54,249.69458333333327,-29.8925,45.568462,-7.2173305,8.968023,PM*,G,5807.644175213118,46.13647785203888,2.1133853879250417e-06
HD 150248, ,16,41,49.7,-,45,22,7,339,1,7.026,0.418,2.607,0.028,3.745,-0.22,28,4.76,0.76,16.0,11.3,0.0,0.87,0.85,0.91,65.6,0.2,0.6,5,1857,0.011,2,64,-95,1,35.2,1.0,61,-26,-14,7.973,0.0,5.9,9.35,0.23,0.1,250.4570833333333,-45.36861111111112,26.13627,-10.032778,0.48866737,PM*,G,5559.042572704037,27.99573617374946,1.8154266243795335e-06
HD 150256, ,16,39,1.8,+,21,41,16,40,38,7.961,0.396,2.603,0.016,3.758,-0.37,135,2.31,3.05,2.6,2.0,3.1,1.37,1.33,1.43,-25.2,0.3,0.2,2,370,0.676,6,-1,-29,1,7.4,0.9,-1,-24,-20,7.919,0.084,6.78,7.96,0.08,0.21,249.75749999999996,21.68777777777778,81.49292,68.38068,83.1143,*,G,5727.960309858292,106.38145236547957,6.151467025705241e-08
HD 150698, ,16,43,51.4,-,26,48,32,354,12,6.725,0.418,2.611,0.0,3.751,0.02,47,3.37,1.82,5.0,4.4,5.7,1.2,1.16,1.27,47.9,0.2,0.4,4,774,0.205,4,-19,-101,2,21.3,0.9,47,-24,1,7.954,0.01,6.16,8.99,0.19,0.12,250.9641666666666,-26.80888888888889,45.721092,-4.805489,9.77185,PM*,G,5636.376558259543,45.9729374545676,2.6605945697733073e-07
HD 150706, ,16,31,17.5,+,79,47,23,113,33,7.003,0.389,2.603,0.008,3.759,-0.18,27,4.83,0.35,8.0,0.0,15.0,0.93,0.86,1.02,-17.3,0.1,0.3,12,4048,0.67,4,95,-89,1,36.7,0.6,20,-5,-13,8.009,0.015,7.37,8.79,0.09,0.09,247.82291666666663,79.78972222222222,-8.847757,20.844007,14.705255,PM*,G,5741.164622073275,22.64410368610553,1.999763790342133e-06
HD 151084, ,16,38,10.4,+,73,19,35,106,35,8.102,0.344,2.648,0.03,3.801,0.0,91,3.18,0.86,2.5,2.0,2.9,1.34,1.3,1.39,-29.5,0.2,0.3,4,1553,0.597,9,-22,39,2,11.0,0.6,-12,-29,-16,8.02,0.052,6.61,8.02,0.1,0.13,249.5433333333333,73.32638888888889,-20.546791,71.655174,52.195457,*,G,6324.118513762197,74.54283722375985,2.0463442728739028e-07
HD 151192, ,16,46,34.3,-,17,35,42,2,18,8.191,0.432,2.563,0.0,3.734,-0.52,35,5.48,0.47,0.0,0.0,0.0,0.8,0.77,0.87,41.4,0.2,0.3,5,1852,0.603,2,193,-100,2,28.7,1.2,50,8,-21,7.967,0.011,7.03,10.24,0.19,0.23,251.6429166666666,-17.595,33.2667,1.1616988,10.815595,PM*,G,5420.008904016238,33.28697752863605,4.9088380054169274e-06
HD 151450, ,16,48,1.8,-,15,57,50,3,18,7.437,0.35,2.617,-0.009,3.78,0.01,43,4.26,0.25,3.8,0.0,6.6,1.1,1.04,1.17,57.4,0.1,0.3,6,2433,0.469,4,78,-93,2,23.2,1.0,62,-1,-4,7.959,0.014,6.61,10.23,0.21,0.06,252.0075,-15.963888888888889,40.839386,2.1403017,13.287731,PM*,G,6025.595860743575,40.89543177696035,9.09868647726075e-07
HD 151625, ,16,47,24.8,+,28,23,55,49,38,7.966,0.423,2.6,0.043,3.767,0.01,119,2.4,2.42,2.5,2.0,3.1,1.5,1.35,1.59,-38.2,0.3,0.1,2,707,0.863,4,52,9,2,8.4,1.0,-18,-2,-45,7.939,0.074,7.85,8.35,0.03,0.7,251.85333333333327,28.398611111111112,61.52081,70.7716,73.26372,PM*,G,5847.900841444806,93.77328739900345,6.965923494340181e-08
HD 151798, ,16,50,5.1,-,12,23,14,7,20,7.94,0.39,2.602,0.001,3.758,-0.13,41,4.85,0.3,7.7,0.0,14.4,0.94,0.87,1.02,-18.0,0.1,0.5,23,2889,0.182,12,-73,-104,2,24.1,1.0,-14,-27,-6,7.961,0.014,6.69,7.97,0.09,0.02,252.52124999999995,-12.387222222222222,38.24022,4.6953087,14.022825,PM*,G,5727.960309858292,38.527397387270994,2.055789768874886e-06
HD 151928, ,16,51,33.3,-,29,24,34,353,9,8.289,0.366,2.603,-0.006,3.774,-0.04,101,3.27,1.43,4.7,2.8,6.0,1.19,1.11,1.3,-10.9,0.2,0.3,3,2863,0.483,5,-20,12,2,8.7,1.2,-13,0,9,7.901,0.016,7.89,8.27,0.02,0.25,252.88875,-29.409444444444443,99.012955,-12.15727,15.799882,*,G,5942.921586155727,99.7565259603848,2.3172809979074063e-07
HD 152260, ,17,0,54.6,-,76,13,7,316,-20,6.926,0.336,2.644,0.015,3.791,-0.07,56,3.17,1.16,2.8,2.5,3.2,1.33,1.28,1.37,-15.5,0.2,0.1,2,449,0.713,12,-34,-159,1,17.7,0.7,-42,-16,-9,7.962,-0.019,6.89,8.52,0.11,0.04,255.2275,-76.21861111111112,37.853657,-36.554867,-19.153128,PM*,G,6180.164001384158,52.62278641103432,2.0182673768744495e-07
HD 152264, ,16,51,12.8,+,29,34,15,51,38,7.727,0.395,2.613,0.04,3.777,-0.17,64,3.52,1.23,5.8,4.7,6.9,1.13,1.08,1.18,-27.7,0.2,0.1,2,696,0.904,5,94,-68,2,15.6,0.8,9,-10,-43,7.968,0.039,7.41,8.37,0.06,0.64,252.8033333333333,29.570833333333333,31.73832,39.19356,39.402336,PM*,G,5984.115950603199,50.43268882278635,3.2732464109851e-07
HD 152305, ,16,51,15.2,+,34,17,21,57,39,8.031,0.4,2.616,0.027,3.774,0.18,73,3.6,0.91,3.4,2.9,5.4,1.28,1.24,1.32,-13.5,0.2,0.3,2,677,0.417,4,-50,109,3,13.7,0.7,-43,-2,10,7.969,0.046,7.34,8.94,0.1,0.28,252.8133333333333,34.28916666666667,30.898275,47.57917,45.940388,PM*,G,5942.921586155727,56.73165620590082,3.655768617358884e-07
HD 152322, ,16,57,6.0,-,64,11,19,326,-13,8.014,0.379,2.622,0.009,3.765,0.02,46,4.72,0.14,2.9,0.0,9.5,1.02,0.95,1.08,18.1,0.2,0.1,4,3210,0.916,4,9,-36,2,21.9,1.0,11,-13,-10,7.963,-0.01,7.2,8.28,0.07,0.04,254.27499999999995,-64.18861111111111,37.158306,-25.063608,-10.347748,*,G,5821.032177708716,44.82102353547161,1.7178241357207713e-06
HD 152391, ,16,52,58.8,-,0,1,34,18,26,6.608,0.456,2.573,0.0,3.728,-0.06,17,5.46,0.28,0.0,0.0,0.0,0.85,0.82,0.93,44.8,0.1,0.2,15,5572,0.992,3,-709,-1484,2,59.0,0.9,85,-111,9,7.986,0.007,2.79,9.0,0.53,0.29,253.24499999999995,-0.0261111111111111,14.531668,4.721625,7.4523096,PM*,G,5345.643593969719,15.279499910103373,4.775058541740164e-06
HD 152429, ,16,54,20.6,-,25,49,45,356,11,7.22,0.336,2.633,-0.006,3.794,0.19,65,3.14,0.89,2.4,2.0,2.8,1.4,1.34,1.45,-22.6,0.2,0.2,3,2863,0.703,8,-73,-40,1,15.3,1.2,-25,-22,5,7.936,0.013,6.84,8.06,0.08,0.19,253.58583333333328,-25.829166666666666,63.65034,-4.4508595,12.402585,PM*,G,6223.002851691595,63.80576723466571,1.9363269959413497e-07
HD 153075, ,17,0,31.6,-,57,17,49,332,-9,7.008,0.39,2.592,0.025,3.753,-0.76,31,4.52,1.19,15.5,11.6,0.0,0.82,0.8,0.85,99.3,0.1,0.3,6,1897,0.587,5,-163,-297,2,31.8,0.9,63,-89,-23,7.973,-0.005,3.6,8.67,0.41,0.25,255.13166666666663,-57.29694444444444,27.03439,-14.374437,-4.8494687,PM*,G,5662.3928903825345,30.6183389774669,1.303102867201668e-06
HD 153205, ,16,54,3.1,+,61,38,47,91,37,8.183,0.419,2.595,0.027,3.762,0.07,89,3.31,1.59,4.6,4.2,5.3,1.24,1.18,1.29,-40.3,0.2,0.2,3,2204,0.688,3,22,35,2,11.2,0.6,-12,-25,-34,8.002,0.054,6.88,8.0,0.08,0.45,253.5129166666666,61.646388888888886,-1.2404879,71.06773,53.561535,*,G,5780.960474057181,71.07855553950816,2.448943132356654e-07
HD 153276, ,16,58,58.0,-,15,48,43,5,16,8.228,0.375,2.599,-0.009,3.769,0.06,56,4.47,0.27,4.7,0.0,8.5,1.07,1.0,1.13,3.8,0.3,0.4,2,977,0.25,3,-14,-56,1,17.7,1.0,7,-14,-4,7.946,0.016,7.24,8.17,0.06,0.05,254.74166666666665,-15.811944444444444,53.625813,4.6916504,15.435692,PM*,G,5874.893525297769,53.83065486678375,1.2161263551968444e-06
HD 153344, ,16,54,45.9,+,62,5,59,92,37,7.079,0.431,2.596,0.0,3.741,-0.19,40,4.07,1.51,11.6,10.6,12.8,0.97,0.94,1.01,-90.1,0.2,0.3,2,28,0.401,2,-332,-55,2,25.0,0.5,1,-110,-4,8.001,0.024,3.01,8.01,0.45,0.05,253.69125,62.09972222222223,-1.114878,31.92596,24.0726,PM*,G,5508.076964054036,31.94542024886328,6.998076736285392e-07
HD 153361, ,16,59,44.3,-,18,14,53,3,15,6.639,0.351,2.619,-0.001,3.782,-0.06,51,3.11,1.42,2.9,2.5,4.5,1.35,1.28,1.4,-3.4,0.2,0.3,5,3930,0.421,7,-25,-141,1,19.7,0.8,2,-31,-15,7.951,0.013,6.42,8.01,0.11,0.12,254.9345833333333,-18.24805555555556,49.194702,2.5781853,13.199771,PM*,G,6053.408747539136,49.26221416369691,1.857713342727478e-07
HD 153386, ,17,2,28.2,-,56,40,47,333,-9,7.464,0.362,2.629,0.016,3.775,-0.13,85,2.8,1.96,3.5,2.4,4.0,1.36,1.29,1.44,-63.4,0.2,0.2,4,3633,0.602,5,-72,-111,2,11.7,0.9,-80,-20,5,7.925,-0.013,6.09,9.46,0.22,0.21,255.6175,-56.67972222222222,74.80313,-38.114098,-13.29693,PM*,G,5956.621435290103,83.95351525785269,1.2105387621469116e-07
HD 153421, ,17,0,40.4,-,27,47,32,355,9,8.191,0.363,2.599,0.003,3.769,-0.34,47,4.84,0.25,2.8,0.0,11.2,0.95,0.87,1.01,-9.8,0.2,0.3,4,4846,0.477,2,102,19,2,21.4,1.2,-6,17,-17,7.954,0.007,7.95,9.49,0.09,0.15,255.1683333333333,-27.792222222222225,46.244705,-4.045901,7.3524203,PM*,G,5874.893525297769,46.4213534425573,2.0275832758118263e-06
HD 153451, ,16,58,15.2,+,34,43,4,57,37,8.277,0.303,2.67,0.019,3.805,-0.15,92,3.46,0.63,2.8,2.0,3.4,1.24,1.18,1.3,-24.2,1.8,0.0,1,0,0.0,40,-18,-22,2,10.9,0.8,-3,-25,-10,7.961,0.056,6.78,7.98,0.08,0.07,254.56333333333328,34.717777777777776,40.017067,61.620876,55.366978,*,G,6382.634861905489,73.47447182722625,3.0128582572338447e-07
HD 153458, ,17,0,1.6,-,7,31,53,12,21,7.976,0.405,2.586,0.0,3.755,0.05,44,4.78,0.3,7.3,0.0,12.7,0.99,0.92,1.06,0.3,0.2,0.4,6,2104,0.199,3,98,-20,2,22.9,1.1,5,9,-18,7.96,0.015,7.83,9.05,0.07,0.17,255.00666666666663,-7.531388888888888,40.179897,8.540501,15.768189,PM*,G,5688.529308438413,41.0775398516222,1.8662881579148912e-06
HD 153701, ,17,0,28.6,+,15,9,33,35,31,8.018,0.425,2.582,0.0,3.742,-0.14,37,5.16,0.36,0.0,0.0,0.0,0.87,0.83,0.95,-17.4,0.2,0.4,2,1071,0.322,2,48,129,1,26.8,1.0,-27,11,-8,7.974,0.019,7.85,9.22,0.08,0.03,255.11916666666664,15.159166666666668,25.979565,18.191086,19.056408,PM*,G,5520.774392807573,31.715192060724164,3.1548498923804364e-06
HD 154159, ,16,57,13.3,+,71,27,47,103,35,8.149,0.391,2.603,0.009,3.759,-0.12,51,4.63,0.49,9.3,4.7,13.9,0.96,0.9,1.02,-16.9,0.2,0.2,3,2225,0.591,3,-191,85,1,19.8,0.7,-25,-42,21,8.009,0.029,5.97,8.07,0.15,0.48,254.30541666666664,71.46305555555556,-9.397724,40.70602,29.2524,PM*,G,5741.164622073275,41.77675526678174,1.5169759667089017e-06
HD 154345, ,17,2,36.4,+,47,4,54,73,38,6.771,0.449,2.565,0.0,3.73,-0.16,18,5.49,0.29,0.0,0.0,0.0,0.83,0.8,0.92,-47.3,0.1,0.1,16,3618,1.0,2,123,856,2,55.4,0.6,-79,-9,-36,7.996,0.011,6.5,9.9,0.21,0.56,255.65166666666667,47.08166666666667,4.147058,13.564411,11.081907,PM*,G,5370.317963702527,14.184193168181437,4.977126744429156e-06
HD 154682, ,17,8,32.7,-,36,38,34,349,2,7.693,0.384,2.603,0.006,3.763,-0.1,46,4.39,0.62,8.4,5.0,12.1,0.99,0.95,1.05,7.6,0.1,0.2,5,1774,0.829,3,43,-83,2,21.8,1.1,7,-10,-18,7.955,0.002,7.4,8.24,0.05,0.16,257.13625,-36.64277777777778,45.127342,-8.771874,1.6053768,PM*,G,5794.286964268809,45.971978089449664,1.088876688899508e-06
HD 154931, ,17,8,21.4,+,4,25,28,25,25,7.259,0.389,2.591,-0.01,3.761,-0.12,55,3.56,1.52,6.5,5.6,7.6,1.12,1.08,1.17,-18.9,0.2,0.2,4,3686,0.769,3,-52,-203,1,18.2,1.0,12,-53,-20,7.955,0.023,5.31,8.05,0.21,0.19,257.08916666666664,4.424444444444445,45.17666,21.066223,23.244005,PM*,G,5767.664633922509,49.84692929600909,3.459224119099821e-07
HD 155059, ,17,7,8.0,+,44,15,19,70,37,8.073,0.376,2.635,0.045,3.793,0.0,130,2.31,1.91,1.9,1.6,2.2,1.58,1.49,1.66,-8.2,0.2,0.3,4,1061,0.718,6,-59,-32,1,7.7,0.7,11,-33,23,7.964,0.078,6.3,8.11,0.13,0.53,256.7833333333333,44.25527777777778,35.50943,97.561356,78.23595,PM*,G,6208.690342300638,103.82262664507981,6.151467025705241e-08
HD 155107, ,17,10,12.3,-,16,10,22,6,14,8.238,0.367,2.594,-0.006,3.768,-0.37,70,4.01,1.12,8.9,6.2,11.8,0.99,0.93,1.04,90.5,0.2,0.2,2,668,0.58,5,28,-136,2,0.0,0.0,99,-21,-10,7.932,0.017,5.49,10.79,0.33,0.05,257.55125,-16.172777777777778,67.54862,7.0996466,16.934532,PM*,G,5861.3816451402845,67.92069674075267,6.441376735009708e-07
HD 155114, ,17,11,51.2,-,45,52,27,342,-4,7.53,0.396,2.609,0.013,3.756,-0.12,35,4.79,0.4,9.5,2.5,15.4,0.94,0.87,1.02,12.3,0.2,0.4,7,2980,0.133,4,-61,-103,1,28.3,1.0,6,-23,-2,7.966,-0.002,6.84,8.1,0.08,0.07,257.9633333333333,-45.87416666666667,33.205894,-10.789247,-2.4414766,PM*,G,5701.642722807472,34.91474254761511,1.8922508123754359e-06
HD 155358, ,17,9,34.6,+,33,21,21,56,35,7.282,0.367,2.587,-0.001,3.764,-0.72,43,4.09,1.37,11.9,9.5,14.1,0.89,0.86,0.93,-9.1,0.3,0.1,3,395,0.921,2,-221,-218,2,23.0,0.7,29,-53,24,7.98,0.025,5.28,8.3,0.22,0.56,257.39416666666665,33.35583333333334,19.696753,29.201637,24.663788,PM*,G,5807.644175213118,35.223538752129635,7.194136940441091e-07
HD 155579, ,17,11,12.1,+,30,57,22,54,34,8.098,0.304,2.671,0.025,3.816,-0.16,84,3.37,0.49,2.2,1.3,2.9,1.28,1.23,1.34,-7.4,0.7,1.0,2,1915,0.317,21,7,51,2,11.9,0.8,-21,6,-2,7.959,0.047,7.88,8.78,0.05,0.09,257.80041666666665,30.95611111111111,40.93287,56.339264,46.972202,PM*,G,6546.361740672747,69.63915934658169,2.6605945697733073e-07
HD 155859, ,17,5,59.9,+,75,6,12,107,33,7.379,0.369,2.614,0.013,3.769,-0.29,49,3.92,1.12,8.9,7.6,10.3,1.01,0.98,1.05,-40.9,0.3,0.4,2,737,0.317,4,-110,1,2,20.3,0.6,6,-48,-2,8.012,0.027,5.61,8.07,0.18,0.08,256.49958333333325,75.10333333333332,-12.014974,39.299206,26.687313,PM*,G,5874.893525297769,41.09485603395043,5.68825032571083e-07
HD 155877, ,17,12,39.2,+,37,12,52,61,35,8.266,0.357,2.614,0.003,3.775,-0.49,114,2.99,2.08,4.6,3.8,5.5,1.16,1.1,1.22,-11.1,0.2,0.4,4,1853,0.532,3,-23,-45,2,8.8,0.7,16,-25,0,7.955,0.065,6.61,8.23,0.11,0.13,258.1633333333333,37.214444444444446,45.273132,81.674904,65.38772,PM*,G,5956.621435290103,93.38333054940072,1.5739056715734894e-07
HD 155918, ,17,22,12.6,-,75,20,53,317,-21,7.013,0.386,2.587,0.017,3.754,-0.66,28,4.78,0.85,14.6,7.7,0.0,0.82,0.8,0.87,59.7,0.2,0.5,4,4641,0.064,5,-958,-253,2,35.8,0.7,6,-127,69,7.981,-0.01,2.64,8.01,0.5,2.45,260.55249999999995,-75.34805555555555,19.117771,-17.827606,-10.034303,PM*,G,5675.446054085472,26.140250643398144,1.8662881579148912e-06
HD 155921, ,17,12,22.9,+,43,44,14,69,36,7.243,0.43,2.587,0.025,3.752,-0.14,55,3.45,1.85,6.0,5.3,6.7,1.15,1.11,1.19,-46.4,0.2,0.3,2,674,0.349,2,32,180,1,18.3,0.6,-57,-16,-31,7.984,0.032,6.67,8.93,0.14,0.4,258.0954166666666,43.73722222222222,15.945918,41.54053,32.32819,PM*,G,5649.369748123023,44.49593165159736,2.971520292224332e-07
HD 156062, ,17,16,29.8,-,27,33,55,358,6,8.231,0.37,2.617,0.007,3.769,-0.13,59,4.38,0.52,7.2,3.6,10.6,1.01,0.96,1.07,43.3,0.3,0.3,2,1092,0.475,5,-73,-122,2,17.0,1.1,42,-41,2,7.942,0.006,5.59,8.59,0.21,0.14,259.1241666666666,-27.56527777777778,58.64105,-2.0477965,6.1671796,PM*,G,5874.893525297769,58.67679452396758,1.0739367406436191e-06
HD 156152, ,17,17,19.1,-,32,3,57,354,3,8.15,0.405,2.623,0.036,3.777,0.38,62,4.03,0.24,2.3,0.3,4.0,1.2,1.17,1.24,-39.3,0.3,0.4,2,1071,0.163,3,95,-106,2,16.1,1.1,-38,-6,-43,7.938,0.004,7.35,8.69,0.08,0.67,259.32958333333335,-32.06583333333333,61.57585,-6.4718947,3.2448294,PM*,G,5984.115950603199,61.91502825833473,6.621840265962693e-07
HD 156617, ,17,18,39.2,-,1,30,35,20,20,8.019,0.402,2.593,0.007,3.753,-0.26,59,4.16,1.22,11.9,10.0,14.1,0.95,0.91,1.01,-102.6,0.1,0.3,7,2687,0.499,2,-103,54,1,16.9,1.0,-100,-40,-5,7.948,0.02,5.18,9.61,0.3,0.04,259.6633333333333,-1.5097222222222222,52.09831,18.962233,20.179188,PM*,G,5662.3928903825345,55.441863110851436,7.92462463811988e-07
HD 156968, ,17,20,11.6,+,9,27,39,31,25,7.943,0.381,2.613,0.018,3.763,-0.23,55,4.23,0.9,10.8,6.9,13.2,0.98,0.95,1.03,-11.5,0.3,0.7,4,724,0.02,3,-25,-309,2,18.1,1.0,41,-64,-31,7.957,0.023,4.69,8.4,0.28,0.4,260.0483333333333,9.460833333333332,42.727158,25.673065,23.244005,PM*,G,5794.286964268809,49.846928664173376,8.729285552249458e-07
HD 157067, ,17,20,28.6,+,15,59,53,38,27,8.095,0.334,2.644,0.025,3.803,-0.18,114,2.71,1.46,2.3,2.0,2.7,1.4,1.31,1.48,-63.4,0.5,0.8,4,1840,0.627,28,-16,16,1,8.8,1.0,-52,-34,-19,7.92,0.052,5.98,8.41,0.17,0.19,260.1191666666666,15.998055555555554,80.04199,62.53566,51.754917,*,G,6353.309318517436,101.5747455561455,1.069002449529503e-07
HD 157068, ,17,20,36.2,+,15,9,33,37,27,7.133,0.38,2.625,0.034,3.787,0.05,135,1.33,2.98,0.0,0.0,0.0,0.0,0.0,0.0,-8.9,0.7,0.9,2,1159,0.369,26,11,-33,2,7.4,0.9,9,-14,-17,7.904,0.061,7.15,8.17,0.07,0.16,260.1508333333333,15.159166666666668,96.06458,72.38985,61.288715,*,G,6123.503917247734,120.28588409950231,1.5884688414480028e-08
HD 157347, ,17,22,51.2,-,2,23,17,20,18,6.287,0.425,2.596,0.0,3.745,-0.04,19,4.84,0.53,13.2,6.9,0.0,0.9,0.87,0.96,-36.5,0.1,0.4,28,3709,0.165,1,50,-107,2,51.4,0.9,-27,-17,-20,7.983,0.006,7.11,8.18,0.07,0.19,260.7133333333333,-2.388055555555556,16.980314,6.180329,5.871323,PM*,G,5559.042572704037,18.07007277480744,2.0275832758118263e-06
HD 157637, ,17,23,53.0,+,13,5,58,35,25,8.06,0.461,0.0,0.0,3.728,-0.1,41,5.01,0.76,0.0,0.0,0.0,0.0,0.0,0.0,-50.6,0.2,0.1,2,1110,0.85,5,-32,86,2,24.6,1.0,-49,-19,-10,7.97,0.017,6.65,8.62,0.13,0.05,260.9708333333333,13.099444444444446,30.438559,21.313309,17.327349,PM*,G,5345.643593969719,37.158619653129776,2.564358266443843e-06
HD 157664, ,17,18,58.4,+,68,52,40,100,33,7.981,0.346,2.609,-0.01,3.78,-0.23,84,3.36,1.37,5.1,4.5,6.0,1.16,1.11,1.24,6.8,0.4,0.4,2,387,0.441,13,32,6,2,11.9,0.6,-2,13,-7,8.012,0.046,7.98,9.25,0.07,0.05,259.7433333333333,68.87777777777777,-12.233225,69.37806,45.74968,*,G,6025.595860743575,70.44832860518571,2.6240898437492055e-07
HD 157830, ,17,27,21.9,-,38,3,41,350,-2,7.883,0.428,2.583,0.0,3.738,-0.24,31,5.41,0.27,0.0,0.0,0.0,0.84,0.8,0.92,-23.4,0.1,0.2,6,2976,0.765,2,-174,-13,2,32.0,1.2,-25,-12,21,7.969,-0.001,7.41,8.2,0.05,0.47,261.84124999999995,-38.061388888888885,30.510443,-5.3798223,-1.0818844,PM*,G,5470.159628939716,30.98111715280497,4.456343920636423e-06
HD 157896, ,17,25,39.3,+,7,30,5,30,22,7.893,0.43,2.594,0.033,3.763,0.17,94,2.89,1.9,3.0,2.4,4.4,1.48,1.42,1.52,-30.5,0.3,0.4,2,1149,0.239,2,-35,-8,2,6.6,0.9,-24,-25,0,7.925,0.036,6.69,8.01,0.09,0.11,261.41375,7.501388888888889,75.47868,43.57764,35.21302,*,G,5794.286964268809,87.15527432411649,1.370814533965882e-07
HD 158096, ,17,24,37.1,+,50,41,8,78,34,7.575,0.444,2.592,0.0,3.736,-0.15,57,3.79,1.86,8.6,7.7,9.6,1.05,1.02,1.09,-0.8,0.3,0.4,2,228,0.205,1,-78,-103,1,17.5,0.6,26,-18,16,7.99,0.032,6.8,8.6,0.12,0.39,261.1545833333333,50.68555555555555,9.824895,46.222504,31.873995,PM*,G,5445.026528424214,47.25514191906571,4.7531191406188385e-07
HD 158210, ,17,27,6.6,+,21,43,10,44,28,8.032,0.371,2.618,0.01,3.771,-0.11,60,4.16,0.67,6.8,4.1,9.8,1.04,0.98,1.1,-21.1,0.3,0.5,2,752,0.217,7,-32,-2,1,16.8,1.1,-14,-18,-2,7.962,0.028,7.17,7.97,0.05,0.07,261.7775,21.71944444444444,38.108356,36.800816,28.168295,*,G,5902.010801718442,52.97685207039572,7.92462463811988e-07
HD 158221, ,17,34,1.5,-,69,58,58,323,-19,8.226,0.42,2.615,0.06,3.778,-0.04,95,3.08,1.53,3.1,2.5,5.0,1.27,1.14,1.4,0.7,1.2,1.8,2,1156,0.103,26,-8,-49,2,5.4,0.9,-14,-16,-7,7.928,-0.031,7.24,7.94,0.05,0.03,263.50625,-69.98277777777778,71.73685,-54.057587,-30.928974,PM*,G,5997.910762555094,89.82426376088517,1.7822913541883197e-07
HD 158259, ,17,25,24.0,+,52,47,26,80,34,6.477,0.392,2.602,0.011,3.759,-0.13,27,4.31,0.82,12.0,6.7,13.8,0.98,0.94,1.04,13.3,0.2,0.1,2,682,0.735,4,-90,-51,2,36.8,0.5,7,3,17,7.996,0.015,7.78,8.85,0.06,0.41,261.35,52.79055555555556,3.8869445,22.043953,15.098208,PM*,G,5741.164622073275,22.384016650554234,9.74941821268923e-07
HD 158420, ,17,29,58.3,-,17,48,52,8,9,7.67,0.369,2.631,0.026,3.786,0.06,76,3.14,1.18,2.7,2.4,3.1,1.36,1.29,1.42,27.9,0.2,0.3,2,448,0.396,7,-30,-82,2,13.1,1.0,33,-26,-2,7.925,0.012,6.29,8.56,0.15,0.08,262.49291666666664,-17.814444444444444,74.33379,10.446934,11.88902,PM*,G,6109.420249055721,75.0643108658466,1.9363269959413497e-07
HD 158630, ,17,34,5.2,-,59,46,32,332,-14,7.605,0.385,2.585,0.0,3.759,-0.36,37,4.76,0.57,11.3,4.5,0.0,0.87,0.83,0.97,-25.4,0.2,0.5,7,1912,0.033,3,-46,-405,2,27.0,0.9,-57,-45,-22,7.968,-0.009,5.51,8.48,0.21,0.23,263.52166666666665,-59.77555555555556,31.698652,-16.85447,-8.951111,PM*,G,5741.164622073275,35.90094285110078,1.8154266243795335e-06
HD 158651, ,17,51,51.8,-,84,6,40,309,-25,7.641,0.379,2.613,0.019,3.766,-0.22,73,3.32,1.73,5.3,4.7,6.1,1.19,1.12,1.25,36.7,0.2,0.4,5,1570,0.242,5,12,-7,1,13.7,0.7,19,-25,-20,7.958,-0.031,6.57,8.3,0.12,0.2,267.9658333333333,-84.1111111111111,41.63613,-51.416344,-30.851133,*,G,5834.451042737448,66.16046970588431,2.483011324918055e-07
HD 158809, ,17,31,25.4,-,2,32,19,21,17,8.152,0.426,2.561,0.0,3.736,-0.73,75,3.77,2.25,11.7,9.3,14.6,0.92,0.84,0.97,4.0,0.2,0.3,5,2411,0.533,2,-274,-107,1,13.3,1.3,16,-81,65,7.933,0.021,4.34,8.04,0.3,1.88,262.8558333333333,-2.538611111111111,66.95905,25.703173,21.927877,PM*,G,5445.026528424214,71.7228518616656,4.623583448318132e-07
HD 158917, ,17,31,5.8,+,21,1,16,44,27,8.082,0.336,2.632,0.007,3.786,-0.23,65,4.02,0.58,4.7,2.6,7.0,1.07,1.02,1.14,-1.1,0.4,0.1,2,1907,0.845,9,-75,-76,1,15.4,1.2,16,-26,11,7.958,0.029,6.54,8.22,0.11,0.29,262.7741666666666,21.02111111111111,41.66087,40.231438,29.509382,PM*,G,6109.420249055721,57.91542707003674,6.530985211445702e-07
HD 159063, ,17,31,54.1,+,16,49,26,40,25,6.985,0.339,2.652,0.023,3.802,0.2,50,3.38,0.47,2.2,1.2,3.1,1.38,1.33,1.42,-6.7,0.3,0.2,2,748,0.745,13,-37,-20,2,19.9,0.9,-2,-12,3,7.965,0.021,7.51,8.05,0.03,0.15,262.9754166666666,16.823888888888888,34.7136,29.128168,21.130913,*,G,6338.69711256927,45.315385863922906,2.697607127122331e-07
HD 159222, ,17,32,0.9,+,34,16,16,59,30,6.528,0.406,2.599,0.006,3.756,0.09,24,4.65,0.37,7.6,2.5,11.8,1.03,0.95,1.08,-52.0,0.1,0.2,15,3013,0.977,3,-240,63,2,42.2,0.6,-31,-50,-2,7.989,0.012,5.47,8.09,0.19,0.07,263.00375,34.27111111111111,10.7048645,17.815887,12.0,PM*,G,5701.642722807472,20.784608573656836,1.559476017642916e-06
HD 159333, ,17,33,52.8,+,8,6,13,31,21,7.852,0.371,2.603,0.0,3.768,-0.45,94,2.98,2.22,4.6,3.6,5.7,1.16,1.09,1.24,-29.2,0.5,0.7,2,749,0.079,6,-19,-58,2,10.6,1.0,-8,-37,-14,7.925,0.034,6.15,7.93,0.13,0.1,263.47,8.10361111111111,75.22205,45.19797,33.68659,PM*,G,5861.3816451402845,87.75655701042173,1.5523108761915437e-07
HD 159644, ,17,35,1.8,+,18,13,22,42,25,8.271,0.413,2.617,0.051,3.778,0.06,102,3.01,1.51,2.8,2.3,3.4,1.36,1.26,1.46,-21.6,0.9,1.3,2,1161,0.026,11,-19,13,2,3.7,1.1,-20,-14,1,7.931,0.043,7.32,8.02,0.05,0.12,263.75749999999994,18.22277777777777,68.69882,61.856705,43.107063,*,G,5997.910762555094,92.44338712341421,1.6180006820912398e-07
HD 159909, ,17,36,50.2,+,10,34,28,34,21,7.285,0.429,2.601,0.0,3.743,-0.08,37,4.47,0.98,14.9,11.7,17.1,0.92,0.89,0.96,-77.3,0.2,0.3,2,993,0.374,2,-149,-9,2,27.3,0.9,-59,-55,-7,7.972,0.013,5.04,8.44,0.25,0.01,264.20916666666665,10.574444444444444,28.637009,19.315905,13.259614,PM*,G,5533.501092157366,34.54247342671202,1.2161263551968444e-06
HD 160017, ,17,38,1.1,-,9,1,48,16,12,7.983,0.366,2.609,0.003,3.771,-0.25,67,3.85,1.11,7.9,6.0,9.7,1.03,0.98,1.1,-54.8,0.3,0.6,3,1434,0.072,7,-29,-53,2,14.9,1.3,-46,-33,-12,7.937,0.014,6.07,8.32,0.16,0.07,264.5045833333333,-9.03,62.99714,18.064138,13.930084,PM*,G,5902.010801718442,65.53588886909709,5.163910426473034e-07
HD 160113, ,17,40,50.2,-,49,57,29,341,-10,7.307,0.432,2.582,0.025,3.752,-0.12,74,2.87,2.41,3.4,2.9,4.0,1.3,1.26,1.35,-21.4,0.1,0.2,5,1896,0.563,2,117,-185,2,13.6,1.0,-41,-24,-64,7.931,-0.013,6.73,8.4,0.11,1.22,265.20916666666665,-49.95805555555556,68.905396,-23.72602,-12.849965,PM*,G,5649.369748123023,72.87576842104113,1.333456032228426e-07
HD 160411, ,17,41,15.6,-,34,58,9,354,-2,7.809,0.415,2.619,0.044,3.776,0.29,90,2.85,1.51,2.5,1.9,4.6,1.45,1.4,1.5,-25.1,0.2,0.3,4,1891,0.378,3,-28,-40,2,11.1,1.2,-26,-19,2,7.91,-0.004,6.96,8.07,0.07,0.13,265.315,-34.969166666666666,89.452446,-9.401848,-3.1409545,*,G,5970.352865838366,89.94517686456578,1.2971156533788488e-07
HD 160420, ,17,37,55.1,+,41,0,39,67,31,8.057,0.372,2.606,0.01,3.765,-0.36,55,4.37,0.82,9.2,6.0,14.5,0.95,0.87,1.01,-5.6,0.4,0.6,2,1090,0.089,2,120,9,1,18.3,0.7,-3,13,-29,7.981,0.028,7.96,9.27,0.08,0.37,264.4795833333333,41.01083333333333,18.420712,43.396465,28.327093,PM*,G,5821.032177708716,47.144202242515135,1.0592017761624506e-06
HD 160662, ,17,41,45.5,-,13,18,55,13,9,7.716,0.445,2.605,0.0,3.736,-0.06,34,5.06,0.52,17.1,4.9,0.0,0.88,0.84,0.94,2.4,0.2,0.4,7,2127,0.068,3,-1,48,2,0.0,0.0,0,7,4,7.967,0.005,7.9,8.84,0.06,0.18,265.4395833333333,-13.315277777777778,32.720715,7.554172,5.3187723,*,G,5445.026528424214,33.58140415046412,2.747759388040215e-06
HD 160859, ,17,46,35.9,-,62,45,6,330,-17,7.517,0.393,2.611,0.021,3.757,-0.23,35,4.8,0.47,11.0,3.9,17.6,0.91,0.85,0.99,-6.7,0.2,0.3,5,1922,0.312,3,-48,-383,2,28.6,0.8,-40,-47,-19,7.971,-0.01,5.55,8.17,0.19,0.18,266.6495833333333,-62.751666666666665,28.986444,-16.735338,-10.233009,PM*,G,5714.786366718672,33.47066586937553,1.9185746433369414e-06
HD 160955, ,17,42,6.0,+,20,9,58,44,24,8.206,0.367,2.631,0.035,3.792,-0.08,114,2.78,1.54,2.4,2.1,2.9,1.4,1.31,1.49,-46.6,0.2,0.5,4,1797,0.344,8,-5,51,1,8.8,1.0,-51,-16,-7,7.926,0.046,6.7,8.71,0.13,0.05,265.5249999999999,20.16611111111111,74.915054,72.34463,46.367977,PM*,G,6194.410750767812,104.14418277397837,1.1775482201528085e-07
HD 161098, ,17,43,44.2,-,3,55,4,21,13,7.674,0.423,2.566,0.0,3.74,-0.28,30,5.29,0.38,0.0,0.0,0.0,0.84,0.81,0.91,-17.2,0.2,0.5,5,3285,0.076,1,-107,-241,2,33.4,1.1,0,-41,-7,7.973,0.007,5.96,8.0,0.15,0.01,265.9341666666666,-3.917777777777778,27.289583,10.47549,6.7485313,PM*,G,5495.408738576249,29.23110040785309,3.7755367364019577e-06
HD 161174, ,17,45,53.6,-,41,15,45,349,-6,8.158,0.357,2.646,0.036,3.799,0.1,85,3.36,0.63,2.3,1.6,2.9,1.31,1.24,1.38,29.7,0.3,0.2,2,468,0.632,6,37,-38,2,0.0,0.0,26,-10,-24,7.917,-0.01,6.99,8.7,0.11,0.26,266.4733333333333,-41.2625,82.981224,-16.12993,-8.884919,PM*,G,6295.061828571975,84.5343609329548,2.6240898437492055e-07
HD 161515, ,17,48,1.6,-,43,26,35,348,-8,8.181,0.413,2.593,0.023,3.759,-0.23,77,3.65,1.57,8.0,6.2,10.2,1.03,0.98,1.11,58.2,0.1,0.3,5,1858,0.527,5,-21,13,2,7.7,1.4,58,-11,1,7.925,-0.011,6.38,9.62,0.2,0.14,267.00666666666666,-43.44305555555555,74.58438,-15.853405,-10.71633,*,G,5741.164622073275,76.25064058798735,3.917226648981836e-07
HD 161555, ,17,46,31.8,-,7,59,8,18,11,7.356,0.414,2.596,0.019,3.752,-0.05,56,3.63,1.59,7.0,6.0,8.0,1.12,1.07,1.16,71.9,0.2,0.1,3,1436,0.839,4,-2,-150,1,18.0,0.9,82,-7,-4,7.948,0.01,6.12,10.64,0.27,0.05,266.63249999999994,-7.985555555555556,52.280647,16.987011,10.685304,PM*,G,5649.369748123023,54.971125088110846,3.81047134770222e-07
HD 161612, ,17,47,57.5,-,34,1,7,356,-3,7.19,0.443,2.595,0.0,3.739,0.13,27,5.04,0.33,10.8,1.3,0.0,0.95,0.88,1.03,2.1,0.3,0.6,4,1733,0.01,2,-205,-563,2,37.2,1.1,-4,-75,-15,7.973,-0.001,4.39,7.98,0.29,0.11,266.9895833333333,-34.01861111111111,26.897318,-1.8808411,-1.4130709,PM*,G,5482.769649208536,26.96299832801562,2.6728753163232114e-06
HD 161784, ,17,50,30.1,-,54,43,50,338,-14,7.693,0.375,2.613,0.016,3.768,-0.2,62,3.74,1.24,7.5,6.2,8.8,1.07,1.02,1.12,57.9,0.2,0.2,3,2193,0.545,5,-11,-12,2,16.2,1.0,51,-24,-12,7.944,-0.015,6.09,9.09,0.2,0.08,267.6254166666666,-54.730555555555554,55.77784,-22.535711,-14.999158,*,G,5861.3816451402845,60.158338618525036,4.435868880183037e-07
HD 161788, ,17,48,4.0,-,13,36,41,13,7,8.133,0.395,2.611,0.026,3.772,-0.04,82,3.45,1.3,5.3,3.3,6.8,1.14,1.08,1.24,-41.1,0.2,0.1,2,302,0.758,4,-121,-138,2,0.0,0.0,-24,-78,8,7.921,0.011,4.21,7.95,0.31,0.23,267.01666666666665,-13.611388888888888,79.302795,18.308493,9.993286,PM*,G,5915.616341754737,81.38878430559751,2.971520292224332e-07
HD 162209, ,17,48,13.0,+,38,13,57,64,28,7.795,0.402,2.611,0.025,3.77,0.13,53,4.07,0.58,4.4,3.1,7.2,1.17,1.08,1.21,12.4,0.2,0.1,2,682,0.671,2,58,-76,2,18.9,0.7,22,11,-11,7.979,0.025,7.6,9.57,0.11,0.06,267.0541666666667,38.2325,20.514116,42.060165,24.881994,PM*,G,5888.43655355589,46.79622244464483,6.998076736285392e-07
HD 162556, ,17,50,43.5,+,22,10,29,47,23,8.252,0.366,2.629,0.025,3.787,0.0,89,3.4,0.96,3.0,2.5,4.1,1.22,1.13,1.32,10.1,0.3,0.6,4,1136,0.39,14,-16,-69,1,5.8,1.0,29,-12,0,7.944,0.035,6.88,8.76,0.12,0.11,267.6812499999999,22.174722222222226,55.872665,59.916103,34.77507,PM*,G,6123.503917247734,81.92492961796692,2.773184092623894e-07
HD 162752, ,17,50,55.1,+,37,42,16,63,28,8.097,0.297,2.645,-0.002,3.807,-0.33,100,3.1,1.11,2.7,2.3,3.1,1.27,1.21,1.33,3.3,0.4,0.6,2,387,0.161,7,-15,-82,2,10.0,0.7,37,-14,-1,7.96,0.046,6.7,8.96,0.14,0.11,267.7295833333333,37.70444444444445,40.084984,78.6712,46.94716,PM*,G,6412.095765851615,88.2947543839398,1.8322245601154965e-07
HD 163183, ,17,47,38.1,+,73,7,57,104,30,7.754,0.385,2.61,0.008,3.761,-0.14,40,4.75,0.34,8.2,0.2,13.6,0.96,0.89,1.04,-4.7,0.3,0.1,2,362,0.729,9,54,-70,1,25.1,0.6,14,4,-10,8.008,0.02,7.68,8.99,0.08,0.04,266.90875,73.1325,-8.380419,33.612026,20.0,PM*,G,5767.664633922509,34.64101202967715,1.7905180372942511e-06
HD 163272, ,17,56,24.4,-,26,46,24,3,-1,7.396,0.381,2.612,0.005,3.77,0.16,47,4.02,0.61,4.2,3.0,7.0,1.18,1.1,1.22,-38.1,0.1,0.3,4,3957,0.456,4,-15,-85,1,21.1,1.1,-37,-21,-6,7.953,-0.001,6.76,8.28,0.1,0.01,269.10166666666663,-26.773333333333333,46.92844,2.4594154,-0.8202631,PM*,G,5888.43655355589,46.99284206071556,6.530985211445702e-07
HD 163589, ,17,54,40.0,+,45,33,14,72,29,7.683,0.452,0.0,0.0,3.735,0.03,64,3.65,1.88,6.7,5.8,7.7,1.14,1.09,1.24,-36.6,0.2,0.1,2,439,0.784,4,43,25,1,15.6,0.6,-17,-22,-28,7.983,0.031,6.96,8.01,0.07,0.31,268.66666666666663,45.553888888888885,17.29743,53.23602,31.027815,*,G,5432.503314924331,55.975663551630184,3.917226648981836e-07
HD 163622, ,17,56,42.0,+,11,52,19,38,17,8.131,0.377,2.603,0.002,3.766,-0.14,53,4.49,0.49,8.0,3.6,11.7,0.99,0.94,1.05,-8.6,0.2,0.2,2,1111,0.648,2,34,-139,1,18.7,1.0,16,-23,-24,7.96,0.016,6.68,8.26,0.11,0.26,269.17499999999995,11.871944444444445,39.939655,31.20428,15.4957,PM*,G,5834.451042737448,50.68415069661743,1.2501977137235027e-06
HD 163874, ,18,0,18.4,-,39,14,58,353,-8,7.277,0.366,2.615,0.0,3.776,0.05,60,3.39,1.18,3.2,2.7,5.4,1.28,1.17,1.35,-6.9,0.2,0.2,4,4071,0.738,5,-35,-107,2,16.7,0.9,-11,-30,-5,7.941,-0.008,6.49,7.94,0.1,0.03,270.07666666666665,-39.24944444444444,58.973206,-7.2410045,-8.350387,PM*,G,5970.352865838366,59.41608512925987,2.7351345804337536e-07
HD 164395, ,17,58,38.0,+,44,56,14,72,28,8.1,0.363,2.606,-0.012,3.774,-0.37,128,2.56,2.44,3.3,2.5,4.2,1.33,1.16,1.42,3.3,0.3,0.2,4,3332,0.978,17,5,17,1,5.2,0.7,-9,6,1,7.965,0.06,7.96,8.73,0.05,0.14,269.6583333333333,44.93722222222222,34.92426,107.48583,60.09236,*,G,5942.921586155727,113.01728888686235,8.689178128317536e-08
HD 164509, ,18,1,31.2,+,0,6,16,27,11,8.114,0.404,2.625,0.042,3.779,0.26,52,4.36,-0.04,1.3,0.0,4.6,1.14,1.11,1.18,13.3,0.4,0.5,2,2581,0.155,2,-8,-19,1,19.3,1.1,14,2,2,7.955,0.01,7.58,8.84,0.08,0.14,270.37999999999994,0.1044444444444444,45.481083,23.173769,9.922068,*,G,6011.737374832779,51.04461264931148,1.0446689829731647e-06
HD 165173, ,18,4,26.3,+,6,26,11,33,13,7.958,0.459,0.0,0.0,3.73,0.04,33,5.39,0.24,0.0,0.0,0.0,0.87,0.84,0.96,-0.5,0.3,0.0,1,0,0.0,1,-63,71,2,30.6,1.1,-6,3,13,7.973,0.008,7.96,8.53,0.03,0.32,271.10958333333326,6.436388888888889,26.966791,17.51244,7.4233847,PM*,G,5370.317963702527,32.154212345994125,4.334896176994429e-06
HD 165185, ,18,6,23.7,-,36,1,11,356,-7,5.949,0.386,2.606,0.01,3.76,-0.21,17,4.75,0.43,9.8,3.1,15.3,0.93,0.87,1.01,14.9,0.2,0.4,5,1859,0.26,8,107,7,2,57.6,0.8,14,4,-9,7.983,-0.002,7.64,8.97,0.08,0.03,271.59874999999994,-36.01972222222222,16.832184,-1.1770194,-2.071779,PM*,G,5754.399373371566,16.87328636863111,1.7905180372942511e-06
HD 165269, ,18,6,13.7,-,27,29,33,4,-3,7.316,0.38,2.641,0.041,3.795,0.48,63,3.16,0.73,1.6,1.1,2.1,1.41,1.38,1.45,-1.1,0.5,0.7,2,721,0.042,8,39,-39,2,16.0,0.9,-2,-5,-16,7.938,-0.003,7.76,8.16,0.03,0.12,271.5570833333333,-27.4925,62.760406,4.3886347,-3.2971654,PM*,G,6237.348354824191,62.913660486534084,1.990575710329982e-07
HD 165271, ,18,7,26.2,-,46,53,55,346,-13,7.643,0.415,2.593,0.022,3.763,0.11,65,3.47,1.37,5.2,4.4,6.2,1.2,1.14,1.3,-83.3,0.2,0.3,4,2588,0.26,4,-34,-106,1,15.3,1.1,-88,-16,11,7.938,-0.014,6.1,9.84,0.23,0.33,271.8591666666666,-46.89861111111111,61.452766,-15.321886,-14.621818,PM*,G,5794.286964268809,63.33405592292153,3.054771290620165e-07
HD 165476, ,18,5,52.2,+,7,5,26,34,13,7.658,0.4,2.595,0.009,3.755,-0.22,45,4.39,0.91,12.9,9.0,15.9,0.94,0.88,0.99,28.2,0.1,0.3,7,2296,0.528,3,-210,-103,3,22.2,1.0,39,-21,36,7.964,0.01,6.47,8.9,0.16,0.9,271.4675,7.090555555555556,36.350525,24.518738,10.122797,PM*,G,5688.529308438413,43.84665529875989,1.088876688899508e-06
HD 165672, ,18,6,48.8,+,6,24,37,34,13,7.78,0.399,2.611,0.017,3.758,0.01,44,4.57,0.47,8.5,3.8,12.4,0.99,0.94,1.06,-5.8,0.2,0.2,2,752,0.446,4,-3,-45,3,22.8,1.1,1,-10,-5,7.964,0.01,7.54,8.12,0.04,0.04,271.7033333333333,6.410277777777778,35.542736,23.973877,9.897846,*,G,5727.960309858292,42.87228546248526,1.3962998789170638e-06
HD 166435, ,18,9,21.3,+,29,57,6,57,22,6.837,0.406,2.598,0.005,3.752,-0.07,25,4.83,0.41,10.4,3.3,16.5,0.92,0.87,1.01,-15.0,0.3,0.3,2,358,0.481,8,71,59,2,39.6,0.7,-15,-5,-11,7.987,0.009,7.9,8.12,0.01,0.05,272.33874999999995,29.951666666666664,12.624513,19.440044,9.365165,PM*,G,5649.369748123023,23.179595320218706,1.999763790342133e-06
HD 167469, ,18,10,1.3,+,67,46,54,98,29,8.261,0.331,2.629,0.005,3.788,-0.34,103,3.19,1.46,4.6,3.9,5.4,1.16,1.12,1.24,-46.7,0.3,0.4,2,588,0.355,8,23,-95,1,9.7,0.7,50,-28,-34,8.012,0.05,6.04,9.08,0.2,0.47,272.50541666666663,67.78166666666667,-12.537522,89.20912,49.93539,PM*,G,6137.620051647939,90.08582879163006,2.074811757403894e-07
HD 168009, ,18,15,32.4,+,45,12,33,73,25,6.297,0.41,2.597,0.014,3.751,-0.1,23,4.52,0.77,12.0,8.3,16.5,0.93,0.88,0.99,-64.9,0.1,0.2,17,4087,0.855,3,-78,-115,2,44.1,0.5,-5,-62,-23,7.994,0.01,4.96,8.0,0.23,0.24,273.885,45.20916666666667,6.0945125,19.934246,9.720221,PM*,G,5636.376558259543,20.845077265416226,1.303102867201668e-06
HD 168443, ,18,20,3.9,-,9,35,44,21,3,6.924,0.455,0.0,0.0,3.732,-0.06,38,4.03,1.63,10.6,9.5,11.8,1.01,0.95,1.05,-49.1,0.3,0.5,3,3650,0.108,3,-90,-224,2,26.4,0.9,-29,-58,-7,7.965,0.002,5.09,8.03,0.22,0.0,275.01625,-9.595555555555556,35.427437,13.5993185,1.9887664,PM*,G,5395.1062251512785,37.94792163022122,6.621840265962693e-07
HD 168746, ,18,21,49.7,-,11,55,21,19,1,7.96,0.434,2.582,0.0,3.74,-0.08,43,4.79,0.72,16.0,10.8,0.0,0.89,0.87,0.93,-26.1,0.1,0.3,7,2545,0.735,2,-22,-66,1,23.2,1.0,-19,-22,-3,7.959,0.001,6.91,8.01,0.07,0.06,275.45708333333334,-11.9225,40.651104,13.997297,0.7504535,PM*,G,5495.408738576249,42.99344810229839,1.8922508123754359e-06
HD 168871, ,18,24,33.1,-,49,39,10,345,-16,6.461,0.37,2.611,0.004,3.769,-0.17,28,4.21,0.72,7.3,4.9,11.5,1.01,0.97,1.07,32.0,0.1,0.2,6,2172,0.942,4,33,-150,1,35.5,0.8,23,-23,-20,7.974,-0.008,6.62,8.42,0.12,0.2,276.13791666666657,-49.65277777777778,25.998207,-6.9662056,-7.717846,PM*,G,5874.893525297769,26.91532625988993,8.491388286507029e-07
HD 168960, ,18,21,50.3,+,15,37,33,44,13,7.856,0.387,2.604,0.004,3.765,0.05,68,3.71,1.13,6.2,4.7,7.7,1.13,1.08,1.21,-10.7,0.2,0.2,2,1005,0.515,3,-43,-159,2,14.8,1.2,30,-43,-11,7.953,0.016,5.61,8.33,0.2,0.06,275.45958333333334,15.625833333333334,47.661415,46.026096,15.296671,PM*,G,5821.032177708716,66.257165595907,4.2557754049694857e-07
HD 169125, ,18,25,17.8,-,44,35,34,350,-14,7.819,0.39,2.588,0.012,3.755,-0.37,39,4.86,0.56,0.0,0.0,0.0,0.87,0.82,0.95,-8.9,0.1,0.3,8,3041,0.684,2,-127,-22,1,0.0,0.0,-6,-13,21,7.963,-0.01,7.55,7.99,0.03,0.47,276.32416666666666,-44.59277777777778,37.266636,-6.571123,-9.434954,PM*,G,5688.529308438413,37.84153559566029,2.0843886533432196e-06
HD 169303, ,18,27,17.5,-,55,57,15,339,-19,7.629,0.358,2.617,0.009,3.777,-0.24,83,3.04,1.77,4.2,3.7,4.9,1.2,1.14,1.35,-13.3,0.2,0.1,2,382,0.905,7,4,-36,2,12.1,0.9,-18,-7,-2,7.927,-0.027,7.67,8.07,0.02,0.08,276.82291666666663,-55.95416666666667,73.265564,-28.124025,-27.022156,*,G,5984.115950603199,78.47804565888934,1.6864703117139513e-07
HD 169359, ,18,23,47.0,+,14,54,27,43,13,7.809,0.377,2.592,-0.003,3.764,-0.32,60,3.94,1.24,9.4,7.7,11.3,1.0,0.96,1.04,-1.2,0.3,0.4,2,592,0.316,4,123,-66,2,16.8,1.1,7,4,-39,7.958,0.013,7.76,8.85,0.07,0.56,275.9458333333333,14.9075,42.75655,39.871124,13.497063,PM*,G,5807.644175213118,58.462202292813735,5.847614042653944e-07
HD 169383, ,18,27,12.9,-,51,53,3,343,-18,7.972,0.396,2.577,0.0,3.752,-0.64,63,3.97,1.69,12.1,10.3,14.1,0.9,0.87,0.93,103.6,0.2,0.5,7,2609,0.083,4,138,-105,2,15.8,0.9,78,-35,-78,7.942,-0.019,5.52,9.88,0.28,1.99,276.80375,-51.884166666666665,57.298492,-17.51791,-19.468071,PM*,G,5649.369748123023,59.91656161898948,6.095070037023257e-07
HD 169506, ,18,37,2.6,-,79,37,44,314,-26,7.955,0.39,2.644,0.058,3.8,0.44,106,2.57,1.24,1.5,1.2,1.7,1.57,1.52,1.63,35.5,0.2,0.4,3,1564,0.32,8,-20,12,2,9.4,0.8,29,-23,-5,7.933,-0.047,6.48,8.53,0.14,0.05,279.2608333333333,-79.62888888888888,66.18161,-68.533066,-46.467342,*,G,6309.57344480193,95.2721713699885,8.810056636995267e-08
HD 169905, ,18,20,49.1,+,70,4,23,100,28,7.778,0.326,2.64,0.004,3.792,-0.13,66,3.67,0.7,3.6,2.8,4.4,1.18,1.1,1.24,-17.6,0.2,0.4,3,2114,0.478,6,38,-1,2,15.1,0.7,1,-10,-19,8.011,0.031,7.57,8.18,0.04,0.17,275.2045833333333,70.07305555555556,-10.119268,57.389217,30.985125,*,G,6194.410750767812,58.2745382884233,4.0269728386086803e-07
HD 169925, ,18,15,34.4,+,79,3,53,111,28,7.326,0.395,2.614,0.02,3.775,0.26,61,3.33,1.08,3.4,2.4,5.9,1.36,1.34,1.39,-22.2,0.4,0.5,2,375,0.12,4,-14,3,1,16.5,0.6,7,-20,-7,8.019,0.029,6.98,8.17,0.08,0.03,273.89333333333326,79.06472222222222,-19.301626,50.28246,28.637766,*,G,5956.621435290103,53.85980458463877,2.517553453247534e-07
HD 170294, ,18,28,34.4,+,0,47,49,31,5,8.049,0.43,2.576,0.0,3.744,0.0,58,4.24,1.12,11.5,9.5,13.7,0.97,0.93,1.04,-107.9,0.3,0.5,2,689,0.151,1,-96,-31,2,17.3,1.1,-83,-73,9,7.951,0.005,4.17,8.76,0.35,0.26,277.14333333333326,0.7969444444444445,49.52652,29.758535,5.0550327,PM*,G,5546.25712957911,57.77929204011265,8.850722010772422e-07
HD 170357, ,18,26,37.7,+,46,5,1,74,23,8.277,0.409,2.582,0.028,3.759,-0.47,69,3.95,1.46,10.6,8.9,12.4,0.97,0.89,1.01,-85.4,0.2,0.4,3,1005,0.24,3,-349,199,1,14.4,0.7,-66,-116,84,7.983,0.027,3.04,8.34,0.47,3.12,276.65708333333333,46.08361111111111,17.507065,61.05438,26.960447,PM*,G,5741.164622073275,63.514837967978984,5.928962457240527e-07
HD 170469, ,18,29,10.9,+,11,41,43,41,10,8.219,0.424,2.616,0.0,3.751,0.26,65,4.16,0.84,8.9,4.3,11.6,1.12,1.07,1.16,-60.2,0.2,0.1,2,729,0.854,3,-48,-16,2,15.4,1.1,-39,-48,0,7.952,0.011,5.48,8.14,0.2,0.11,277.29541666666665,11.695277777777775,48.310852,41.995983,11.287131,PM*,G,5636.376558259543,64.01250666160631,7.92462463811988e-07
HD 170715, ,18,31,26.1,-,12,1,14,20,-1,7.564,0.363,2.618,0.012,3.77,-0.31,40,4.55,0.49,7.6,0.0,12.2,0.97,0.89,1.03,33.0,0.2,0.5,6,1089,0.045,6,-22,-182,2,0.0,0.0,42,-19,-13,7.962,-0.001,6.42,8.95,0.16,0.09,277.85875,-12.020555555555555,37.58198,13.678721,-0.6980962,PM*,G,5888.43655355589,39.993907397455445,1.3582468307766884e-06
HD 170768, ,18,32,12.4,-,26,29,47,7,-8,7.957,0.384,2.587,0.011,3.757,-0.7,59,4.11,1.48,12.7,10.4,15.3,0.88,0.83,0.92,31.0,0.2,0.4,6,3033,0.443,4,-147,-121,2,17.0,1.2,40,-43,17,7.942,-0.008,5.53,8.52,0.21,0.41,278.0516666666667,-26.49638888888889,57.99032,7.120316,-8.211213,PM*,G,5714.786366718672,58.425817184205954,7.395690025727166e-07
HD 170778, ,18,29,3.9,+,43,56,21,72,22,7.497,0.383,2.61,0.01,3.762,-0.14,37,4.66,0.41,8.7,2.9,13.2,0.96,0.9,1.03,-23.0,0.3,0.2,2,1015,0.614,6,75,155,1,27.1,0.6,-34,-9,-13,7.99,0.014,7.31,8.48,0.07,0.09,277.26625,43.939166666666665,10.601075,32.62676,13.860443,PM*,G,5780.960474057181,34.305805037241505,1.5811704900714475e-06
HD 171028, ,18,32,15.4,+,6,56,44,37,7,8.289,0.43,2.575,0.0,3.735,-0.81,43,5.12,0.97,0.0,4.5,0.0,0.78,0.75,0.84,13.1,0.3,0.2,2,677,0.684,4,-44,-13,2,0.0,0.0,14,2,8,7.966,0.006,7.61,8.87,0.08,0.25,278.06416666666667,6.945555555555556,34.085354,25.685154,5.240382,*,G,5432.503314924331,42.67948562610651,2.9852362067012464e-06
HD 171029, ,18,33,11.0,-,16,51,5,16,-4,8.242,0.402,2.581,0.004,3.751,-0.44,74,3.9,1.66,11.2,8.6,14.4,0.92,0.85,1.01,-37.8,0.2,0.4,7,2842,0.179,1,-58,-187,2,0.0,0.0,-16,-76,-10,7.929,-0.005,4.32,7.93,0.3,0.04,278.2958333333333,-16.85138888888889,70.96009,20.347479,-5.1619787,PM*,G,5636.376558259543,73.81974176643766,5.533229712483625e-07
HD 171067, ,18,32,10.4,+,13,44,11,43,10,7.205,0.424,2.597,0.0,3.744,-0.05,25,5.2,0.2,0.0,0.0,0.0,0.9,0.84,0.99,-46.8,0.2,0.1,2,676,0.858,1,112,123,2,39.7,0.9,-46,-17,-14,7.982,0.005,6.8,8.6,0.12,0.1,278.0433333333333,13.736388888888888,18.00607,16.79093,4.3412046,PM*,G,5546.25712957911,24.620192670038147,3.3341006052084653e-06
HD 171242, ,18,31,30.0,+,45,0,35,73,22,7.984,0.378,2.59,-0.003,3.763,-0.42,62,4.02,1.27,10.5,8.8,12.4,0.98,0.9,1.02,-6.0,0.3,0.3,2,644,0.382,3,-108,-357,2,16.1,0.6,104,-37,-2,7.984,0.023,5.02,10.57,0.36,0.09,277.87499999999994,45.00972222222222,16.80711,54.97356,23.225609,PM*,G,5794.286964268809,57.48540028238213,6.530985211445702e-07
HD 171304, ,18,33,57.7,+,5,40,18,36,6,8.001,0.396,2.614,0.023,3.773,0.12,77,3.47,1.12,3.5,2.7,5.6,1.23,1.13,1.34,-60.7,0.3,0.4,2,703,0.214,2,39,126,3,0.0,0.0,-77,3,1,7.938,0.009,6.76,10.17,0.2,0.14,278.49041666666665,5.671666666666667,61.953056,45.011528,8.048692,PM*,G,5929.2532458,76.57818749901253,3.054771290620165e-07
HD 171377, ,18,37,1.8,-,48,12,33,347,-18,7.33,0.425,2.61,0.046,3.77,0.17,103,2.07,2.55,1.8,1.6,2.2,1.7,1.6,1.8,33.9,0.2,0.2,2,1458,0.533,4,1,42,2,9.7,1.0,38,11,-4,7.904,-0.031,7.26,9.93,0.16,0.07,279.25749999999994,-48.20916666666667,95.44814,-22.035938,-31.82875,*,G,5888.43655355589,97.95881784198625,4.4154879139952447e-08
HD 171489, ,18,34,35.6,+,12,32,20,42,9,8.287,0.391,2.606,0.002,3.762,0.08,56,4.55,0.34,6.1,0.5,10.2,1.05,0.98,1.11,-33.7,0.3,0.4,2,702,0.247,5,24,25,2,17.9,1.2,-30,-16,-8,7.959,0.009,7.11,8.23,0.07,0.02,278.64833333333326,12.53888888888889,41.103745,37.00998,8.76033,*,G,5780.960474057181,55.31054576322155,1.3582468307766884e-06
HD 171645, ,18,38,17.7,-,45,27,58,350,-17,7.631,0.347,2.639,0.008,3.79,0.31,114,2.35,1.71,1.7,1.4,2.3,1.63,1.54,1.72,15.6,0.3,0.4,2,358,0.134,6,-52,-23,2,8.8,1.0,17,-25,16,7.893,-0.033,6.55,8.2,0.11,0.38,279.57375,-45.46611111111111,107.362495,-18.930933,-33.33037,PM*,G,6165.9500186148225,109.01873947572277,6.500978060115766e-08
HD 171665, ,18,37,12.8,-,25,40,16,8,-9,7.44,0.425,2.565,0.0,3.742,-0.14,30,5.05,0.47,14.9,6.0,0.0,0.87,0.84,0.93,-23.4,0.1,0.2,5,1857,0.615,2,170,-283,1,33.2,1.0,-24,-30,-36,7.971,-0.004,6.53,8.05,0.1,0.49,279.3033333333333,-25.671111111111117,29.342287,4.12379,-4.693034,PM*,G,5520.774392807573,29.630650521958998,2.710058715874637e-06
HD 171706, ,18,36,27.3,-,4,34,30,27,1,7.879,0.381,2.589,-0.01,3.765,-0.15,64,3.84,1.17,7.9,6.4,9.5,1.05,1.0,1.11,18.1,0.1,0.3,6,2113,0.685,3,51,-200,2,15.6,1.1,39,-32,-41,7.943,0.001,6.01,8.66,0.18,0.63,279.11375,-4.575,57.01573,29.050966,1.116954,PM*,G,5821.032177708716,63.99024998361904,5.093058919267476e-07
HD 171918, ,18,37,42.6,-,7,20,12,25,0,7.983,0.426,2.585,0.0,3.749,0.19,57,4.19,0.91,9.2,7.2,11.0,1.11,1.03,1.15,-67.3,0.2,0.1,2,350,0.908,2,106,-77,2,17.4,1.0,-58,-34,-35,7.948,0.0,5.95,8.61,0.18,0.49,279.42749999999995,-7.336666666666666,51.659542,24.089241,0.0,PM*,G,5610.479760324706,56.99999834741968,8.25997438171197e-07
HD 172066, ,18,32,30.2,+,68,36,51,99,27,7.589,0.346,2.636,0.021,3.795,-0.08,90,2.73,1.52,2.3,2.1,2.5,1.45,1.39,1.5,-19.2,0.2,0.2,4,1363,0.95,11,-15,67,2,11.1,0.6,-24,-26,0,8.012,0.041,6.75,8.1,0.09,0.11,278.12583333333333,68.61416666666666,-12.544572,79.203316,40.859142,PM*,G,6237.348354824191,80.19059515965098,1.0989519408534521e-07
HD 172083, ,18,31,3.1,+,73,5,1,104,27,8.178,0.349,2.619,0.002,3.778,-0.22,60,4.29,0.48,6.3,3.0,8.6,1.03,0.97,1.09,-10.9,0.3,0.1,2,734,0.78,3,63,103,1,16.7,0.6,-29,-10,-19,8.013,0.028,7.44,8.36,0.06,0.18,277.7629166666666,73.08361111111111,-12.933238,51.87239,27.23943,PM*,G,5997.910762555094,53.46039178192341,9.483719499834043e-07
HD 172233, ,18,39,10.3,+,0,6,22,32,3,8.045,0.39,2.604,0.008,3.761,-0.07,63,4.05,0.98,8.3,5.9,10.9,1.02,0.97,1.08,-37.7,0.2,0.2,2,404,0.462,2,79,3,1,0.0,0.0,-37,-9,-22,7.946,0.003,7.22,8.52,0.08,0.24,279.79291666666666,0.1061111111111111,53.35381,33.33916,3.2971654,PM*,G,5767.664633922509,62.913660130544784,6.80735971699978e-07
HD 172513, ,18,42,2.3,-,34,27,58,1,-13,7.945,0.444,2.603,0.0,3.735,-0.01,33,5.34,0.22,0.0,0.0,0.0,0.87,0.84,0.96,-12.1,0.1,0.2,6,3033,0.673,3,-6,-64,2,30.1,1.3,-12,-10,-1,7.968,-0.008,7.67,7.98,0.02,0.1,280.5095833333333,-34.46611111111111,32.149315,0.5611684,-7.4233847,PM*,G,5432.503314924331,32.15421224260336,4.045560500688487e-06
HD 172867, ,18,42,4.9,+,11,45,39,42,7,7.838,0.387,2.602,0.011,3.76,-0.25,66,3.73,1.48,8.2,6.9,9.6,1.03,1.0,1.09,-8.6,0.2,0.2,2,404,0.547,2,-53,-105,2,15.1,1.0,18,-33,-1,7.952,0.009,6.19,8.21,0.14,0.09,280.5204166666666,11.760833333333334,48.681965,43.833443,8.043377,PM*,G,5754.399373371566,65.50804867720817,4.375006477474418e-07
HD 173071, ,18,43,15.7,+,9,2,28,40,6,8.2,0.386,2.609,0.007,3.764,0.0,52,4.64,0.26,5.9,0.0,10.7,1.01,0.95,1.08,-36.5,0.2,0.1,2,742,0.92,4,39,31,3,19.4,1.2,-35,-15,-9,7.961,0.005,7.08,8.34,0.08,0.03,280.81541666666664,9.04111111111111,39.616096,33.24185,5.43548,PM*,G,5807.644175213118,51.71513950192647,1.5380792045350664e-06
HD 173493, ,18,44,29.1,+,27,31,53,57,14,8.263,0.362,2.646,0.047,3.803,0.05,136,2.39,1.56,1.8,1.5,2.1,1.55,1.45,1.66,-31.0,1.1,1.8,4,1544,0.62,35,17,17,2,4.8,0.9,-28,-16,-13,7.928,0.032,7.09,8.14,0.07,0.09,281.12125,27.531388888888888,71.87069,110.67115,32.90138,*,G,6353.309318517436,131.9602194731374,6.870347440944186e-08
HD 173742, ,18,45,28.2,+,34,12,49,64,16,7.619,0.451,0.0,0.0,3.736,0.04,77,3.19,2.31,3.8,3.3,4.5,1.27,1.24,1.34,-34.5,0.2,0.3,2,1100,0.367,2,18,50,3,13.0,0.7,-32,-21,-9,7.967,0.021,6.82,8.2,0.09,0.03,281.36749999999995,34.21361111111111,32.446987,66.52618,21.224077,PM*,G,5445.026528424214,74.017157408067,2.074811757403894e-07
HD 173906, ,18,44,31.0,+,57,17,6,87,23,7.7,0.363,2.626,0.017,3.773,-0.23,68,3.54,1.36,6.3,5.4,7.3,1.11,1.07,1.15,-17.0,0.2,0.5,4,981,0.251,9,11,110,1,14.7,0.6,-36,-16,-2,7.997,0.027,7.03,8.4,0.09,0.08,281.12916666666666,57.285,3.2759352,62.508545,26.569717,PM*,G,5929.2532458,62.594328412817276,3.3649506582766625e-07
HD 174719, ,18,51,48.4,+,3,1,51,36,1,7.517,0.425,2.575,0.0,3.74,-0.25,28,5.26,0.39,0.0,0.0,0.0,0.84,0.81,0.91,-17.8,0.3,0.4,2,738,0.241,3,-7,-141,2,35.3,1.0,-4,-24,-8,7.977,0.001,6.83,7.99,0.08,0.01,282.95166666666665,3.0308333333333333,22.649025,16.45548,0.48866737,PM*,G,5495.408738576249,27.995734594416792,3.6222523292156442e-06
HD 175036, ,18,52,27.4,+,26,32,5,57,12,8.256,0.376,2.624,0.021,3.778,0.0,69,3.96,0.61,4.2,2.6,6.9,1.11,1.05,1.18,-55.6,0.2,0.3,4,1832,0.79,5,110,156,2,14.4,1.7,-80,-10,-22,7.963,0.014,6.41,9.81,0.21,0.26,283.1141666666666,26.534722222222225,36.75888,56.60371,14.345907,PM*,G,5997.910762555094,67.49218654495125,6.011442541001502e-07
HD 175425, ,18,53,38.1,+,37,59,6,68,16,7.902,0.415,2.603,0.022,3.762,0.12,53,4.19,0.67,6.9,3.9,9.6,1.1,1.04,1.15,-68.3,0.2,0.1,2,372,0.833,3,-47,-84,2,18.9,0.8,-3,-71,-16,7.981,0.014,4.58,7.99,0.27,0.13,283.40874999999994,37.985,19.085035,47.23711,14.60878,PM*,G,5780.960474057181,50.946865674968905,8.25997438171197e-07
HD 176377, ,18,58,51.0,+,30,10,50,61,12,6.804,0.385,2.588,0.005,3.759,-0.29,23,4.96,0.31,7.1,0.0,15.8,0.9,0.83,0.99,-41.2,0.2,0.2,2,643,0.595,1,55,196,2,42.7,0.6,-39,-25,-5,7.989,0.005,6.57,8.33,0.12,0.03,284.7125,30.18055555555556,10.906952,19.676664,4.781969,PM*,G,5741.164622073275,22.497393362325333,2.3931983809430355e-06
HD 176463, ,19,4,6.3,-,59,44,34,337,-25,7.883,0.416,2.6,0.03,3.764,0.01,83,3.17,1.73,4.3,3.8,5.1,1.23,1.18,1.33,-12.8,0.1,0.2,6,1898,0.895,4,75,-71,2,12.1,0.9,-32,-10,-26,7.931,-0.035,7.31,8.37,0.07,0.3,286.02625,-59.74277777777778,69.24364,-29.392174,-35.077316,PM*,G,5807.644175213118,75.22354400648693,2.0182673768744495e-07
HD 176790, ,19,3,47.4,-,40,15,4,357,-19,8.156,0.418,2.567,0.0,3.746,-0.22,67,4.02,1.48,11.1,9.2,13.4,0.97,0.92,1.03,19.5,0.2,0.3,5,2521,0.584,3,-123,-6,2,14.9,1.2,30,-17,28,7.937,-0.022,6.76,8.7,0.13,0.65,285.9475,-40.25111111111111,63.262924,-3.3154697,-21.813065,PM*,G,5571.857489319298,63.34974263847797,6.530985211445702e-07
HD 176796, ,18,57,23.5,+,64,49,50,95,24,8.213,0.351,2.608,-0.001,3.776,-0.61,120,2.81,2.32,4.0,3.3,4.9,1.18,1.13,1.25,-0.4,0.3,0.5,3,414,0.322,6,-19,-92,2,8.3,0.6,53,5,-2,8.01,0.049,6.95,10.25,0.19,0.11,284.3479166666666,64.83055555555555,-9.55449,109.2083,48.808395,PM*,G,5970.352865838366,109.62545812013786,1.2273790338163375e-07
HD 176845, ,19,0,25.5,+,39,20,15,70,15,7.913,0.351,2.656,0.043,3.809,0.21,137,2.04,1.65,1.5,1.2,1.9,1.73,1.66,1.85,-32.3,2.0,2.8,2,1021,0.018,40,14,44,2,7.3,0.8,-39,-19,-6,7.954,0.036,6.78,8.36,0.1,0.04,285.10625,39.337500000000006,45.260155,124.35125,35.45821,*,G,6441.692655151775,132.33183671054567,4.2362218931380014e-08
HD 177122, ,19,4,41.4,-,31,22,21,6,-16,8.222,0.368,2.601,-0.001,3.768,-0.31,53,4.6,0.48,8.3,2.2,13.0,0.95,0.88,1.02,-31.6,0.2,0.2,4,3217,0.758,3,-1,-53,2,18.9,1.3,-30,-16,4,7.949,-0.015,7.1,8.22,0.07,0.17,286.1725,-31.3725,50.667778,5.325398,-14.60878,PM*,G,5861.3816451402845,50.946870279887534,1.4553877004550159e-06
HD 177153, ,19,1,39.6,+,41,29,24,72,16,7.213,0.365,2.618,0.012,3.771,-0.26,41,4.13,0.84,10.1,5.4,11.7,1.0,0.96,1.06,-15.3,0.2,0.2,4,999,0.852,3,-77,30,2,24.2,0.6,-6,-18,11,7.988,0.011,7.22,8.0,0.05,0.28,285.415,41.49,12.178893,37.48278,11.301131,PM*,G,5902.010801718442,39.411727077531744,7.602889882338923e-07
HD 177305, ,19,3,26.5,+,17,4,2,50,5,7.615,0.389,2.587,0.005,3.757,-0.36,43,4.43,0.94,13.1,8.9,17.0,0.87,0.84,0.97,-52.5,0.2,0.1,2,644,0.984,2,-117,-60,1,23.1,1.0,-18,-55,11,7.972,0.004,5.28,7.99,0.2,0.28,285.86041666666665,17.06722222222222,27.534687,32.814564,3.7476966,PM*,G,5714.786366718672,42.83637004576911,1.150743950203592e-06
HD 177409, ,19,9,54.5,-,68,17,58,327,-27,7.532,0.392,2.587,0.004,3.757,-0.25,35,4.8,0.48,11.3,4.3,0.0,0.9,0.84,0.98,-9.7,0.1,0.2,6,2685,0.811,3,155,-43,2,28.4,0.9,-20,8,-19,7.974,-0.016,7.91,8.89,0.06,0.19,287.47708333333327,-68.29944444444445,26.154135,-16.98469,-15.8896675,PM*,G,5714.786366718672,31.18522842620084,1.9185746433369414e-06
HD 177565, ,19,6,52.4,-,37,48,38,359,-19,6.156,0.436,2.588,0.0,3.74,0.05,17,4.98,0.43,13.2,5.0,0.0,0.91,0.87,0.98,59.5,0.1,0.2,4,3216,0.624,3,-188,-366,2,58.2,0.9,58,-32,-15,7.984,-0.006,5.74,9.17,0.23,0.13,286.71833333333336,-37.81055555555555,16.07137,-0.28053004,-5.5346584,PM*,G,5495.408738576249,16.073818176781845,2.4602469402593257e-06
HD 177675, ,19,4,57.2,+,20,37,31,53,6,8.24,0.33,2.613,-0.016,3.787,-0.23,66,4.14,0.43,4.4,0.8,7.0,1.07,1.0,1.13,9.0,0.4,0.6,2,346,0.293,7,25,-30,1,0.0,0.0,10,5,-10,7.96,0.007,7.72,8.92,0.07,0.04,286.2383333333333,20.62527777777778,39.502197,52.421192,6.8988786,*,G,6123.503917247734,65.63844101231894,7.70865661620565e-07
HD 178478, ,19,8,18.8,+,15,1,2,48,3,8.242,0.415,2.582,0.027,3.757,-0.28,47,4.77,0.54,11.3,2.0,0.0,0.9,0.84,0.98,-110.4,0.3,0.1,2,378,0.928,3,62,58,1,0.0,0.0,-86,-70,-12,7.969,0.003,4.26,8.86,0.35,0.08,287.0783333333333,15.017222222222223,31.406036,34.879944,2.45979,PM*,G,5714.786366718672,46.93558980854968,1.8406817244279151e-06
HD 178673, ,19,10,41.8,-,29,48,49,8,-17,8.021,0.365,2.616,0.012,3.772,-0.27,73,3.7,1.26,7.3,5.8,8.9,1.06,1.0,1.12,27.6,0.3,0.1,2,1525,0.985,5,-108,-89,3,13.7,1.2,39,-37,14,7.931,-0.021,5.78,8.56,0.19,0.35,287.6741666666667,-29.81361111111111,69.13085,9.715708,-21.343134,PM*,G,5915.616341754737,69.8102385303457,4.1973839773752496e-07
HD 179889, ,19,38,34.0,-,85,0,16,308,-28,8.275,0.377,2.627,0.035,3.784,-0.09,93,3.27,1.24,3.1,2.6,5.1,1.21,1.15,1.34,-33.4,0.4,0.7,3,2209,0.021,3,93,-28,2,10.7,0.8,-44,26,-18,7.949,-0.044,7.68,10.53,0.16,0.19,294.6416666666666,-85.00444444444445,50.554504,-64.70681,-43.66086,PM*,G,6081.350012787177,82.11412262858391,2.3172809979074063e-07
HD 180502, ,19,15,38.0,+,29,7,19,62,8,7.922,0.408,2.614,0.027,3.773,0.37,88,3.07,1.28,2.4,2.0,2.9,1.43,1.39,1.47,-7.4,0.2,0.3,2,1048,0.336,2,-6,-88,1,11.3,0.8,28,-21,-15,7.958,0.012,6.6,8.54,0.13,0.12,288.9083333333333,29.121944444444445,40.91144,76.943214,12.247233,PM*,G,5929.2532458,87.14358326075073,1.7578374000538127e-07
HD 180751, ,19,19,33.1,-,42,3,54,356,-23,8.001,0.373,2.616,0.024,3.782,-0.14,84,3.28,1.33,4.7,2.8,5.6,1.19,1.12,1.29,-22.5,0.2,0.1,3,1813,0.957,7,74,-15,2,11.9,1.1,-32,5,-19,7.923,-0.032,7.65,8.94,0.08,0.19,289.8879166666666,-42.065,77.134056,-5.3937316,-32.821415,PM*,G,6053.408747539136,77.32240901306668,2.3495175877295774e-07
HD 181177, ,19,23,36.4,-,63,11,30,333,-28,8.054,0.404,2.594,0.006,3.754,-0.23,63,4.05,1.28,10.8,8.9,12.8,0.99,0.95,1.04,48.3,0.2,0.3,5,2219,0.575,2,-83,-136,2,15.8,1.1,28,-62,-4,7.95,-0.029,4.82,8.2,0.26,0.05,290.90166666666664,-63.19166666666666,49.56286,-25.25354,-29.57671,PM*,G,5675.446054085472,55.62569886222734,6.80735971699978e-07
HD 181253, ,19,19,17.0,+,14,10,39,49,0,7.515,0.345,2.637,0.015,3.785,-0.13,76,3.12,1.41,2.9,2.5,4.8,1.31,1.18,1.38,-29.0,0.3,0.1,2,744,0.842,8,2,10,2,13.2,1.0,-22,-19,1,7.95,0.001,7.03,8.03,0.07,0.12,289.8208333333333,14.1775,49.860485,57.35793,0.0,*,G,6095.368972401694,76.00000064684292,1.8835567096263446e-07
HD 181428, ,19,21,39.3,-,29,36,19,9,-19,7.106,0.368,2.628,0.022,3.783,0.01,50,3.52,0.92,3.4,2.9,3.8,1.25,1.14,1.3,36.7,0.2,0.4,4,3967,0.134,6,124,-10,1,20.0,1.0,24,13,-38,7.953,-0.016,7.57,9.77,0.13,0.6,290.41375,-29.60527777777778,46.693886,7.395585,-16.278406,PM*,G,6067.363295885053,47.27593116241309,3.2732464109851e-07
HD 181720, ,19,22,52.9,-,32,55,8,6,-20,7.846,0.386,2.576,0.0,3.757,-0.54,56,4.11,1.39,12.1,9.9,14.7,0.9,0.85,0.94,-45.2,0.2,0.3,5,4671,0.421,2,92,-414,2,17.9,1.3,-51,-102,-42,7.948,-0.02,3.29,8.15,0.43,0.65,290.72041666666667,-32.91888888888889,52.334515,5.5005794,-19.153128,PM*,G,5714.786366718672,52.62278816274305,7.395690025727166e-07
HD 182407, ,19,24,23.0,+,5,33,51,42,-5,7.78,0.384,2.613,0.016,3.767,-0.04,95,2.89,1.98,3.7,2.7,4.4,1.31,1.26,1.4,-28.0,0.2,0.2,2,641,0.509,6,4,22,2,10.5,1.0,-27,-11,5,7.929,-0.008,7.34,8.21,0.06,0.19,291.0958333333333,5.564166666666667,70.33011,63.325516,-8.279795,*,G,5847.900841444806,94.63849824082352,1.370814533965882e-07
HD 182758, ,19,24,56.1,+,31,48,4,65,7,8.186,0.357,2.599,0.003,3.77,-0.58,66,4.08,1.16,10.4,6.6,12.5,0.96,0.87,1.01,2.5,0.2,0.1,3,785,0.975,5,72,-92,2,15.1,0.8,17,0,-33,7.972,0.009,7.52,8.88,0.08,0.44,291.23375,31.801111111111112,27.684898,59.370453,8.043377,PM*,G,5888.43655355589,65.508047343022,7.095429681178739e-07
HD 183216, ,19,29,40.5,-,30,47,51,8,-21,7.149,0.376,2.615,0.002,3.77,0.13,35,4.45,0.2,4.0,0.0,7.4,1.11,1.05,1.15,-43.1,0.2,0.3,5,1785,0.38,5,4,-263,2,28.8,1.0,-38,-47,0,7.968,-0.013,5.53,8.15,0.19,0.11,292.41875,-30.797500000000003,32.357323,4.5475254,-12.542878,PM*,G,5888.43655355589,32.67531696846986,1.182983535779732e-06
HD 183263, ,19,28,24.5,+,8,21,29,45,-4,7.872,0.407,2.611,0.022,3.77,0.32,53,4.16,0.3,3.3,1.1,5.8,1.17,1.14,1.2,-50.7,0.2,0.4,3,1094,0.327,2,-18,-32,2,18.9,1.1,-30,-42,4,7.962,-0.004,5.84,8.06,0.16,0.16,292.10208333333327,8.358055555555556,37.38537,37.38537,-3.697093,*,G,5888.43655355589,52.87089728833624,7.92462463811988e-07
HD 183298, ,19,26,22.0,+,50,59,14,83,16,8.152,0.377,2.621,0.016,3.769,-0.02,84,3.53,1.27,5.7,4.8,6.7,1.15,1.11,1.21,-18.8,0.5,0.7,2,307,0.051,6,30,74,1,11.9,0.7,-34,-14,-4,7.99,0.023,7.13,8.36,0.08,0.05,291.59166666666664,50.98722222222222,9.840458,80.14411,23.153538,PM*,G,5874.893525297769,80.74597811248474,3.318781804419511e-07
HD 183341, ,19,28,46.3,+,11,1,37,47,-3,7.455,0.383,2.613,0.013,3.764,-0.06,45,4.21,0.74,7.8,5.1,11.4,1.02,0.98,1.08,-41.3,0.2,0.1,3,1094,0.933,4,-10,-27,2,22.4,0.9,-24,-34,1,7.97,-0.002,6.26,8.03,0.12,0.12,292.1929166666666,11.026944444444446,30.647863,32.865814,-2.355118,*,G,5807.644175213118,44.9383270310474,8.491388286507029e-07
HD 183414, ,19,35,9.7,-,69,58,32,326,-29,7.901,0.418,2.599,0.019,3.744,-0.25,35,5.15,0.41,14.1,2.1,0.0,0.85,0.82,0.93,3.2,0.2,0.4,6,2904,0.468,10,-2,-174,2,28.2,1.0,-13,-26,-2,7.974,-0.017,6.74,7.98,0.08,0.08,293.7904166666666,-69.97555555555556,25.378237,-17.117847,-16.968336,PM*,G,5546.25712957911,30.611690563305682,3.1115637291006563e-06
HD 183490, ,19,28,39.1,+,31,20,27,65,7,8.218,0.411,2.613,0.033,3.771,0.21,77,3.64,0.92,5.0,2.8,6.9,1.22,1.15,1.31,-66.1,0.4,0.7,3,1094,0.014,3,-55,-54,2,0.0,0.0,-4,-72,1,7.968,0.009,4.52,7.97,0.28,0.12,292.1629166666666,31.34083333333333,32.29905,69.265526,9.38394,PM*,G,5902.010801718442,76.4260539538656,3.863480284458676e-07
HD 183505, ,19,35,16.5,-,69,5,36,327,-29,8.163,0.42,2.585,0.0,3.746,-0.03,44,4.93,0.41,11.7,3.2,0.0,0.91,0.86,0.99,29.0,0.1,0.3,6,2904,0.37,3,-25,-178,2,22.6,1.1,3,-46,-10,7.968,-0.022,5.66,8.01,0.17,0.04,293.81875,-69.09333333333333,32.274788,-20.959486,-21.331623,PM*,G,5571.857489319298,38.4832690117295,2.296036038019654e-06
HD 183650, ,19,29,21.4,+,31,36,31,65,7,6.946,0.457,0.0,0.0,3.734,0.1,36,4.14,1.36,10.6,9.6,11.8,1.04,1.0,1.07,-10.2,0.1,0.2,18,3026,0.996,1,-24,-411,2,27.5,0.7,56,-33,-31,7.985,0.004,5.76,9.1,0.22,0.41,292.33916666666664,31.608611111111117,15.100854,32.383884,4.3872967,PM*,G,5420.008904016238,35.731662911971675,7.70865661620565e-07
HD 183877, ,19,32,40.3,-,28,1,11,11,-21,7.159,0.428,2.579,0.0,3.739,-0.27,26,5.08,0.6,0.0,10.8,0.0,0.85,0.82,0.89,-42.9,0.1,0.3,6,3274,0.498,2,71,-749,1,38.4,1.1,-37,-93,-23,7.976,-0.009,3.65,8.07,0.38,0.25,293.16791666666666,-28.01972222222222,23.827126,4.631524,-9.317567,PM*,G,5482.769649208536,24.27309102653496,2.8247414342353697e-06
HD 184317, ,19,34,26.0,-,12,55,36,26,-15,7.74,0.381,2.615,0.005,3.769,0.16,49,4.28,0.37,4.6,2.0,7.4,1.13,1.07,1.17,7.2,0.2,0.2,4,1528,0.613,4,-171,-95,2,20.3,0.9,29,-27,24,7.957,-0.013,6.38,8.52,0.14,0.56,293.6083333333333,-12.926666666666666,42.54025,20.748266,-12.682133,PM*,G,5874.893525297769,47.33036458838296,9.353597990167014e-07
HD 184385, ,19,33,25.5,+,21,50,25,57,1,6.899,0.454,0.0,0.0,3.731,0.01,20,5.38,0.25,0.0,0.0,0.0,0.87,0.84,0.96,11.0,0.1,0.3,45,7393,0.458,2,-21,-205,1,49.6,0.9,21,-1,-7,7.989,0.0,7.42,8.97,0.09,0.0,293.35625,21.84027777777777,10.891122,16.770857,0.3490481,PM*,G,5382.697825162882,19.99695434143242,4.275419171710767e-06
HD 184403, ,19,33,26.2,+,23,29,51,58,2,7.818,0.41,2.616,0.031,3.77,0.22,44,4.45,0.12,2.8,0.0,7.2,1.12,1.08,1.15,-27.3,0.2,0.2,3,777,0.63,1,-30,-2,1,22.5,1.0,-11,-25,4,7.977,0.001,6.81,7.98,0.08,0.17,293.3591666666666,23.4975,23.302244,37.291386,1.5355778,*,G,5888.43655355589,43.97319689579702,1.182983535779732e-06
HD 184525, ,19,34,29.2,+,11,15,30,48,-4,8.191,0.401,2.602,0.008,3.757,0.04,75,3.82,1.22,7.4,5.5,9.5,1.08,1.01,1.16,0.1,0.4,0.6,3,807,0.075,5,-60,-93,2,0.0,0.0,29,-26,3,7.95,-0.006,6.36,8.49,0.14,0.15,293.62166666666667,11.258333333333333,50.062546,55.600098,-5.231735,PM*,G,5714.786366718672,74.81730688558443,4.954258924249949e-07
HD 184592, ,19,34,55.6,+,11,25,26,48,-4,7.922,0.415,2.592,0.0,3.748,-0.03,42,4.8,0.5,11.7,5.4,17.5,0.91,0.87,0.99,-60.2,0.2,0.2,3,1098,0.635,1,278,8,2,23.7,1.1,-63,-29,-43,7.972,-0.003,6.12,8.86,0.18,0.7,293.7316666666666,11.423888888888888,28.035025,31.136053,-2.9297717,PM*,G,5597.576014951104,41.897689950275705,1.9185746433369414e-06
HD 184601, ,19,31,44.5,+,60,51,51,93,19,8.264,0.363,2.587,0.0,3.765,-0.93,78,3.8,1.78,10.4,8.8,12.1,0.89,0.86,0.94,-63.0,0.7,1.0,2,753,0.044,3,-53,-92,2,12.8,0.7,41,-60,-15,8.003,0.025,4.87,8.48,0.27,0.12,292.93541666666664,60.86416666666667,-3.8597994,73.649376,25.394316,PM*,G,5821.032177708716,73.75044838234963,4.81924161443639e-07
HD 184954, ,19,37,52.8,-,28,48,58,11,-22,8.121,0.434,2.605,0.044,3.767,0.24,87,3.23,1.39,5.0,2.6,6.6,1.41,1.31,1.48,-12.8,0.5,0.7,2,717,0.04,3,4,-45,2,8.4,1.1,-11,-20,-3,7.921,-0.033,7.05,7.92,0.06,0.07,294.47,-28.816111111111116,79.182945,15.391606,-32.59077,*,G,5847.900841444806,80.6649881555329,2.1926973935468034e-07
HD 185269, ,19,37,11.7,+,28,29,59,63,4,6.672,0.391,2.615,0.026,3.776,0.02,47,3.18,1.42,4.2,2.6,4.7,1.35,1.3,1.4,0.2,0.2,0.2,2,1049,0.602,4,-33,-81,2,21.1,0.7,18,-8,-2,7.979,0.003,7.26,8.58,0.08,0.07,294.29875,28.499722222222225,21.28558,41.7753,3.2785542,PM*,G,5970.352865838366,46.88551595137245,2.0463442728739028e-07
HD 185615, ,19,41,13.6,-,32,52,24,7,-24,8.117,0.45,0.0,0.0,3.735,0.08,41,5.03,0.47,14.8,6.6,0.0,0.9,0.87,0.97,9.1,0.1,0.3,5,2582,0.475,2,-78,-116,2,24.1,1.1,15,-24,3,7.962,-0.017,6.64,8.23,0.11,0.15,295.3066666666666,-32.873333333333335,37.176178,4.564661,-16.676203,PM*,G,5432.503314924331,37.455364645569865,2.636202092139624e-06
HD 185707, ,19,41,0.2,-,15,24,16,24,-18,8.255,0.406,2.591,0.009,3.753,-0.08,71,4.0,1.23,9.5,7.2,12.2,1.02,0.95,1.07,-17.7,0.1,0.2,6,3331,0.836,3,94,-21,2,0.0,0.0,-27,-5,-25,7.938,-0.022,7.57,8.36,0.05,0.27,295.2508333333333,-15.404444444444444,61.687172,27.4649,-21.940207,PM*,G,5662.3928903825345,67.52501700383038,6.352997732962232e-07
HD 185975, ,20,28,18.7,-,87,28,19,306,-28,8.107,0.428,2.601,0.0,3.744,-0.07,78,3.64,1.78,7.2,6.2,8.3,1.11,1.06,1.16,-20.0,0.2,0.3,5,2215,0.356,1,171,-57,1,12.8,0.7,-60,7,-35,7.96,-0.037,7.2,9.91,0.16,0.51,307.0779166666666,-87.47194444444445,40.480705,-55.716938,-36.618782,PM*,G,5546.25712957911,68.86991111793937,3.863480284458676e-07
HD 186104, ,19,42,29.7,+,1,35,11,40,-11,7.643,0.413,2.587,0.0,3.751,0.02,40,4.62,0.57,10.3,6.0,14.4,0.96,0.9,1.02,-62.2,0.2,0.3,2,643,0.341,2,160,-60,1,24.8,1.1,-54,-40,-20,7.97,-0.007,5.73,8.45,0.19,0.2,295.62375,1.586388888888889,30.078802,25.23911,-7.63236,PM*,G,5636.376558259543,39.265086315291654,1.4961622761605684e-06
HD 186411, ,19,42,39.4,+,37,39,32,72,7,8.083,0.403,2.601,0.024,3.77,0.07,100,2.98,1.72,3.0,2.4,4.7,1.39,1.23,1.49,-73.6,0.2,0.3,3,1682,0.496,4,44,94,1,0.0,0.0,-69,-55,-6,7.969,0.012,4.98,8.63,0.27,0.03,295.66416666666663,37.65888888888889,30.67136,94.39675,12.186934,PM*,G,5888.43655355589,99.25461568517657,1.5523108761915437e-07
HD 186413, ,19,44,4.3,+,3,30,27,42,-10,8.005,0.38,2.605,0.009,3.766,-0.18,74,3.66,1.35,7.1,5.8,8.6,1.09,1.03,1.14,-40.0,0.2,0.4,3,1099,0.283,3,52,-128,2,13.5,1.1,-13,-54,-30,7.946,-0.013,5.35,7.95,0.2,0.35,296.0179166666666,3.5075,54.15725,48.76341,-12.849965,PM*,G,5834.451042737448,72.87577020101125,3.9717206999138233e-07
HD 186760, ,19,43,14.4,+,58,0,59,90,16,6.275,0.379,2.621,0.023,3.781,0.05,45,2.91,1.54,2.5,2.3,2.8,1.44,1.41,1.47,-29.9,0.1,0.3,12,3016,0.61,6,128,-54,1,22.2,0.5,-1,-20,-37,8.0,0.013,7.11,8.05,0.06,0.5,295.80999999999995,58.01638888888889,-1.8908137e-06,43.256775,12.403681,PM*,G,6039.4862937638,43.25677500000004,1.4092196826255733e-07
HD 186803, ,19,47,18.1,-,18,44,47,22,-20,7.595,0.431,2.588,0.0,3.738,-0.19,31,5.14,0.5,0.0,8.1,0.0,0.86,0.83,0.91,-23.4,0.1,0.3,5,2937,0.454,4,-68,-111,2,32.3,0.9,-12,-26,11,7.973,-0.011,6.79,7.97,0.08,0.27,296.8254166666666,-18.74638888888889,27.009302,10.912466,-10.602624,PM*,G,5470.159628939716,29.130470451545406,3.0688714742461266e-06
HD 186853, ,19,47,51.1,-,29,9,33,11,-24,7.701,0.421,2.593,0.0,3.745,-0.06,34,5.04,0.35,0.0,0.0,0.0,0.89,0.85,0.98,19.0,0.1,0.3,5,2155,0.358,3,-98,23,2,29.4,1.1,24,3,7,7.97,-0.014,7.43,9.2,0.11,0.22,296.9629166666667,-29.159166666666664,30.489874,5.9266315,-13.829046,PM*,G,5559.042572704037,31.060543740776147,2.6728753163232114e-06
HD 187085, ,19,49,33.9,-,37,46,49,2,-27,7.225,0.356,2.625,0.002,3.779,0.05,45,3.96,0.54,3.9,2.5,6.1,1.16,1.08,1.22,14.9,0.2,0.4,5,1830,0.247,6,10,-104,2,22.2,1.1,11,-20,-14,7.96,-0.021,6.89,8.19,0.09,0.1,297.39125,-37.780277777777776,40.07087,1.3993056,-20.429571,PM*,G,6011.737374832779,40.095294969847664,6.011442541001502e-07
HD 187123, ,19,46,58.1,+,34,25,10,69,5,7.834,0.405,2.608,0.011,3.757,0.17,48,4.43,0.51,7.3,3.8,10.6,1.07,1.05,1.12,-17.6,0.2,0.2,2,330,0.425,2,143,-126,2,20.9,0.7,3,-16,-44,7.983,0.004,7.29,8.13,0.05,0.66,296.7420833333333,34.419444444444444,17.136206,44.641335,4.1834755,PM*,G,5714.786366718672,47.817343575910414,1.150743950203592e-06
HD 187237, ,19,48,0.8,+,27,52,10,64,1,6.877,0.409,2.599,0.012,3.75,-0.12,26,4.8,0.53,12.5,6.3,0.0,0.9,0.86,0.97,-33.2,0.2,0.3,2,709,0.42,2,-10,222,2,38.4,0.7,-35,-20,14,7.989,0.001,6.88,8.31,0.09,0.34,297.00333333333333,27.869444444444444,11.395915,23.365086,0.45376256,PM*,G,5623.413251903491,25.99604051532889,1.9185746433369414e-06
HD 187300, ,19,48,34.8,+,20,12,45,57,-3,8.2,0.344,2.615,-0.008,3.782,-0.19,81,3.66,0.99,5.4,3.1,7.2,1.1,1.04,1.17,-19.8,0.3,0.2,2,305,0.678,7,25,-42,1,0.0,0.0,-3,-22,-16,7.956,-0.004,6.93,7.98,0.07,0.12,297.145,20.2125,44.055305,67.83922,-4.2392125,PM*,G,6053.408747539136,80.88899596886726,3.9717206999138233e-07
HD 187462, ,19,49,8.5,+,27,43,54,64,1,6.961,0.383,2.619,0.023,3.778,0.03,50,3.39,1.15,3.2,2.7,5.4,1.29,1.17,1.34,2.9,0.2,0.1,2,375,0.79,3,94,-216,2,20.2,0.7,31,-11,-45,7.978,0.001,6.97,8.94,0.12,0.73,297.2854166666666,27.731666666666666,21.915222,44.932858,0.8726203,PM*,G,5997.910762555094,49.99238625388318,2.7351345804337536e-07
HD 187548, ,19,49,26.8,+,28,36,36,65,1,7.977,0.353,2.603,0.006,3.772,-0.61,45,4.71,0.51,4.6,0.0,11.5,0.93,0.85,1.0,14.8,0.3,0.7,5,3614,0.071,3,75,70,2,22.2,0.9,-13,23,-6,7.981,0.001,7.98,9.89,0.11,0.02,297.3616666666666,28.610000000000003,19.014927,40.77764,0.78535825,PM*,G,5915.616341754737,44.99314806484348,1.6942547049835658e-06
HD 187748, ,19,48,15.4,+,59,25,22,92,16,6.649,0.372,2.62,0.009,3.769,-0.06,28,4.38,0.46,6.6,3.2,9.8,1.03,0.97,1.09,-5.5,0.2,0.3,2,346,0.348,6,17,117,1,35.2,0.5,-15,-7,3,8.001,0.008,7.81,8.07,0.02,0.15,297.0641666666666,59.422777777777775,-0.93933046,26.898932,7.717846,PM*,G,5874.893525297769,26.915328057701764,1.0739367406436191e-06
HD 187792, ,19,47,46.4,+,63,51,37,96,18,7.869,0.375,2.609,0.009,3.767,-0.15,53,4.24,0.72,7.6,5.1,11.7,1.01,0.97,1.07,-24.4,0.2,0.2,4,1359,0.901,3,-48,38,2,18.8,0.6,-1,-28,7,8.005,0.017,6.65,8.04,0.09,0.21,296.9433333333333,63.86027777777778,-5.2688637,50.12987,16.377901,PM*,G,5847.900841444806,50.405999552692904,8.850722010772422e-07
HD 187876, ,19,49,12.1,+,57,24,33,90,15,7.76,0.379,2.613,0.013,3.765,-0.13,49,4.32,0.67,8.0,5.1,11.7,1.0,0.96,1.06,-52.4,0.2,0.3,2,403,0.423,4,-8,-61,2,20.5,0.6,14,-49,-18,8.0,0.013,5.51,8.12,0.19,0.17,297.30041666666665,57.40916666666666,-2.068876e-06,47.330364,12.682133,PM*,G,5821.032177708716,47.330364000000046,9.885046130154186e-07
HD 187881, ,19,51,32.0,+,22,16,50,59,-2,7.915,0.414,2.598,0.031,3.765,-0.04,81,3.23,1.68,4.6,4.0,5.5,1.22,1.16,1.28,-11.4,0.2,0.1,2,342,0.832,2,-111,-127,1,12.3,1.0,49,-42,12,7.959,-0.003,5.49,8.76,0.23,0.32,297.8833333333333,22.280555555555555,41.692673,69.38826,-2.8268592,PM*,G,5821.032177708716,80.95066156439074,2.1926973935468034e-07
HD 187882, ,19,51,37.2,+,22,9,21,59,-2,8.18,0.39,2.6,0.03,3.77,-0.52,76,3.64,1.56,7.8,6.4,9.4,1.02,0.97,1.07,-56.0,0.2,0.1,2,380,0.722,2,60,-57,1,13.1,1.1,-23,-53,-27,7.961,-0.003,5.38,8.0,0.2,0.3,297.905,22.15583333333333,39.11905,65.105034,-2.6523616,PM*,G,5888.43655355589,75.9537064602094,3.863480284458676e-07
HD 187897, ,19,52,9.3,+,7,27,36,47,-10,7.15,0.399,2.602,0.012,3.756,-0.08,33,4.53,0.63,10.2,6.3,14.1,0.96,0.91,1.02,-38.2,0.2,0.3,2,698,0.435,5,134,67,2,29.9,1.0,-42,-16,-7,7.977,-0.006,6.92,8.51,0.1,0.01,298.03875,7.46,22.164026,23.768011,-5.73039,PM*,G,5701.642722807472,32.49865220935781,1.321230833841885e-06
HD 187956, ,19,51,6.0,+,39,31,39,74,7,8.147,0.306,2.648,0.009,3.8,-0.42,72,3.85,0.59,3.6,1.9,5.0,1.1,1.05,1.17,9.4,0.7,0.9,2,317,0.397,21,15,-39,1,13.8,0.7,11,8,-10,7.981,0.008,7.75,9.12,0.08,0.04,297.775,39.5275,19.697966,68.694954,8.774593,*,G,6309.57344480193,71.46332324765811,5.163910426473034e-07
HD 188015, ,19,52,4.5,+,28,6,1,65,1,8.235,0.439,2.597,0.0,3.742,0.21,53,4.63,0.62,10.8,6.0,0.0,0.97,0.93,1.07,-0.4,0.2,0.3,2,698,0.33,2,54,-90,2,19.0,0.9,11,-5,-23,7.977,0.0,7.5,8.51,0.06,0.25,298.01874999999995,28.10027777777778,22.395357,48.026997,0.9249775,PM*,G,5520.774392807573,52.99192821548824,1.5169759667089017e-06
HD 188345, ,19,53,59.7,+,20,0,34,58,-4,7.979,0.388,2.602,0.009,3.764,-0.04,71,3.71,1.23,6.8,5.6,8.1,1.11,1.06,1.16,-86.3,0.2,0.3,3,377,0.558,4,73,-11,2,14.0,0.9,-55,-69,-17,7.962,-0.005,4.5,8.28,0.3,0.15,298.49875,20.009444444444444,37.53262,60.064743,-4.952709,PM*,G,5807.644175213118,70.82704932241953,4.2557754049694857e-07
HD 188641, ,19,57,37.1,-,37,44,42,3,-29,7.348,0.403,2.601,0.024,3.766,-0.12,60,3.35,1.61,5.2,4.5,6.2,1.18,1.12,1.26,-34.1,0.2,0.2,4,3223,0.707,5,7,39,2,16.6,1.1,-30,9,17,7.947,-0.029,7.75,9.18,0.08,0.42,299.4045833333333,-37.745,52.405266,2.7464437,-29.088577,*,G,5834.451042737448,52.477184161576595,2.5880859813430504e-07
HD 188659, ,19,57,15.4,-,26,13,2,15,-25,8.117,0.328,2.621,-0.013,3.791,-0.11,64,4.08,0.29,3.2,0.0,5.5,1.13,1.06,1.18,-10.0,0.3,0.2,2,717,0.546,8,9,45,2,15.6,1.0,-12,11,6,7.944,-0.027,7.94,9.04,0.06,0.21,299.3141666666666,-26.21722222222222,56.027267,15.012462,-27.04757,*,G,6180.164001384158,58.00369525117114,7.095429681178739e-07
HD 188748, ,20,1,52.0,-,69,11,16,326,-31,8.133,0.425,2.584,0.0,3.742,-0.17,38,5.26,0.28,0.0,0.0,0.0,0.86,0.82,0.95,-31.4,0.1,0.3,8,3330,0.467,2,223,-135,2,26.6,1.0,-54,2,-15,7.973,-0.02,7.21,9.43,0.13,0.13,300.4666666666666,-69.18777777777778,27.003704,-18.21424,-19.571447,PM*,G,5520.774392807573,32.57235896426932,3.6222523292156442e-06
HD 189067, ,19,57,19.7,+,24,5,17,62,-3,7.204,0.395,2.608,0.018,3.758,-0.13,43,4.06,1.09,9.9,8.4,11.5,1.02,0.98,1.05,-11.3,0.2,0.1,2,359,0.748,2,-114,-126,1,23.5,0.8,24,-26,7,7.98,-0.002,6.48,8.43,0.13,0.22,299.3320833333333,24.08805555555556,20.159615,37.914715,-2.2504463,PM*,G,5727.960309858292,42.94107230239425,6.902059523871276e-07
HD 189087, ,19,57,13.4,+,29,49,26,67,0,7.886,0.483,0.0,0.0,3.715,-0.17,26,5.85,0.23,0.0,0.0,0.0,0.81,0.78,0.87,-30.1,0.1,0.2,20,5194,0.98,2,96,243,2,39.2,1.0,-41,-15,5,7.99,0.0,6.97,8.51,0.1,0.19,299.3058333333333,29.823888888888888,10.159012,23.933125,0.0,PM*,G,5188.000389289609,25.999999943880173,8.184246481396083e-06
HD 189567, ,20,5,32.7,-,67,19,15,328,-32,6.078,0.403,2.59,0.009,3.75,-0.28,18,4.84,0.62,15.1,8.6,0.0,0.86,0.84,0.91,-10.8,0.2,0.4,7,3330,0.083,2,845,-674,2,56.5,0.7,-70,-32,-50,7.987,-0.009,5.95,9.02,0.2,0.87,301.38625,-67.32083333333333,12.94534,-8.089147,-9.538547,PM*,G,5623.413251903491,15.264865767611878,2.0275832758118263e-06
HD 189625, ,20,1,32.8,-,16,52,8,25,-23,7.336,0.406,2.607,0.008,3.757,0.22,34,4.66,0.23,5.5,0.0,11.0,1.08,1.01,1.11,-28.5,0.1,0.2,6,2558,0.919,3,148,-77,1,29.2,0.9,-32,-18,-14,7.971,-0.013,6.98,8.24,0.08,0.1,300.3866666666666,-16.86888888888889,28.364862,13.226753,-13.284859,PM*,G,5714.786366718672,31.29716267015355,1.5811704900714475e-06
HD 189931, ,20,4,2.6,-,37,52,35,3,-30,6.911,0.389,2.599,-0.005,3.762,0.04,28,4.69,0.23,5.5,0.0,10.6,1.02,0.95,1.09,-41.1,0.1,0.1,6,2556,0.958,4,79,-390,2,35.9,0.9,-43,-51,1,7.976,-0.014,5.34,8.2,0.21,0.12,301.0108333333333,-37.87638888888889,24.215479,1.2690796,-14.0,PM*,G,5780.960474057181,24.248711022043565,1.648081560643825e-06
HD 190102, ,20,4,18.0,-,26,19,46,16,-27,8.176,0.389,2.601,-0.007,3.762,0.06,46,4.85,0.05,0.0,0.0,8.5,1.02,0.95,1.07,-10.0,0.2,0.2,5,2979,0.938,11,32,-78,2,21.6,1.1,-10,-17,-6,7.96,-0.021,7.23,7.96,0.05,0.02,301.07499999999993,-26.329444444444444,39.39856,11.297356,-20.883562,PM*,G,5780.960474057181,40.986299938690934,2.055789768874886e-06
HD 190151, ,20,3,2.5,+,18,17,43,57,-7,6.847,0.385,2.612,0.013,3.769,0.05,64,2.81,1.93,2.5,2.3,3.6,1.48,1.43,1.52,-57.1,0.2,0.2,2,832,0.588,8,49,-26,1,15.6,0.8,-32,-49,-10,7.966,-0.007,5.5,8.08,0.19,0.04,300.76041666666663,18.29527777777778,34.59708,53.27483,-7.7996383,PM*,G,5874.893525297769,63.522952198833615,1.2273790338163375e-07
HD 190248, ,20,8,43.6,-,66,10,55,330,-32,3.546,0.458,2.603,0.0,3.735,0.27,6,4.62,0.76,11.4,6.6,13.4,0.98,0.95,1.01,-21.9,0.1,0.3,5,1766,0.261,1,1211,-1131,1,163.7,0.6,-49,-14,-15,7.996,-0.003,6.89,8.77,0.12,0.12,302.1816666666666,-66.18194444444445,4.4065866,-2.544145,-3.1795156,PM*,G,5432.503314924331,5.088288439576177,1.4961622761605684e-06
HD 190605, ,20,4,55.1,+,26,3,15,64,-3,7.685,0.418,2.599,0.026,3.762,0.08,44,4.33,0.56,7.0,3.7,10.1,1.07,1.0,1.13,23.5,0.1,0.3,7,1684,0.367,3,52,-382,2,22.5,0.9,65,-8,-53,7.981,-0.002,6.44,10.2,0.23,1.07,301.2295833333333,26.054166666666667,19.261896,39.492737,-2.3027823,PM*,G,5780.960474057181,43.93969632651078,1.0022560819895619e-06
HD 190617, ,20,6,32.5,-,21,40,36,21,-26,8.002,0.371,2.593,0.005,3.764,-0.54,47,4.63,0.72,10.3,4.3,15.6,0.88,0.82,0.97,7.8,0.2,0.5,8,5475,0.067,3,-203,-98,2,21.2,1.0,34,-26,28,7.96,-0.021,6.35,8.65,0.15,0.66,301.63541666666663,-21.67666666666667,39.437534,15.138652,-20.603445,PM*,G,5807.644175213118,42.243317487837764,1.5169759667089017e-06
HD 190647, ,20,7,19.6,-,35,32,19,6,-30,7.779,0.458,0.0,0.0,3.734,0.12,54,4.1,1.39,10.2,8.8,11.9,1.04,1.0,1.08,-40.8,0.2,0.3,3,2283,0.338,1,-28,-206,2,18.4,1.1,-32,-57,15,7.953,-0.027,5.13,8.05,0.22,0.35,301.8316666666666,-35.53861111111111,46.509186,4.8883123,-27.0,PM*,G,5420.008904016238,46.76537158544693,7.294217354462061e-07
HD 190873, ,20,7,9.1,-,0,52,27,41,-17,8.177,0.439,2.568,0.0,3.737,-0.07,48,4.77,0.8,0.0,12.3,0.0,0.89,0.87,0.93,-3.5,0.1,0.3,6,3329,0.595,3,114,-70,1,20.8,1.2,-8,-9,-28,7.965,-0.014,7.74,7.98,0.02,0.33,301.78791666666666,-0.8741666666666666,34.643154,30.114832,-14.033841,PM*,G,5457.57861091271,45.90262765306514,1.8406817244279151e-06
HD 191022, ,20,5,40.4,+,48,34,0,84,9,7.444,0.41,2.602,0.025,3.766,0.07,50,3.85,0.95,6.8,4.2,8.1,1.11,1.08,1.2,-12.9,0.2,0.1,2,362,0.859,2,-86,3,2,20.1,0.6,8,-17,15,7.994,0.008,7.16,8.22,0.07,0.36,301.4183333333333,48.56666666666667,5.162075,49.113888,7.821724,PM*,G,5834.451042737448,49.384420749687536,5.163910426473034e-07
HD 191358, ,20,8,41.1,+,24,39,4,64,-4,8.13,0.291,2.663,0.012,3.809,-0.4,104,3.04,1.19,2.6,2.2,3.1,1.26,1.16,1.33,2.9,0.2,0.2,4,1115,0.935,6,21,27,1,9.6,1.0,-14,10,-2,7.954,-0.008,7.95,8.97,0.06,0.08,302.17125,24.65111111111111,45.47955,93.24689,-7.254673,*,G,6441.692655151775,103.74667205686454,1.6864703117139513e-07
HD 191649, ,20,8,42.9,+,50,35,10,86,10,7.398,0.36,2.609,0.004,3.772,-0.4,45,4.15,0.92,10.5,5.2,12.3,0.99,0.95,1.04,-8.9,0.2,0.2,3,2858,0.714,4,62,77,1,22.4,0.6,-21,-7,-4,7.997,0.007,7.68,8.23,0.03,0.05,302.17875,50.58611111111112,3.0913537,44.208397,7.814168,PM*,G,5915.616341754737,44.316349500022135,7.81589471190529e-07
HD 191672, ,20,10,21.3,+,21,14,21,61,-7,8.018,0.351,2.598,-0.01,3.775,-0.5,69,3.81,1.26,8.3,6.6,9.8,1.0,0.96,1.06,-33.0,0.2,0.4,7,3371,0.405,4,43,20,1,14.4,1.0,-28,-23,-5,7.966,-0.008,6.79,8.12,0.09,0.04,302.58875,21.239166666666662,33.20252,59.898933,-8.408985,*,G,5956.621435290103,68.4856883508437,4.886283943493073e-07
HD 191760,*,20,13,26.7,-,46,12,3,354,-33,8.268,0.406,0.0,0.0,3.758,0.08,85,3.63,1.35,6.2,5.1,7.5,1.14,1.09,1.22,-30.5,0.3,0.4,2,1470,0.224,2,-2,-61,2,11.8,1.0,-29,-22,15,7.929,-0.046,6.85,8.11,0.08,0.36,303.3612499999999,-46.200833333333335,70.89648,-7.4515333,-46.29432,PM*,G,5727.960309858292,71.2869989893768,3.81047134770222e-07
HD 193093, ,20,17,10.4,+,36,3,8,74,0,8.284,0.381,2.617,0.018,3.764,-0.15,66,4.19,0.84,8.6,5.6,11.7,1.0,0.95,1.06,-23.1,0.4,0.6,2,706,0.172,9,26,-26,2,0.0,0.0,-4,-23,-11,7.982,0.0,6.93,8.0,0.07,0.06,304.2933333333333,36.05222222222222,18.19207,63.44327,0.0,*,G,5807.644175213118,65.9999993877106,8.25997438171197e-07
HD 193193, ,20,19,45.1,-,25,13,42,18,-30,7.208,0.378,2.613,0.012,3.765,-0.15,43,4.03,0.98,9.2,6.9,10.7,1.02,0.99,1.07,69.1,0.1,0.1,5,2978,0.945,3,-123,-148,1,23.1,1.0,75,-14,-22,7.964,-0.022,6.07,10.2,0.25,0.25,304.93791666666664,-25.22833333333333,35.41648,11.507512,-21.5,PM*,G,5821.032177708716,37.23909085921062,6.621840265962693e-07
HD 193365, ,20,23,54.2,-,66,10,44,330,-34,8.145,0.382,2.597,-0.005,3.764,-0.19,92,3.33,1.74,5.6,4.4,7.1,1.13,1.07,1.24,16.9,0.2,0.1,2,317,0.772,4,-67,-10,2,10.9,1.1,27,-15,15,7.934,-0.051,6.85,8.63,0.12,0.37,305.9758333333333,-66.17888888888889,66.05302,-38.135746,-51.445747,PM*,G,5807.644175213118,76.27146631668305,2.517553453247534e-07
HD 193454, ,20,20,53.5,-,18,9,22,26,-28,7.813,0.327,2.614,-0.016,3.789,-0.35,82,3.24,1.39,4.7,2.9,5.8,1.15,1.09,1.23,-27.6,0.2,0.1,2,428,0.845,5,57,-36,2,12.2,1.3,-31,-20,-10,7.935,-0.038,6.87,8.16,0.09,0.06,305.2229166666666,-18.15611111111111,65.07422,31.738817,-38.49667,PM*,G,6151.7687270986835,72.40170310958085,2.2232008527922416e-07
HD 193664, ,20,17,31.3,+,66,51,13,100,17,5.922,0.382,2.594,-0.003,3.762,-0.19,18,4.7,0.41,10.0,3.4,13.8,0.95,0.87,1.02,-4.7,0.1,0.2,14,4054,0.984,3,473,296,2,56.9,0.5,-41,-6,-22,8.003,0.005,7.31,8.79,0.09,0.24,304.38041666666663,66.8536111111111,-2.9890907,16.951973,5.2626905,PM*,G,5780.960474057181,17.213484592189793,1.6710086589594444e-06
HD 193813, ,20,20,27.1,+,45,34,35,82,5,8.206,0.329,2.643,0.011,3.793,-0.13,111,2.98,1.37,2.7,2.3,3.3,1.32,1.19,1.42,-29.6,0.3,0.1,2,319,0.955,4,9,56,2,0.0,0.0,-31,-27,10,7.985,0.01,6.61,8.16,0.1,0.26,305.1129166666666,45.57638888888889,15.38943,109.50148,9.674287,PM*,G,6208.690342300638,110.57761381905155,1.5523108761915437e-07
HD 193909, ,20,21,35.6,+,34,59,59,74,-1,8.118,0.38,2.604,0.0,3.766,0.01,68,3.96,0.89,6.7,4.2,9.0,1.08,1.01,1.14,-37.4,0.3,0.5,2,706,0.201,4,86,51,2,0.0,0.0,-39,-28,-13,7.981,-0.001,6.44,8.28,0.12,0.08,305.3983333333333,34.999722222222225,18.74049,65.35584,-1.1867636,PM*,G,5834.451042737448,67.98964470818846,6.011442541001502e-07
HD 194640, ,20,27,44.2,-,30,52,4,12,-33,6.615,0.443,2.576,0.0,3.735,-0.03,19,5.17,0.41,15.0,5.3,0.0,0.87,0.85,0.93,-0.6,0.1,0.2,5,2803,0.536,2,-14,-519,2,51.5,0.8,5,-47,-9,7.984,-0.011,5.66,8.04,0.17,0.03,306.9341666666666,-30.86777777777778,15.586528,3.3130188,-10.348142,PM*,G,5432.503314924331,15.934740307389307,3.1987382261746624e-06
HD 195016, ,20,27,23.5,+,39,43,50,78,1,7.63,0.366,2.623,0.014,3.772,-0.16,60,3.74,1.12,6.6,4.8,8.6,1.07,1.0,1.14,3.0,0.2,0.3,2,721,0.456,5,-1,-50,2,0.0,0.0,12,1,-8,7.988,0.001,7.63,8.78,0.07,0.01,306.8479166666666,39.730555555555554,12.4728,58.67992,1.0471443,*,G,5915.616341754737,59.99086389648344,4.435868880183037e-07
HD 195034, ,20,28,11.8,+,22,7,44,64,-10,7.09,0.408,0.0,0.0,3.75,-0.14,28,4.84,0.5,12.6,5.8,0.0,0.9,0.85,0.97,-1.6,0.2,0.2,4,1084,0.735,3,-23,-243,1,35.4,0.8,24,-16,-15,7.988,-0.005,6.86,8.57,0.11,0.12,307.0491666666666,22.128888888888888,12.087916,24.783901,-4.8621492,PM*,G,5623.413251903491,27.57461626207801,2.0275832758118263e-06
HD 195087, ,20,25,54.1,+,61,33,19,96,13,7.947,0.376,2.617,0.012,3.771,0.02,81,3.4,1.32,5.0,3.0,6.4,1.17,1.1,1.28,2.3,0.3,0.1,2,332,0.724,5,-20,-91,2,0.0,0.0,33,9,-12,8.009,0.019,7.4,9.77,0.14,0.07,306.47541666666666,61.555277777777775,-8.249805,78.49162,18.221035,PM*,G,5902.010801718442,78.92397413183414,2.773184092623894e-07
HD 195353, ,20,28,49.5,+,48,51,42,86,6,7.591,0.361,2.626,0.019,3.775,-0.28,68,3.43,1.46,6.0,4.6,7.7,1.09,1.03,1.16,-29.9,0.3,0.5,2,716,0.195,6,-45,-125,2,0.0,0.0,39,-31,-15,7.995,0.007,6.04,8.69,0.18,0.11,307.20624999999995,48.861666666666665,4.7174573,67.46275,7.1079354,PM*,G,5956.621435290103,67.62748731795247,2.89053811465814e-07
HD 195419, ,20,29,54.9,+,36,34,34,76,-1,8.168,0.36,2.612,-0.004,3.775,-0.06,64,4.14,0.56,5.5,2.5,8.2,1.07,1.0,1.13,-4.2,0.3,0.3,2,327,0.431,4,40,145,2,0.0,0.0,-42,7,16,7.985,-0.002,7.54,9.37,0.11,0.41,307.47875,36.57611111111112,15.480644,62.08947,-1.116954,PM*,G,5956.621435290103,63.990254129325315,7.70865661620565e-07
HD 195488, ,20,33,56.0,-,52,50,21,346,-37,8.243,0.37,2.602,0.002,3.768,-0.46,89,3.49,1.71,7.1,5.7,8.7,1.04,0.99,1.1,-22.6,0.2,0.1,3,650,0.948,4,20,-29,2,11.2,1.1,-25,-7,7,7.931,-0.053,7.53,8.25,0.05,0.22,308.4833333333333,-52.83916666666667,68.967224,-17.195452,-53.561535,*,G,5861.3816451402845,71.07855904385288,3.140354673806367e-07
HD 195711, ,20,31,1.0,+,46,46,37,84,4,8.144,0.369,2.613,0.009,3.771,-0.2,86,3.47,1.45,6.1,4.6,7.9,1.1,1.04,1.17,-42.6,0.3,0.3,2,333,0.474,3,84,102,2,0.0,0.0,-58,-37,-6,7.992,0.007,5.83,8.59,0.19,0.01,307.7541666666666,46.776944444444446,8.967546,85.32054,5.9990563,PM*,G,5902.010801718442,85.79050895730667,3.054771290620165e-07
HD 195988, ,20,33,1.4,+,41,28,25,80,1,7.254,0.383,2.596,0.007,3.761,-0.33,44,4.04,1.22,10.2,7.5,13.1,0.98,0.89,1.03,-19.2,0.2,0.1,2,379,0.825,5,16,34,1,0.0,0.0,-11,-18,1,7.993,0.001,7.24,7.99,0.05,0.12,308.2558333333333,41.47361111111111,7.639358,43.32494,0.76790583,*,G,5767.664633922509,43.99329740603407,6.713959240189154e-07
HD 196050, ,20,37,51.7,-,60,38,4,336,-36,7.514,0.407,2.611,0.02,3.769,0.33,47,4.07,0.4,3.5,1.8,5.3,1.19,1.16,1.21,60.9,0.2,0.2,3,2193,0.69,4,-190,-65,2,21.3,0.9,66,-37,-1,7.965,-0.028,5.47,9.29,0.26,0.1,309.4654166666666,-60.63444444444444,34.736473,-15.465667,-27.625906,PM*,G,5874.893525297769,38.0238006021836,6.998076736285392e-07
HD 196141, ,20,37,11.6,-,44,44,41,356,-37,8.111,0.413,2.593,0.014,3.746,-0.28,37,5.28,0.27,0.0,0.0,0.0,0.85,0.81,0.94,-19.8,0.2,0.5,6,3299,0.085,4,138,-69,1,27.2,1.2,-31,-9,-8,7.971,-0.022,7.37,8.39,0.06,0.03,309.29833333333335,-44.74472222222222,29.477535,-2.0612671,-22.267155,PM*,G,5571.857489319298,29.549515930616653,3.723734430360274e-06
HD 196227, ,20,43,13.8,-,76,32,50,317,-33,7.669,0.39,2.622,0.027,3.779,0.19,66,3.46,0.92,3.1,2.7,3.5,1.33,1.29,1.36,21.3,0.2,0.2,3,2214,0.571,5,57,-148,2,15.2,0.7,-20,-48,-12,7.959,-0.036,5.57,7.98,0.18,0.08,310.80749999999995,-76.54722222222222,40.482082,-37.75014,-35.94618,PM*,G,6011.737374832779,55.35225409208124,3.0128582572338447e-07
HD 196254, ,20,37,15.8,-,34,9,29,9,-36,8.051,0.353,2.618,0.008,3.774,-0.32,48,4.63,0.32,5.2,0.0,10.9,0.97,0.9,1.04,-0.3,0.2,0.2,5,2984,0.948,3,-111,-14,2,20.7,1.1,15,-6,20,7.961,-0.028,7.41,8.62,0.08,0.46,309.31583333333333,-34.15805555555556,38.35472,6.0747914,-28.213692,PM*,G,5942.921586155727,38.832816493681136,1.5169759667089017e-06
HD 196361, ,20,35,38.5,+,36,28,29,77,-2,8.26,0.396,2.615,0.018,3.76,0.08,66,4.17,0.77,7.7,4.8,10.3,1.06,1.01,1.14,-14.9,0.2,0.1,2,702,0.848,2,-101,-223,1,15.2,0.8,69,-32,-16,7.985,-0.003,5.59,9.48,0.26,0.14,308.9104166666666,36.47472222222223,14.837725,64.26925,-2.3033667,PM*,G,5754.399373371566,65.9597951690128,8.034867148279148e-07
HD 196378, ,20,40,2.6,-,60,32,56,336,-37,5.12,0.356,2.609,0.009,3.773,-0.59,24,3.2,1.98,5.7,5.2,6.1,1.1,1.08,1.13,-31.9,0.1,0.2,5,4672,0.868,7,313,-569,2,41.3,0.7,-65,-49,-2,7.982,-0.014,5.27,8.6,0.24,0.09,310.0108333333333,-60.54888888888889,17.510159,-7.7960215,-14.44356,PM*,G,5929.2532458,19.167253831306752,2.1036752640921397e-07
HD 196390, ,20,39,2.5,-,49,19,53,350,-37,7.345,0.387,2.617,0.008,3.765,0.18,34,4.71,0.02,0.0,0.0,6.9,1.07,1.02,1.1,27.3,0.1,0.3,6,2187,0.378,5,-147,14,1,29.7,0.9,36,-4,2,7.974,-0.02,7.04,9.27,0.14,0.15,309.76041666666663,-49.331388888888895,26.741083,-4.7151814,-20.46171,PM*,G,5821.032177708716,27.15360851982283,1.6942547049835658e-06
HD 196531, ,20,39,2.6,-,28,25,31,16,-35,7.959,0.352,2.606,-0.006,3.776,-0.3,62,3.99,0.9,7.9,4.6,10.3,1.02,0.97,1.08,-33.9,0.2,0.3,4,3219,0.368,5,78,9,2,16.1,1.0,-41,-3,2,7.951,-0.035,7.33,8.82,0.09,0.14,309.76083333333327,-28.42527777777778,48.820007,13.998912,-35.56174,PM*,G,5970.352865838366,50.78742581253545,6.265831336282235e-07
HD 196761, ,20,40,11.7,-,23,46,26,21,-34,6.372,0.442,2.565,0.0,3.731,-0.29,15,5.54,0.32,0.0,0.0,0.0,0.81,0.78,0.9,-42.1,0.2,0.4,6,3274,0.108,2,500,461,1,68.3,0.8,-60,20,4,7.989,-0.008,7.41,10.58,0.18,0.2,310.04875,-23.773888888888887,11.609599,4.4565077,-8.387894,PM*,G,5382.697825162882,12.435563912463332,5.333087391270233e-06
HD 196800, ,20,40,22.3,-,24,7,4,21,-34,7.215,0.383,2.62,0.017,3.767,0.07,43,4.06,0.72,6.4,3.5,8.9,1.09,1.04,1.17,-63.8,0.2,0.2,4,3963,0.828,4,181,-290,2,23.4,0.9,-61,-72,-8,7.967,-0.024,4.37,8.36,0.31,0.03,310.0929166666666,-24.11777777777778,33.28085,12.775322,-24.045294,PM*,G,5847.900841444806,35.64861608711037,6.902059523871276e-07
HD 197037, ,20,39,32.9,+,42,14,54,82,0,6.816,0.334,2.621,-0.006,3.786,-0.2,33,4.24,0.33,4.3,0.3,7.2,1.06,1.0,1.14,8.4,0.4,0.6,2,1084,0.158,4,-63,-220,1,30.5,0.6,34,4,-13,7.995,0.0,7.26,9.53,0.13,0.09,309.88708333333324,42.248333333333335,4.5927124,32.678844,0.0,PM*,G,6109.420249055721,32.999997763112795,8.850722010772422e-07
HD 197140, ,20,40,20.9,+,38,46,49,79,-2,8.034,0.39,2.614,0.019,3.761,-0.08,54,4.38,0.66,8.7,5.4,12.5,0.99,0.95,1.05,-38.6,0.2,0.2,2,702,0.526,1,156,36,2,18.6,0.7,-38,-33,-25,7.99,-0.002,6.25,8.25,0.14,0.27,310.0870833333333,38.780277777777776,10.297413,52.97558,-1.8845727,PM*,G,5767.664633922509,53.96710841641387,1.0739367406436191e-06
HD 197195, ,20,41,53.3,+,12,58,49,58,-17,8.276,0.376,2.629,0.022,3.781,0.18,56,4.45,-0.11,0.0,0.0,4.5,1.14,1.09,1.19,28.6,0.3,0.4,2,367,0.309,5,-95,-74,1,17.9,2.0,42,10,1,7.972,-0.017,7.22,10.04,0.16,0.13,310.4720833333333,12.980277777777776,28.378801,45.415577,-16.372814,PM*,G,6039.4862937638,53.55306695643612,1.182983535779732e-06
HD 197197, ,20,42,37.1,-,13,5,41,33,-31,8.097,0.383,2.576,0.0,3.759,-0.54,72,3.81,1.64,9.9,8.0,12.1,0.97,0.88,1.02,-28.2,0.2,0.2,5,2544,0.866,2,-156,-156,1,13.9,1.4,30,-65,37,7.948,-0.037,4.79,8.24,0.26,0.92,310.6545833333333,-13.094722222222222,51.75943,33.61297,-37.08274,PM*,G,5741.164622073275,61.71604609942053,4.886283943493073e-07
HD 197210, ,20,42,29.4,-,5,18,4,41,-27,7.611,0.436,2.579,0.0,3.738,-0.02,30,5.22,0.29,0.0,0.0,0.0,0.88,0.84,0.97,2.5,0.1,0.3,38,3299,0.717,1,-59,-171,2,33.2,1.2,17,-19,-5,7.98,-0.014,6.87,8.36,0.1,0.04,310.62249999999995,-5.301111111111111,20.173536,17.536587,-13.619715,PM*,G,5470.159628939716,26.730197125196533,3.427509761747643e-06
HD 197263, ,20,41,44.3,+,28,16,10,71,-8,8.161,0.393,2.613,0.035,3.778,-0.1,93,3.17,1.49,4.5,2.7,5.6,1.19,1.12,1.32,-8.1,0.2,0.5,7,3379,0.225,10,-5,-12,2,5.3,0.8,2,-10,0,7.97,-0.014,7.53,8.17,0.04,0.1,310.4345833333333,28.26944444444444,29.983175,87.07747,-12.943099,*,G,5997.910762555094,92.09493235070823,2.0182673768744495e-07
HD 197310, ,20,41,41.1,+,35,32,44,77,-4,7.435,0.396,2.607,0.008,3.759,0.02,46,4.12,0.89,8.1,5.5,10.7,1.03,0.98,1.1,-29.2,0.2,0.2,2,365,0.625,2,92,51,2,0.0,0.0,-27,-24,-7,7.989,-0.003,6.77,8.13,0.09,0.0,310.42125,35.54555555555555,10.322541,44.71184,-3.2087977,PM*,G,5741.164622073275,45.88794491892485,7.49857432246398e-07
HD 197666, ,20,43,2.0,+,52,17,43,90,6,7.746,0.388,2.581,0.007,3.755,-0.9,79,3.27,2.48,7.2,6.3,8.2,1.0,0.96,1.06,-22.4,0.2,0.5,9,1515,0.196,5,-23,164,1,12.7,0.6,-43,-27,42,8.0,0.008,6.57,8.45,0.13,1.02,310.75833333333327,52.29527777777778,-3.4342827e-06,78.56723,8.257749,PM*,G,5688.529308438413,78.56723000000007,2.3172809979074063e-07
HD 197808, ,20,51,37.3,-,73,41,31,320,-34,8.04,0.423,2.608,0.0,3.748,0.02,70,3.82,1.44,8.0,6.9,9.3,1.07,1.03,1.14,-3.8,0.2,0.2,5,1150,0.923,4,-45,-63,2,14.3,0.9,-2,-17,20,7.956,-0.039,7.27,8.01,0.05,0.44,312.90541666666667,-73.69194444444445,44.455566,-37.302666,-39.1435,PM*,G,5597.576014951104,58.03263081308577,4.954258924249949e-07
HD 197818, ,20,46,34.2,-,17,9,46,29,-33,7.666,0.387,2.597,0.003,3.76,-0.19,35,4.94,0.22,4.9,0.0,13.5,0.94,0.86,1.01,43.0,0.2,0.3,6,2501,0.729,3,-66,-60,1,28.5,1.1,41,8,-18,7.974,-0.019,7.2,9.95,0.16,0.18,311.6424999999999,-17.162777777777777,25.673124,14.2308445,-19.062366,PM*,G,5754.399373371566,29.353470512063073,2.3279770810098656e-06
HD 198075, ,20,48,15.1,-,12,27,15,35,-31,8.04,0.385,2.61,0.013,3.758,-0.32,38,5.15,0.17,0.0,0.0,12.1,0.91,0.83,0.97,-18.4,0.1,0.4,17,2959,0.555,3,-13,33,2,26.4,1.3,-13,-4,13,7.973,-0.02,7.93,8.12,0.01,0.32,312.06291666666664,-12.454166666666666,26.681713,18.682737,-19.571447,*,G,5727.960309858292,32.572357458826,3.1115637291006563e-06
HD 198188, ,20,49,15.1,-,20,37,50,26,-35,8.126,0.386,2.599,0.004,3.761,-0.23,61,4.2,0.97,10.9,7.9,13.2,0.98,0.94,1.03,-83.2,0.2,0.4,6,2896,0.134,4,214,-191,1,16.4,1.0,-86,-78,-17,7.955,-0.035,3.97,8.78,0.38,0.15,312.31291666666664,-20.63055555555556,44.91119,21.904652,-34.988163,PM*,G,5767.664633922509,49.96827760146635,8.37488207151103e-07
HD 198388, ,20,48,32.5,+,42,15,31,83,-1,8.164,0.412,2.594,0.021,3.759,-0.13,61,4.15,0.98,9.5,6.7,12.4,1.0,0.94,1.05,18.5,0.2,0.2,2,713,0.539,1,100,25,1,0.0,0.0,-21,21,-18,7.992,-0.001,7.95,9.86,0.11,0.18,312.13541666666663,42.25861111111111,7.4328966,60.536095,-1.0645968,PM*,G,5741.164622073275,60.99071035588385,7.81589471190529e-07
HD 198759, ,20,51,49.8,+,21,52,7,67,-14,8.21,0.318,2.661,0.024,3.811,-0.04,97,3.17,0.69,2.2,1.6,2.7,1.34,1.27,1.4,-11.8,0.4,0.2,2,735,0.677,11,21,-13,1,10.3,1.0,-7,-13,-8,7.963,-0.024,7.5,7.98,0.03,0.03,312.9575,21.86861111111111,36.77511,86.6367,-23.466425,*,G,6471.426157485831,94.11868306772094,2.0182673768744495e-07
HD 198902, ,20,54,5.7,-,18,59,48,28,-35,7.462,0.359,2.632,0.018,3.778,-0.1,67,3.34,1.32,4.9,3.0,5.7,1.19,1.14,1.29,-13.2,0.2,0.1,2,362,0.695,8,-9,-38,2,15.0,1.0,-4,-17,6,7.952,-0.039,7.25,7.98,0.05,0.2,313.52374999999995,-18.996666666666663,48.458977,25.766096,-38.429623,*,G,5997.910762555094,54.8831864505674,2.5525761104483704e-07
HD 199086, ,20,55,3.3,-,7,10,43,41,-31,7.83,0.368,2.606,-0.002,3.772,-0.1,53,4.19,0.61,6.5,3.7,9.4,1.04,0.99,1.11,15.4,0.1,0.3,6,2938,0.471,4,-11,-183,2,18.7,1.2,31,-29,-24,7.965,-0.027,6.22,8.5,0.16,0.27,313.76375,-7.178611111111112,34.286358,29.804674,-27.297018,PM*,G,5915.616341754737,45.42986833736633,8.25997438171197e-07
HD 199190, ,21,0,5.7,-,69,34,46,324,-36,6.87,0.401,2.606,0.018,3.757,-0.05,37,4.02,1.09,9.3,7.9,10.7,1.03,1.0,1.07,-34.6,0.1,0.2,5,3983,0.54,3,453,-283,2,26.9,0.7,-93,-26,-26,7.976,-0.022,5.74,9.77,0.26,0.33,315.02374999999995,-69.57944444444443,24.216814,-17.594547,-21.748055,PM*,G,5714.786366718672,29.933629322983958,6.530985211445702e-07
HD 199288, ,20,57,40.0,-,44,7,45,357,-41,6.521,0.384,2.575,0.0,3.755,-0.68,22,4.85,0.77,13.2,5.2,0.0,0.82,0.79,0.89,-8.0,0.1,0.2,5,2542,0.818,3,-517,-977,1,46.3,0.8,23,-102,45,7.984,-0.014,3.38,8.12,0.41,1.17,314.41666666666663,-44.12916666666667,16.580856,-0.868966,-14.433298,PM*,G,5688.529308438413,16.60361067966519,2.055789768874886e-06
HD 199509, ,21,9,20.7,-,82,1,38,311,-31,6.988,0.396,2.594,0.013,3.751,-0.45,24,5.07,0.5,0.0,0.0,0.0,0.83,0.8,0.93,-21.6,0.3,0.6,4,3217,0.014,3,266,-51,2,41.3,0.6,-36,10,-9,7.987,-0.013,7.71,9.33,0.1,0.03,317.33624999999995,-82.02722222222222,13.496453,-15.5259,-12.360914,PM*,G,5636.376558259543,20.572015321577247,2.7859845287988294e-06
HD 199683, ,20,59,24.2,-,20,26,39,27,-37,8.18,0.369,2.609,-0.001,3.773,-0.04,78,3.73,0.99,6.0,3.5,7.6,1.11,1.06,1.18,-11.2,0.2,0.1,2,371,0.953,5,16,-18,1,12.9,1.1,-10,-10,0,7.945,-0.047,7.65,7.95,0.02,0.12,314.8508333333333,-20.444166666666668,55.50398,28.28069,-46.94157,*,G,5929.2532458,62.29357288449989,4.375006477474418e-07
HD 199903,*,21,1,4.8,-,34,57,50,9,-41,8.034,0.393,0.0,0.0,3.76,-0.07,59,4.18,0.88,8.8,5.9,11.7,1.01,0.96,1.07,42.0,0.2,0.1,2,396,0.708,2,30,-99,2,0.0,0.0,28,-21,-37,7.956,-0.038,6.63,8.59,0.13,0.53,315.27,-34.96388888888889,43.979656,6.9656935,-38.70748,PM*,G,5754.399373371566,44.52786799089171,8.146643284521832e-07
HD 199960, ,21,0,33.8,-,4,43,48,44,-31,6.216,0.401,2.618,0.026,3.76,0.1,26,4.1,0.82,8.0,4.8,10.0,1.12,1.03,1.15,-17.8,0.2,0.4,6,2938,0.15,4,48,-138,1,37.8,1.0,-7,-24,-3,7.984,-0.014,6.85,7.99,0.08,0.06,315.1408333333333,-4.73,16.031458,15.4814005,-13.39099,PM*,G,5754.399373371566,22.286350240610602,7.294217354462061e-07
HD 200078, ,21,0,43.5,+,17,26,52,65,-19,8.057,0.439,2.606,0.0,3.742,0.16,53,4.45,0.84,11.6,8.7,14.2,0.98,0.95,1.03,-60.6,0.2,0.1,3,1097,0.9,3,265,8,1,19.0,1.1,-69,-49,-29,7.979,-0.017,5.24,8.7,0.25,0.38,315.18125,17.447777777777777,21.178452,45.41733,-17.255112,PM*,G,5520.774392807573,50.112480416012176,1.182983535779732e-06
HD 200474, ,21,6,3.9,-,57,8,48,339,-41,8.15,0.399,2.604,0.019,3.758,-0.12,68,4.0,1.15,9.3,7.4,11.2,1.02,0.98,1.06,-33.6,0.4,0.7,3,2583,0.014,4,134,-197,5,14.8,1.1,-66,-51,0,7.952,-0.044,5.14,8.57,0.25,0.13,316.51625,-57.14666666666667,47.91158,-18.391539,-44.612015,PM*,G,5727.960309858292,51.32025141096759,6.352997732962232e-07
HD 200538, ,21,5,4.9,-,32,49,34,12,-41,7.719,0.377,2.63,0.027,3.784,0.17,55,3.89,0.38,3.3,1.8,4.2,1.23,1.18,1.27,15.3,0.2,0.3,4,3973,0.306,5,-47,-5,2,18.1,1.1,20,1,-1,7.959,-0.036,7.47,8.98,0.09,0.1,316.2704166666666,-32.82611111111112,40.60196,8.630213,-36.08325,*,G,6081.350012787177,41.50903193603735,5.457310954707681e-07
HD 200625, ,21,6,17.1,-,48,31,34,351,-42,7.263,0.392,2.621,0.029,3.779,0.17,72,2.85,1.55,2.4,2.2,2.7,1.46,1.43,1.51,4.9,0.2,0.2,2,1472,0.513,7,3,-39,1,13.9,0.9,2,-14,-3,7.947,-0.048,7.32,8.07,0.05,0.07,316.57125,-48.52611111111111,52.847675,-8.370244,-48.177406,*,G,6011.737374832779,53.50642706745762,1.2971156533788488e-07
HD 200655, ,21,7,24.6,-,59,59,31,336,-40,6.78,0.413,2.605,0.035,3.771,0.11,78,2.18,2.47,1.8,1.6,2.2,1.68,1.58,1.76,40.5,0.2,0.4,3,2600,0.184,5,-49,-17,1,12.9,0.9,39,-17,-12,7.946,-0.05,6.52,8.91,0.16,0.09,316.8525,-59.99194444444444,54.585686,-24.3031,-50.137432,PM*,G,5902.010801718442,59.751466807942016,5.140184413229288e-08
HD 200962, ,21,6,25.9,+,13,6,51,62,-22,8.175,0.391,2.588,-0.01,3.76,-0.09,58,4.37,0.7,9.3,5.8,12.9,0.99,0.94,1.05,36.8,0.3,0.1,2,372,0.734,3,32,-129,2,17.3,1.1,31,10,-40,7.975,-0.022,7.43,9.83,0.14,0.64,316.60791666666665,13.114166666666666,25.246618,47.481976,-21.727182,PM*,G,5754.399373371566,53.776665620903835,1.0592017761624506e-06
HD 200993, ,21,7,11.6,-,15,44,51,33,-37,7.542,0.341,2.632,0.007,3.785,-0.16,58,3.72,0.84,4.0,2.8,6.5,1.11,1.05,1.19,23.4,0.4,0.6,2,348,0.128,8,-123,-151,2,0.0,0.0,52,-27,-2,7.961,-0.035,6.01,9.08,0.2,0.08,316.79833333333335,-15.7475,38.847942,25.22815,-34.90527,PM*,G,6095.368972401694,46.32086085186527,4.3149791382366836e-07
HD 201219, ,21,7,56.5,+,7,25,58,57,-26,8.018,0.442,2.594,0.0,3.738,0.05,36,5.25,0.2,0.0,0.0,0.0,0.9,0.85,0.99,4.5,0.2,0.2,3,1510,0.763,3,189,-12,3,27.9,1.3,-18,2,-27,7.982,-0.016,7.91,8.59,0.04,0.31,316.98541666666665,7.432777777777778,17.62266,27.136517,-15.781362,PM*,G,5470.159628939716,32.35658666124858,3.572553164085265e-06
HD 201446, ,21,9,30.5,+,1,34,6,52,-29,8.268,0.397,2.61,0.032,3.772,-0.13,91,3.34,1.49,5.2,4.0,6.6,1.14,1.08,1.25,-34.0,0.2,0.3,4,1041,0.718,4,-14,27,1,11.0,1.2,-20,-15,27,7.951,-0.045,7.37,8.05,0.04,0.59,317.3770833333333,1.5683333333333334,49.00074,62.718086,-44.117676,*,G,5915.616341754737,79.5903940940802,2.5525761104483704e-07
HD 201496, ,21,10,40.6,-,23,18,41,24,-40,8.054,0.377,2.617,0.008,3.767,-0.01,56,4.31,0.53,6.7,3.4,9.9,1.04,0.99,1.11,-29.3,0.2,0.2,5,2155,0.864,3,96,-103,1,17.8,1.1,-31,-35,-6,7.961,-0.036,6.15,8.1,0.14,0.04,317.6691666666666,-23.31138888888889,39.189716,17.448387,-35.996105,PM*,G,5847.900841444806,42.89848539357101,9.74941821268923e-07
HD 201701, ,21,9,43.0,+,46,9,31,88,-1,7.61,0.327,2.646,0.01,3.793,-0.11,65,3.55,0.78,3.4,2.7,3.9,1.22,1.14,1.27,5.0,0.3,0.2,2,731,0.606,8,27,8,2,15.4,0.6,-7,5,-4,7.998,-0.001,7.99,8.68,0.04,0.04,317.4291666666666,46.15861111111111,2.2681217,64.950516,-1.1344063,*,G,6208.690342300638,64.99010620634702,3.4117617848688533e-07
HD 201989, ,21,14,1.8,-,29,39,48,16,-43,7.389,0.429,2.604,0.0,3.742,-0.02,30,5.02,0.4,13.1,3.8,0.0,0.89,0.86,0.97,-23.9,0.2,0.4,6,2908,0.173,5,232,-39,2,33.6,0.9,-38,-11,-8,7.979,-0.02,7.16,8.54,0.09,0.03,318.50749999999994,-29.66333333333333,21.09067,6.0476522,-20.45995,PM*,G,5520.774392807573,21.94061207398428,2.600032043455381e-06
HD 202048, ,21,11,20.5,+,54,25,25,94,4,8.279,0.375,2.619,0.014,3.77,-0.01,86,3.61,1.16,5.7,3.5,7.4,1.12,1.06,1.2,-28.3,0.4,0.6,2,333,0.135,4,-29,-65,2,0.0,0.0,30,-25,-11,8.007,0.006,6.42,8.57,0.14,0.06,317.8354166666666,54.42361111111111,-5.984444,85.581535,5.9990563,PM*,G,5888.43655355589,85.7905163928121,3.706625424759005e-07
HD 202072, ,21,13,22.4,+,11,12,41,61,-25,8.191,0.407,2.585,0.013,3.748,-0.32,49,4.73,0.81,16.0,10.9,0.0,0.86,0.84,0.91,-49.5,0.3,0.1,2,364,0.825,5,162,-16,2,20.3,1.0,-45,-42,-9,7.979,-0.021,5.73,8.29,0.18,0.03,318.3433333333333,11.211388888888887,21.529947,38.841057,-20.708296,PM*,G,5597.576014951104,44.409079327318395,1.7417214499005635e-06
HD 202108, ,21,12,57.6,+,30,48,34,77,-12,7.333,0.408,2.586,0.008,3.747,-0.28,27,5.18,0.35,0.0,0.0,0.0,0.85,0.81,0.94,2.1,0.2,0.3,2,368,0.409,2,-20,108,2,37.1,0.8,-7,6,11,7.994,-0.006,7.99,8.77,0.05,0.28,318.23999999999995,30.809444444444445,5.940954,25.7331,-5.613616,PM*,G,5584.701947368307,26.40998618023334,3.2432371075096336e-06
HD 202530, ,21,15,18.7,+,41,12,44,85,-5,7.928,0.301,2.644,-0.01,3.804,-0.16,62,3.97,0.16,2.2,0.0,4.0,1.16,1.1,1.22,-26.0,0.4,0.3,2,55,0.645,15,103,77,2,0.0,0.0,-39,-23,-4,7.995,-0.006,6.66,8.36,0.11,0.05,318.8279166666666,41.21222222222222,5.3830967,61.52904,-5.4036555,PM*,G,6367.955209079156,61.76407121784599,6.095070037023257e-07
HD 202628, ,21,18,27.2,-,43,20,4,358,-44,6.753,0.402,2.584,-0.001,3.753,-0.14,24,4.87,0.41,10.8,2.7,0.0,0.91,0.86,1.0,11.9,0.1,0.3,6,3675,0.324,3,243,22,1,42.0,0.9,-11,2,-28,7.983,-0.017,7.98,8.46,0.03,0.33,319.6133333333333,-43.33444444444444,17.253637,-0.60251206,-16.671803,PM*,G,5662.3928903825345,17.26415391816855,2.1133853879250417e-06
HD 202707, ,21,26,35.2,-,80,40,56,312,-33,8.149,0.412,2.59,0.033,3.766,-0.05,112,2.75,2.15,3.3,2.5,3.8,1.34,1.29,1.44,-6.8,0.1,0.1,5,4672,0.983,3,-30,15,1,8.9,0.8,11,11,11,7.937,-0.061,7.75,9.28,0.09,0.31,321.64666666666665,-80.68222222222222,62.852184,-69.8044,-60.999573,*,G,5834.451042737448,93.93109864645392,1.1297405060550694e-07
HD 202732, ,21,23,27.1,-,75,29,37,317,-35,7.877,0.429,2.587,0.0,3.739,-0.15,34,5.2,0.39,14.5,2.4,0.0,0.86,0.83,0.93,-2.1,0.2,0.3,5,2648,0.612,3,30,104,2,29.2,0.8,1,15,-9,7.98,-0.02,7.93,9.42,0.09,0.04,320.86291666666665,-75.49361111111111,20.369057,-18.99445,-19.501598,PM*,G,5482.769649208536,27.851168985731086,3.3341006052084653e-06
HD 202783, ,21,18,30.0,-,12,15,54,39,-38,7.973,0.342,2.624,0.0,3.785,-0.11,69,3.76,0.75,3.8,2.9,6.0,1.13,1.07,1.21,-18.9,0.3,0.5,2,739,0.229,9,37,-20,2,14.4,1.1,-18,-15,1,7.957,-0.043,7.3,8.01,0.05,0.12,319.62499999999994,-12.265,42.255558,34.217876,-42.480644,*,G,6095.368972401694,54.372743354025644,4.5601455051801926e-07
HD 202871, ,21,20,4.8,-,42,40,43,359,-45,8.236,0.356,2.624,0.001,3.776,-0.05,55,4.54,0.12,2.3,0.0,7.6,1.05,0.98,1.11,-15.9,0.2,0.4,5,1694,0.39,4,134,-21,1,18.2,1.1,-36,-6,-13,7.961,-0.039,7.35,8.57,0.08,0.1,320.02,-42.67861111111111,38.88495,-0.6787472,-38.890873,PM*,G,5970.352865838366,38.89087340577488,1.33961098561865e-06
HD 203019, ,21,20,46.5,-,38,46,53,4,-45,7.838,0.424,2.588,0.0,3.746,0.07,36,5.03,0.23,6.9,0.0,15.4,0.96,0.88,1.03,24.0,0.1,0.3,6,2901,0.254,6,-23,48,2,27.5,1.2,19,10,-14,7.974,-0.026,7.64,9.43,0.11,0.11,320.1937499999999,-38.78138888888889,25.393835,1.7757097,-25.455843,PM*,G,5571.857489319298,25.45584414129492,2.636202092139624e-06
HD 203021, ,21,21,23.5,-,51,45,9,346,-44,6.765,0.409,2.602,0.021,3.764,0.08,48,3.28,1.56,4.4,4.1,4.9,1.24,1.2,1.39,17.0,0.1,0.2,6,2185,0.807,3,-123,-91,2,20.9,0.8,30,-22,10,7.967,-0.033,6.53,8.59,0.14,0.28,320.3479166666666,-51.7525,33.502674,-8.353149,-33.343605,PM*,G,5807.644175213118,34.52831104132487,2.3495175877295774e-07
HD 203270, ,21,21,44.1,-,18,44,7,31,-41,7.973,0.415,2.602,0.031,3.769,0.13,109,2.65,2.03,2.5,2.1,3.1,1.48,1.42,1.52,17.9,0.3,0.4,2,739,0.259,3,-24,-29,2,6.6,1.1,25,-6,-7,7.93,-0.072,7.15,8.81,0.1,0.08,320.43375000000003,-18.735277777777775,70.51345,42.368755,-71.51044,*,G,5874.893525297769,82.2633456112291,9.839628468725223e-08
HD 203311, ,21,21,51.0,-,16,16,25,34,-40,7.46,0.388,2.603,0.01,3.764,-0.04,67,3.33,1.61,5.0,4.2,6.0,1.19,1.13,1.27,-26.1,0.1,0.3,5,2672,0.553,4,116,-166,2,14.9,1.1,-25,-60,-25,7.958,-0.044,5.03,8.0,0.23,0.27,320.4625,-16.27361111111111,42.550335,28.700563,-43.06677,PM*,G,5807.644175213118,51.324977595018915,2.517553453247534e-07
HD 203432, ,21,23,22.5,-,41,33,8,0,-45,7.617,0.456,0.0,0.0,3.735,0.2,38,4.73,0.69,14.0,8.3,0.0,0.95,0.91,0.98,6.4,0.2,0.2,3,1842,0.765,2,-71,-144,2,26.5,1.0,15,-25,5,7.974,-0.027,6.62,8.22,0.11,0.18,320.84375,-41.55222222222222,26.870058,0.0,-26.870058,PM*,G,5432.503314924331,26.870058,1.7417214499005635e-06
HD 203448, ,21,23,6.4,-,30,48,42,15,-45,7.823,0.37,2.619,0.01,3.771,-0.11,68,3.67,1.16,6.5,5.1,7.8,1.11,1.06,1.16,-41.6,0.2,0.3,2,1553,0.309,2,343,101,2,14.8,1.1,-112,19,-44,7.954,-0.048,6.54,12.57,0.32,0.9,320.77666666666664,-30.811666666666667,46.444862,12.444863,-48.08326,PM*,G,5902.010801718442,48.083259262323445,4.0269728386086803e-07
HD 203473, ,21,22,18.8,+,5,1,24,57,-30,8.243,0.418,2.605,0.0,3.751,0.04,63,4.25,0.92,10.1,7.5,12.5,1.01,0.96,1.07,-61.7,0.2,0.6,6,1777,0.023,1,183,0,2,15.9,1.3,-67,-47,-7,7.971,-0.032,5.32,8.67,0.24,0.03,320.5783333333333,5.023333333333333,29.71529,45.75753,-31.5,PM*,G,5636.376558259543,54.55960054367151,8.973847818712385e-07
HD 203844, ,21,24,56.5,-,8,10,45,44,-38,7.781,0.348,2.615,-0.004,3.78,-0.21,88,3.05,1.67,4.3,2.9,5.3,1.19,1.13,1.34,-15.2,0.3,0.3,2,378,0.348,10,112,126,2,11.3,1.2,-64,34,-4,7.95,-0.054,7.47,11.6,0.22,0.1,321.23541666666665,-8.179166666666665,49.88258,48.17105,-54.17821,PM*,G,6025.595860743575,69.34494823387568,1.7099314507536642e-07
HD 204231, ,21,25,3.3,+,58,5,5,98,5,7.147,0.375,2.608,0.007,3.767,-0.34,59,3.29,1.84,6.1,4.6,7.9,1.09,1.02,1.16,-37.4,0.3,0.1,2,704,0.795,8,132,110,2,0.0,0.0,-42,-43,-7,8.009,0.006,5.72,8.26,0.18,0.01,321.26375,58.08472222222223,-8.179966,58.20349,5.1421885,PM*,G,5847.900841444806,58.77548887028722,2.3822026331875928e-07
HD 204287, ,21,29,14.4,-,50,19,0,348,-45,7.341,0.422,2.608,0.035,3.764,0.11,53,3.58,1.24,5.6,4.8,6.6,1.18,1.13,1.28,-43.9,0.1,0.2,6,3674,0.625,2,62,-25,2,19.0,1.0,-42,-1,22,7.964,-0.037,7.4,9.0,0.1,0.52,322.31,-50.31666666666667,36.657703,-7.7918377,-37.476658,PM*,G,5807.644175213118,37.47665838864706,3.5561387733068084e-07
HD 204313, ,21,28,12.2,-,21,43,34,28,-44,7.923,0.425,2.601,0.0,3.748,0.14,47,4.54,0.62,10.0,6.3,13.4,0.99,0.94,1.08,-10.1,0.2,0.4,5,2921,0.229,2,42,-272,2,21.1,1.1,4,-61,-14,7.97,-0.033,4.99,8.01,0.23,0.1,322.0508333333333,-21.72611111111111,29.85155,15.872351,-32.648945,PM*,G,5597.576014951104,33.8089716446641,1.33961098561865e-06
HD 204385, ,21,30,47.9,-,62,10,3,332,-42,7.156,0.377,2.607,0.007,3.767,-0.09,39,4.19,0.72,7.3,4.8,11.1,1.03,0.98,1.09,-14.9,0.1,0.2,6,3284,0.918,3,153,-80,2,25.5,0.8,-33,-10,-5,7.974,-0.026,7.28,8.42,0.07,0.04,322.6995833333333,-62.1675,25.590158,-13.606526,-26.096094,PM*,G,5847.900841444806,28.982645432286542,8.25997438171197e-07
HD 204421, ,21,29,31.0,-,38,5,9,5,-47,7.437,0.387,2.623,0.033,3.782,0.08,94,2.42,1.98,2.0,1.8,2.3,1.56,1.49,1.64,-14.5,0.2,0.2,3,1841,0.831,6,39,-38,2,10.6,0.9,-21,-19,-2,7.935,-0.069,7.06,8.02,0.06,0.1,322.37916666666666,-38.08583333333333,63.86389,5.587366,-68.747246,PM*,G,6053.408747539136,64.10783965124746,7.161082883683798e-08
HD 204426, ,21,22,41.6,+,76,33,18,112,18,6.857,0.415,2.578,0.0,3.742,-0.66,39,3.91,1.96,12.3,11.2,13.4,0.91,0.88,0.93,-41.4,0.2,0.4,3,827,0.242,3,-134,137,2,25.7,0.5,17,-48,20,8.014,0.012,5.61,8.18,0.19,0.47,320.67333333333335,76.55499999999999,-13.894609,34.390366,12.051663,PM*,G,5520.774392807573,37.09120425217867,5.610204605383642e-07
HD 204521, ,21,25,16.7,+,70,28,39,107,14,7.286,0.396,2.565,0.0,3.748,-0.88,26,5.24,0.64,0.0,0.0,0.0,0.8,0.75,0.89,-76.9,0.2,0.4,5,3621,0.459,4,41,38,2,38.9,0.6,16,-73,-19,8.007,0.006,4.45,8.11,0.29,0.18,321.3195833333333,70.4775,-7.375863,24.125359,6.2899694,PM*,G,5597.576014951104,25.227689190126988,3.5235358970641673e-06
HD 204814, ,21,29,46.8,+,45,53,40,90,-4,7.92,0.455,2.565,0.0,3.728,-0.08,30,5.55,0.21,0.0,0.0,0.0,0.85,0.81,0.93,-87.8,0.2,0.1,3,1102,0.964,2,427,353,1,33.6,0.8,-77,-88,1,8.0,-0.002,3.67,8.6,0.4,0.12,322.445,45.894444444444446,-1.3081473e-06,29.926922,-2.092694,PM*,G,5345.643593969719,29.92692200000003,5.407278027137611e-06
HD 205045, ,21,33,38.8,-,34,56,46,10,-47,8.043,0.377,2.63,0.027,3.784,0.17,61,4.01,0.26,3.1,0.7,4.5,1.2,1.16,1.25,-25.9,0.2,0.2,2,377,0.496,4,82,-177,2,16.5,1.1,-27,-55,0,7.96,-0.045,5.22,8.02,0.21,0.11,323.41166666666663,-34.94611111111111,40.96987,7.224094,-44.612576,PM*,G,6081.350012787177,41.601896374296885,6.441376735009708e-07
HD 205067, ,21,33,30.9,-,27,53,24,20,-46,7.658,0.399,2.602,0.006,3.757,0.02,47,4.29,0.76,9.2,5.8,12.2,1.02,0.97,1.07,-29.6,0.1,0.3,5,2978,0.532,2,201,-64,2,21.2,0.9,-49,-24,-11,7.969,-0.034,6.45,8.52,0.14,0.07,323.37875,-27.89,30.679972,11.166596,-33.80897,PM*,G,5714.786366718672,32.64894405869813,9.483719499834043e-07
HD 205353, ,21,34,23.3,+,13,55,11,67,-27,8.178,0.374,2.597,-0.01,3.77,0.02,62,4.21,0.53,5.6,2.9,8.7,1.07,1.01,1.14,5.5,0.3,0.5,2,785,0.205,5,-95,-49,1,16.1,1.2,31,-2,8,7.979,-0.028,7.18,9.2,0.12,0.24,323.5970833333333,13.91972222222222,21.584932,50.8509,-28.14741,PM*,G,5888.43655355589,55.24240509114917,8.491388286507029e-07
HD 205354, ,21,34,23.5,+,12,15,24,66,-28,8.062,0.329,2.62,-0.017,3.792,0.01,63,4.06,0.17,2.4,0.0,4.6,1.16,1.1,1.22,3.4,0.3,0.2,2,1050,0.703,2,-68,-140,2,15.8,1.0,40,-21,-12,7.977,-0.03,6.41,8.9,0.16,0.08,323.5979166666666,12.256666666666666,22.625008,50.816605,-29.57671,PM*,G,6194.410750767812,55.62569847405145,6.902059523871276e-07
HD 205536, ,21,40,29.7,-,74,4,27,318,-37,7.057,0.462,0.0,0.0,3.726,-0.09,22,5.33,0.48,0.0,9.1,0.0,0.85,0.83,0.89,33.8,0.2,0.3,5,2610,0.276,2,-139,214,2,45.2,0.7,38,2,-21,7.987,-0.013,7.15,9.57,0.14,0.22,325.12375,-74.07416666666666,13.057042,-11.756613,-13.239929,PM*,G,5321.082592667942,17.569982783757442,3.990053329708989e-06
HD 205881, ,21,37,24.0,+,34,36,10,84,-13,7.767,0.355,2.645,0.034,3.8,0.11,119,2.24,1.72,1.6,1.4,1.9,1.64,1.55,1.73,-17.9,0.3,0.2,2,659,0.511,4,79,33,1,8.4,0.9,-47,-16,-12,7.987,-0.027,6.81,8.66,0.12,0.08,324.35,34.60277777777778,12.120074,115.31485,-26.769175,PM*,G,6309.57344480193,115.95003589601849,5.584428056649369e-08
HD 205891, ,21,39,20.9,-,37,8,27,7,-49,8.075,0.429,2.595,0.0,3.74,-0.14,40,5.05,0.51,17.0,7.6,0.0,0.87,0.84,0.92,-45.7,0.1,0.2,5,2141,0.624,1,135,-64,2,24.8,1.0,-48,-18,17,7.973,-0.03,6.75,8.64,0.12,0.41,324.8370833333332,-37.14083333333333,26.046755,3.1981394,-30.188385,PM*,G,5495.408738576249,26.242361586790498,2.710058715874637e-06
HD 205905, ,21,39,10.1,-,27,18,23,21,-48,6.756,0.388,2.608,-0.004,3.764,0.15,26,4.72,0.07,1.6,0.0,7.7,1.07,1.01,1.1,-17.5,0.2,0.4,5,2804,0.086,4,387,-85,2,39.1,0.8,-44,-18,-20,7.984,-0.019,6.8,8.53,0.11,0.19,324.79208333333327,-27.30638888888889,16.241867,6.2346683,-19.321766,PM*,G,5807.644175213118,17.397394415736912,1.7178241357207713e-06
HD 206025, ,21,40,42.9,-,48,42,58,349,-48,7.645,0.347,2.633,-0.001,3.788,0.26,80,3.13,0.99,2.7,1.9,4.1,1.4,1.35,1.45,-9.7,0.4,0.6,2,377,0.051,5,52,-41,1,12.5,1.0,-21,-16,-4,7.947,-0.059,7.22,8.05,0.05,0.08,325.17875,-48.71611111111111,52.54694,-10.214099,-59.45159,PM*,G,6137.620051647939,53.530446679860624,1.9097595935708584e-07
HD 206116, ,21,40,11.8,-,9,47,40,45,-42,7.608,0.362,2.618,-0.002,3.778,0.11,54,3.94,0.53,3.7,2.6,5.5,1.19,1.12,1.24,-6.9,0.2,0.3,2,731,0.312,5,68,-165,2,18.5,1.1,1,-40,-22,7.971,-0.036,5.98,8.0,0.14,0.23,325.0491666666667,-9.794444444444444,28.376066,28.376066,-36.133053,PM*,G,5997.910762555094,40.129817383994066,5.847614042653944e-07
HD 206255, ,21,42,21.8,-,50,5,37,347,-47,7.64,0.441,0.0,0.0,3.739,0.0,76,3.24,2.23,4.2,3.5,5.2,1.25,1.2,1.3,-4.1,0.2,0.2,3,2595,0.624,2,81,5,1,13.2,1.0,-25,0,-16,7.95,-0.056,7.73,8.51,0.05,0.15,325.5908333333333,-50.09361111111112,50.50342,-11.659633,-55.582882,PM*,G,5482.769649208536,51.83186735388846,2.2232008527922416e-07
HD 206332, ,21,40,43.0,+,28,45,20,80,-18,7.43,0.393,2.61,0.014,3.763,0.05,50,3.94,0.95,7.6,5.5,9.0,1.09,1.05,1.15,-44.8,0.2,0.2,3,1089,0.655,3,132,30,2,20.0,0.8,-35,-42,-2,7.992,-0.015,5.81,8.16,0.17,0.08,325.1791666666667,28.75555555555556,8.257463,46.83039,-15.4508505,PM*,G,5794.286964268809,47.55282455068752,5.847614042653944e-07
HD 206586, ,21,41,59.1,+,42,34,8,90,-8,7.96,0.355,2.635,0.024,3.792,-0.01,100,2.86,1.39,2.4,2.1,2.8,1.41,1.34,1.48,-16.0,0.4,0.6,2,421,0.178,8,34,4,2,10.0,0.9,-13,-17,-7,8.0,-0.014,7.27,8.01,0.05,0.01,325.49625,42.56888888888889,-4.328599e-06,99.0268,-13.917311,*,G,6194.410750767812,99.02680000000008,1.3151603295780848e-07
HD 206658, ,21,43,18.4,+,12,31,6,68,-30,7.853,0.402,2.611,0.019,3.757,0.03,48,4.46,0.58,8.7,4.8,12.3,1.0,0.95,1.07,5.7,0.2,0.3,2,326,0.26,2,74,-75,2,21.0,1.2,-1,-7,-23,7.984,-0.023,7.73,8.16,0.03,0.25,325.82666666666665,12.518333333333334,15.572104,38.542305,-24.0,PM*,G,5714.786366718672,41.5692157455471,1.1994404760661065e-06
HD 207043, ,21,47,55.2,-,52,55,50,343,-48,7.595,0.416,2.603,0.0,3.747,-0.08,34,4.94,0.42,12.2,3.7,0.0,0.89,0.86,0.98,-0.3,0.1,0.2,5,2591,0.849,5,100,-88,2,29.4,0.9,-13,-16,-7,7.978,-0.025,7.34,7.99,0.04,0.03,326.98,-52.93055555555555,21.756351,-6.6515856,-25.266926,PM*,G,5584.701947368307,22.7504373546824,2.3279770810098656e-06
HD 207237, ,21,47,50.2,-,16,4,47,38,-46,7.988,0.389,2.572,0.0,3.757,-0.26,47,4.61,0.68,12.3,7.4,17.1,0.91,0.85,0.98,51.9,0.2,0.3,6,3244,0.499,2,-226,-62,2,21.1,1.0,72,15,-9,7.974,-0.034,6.79,11.37,0.25,0.05,326.95916666666665,-16.079722222222223,25.72772,20.100698,-33.80897,PM*,G,5714.786366718672,32.64894541153824,1.4756341601524642e-06
HD 207583, ,21,50,23.1,-,16,11,47,38,-47,8.103,0.445,0.0,0.0,3.735,0.05,39,5.17,0.35,13.5,1.6,0.0,0.89,0.85,0.97,21.4,0.2,0.6,6,2499,0.012,3,-81,-140,2,25.9,1.0,32,-12,-13,7.979,-0.028,6.86,8.87,0.13,0.09,327.59624999999994,-16.19638888888889,20.95946,16.375324,-28.522795,PM*,G,5432.503314924331,26.59793600256561,3.1987382261746624e-06
HD 207700, ,21,54,45.1,-,73,26,18,318,-38,7.424,0.433,2.581,0.0,3.741,-0.04,40,4.42,1.04,14.3,12.0,16.2,0.92,0.89,0.98,6.2,0.1,0.3,5,2208,0.383,2,-198,-439,2,25.1,0.7,12,-69,58,7.977,-0.025,4.9,8.07,0.24,1.44,328.6879166666666,-73.43833333333333,23.424248,-21.091284,-24.626461,PM*,G,5508.076964054036,31.5204323437062,1.1349551513000262e-06
HD 207740, ,21,50,36.2,+,28,46,1,82,-19,8.0,0.444,2.59,0.0,3.734,-0.09,49,4.54,1.1,16.8,14.3,0.0,0.91,0.88,0.93,9.2,0.2,0.1,2,343,0.753,6,-49,-18,2,20.3,1.0,13,8,1,7.993,-0.016,7.75,9.2,0.09,0.13,327.6508333333333,28.766944444444444,6.447947,45.879524,-15.952839,PM*,G,5420.008904016238,46.33040840507868,1.33961098561865e-06
HD 207970, ,21,53,41.8,-,28,40,14,20,-51,7.805,0.453,0.0,0.0,3.734,0.03,36,5.01,0.54,17.1,9.6,0.0,0.89,0.86,0.94,-42.1,0.2,0.2,4,2538,0.604,1,155,-219,2,27.6,0.9,-36,-49,12,7.979,-0.028,5.48,8.13,0.19,0.29,328.4241666666666,-28.67055555555556,21.289236,7.748648,-27.977255,PM*,G,5420.008904016238,22.655531670909866,2.564358266443843e-06
HD 208225, ,21,54,22.8,+,20,28,17,76,-26,8.072,0.393,2.609,0.022,3.773,-0.02,96,3.07,1.64,4.1,2.5,5.3,1.26,1.14,1.39,1.4,0.2,0.2,2,715,0.663,7,17,-44,1,0.0,0.0,6,-9,-18,7.98,-0.042,7.48,8.28,0.05,0.17,328.595,20.47138888888889,20.874044,83.721214,-42.08363,*,G,5929.2532458,86.284224436149,1.7578374000538127e-07
HD 208487, ,21,57,19.8,-,37,45,49,5,-52,7.482,0.363,2.624,0.011,3.773,-0.15,44,4.26,0.56,6.6,3.8,9.3,1.03,0.97,1.09,5.3,0.2,0.4,7,2834,0.222,4,102,-116,2,22.7,1.0,-10,-26,-17,7.973,-0.035,6.74,7.97,0.08,0.14,329.3325,-37.76361111111111,26.986025,2.360971,-34.672474,PM*,G,5929.2532458,27.08910720868198,9.09868647726075e-07
HD 208669, ,21,57,41.7,+,10,26,25,69,-34,7.316,0.319,2.652,0.009,3.799,0.0,73,3.0,1.09,2.4,2.0,2.8,1.38,1.32,1.44,-17.5,0.5,0.8,3,1757,0.057,10,-6,-48,2,13.7,1.1,5,-24,2,7.978,-0.04,6.81,8.09,0.09,0.13,329.42375,10.440277777777778,21.68834,56.500046,-40.821083,*,G,6295.061828571975,60.51974297663297,1.5958008804838936e-07
HD 208704, ,21,58,24.3,-,12,39,52,44,-47,7.168,0.399,2.596,0.012,3.754,-0.24,34,4.49,0.85,13.1,9.0,0.0,0.91,0.86,0.97,3.6,0.2,0.4,6,2558,0.3,1,33,62,1,29.1,0.9,-6,10,-3,7.983,-0.025,7.98,8.97,0.06,0.07,329.60124999999994,-12.664444444444444,16.68001,16.107698,-24.866026,PM*,G,5675.446054085472,23.187942307572353,1.2501977137235027e-06
HD 208787, ,21,57,38.9,+,43,13,3,92,-9,7.897,0.35,2.632,0.017,3.78,-0.26,83,3.31,1.45,5.1,4.3,6.1,1.16,1.1,1.23,11.6,0.2,0.3,3,3630,0.603,8,-9,-24,1,12.1,0.9,8,11,-7,8.003,-0.013,7.85,9.27,0.08,0.01,329.4120833333333,43.2175,-2.8609927,81.9282,-12.984061,*,G,6025.595860743575,81.97813875948547,2.448943132356654e-07
HD 208930, ,21,57,3.6,+,66,1,45,106,9,7.31,0.364,2.615,0.002,3.774,-0.08,53,3.69,1.05,5.8,3.5,7.7,1.1,1.05,1.17,-14.4,0.2,0.2,2,334,0.604,4,111,76,2,0.0,0.0,-28,-23,-5,8.015,0.008,6.84,8.18,0.09,0.04,329.265,66.02916666666667,-14.428923,50.31963,8.291027,PM*,G,5942.921586155727,52.347483055795806,4.1397937102023456e-07
HD 208998, ,22,1,36.5,-,53,5,36,341,-49,7.132,0.371,2.602,0.01,3.765,-0.44,36,4.37,0.89,11.8,6.2,14.8,0.93,0.85,0.99,-27.1,0.2,0.3,4,3218,0.504,3,54,-508,6,28.0,0.9,-25,-79,37,7.978,-0.027,4.29,8.01,0.3,0.89,330.4020833333333,-53.09333333333333,22.331377,-7.6893067,-27.169546,PM*,G,5821.032177708716,23.61812516358557,1.0592017761624506e-06
HD 209449, ,22,4,22.6,-,38,52,34,3,-53,7.245,0.44,0.0,0.0,3.744,0.22,51,3.7,1.5,7.1,6.0,8.2,1.21,1.18,1.23,-17.6,0.2,0.1,2,1093,0.924,2,129,-42,2,19.5,0.9,-34,-16,-4,7.969,-0.041,7.04,8.31,0.08,0.06,331.09416666666664,-38.87611111111112,30.6505,1.6063248,-40.73041,PM*,G,5546.25712957911,30.692563099439823,4.1973839773752496e-07
HD 209653, ,22,7,29.9,-,68,1,24,322,-42,6.99,0.376,2.602,-0.001,3.766,-0.25,44,3.75,1.33,8.0,6.9,9.0,1.05,1.01,1.09,25.8,0.2,0.3,5,1764,0.35,3,-242,-55,2,22.5,0.7,54,-14,18,7.974,-0.03,6.44,9.51,0.19,0.45,331.8745833333333,-68.02333333333333,25.766672,-20.131124,-29.441748,PM*,G,5834.451042737448,32.698372122461386,4.497577963252594e-07
HD 209659, ,22,5,35.4,-,30,42,28,17,-54,8.187,0.38,2.618,0.013,3.77,0.09,96,3.27,1.42,3.4,2.7,5.6,1.26,1.15,1.41,29.9,0.3,0.1,2,830,0.804,5,43,12,2,10.4,1.2,0,8,-35,7.946,-0.078,7.88,8.96,0.06,0.5,331.3974999999999,-30.70777777777778,53.961773,16.49777,-77.665634,*,G,5888.43655355589,56.42738129912134,2.3172809979074063e-07
HD 210094, ,22,8,15.3,-,17,50,9,38,-51,7.843,0.354,2.617,0.005,3.776,-0.25,58,4.01,0.83,6.9,4.4,10.1,1.03,0.98,1.09,-4.6,0.2,0.3,6,2494,0.609,4,165,-106,1,17.1,1.1,-28,-36,-30,7.971,-0.046,6.2,8.07,0.13,0.38,332.0637499999999,-17.835833333333333,28.762854,22.472004,-45.074467,PM*,G,5970.352865838366,36.50058539258421,6.441376735009708e-07
HD 210193, ,22,9,34.6,-,41,13,29,359,-54,7.827,0.416,2.61,0.0,3.749,-0.01,44,4.63,0.63,11.4,7.0,15.8,0.94,0.89,1.0,3.6,0.1,0.1,5,2588,0.963,2,160,-73,1,22.9,1.0,-22,-20,-21,7.974,-0.035,7.01,8.06,0.07,0.2,332.39416666666665,-41.22472222222223,25.858612,-0.451369,-35.59675,PM*,G,5610.479760324706,25.862551083385124,1.5169759667089017e-06
HD 210205, ,22,10,51.3,-,63,5,57,328,-46,7.777,0.412,2.6,0.034,3.768,0.0,86,2.95,1.86,3.7,2.6,4.2,1.32,1.27,1.46,39.5,0.1,0.3,5,2267,0.379,3,118,-9,2,11.6,0.8,-15,-26,-54,7.949,-0.062,6.88,7.96,0.07,0.94,332.71375,-63.09916666666667,50.66292,-31.657707,-61.86322,PM*,G,5861.3816451402845,59.7406216524757,1.489288034927216e-07
HD 210272, ,22,10,49.6,-,55,27,25,337,-50,7.223,0.421,2.581,0.027,3.757,-0.13,51,3.56,1.62,6.7,5.8,7.6,1.12,1.08,1.16,31.1,0.2,0.3,5,3220,0.329,3,193,-138,3,19.5,0.9,-19,-47,-41,7.969,-0.039,5.69,7.99,0.17,0.61,332.70666666666665,-55.456944444444446,30.176144,-12.8090105,-39.068268,PM*,G,5714.786366718672,32.782166137975786,3.459224119099821e-07
HD 210483, ,22,10,26.1,+,18,47,49,78,-30,7.576,0.392,2.601,0.014,3.758,-0.24,49,4.15,1.1,11.3,9.5,13.2,0.98,0.95,1.02,-73.5,0.2,0.1,2,1812,0.738,2,352,-29,2,20.6,0.8,-74,-79,-15,7.991,-0.024,4.01,8.58,0.36,0.11,332.60875,18.79694444444445,8.8227825,41.507935,-24.5,PM*,G,5727.960309858292,42.43524665895712,7.81589471190529e-07
HD 210752, ,22,12,43.5,-,6,28,8,54,-47,7.442,0.361,2.585,-0.008,3.767,-0.66,38,4.57,0.79,9.8,4.2,14.7,0.88,0.82,0.97,57.0,0.2,0.4,4,782,0.517,2,223,20,1,26.6,0.9,-11,28,-63,7.985,-0.028,7.99,10.74,0.15,1.27,333.1812499999999,-6.468888888888889,15.233005,20.966433,-27.791441,PM*,G,5847.900841444806,25.915936295521217,1.3962998789170638e-06
HD 210902, ,22,10,43.8,+,71,7,41,111,12,7.502,0.394,2.604,0.014,3.759,-0.11,42,4.38,0.73,9.4,6.3,13.6,0.98,0.93,1.03,19.4,0.2,0.2,2,727,0.667,1,55,-74,2,23.7,0.6,-8,21,-14,8.015,0.009,8.01,9.84,0.1,0.11,332.68249999999995,71.12805555555555,-14.722542,38.35354,8.732291,PM*,G,5741.164622073275,41.082201419512124,1.0739367406436191e-06
HD 210918, ,22,14,38.6,-,41,22,53,359,-55,6.221,0.411,2.59,0.012,3.749,-0.2,22,4.5,0.92,15.8,10.6,0.0,0.89,0.87,0.95,-19.4,0.1,0.3,6,3273,0.306,2,572,-791,1,45.2,0.7,-47,-92,-9,7.987,-0.018,3.63,8.17,0.38,0.04,333.6608333333333,-41.38138888888889,12.61676,-0.22022893,-18.021345,PM*,G,5610.479760324706,12.618681931137218,1.2675896963662255e-06
HD 210923, ,22,13,3.2,+,33,36,12,89,-19,7.4,0.349,2.618,0.002,3.78,-0.34,68,3.24,1.59,4.9,4.3,5.8,1.16,1.11,1.21,-5.7,0.3,0.4,2,789,0.356,3,8,68,2,14.7,0.7,-15,0,17,7.999,-0.022,7.96,8.42,0.03,0.4,333.26333333333326,33.60333333333333,1.1221056,64.28548,-22.138634,PM*,G,6025.595860743575,64.29527245301907,2.2232008527922416e-07
HD 210942, ,22,12,53.4,+,44,46,15,96,-10,7.992,0.388,2.623,0.028,3.781,0.19,84,3.25,1.08,2.8,2.5,3.2,1.37,1.33,1.42,-22.6,0.2,0.1,2,386,0.885,8,4,-66,2,11.9,0.8,16,-24,-18,8.008,-0.014,6.66,8.3,0.11,0.17,333.2224999999999,44.770833333333336,-8.647,82.270676,-14.586447,PM*,G,6039.4862937638,82.72384625062459,2.254128657425552e-07
HD 211080, ,22,14,46.7,-,5,53,11,55,-47,7.838,0.443,0.0,0.0,3.742,0.16,81,3.29,2.0,4.5,3.7,5.5,1.25,1.23,1.29,7.6,0.2,0.1,2,730,0.714,3,19,-112,2,12.3,0.9,17,-31,-27,7.969,-0.06,6.34,8.21,0.13,0.32,333.6945833333333,-5.886388888888888,31.685432,45.251488,-59.23965,PM*,G,5520.774392807573,55.24186607312218,2.3822026331875928e-07
HD 211180, ,22,15,1.7,+,21,16,42,81,-29,8.251,0.325,2.641,0.009,3.795,-0.18,122,2.82,1.53,2.5,2.2,3.0,1.36,1.26,1.45,-9.4,0.3,0.6,4,4777,0.256,11,7,-34,1,8.2,1.0,7,-18,-11,7.983,-0.058,7.07,8.15,0.07,0.08,333.7570833333333,21.27833333333333,16.692123,105.38991,-59.14677,*,G,6237.348354824191,106.70360865526165,1.2444535770008678e-07
HD 211275, ,22,15,17.7,+,39,46,35,93,-14,7.595,0.382,2.628,0.031,3.785,0.18,74,3.11,1.13,2.6,2.3,2.9,1.41,1.37,1.45,-46.5,0.4,0.6,2,1101,0.163,2,228,49,2,13.5,0.8,-72,-57,-20,8.004,-0.018,4.9,8.71,0.28,0.2,333.82375,39.77638888888889,-3.7578197,71.70348,-17.902222,PM*,G,6095.368972401694,71.80188196007197,1.857713342727478e-07
HD 211476, ,22,17,15.1,+,12,53,54,75,-35,7.049,0.386,2.6,0.007,3.76,-0.22,31,4.61,0.58,10.4,5.9,15.1,0.94,0.87,1.0,-25.5,0.2,0.2,3,674,0.688,2,852,99,1,32.5,0.9,-114,-35,-46,7.993,-0.018,5.24,10.35,0.33,0.85,334.31291666666664,12.898333333333332,6.572377,24.528442,-17.78087,PM*,G,5754.399373371566,25.393711945627267,1.4756341601524642e-06
HD 211526, ,22,16,59.1,+,35,22,14,91,-18,8.137,0.356,2.65,0.038,3.802,0.21,118,2.62,1.22,2.0,1.6,2.4,1.54,1.46,1.62,-10.3,0.3,0.2,2,773,0.638,11,75,0,3,8.5,0.9,-34,-18,-20,8.001,-0.036,7.01,8.32,0.09,0.2,334.24625,35.370555555555555,-1.9585842,112.20758,-36.464005,PM*,G,6338.69711256927,112.2246722495766,9.440145766777144e-08
HD 211738, ,22,19,34.4,-,16,42,15,41,-53,7.29,0.342,2.629,0.005,3.782,-0.19,45,4.04,0.61,5.2,3.2,7.2,1.07,1.02,1.13,15.0,0.3,0.1,2,735,0.7,5,40,-80,1,22.4,0.9,6,-10,-21,7.98,-0.036,7.43,8.25,0.05,0.21,334.89333333333326,-16.704166666666666,20.438799,17.767178,-35.9386,PM*,G,6053.408747539136,27.08167496012913,6.713959240189154e-07
HD 211786, ,22,19,25.1,+,12,27,35,75,-36,7.992,0.4,2.585,0.007,3.752,-0.26,42,4.88,0.52,13.5,5.8,0.0,0.87,0.83,0.94,21.3,0.3,0.0,1,0,0.0,1,72,-100,2,23.9,1.0,4,2,-32,7.991,-0.025,7.83,8.7,0.05,0.42,334.8545833333333,12.459722222222222,8.794339,32.820915,-24.686981,PM*,G,5649.369748123023,33.97871186322615,2.142785507266722e-06
HD 211987, ,22,21,6.5,+,1,2,5,65,-44,7.684,0.351,2.614,-0.006,3.779,-0.27,63,3.69,1.1,6.8,5.3,8.1,1.08,1.03,1.13,-20.9,0.2,0.5,4,1473,0.243,7,156,-84,1,15.9,1.0,-32,-41,-22,7.981,-0.044,5.9,8.11,0.16,0.23,335.27708333333334,1.0347222222222223,19.152386,41.072422,-43.763477,PM*,G,6011.737374832779,45.318403970562336,4.1397937102023456e-07
HD 212231, ,22,23,14.4,-,25,50,32,27,-57,7.876,0.395,2.592,0.01,3.755,-0.33,53,4.25,1.14,12.9,10.5,15.3,0.93,0.87,0.98,5.3,0.2,0.2,4,3219,0.724,3,377,-92,2,18.8,0.9,-68,-40,-58,7.974,-0.045,5.7,8.85,0.22,1.1,335.80999999999995,-25.842222222222222,25.719679,13.10483,-44.44954,PM*,G,5688.529308438413,28.865870109732377,8.973847818712385e-07
HD 212291, ,22,23,9.1,+,9,27,39,73,-39,7.91,0.431,2.592,0.0,3.737,-0.25,32,5.35,0.36,0.0,0.0,0.0,0.84,0.8,0.91,-6.1,0.2,0.2,4,1519,0.759,2,305,34,2,30.8,1.0,-42,-11,-18,7.993,-0.02,7.1,8.67,0.1,0.17,335.78791666666666,9.460833333333332,7.270898,23.782028,-20.138252,PM*,G,5457.57861091271,24.868671325971317,4.101839853334638e-06
HD 212708, ,22,27,24.6,-,49,21,57,344,-55,7.494,0.451,2.59,0.0,3.736,0.15,36,4.72,0.71,13.3,9.1,0.0,0.95,0.9,0.98,4.9,0.2,0.2,4,2592,0.762,2,341,-331,2,27.9,1.0,-39,-67,-21,7.98,-0.029,4.66,8.12,0.27,0.21,336.8525,-49.365833333333335,19.848854,-5.6915708,-29.489473,PM*,G,5445.026528424214,20.6487525842296,1.7178241357207713e-06
HD 212837, ,22,27,6.7,-,1,18,32,64,-47,6.782,0.403,2.597,0.015,3.757,-0.05,114,1.5,3.61,1.2,1.0,1.5,1.85,1.83,1.92,-13.7,0.2,0.3,3,1892,0.584,17,57,-5,1,8.8,1.0,-28,-17,-7,7.965,-0.083,7.08,8.17,0.07,0.08,336.7779166666666,-1.308888888888889,34.0824,69.87927,-83.37432,PM*,G,5714.786366718672,77.74781260905608,2.0089942806046824e-08
HD 213199, ,22,29,58.7,-,16,28,7,44,-56,8.158,0.376,2.602,-0.003,3.766,-0.07,46,4.84,0.07,0.8,0.0,9.2,0.99,0.93,1.05,6.5,0.1,0.3,10,2954,0.573,3,57,-78,2,21.7,1.4,-1,-15,-16,7.981,-0.038,7.32,8.05,0.05,0.13,337.4945833333333,-16.46861111111111,18.503487,17.86861,-38.13573,PM*,G,5834.451042737448,25.722874149116173,2.0275832758118263e-06
HD 213472, ,22,30,49.9,+,40,43,19,96,-15,8.192,0.415,2.598,0.0,3.752,0.13,65,4.14,0.94,8.8,6.7,10.8,1.1,1.01,1.15,16.6,0.3,0.4,2,1409,0.235,2,-213,41,2,15.5,1.2,46,33,39,8.007,-0.016,7.5,11.93,0.23,1.09,337.7079166666666,40.721944444444446,-6.562841,62.44124,-16.823238,PM*,G,5649.369748123023,62.785184038345236,7.70865661620565e-07
HD 213519, ,22,31,5.7,+,45,8,42,99,-11,7.702,0.416,2.598,0.033,3.763,-0.12,43,4.38,0.65,8.5,5.3,12.3,0.99,0.95,1.05,-32.0,0.4,0.6,2,371,0.077,2,-175,38,2,23.1,0.8,30,-22,31,8.006,-0.008,6.6,8.68,0.14,0.74,337.77374999999995,45.145,-6.6030936,41.690296,-8.204787,PM*,G,5794.286964268809,42.20997069008668,1.0739367406436191e-06
HD 213575, ,22,32,34.0,-,6,28,1,59,-51,6.951,0.421,2.594,0.023,3.745,-0.18,36,4.18,1.31,12.5,10.9,14.0,0.95,0.93,0.98,-21.7,0.1,0.2,5,4443,0.828,2,293,30,1,27.9,0.9,-51,-19,-6,7.988,-0.028,6.64,8.68,0.13,0.03,338.14166666666665,-6.466944444444445,11.668462,19.419582,-27.977255,PM*,G,5559.042572704037,22.655532889344446,8.146643284521832e-07
HD 213628, ,22,33,30.6,-,35,26,40,8,-60,7.803,0.442,2.576,0.0,3.737,0.02,32,5.27,0.23,0.0,0.0,0.0,0.89,0.84,0.98,-50.5,0.2,0.2,4,2153,0.642,2,331,-137,2,31.2,1.0,-62,-36,19,7.984,-0.028,5.83,8.69,0.2,0.46,338.3775,-35.44444444444444,15.844288,2.2267694,-27.712814,PM*,G,5457.57861091271,15.999998880866222,3.672642878602949e-06
HD 213802, ,22,33,34.2,+,31,17,1,91,-23,7.97,0.409,2.598,0.027,3.767,0.04,79,3.37,1.43,5.1,3.2,6.5,1.18,1.1,1.28,-16.8,0.2,0.4,3,374,0.308,3,15,-58,2,6.6,0.9,8,-24,-13,8.002,-0.031,6.8,8.15,0.09,0.09,338.3925,31.283611111111117,-1.2691329,72.70881,-30.86776,PM*,G,5847.900841444806,72.71988551925782,2.6605945697733073e-07
HD 213885,*,22,35,56.3,-,59,51,52,329,-50,7.961,0.391,0.0,0.0,3.758,-0.19,48,4.57,0.64,10.9,6.5,15.3,0.94,0.88,1.0,35.5,0.3,0.3,2,1489,0.491,4,-107,-87,7,21.0,1.0,40,-23,-8,7.974,-0.036,6.32,8.84,0.17,0.04,338.9845833333333,-59.864444444444445,26.446869,-15.890885,-36.770134,PM*,G,5727.960309858292,30.85380213176953,1.3962998789170638e-06
HD 213941, ,22,36,7.7,-,54,36,38,335,-53,7.586,0.422,2.584,0.033,3.739,-0.51,32,5.04,0.8,0.0,11.7,0.0,0.82,0.8,0.86,66.9,0.1,0.2,5,2609,0.707,3,369,-264,11,31.0,0.8,-8,-67,-69,7.982,-0.026,5.0,7.98,0.23,1.32,339.03208333333333,-54.61055555555556,17.453745,-8.13882,-25.556337,PM*,G,5482.769649208536,19.258078967472976,2.6728753163232114e-06
HD 214059, ,22,35,38.1,+,5,22,24,73,-44,8.265,0.429,2.581,0.024,3.752,-0.12,81,3.63,1.65,7.7,5.9,9.6,1.06,1.01,1.15,-12.2,0.2,0.3,5,1092,0.638,2,426,-206,2,12.4,1.3,-99,-101,-114,7.983,-0.056,3.48,9.2,0.45,4.0,338.90874999999994,5.373333333333333,17.035486,55.72055,-56.26733,PM*,G,5649.369748123023,58.26652105247658,3.81047134770222e-07
HD 214067, ,22,37,3.7,-,59,33,33,329,-50,8.205,0.454,0.0,0.0,3.725,-0.36,30,5.8,0.22,0.0,0.0,0.0,0.79,0.76,0.86,77.7,0.2,0.2,5,2609,0.786,3,-250,75,6,33.1,0.9,72,-6,-47,7.983,-0.023,6.37,10.51,0.25,0.89,339.2654166666666,-59.55916666666666,16.529293,-9.931803,-22.981333,PM*,G,5308.8444423098845,19.28362616083028,7.637983227545537e-06
HD 214385, ,22,38,11.0,-,27,26,36,25,-60,7.893,0.404,2.575,0.0,3.749,-0.33,40,4.9,0.62,15.4,7.8,0.0,0.85,0.82,0.91,45.9,0.1,0.3,5,2162,0.54,3,445,16,2,25.2,1.0,-51,-8,-81,7.982,-0.035,7.14,9.34,0.13,1.88,339.5458333333333,-27.44333333333333,18.126154,8.452365,-34.641018,PM*,G,5610.479760324706,19.999998323123453,2.2028184248593965e-06
HD 214529, ,22,38,57.6,-,10,6,8,55,-54,8.242,0.379,2.628,0.023,3.781,0.2,105,3.03,1.29,2.8,2.2,4.4,1.41,1.33,1.47,-24.8,0.2,0.1,2,372,0.831,6,27,25,2,9.5,1.2,-25,-5,18,7.965,-0.086,7.67,8.39,0.04,0.43,339.73999999999995,-10.102222222222222,35.399677,50.555977,-84.946785,*,G,6039.4862937638,61.71745249221534,1.6633310715695407e-07
HD 214560, ,22,38,53.9,+,8,22,27,76,-42,8.131,0.383,2.592,0.004,3.761,-0.28,55,4.42,0.8,11.6,7.1,15.1,0.95,0.87,1.0,-44.8,0.2,0.3,6,1503,0.669,3,258,24,2,18.1,1.2,-68,-45,1,7.99,-0.037,5.4,8.72,0.23,0.13,339.72458333333327,8.374166666666667,9.888065,39.658863,-36.802185,PM*,G,5767.664633922509,40.872964706477966,1.1349551513000262e-06
HD 214572, ,22,39,16.0,-,10,1,40,55,-54,6.944,0.389,2.588,-0.015,3.763,-0.15,69,2.75,2.31,3.3,2.8,3.8,1.34,1.28,1.39,10.4,0.5,0.7,2,721,0.026,6,-48,-6,1,14.5,1.1,17,7,-1,7.977,-0.056,7.63,9.23,0.09,0.11,339.8166666666666,-10.02777777777778,23.262644,33.2225,-55.822174,PM*,G,5794.286964268809,40.55718323701408,1.1297405060550694e-07
HD 214691, ,22,42,35.3,-,73,14,32,315,-41,8.1,0.452,0.0,0.0,3.734,0.04,49,4.65,0.9,16.4,12.5,0.0,0.91,0.89,0.94,-10.5,0.2,0.4,6,3727,0.101,2,157,-281,2,20.4,0.8,-42,-56,28,7.974,-0.032,5.18,8.18,0.22,0.65,340.6470833333333,-73.24222222222222,26.14935,-26.149357,-32.146893,PM*,G,5420.008904016238,36.98077036698869,1.559476017642916e-06
HD 214722, ,22,40,12.4,-,6,32,4,60,-53,7.172,0.454,0.0,0.0,3.731,-0.33,101,2.15,3.73,1.6,1.3,2.2,1.38,1.3,1.57,8.8,0.4,0.5,2,721,0.085,5,-13,-34,1,9.9,1.2,15,-7,-10,7.97,-0.08,7.36,8.56,0.08,0.1,340.0516666666666,-6.5344444444444445,30.391655,52.639896,-80.66219,*,G,5382.697825162882,60.78331468857092,4.9314961721605446e-08
HD 214813, ,22,41,4.3,-,23,31,16,33,-60,7.103,0.365,2.626,0.021,3.788,0.03,85,2.37,1.94,1.9,1.7,2.2,1.56,1.49,1.65,4.6,0.2,0.1,2,1530,0.691,5,36,-50,2,11.8,1.0,-3,-21,-14,7.965,-0.074,7.02,7.99,0.06,0.12,340.2679166666666,-23.52111111111111,35.643494,23.147158,-73.61216,PM*,G,6137.620051647939,42.49999515299972,6.683111399561631e-08
HD 214954, ,22,43,28.8,-,64,48,43,322,-47,8.26,0.434,0.0,0.0,3.742,-0.02,52,4.68,0.74,14.4,9.4,0.0,0.9,0.88,0.96,-13.3,0.2,0.3,3,2666,0.341,2,127,-33,2,19.2,0.9,-34,-10,-1,7.972,-0.038,7.28,8.43,0.07,0.1,340.86999999999995,-64.81194444444444,27.945948,-21.833761,-38.03039,PM*,G,5520.774392807573,35.463913052902456,1.6254690339100712e-06
HD 215274, ,22,43,40.4,+,30,5,33,93,-25,7.997,0.417,2.608,0.0,3.75,0.11,45,4.74,0.4,8.9,3.5,13.5,1.01,0.92,1.07,-10.2,0.2,0.3,2,344,0.304,3,241,26,2,22.3,1.0,-46,-21,-16,8.002,-0.019,6.68,8.55,0.12,0.13,340.9183333333333,30.0925,-2.1344612,40.727955,-19.017822,PM*,G,5623.413251903491,40.78384782112069,1.7659512088359783e-06
HD 215456, ,22,46,8.0,-,48,58,43,342,-57,6.64,0.401,2.596,0.008,3.755,-0.06,39,3.71,1.45,7.5,6.6,8.3,1.1,1.06,1.14,-19.1,0.2,0.4,6,2828,0.201,2,208,-49,1,25.9,0.8,-40,-16,1,7.98,-0.033,6.93,8.48,0.1,0.13,341.5333333333333,-48.97861111111112,20.201319,-6.563805,-32.708153,PM*,G,5688.529308438413,21.240923365470394,4.2557754049694857e-07
HD 215625, ,22,46,50.2,-,20,47,26,39,-61,7.922,0.34,2.634,0.002,3.787,0.01,53,4.28,0.07,1.0,0.0,5.0,1.12,1.06,1.18,8.4,0.2,0.2,3,802,0.76,5,6,34,2,18.7,1.1,-1,10,-6,7.98,-0.047,7.94,9.05,0.07,0.05,341.7091666666666,-20.79055555555556,19.968695,16.17033,-46.354847,*,G,6123.503917247734,25.694909073820927,9.353597990167014e-07
HD 215641, ,22,47,9.3,-,32,40,31,14,-63,7.577,0.45,0.0,0.0,3.733,0.01,27,5.4,0.19,0.0,0.0,0.0,0.87,0.83,0.96,0.3,0.1,0.3,5,2586,0.473,4,248,-91,2,36.7,1.0,-23,-20,-15,7.988,-0.024,7.03,8.1,0.07,0.11,341.78875,-32.67527777777777,11.893638,2.965417,-24.057177,PM*,G,5407.5432294558095,12.25774542315727,4.395200589841064e-06
HD 215768, ,22,48,6.9,-,37,45,23,3,-62,7.499,0.375,2.611,0.007,3.765,-0.2,40,4.51,0.54,8.7,4.8,12.9,0.97,0.92,1.03,-24.8,0.2,0.3,5,2143,0.38,7,158,2,2,25.3,0.9,-37,-9,8,7.982,-0.035,7.28,8.56,0.08,0.25,342.02874999999995,-37.756388888888885,18.75313,0.98280996,-35.3179,PM*,G,5821.032177708716,18.77886578615373,1.2852236255882161e-06
HD 215942, ,22,48,13.9,+,41,31,56,99,-16,8.05,0.411,2.587,0.006,3.749,-0.14,46,4.72,0.65,13.5,8.0,0.0,0.9,0.86,0.96,-70.9,0.2,0.1,2,366,0.921,2,-157,-142,1,21.6,1.0,56,-63,8,8.007,-0.012,4.64,8.75,0.31,0.25,342.05791666666664,41.532222222222224,-6.917225,43.67364,-12.679318,PM*,G,5610.479760324706,44.21803741178734,1.7178241357207713e-06
HD 216000, ,22,51,8.9,-,71,25,30,315,-43,7.659,0.384,2.603,0.006,3.763,-0.25,130,2.09,3.06,2.1,1.7,2.4,1.66,1.48,1.68,13.0,0.3,0.7,4,4010,0.019,10,23,20,2,7.7,0.7,-5,0,-22,7.932,-0.088,7.89,8.3,0.03,0.25,342.7870833333333,-71.42500000000001,67.22886,-67.22888,-88.65978,*,G,5794.286964268809,95.07597973701876,4.539193539767575e-08
HD 216054, ,22,50,10.5,-,41,29,24,355,-61,7.78,0.454,0.0,0.0,3.729,-0.13,28,5.56,0.22,0.0,0.0,0.0,0.84,0.8,0.92,20.5,0.1,0.2,5,2550,0.681,3,-369,-208,1,35.9,1.0,58,-13,8,7.987,-0.024,6.38,9.63,0.2,0.25,342.54374999999993,-41.49,13.523012,-1.1831142,-24.489353,PM*,G,5357.966575133417,13.574668053487924,5.482500757558595e-06
HD 216106, ,22,49,17.5,+,50,58,36,104,-7,6.746,0.367,2.608,0.007,3.769,-0.52,67,2.63,2.59,3.1,2.8,3.5,1.28,1.25,1.34,-44.3,0.4,0.7,3,675,0.057,7,-19,-145,1,15.0,0.6,37,-41,-32,8.016,-0.009,5.71,8.57,0.2,0.43,342.32291666666663,50.97666666666667,-16.087948,64.525246,-8.165246,PM*,G,5874.893525297769,66.50059730717626,9.571471275949219e-08
HD 216175, ,22,49,57.0,+,50,1,0,104,-8,7.927,0.372,2.628,0.022,3.781,0.05,57,4.04,0.41,3.8,1.9,5.8,1.15,1.08,1.21,-40.6,0.2,0.2,2,365,0.658,2,150,50,2,17.4,0.8,-32,-50,0,8.014,-0.008,5.49,8.12,0.19,0.1,342.48749999999995,50.016666666666666,-13.655348,54.768612,-7.932867,PM*,G,6039.4862937638,56.44527783090139,6.713959240189154e-07
HD 216190, ,22,49,49.6,+,54,2,4,106,-5,8.055,0.382,2.595,0.001,3.762,-0.23,57,4.28,0.87,10.0,6.5,13.4,0.97,0.9,1.03,-16.9,0.2,0.1,2,1413,0.798,1,35,-147,2,0.0,0.0,15,-17,-38,8.015,-0.005,7.08,8.39,0.08,0.55,342.45666666666665,54.03444444444444,-15.651544,54.58342,-4.967877,PM*,G,5780.960474057181,56.783101081926965,9.353597990167014e-07
HD 216275, ,22,50,46.3,+,52,3,41,105,-7,7.204,0.378,2.604,0.007,3.763,-0.24,31,4.73,0.41,9.0,2.1,14.4,0.94,0.87,1.02,13.6,0.3,0.1,2,727,0.925,1,144,170,2,32.0,0.7,-33,7,11,8.008,-0.004,7.73,9.16,0.08,0.3,342.6929166666666,52.061388888888885,-7.9635844,29.720505,-3.7779498,PM*,G,5794.286964268809,30.76893065985473,1.7417214499005635e-06
HD 216435, ,22,53,37.9,-,48,35,53,342,-59,6.038,0.395,2.616,0.025,3.761,-0.04,33,3.42,1.59,5.4,4.9,6.0,1.17,1.15,1.21,-1.1,0.3,0.5,3,2198,0.077,6,218,-81,1,30.0,0.7,-28,-22,-11,7.984,-0.028,6.87,8.14,0.08,0.06,343.4079166666666,-48.59805555555556,16.1644,-5.252131,-28.286522,PM*,G,5767.664633922509,16.99625568768489,2.8508784449224386e-07
HD 216437, ,22,54,39.4,-,70,4,25,316,-44,6.057,0.419,2.606,0.0,3.751,0.05,27,3.94,1.23,8.7,7.5,9.7,1.06,1.02,1.1,-2.7,0.2,0.2,2,1149,0.582,4,-44,73,1,37.7,0.6,3,10,-1,7.986,-0.018,7.89,9.14,0.07,0.1,343.6641666666666,-70.0736111111111,13.971139,-13.491779,-18.755777,PM*,G,5636.376558259543,19.422173553497096,5.847614042653944e-07
HD 216770, ,22,55,53.7,-,26,39,31,27,-64,8.108,0.486,0.0,0.0,3.72,0.23,38,5.22,0.51,16.9,7.4,0.0,0.89,0.86,0.99,30.7,0.1,0.2,5,2135,0.695,3,228,-178,2,26.4,1.1,-12,-35,-48,7.985,-0.034,6.39,7.99,0.11,0.76,343.97375,-26.65861111111111,14.84248,7.5626206,-34.154175,PM*,G,5248.074602497728,16.658104420669968,3.427509761747643e-06
HD 217014, ,22,57,27.9,+,20,46,7,90,-35,5.454,0.416,2.603,0.0,3.752,0.16,15,4.52,0.54,9.2,4.8,12.0,1.06,0.96,1.1,-33.7,0.1,0.2,26,4697,0.963,2,208,60,1,65.1,0.8,-15,-30,16,8.0,-0.009,6.58,8.01,0.1,0.37,344.36625,20.76861111111111,-5.3709414e-07,12.287281,-8.603647,PM*,G,5649.369748123023,12.287281000000013,1.303102867201668e-06
HD 217142, ,22,56,4.3,+,75,56,22,116,15,8.268,0.526,0.0,0.0,3.697,-0.05,26,6.19,0.18,0.0,0.0,0.0,0.79,0.76,0.84,-9.6,0.2,0.1,2,1085,0.748,5,33,-39,2,0.0,0.0,2,-8,-8,8.011,0.007,7.65,8.24,0.04,0.02,344.0179166666666,75.93944444444445,-11.009283,22.572378,6.7292953,*,G,4977.37084978936,25.114070971249824,1.3091177167478464e-05
HD 217165, ,22,58,29.8,+,9,49,31,83,-44,7.676,0.382,2.595,-0.008,3.765,-0.01,44,4.48,0.41,6.9,2.4,10.6,1.02,0.96,1.09,13.4,0.2,0.1,2,472,0.681,3,128,3,1,22.9,1.0,-22,2,-20,7.996,-0.03,7.87,8.63,0.05,0.2,344.6241666666666,9.825277777777778,3.85728,31.41503,-30.56497,PM*,G,5821.032177708716,31.650951311126498,1.2330443580285334e-06
HD 217343, ,23,0,19.2,-,26,9,13,29,-65,7.492,0.415,2.588,0.0,3.746,-0.18,32,4.96,0.51,14.6,6.6,0.0,0.87,0.84,0.93,6.1,0.2,0.3,5,2135,0.573,13,109,-162,2,31.2,0.9,-3,-27,-14,7.988,-0.029,6.72,8.01,0.09,0.1,345.0799999999999,-26.15361111111111,11.828169,6.556461,-29.001848,PM*,G,5571.857489319298,13.5237850743452,2.3931983809430355e-06
HD 217429, ,23,0,47.9,-,14,15,30,54,-61,8.263,0.394,2.605,0.023,3.768,-0.18,81,3.63,1.34,6.8,5.4,8.4,1.09,1.03,1.15,-14.1,0.2,0.2,4,1448,0.879,3,206,-24,2,12.4,1.2,-68,-37,-23,7.977,-0.071,5.69,8.8,0.21,0.25,345.1995833333333,-14.258333333333333,23.082077,31.769756,-70.8442,PM*,G,5861.3816451402845,39.26957696402477,3.81047134770222e-07
HD 217877, ,23,3,57.2,-,4,47,41,69,-56,6.7,0.367,2.601,-0.01,3.77,-0.2,31,4.26,0.68,7.3,4.9,11.2,1.0,0.96,1.06,-13.1,0.1,0.2,6,3999,0.851,3,319,37,1,32.5,0.9,-45,-17,-6,7.994,-0.026,6.81,8.58,0.12,0.04,345.9883333333333,-4.794722222222222,6.2123017,16.183598,-25.700167,PM*,G,5888.43655355589,17.33498014528505,9.09868647726075e-07
HD 218133, ,23,5,31.1,+,14,27,5,88,-41,7.106,0.377,2.607,0.01,3.766,-0.17,38,4.21,0.79,7.9,5.4,12.2,1.0,0.97,1.06,-49.3,0.2,0.2,5,1470,0.795,4,387,90,2,26.4,0.9,-69,-50,15,7.999,-0.025,5.22,8.71,0.25,0.38,346.3795833333333,14.451388888888888,1.0008813,28.661495,-24.930243,PM*,G,5834.451042737448,28.67896544528262,8.491388286507029e-07
HD 218152, ,23,5,4.7,+,49,2,58,106,-10,8.204,0.34,2.625,0.01,3.782,-0.47,84,3.58,1.31,6.1,4.5,8.0,1.05,0.99,1.11,14.9,0.3,0.2,2,384,0.681,5,42,-74,2,0.0,0.0,-6,7,-36,8.022,-0.015,8.0,8.95,0.06,0.51,346.26958333333323,49.04944444444444,-22.801783,79.519264,-14.586447,PM*,G,6053.408747539136,82.72384574643992,3.5561387733068084e-07
HD 218168, ,23,4,2.1,+,74,28,38,116,13,8.141,0.374,2.601,-0.015,3.77,0.18,49,4.7,-0.09,0.0,0.0,4.7,1.08,1.03,1.11,2.3,0.3,0.5,2,1086,0.214,5,108,36,2,20.5,0.7,-25,-9,-2,8.021,0.011,7.55,8.29,0.05,0.07,346.00875,74.47722222222222,-20.92965,42.912144,11.022601,PM*,G,5888.43655355589,47.74413421352654,1.6710086589594444e-06
HD 218209, ,23,5,6.0,+,68,25,1,113,8,7.485,0.419,2.568,0.0,3.739,-0.62,30,5.12,0.78,0.0,9.8,0.0,0.8,0.78,0.85,-16.1,0.1,0.2,8,2293,0.955,3,592,163,1,33.7,0.6,-73,-47,-14,8.012,0.004,5.28,8.83,0.25,0.11,346.2749999999999,68.41694444444445,-11.607858,27.346397,4.1751933,PM*,G,5482.769649208536,29.708042618620517,2.9852362067012464e-06
HD 218354, ,23,6,53.6,+,38,14,36,101,-20,8.202,0.413,2.615,0.0,3.754,0.07,67,4.07,1.01,8.7,6.8,10.6,1.05,1.01,1.13,-10.9,0.3,0.2,2,1101,0.609,3,80,30,2,14.9,1.0,-24,-16,2,8.012,-0.023,7.24,8.16,0.06,0.14,346.72333333333336,38.24333333333333,-12.013223,61.80266,-22.915348,PM*,G,5675.446054085472,62.95940207723807,6.998076736285392e-07
HD 218355, ,23,6,55.4,+,38,0,58,101,-20,8.279,0.375,2.61,0.004,3.77,0.01,76,3.87,0.88,6.3,3.7,8.2,1.1,1.05,1.17,-7.1,0.3,0.2,2,418,0.573,2,95,20,2,13.1,1.1,-32,-16,-5,8.014,-0.027,7.11,8.32,0.08,0.05,346.7308333333333,38.01611111111111,-13.62694,70.104515,-25.99353,PM*,G,5888.43655355589,71.41664033787102,5.308584080479523e-07
HD 218504, ,23,8,42.9,-,18,45,6,47,-65,8.113,0.359,2.593,-0.003,3.769,-0.63,62,4.16,1.14,10.7,6.4,13.3,0.9,0.86,0.99,-29.7,0.1,0.3,7,4052,0.614,2,-86,-36,2,16.2,1.0,18,-11,34,7.982,-0.056,7.23,8.61,0.09,0.82,347.17875,-18.751666666666665,17.869947,19.163174,-56.191082,PM*,G,5874.893525297769,26.20233278807605,7.92462463811988e-07
HD 218730, ,23,10,24.7,-,7,48,43,67,-59,7.332,0.38,2.617,0.007,3.767,0.1,36,4.58,0.17,3.7,0.0,8.3,1.07,1.0,1.12,1.7,0.2,0.2,5,3999,0.915,4,140,-135,1,28.1,1.1,-10,-25,-19,7.993,-0.031,6.82,7.99,0.08,0.17,347.60291666666666,-7.811944444444444,7.2446923,17.067421,-30.858023,PM*,G,5847.900841444806,18.541370664352737,1.4157243451367577e-06
HD 218949, ,23,11,38.7,+,47,5,55,106,-12,7.225,0.429,2.594,0.0,3.743,-0.05,48,3.83,1.59,8.6,7.7,9.5,1.05,1.03,1.1,-10.7,0.2,0.1,2,1528,0.908,2,-250,-163,1,20.9,0.7,68,6,-10,8.013,-0.01,6.71,10.77,0.23,0.05,347.91125,47.09861111111111,-12.941474,45.132282,-9.979761,PM*,G,5533.501092157366,46.9510876106209,5.023179531184576e-07
HD 219129, ,23,13,41.7,-,10,19,7,64,-62,7.937,0.332,2.624,-0.009,3.79,-0.06,71,3.67,0.68,3.4,2.5,4.5,1.18,1.11,1.25,0.5,0.9,1.2,2,721,0.021,16,10,-19,2,14.0,1.3,0,-6,-4,7.985,-0.063,7.71,8.2,0.03,0.08,348.4237499999999,-10.31861111111111,14.612,29.95904,-62.689278,*,G,6165.9500186148225,33.332485981720595,4.0269728386086803e-07
HD 219249, ,23,15,9.6,-,56,43,45,326,-56,7.949,0.431,2.569,0.0,3.734,-0.41,30,5.53,0.35,0.0,0.0,0.0,0.81,0.77,0.88,-10.7,0.1,0.3,6,3033,0.664,3,242,85,2,32.8,1.0,-38,2,-9,7.986,-0.025,7.55,8.99,0.09,0.04,348.79,-56.72916666666667,13.907756,-9.380905,-24.871128,PM*,G,5420.008904016238,16.775787778061602,5.259914689088306e-06
HD 219396, ,23,12,9.5,+,82,23,40,120,20,7.531,0.433,2.58,0.027,3.752,-0.11,53,3.81,1.46,8.5,7.5,9.4,1.05,1.02,1.1,-47.2,0.2,0.3,3,706,0.533,4,66,85,1,19.0,0.6,4,-54,-4,8.024,0.018,5.34,8.06,0.2,0.05,348.03958333333327,82.39444444444445,-24.901857,43.131275,18.127066,PM*,G,5649.369748123023,49.80370834761277,4.886283943493073e-07
HD 219428, ,23,15,13.3,+,52,21,6,108,-8,8.247,0.396,2.62,0.026,3.774,0.22,61,4.22,0.25,3.7,0.1,6.6,1.16,1.12,1.2,-6.5,0.2,0.1,2,730,0.948,4,178,18,2,16.5,1.0,-44,-24,-13,8.019,-0.008,6.59,8.49,0.13,0.08,348.80541666666664,52.35166666666667,-18.666584,57.449856,-8.489559,PM*,G,5942.921586155727,60.406351591945956,8.609515264400525e-07
HD 219828, ,23,18,46.7,+,18,38,44,94,-39,8.046,0.407,2.604,0.016,3.756,0.05,81,3.5,1.55,5.8,4.7,7.0,1.16,1.1,1.24,-24.6,0.2,0.2,2,402,0.64,4,-3,5,2,12.3,1.0,2,-18,17,8.005,-0.051,7.21,8.1,0.06,0.4,349.6945833333333,18.645555555555557,-4.3910885,62.795486,-50.974953,*,G,5701.642722807472,62.94882620185247,3.1840413590236713e-07
HD 220008, ,23,20,18.2,+,6,52,20,87,-49,7.963,0.42,2.595,0.027,3.76,0.0,87,3.15,1.85,4.4,3.7,5.3,1.23,1.17,1.31,-20.2,0.3,0.0,1,0,0.0,1,-74,27,2,11.5,1.0,20,5,32,7.997,-0.066,7.57,9.34,0.1,0.79,350.07583333333326,6.872222222222223,2.9871876,56.998913,-65.65974,PM*,G,5754.399373371566,57.07713529022951,1.963263987694239e-07
HD 220066, ,23,20,56.8,-,18,59,18,50,-68,7.744,0.403,2.588,0.0,3.754,-0.17,74,3.4,1.88,6.1,4.7,7.5,1.13,1.07,1.22,45.7,0.1,0.2,5,3627,0.855,3,133,6,2,13.5,1.2,-31,0,-58,7.982,-0.069,7.66,8.89,0.07,1.08,350.2366666666666,-18.988333333333333,17.818645,21.235435,-68.6116,PM*,G,5675.446054085472,27.720891206367266,2.773184092623894e-07
HD 220284, ,23,22,8.7,+,49,32,1,108,-11,7.92,0.41,2.609,0.029,3.769,0.17,71,3.54,1.1,3.6,2.8,6.1,1.22,1.13,1.33,-15.4,0.3,0.5,2,1416,0.164,3,-62,-137,2,0.0,0.0,40,-10,-33,8.022,-0.013,6.84,9.28,0.15,0.46,350.53624999999994,49.53361111111111,-21.537096,66.284386,-13.547439,PM*,G,5874.893525297769,69.69552590740822,3.3649506582766625e-07
HD 220367, ,23,24,18.8,-,72,9,54,312,-43,6.888,0.352,2.607,-0.004,3.776,-0.34,42,3.78,1.14,7.7,6.6,8.9,1.04,0.99,1.1,19.6,0.2,0.3,5,1545,0.494,4,-18,-44,2,23.9,0.6,13,-16,-7,7.98,-0.029,7.06,8.31,0.08,0.03,351.07833333333326,-72.165,20.553593,-22.827068,-28.643929,*,G,5970.352865838366,30.71685561196447,4.6879039011534105e-07
HD 220476, ,23,24,6.3,-,7,33,2,72,-62,7.619,0.423,2.592,0.0,3.743,-0.08,30,5.22,0.23,0.0,0.0,0.0,0.88,0.84,0.98,4.0,0.1,0.2,7,3999,0.931,4,146,-5,1,33.1,0.9,-17,-6,-11,7.996,-0.027,7.79,8.14,0.02,0.06,351.02624999999995,-7.5505555555555555,4.352241,13.394822,-26.488426,PM*,G,5533.501092157366,14.084149180329105,3.427509761747643e-06
HD 220507, ,23,24,42.1,-,52,42,6,329,-60,7.597,0.429,2.595,0.0,3.743,-0.09,43,4.41,1.05,14.2,11.6,16.4,0.93,0.89,0.97,22.7,0.1,0.2,7,1125,0.763,2,-15,-155,2,23.0,0.9,20,-33,-7,7.981,-0.038,6.19,8.27,0.14,0.04,351.1754166666666,-52.70166666666667,18.429094,-11.0733185,-37.239094,PM*,G,5533.501092157366,21.49999740147143,1.1193829828386824e-06
HD 220689, ,23,25,52.9,-,20,36,57,47,-69,7.795,0.389,2.602,0.013,3.759,-0.21,45,4.52,0.68,10.9,6.8,15.1,0.95,0.88,1.0,11.8,0.2,0.2,5,1758,0.771,3,-13,-177,2,22.1,0.9,22,-29,-16,7.989,-0.042,6.34,8.33,0.14,0.14,351.47041666666667,-20.61583333333333,10.998285,11.794218,-42.011116,PM*,G,5741.164622073275,16.12655732550345,1.303102867201668e-06
HD 220718, ,23,27,7.3,-,72,52,53,311,-43,8.109,0.405,2.604,0.017,3.758,0.04,88,3.39,1.62,5.1,4.4,6.0,1.19,1.15,1.27,33.1,0.2,0.2,4,1967,0.732,3,-77,-2,2,11.4,0.8,44,-6,-12,7.958,-0.06,6.8,9.4,0.16,0.11,351.7804166666666,-72.88138888888888,42.223373,-48.572456,-60.01585,PM*,G,5727.960309858292,64.35912296923463,2.7351345804337536e-07
HD 220721, ,23,25,45.6,+,45,20,50,108,-15,7.893,0.371,2.63,0.023,3.783,0.09,59,3.95,0.42,3.5,2.0,4.8,1.19,1.13,1.24,-15.5,0.2,0.2,5,2298,0.851,3,47,-45,1,17.0,0.9,-2,-21,-12,8.017,-0.015,7.06,8.06,0.07,0.07,351.44,45.34722222222222,-17.610758,54.200356,-15.270324,PM*,G,6067.363295885053,56.9896252651419,5.928962457240527e-07
HD 220773, ,23,26,27.4,+,8,38,37,90,-49,7.105,0.39,2.602,0.009,3.763,-0.03,49,3.67,1.28,6.7,5.6,7.8,1.12,1.08,1.16,-38.0,0.2,0.1,4,2572,0.937,3,28,-225,2,20.6,1.0,20,-61,-3,8.0,-0.036,4.92,8.16,0.25,0.07,351.6141666666666,8.643611111111111,-1.4051853e-06,32.146893,-36.98077,PM*,G,5794.286964268809,32.146893000000034,4.0269728386086803e-07
HD 220899, ,23,27,25.3,+,25,28,4,100,-34,7.941,0.323,2.648,0.015,3.797,-0.17,128,2.4,1.89,2.1,1.8,2.4,1.48,1.4,1.57,-19.8,2.0,2.8,2,39,0.127,55,56,-38,2,7.8,0.9,-16,-39,-18,8.019,-0.071,6.1,8.03,0.14,0.17,351.85541666666666,25.467777777777776,-18.426992,104.50466,-71.57669,PM*,G,6266.138646723356,106.11681297458789,6.965923494340181e-08
HD 220928, ,23,27,57.0,-,26,27,15,30,-71,8.267,0.374,2.597,-0.002,3.765,-0.33,60,4.39,0.78,9.8,5.9,14.2,0.96,0.88,1.01,1.3,0.5,0.7,2,903,0.092,4,144,-44,2,16.8,1.1,-30,-26,-15,7.984,-0.056,6.63,8.15,0.1,0.12,351.98749999999995,-26.454166666666666,16.917017,9.767044,-56.731113,PM*,G,5821.032177708716,19.534088478253217,1.088876688899508e-06
HD 221146, ,23,29,30.3,-,1,2,9,83,-57,6.891,0.393,2.612,0.013,3.762,0.08,40,3.91,0.98,7.3,5.6,8.7,1.1,1.06,1.18,-15.6,0.2,0.5,5,4499,0.042,2,-13,-31,1,25.3,1.0,4,-12,11,7.997,-0.033,7.44,8.19,0.05,0.29,352.37625,-1.0358333333333334,2.6549919,21.623177,-33.54682,*,G,5780.960474057181,21.785563237208134,5.610204605383642e-07
HD 221149, ,23,29,36.3,-,6,50,8,75,-62,8.282,0.397,2.614,0.03,3.777,0.08,118,2.79,1.73,2.5,2.2,3.0,1.44,1.33,1.51,-8.0,0.3,0.0,1,0,0.0,5,6,-3,2,9.2,1.2,-3,-7,5,7.986,-0.104,7.78,8.13,0.02,0.21,352.40125,-6.835555555555556,14.337969,53.51002,-104.18781,*,G,5984.115950603199,55.397649728534155,1.1939295476668923e-07
HD 221167, ,23,28,49.4,+,72,13,48,117,10,7.737,0.332,2.615,0.003,3.784,-0.63,57,3.96,1.01,5.7,4.0,9.2,1.01,0.96,1.06,-62.8,0.3,0.2,3,705,0.752,5,58,84,1,17.6,0.6,9,-68,5,8.025,0.01,4.71,8.09,0.26,0.18,352.20583333333326,72.23,-25.484314,50.0158,9.897946,PM*,G,6081.350012787177,56.13404056088066,6.011442541001502e-07
HD 221275,*,23,30,54.0,-,35,6,23,3,-71,8.126,0.478,0.0,0.0,3.722,0.07,35,5.4,0.38,0.0,5.2,0.0,0.86,0.84,0.94,6.1,0.4,0.5,2,1501,0.124,3,-204,-6,1,28.5,1.1,32,12,5,7.989,-0.033,7.45,9.91,0.14,0.2,352.725,-35.10638888888889,11.379269,0.59636223,-33.09315,PM*,G,5272.298614228227,11.394885294891369,4.395200589841064e-06
HD 221420,*,23,33,19.5,-,77,23,7,308,-39,5.818,0.427,0.0,0.0,3.75,0.11,32,3.31,1.83,4.5,4.2,4.8,1.25,1.24,1.27,26.0,0.2,0.1,2,1204,0.765,4,16,2,1,31.5,0.5,10,-16,-18,7.985,-0.02,7.1,8.25,0.08,0.16,353.33124999999995,-77.38527777777779,15.310683,-19.596779,-20.138252,*,G,5623.413251903491,24.86867027207788,2.448943132356654e-07
HD 221573, ,23,32,53.5,+,47,0,44,109,-14,7.86,0.328,2.636,-0.002,3.79,-0.1,51,4.34,0.05,0.0,0.0,4.8,1.1,1.04,1.15,9.1,0.3,0.2,2,791,0.712,6,-28,-24,2,19.8,0.9,5,10,-5,8.016,-0.012,7.9,9.19,0.08,0.03,353.2229166666666,47.01222222222222,-16.110764,46.789066,-12.3380165,*,G,6165.9500186148225,49.485082740317324,1.0161988529530514e-06
HD 221706, ,23,34,36.7,-,16,59,35,59,-70,8.279,0.388,2.586,0.0,3.759,-0.19,48,4.87,0.31,7.8,0.0,14.9,0.93,0.86,1.01,-30.2,0.2,0.3,5,2868,0.656,2,140,128,3,20.8,1.2,-46,3,25,7.991,-0.045,7.42,9.34,0.11,0.62,353.6529166666666,-16.993055555555557,8.455363,14.072087,-45.105247,PM*,G,5741.164622073275,16.416966711220986,2.1133853879250417e-06
HD 222033, ,23,37,6.6,+,30,40,40,105,-30,7.21,0.395,2.612,0.018,3.761,0.02,50,3.7,1.26,6.8,5.7,7.7,1.12,1.08,1.16,-13.7,0.2,0.2,2,469,0.472,3,189,78,2,19.9,0.8,-44,-22,9,8.011,-0.025,6.65,8.5,0.12,0.26,354.2775,30.67777777777778,-11.207191,41.825813,-25.0,PM*,G,5767.664633922509,43.30126745513865,4.1973839773752496e-07
HD 222155, ,23,38,0.3,+,48,59,47,111,-12,7.107,0.422,2.582,0.022,3.755,-0.13,51,3.5,1.72,6.3,5.5,7.1,1.13,1.09,1.18,-44.2,0.2,0.1,2,385,0.983,2,197,-121,2,19.8,0.8,-16,-62,-31,8.017,-0.011,5.03,8.02,0.23,0.38,354.5012499999999,48.99638888888889,-17.877373,46.572155,-10.603497,PM*,G,5688.529308438413,49.88552983306035,3.1840413590236713e-07
HD 222335,*,23,39,51.3,-,32,44,36,9,-74,7.185,0.477,0.0,0.0,3.717,-0.17,19,5.83,0.21,0.0,0.0,0.0,0.81,0.78,0.88,-7.6,0.2,0.3,2,1525,0.359,1,136,-305,2,53.5,0.9,-2,-30,5,7.995,-0.018,6.54,8.02,0.1,0.19,354.96374999999995,-32.74333333333333,5.1726336,0.8192647,-18.263971,PM*,G,5211.947111050806,5.237111131961499,7.961203043484434e-06
HD 222391, ,23,40,3.4,+,26,48,7,104,-33,7.559,0.371,2.624,0.025,3.784,-0.03,81,2.92,1.54,2.6,2.3,2.9,1.4,1.33,1.46,-3.0,0.3,0.1,2,673,0.73,6,147,32,2,12.4,0.7,-54,-20,-4,8.016,-0.044,6.59,8.79,0.14,0.07,355.01416666666665,26.801944444444445,-16.434313,65.91443,-44.115765,PM*,G,6081.350012787177,67.93230988275658,1.4288238812182962e-07
HD 222422, ,23,40,37.8,-,18,59,20,56,-72,7.586,0.448,2.566,0.0,3.731,-0.13,26,5.49,0.25,0.0,0.0,0.0,0.85,0.81,0.93,10.2,0.1,0.2,6,2239,0.931,4,304,-44,2,38.1,1.0,-29,-17,-21,7.995,-0.025,7.11,8.23,0.07,0.21,355.1575,-18.98888888888889,4.492802,6.660854,-24.72747,PM*,G,5382.697825162882,8.034441226402743,4.977126744429156e-06
HD 222480, ,23,41,8.3,-,32,4,16,11,-74,7.107,0.421,2.611,0.038,3.77,0.28,45,3.67,0.83,3.4,2.5,7.2,1.27,1.25,1.3,20.1,0.2,0.1,3,1881,0.999,3,114,30,2,22.1,0.8,-19,-3,-26,7.988,-0.043,7.85,8.31,0.03,0.3,355.2845833333333,-32.071111111111115,12.175793,2.3667345,-43.256775,PM*,G,5888.43655355589,12.403683621099791,4.0269728386086803e-07
HD 222595, ,23,42,12.6,-,53,25,23,324,-61,7.997,0.44,0.0,0.0,3.736,-0.14,35,5.3,0.34,0.0,0.0,0.0,0.85,0.82,0.93,18.8,0.1,0.3,5,1889,0.599,3,188,7,2,28.9,1.0,-20,-17,-25,7.986,-0.03,7.25,8.06,0.05,0.28,355.55249999999995,-53.42305555555555,13.727672,-9.973739,-30.61169,PM*,G,5445.026528424214,16.968336635619444,3.82805968430505e-06
HD 222669, ,23,43,57.3,-,82,30,30,306,-34,7.686,0.392,2.606,0.005,3.761,0.03,40,4.69,0.26,6.2,0.0,11.1,1.01,0.94,1.08,27.8,0.2,0.4,5,2274,0.256,4,-129,-91,2,25.2,0.6,36,-19,3,7.981,-0.022,6.55,8.81,0.15,0.17,355.9887499999999,-82.50833333333334,19.491837,-26.828224,-22.367716,PM*,G,5767.664633922509,33.16150347358734,1.648081560643825e-06
HD 223061, ,23,46,18.3,+,9,47,6,98,-50,7.485,0.375,2.598,0.006,3.764,-0.34,45,4.22,0.98,11.3,7.3,13.7,0.98,0.89,1.02,5.9,0.3,0.2,2,301,0.691,2,-50,-182,2,22.2,0.9,27,-17,-25,8.004,-0.034,6.8,8.66,0.12,0.29,356.57625,9.785,-4.025643,28.64394,-34.472,PM*,G,5807.644175213118,28.925440364617597,8.609515264400525e-07
HD 223171, ,23,47,20.8,-,48,16,32,329,-65,6.896,0.408,2.6,0.011,3.755,0.05,41,3.82,1.26,7.6,6.6,8.6,1.1,1.07,1.14,32.2,0.1,0.2,4,2812,0.817,3,-386,-211,2,24.2,0.8,91,-12,3,7.985,-0.038,5.89,10.89,0.3,0.18,356.83666666666664,-48.27555555555556,14.852436,-8.924245,-37.15862,PM*,G,5688.529308438413,17.327348439796584,4.954258924249949e-07
HD 223238, ,23,47,52.4,+,4,10,31,94,-55,7.695,0.401,2.603,0.017,3.755,-0.13,47,4.35,0.87,11.7,8.0,14.5,0.96,0.92,1.01,-15.9,0.2,0.2,5,2560,0.732,2,350,-32,2,21.4,1.0,-64,-47,-10,8.002,-0.038,5.38,8.62,0.23,0.05,356.96833333333336,4.175277777777778,-1.8805016,26.892426,-38.500145,PM*,G,5688.529308438413,26.95809456235879,1.0303355871816525e-06
HD 223583, ,23,50,44.1,+,41,49,39,111,-20,8.282,0.36,2.599,0.003,3.769,-0.58,72,3.98,1.28,9.9,7.8,11.9,0.97,0.88,1.01,-20.8,0.3,0.1,2,420,0.919,5,179,69,2,13.8,1.0,-55,-39,14,8.024,-0.024,5.81,8.54,0.19,0.36,357.68375,41.8275,-24.246408,63.164062,-24.625448,PM*,G,5874.893525297769,67.65786746005455,6.179860907400366e-07
HD 224022, ,23,54,38.6,-,40,18,0,341,-72,6.03,0.362,2.626,0.007,3.776,0.04,28,3.81,0.77,3.8,3.1,6.9,1.19,1.09,1.23,-9.2,0.1,0.2,5,4411,0.705,5,368,32,1,35.9,0.8,-47,-16,-3,7.992,-0.027,6.81,8.64,0.12,0.08,358.66083333333324,-40.3,8.181076,-2.8169692,-26.629583,PM*,G,5970.352865838366,8.65247478999648,4.886283943493073e-07
HD 224156, ,23,55,32.4,+,3,30,5,97,-57,7.75,0.458,0.0,0.0,3.729,-0.02,29,5.41,0.28,0.0,0.0,0.0,0.86,0.83,0.94,14.3,0.2,0.2,5,2559,0.796,1,-208,-295,1,34.1,0.9,44,-9,-27,8.002,-0.024,6.77,9.38,0.16,0.33,358.885,3.501388888888889,-1.9248686,15.676803,-24.321445,PM*,G,5357.966575133417,15.794532960112337,4.456343920636423e-06
HD 224233, ,23,56,11.4,+,59,46,3,116,-2,7.665,0.411,2.585,0.018,3.748,-0.35,50,4.17,1.39,13.3,11.4,15.0,0.93,0.88,0.97,3.6,0.2,0.1,2,384,0.889,3,192,281,2,20.0,0.7,-55,-20,55,8.022,-0.002,6.68,8.89,0.14,1.51,359.0475,59.7675,-21.905205,44.912327,-1.7449747,PM*,G,5597.576014951104,49.96954194954116,8.034867148279148e-07
HD 224383, ,23,57,33.5,-,9,38,51,84,-68,7.9,0.401,2.592,0.005,3.756,-0.09,48,4.51,0.66,10.3,6.3,14.3,0.96,0.91,1.02,-31.4,0.2,0.3,5,3632,0.488,3,455,-145,2,21.0,1.2,-75,-84,-3,7.998,-0.044,3.85,8.57,0.38,0.08,359.3895833333333,-9.6475,1.8795379,17.882618,-44.50482,PM*,G,5701.642722807472,17.981120355847143,1.2852236255882161e-06
HD 224578, ,23,59,2.8,-,11,56,17,81,-70,8.053,0.359,2.608,-0.006,3.774,-0.12,53,4.45,0.32,5.6,0.0,9.3,1.03,0.97,1.1,5.4,0.2,0.6,6,2561,0.052,3,69,-61,2,19.0,1.3,-7,-18,-13,7.997,-0.05,7.22,8.0,0.05,0.1,359.76166666666666,-11.938055555555556,2.8356986,17.903894,-49.803707,PM*,G,5942.921586155727,18.12706834855758,1.182983535779732e-06
HD 224693, ,23,59,53.8,-,22,25,41,52,-77,8.239,0.403,2.632,0.051,3.787,0.39,94,3.15,0.93,2.0,1.5,2.5,1.38,1.32,1.44,1.5,0.2,0.2,3,1181,0.562,5,149,28,2,10.6,1.2,-64,-19,-13,7.987,-0.092,6.44,9.06,0.17,0.14,359.97416666666663,-22.42805555555556,13.018407,16.662802,-91.59078,PM*,G,6123.503917247734,21.145398821229477,1.963263987694239e-07
HD 224792, ,0,0,41.6,+,62,10,33,117,0,7.039,0.34,2.631,0.007,3.783,-0.22,38,4.12,0.54,5.4,3.0,7.3,1.06,1.0,1.12,4.1,0.5,0.1,2,1168,0.921,21,-47,-43,2,26.1,0.7,7,8,-6,8.017,0.0,7.86,9.09,0.07,0.02,0.1733333333333333,62.17583333333333,-17.251635,33.85825,0.0,PM*,G,6067.363295885053,38.00000004257533,7.49857432246398e-07
HD 225261, ,0,4,56.3,+,23,16,10,109,-38,7.824,0.453,0.0,0.0,3.725,-0.34,26,5.78,0.23,0.0,0.0,0.0,0.8,0.76,0.87,7.0,0.2,0.1,3,1954,0.857,1,382,-7,1,39.1,0.9,-42,-16,-13,8.007,-0.016,6.92,8.54,0.1,0.09,1.2345833333333331,23.26944444444444,-6.6703305,19.37205,-16.007198,PM*,G,5308.8444423098845,20.488280312943065,7.429826979849944e-06
HD 225297, ,0,5,2.6,-,36,0,54,348,-77,7.745,0.343,2.616,-0.008,3.782,-0.12,51,4.23,0.36,4.7,0.9,7.3,1.07,1.01,1.14,4.9,0.2,0.4,4,2979,0.227,5,208,64,2,19.8,0.9,-49,-9,-16,7.989,-0.049,7.02,8.89,0.12,0.14,1.260833333333333,-36.015,11.221802,-2.3852684,-49.692875,PM*,G,6053.408747539136,11.472503888308017,8.729285552249458e-07
HD 225299, ,0,4,58.7,-,70,12,44,309,-46,8.134,0.432,0.0,0.0,3.742,0.04,45,4.86,0.51,13.0,6.5,0.0,0.9,0.88,0.98,12.1,0.2,0.2,4,2170,0.856,3,53,-97,2,22.1,0.7,0,-26,3,7.981,-0.033,6.7,8.03,0.09,0.15,1.2445833333333332,-70.21222222222222,19.672321,-24.293295,-32.37029,PM*,G,5520.774392807573,31.25962884431077,2.0843886533432196e-06
