Name,fs,RAh,RAm,RAs,DE_,DEd,DEm,DEs,GLON,GLAT,Vmag,b_y,Hbeta,E(b-y),logTe,[Fe/H],Dist,VMAG,dVMag,Age,clAge,chAge,mass,clmass,chmass,RVel,meRVel,e_RVel,o_RVel,dT,P(chi2),vsini,pmRA,pmDE,e_pm,plx,e_plx,UVel,VVel,WVel,Rgal,zgal,Rmin,Rmax,ecc,zmax,RA,DEC,X,Y,Z,ObjType,SpecType
HD 101, ,0,5,54.7,+,18,14,6,108,-43,7.456,0.373,2.598,0.001,3.765,-0.32,38,4.55,0.61,9.4,5.4,14.2,0.94,0.87,1.0,-45.6,0.1,0.2,7,2452,0.924,2,-149,-151,1,26.2,0.8,46,-34,17,8.009,-0.026,5.86,8.84,0.2,0.41,1.4779166666666663,18.235,-8.588025,26.431232,-25.915936,PM*,F8
HD 189, ,0,6,39.5,-,24,37,15,44,-80,8.56,0.347,2.633,0.018,3.783,-0.25,129,3.01,1.67,4.3,2.8,5.4,1.17,1.12,1.29,7.6,0.3,0.1,2,244,0.846,9,-25,-69,2,5.6,1.1,34,-28,-8,7.983,-0.127,6.21,8.61,0.16,0.13,1.664583333333333,-24.620833333333334,16.113659,15.56078,-127.0402,PM*,F7V
HD 200, ,0,6,46.9,-,4,21,0,96,-65,8.222,0.357,2.605,0.0,3.774,-0.45,110,3.02,2.04,4.9,3.7,6.2,1.14,1.06,1.22,-0.2,0.2,0.2,2,360,0.635,5,59,-88,1,9.1,1.1,-4,-50,-23,8.005,-0.099,5.56,8.01,0.18,0.27,1.6954166666666666,-4.35,-4.8593225,46.233345,-99.693855,PM*,F7/8V
HD 268, ,0,7,22.5,-,25,21,23,41,-80,7.064,0.306,2.643,0.003,3.8,-0.37,49,3.63,0.77,3.5,2.7,4.3,1.15,1.08,1.2,8.4,0.2,0.1,2,361,0.797,9,213,-133,2,20.6,0.9,-27,-48,-18,7.994,-0.048,5.58,8.06,0.18,0.17,1.84375,-25.35638888888889,6.421645,5.582251,-48.255577,PM*,F5V
HD 276, ,0,7,13.4,-,76,43,51,306,-40,7.556,0.271,2.677,0.006,3.821,-0.29,84,2.93,0.93,2.2,1.9,2.5,1.35,1.3,1.4,23.0,0.3,0.5,2,381,0.216,7,78,-5,2,11.9,0.6,-16,-30,-19,7.962,-0.054,6.55,7.98,0.1,0.18,1.8058333333333332,-76.73083333333334,37.822636,-52.05842,-53.994156,PM*,F2V
HD 285, ,0,7,28.1,-,56,0,41,315,-60,7.489,0.297,2.649,0.002,3.809,-0.29,133,1.86,2.27,1.6,1.4,1.8,1.61,1.53,1.71,-0.9,0.5,0.6,2,358,0.151,13,74,24,2,7.5,0.8,-46,-9,-14,7.953,-0.116,7.05,8.78,0.11,0.16,1.867083333333333,-56.01138888888889,47.022587,-47.022602,-115.18138,PM*,F5IV/V
HD 291, ,0,7,40.4,+,39,2,5,114,-23,8.019,0.297,2.66,0.009,3.808,-0.24,104,2.93,1.18,2.4,2.1,2.8,1.33,1.26,1.4,-17.6,0.3,0.1,2,363,0.946,6,-68,-58,1,9.6,0.9,45,-7,-13,8.039,-0.041,6.82,9.48,0.16,0.11,1.918333333333333,39.03472222222222,-38.937912,87.456,-40.636036,PM*,F5
HD 307, ,0,7,37.4,-,45,7,10,326,-70,8.198,0.379,2.609,0.015,3.768,-0.17,122,2.77,2.19,3.6,2.8,4.5,1.32,1.25,1.39,14.6,0.2,0.2,4,1477,0.58,4,29,-98,2,8.2,1.0,12,-59,0,7.965,-0.115,5.03,8.06,0.23,0.16,1.9058333333333333,-45.11944444444445,34.592796,-23.333149,-114.6425,PM*,F8/G0V
HD 330, ,0,8,4.6,+,53,47,46,116,-9,8.151,0.384,2.597,0.005,3.762,-0.39,102,3.11,2.18,5.1,3.9,6.5,1.12,1.05,1.24,-42.5,0.3,0.6,3,714,0.076,4,73,-63,2,9.8,1.0,-5,-56,-29,8.045,-0.015,5.32,8.05,0.2,0.34,2.019166666666666,53.79611111111111,-44.163353,90.548294,-15.956317,PM*,F8V
HD 334, ,0,8,0.2,-,7,32,40,93,-68,7.848,0.317,2.638,0.004,3.797,-0.27,93,2.99,1.39,2.7,2.3,4.2,1.3,1.18,1.38,-25.4,0.3,0.5,2,607,0.26,10,-29,29,2,10.7,1.0,6,6,30,8.002,-0.087,7.85,9.06,0.07,0.73,2.000833333333333,-7.544444444444444,-1.8233014,34.790672,-86.228096,*,F5/6V
HD 373, ,0,8,30.1,+,52,20,11,116,-10,7.782,0.241,2.688,-0.004,3.835,-0.4,69,3.57,0.11,0.0,0.0,1.8,1.24,1.19,1.29,-6.2,0.6,0.8,3,1147,0.543,35,80,25,2,14.4,1.0,-22,-17,5,8.03,-0.012,7.24,8.13,0.06,0.17,2.1254166666666667,52.33638888888889,-29.788078,61.074615,-11.981725,PM*,F2V
HD 400, ,0,8,40.9,+,36,37,37,113,-25,6.19,0.332,2.615,-0.011,3.787,-0.35,33,3.6,1.08,6.1,3.4,7.1,1.09,1.04,1.15,-15.2,0.1,0.3,20,4858,0.831,6,-115,-124,2,30.3,0.7,28,-10,-8,8.012,-0.014,7.03,8.84,0.11,0.02,2.170416666666666,36.62694444444445,-11.6860485,27.530603,-13.946403,PM*,F8IV
HD 427, ,0,8,46.1,-,34,47,39,350,-78,7.882,0.299,2.636,-0.016,3.808,-0.12,111,2.66,1.34,2.1,1.8,2.5,1.42,1.34,1.51,-20.9,0.6,1.0,3,1161,0.31,27,6,7,2,5.0,0.9,-8,2,20,7.977,-0.109,7.97,8.52,0.03,0.48,2.1920833333333327,-34.79416666666666,22.727583,-4.007492,-108.57439,*,F3V
HD 439, ,0,8,48.4,-,47,3,38,323,-68,7.817,0.304,2.67,0.02,3.82,0.13,116,2.4,1.11,1.5,1.2,1.7,1.6,1.52,1.7,5.9,2.6,3.6,2,923,0.044,55,100,-45,1,8.6,0.9,-37,-48,-7,7.966,-0.108,5.52,8.13,0.19,0.11,2.2016666666666667,-47.06055555555555,34.704205,-26.15149,-107.55332,PM*,F5IV
HD 447, ,0,9,4.3,+,19,55,28,110,-42,7.114,0.301,2.645,-0.006,3.81,-0.08,115,1.81,2.11,1.4,1.2,1.6,1.74,1.65,1.82,11.3,1.1,0.2,2,437,0.91,50,11,21,1,8.7,0.8,-13,11,0,8.029,-0.077,8.02,9.14,0.06,0.14,2.2679166666666664,19.924444444444447,-29.229603,80.307686,-76.95002,*,F5
HD 466, ,0,9,2.6,-,35,5,30,349,-78,7.779,0.268,2.686,0.012,3.827,-0.05,154,1.84,1.68,1.3,1.1,1.5,1.71,1.6,1.82,-16.3,0.9,0.9,4,1116,0.758,60,37,-13,2,6.5,0.8,-23,-20,13,7.968,-0.15,7.05,8.06,0.07,0.36,2.2608333333333333,-35.09166666666667,31.430126,-6.109403,-150.63474,*,F3IV/V
HD 578, ,0,10,2.5,-,63,17,48,311,-53,8.134,0.29,2.661,0.001,3.812,-0.19,104,3.05,0.92,2.4,1.9,2.8,1.33,1.26,1.39,-2.9,0.4,0.1,2,769,0.906,14,-47,-39,2,9.6,0.8,25,-2,17,7.959,-0.083,7.28,9.01,0.11,0.43,2.510416666666666,-63.29666666666667,41.06191,-47.236347,-83.0581,PM*,F3V
HD 604, ,0,10,26.3,-,14,27,8,84,-74,8.353,0.331,2.61,-0.029,3.79,-0.24,131,2.77,1.75,2.7,2.2,4.1,1.34,1.19,1.45,3.5,0.5,0.6,2,607,0.201,10,69,-52,2,6.2,1.0,-21,-46,-18,7.996,-0.126,5.72,8.03,0.17,0.2,2.609583333333333,-14.452222222222222,3.7743647,35.910694,-125.92528,PM*,F7V
HD 610, ,0,10,4.4,-,79,0,6,305,-38,7.878,0.294,2.663,0.006,3.81,-0.17,90,3.1,0.9,2.4,2.0,2.8,1.33,1.27,1.38,11.2,0.4,0.6,2,312,0.188,14,13,-4,2,11.1,0.7,0,-11,-7,7.959,-0.055,7.49,8.09,0.04,0.06,2.518333333333333,-79.00166666666667,40.67859,-58.09506,-55.409534,*,F5V
HD 615, ,0,10,29.5,+,15,13,54,109,-46,8.245,0.306,2.65,-0.004,3.804,-0.02,78,3.8,0.19,1.9,0.0,3.4,1.22,1.16,1.28,-4.6,0.4,0.1,3,1790,0.953,16,-70,-63,1,12.9,1.1,34,-5,-8,8.017,-0.056,7.09,9.2,0.13,0.06,2.6229166666666663,15.231666666666667,-17.640371,51.23137,-56.108505,PM*,F6V
HD 633, ,0,10,40.7,+,2,3,19,103,-59,7.514,0.313,2.643,-0.004,3.799,-0.08,55,3.81,0.35,2.9,0.8,4.2,1.19,1.14,1.25,17.0,0.3,0.1,2,734,0.955,6,-13,17,1,18.2,0.9,-1,13,-12,8.006,-0.047,7.97,9.29,0.08,0.09,2.669583333333333,2.0552777777777775,-6.372208,27.601072,-47.144203,*,F(6)V
HD 693, ,0,11,15.8,-,15,28,4,82,-75,4.91,0.326,2.617,-0.008,3.789,-0.49,19,3.53,1.22,5.7,4.8,6.9,1.07,1.03,1.14,14.9,0.1,0.3,228,6678,0.961,5,-83,-271,1,52.9,0.8,19,-13,-19,7.999,-0.018,7.1,8.53,0.09,0.17,2.815833333333333,-15.467777777777778,0.68439245,4.869705,-18.35259,PM*,F8VFe-0.8CH-0.5
HD 732, ,0,11,36.4,-,23,37,56,52,-80,7.945,0.355,2.639,0.022,3.796,0.2,107,2.7,1.28,2.2,1.7,2.7,1.49,1.4,1.59,-2.1,0.3,0.2,2,791,0.604,14,55,1,2,7.6,1.1,-25,-13,-2,7.989,-0.105,7.35,8.18,0.05,0.13,2.901666666666666,-23.63222222222222,11.439213,14.641524,-105.37443,PM*,F7V
HD 739, ,0,11,44.0,-,35,7,59,347,-78,5.25,0.29,2.653,-0.01,3.811,-0.13,22,3.55,0.39,2.4,1.0,3.2,1.25,1.21,1.3,-21.1,0.3,0.0,1,0,0.0,5,169,115,1,45.8,0.7,-25,3,16,7.996,-0.021,7.83,8.77,0.06,0.4,2.9333333333333327,-35.13305555555556,4.456824,-1.0289388,-21.519247,PM*,F5V
HD 852, ,0,13,0.0,+,12,19,51,108,-49,8.191,0.248,2.698,0.008,3.839,0.01,152,2.28,0.96,1.2,1.0,1.5,1.58,1.5,1.68,0.2,1.5,2.9,4,1098,0.24,90,53,-2,1,7.4,1.1,-32,-19,-7,8.031,-0.115,7.0,8.3,0.09,0.12,3.2499999999999996,12.330833333333333,-30.815466,94.84028,-114.71586,PM*,F0
HD 903, ,0,13,10.0,-,43,3,54,326,-72,7.557,0.287,2.668,0.005,3.814,-0.16,68,3.39,0.51,2.3,1.4,3.0,1.28,1.22,1.33,-10.5,0.8,0.1,2,1713,0.939,27,71,-1,1,14.7,0.9,-22,-9,7,7.983,-0.065,7.55,8.19,0.04,0.22,3.291666666666666,-43.065,17.420692,-11.750412,-64.671844,PM*,F5IV
HD 905, ,0,13,30.8,+,41,2,7,115,-21,5.72,0.222,2.717,0.007,3.849,-0.26,35,3.0,0.32,1.2,0.5,1.7,1.39,1.34,1.44,-25.8,1.3,1.8,2,387,0.193,30,-123,-146,1,28.6,0.7,35,-18,-10,8.014,-0.013,6.61,8.85,0.14,0.04,3.3783333333333334,41.03527777777778,-13.809187,29.613892,-12.542878,PM*,F0IV
HD 949, ,0,14,2.8,+,44,30,43,116,-18,8.398,0.252,2.705,0.022,3.845,-0.14,119,2.93,0.34,1.2,0.4,1.7,1.42,1.35,1.49,2.1,1.3,1.3,3,765,0.737,70,59,18,1,5.5,1.0,-32,-12,4,8.05,-0.036,7.32,8.44,0.07,0.18,3.5116666666666663,44.511944444444445,-49.612972,101.72167,-36.77302,PM*,F4V
HD 975, ,0,14,13.0,+,35,25,5,114,-27,8.08,0.3,0.0,0.0,3.805,-0.28,75,3.72,0.49,3.2,1.7,4.2,1.17,1.1,1.22,3.3,0.3,0.2,2,319,0.65,9,6,10,2,13.4,0.9,-4,3,1,8.028,-0.034,7.99,8.6,0.04,0.13,3.5541666666666663,35.418055555555554,-27.180372,61.048126,-34.049286,*,F5V
HD 1000, ,0,14,20.8,-,21,11,49,66,-80,6.898,0.321,2.64,0.007,3.795,-0.25,55,3.2,1.21,3.0,2.5,4.8,1.26,1.15,1.32,-13.6,0.2,0.2,3,925,0.775,9,-74,-234,2,18.2,0.9,46,-46,9,7.996,-0.054,5.39,8.68,0.23,0.27,3.586666666666666,-21.196944444444444,3.8846002,8.724956,-54.164425,PM*,F7V
HD 1004, ,0,14,14.7,-,55,4,10,314,-61,6.665,0.305,2.654,0.007,3.803,-0.23,46,3.34,0.87,3.0,2.5,3.4,1.25,1.18,1.29,17.4,0.4,0.3,2,1064,0.605,15,-4,-30,2,21.6,0.7,9,-11,-12,7.985,-0.041,7.36,8.31,0.06,0.08,3.5612499999999994,-55.06944444444445,15.491743,-16.042171,-40.232506,*,F5IV/V
HD 1047, ,0,14,49.9,+,23,47,36,112,-38,8.634,0.349,2.626,0.016,3.78,-0.33,107,3.49,1.33,5.8,4.3,7.5,1.08,1.02,1.15,7.9,0.3,0.2,2,699,0.546,3,-8,8,1,7.1,1.0,0,10,-1,8.032,-0.066,7.98,9.09,0.06,0.12,3.7079166666666663,23.793333333333337,-31.58576,78.177505,-65.87578,*,F8
HD 1101, ,0,15,16.3,-,16,45,22,82,-77,7.673,0.264,2.684,0.005,3.832,0.06,127,2.16,1.17,1.3,1.1,1.5,1.63,1.53,1.75,-0.2,0.4,0.6,3,762,0.354,27,35,-23,2,7.9,1.0,-11,-22,-6,7.996,-0.123,7.01,8.0,0.07,0.12,3.8179166666666666,-16.75611111111111,3.9760063,28.290752,-123.744995,*,F3IV
HD 1184, ,0,15,47.0,-,66,55,26,308,-50,8.543,0.351,2.609,-0.001,3.776,-0.38,86,3.87,1.09,8.1,5.5,9.8,1.02,0.97,1.08,56.6,0.3,0.4,2,1128,0.324,6,-57,3,2,11.6,0.8,42,-15,-42,7.966,-0.066,6.62,9.11,0.16,0.69,3.945833333333333,-66.9238888888889,34.033604,-43.56102,-65.87982,PM*,F7V
HD 1343, ,0,17,32.7,-,19,3,3,77,-79,6.46,0.264,2.665,-0.007,3.824,-0.41,49,3.02,0.89,2.2,1.8,2.6,1.3,1.26,1.35,-3.5,0.3,0.3,2,348,0.42,8,21,-2,2,20.5,0.9,-4,-3,3,7.998,-0.048,7.91,8.22,0.02,0.15,4.3862499999999995,-19.050833333333333,2.103212,9.110013,-48.09973,*,F3V
HD 1352, ,0,17,49.9,+,16,19,51,111,-46,7.213,0.313,2.641,-0.001,3.798,-0.21,46,3.9,0.41,3.4,1.3,4.8,1.14,1.08,1.2,8.4,0.4,0.3,2,1833,0.593,13,222,-28,1,21.7,0.9,-42,-22,-17,8.012,-0.033,6.72,8.45,0.11,0.14,4.457916666666666,16.330833333333334,-11.451391,29.831898,-33.08963,PM*,F6V
HD 1418, ,0,18,24.9,+,22,52,48,113,-39,7.983,0.327,2.654,0.023,3.807,-0.01,133,2.26,1.66,1.7,1.5,2.0,1.57,1.48,1.68,-2.8,0.6,0.9,2,699,0.19,24,16,-80,1,7.5,0.9,12,-33,-38,8.04,-0.085,6.39,8.21,0.12,0.56,4.60375,22.88,-40.386135,95.14376,-83.69961,PM*,F5
HD 1455, ,0,17,49.2,-,79,13,56,305,-38,7.925,0.378,2.627,0.028,3.787,0.17,156,1.84,2.36,1.5,1.3,1.7,1.75,1.68,1.88,16.7,0.6,0.9,2,1127,0.052,14,-13,-22,2,6.4,0.7,19,-16,4,7.929,-0.096,6.91,8.4,0.1,0.19,4.454999999999999,-79.23222222222222,70.50955,-100.698105,-96.0432,*,F8V
HD 1497, ,0,19,12.7,+,13,34,37,111,-49,8.196,0.407,2.612,0.029,3.77,0.16,70,3.83,0.8,3.9,3.0,6.8,1.2,1.12,1.26,-7.8,0.2,0.1,3,861,0.945,2,10,-111,2,14.2,1.1,15,-29,-19,8.017,-0.053,6.45,8.25,0.12,0.18,4.8029166666666665,13.576944444444445,-16.457737,42.873875,-52.829674,PM*,F8
HD 1513, ,0,19,16.6,+,0,31,14,106,-61,7.916,0.249,2.703,0.012,3.835,-0.11,86,3.24,0.18,1.0,0.0,1.9,1.36,1.3,1.42,0.3,1.1,1.5,2,828,0.236,26,-4,-8,1,11.6,1.0,3,-2,-2,8.011,-0.076,7.8,8.48,0.04,0.11,4.819166666666666,0.5205555555555557,-11.49232,40.078484,-75.21729,*,F0/2V
HD 1557, ,0,19,41.6,-,30,39,30,4,-82,9.135,0.315,2.641,0.012,3.798,-0.45,193,2.71,1.81,2.6,2.2,4.2,1.28,1.15,1.4,25.1,0.3,0.2,2,370,0.675,7,42,30,2,2.4,1.4,-43,6,-31,7.974,-0.191,7.5,9.39,0.11,0.47,4.923333333333332,-30.65833333333333,26.79498,1.8736873,-191.12173,PM*,F3/5IV/V
HD 1581, ,0,20,4.2,-,64,52,29,308,-52,4.228,0.368,2.601,-0.005,3.768,-0.18,9,4.56,0.41,8.2,2.7,11.4,0.97,0.92,1.05,9.1,0.1,0.2,11,3566,0.728,4,1708,1165,1,116.4,0.6,-73,-3,-43,7.997,-0.007,6.79,9.94,0.19,0.73,5.017499999999999,-64.87472222222222,3.411352,-4.3663306,-7.092097,PM*,F9.5V
HD 1603, ,0,20,28.4,+,40,55,19,117,-22,8.149,0.325,0.0,0.0,3.796,-0.08,120,2.74,1.49,2.3,2.0,2.7,1.42,1.33,1.5,-14.7,0.3,0.1,2,363,0.714,6,-28,-16,1,8.3,1.0,23,-7,-1,8.05,-0.044,7.28,8.85,0.1,0.1,5.118333333333332,40.92194444444444,-50.511906,99.13523,-44.95279,*,F8
HD 1666, ,0,20,52.3,-,19,55,52,77,-80,8.205,0.329,2.647,0.012,3.796,0.04,111,2.98,1.13,2.4,2.0,2.8,1.38,1.3,1.46,17.5,0.5,0.8,2,370,0.022,8,-9,-57,2,9.0,1.0,20,-20,-21,7.996,-0.109,6.81,8.41,0.11,0.25,5.217916666666666,-19.93111111111111,4.3359203,18.780935,-109.31366,PM*,F7V
HD 1671, ,0,21,7.2,+,37,58,6,116,-25,5.18,0.288,2.656,-0.006,3.817,-0.03,49,1.73,1.99,1.2,1.1,1.3,1.81,1.76,1.86,8.2,1.8,0.0,1,0,0.0,45,58,-39,1,20.4,0.7,-12,-3,-13,8.02,-0.02,8.0,8.19,0.01,0.09,5.279999999999999,37.968333333333334,-19.467659,39.91462,-20.708296,PM*,F5IV-V
HD 1674, ,0,20,53.9,-,29,41,23,10,-83,8.416,0.342,2.627,0.004,3.784,-0.17,79,3.94,0.65,4.4,2.7,7.0,1.09,1.03,1.16,-5.7,0.7,1.0,2,793,0.029,5,-116,-84,2,12.7,1.2,52,-6,11,7.99,-0.078,6.68,9.72,0.19,0.32,5.2245833333333325,-29.689722222222223,9.481411,1.6718286,-78.41115,PM*,F7V
HD 1683, ,0,20,53.7,-,39,14,23,329,-76,7.137,0.331,2.624,-0.001,3.792,-0.19,108,1.98,2.44,1.7,1.5,2.0,1.61,1.54,1.7,8.1,0.5,0.9,3,1161,0.018,14,-46,-36,2,9.3,0.8,30,-6,-1,7.978,-0.104,7.1,9.03,0.12,0.14,5.223749999999999,-39.23972222222222,22.395693,-13.456693,-104.79194,PM*,F6V
HD 1686, ,0,20,16.9,-,77,13,21,305,-40,7.882,0.35,2.616,0.0,3.778,-0.21,52,4.32,0.44,6.2,2.5,8.7,1.03,0.97,1.09,6.7,0.2,0.6,7,2189,0.242,15,-48,19,2,19.4,0.7,12,4,-6,7.977,-0.033,7.69,8.94,0.08,0.04,5.070416666666666,-77.2225,22.848019,-32.63036,-33.424953,PM*,F6V
HD 1689, ,0,21,13.1,-,3,18,42,105,-65,7.359,0.331,2.626,-0.002,3.789,-0.4,79,2.86,1.82,3.8,2.7,4.4,1.21,1.15,1.36,6.3,0.4,0.6,2,1132,0.061,7,28,64,1,12.6,1.0,-22,16,3,8.009,-0.072,7.96,9.52,0.09,0.19,5.3045833333333325,-3.3116666666666665,-8.64115,32.249214,-71.59831,PM*,F6V
HD 1736, ,0,21,35.4,-,16,12,27,89,-77,8.638,0.301,2.652,0.002,3.805,-0.24,116,3.32,0.86,2.8,2.2,3.5,1.22,1.14,1.3,-12.1,0.5,0.7,2,1444,0.118,10,-32,-9,2,8.6,1.2,18,2,13,8.0,-0.113,7.55,9.02,0.09,0.35,5.397499999999999,-16.2075,0.4554081,26.090347,-113.026924,*,F5V
HD 1764, ,0,21,57.3,+,16,52,36,113,-45,7.577,0.325,2.613,-0.017,3.79,-0.45,63,3.6,1.1,5.9,3.2,7.2,1.08,1.03,1.16,-31.9,0.3,0.5,4,1849,0.491,10,72,-63,2,16.0,0.9,-2,-42,7,8.017,-0.045,5.95,8.03,0.15,0.22,5.48875,16.87666666666667,-17.406185,41.006397,-44.547726,PM*,F5
HD 1765, ,0,21,51.0,-,22,38,34,65,-82,8.498,0.342,2.639,0.021,3.798,-0.05,135,2.76,1.4,2.3,1.9,2.7,1.41,1.32,1.5,-13.6,0.3,0.3,2,895,0.435,4,-35,-56,2,7.0,1.3,36,-22,12,7.992,-0.134,6.47,8.8,0.15,0.35,5.462499999999999,-22.642777777777777,7.9403086,17.028046,-133.68619,PM*,F7V
HD 1778, ,0,22,19.6,+,53,36,3,119,-9,8.037,0.275,2.688,0.02,3.841,0.25,221,1.23,1.79,0.9,0.7,1.2,2.05,1.94,2.21,-33.4,0.3,0.6,4,1073,0.43,19,-18,-18,2,3.4,0.9,35,-21,-11,8.104,-0.035,6.58,8.88,0.15,0.07,5.581666666666665,53.600833333333334,-105.823814,190.91122,-34.572018,*,F5IIIpSr
HD 1828, ,0,22,43.1,-,9,37,22,100,-71,8.2,0.29,2.648,-0.011,3.81,-0.22,82,3.63,0.42,2.6,1.0,3.6,1.21,1.15,1.26,21.8,0.4,0.4,2,387,0.377,16,35,-13,2,12.2,1.1,-11,-4,-24,8.005,-0.078,8.0,8.14,0.01,0.26,5.6795833333333325,-9.622777777777777,-4.635814,26.291004,-77.532524,*,F3/5V
HD 1832, ,0,23,0.2,+,22,22,30,114,-40,7.58,0.406,2.595,0.008,3.753,-0.06,40,4.54,0.67,10.9,6.9,14.9,0.95,0.9,1.01,-30.7,0.2,0.1,2,100,0.948,1,203,-221,1,24.7,0.9,-7,-63,-17,8.013,-0.026,4.96,8.01,0.24,0.14,5.750833333333333,22.375,-12.463132,27.992657,-25.711502,PM*,F8
HD 1856, ,0,22,48.0,-,39,15,44,327,-76,6.746,0.223,2.73,0.0,3.852,0.01,76,2.33,0.71,1.1,0.9,1.3,1.62,1.57,1.68,12.9,0.8,1.4,4,1116,0.523,90,101,-26,2,13.1,0.7,-25,-27,-15,7.985,-0.074,6.62,8.07,0.1,0.13,5.699999999999998,-39.26222222222222,15.419852,-10.013766,-73.74248,PM*,F2IV
HD 1898, ,0,23,12.6,-,13,10,5,96,-75,8.348,0.304,2.657,0.009,3.806,-0.17,129,2.8,1.29,2.3,1.9,2.7,1.37,1.27,1.46,7.9,0.5,0.2,2,1007,0.79,23,-48,-22,2,6.6,1.2,32,6,-8,8.004,-0.124,7.36,9.58,0.13,0.14,5.802499999999999,-13.168055555555554,-3.4899623,33.20476,-124.60443,PM*,F3V
HD 1980, ,0,23,59.5,-,17,48,37,87,-79,7.428,0.327,2.631,0.004,3.791,-0.28,63,3.43,1.1,5.0,2.8,6.0,1.15,1.09,1.24,-7.3,0.3,0.4,2,387,0.147,6,107,39,2,15.9,1.0,-33,-8,6,7.999,-0.062,7.4,8.52,0.07,0.21,5.997916666666666,-17.810277777777777,0.6291292,12.004496,-61.84251,PM*,F6V
HD 2021, ,0,24,38.3,+,16,24,28,114,-46,8.134,0.284,2.661,0.0,3.819,-0.11,196,1.67,2.08,1.3,1.1,1.5,1.73,1.63,1.85,10.3,1.2,0.4,2,437,0.787,40,18,-5,1,4.9,0.9,-15,-4,-12,8.055,-0.141,7.96,8.21,0.02,0.16,6.159583333333333,16.407777777777778,-55.378426,124.382,-140.9906,*,F5
HD 2121, ,0,24,57.9,-,62,12,22,308,-55,8.134,0.28,2.669,0.003,3.819,-0.17,123,2.68,1.12,2.0,1.7,2.3,1.42,1.36,1.5,-12.6,0.9,0.3,2,332,0.815,27,108,-14,2,8.1,0.8,-56,-32,8,7.956,-0.101,6.05,8.58,0.17,0.27,6.24125,-62.20611111111111,43.43486,-55.59408,-100.75571,PM*,F3V
HD 2286, ,0,26,36.8,-,14,1,48,98,-76,8.591,0.292,2.662,0.009,3.808,-0.37,85,3.93,0.29,2.3,0.0,4.2,1.13,1.07,1.19,-13.3,0.5,0.0,1,0,0.0,10,-21,-89,2,11.7,1.2,26,-29,5,8.003,-0.083,6.33,8.44,0.14,0.21,6.653333333333333,-14.030000000000001,-2.8618662,20.363241,-82.475136,PM*,F3V
HD 2302, ,0,27,4.5,+,25,2,31,116,-38,6.664,0.312,2.648,0.002,3.803,-0.05,80,2.15,1.9,1.6,1.5,1.9,1.63,1.56,1.7,-1.4,0.2,0.3,5,2147,0.432,7,101,-17,1,12.5,0.8,-30,-23,-8,8.028,-0.049,6.8,8.21,0.09,0.05,6.768749999999999,25.041944444444447,-27.635294,56.66075,-49.252922,PM*,F7IV
HD 2305, ,0,26,53.1,-,0,55,46,109,-63,8.606,0.282,2.657,-0.005,3.816,-0.26,88,3.89,0.06,0.1,0.0,3.1,1.18,1.12,1.24,2.8,0.4,0.8,4,1370,0.383,18,26,-33,1,11.4,1.2,-3,-14,-10,8.013,-0.078,7.42,8.06,0.04,0.09,6.7212499999999995,-0.9294444444444444,-13.006826,37.774574,-78.40858,*,F2V
HD 2327, ,0,26,58.6,-,23,17,31,66,-83,9.109,0.309,2.638,-0.001,3.8,-0.43,197,2.64,1.81,2.5,2.1,3.7,1.32,1.19,1.43,8.0,0.7,0.9,2,1007,0.166,18,35,20,2,0.0,0.0,-37,1,-10,7.991,-0.196,7.53,8.93,0.08,0.21,6.744166666666666,-23.291944444444447,9.765038,21.932634,-195.53159,*,F3/5V
HD 2330, ,0,27,26.6,+,26,16,43,116,-36,7.569,0.365,2.619,0.005,3.776,-0.02,61,3.66,0.98,5.6,3.0,6.9,1.14,1.09,1.23,-9.1,0.2,0.3,2,701,0.343,3,72,-71,2,16.5,1.1,-7,-27,-13,8.022,-0.036,6.76,8.03,0.09,0.09,6.860833333333333,26.27861111111111,-21.63363,44.35552,-35.8549,PM*,F8
HD 2348, ,0,27,14.6,-,31,2,13,355,-83,8.687,0.331,2.617,-0.009,3.787,-0.4,114,3.4,1.32,5.2,3.3,6.7,1.1,1.03,1.18,32.5,0.3,0.1,2,1708,0.805,4,27,-59,2,9.9,1.3,7,-35,-32,7.987,-0.113,6.26,8.08,0.13,0.42,6.810833333333332,-31.036944444444448,13.840235,-1.2108676,-113.15026,PM*,F6V
HD 2361, ,0,27,20.6,-,8,39,30,105,-71,7.891,0.292,2.654,0.0,3.81,-0.29,102,2.85,1.26,2.4,2.0,2.8,1.33,1.24,1.41,8.7,0.5,0.0,1,0,0.0,10,33,-48,2,9.8,1.1,-3,-24,-18,8.009,-0.096,6.91,8.04,0.08,0.18,6.8358333333333325,-8.658333333333333,-8.594849,32.076416,-96.442894,PM*,F3V
HD 2564, ,0,29,31.1,+,24,52,51,117,-38,7.785,0.347,2.635,0.01,3.788,0.1,105,2.67,1.57,2.2,1.9,2.5,1.49,1.41,1.57,-21.4,0.4,0.0,1,0,0.0,12,-9,-80,1,9.5,1.0,26,-33,-18,8.037,-0.064,6.19,8.44,0.15,0.18,7.379583333333332,24.880833333333335,-37.56368,73.72289,-64.644455,PM*,F8
HD 2611, ,0,29,51.6,+,38,19,26,118,-24,7.465,0.34,0.0,0.0,3.786,-0.18,85,2.81,1.74,2.6,2.2,3.9,1.38,1.3,1.45,-32.1,0.4,0.5,2,363,0.165,8,-47,-84,2,11.7,1.0,40,-27,-16,8.037,-0.035,6.24,8.83,0.17,0.14,7.464999999999999,38.323888888888895,-36.455105,68.56208,-34.572613,PM*,F8
HD 2615, ,0,29,34.8,-,32,34,8,343,-83,7.624,0.312,2.623,-0.003,3.795,-0.74,76,3.23,1.58,4.9,4.1,5.9,1.09,1.05,1.15,0.9,0.2,0.3,3,359,0.598,7,86,179,2,13.2,0.9,-59,40,-8,7.991,-0.075,7.63,11.99,0.22,0.1,7.394999999999999,-32.56888888888889,8.85736,-2.7079673,-75.43351,PM*,F5V
HD 2663, ,0,31,12.9,+,69,47,6,121,7,7.371,0.345,2.603,-0.003,3.777,-0.54,42,4.27,0.79,7.3,4.7,9.2,0.97,0.91,1.02,12.5,0.2,0.6,7,1159,0.069,4,299,-72,2,24.0,0.7,-57,-17,-17,8.021,0.005,6.63,8.93,0.15,0.16,7.803750000000001,69.785,-21.470362,35.73268,5.1185126,PM*,F8
HD 2694, ,0,30,26.7,-,15,54,54,98,-78,8.156,0.323,2.625,-0.004,3.791,-0.37,81,3.61,1.0,4.0,2.9,6.7,1.1,1.04,1.17,-14.9,0.2,0.2,3,1895,0.815,7,164,28,2,12.3,1.1,-59,-27,12,8.003,-0.079,6.25,8.77,0.17,0.33,7.611249999999998,-15.915000000000001,-2.343792,16.676949,-79.22996,PM*,F5V
HD 2719, ,0,30,38.1,-,18,37,15,92,-80,7.555,0.329,2.639,0.011,3.791,-0.24,101,2.53,1.96,2.3,2.0,2.7,1.43,1.36,1.51,-8.3,0.3,0.3,2,1007,0.404,13,188,-6,2,9.9,1.0,-76,-49,0,8.001,-0.1,5.15,8.85,0.26,0.17,7.6587499999999995,-18.620833333333334,-0.6120832,17.527788,-99.46558,PM*,F5V
HD 2730, ,0,31,1.6,+,43,22,26,119,-19,8.508,0.345,2.608,-0.01,3.781,-0.39,93,3.65,1.2,6.4,4.6,8.2,1.06,1.0,1.12,-15.1,0.3,0.1,2,356,0.932,7,-75,-98,1,10.7,1.1,46,-6,-33,8.043,-0.031,6.86,9.58,0.17,0.49,7.756666666666667,43.37388888888889,-42.63087,76.908134,-30.277838,PM*,F7V
HD 2783, ,0,31,12.0,-,21,21,4,83,-83,8.411,0.244,2.7,0.008,3.843,0.03,202,1.88,1.28,1.1,0.9,1.3,1.72,1.62,1.84,2.4,2.1,3.6,3,765,0.07,80,31,-17,2,5.9,1.1,-17,-28,-7,7.997,-0.2,6.63,8.02,0.09,0.2,7.799999999999999,-21.351111111111113,3.0001307,24.434107,-200.49432,*,F0V
HD 2808, ,0,31,31.6,-,4,16,56,110,-67,8.103,0.333,2.602,-0.026,3.786,-0.33,63,4.11,0.58,5.3,2.6,7.3,1.05,0.99,1.11,7.4,0.3,0.3,2,1366,0.479,6,-78,-155,2,15.9,1.0,42,-21,-23,8.009,-0.058,6.41,8.97,0.17,0.28,7.881666666666667,-4.282222222222222,-8.419189,23.131535,-57.991802,PM*,F7V
HD 2827, ,0,31,51.0,+,18,6,19,116,-45,7.217,0.345,2.615,-0.008,3.785,-0.16,95,2.32,2.24,2.0,1.8,2.4,1.54,1.43,1.61,-4.7,0.4,0.5,2,437,0.159,9,57,-89,2,10.5,0.8,-4,-39,-27,8.03,-0.067,6.12,8.04,0.14,0.32,7.9624999999999995,18.10527777777778,-29.447641,60.376617,-67.17514,PM*,F5
HD 2916, ,0,32,22.1,-,24,38,46,62,-85,7.27,0.263,2.677,0.002,3.826,-0.32,72,2.97,0.82,2.1,1.7,2.5,1.33,1.28,1.39,-10.8,1.2,2.2,3,1475,0.214,55,130,13,2,13.8,1.0,-41,-20,8,7.997,-0.072,6.78,8.44,0.11,0.25,8.092083333333333,-24.64611111111111,2.9460366,5.540688,-71.72602,PM*,F3III/IV
HD 2994, ,0,33,18.4,+,13,50,26,116,-49,7.81,0.326,2.643,0.012,3.792,-0.25,81,3.26,1.22,3.1,2.6,5.3,1.18,1.13,1.28,-5.6,0.3,0.4,2,437,0.335,8,99,41,1,12.3,1.0,-38,-13,12,8.024,-0.061,7.17,8.53,0.09,0.32,8.326666666666666,13.840555555555556,-23.295383,47.76262,-61.131477,PM*,F5
HD 3079, ,0,34,29.7,+,47,54,55,120,-15,7.381,0.364,2.607,0.003,3.77,-0.41,47,4.01,1.11,9.6,8.1,11.4,0.99,0.95,1.04,-12.6,0.2,0.5,9,3413,0.144,3,399,61,2,21.2,0.9,-73,-54,11,8.023,-0.012,5.03,8.77,0.27,0.29,8.623749999999998,47.915277777777774,-22.699259,39.316265,-12.164495,PM*,F8
HD 3089, ,0,34,8.3,+,5,57,28,115,-57,7.642,0.291,2.641,-0.011,3.809,-0.5,118,2.29,2.02,2.0,1.8,2.4,1.43,1.32,1.52,0.7,0.5,0.8,3,366,0.047,8,11,29,2,8.5,1.1,-13,8,8,8.027,-0.098,8.02,8.96,0.06,0.26,8.534583333333332,5.957777777777778,-27.160585,58.24605,-98.96313,*,F2
HD 3092, ,0,33,52.9,-,39,14,44,319,-77,8.234,0.298,2.655,0.003,3.806,-0.26,100,3.23,0.94,2.7,2.2,3.3,1.24,1.16,1.32,15.7,0.3,0.4,2,1712,0.323,10,55,-29,2,10.0,1.0,-13,-27,-14,7.984,-0.098,6.7,7.99,0.09,0.14,8.470416666666667,-39.245555555555555,16.97727,-14.758118,-97.437004,PM*,F5V
HD 3149, ,0,35,13.7,+,51,50,17,120,-11,7.371,0.383,0.0,0.0,3.763,-0.24,44,4.17,0.97,10.7,8.1,12.7,0.99,0.96,1.03,-65.5,0.3,0.5,2,132,0.182,3,53,-127,2,22.9,1.0,27,-65,-14,8.022,-0.008,4.77,8.26,0.27,0.1,8.807083333333333,51.838055555555556,-21.5958,37.405018,-8.395596,PM*,F8
HD 3158, ,0,34,27.8,-,52,22,23,309,-65,5.57,0.309,2.637,-0.006,3.8,-0.21,26,3.53,0.73,3.2,2.5,3.8,1.21,1.15,1.25,36.3,0.3,0.5,2,1566,0.223,14,227,39,1,39.0,0.6,-16,-22,-37,7.993,-0.023,7.03,8.02,0.07,0.5,8.615833333333331,-52.37305555555555,6.9150195,-8.539338,-23.564001,PM*,F6V
HD 3161, ,0,38,14.5,+,84,40,29,123,22,7.113,0.346,0.0,0.0,3.781,-0.27,40,4.09,0.66,5.8,3.9,7.5,1.05,0.98,1.1,10.6,0.3,0.1,2,735,0.728,6,-22,-17,2,24.8,0.6,-2,12,1,8.02,0.015,7.99,9.18,0.07,0.13,9.560416666666665,84.67472222222223,-20.199223,31.104074,14.984263,*,F8
HD 3177, ,0,35,7.6,+,7,43,23,116,-55,8.385,0.331,2.631,0.004,3.787,-0.28,68,4.22,0.4,4.8,0.6,7.4,1.05,0.99,1.11,7.3,1.1,1.6,2,106,0.287,30,21,-12,2,14.7,1.1,-6,-2,-9,8.017,-0.056,7.97,8.24,0.02,0.06,8.781666666666666,7.723055555555556,-17.097876,35.05584,-55.70234,*,F8
HD 3229, ,0,35,32.8,-,0,30,20,114,-63,5.94,0.303,2.635,-0.011,3.803,-0.47,56,2.22,2.2,1.9,1.8,2.0,1.5,1.46,1.55,11.6,0.1,0.3,13,4009,0.482,6,143,-63,1,18.0,0.7,-26,-27,-20,8.01,-0.05,6.67,8.12,0.1,0.2,8.886666666666665,-0.5055555555555555,-10.340656,23.225498,-49.896366,PM*,F5V
HD 3255, ,0,35,50.1,+,16,34,10,118,-46,7.315,0.299,2.646,0.005,3.806,-0.46,95,2.42,1.92,2.1,1.9,2.3,1.43,1.37,1.49,-13.4,0.4,0.3,2,437,0.608,11,-36,-124,1,10.5,0.8,41,-33,-28,8.031,-0.069,5.99,8.76,0.19,0.36,8.95875,16.569444444444443,-30.981625,58.26796,-68.33728,PM*,F2
HD 3268, ,0,35,54.8,+,13,12,25,117,-49,6.41,0.335,2.615,-0.013,3.786,-0.33,38,3.53,1.16,5.8,4.8,6.8,1.1,1.06,1.16,-23.3,0.2,0.3,3,355,0.398,5,-131,-177,2,26.6,0.9,40,-21,-1,8.011,-0.029,6.41,8.92,0.16,0.09,8.978333333333333,13.206944444444444,-11.31809,22.21301,-28.678965,PM*,F7V
HD 3294, ,0,36,3.6,+,7,9,21,116,-56,7.771,0.351,2.628,0.007,3.781,-0.08,51,4.22,0.35,4.5,0.9,7.2,1.08,1.02,1.15,-0.4,0.3,0.1,2,106,0.884,7,61,-13,2,19.5,1.0,-11,-10,-2,8.013,-0.042,7.72,8.02,0.02,0.08,9.014999999999999,7.155833333333334,-12.501835,25.63256,-42.28092,PM*,F5
HD 3296, ,0,36,1.8,-,5,34,14,113,-68,6.723,0.3,2.651,-0.006,3.807,-0.06,47,3.35,0.62,2.5,1.7,3.0,1.3,1.26,1.35,10.3,0.4,0.2,2,339,0.717,14,228,-110,2,21.2,0.9,-33,-42,-22,8.007,-0.044,5.88,8.15,0.16,0.23,9.007499999999999,-5.570555555555555,-6.8794127,16.20688,-43.57764,PM*,F6V
HD 3302, ,0,35,41.1,-,48,0,3,310,-69,5.52,0.291,2.658,-0.004,3.813,-0.06,36,2.72,1.11,2.0,1.7,2.3,1.47,1.43,1.51,9.9,0.5,0.8,2,1062,0.212,19,47,-101,1,27.6,0.8,4,-21,-4,7.992,-0.034,6.97,8.09,0.07,0.06,8.921249999999999,-48.00083333333333,8.292761,-9.88293,-33.608894,PM*,F5V+
HD 3338, ,0,36,12.0,-,26,45,37,38,-87,8.496,0.234,2.707,0.011,3.843,-0.28,156,2.53,0.9,1.6,1.3,1.8,1.44,1.36,1.53,12.2,0.9,1.7,4,1092,0.431,70,-23,-8,2,6.9,1.2,18,5,-11,7.993,-0.156,7.6,9.13,0.09,0.18,9.049999999999999,-26.760277777777777,6.4336443,5.026514,-155.78621,*,F0V
HD 3398, ,0,36,57.1,+,5,24,45,116,-57,8.22,0.287,2.669,0.006,3.814,-0.16,102,3.18,0.72,2.2,1.7,2.8,1.29,1.22,1.37,-0.9,2.6,3.6,2,392,0.05,35,48,7,1,6.7,1.1,-21,-10,1,8.024,-0.086,7.58,8.19,0.04,0.15,9.237916666666665,5.4125000000000005,-24.352911,49.930874,-85.544395,*,F3V
HD 3440, ,0,39,47.2,+,82,29,37,123,20,6.382,0.37,2.598,0.006,3.766,-0.5,32,3.84,1.44,9.4,8.0,10.7,0.98,0.95,1.01,-34.7,0.2,0.1,3,713,0.856,4,-112,77,1,31.0,0.5,34,-22,0,8.016,0.011,6.49,8.74,0.15,0.11,9.946666666666665,82.49361111111111,-16.377386,25.218962,10.944644,PM*,F9V
HD 3506, ,0,37,52.4,-,16,40,19,106,-79,8.396,0.292,2.664,0.007,3.813,-0.15,150,2.52,1.4,2.0,1.6,2.3,1.45,1.37,1.55,3.8,0.7,0.1,2,1007,0.912,30,1,-35,2,6.5,1.2,12,-20,-9,8.008,-0.147,6.91,8.27,0.09,0.15,9.468333333333332,-16.671944444444446,-7.889116,27.512615,-147.24408,*,F3IV/V
HD 3532, ,0,38,21.2,+,19,42,18,119,-43,8.381,0.328,2.628,0.012,3.789,-0.59,100,3.38,1.45,5.4,4.4,6.7,1.09,1.03,1.15,6.8,0.3,0.2,3,433,0.808,6,39,-22,1,10.0,0.9,-14,-11,-13,8.035,-0.068,7.65,8.06,0.03,0.11,9.588333333333333,19.705,-35.456726,63.965637,-68.19983,*,F5
HD 3560, ,0,38,20.2,-,32,2,6,332,-84,8.82,0.334,2.625,-0.001,3.788,-0.31,152,2.91,1.71,3.9,2.5,5.0,1.18,1.12,1.33,-10.6,0.4,0.6,2,1035,0.15,8,-28,-51,2,5.7,1.2,35,-21,15,7.987,-0.151,6.53,8.79,0.15,0.41,9.584166666666665,-32.035,14.028554,-7.459113,-151.16733,PM*,F7V
HD 3598, ,0,38,27.3,-,45,54,4,310,-71,7.409,0.329,2.632,0.009,3.789,-0.45,80,2.89,1.83,3.8,3.4,4.4,1.19,1.15,1.3,-9.1,0.3,0.1,2,796,0.806,6,-30,61,1,12.5,0.8,-3,27,3,7.983,-0.076,7.97,10.27,0.13,0.19,9.61375,-45.901111111111106,16.741692,-19.951977,-75.64149,PM*,F6V
HD 3621, ,0,38,50.3,-,18,52,5,103,-81,8.327,0.354,2.61,-0.008,3.777,-0.37,111,3.1,1.83,4.9,3.8,6.3,1.14,1.05,1.22,23.9,0.5,0.7,2,1007,0.048,6,3,-18,2,7.1,1.2,2,-5,-25,8.004,-0.11,7.76,8.34,0.04,0.31,9.709583333333333,-18.868055555555557,-3.906101,16.919186,-109.63341,*,F7V
HD 3670, ,0,38,56.7,-,52,32,3,307,-64,8.219,0.302,2.648,-0.006,3.804,-0.14,75,3.84,0.27,2.5,0.0,3.9,1.18,1.12,1.24,8.6,1.3,1.8,2,1301,0.112,30,63,-28,2,0.0,0.0,-12,-22,-5,7.98,-0.068,6.96,7.98,0.07,0.08,9.736249999999998,-52.534166666666664,19.78638,-26.257406,-67.40955,PM*,F5V
HD 3674, ,0,39,40.7,+,11,31,56,118,-51,7.431,0.338,2.627,0.0,3.787,-0.12,50,3.95,0.52,4.0,2.3,5.9,1.12,1.06,1.19,-0.2,0.3,0.2,2,1460,0.652,10,157,-13,1,20.1,0.9,-30,-21,-3,8.015,-0.039,6.89,8.22,0.09,0.07,9.919583333333332,11.532222222222224,-14.772401,27.782845,-38.8573,PM*,F8
HD 3685, ,0,39,38.2,-,3,4,59,116,-66,7.882,0.323,2.645,0.008,3.795,-0.13,75,3.5,0.8,3.2,2.5,3.8,1.21,1.13,1.28,3.9,0.2,0.1,4,1395,0.988,11,98,-46,2,13.3,1.1,-22,-29,-12,8.013,-0.069,6.56,8.07,0.1,0.1,9.909166666666666,-3.0830555555555557,-13.372619,27.417933,-68.515915,PM*,F7V
HD 3689, ,0,38,17.7,-,73,57,45,304,-43,7.436,0.32,2.643,0.01,3.793,-0.34,61,3.51,1.03,3.6,2.9,6.3,1.13,1.07,1.22,46.0,0.3,0.1,2,407,0.927,8,-128,-109,2,16.4,0.7,60,-27,-9,7.975,-0.042,5.88,9.33,0.23,0.05,9.573749999999999,-73.9625,24.947035,-36.985504,-41.6019,PM*,F6V
HD 3708, ,0,39,43.6,-,11,9,2,113,-74,6.828,0.298,2.659,0.014,3.806,-0.4,72,2.53,1.76,2.2,2.0,2.4,1.42,1.37,1.47,24.8,0.4,0.6,2,1442,0.123,8,-59,-125,2,13.8,0.8,37,-18,-35,8.008,-0.07,6.65,8.93,0.15,0.51,9.931666666666665,-11.150555555555556,-7.754409,18.268242,-69.21084,PM*,F5IV
HD 3735, ,0,39,57.8,-,33,57,41,322,-83,6.69,0.343,2.611,0.002,3.779,-0.5,41,3.6,1.38,7.0,5.8,8.1,1.04,1.0,1.08,-12.2,0.2,0.1,3,387,0.866,5,330,-108,2,24.1,0.8,-45,-51,11,7.996,-0.041,5.34,8.26,0.21,0.29,9.990833333333333,-33.96138888888889,3.9374082,-3.0762396,-40.694393,PM*,F7V
HD 3737, ,0,39,44.6,-,41,39,34,312,-75,8.466,0.37,2.602,0.006,3.767,-0.59,114,3.19,2.12,6.2,4.8,8.0,1.06,1.0,1.12,15.3,0.2,0.2,3,387,0.716,5,-86,-90,1,8.8,1.1,66,-19,-2,7.981,-0.11,6.06,9.74,0.23,0.15,9.935833333333333,-41.659444444444446,19.742954,-21.926764,-110.11554,PM*,F6/7V
HD 3770, ,0,40,24.4,-,7,39,24,115,-70,7.44,0.356,2.616,0.004,3.776,-0.2,59,3.59,1.21,6.2,5.2,7.4,1.11,1.06,1.16,-9.0,0.1,0.3,7,2115,0.569,4,131,-103,2,17.0,0.9,-15,-45,-3,8.008,-0.055,5.8,8.02,0.16,0.08,10.101666666666665,-7.656666666666667,-8.528095,18.288557,-55.441864,PM*,F8V
HD 3790, ,0,40,52.7,+,31,6,59,120,-32,7.603,0.291,2.646,-0.01,3.808,-0.28,57,3.82,0.32,2.6,0.0,4.1,1.16,1.1,1.22,12.0,0.9,1.3,2,315,0.283,30,143,40,2,17.5,0.9,-41,-7,1,8.025,-0.03,7.28,8.79,0.09,0.14,10.21958333333333,31.116388888888892,-24.169374,41.862576,-30.205399,PM*,F4V
HD 3801, ,0,41,34.6,+,65,52,5,122,3,6.954,0.355,0.0,0.0,3.777,-0.23,48,3.57,1.23,6.3,5.3,7.2,1.11,1.07,1.15,3.6,0.3,0.1,2,971,0.699,3,73,-59,1,21.0,0.7,-16,-5,-14,8.025,0.003,7.9,8.18,0.02,0.1,10.394166666666665,65.86805555555554,-25.40127,40.650517,2.512126,PM*,F8
HD 3835, ,0,40,47.9,-,27,22,31,26,-88,8.389,0.336,2.627,-0.001,3.787,-0.13,85,3.75,0.73,3.7,2.8,5.7,1.13,1.07,1.21,-8.5,0.2,0.3,4,909,0.565,7,28,-47,2,11.8,1.0,0,-22,8,7.997,-0.085,6.95,8.05,0.07,0.25,10.199583333333331,-27.37527777777778,2.6662338,1.3004091,-84.94822,PM*,F6/7V
HD 3861, ,0,41,11.8,+,9,21,18,119,-53,6.529,0.333,2.63,-0.006,3.79,-0.01,33,3.91,0.39,3.4,1.5,4.6,1.17,1.12,1.23,-15.2,0.3,0.4,2,699,0.228,2,-122,-104,1,30.0,0.8,28,-9,3,8.01,-0.027,7.07,8.9,0.11,0.16,10.299166666666666,9.355,-9.628266,17.369854,-26.354973,PM*,F8V
HD 3894, ,0,41,41.9,+,20,8,13,120,-43,7.835,0.33,2.613,-0.004,3.786,-0.49,59,3.97,0.85,5.2,3.5,7.1,1.03,0.98,1.09,-1.3,0.3,0.1,2,374,0.859,6,83,-57,1,16.9,0.9,-13,-22,-12,8.022,-0.04,7.01,8.03,0.07,0.08,10.424583333333333,20.136944444444445,-21.574936,37.36888,-40.2379,PM*,F8
HD 3914, ,0,42,1.4,+,40,41,17,121,-22,7.028,0.311,0.0,0.0,3.799,-0.24,49,3.58,0.73,3.4,2.6,4.1,1.18,1.11,1.24,-3.6,0.4,0.1,2,1005,0.852,13,-12,-63,1,20.4,1.0,7,-6,-12,8.023,-0.018,7.61,8.44,0.05,0.08,10.505833333333332,40.68805555555555,-23.399216,38.942833,-18.355722,PM*,F5
HD 4025, ,0,42,18.3,-,45,33,4,308,-71,8.151,0.339,2.617,0.003,3.781,-0.4,60,4.28,0.58,6.3,2.7,8.7,1.0,0.95,1.07,19.2,0.2,0.2,2,407,0.667,7,-72,-50,2,16.8,1.0,28,-5,-13,7.988,-0.056,7.16,8.98,0.11,0.12,10.576249999999998,-45.551111111111105,12.026386,-15.393071,-56.731113,PM*,F7V
HD 4124, ,0,43,25.2,-,25,55,20,66,-88,8.949,0.325,2.635,-0.004,3.796,-0.01,154,3.01,1.15,2.5,2.1,3.0,1.34,1.26,1.44,24.9,0.2,0.2,2,799,0.593,6,6,26,2,8.7,1.2,-14,15,-24,7.998,-0.154,7.99,9.4,0.08,0.34,10.854999999999999,-25.922222222222224,2.1860147,4.90987,-153.90619,*,F6V
HD 4132, ,0,44,48.0,+,67,9,29,122,4,6.903,0.319,0.0,0.0,3.797,-0.13,46,3.6,0.66,3.3,2.4,4.1,1.21,1.15,1.26,8.2,0.4,0.1,2,966,0.942,15,216,-59,2,21.8,0.6,-44,-17,-13,8.024,0.003,6.86,8.6,0.11,0.09,11.199999999999998,67.15805555555556,-24.316914,38.915184,3.2087977,PM*,F8
HD 4140, ,0,43,21.1,-,47,59,22,307,-69,8.235,0.31,2.649,0.006,3.805,-0.12,183,1.92,2.15,1.6,1.3,1.9,1.63,1.53,1.75,16.1,0.8,0.4,2,1062,0.759,35,62,-25,1,6.1,1.1,-32,-50,-10,7.961,-0.171,5.46,8.07,0.19,0.18,10.837916666666665,-47.989444444444445,39.467842,-52.37558,-170.84521,PM*,F6V
HD 4219, ,0,44,27.6,-,13,24,56,116,-76,7.583,0.323,2.613,-0.024,3.792,-0.33,72,3.28,1.27,4.7,2.8,5.5,1.16,1.11,1.25,-17.2,0.2,0.2,2,389,0.569,8,76,-30,2,13.8,1.0,-15,-26,13,8.008,-0.07,6.8,8.02,0.08,0.33,11.114999999999998,-13.415555555555557,-7.6357136,15.655534,-69.86129,PM*,F6V
HD 4295, ,0,46,38.5,+,69,19,31,123,6,6.387,0.281,0.0,0.0,3.815,-0.32,41,3.34,0.68,2.7,1.9,3.2,1.25,1.2,1.29,-13.5,0.5,0.5,2,816,0.454,15,167,15,2,24.6,0.6,-20,-29,1,8.022,0.005,6.61,8.06,0.1,0.12,11.660416666666666,69.32527777777777,-22.207874,34.197124,4.285667,PM*,F3V
HD 4304, ,0,44,59.9,-,53,42,53,305,-63,6.15,0.337,2.629,-0.001,3.79,-0.01,45,2.87,1.43,2.5,2.3,2.7,1.44,1.4,1.47,14.8,0.2,0.2,2,1528,0.54,6,225,2,2,22.1,0.6,-37,-30,-15,7.988,-0.04,6.35,8.24,0.13,0.12,11.24958333333333,-53.71472222222223,11.71792,-16.73493,-40.095295,PM*,F7V
HD 4309, ,0,44,7.7,-,74,15,55,304,-43,7.576,0.321,2.651,0.012,3.798,-0.07,99,2.6,1.58,2.1,1.9,2.4,1.48,1.42,1.54,25.5,0.3,0.1,2,332,0.766,13,104,-36,2,10.1,0.7,-25,-52,-7,7.96,-0.067,5.41,8.01,0.19,0.07,11.03208333333333,-74.26527777777778,40.487812,-60.02565,-67.51783,PM*,F6IV/V
HD 4322, ,0,46,3.2,+,40,48,32,122,-22,7.572,0.332,0.0,0.0,3.788,-0.29,61,3.65,0.96,4.0,3.0,7.2,1.1,1.05,1.17,1.2,0.3,0.2,2,1013,0.577,5,89,-59,1,16.4,1.0,-19,-18,-17,8.03,-0.023,7.22,8.08,0.06,0.14,11.513333333333334,40.80888888888889,-29.971294,47.964085,-22.851002,PM*,F7IV/V
HD 4568, ,0,47,54.8,+,20,55,31,122,-42,6.515,0.328,2.639,0.003,3.796,0.0,57,2.72,1.43,2.2,2.0,2.5,1.47,1.42,1.52,0.0,0.3,0.3,2,439,0.499,10,160,15,1,17.4,0.9,-38,-21,2,8.023,-0.038,6.79,8.39,0.11,0.15,11.978333333333332,20.92527777777778,-22.44699,35.92268,-38.140446,PM*,F8V
HD 4607, ,0,47,57.3,-,9,20,47,120,-72,7.733,0.34,2.609,-0.014,3.784,-0.36,82,3.16,1.6,4.6,4.0,5.6,1.16,1.11,1.22,-3.2,0.2,0.2,4,5025,0.859,6,194,206,2,12.2,1.0,-104,22,27,8.013,-0.078,6.77,12.52,0.3,0.88,11.98875,-9.346388888888889,-12.669698,21.944557,-77.98663,PM*,F7V
HD 4702, ,0,49,33.7,+,38,12,17,123,-25,8.021,0.356,0.0,0.0,3.777,-0.13,54,4.37,0.34,5.3,0.4,8.6,1.04,0.98,1.11,-17.3,0.3,0.4,2,1011,0.293,7,91,13,2,18.6,1.0,-12,-25,10,8.026,-0.022,6.89,8.03,0.08,0.26,12.390416666666665,38.20472222222222,-26.654974,41.045055,-22.821386,PM*,F8
HD 4756, ,0,49,58.5,+,34,58,27,123,-28,7.263,0.379,0.0,0.0,3.771,-0.13,97,2.33,2.52,2.5,2.0,2.9,1.54,1.36,1.59,-11.1,0.4,0.3,2,2111,0.58,16,-65,-17,2,10.3,0.9,33,5,-2,8.046,-0.045,7.36,9.61,0.13,0.1,12.493749999999999,34.97416666666667,-46.646107,71.828705,-45.538742,PM*,F5
HD 4766, ,0,48,34.8,-,67,31,54,303,-50,8.107,0.311,2.651,0.003,3.804,-0.02,123,2.65,1.34,2.0,1.8,2.4,1.47,1.4,1.54,17.7,0.2,0.2,3,1063,0.758,14,112,-20,2,8.1,0.7,-44,-52,-7,7.956,-0.094,5.26,8.2,0.22,0.1,12.145,-67.53166666666667,43.060734,-66.3077,-94.223465,PM*,F6V
HD 4785, ,0,49,11.7,-,53,46,27,304,-63,7.553,0.315,2.631,-0.008,3.795,-0.24,51,4.0,0.4,3.8,1.2,5.6,1.11,1.05,1.17,3.5,0.3,0.3,4,1385,0.8,18,-69,-36,2,19.5,0.8,19,1,1,7.987,-0.046,7.5,8.99,0.09,0.13,12.298749999999998,-53.774166666666666,12.947283,-19.195137,-45.441334,PM*,F6/7V
HD 4813, ,0,50,7.5,-,10,38,39,122,-74,5.177,0.33,2.621,-0.012,3.789,-0.12,15,4.23,0.2,2.6,0.0,5.9,1.1,1.04,1.17,8.1,0.1,0.4,17,4550,0.331,4,-225,-229,1,64.7,1.0,21,-2,-13,8.002,-0.015,7.39,8.92,0.09,0.09,12.531249999999998,-10.644166666666667,-2.190984,3.5063064,-14.418925,PM*,F7V
HD 4863, ,0,44,21.9,-,85,53,29,303,-31,8.292,0.349,2.607,-0.014,3.779,-0.13,65,4.23,0.44,5.3,2.2,7.9,1.06,1.0,1.12,-20.5,0.2,0.4,4,1888,0.457,4,91,-6,1,15.4,0.7,-33,-1,12,7.97,-0.034,7.57,8.7,0.07,0.31,11.091249999999999,-85.8913888888889,30.345043,-46.727264,-33.477474,PM*,F8/G0V
HD 4903, ,0,51,24.8,+,32,39,25,123,-30,7.275,0.349,0.0,0.0,3.782,-0.04,53,3.65,0.86,3.7,3.1,4.3,1.15,1.1,1.25,5.9,0.3,0.4,2,2147,0.441,7,-102,-86,2,18.8,0.9,25,9,-22,8.025,-0.027,7.57,9.6,0.12,0.24,12.85333333333333,32.65694444444444,-24.998575,38.49443,-26.5,PM*,F8
HD 4982, ,0,51,44.5,-,6,6,0,123,-69,8.305,0.229,2.704,0.003,3.847,-0.21,179,2.04,1.26,1.3,1.1,1.5,1.6,1.51,1.71,-4.9,0.8,1.0,3,348,0.576,40,55,4,2,6.3,1.4,-40,-24,6,8.035,-0.167,6.66,8.4,0.12,0.27,12.935416666666665,-6.1,-34.93743,53.798927,-167.11089,PM*,F0V
HD 5028, ,0,50,52.4,-,71,9,5,303,-46,6.859,0.305,2.636,-0.004,3.799,-0.4,39,3.91,0.54,3.8,1.6,5.2,1.09,1.04,1.16,8.1,1.7,2.4,2,1419,0.21,35,-14,38,1,25.7,0.6,2,1,-11,7.985,-0.028,7.83,8.55,0.04,0.06,12.718333333333332,-71.15138888888889,14.755187,-22.720991,-28.054253,*,F6VFe-0.4
HD 5036, ,0,52,28.1,+,21,24,35,123,-41,7.285,0.31,2.658,0.009,3.804,0.0,93,2.43,1.54,1.9,1.6,2.1,1.54,1.47,1.62,4.2,0.8,1.1,2,441,0.22,26,60,-61,1,10.7,1.0,-14,-27,-23,8.038,-0.062,6.77,8.05,0.09,0.25,13.117083333333332,21.40972222222222,-38.227123,58.864605,-61.01349,PM*,F7V
HD 5057, ,0,52,13.1,-,21,6,28,125,-84,7.634,0.314,2.636,-0.001,3.799,-0.24,86,2.96,1.35,2.6,2.3,3.1,1.32,1.23,1.39,13.6,0.3,0.4,2,907,0.263,7,-42,-52,2,11.6,1.1,25,-7,-16,8.005,-0.086,7.18,8.85,0.1,0.17,13.054583333333332,-21.10777777777778,-5.1561337,7.363721,-85.528885,PM*,F6V
HD 5072, ,0,52,59.3,+,39,2,36,123,-24,7.766,0.367,2.599,0.007,3.766,-0.33,52,4.21,0.94,10.9,6.5,13.2,0.98,0.94,1.02,-13.8,0.3,0.1,2,357,0.858,4,60,152,2,19.4,0.9,-13,-6,40,8.026,-0.021,7.96,8.23,0.02,0.92,13.247083333333332,39.04333333333333,-25.872732,39.84051,-21.150305,PM*,F7IV
HD 5080, ,0,51,50.9,-,56,34,40,303,-61,8.139,0.298,2.643,-0.002,3.805,-0.42,119,2.76,1.57,2.4,2.1,2.8,1.33,1.23,1.41,15.1,0.5,0.7,2,1301,0.334,16,5,72,2,8.4,0.8,-18,23,-33,7.968,-0.104,7.94,9.99,0.11,0.49,12.962083333333332,-56.57777777777778,31.421505,-48.38487,-104.07975,PM*,F3/5V
HD 5096, ,0,52,38.9,-,12,56,12,124,-76,7.941,0.26,2.703,0.023,3.842,0.0,84,3.22,-0.02,0.2,0.0,1.4,1.42,1.35,1.48,15.0,1.2,1.5,3,774,0.589,70,-16,10,2,7.3,1.0,1,10,-13,8.012,-0.081,7.95,9.11,0.07,0.13,13.162083333333332,-12.936666666666667,-11.363604,16.847239,-81.504845,*,F2V
HD 5224, ,0,54,9.2,+,20,4,47,124,-43,8.131,0.291,2.668,0.005,3.815,0.03,113,2.87,0.84,1.8,1.4,2.2,1.41,1.34,1.5,-5.6,1.1,0.6,2,437,0.725,45,-5,-41,2,7.2,1.0,13,-14,-12,8.046,-0.077,7.2,8.39,0.08,0.11,13.538333333333332,20.079722222222223,-46.213356,68.51413,-77.06581,*,F2
HD 5278, ,0,50,9.9,-,83,44,38,303,-33,7.936,0.347,2.633,0.025,3.792,-0.27,59,3.97,0.53,4.3,2.4,5.9,1.09,1.04,1.15,-30.3,0.2,0.2,2,407,0.458,4,141,28,2,16.9,0.6,-49,3,11,7.973,-0.033,7.33,9.37,0.12,0.3,12.54125,-83.74388888888889,26.949594,-41.49873,-32.133705,PM*,F7V
HD 5308, ,0,55,6.9,+,23,24,58,124,-39,7.591,0.321,2.621,-0.015,3.793,-0.38,79,3.11,1.46,4.3,2.7,5.0,1.17,1.12,1.29,-6.8,0.3,0.6,4,1802,0.334,8,-14,46,1,12.7,0.9,1,8,18,8.034,-0.05,7.95,9.04,0.06,0.43,13.778749999999999,23.41611111111111,-34.331383,50.898376,-49.71631,*,F5V
HD 5311, ,0,54,23.7,-,48,56,54,302,-68,7.913,0.315,2.669,0.03,3.816,0.02,81,3.25,0.45,1.8,0.9,2.4,1.36,1.31,1.41,21.0,0.5,1.1,4,797,0.19,28,41,-45,1,12.4,0.8,0,-28,-14,7.984,-0.075,6.61,8.02,0.1,0.12,13.598749999999999,-48.94833333333333,16.079416,-25.732439,-75.10189,PM*,F7V
HD 5376, ,0,55,30.4,-,12,33,8,127,-75,7.866,0.312,2.655,0.019,3.8,-0.34,98,2.91,1.47,2.6,2.3,3.9,1.31,1.2,1.38,4.1,0.4,0.5,2,1062,0.183,11,98,20,2,10.2,0.9,-44,-17,-1,8.015,-0.095,6.89,8.59,0.11,0.14,13.876666666666665,-12.552222222222223,-15.264601,20.256804,-94.66073,PM*,F3/5V
HD 5379, ,0,54,17.3,-,69,5,12,303,-48,8.631,0.258,2.687,0.012,3.827,-0.48,131,3.04,0.87,2.2,1.7,2.6,1.26,1.2,1.33,-4.7,1.0,1.5,2,1301,0.158,10,19,6,2,6.1,0.8,-13,-2,1,7.953,-0.097,7.93,8.2,0.02,0.16,13.572083333333332,-69.08666666666666,47.740944,-73.514595,-97.351974,*,F2IV
HD 5388, ,0,55,11.8,-,47,24,21,301,-70,6.733,0.323,2.629,-0.002,3.792,-0.36,53,3.1,1.47,4.3,2.7,4.9,1.18,1.13,1.31,39.2,0.2,0.2,3,359,0.655,5,-81,-179,1,18.8,1.0,47,-35,-22,7.99,-0.05,5.78,8.83,0.21,0.25,13.799166666666665,-47.405833333333334,9.336126,-15.537931,-49.803707,PM*,F6V
HD 5435, ,0,56,2.1,-,3,44,16,126,-67,7.409,0.284,2.658,-0.002,3.819,-0.14,145,1.6,2.18,1.3,1.1,1.5,1.73,1.64,1.86,1.3,1.9,0.0,1,0,0.0,5,29,-6,1,6.4,0.9,-15,-14,-3,8.034,-0.133,7.49,8.06,0.04,0.15,14.00875,-3.7377777777777776,-33.301575,45.835686,-133.47319,*,F5V
HD 5442, ,0,56,8.3,-,8,1,24,126,-71,7.44,0.347,2.616,0.0,3.785,-0.13,108,2.28,2.25,2.0,1.8,2.4,1.54,1.44,1.63,3.8,0.6,0.8,2,1118,0.073,13,0,-28,2,9.3,0.9,7,-10,-8,8.021,-0.102,7.46,8.31,0.05,0.1,14.034583333333332,-8.023333333333333,-20.667328,28.446136,-102.116005,*,F6V
HD 5444, ,0,56,3.7,-,20,42,6,133,-83,8.181,0.347,2.615,0.004,3.778,-0.38,60,4.29,0.62,6.7,3.5,9.2,0.99,0.94,1.06,-5.2,0.3,0.4,2,389,0.219,4,-43,23,2,16.7,1.1,7,12,6,8.005,-0.059,7.87,9.31,0.08,0.22,14.015416666666665,-20.701666666666664,-4.9868803,5.347775,-59.55277,*,F7V
HD 5453, ,0,56,13.2,-,7,34,38,126,-70,7.74,0.298,2.657,-0.004,3.809,0.03,70,3.52,0.32,1.9,0.4,2.8,1.29,1.24,1.35,3.8,0.3,0.3,2,1118,0.465,10,157,-82,2,14.3,1.1,-30,-49,-12,8.014,-0.066,5.55,8.11,0.19,0.1,14.055,-7.577222222222222,-14.072408,19.369007,-65.77848,PM*,F5V
HD 5510, ,0,56,16.2,-,42,40,42,300,-74,8.502,0.357,2.64,0.024,3.791,0.09,82,3.83,0.35,2.8,1.0,4.0,1.22,1.16,1.28,-4.2,0.3,0.6,4,1039,0.077,7,38,-7,1,12.2,1.1,-11,-9,5,7.989,-0.079,7.74,7.99,0.02,0.2,14.067499999999997,-42.67833333333333,11.301132,-19.574139,-78.823456,*,F8V
HD 5591, ,0,57,11.8,-,36,26,6,296,-81,8.849,0.339,2.636,0.019,3.785,-0.37,117,3.51,1.23,5.5,3.5,7.1,1.08,1.02,1.16,6.1,0.5,0.8,2,1037,0.118,8,-58,-34,2,8.9,1.3,38,2,-4,7.992,-0.115,7.14,9.55,0.14,0.14,14.299166666666665,-36.434999999999995,8.023432,-16.450481,-115.55954,PM*,F6V
HD 5600, ,0,57,42.2,+,2,5,37,126,-61,7.995,0.308,2.629,-0.021,3.802,-0.35,133,2.38,1.96,2.1,1.8,2.5,1.43,1.34,1.53,3.7,0.3,0.3,3,366,0.547,9,63,8,1,6.6,0.9,-36,-17,0,8.038,-0.116,7.02,8.43,0.09,0.17,14.42583333333333,2.093611111111111,-37.9002,52.165154,-116.324425,PM*,F5V
HD 5651, ,0,58,26.4,+,24,31,19,125,-38,7.333,0.326,2.635,0.005,3.791,-0.26,93,2.5,2.01,2.2,2.0,2.5,1.45,1.38,1.52,2.8,1.0,0.0,1,0,0.0,4,-87,-25,1,10.8,0.8,34,17,-11,8.042,-0.057,7.53,10.33,0.16,0.1,14.609999999999998,24.521944444444443,-42.034557,60.03156,-57.25652,PM*,F8
HD 5694, ,0,58,42.4,+,4,12,20,126,-59,7.573,0.317,2.621,-0.024,3.797,-0.14,61,3.63,0.63,3.3,2.4,4.2,1.2,1.13,1.25,-19.4,0.3,0.1,2,392,0.895,8,47,1,2,16.3,0.9,-5,-16,17,8.019,-0.052,7.41,8.04,0.04,0.4,14.676666666666666,4.205555555555556,-18.466639,25.417149,-52.287205,*,F6V
HD 5703, ,0,59,7.1,+,39,37,7,125,-23,7.996,0.313,0.0,0.0,3.799,-0.15,69,3.8,0.43,3.2,1.4,4.3,1.17,1.11,1.23,7.6,0.3,0.4,2,1011,0.347,6,130,17,2,14.5,1.1,-40,-16,3,8.036,-0.027,6.99,8.54,0.1,0.17,14.779583333333331,39.618611111111115,-36.43062,52.028305,-26.960447,PM*,F5
HD 5728, ,0,59,32.2,+,48,57,58,124,-14,6.891,0.277,2.675,0.006,3.818,-0.21,58,3.08,0.78,2.2,1.8,2.7,1.33,1.28,1.38,-0.6,0.5,0.7,2,618,0.308,19,22,-30,2,17.3,0.8,-4,-6,-8,8.032,-0.014,7.87,8.17,0.02,0.01,14.884166666666664,48.96611111111111,-31.46978,46.655876,-14.03147,*,F5
HD 5750, ,0,59,35.8,+,32,29,31,125,-30,7.012,0.313,2.626,0.001,3.794,-0.57,43,3.84,0.86,4.3,2.3,6.6,1.05,0.99,1.12,23.6,0.3,0.1,2,357,0.965,9,347,-41,1,0.0,0.0,-68,-26,-17,8.021,-0.022,6.12,9.05,0.19,0.15,14.899166666666664,32.49194444444444,-21.359467,30.504475,-21.5,PM*,F5
HD 5892, ,1,0,30.4,+,7,21,13,127,-55,8.113,0.307,2.638,-0.009,3.801,-0.18,75,3.75,0.46,3.1,1.6,4.2,1.18,1.11,1.24,-3.2,0.4,0.3,2,698,0.49,6,-5,23,2,13.4,1.0,-1,5,7,8.025,-0.061,7.96,8.8,0.05,0.23,15.126666666666665,7.35361111111111,-25.889023,34.355885,-61.436405,*,F5V
HD 5915, ,1,1,48.7,+,63,36,20,124,1,8.186,0.262,2.689,0.022,3.839,-0.45,162,2.04,1.61,1.6,1.3,1.8,1.52,1.43,1.63,19.7,0.7,1.5,5,1029,0.123,35,-4,-7,2,4.7,0.9,-9,18,-5,8.091,0.002,8.09,9.68,0.09,0.03,15.452916666666665,63.605555555555554,-90.57544,134.28363,2.8272898,*,F0
HD 5932, ,1,0,38.3,-,18,7,8,137,-81,7.903,0.229,2.695,-0.006,3.848,-0.15,175,1.69,1.54,1.1,1.0,1.3,1.74,1.64,1.86,18.1,1.4,2.0,3,797,0.466,70,35,-8,2,5.8,1.0,-23,-19,-18,8.02,-0.173,7.11,8.12,0.07,0.24,15.15958333333333,-18.11888888888889,-20.021564,18.67041,-172.84546,*,F0V
HD 5982, ,1,1,46.3,+,47,42,18,125,-15,7.734,0.268,2.68,0.004,3.823,-0.21,89,2.98,0.77,2.0,1.6,2.4,1.35,1.3,1.42,0.0,0.8,0.8,2,43,0.493,25,146,-56,2,11.2,0.9,-48,-40,-21,8.049,-0.023,5.84,8.43,0.18,0.2,15.442916666666665,47.705000000000005,-49.30888,70.420364,-23.034895,PM*,F5
HD 6225, ,1,3,57.4,+,48,51,40,125,-14,7.181,0.29,2.668,0.01,3.812,-0.23,60,3.29,0.72,2.6,2.0,3.1,1.27,1.22,1.32,9.5,0.2,0.4,5,2494,0.744,13,114,-48,2,16.7,0.9,-31,-14,-14,8.033,-0.014,7.25,8.34,0.07,0.1,15.989166666666668,48.861111111111114,-33.39233,47.689182,-14.515314,PM*,F8
HD 6301, ,1,4,27.6,+,29,39,31,126,-33,6.19,0.294,2.651,-0.006,3.81,-0.15,42,3.07,0.91,2.4,2.0,2.8,1.34,1.3,1.39,-3.2,0.5,0.8,2,344,0.263,20,84,-115,1,23.8,0.9,-6,-23,-17,8.021,-0.023,6.99,8.03,0.07,0.14,16.115,29.65861111111111,-20.704243,28.496946,-22.87484,PM*,F7IV-V
HD 6338, ,1,5,1.2,+,43,16,24,126,-20,7.77,0.279,2.655,0.004,3.814,-0.67,98,2.81,1.53,2.5,2.2,3.8,1.27,1.18,1.34,24.5,0.3,0.1,2,356,0.931,6,1,-58,2,10.2,0.9,-10,10,-33,8.054,-0.033,8.05,9.16,0.06,0.47,16.254999999999995,43.27333333333333,-54.12907,74.50227,-33.51797,PM*,F5
HD 6374, ,1,4,50.4,+,7,2,45,129,-56,7.942,0.339,2.626,0.005,3.785,-0.24,76,3.53,1.1,5.4,3.1,6.8,1.12,1.06,1.2,8.4,0.2,0.1,3,1791,0.917,4,151,-103,1,13.1,1.1,-31,-53,-25,8.027,-0.063,5.37,8.12,0.2,0.28,16.209999999999997,7.045833333333333,-26.745272,33.027668,-63.00686,PM*,F8
HD 6376, ,1,4,37.5,-,5,19,18,132,-68,7.738,0.289,2.675,0.016,3.815,-0.12,101,2.72,1.13,2.0,1.6,2.3,1.41,1.33,1.5,22.2,0.3,0.3,2,1004,0.486,12,26,-10,1,0.0,0.0,-13,-4,-22,8.025,-0.094,7.97,8.15,0.01,0.24,16.15625,-5.321666666666666,-25.31674,28.117083,-93.64556,*,F3V
HD 6444, ,1,4,46.9,-,43,3,50,294,-74,8.476,0.268,2.698,0.025,3.837,-0.09,95,3.48,-0.12,0.0,0.0,1.5,1.34,1.28,1.4,-7.2,0.7,1.0,2,408,0.124,20,60,20,1,7.0,1.1,-28,-7,6,7.989,-0.091,7.54,8.4,0.05,0.22,16.195416666666667,-43.06388888888888,10.650624,-23.921694,-91.31986,PM*,F2V
HD 6478, ,1,5,56.5,+,15,22,56,128,-47,7.215,0.229,2.7,-0.01,3.851,0.18,99,2.24,0.68,0.9,0.7,1.1,1.69,1.6,1.79,-14.1,1.2,2.4,4,1092,0.013,40,28,-74,1,0.0,0.0,9,-37,-12,8.041,-0.073,6.17,8.15,0.14,0.11,16.485416666666662,15.382222222222223,-41.568127,53.204777,-72.404015,PM*,F2V
HD 6566, ,1,6,36.5,+,13,53,4,129,-49,7.221,0.281,2.675,0.007,3.816,-0.15,58,3.4,0.45,2.2,1.2,2.9,1.28,1.24,1.33,6.2,1.3,1.8,2,803,0.218,35,52,-40,1,17.2,0.8,-10,-12,-11,8.024,-0.044,7.61,8.02,0.03,0.07,16.652083333333334,13.884444444444444,-23.946533,29.571512,-43.773155,PM*,F6V
HD 6583, ,1,7,23.4,+,48,3,14,126,-15,8.081,0.288,2.661,0.004,3.811,-0.32,90,3.31,0.8,2.7,2.1,3.3,1.23,1.16,1.29,-23.0,0.8,0.2,2,1080,0.816,22,14,-6,1,11.1,1.0,8,-22,4,8.051,-0.023,6.92,8.22,0.09,0.17,16.847499999999997,48.053888888888885,-51.098125,70.330536,-23.293715,*,F5
HD 6655, ,1,5,18.2,-,72,33,14,301,-45,8.054,0.368,2.629,0.028,3.784,-0.1,56,4.19,0.33,4.0,0.0,6.7,1.09,1.03,1.15,19.3,0.1,0.3,80,5020,0.843,5,50,-118,2,0.0,0.0,10,-37,9,7.979,-0.039,6.11,8.1,0.14,0.25,16.325833333333332,-72.55388888888889,20.39446,-33.9421,-39.59798,PM*,F8V
HD 6680, ,1,8,1.3,+,32,0,43,127,-31,6.25,0.268,2.677,-0.002,3.826,-0.05,42,3.14,0.4,1.6,0.8,2.1,1.38,1.34,1.43,-16.2,5.3,0.0,1,0,0.0,35,204,-29,1,23.9,0.8,-23,-37,6,8.022,-0.021,6.19,8.08,0.13,0.2,17.00541666666666,32.011944444444445,-21.665962,28.751696,-21.6316,PM*,F5IV
HD 6714, ,1,8,15.3,+,28,52,4,127,-34,6.865,0.242,2.692,-0.002,3.841,-0.06,83,2.28,0.99,1.3,1.1,1.5,1.61,1.54,1.67,-29.3,1.0,0.6,3,840,0.846,50,-44,-89,2,12.1,0.9,39,-26,-14,8.042,-0.046,6.28,8.81,0.17,0.11,17.06375,28.86777777777778,-41.41097,54.9542,-46.41301,PM*,F0
HD 6728, ,1,6,54.6,-,59,57,59,299,-57,8.954,0.265,2.686,0.015,3.824,-0.41,156,2.99,0.92,2.2,1.8,2.6,1.28,1.21,1.35,0.1,0.5,0.6,2,378,0.38,19,34,-5,2,0.0,0.0,-19,-17,3,7.958,-0.131,7.23,8.02,0.05,0.21,16.727500000000003,-59.96638888888889,41.191216,-74.31092,-130.83261,*,F3V
HD 6806, ,1,8,28.5,-,24,14,12,177,-85,8.224,0.363,2.604,-0.001,3.771,-0.39,80,3.71,1.37,7.6,5.8,9.8,1.01,0.96,1.08,20.5,0.3,0.4,2,406,0.251,4,139,102,2,0.0,0.0,-67,2,-15,8.007,-0.08,6.99,9.88,0.17,0.15,17.118749999999995,-24.236666666666668,-6.962908,0.36491123,-79.69558,PM*,F7V
HD 6834, ,1,9,35.2,+,39,46,51,127,-23,8.417,0.302,2.629,-0.002,3.799,-0.89,98,3.46,1.38,5.2,3.6,6.5,1.04,0.99,1.1,31.3,0.4,0.2,3,628,0.879,9,-2,-37,2,10.2,0.9,-13,18,-28,8.054,-0.038,8.05,9.66,0.09,0.37,17.396666666666665,39.780833333333334,-54.28943,72.04449,-38.29165,*,F2
HD 6847, ,1,9,22.9,+,22,54,35,128,-40,7.543,0.286,2.66,0.001,3.814,-0.26,99,2.56,1.43,2.0,1.8,2.3,1.43,1.37,1.5,37.4,0.4,0.1,2,362,0.916,14,70,49,1,10.1,0.8,-52,17,-4,8.047,-0.063,7.57,10.23,0.15,0.09,17.34541666666666,22.90972222222222,-46.690784,59.76148,-63.63597,PM*,F2
HD 6920, ,1,10,18.7,+,42,4,53,127,-21,5.673,0.386,2.598,-0.005,3.763,-0.3,53,2.07,3.12,0.0,0.0,0.0,0.0,0.0,0.0,-14.4,0.1,0.3,19,3549,0.922,11,-135,-40,1,19.0,0.7,37,5,-7,8.029,-0.019,7.27,9.74,0.14,0.02,17.577916666666667,42.081388888888895,-29.777666,39.51629,-18.993502,PM*,F8V
HD 7048, ,1,10,43.0,-,4,50,31,135,-67,7.316,0.258,2.679,0.001,3.832,-0.2,118,1.96,1.6,1.4,1.2,1.6,1.65,1.56,1.74,-15.1,0.8,1.1,3,299,0.469,35,-27,7,2,8.5,0.9,15,7,14,8.032,-0.108,7.73,9.27,0.09,0.38,17.679166666666667,-4.841944444444444,-32.602066,32.602066,-108.61957,*,F2III
HD 7089, ,1,11,12.7,-,1,16,27,134,-64,8.35,0.295,2.651,-0.009,3.809,-0.1,93,3.5,0.46,2.4,1.2,3.1,1.25,1.19,1.32,7.4,1.4,2.0,2,1276,0.111,25,-9,-27,1,10.7,1.1,7,-4,-12,8.029,-0.084,7.67,8.48,0.05,0.12,17.802916666666665,-1.2741666666666667,-28.32019,29.326422,-83.587845,*,F3V
HD 7193, ,1,12,19.1,+,12,16,54,131,-50,6.891,0.323,2.622,-0.006,3.79,-0.32,34,4.25,0.34,3.7,0.0,7.1,1.05,0.99,1.12,-1.3,0.3,0.3,2,381,0.584,9,-86,-51,1,29.6,0.8,15,2,-5,8.014,-0.026,7.62,8.94,0.08,0.04,18.07958333333333,12.281666666666668,-14.338023,16.494013,-26.045511,PM*,F5
HD 7218, ,1,12,30.6,+,2,28,17,133,-60,6.547,0.306,2.649,0.004,3.803,-0.23,52,2.96,1.25,2.6,2.3,2.8,1.34,1.29,1.39,3.7,0.3,0.3,4,2890,0.744,16,-176,-107,1,19.2,0.9,46,7,-20,8.018,-0.045,7.13,10.13,0.17,0.22,18.127499999999998,2.471388888888889,-17.731955,19.015194,-45.033325,PM*,F3/5V
HD 7228, ,1,13,2.3,+,33,9,17,128,-30,7.413,0.344,2.615,-0.009,3.782,-0.28,61,3.5,1.23,5.8,4.7,6.9,1.11,1.06,1.17,-21.1,0.3,0.3,2,392,0.363,7,-109,-79,1,16.5,1.0,42,-7,-12,8.033,-0.03,6.89,9.4,0.15,0.08,18.25958333333333,33.15472222222222,-32.523888,41.628677,-30.5,PM*,F5
HD 7238, ,1,16,30.8,+,79,54,36,124,17,6.266,0.288,2.65,-0.001,3.813,-0.37,72,1.97,2.14,1.6,1.5,1.7,1.61,1.56,1.66,-42.3,1.3,1.2,2,329,0.52,60,-49,60,2,13.8,0.5,41,-28,6,8.039,0.021,6.2,8.86,0.18,0.2,19.12833333333333,79.91000000000001,-38.502632,57.082508,21.050762,PM*,F5Vs
HD 7257, ,1,12,34.2,-,20,27,31,160,-82,7.639,0.31,2.654,0.009,3.799,-0.23,59,3.78,0.52,3.5,2.1,4.5,1.15,1.08,1.21,3.3,0.4,0.6,2,915,0.12,10,-68,-34,2,16.9,1.1,21,3,-6,8.008,-0.059,7.54,9.15,0.1,0.06,18.1425,-20.45861111111111,-7.7160163,2.8084009,-58.425816,PM*,F3V
HD 7284, ,1,14,10.5,+,58,48,44,126,-4,7.177,0.341,0.0,0.0,3.783,-0.21,43,4.01,0.64,5.1,3.2,7.1,1.07,1.02,1.13,-11.1,0.5,0.7,2,1361,0.17,9,19,-47,2,23.3,0.9,3,-12,-8,8.025,-0.003,7.44,8.19,0.05,0.02,18.54375,58.81222222222222,-25.213198,34.70299,-2.9995282,PM*,F5
HD 7334, ,1,14,1.4,+,34,29,33,128,-28,7.047,0.372,0.0,0.0,3.773,-0.08,79,2.57,2.19,2.4,2.1,3.3,1.48,1.35,1.55,-28.2,0.5,0.7,2,2111,0.045,6,70,-8,1,12.7,0.9,-5,-36,13,8.043,-0.037,6.29,8.05,0.12,0.32,18.505833333333335,34.4925,-42.944153,54.966007,-37.088253,PM*,F5
HD 7355, ,1,13,51.6,+,5,8,30,133,-57,7.697,0.363,2.634,0.021,3.792,0.23,92,2.79,1.26,2.3,1.8,2.9,1.47,1.4,1.56,-7.4,0.4,0.5,2,392,0.117,3,60,-22,1,10.9,1.1,-14,-25,3,8.034,-0.077,6.87,8.04,0.08,0.17,18.465,5.1416666666666675,-34.17275,36.645786,-77.15769,PM*,F7/8V
HD 7442, ,1,12,10.5,-,73,54,25,301,-43,7.173,0.377,2.621,0.022,3.782,0.03,62,3.11,1.34,2.8,2.5,4.1,1.37,1.33,1.42,-26.1,0.2,0.2,2,1044,0.519,5,99,32,2,16.1,0.6,-37,4,14,7.977,-0.042,7.59,9.11,0.09,0.36,18.043749999999996,-73.90694444444445,23.353842,-38.86734,-42.283894,PM*,F8/G0V
HD 7449, ,1,14,29.3,-,5,2,50,138,-67,7.51,0.367,2.604,0.0,3.768,-0.29,38,4.58,0.49,8.7,3.5,12.8,0.95,0.89,1.02,-20.0,0.2,0.3,6,3997,0.719,3,-162,-137,1,26.0,0.8,42,-7,6,8.011,-0.035,6.84,9.38,0.16,0.22,18.622083333333332,-5.0472222222222225,-11.034054,9.935109,-34.979183,PM*,F9.5V
HD 7458, ,1,16,4.4,+,61,54,26,126,-1,7.325,0.279,0.0,0.0,3.814,-0.44,59,3.48,0.67,2.8,1.8,3.5,1.19,1.14,1.24,-14.4,0.4,0.5,2,341,0.423,13,-58,-56,3,17.0,0.8,20,-3,-17,8.034,-0.001,7.41,8.9,0.09,0.15,19.01833333333333,61.907222222222224,-34.67405,47.724735,-1.0296919,PM*,F5
HD 7463, ,1,14,51.1,+,9,44,27,132,-53,8.004,0.309,2.632,-0.005,3.799,-0.51,85,3.36,1.18,3.3,2.6,5.7,1.13,1.07,1.21,-1.5,0.3,0.4,2,374,0.352,6,-13,-19,2,11.8,1.0,8,-3,-4,8.035,-0.067,7.68,8.57,0.05,0.08,18.712916666666665,9.740833333333333,-34.228893,38.01503,-67.88402,*,F5
HD 7495, ,1,14,54.3,-,15,49,7,150,-77,7.348,0.299,2.639,-0.009,3.805,-0.3,52,3.79,0.44,3.1,1.1,4.3,1.15,1.09,1.21,3.9,0.2,0.3,4,1448,0.62,10,118,-27,2,19.4,1.5,-21,-21,-3,8.01,-0.05,6.99,8.07,0.07,0.08,18.72625,-15.81861111111111,-10.130293,5.8487277,-50.667244,PM*,F6V
HD 7616, ,1,16,16.1,+,16,9,59,132,-46,7.929,0.31,2.64,0.0,3.8,-0.27,89,3.18,1.14,2.9,2.4,4.4,1.25,1.15,1.32,-7.2,0.4,0.6,2,1112,0.271,7,84,-33,2,11.2,0.9,-20,-33,-1,8.041,-0.065,6.4,8.08,0.12,0.11,19.06708333333333,16.16638888888889,-41.368736,45.944626,-64.02124,PM*,F8V
HD 7659, ,1,16,50.3,+,21,3,6,131,-41,7.03,0.273,2.683,0.008,3.822,-0.08,61,3.12,0.54,1.8,1.2,2.3,1.37,1.32,1.42,-2.8,0.4,0.5,2,1798,0.449,13,73,-76,1,16.5,0.8,-8,-26,-12,8.03,-0.04,6.78,8.03,0.08,0.08,19.20958333333333,21.051666666666666,-30.203173,34.744785,-40.0196,PM*,F6V
HD 7660, ,1,16,35.9,+,2,44,5,135,-60,7.573,0.232,2.718,0.017,3.845,-0.17,89,2.82,0.48,1.4,0.8,1.7,1.43,1.36,1.5,-4.1,0.5,0.7,3,358,0.378,20,62,-27,1,11.2,1.2,-14,-25,0,8.032,-0.077,6.86,8.04,0.08,0.14,19.149583333333332,2.7347222222222225,-31.46625,31.46625,-77.07626,PM*,F2V
HD 7747, ,1,17,20.3,+,4,39,53,135,-58,7.92,0.304,2.641,-0.009,3.803,-0.16,67,3.79,0.36,2.8,0.6,4.1,1.18,1.12,1.24,3.2,0.6,0.9,2,372,0.084,9,89,-17,2,14.9,1.1,-21,-19,-3,8.025,-0.057,7.11,8.11,0.07,0.09,19.33458333333333,4.664722222222222,-25.105536,25.105536,-56.81922,PM*,F5V
HD 7775, ,1,17,22.7,-,5,37,57,140,-68,7.893,0.347,2.61,-0.005,3.778,-0.31,49,4.44,0.41,6.4,1.0,9.7,0.99,0.94,1.07,6.9,0.2,0.4,4,3649,0.269,4,160,-19,2,20.4,1.0,-30,-23,-4,8.014,-0.045,6.8,8.2,0.09,0.06,19.34458333333333,-5.6325,-14.061302,11.798834,-45.432007,PM*,F8V
HD 8070, ,1,20,2.9,-,9,53,1,146,-71,6.652,0.278,2.669,0.003,3.817,-0.29,49,3.21,0.74,2.5,1.9,2.9,1.28,1.23,1.33,15.5,0.8,1.1,2,1305,0.162,25,28,-75,2,20.5,0.9,0,-14,-19,8.013,-0.046,7.39,8.1,0.05,0.19,20.01208333333333,-9.88361111111111,-13.225501,8.920716,-46.33041,PM*,F3V
HD 8083, ,1,20,8.1,-,2,29,27,140,-64,8.864,0.342,2.626,0.002,3.787,-0.08,161,2.83,1.61,2.6,2.2,3.1,1.37,1.28,1.47,2.6,0.3,0.3,2,1151,0.472,7,13,-12,1,4.3,1.1,-4,-12,-5,8.053,-0.145,7.59,8.09,0.03,0.15,20.033749999999998,-2.4908333333333332,-54.0657,45.366512,-144.70584,*,F7V
HD 8117, ,1,21,3.6,+,25,9,30,131,-37,7.861,0.334,2.616,0.007,3.783,-0.49,51,4.31,0.58,6.0,1.5,8.7,0.99,0.93,1.06,-5.9,0.4,0.7,3,313,0.064,5,107,-107,1,19.5,1.0,-10,-33,-14,8.027,-0.031,6.43,8.03,0.11,0.1,20.264999999999997,25.15833333333333,-26.721552,30.739635,-30.692564,PM*,F5
HD 8178, ,1,19,58.3,-,57,20,56,295,-59,7.42,0.281,2.662,-0.005,3.818,-0.15,164,1.35,2.46,1.1,1.0,1.3,1.85,1.73,1.94,11.9,0.7,1.3,3,677,0.091,27,46,40,2,6.1,0.7,-43,-6,-21,7.964,-0.141,7.23,8.82,0.1,0.27,19.992916666666662,-57.348888888888894,35.69697,-76.55242,-140.57544,PM*,F3V
HD 8241, ,1,19,45.3,-,68,53,53,299,-48,7.064,0.322,2.652,0.016,3.795,-0.18,53,3.43,0.92,3.3,2.8,3.6,1.23,1.14,1.28,9.3,0.6,0.8,2,1117,0.019,9,12,120,2,18.8,0.6,-15,10,-26,7.983,-0.04,7.97,9.06,0.06,0.31,19.93875,-68.89805555555556,17.193249,-31.017445,-39.386677,PM*,F6V
HD 8248, ,1,22,2.4,+,15,47,21,134,-46,7.355,0.313,2.657,0.013,3.804,-0.03,139,1.64,2.36,1.3,1.1,1.6,1.77,1.66,1.87,6.6,0.3,0.4,2,361,0.27,7,53,-39,2,7.2,0.9,-21,-33,-18,8.066,-0.101,6.41,8.11,0.12,0.19,20.509999999999998,15.789166666666667,-67.07448,69.45767,-99.98823,PM*,F8V
HD 8316, ,1,19,20.9,-,76,8,56,301,-41,7.567,0.334,2.641,0.018,3.79,-0.26,106,2.43,2.1,2.1,1.9,2.3,1.47,1.4,1.54,22.0,0.2,0.3,2,675,0.403,6,39,6,2,9.4,0.6,-9,-24,-15,7.959,-0.07,6.84,7.96,0.08,0.13,19.837083333333332,-76.14888888888889,41.202625,-68.57272,-69.54226,*,F8IV/V
HD 8364, ,1,26,28.4,+,77,40,43,125,15,7.754,0.342,0.0,0.0,3.788,-0.23,132,2.16,2.39,2.0,1.7,2.4,1.55,1.42,1.63,-13.6,0.5,0.1,2,817,0.918,25,5,-15,2,7.6,0.8,2,-12,-12,8.073,0.034,7.53,8.24,0.04,0.08,21.61833333333333,77.67861111111111,-73.13227,104.44369,34.164112,*,F5
HD 8408, ,1,22,53.2,-,20,44,11,173,-80,8.311,0.308,2.637,-0.003,3.801,-0.29,108,3.15,1.16,2.8,2.4,3.5,1.22,1.13,1.32,-9.6,0.3,0.4,2,738,0.392,12,79,15,2,9.3,1.1,-35,-18,15,8.018,-0.106,7.0,8.36,0.09,0.4,20.721666666666664,-20.73638888888889,-18.614218,2.2855375,-106.35924,PM*,F5V
HD 8442, ,1,23,50.8,+,17,49,6,134,-44,6.586,0.273,2.68,0.006,3.82,-0.15,49,3.13,0.63,2.1,1.5,2.5,1.34,1.3,1.39,-13.0,0.4,0.0,1,0,0.0,3,76,-41,1,20.4,0.8,-4,-23,5,8.024,-0.034,6.95,8.04,0.07,0.18,20.961666666666666,17.81833333333333,-24.485071,25.35504,-34.03826,PM*,F0
HD 8483, ,1,23,50.8,-,5,49,8,144,-67,7.654,0.344,2.614,-0.006,3.781,-0.33,63,3.65,1.15,6.6,5.3,7.8,1.08,1.03,1.13,-15.9,0.2,0.2,4,833,0.71,3,-66,-191,2,15.8,0.9,50,-36,-10,8.02,-0.058,5.72,8.92,0.22,0.08,20.961666666666666,-5.818888888888889,-19.914816,14.468961,-57.991802,PM*,F7/8V
HD 8523, ,1,24,25.3,+,6,29,3,137,-55,8.118,0.344,2.619,-0.01,3.784,0.02,60,4.22,0.19,3.0,0.0,5.8,1.13,1.06,1.18,15.5,0.2,0.6,9,1465,0.065,9,146,-2,2,16.6,1.1,-39,-19,-8,8.025,-0.05,6.86,8.44,0.1,0.05,21.105416666666663,6.484166666666667,-25.169237,23.470692,-49.149124,PM*,F5
HD 8574, ,1,25,12.5,+,28,34,0,132,-34,7.135,0.361,2.597,-0.017,3.774,-0.23,44,3.91,0.96,8.2,5.7,9.6,1.04,0.99,1.1,18.6,0.2,0.1,3,91,0.895,3,253,-158,2,22.6,0.8,-44,-37,-31,8.025,-0.025,6.03,8.35,0.16,0.39,21.302083333333332,28.566666666666666,-24.408318,27.108177,-24.604488,PM*,F8
HD 8581, ,1,24,12.3,-,31,48,43,248,-81,6.857,0.363,2.615,0.011,3.773,-0.26,50,3.36,1.56,5.5,4.8,6.3,1.15,1.09,1.22,19.6,0.2,0.2,3,4072,0.564,5,166,-77,2,20.0,0.9,-22,-40,-14,8.003,-0.049,6.01,8.04,0.14,0.1,21.051249999999996,-31.811944444444446,-2.930071,-7.252176,-49.38442,PM*,F8V
HD 8671, ,1,26,18.6,+,43,27,27,130,-19,6.0,0.326,2.615,-0.027,3.792,-0.21,41,2.92,1.52,2.6,2.3,3.9,1.37,1.31,1.41,31.2,0.3,0.1,2,1477,0.793,6,108,-59,1,24.2,0.7,-34,6,-18,8.025,-0.013,7.72,9.17,0.09,0.17,21.5775,43.4575,-24.918474,29.69668,-13.348293,PM*,F7V
HD 8673, ,1,26,8.7,+,34,34,46,131,-28,6.31,0.314,2.651,0.005,3.801,-0.06,38,3.39,0.71,2.8,2.1,3.3,1.28,1.24,1.33,17.3,0.5,0.4,4,2111,0.878,30,238,-87,1,26.1,0.8,-41,-21,-16,8.022,-0.018,6.74,8.46,0.11,0.13,21.53625,34.57944444444445,-22.012094,25.322023,-17.83992,PM*,F7V
HD 8710, ,1,26,43.1,+,43,41,30,130,-19,6.889,0.25,0.0,0.0,3.836,-0.14,62,2.92,0.51,1.5,1.0,2.0,1.42,1.37,1.47,14.0,1.0,1.6,3,1029,0.379,80,134,-39,1,16.1,0.8,-39,-17,-10,8.038,-0.02,6.96,8.48,0.1,0.04,21.679583333333333,43.69166666666666,-37.681595,44.907173,-20.185225,PM*,F2
HD 8715, ,1,25,30.0,-,24,43,10,197,-82,8.07,0.313,2.64,0.008,3.797,-0.47,97,3.14,1.41,4.2,2.5,5.3,1.15,1.09,1.24,-25.9,0.3,0.2,2,1304,0.687,6,-3,-107,2,0.0,0.0,34,-38,22,8.013,-0.096,5.87,8.53,0.18,0.53,21.374999999999996,-24.71944444444444,-12.909914,-3.946958,-96.056,PM*,F5V
HD 8745, ,1,26,53.8,+,37,29,31,131,-25,7.523,0.343,0.0,0.0,3.784,-0.18,54,3.87,0.73,4.4,3.0,7.3,1.09,1.04,1.16,-8.4,0.2,0.3,6,1895,0.613,4,-14,-82,2,18.6,0.9,11,-12,-16,8.032,-0.023,7.3,8.38,0.07,0.13,21.724166666666665,37.49194444444444,-32.107933,36.93596,-22.821386,PM*,F8
HD 8774, ,1,27,6.3,+,34,22,39,131,-28,6.27,0.296,2.656,-0.01,3.813,0.19,43,3.13,0.48,1.7,1.1,2.2,1.46,1.4,1.5,13.7,0.8,1.1,2,358,0.046,19,162,-6,2,23.5,0.8,-34,-11,-3,8.025,-0.02,7.3,8.46,0.07,0.07,21.776249999999994,34.3775,-24.908422,28.653868,-20.187277,PM*,F7IVsv
HD 8786, ,1,27,14.3,+,39,39,15,130,-23,7.907,0.306,2.638,0.002,3.799,-0.52,110,2.7,1.85,2.6,2.1,4.2,1.29,1.16,1.39,-12.2,0.3,0.6,3,170,0.394,10,-45,-57,2,9.1,0.9,30,-6,-25,8.066,-0.042,7.18,9.1,0.12,0.31,21.809583333333332,39.65416666666667,-65.08581,77.566246,-42.980423,PM*,F0
HD 8907, ,1,28,34.3,+,42,16,3,130,-20,6.643,0.336,0.0,0.0,3.785,-0.31,34,3.98,0.71,5.1,3.5,6.6,1.06,1.01,1.11,8.8,0.4,0.2,2,1477,0.757,14,52,-99,1,29.3,0.7,-10,-4,-17,8.021,-0.012,8.02,8.08,0.0,0.14,22.142916666666665,42.2675,-20.536776,24.474773,-11.628684,PM*,F8
HD 8941, ,1,28,24.3,+,17,4,45,135,-45,6.604,0.334,2.632,0.004,3.791,-0.12,50,3.11,1.27,2.8,2.5,4.2,1.34,1.28,1.38,9.1,0.3,0.5,2,361,0.271,13,118,-35,1,20.0,0.8,-24,-17,-8,8.025,-0.035,7.18,8.15,0.06,0.04,22.10125,17.079166666666666,-25.0,25.0,-35.35534,PM*,F8IV-V
HD 8985, ,1,28,7.3,-,28,3,4,222,-82,7.737,0.333,2.625,-0.005,3.789,-0.12,56,4.01,0.42,3.8,1.5,5.7,1.12,1.06,1.19,30.1,0.2,0.2,4,819,0.805,6,109,61,2,18.0,1.0,-36,-7,-26,8.006,-0.055,7.38,8.61,0.08,0.3,22.030416666666664,-28.051111111111112,-5.791844,-5.2149987,-55.45501,PM*,F6/7V
HD 8995, ,1,29,26.4,+,42,16,54,130,-20,7.181,0.305,2.637,-0.006,3.8,-0.34,45,3.89,0.49,3.5,1.5,5.0,1.11,1.06,1.18,-6.6,0.5,0.7,2,357,0.154,13,138,-61,2,22.0,0.8,-18,-27,-6,8.028,-0.016,6.71,8.06,0.09,0.03,22.36,42.281666666666666,-27.181025,32.39308,-15.390905,PM*,F5
HD 9024, ,1,29,3.0,+,7,17,38,139,-54,6.547,0.231,2.706,0.002,3.849,0.01,70,2.32,0.76,1.1,0.9,1.4,1.62,1.57,1.68,-6.7,0.9,1.6,3,764,0.218,80,-28,-56,1,14.3,0.8,18,-10,-6,8.031,-0.057,7.24,8.61,0.09,0.06,22.262499999999996,7.293888888888889,-31.052504,26.993525,-56.63119,PM*,F2
HD 9061, ,1,28,57.4,-,17,56,14,168,-77,6.656,0.301,2.654,0.011,3.806,-0.36,78,2.21,2.05,1.9,1.7,2.1,1.52,1.46,1.58,-3.5,0.2,0.1,2,766,0.826,9,72,-5,1,12.9,0.9,-19,-18,7,8.017,-0.076,7.24,8.07,0.05,0.23,22.239166666666666,-17.93722222222222,-17.162756,3.6480546,-76.00086,PM*,F3/5V
HD 9091, ,1,29,48.6,+,23,41,25,134,-38,7.623,0.37,2.595,0.002,3.766,-0.46,46,4.31,0.94,11.5,6.1,14.4,0.92,0.86,1.0,-50.8,0.3,0.1,2,374,0.985,3,-49,-49,1,21.7,1.1,39,-28,22,8.025,-0.029,6.22,8.81,0.17,0.52,22.4525,23.690277777777776,-25.180319,26.074987,-28.320429,PM*,F8
HD 9305, ,1,32,12.9,+,32,32,31,133,-30,8.019,0.363,2.619,0.019,3.774,-0.4,119,2.64,2.38,3.5,2.7,4.4,1.24,1.14,1.39,10.5,0.3,0.5,2,53,0.265,10,20,-32,1,8.4,1.0,-11,-9,-19,8.07,-0.059,7.86,8.07,0.01,0.19,23.053749999999994,32.54194444444444,-70.28471,75.37113,-59.5,*,F5
HD 9386, ,1,32,57.7,+,33,51,10,133,-28,7.639,0.342,2.612,-0.011,3.783,-0.49,109,2.46,2.43,3.0,2.4,3.7,1.35,1.21,1.43,38.3,0.2,0.2,3,630,0.772,5,55,25,2,9.2,0.9,-47,14,-2,8.065,-0.051,7.62,9.96,0.13,0.1,23.24041666666666,33.85277777777778,-65.6364,70.38642,-51.1724,PM*,F5
HD 9389, ,1,33,45.0,+,56,48,36,129,-6,8.172,0.279,2.665,0.008,3.815,-0.5,106,3.04,1.14,2.5,2.1,3.0,1.25,1.17,1.31,8.5,0.4,0.2,2,357,0.726,12,27,-53,2,9.4,0.9,-18,-7,-25,8.066,-0.01,7.85,8.23,0.02,0.28,23.437499999999996,56.809999999999995,-66.34252,81.926216,-11.080017,PM*,F8
HD 9403, ,1,31,32.6,-,43,50,47,280,-71,8.184,0.33,2.615,-0.024,3.792,-0.05,85,3.54,0.75,3.2,2.5,3.9,1.22,1.15,1.29,2.5,0.6,0.9,2,1034,0.027,3,89,-8,2,11.8,0.9,-26,-25,4,7.995,-0.08,6.77,8.11,0.09,0.19,22.88583333333333,-43.84638888888889,4.8054166,-27.252872,-80.36908,PM*,F8V
HD 9449, ,1,32,52.7,+,4,46,28,142,-57,8.705,0.349,2.625,0.013,3.777,-0.36,70,4.48,0.44,6.2,0.0,10.1,0.98,0.92,1.05,11.2,0.7,1.0,2,491,0.189,19,15,-11,1,14.3,1.1,-7,-2,-10,8.03,-0.058,8.01,8.27,0.02,0.08,23.21958333333333,4.774444444444445,-30.0427,23.47193,-58.70694,*,F7V
HD 9468, ,1,31,33.7,-,59,35,33,294,-57,7.98,0.309,2.64,0.01,3.797,-0.58,71,3.71,0.93,3.8,2.9,5.4,1.09,1.03,1.14,3.8,0.3,0.6,3,358,0.215,9,176,13,2,14.0,0.7,-49,-35,4,7.984,-0.06,6.01,8.41,0.17,0.18,22.890416666666663,-59.5925,15.7282505,-35.32623,-59.54561,PM*,F5V
HD 9666, ,1,36,16.2,+,59,27,33,129,-3,7.733,0.313,0.0,0.0,3.801,-0.36,115,2.43,1.94,2.1,1.9,2.5,1.43,1.35,1.51,-21.0,1.1,1.3,2,357,0.41,40,8,-28,2,8.7,0.9,8,-21,-13,8.072,-0.006,6.97,8.24,0.08,0.09,24.0675,59.45916666666667,-72.27265,89.24931,-6.0186353,*,F5III
HD 9670, ,1,34,48.8,+,0,56,41,145,-60,6.905,0.343,2.611,-0.006,3.781,-0.34,37,4.09,0.72,6.0,4.1,7.5,1.03,0.97,1.08,-22.7,0.2,0.3,5,2567,0.501,3,209,-271,1,27.3,0.9,3,-63,4,8.015,-0.032,4.91,8.05,0.24,0.17,23.70333333333333,0.9447222222222222,-15.15431,10.611164,-32.042942,PM*,F9VFe-0.5
HD 9769, ,1,35,8.6,-,23,26,50,195,-79,8.517,0.335,2.62,-0.007,3.786,-0.33,109,3.33,1.36,5.0,3.2,6.4,1.13,1.05,1.2,31.5,0.4,0.6,2,886,0.28,8,48,60,2,6.2,1.1,-44,9,-24,8.019,-0.107,7.58,9.54,0.11,0.3,23.785833333333333,-23.447222222222223,-20.089506,-5.3829675,-106.99736,PM*,F5V
HD 9782, ,1,35,26.3,-,13,22,51,162,-73,7.183,0.37,2.604,-0.01,3.772,0.06,36,4.37,0.29,4.6,0.2,7.8,1.08,1.02,1.15,10.9,0.2,0.2,5,3121,0.818,3,240,40,2,27.4,0.9,-39,-19,-2,8.01,-0.035,6.87,8.44,0.1,0.09,23.85958333333333,-13.380833333333333,-10.010235,3.252523,-34.42697,PM*,F9V
HD 9934, ,1,35,41.9,-,55,14,16,290,-61,7.848,0.363,2.601,-0.001,3.77,-0.36,48,4.44,0.64,8.2,4.7,12.3,0.96,0.9,1.02,4.6,0.2,0.2,4,2886,0.67,2,149,189,2,20.8,0.8,-52,6,-18,7.992,-0.042,7.34,9.56,0.13,0.17,23.924583333333334,-55.23777777777778,7.9591007,-21.867455,-41.981747,PM*,F8/G0V
HD 10007, ,1,38,2.3,+,21,53,10,137,-40,7.863,0.327,2.635,0.004,3.793,-0.19,94,3.0,1.4,2.8,2.3,3.6,1.29,1.15,1.39,15.1,0.2,0.3,6,3694,0.719,9,77,-75,1,6.7,0.9,-25,-33,-28,8.053,-0.06,6.42,8.13,0.12,0.34,24.509583333333328,21.88611111111111,-52.66345,49.109455,-60.42203,PM*,F5
HD 10037, ,1,37,41.2,-,25,34,4,207,-80,8.994,0.355,2.594,-0.017,3.774,-0.5,92,4.18,0.92,7.7,4.6,11.4,0.97,0.9,1.03,-20.5,0.3,0.4,2,822,0.425,5,11,-32,2,10.9,1.2,8,-12,20,8.015,-0.09,7.36,8.32,0.06,0.48,24.421666666666663,-25.567777777777778,-14.234396,-7.252788,-90.60231,*,F7V
HD 10039, ,1,37,7.4,-,48,17,27,283,-67,7.908,0.314,2.643,0.009,3.798,-0.33,79,3.41,1.0,3.2,2.7,5.2,1.18,1.1,1.25,33.9,0.3,0.1,2,339,0.72,4,-51,-92,1,12.6,0.8,39,-25,-23,7.993,-0.073,6.29,8.81,0.17,0.27,24.28083333333333,-48.29083333333333,6.9437413,-30.076624,-72.71988,PM*,F6V
HD 10183, ,1,39,43.9,+,3,27,19,146,-57,8.161,0.341,2.648,0.026,3.801,0.03,93,3.2,0.81,2.4,1.9,2.9,1.33,1.27,1.4,-12.8,0.5,0.7,2,53,0.092,6,11,6,1,10.7,1.0,1,-5,13,8.042,-0.079,7.81,8.35,0.03,0.33,24.93291666666666,3.455277777777778,-41.991936,28.323927,-77.99636,*,F6/7V
HD 10195, ,1,42,6.4,+,69,5,9,127,7,7.542,0.365,2.616,0.011,3.77,-0.28,47,4.16,0.85,10.3,5.5,12.2,0.99,0.96,1.05,11.5,0.4,0.6,2,306,0.098,8,183,-8,2,21.1,0.7,-39,-16,8,8.029,0.005,7.0,8.49,0.1,0.23,25.526666666666664,69.08583333333333,-28.074476,37.256077,5.7278595,PM*,F5
HD 10211, ,1,41,0.6,+,49,6,14,131,-13,7.397,0.394,0.0,0.0,3.762,-0.07,73,3.08,1.93,4.2,3.6,4.9,1.25,1.19,1.34,-30.6,0.2,0.1,2,1496,0.785,5,20,-2,2,13.7,1.0,14,-27,7,8.047,-0.016,6.61,8.28,0.11,0.22,25.252499999999998,49.10388888888889,-46.664825,53.681755,-16.421427,*,F8
HD 10506, ,1,42,25.1,-,2,9,37,151,-62,7.956,0.272,2.662,-0.009,3.822,-0.21,96,3.04,0.73,2.0,1.6,2.5,1.32,1.25,1.4,19.1,0.7,0.2,3,1089,0.964,35,92,-34,1,10.4,1.3,-32,-33,-15,8.039,-0.085,6.32,8.2,0.13,0.15,25.604583333333327,-2.1602777777777775,-39.418476,21.850016,-84.76297,PM*,F3V
HD 10556, ,1,44,14.0,+,54,53,11,131,-7,7.261,0.385,0.0,0.0,3.763,-0.18,45,4.01,1.07,9.4,7.9,10.9,1.01,0.98,1.05,3.8,0.2,0.2,2,357,0.632,3,-50,-16,2,22.4,0.9,5,9,-6,8.029,-0.006,7.9,9.1,0.07,0.02,26.05833333333333,54.88638888888889,-29.302597,33.70879,-5.484121,PM*,F8
HD 10647, ,1,42,29.3,-,53,44,26,287,-62,5.52,0.347,2.617,-0.007,3.781,-0.07,17,4.32,0.24,4.8,0.0,7.0,1.07,1.01,1.15,27.5,0.2,0.2,4,2153,0.744,6,171,-105,8,57.6,0.6,-2,-26,-18,7.998,-0.015,6.74,8.03,0.09,0.16,25.62208333333333,-53.74055555555556,2.3334217,-7.6322856,-15.010109,PM*,F9V
HD 10707, ,1,44,25.4,-,11,17,52,164,-70,7.392,0.361,2.632,0.027,3.791,-0.03,70,3.05,1.25,2.7,2.2,3.2,1.32,1.23,1.42,21.6,0.2,0.1,2,766,0.864,10,78,59,2,0.0,0.0,-38,2,-9,8.023,-0.066,7.57,9.01,0.09,0.08,26.105833333333333,-11.297777777777778,-23.01396,6.599147,-65.77848,PM*,F7V
HD 10711, ,1,42,25.8,-,66,50,33,295,-50,7.968,0.369,2.627,0.025,3.787,0.03,132,2.26,2.07,1.9,1.6,2.1,1.6,1.51,1.68,10.5,0.8,0.0,1,0,0.0,14,37,-18,2,7.6,0.7,-9,-26,3,7.964,-0.1,6.74,7.97,0.08,0.18,25.607499999999998,-66.8425,35.85829,-76.89837,-101.11787,*,F8IV/V
HD 10766, ,1,45,49.8,+,26,23,58,138,-35,8.738,0.367,2.654,0.057,3.807,0.2,140,2.76,0.98,1.9,1.5,2.4,1.49,1.41,1.58,5.2,0.3,0.4,2,1116,0.374,4,21,-20,2,6.2,1.1,-11,-13,-11,8.085,-0.08,7.59,8.09,0.03,0.09,26.457499999999996,26.399444444444445,-85.2248,76.73677,-80.300705,*,F8IV
HD 10844, ,1,46,44.8,+,25,55,5,138,-35,8.147,0.395,2.581,-0.006,3.756,-0.23,54,4.49,0.8,12.5,8.1,16.3,0.93,0.86,0.98,-43.5,0.3,0.5,3,1819,0.085,1,-127,-111,2,18.6,1.0,58,-19,-4,8.033,-0.031,6.22,9.51,0.21,0.06,26.686666666666664,25.918055555555558,-32.87242,29.598467,-30.97313,PM*,F8
HD 11007, ,1,48,41.5,+,32,41,24,137,-29,5.791,0.37,2.619,0.025,3.767,-0.46,27,3.61,1.62,7.8,6.9,8.6,1.02,1.0,1.06,-24.3,0.2,0.5,6,792,0.072,4,-154,294,5,36.7,0.7,24,17,40,8.017,-0.013,7.67,10.24,0.14,1.03,27.172916666666666,32.69,-17.270721,16.105207,-13.089859,PM*,F8V
HD 11107, ,1,48,43.0,-,23,52,11,202,-77,7.908,0.294,2.676,0.016,3.818,0.27,115,2.6,0.86,1.5,1.0,2.1,1.56,1.48,1.65,12.1,0.7,0.2,3,1065,0.976,40,57,8,2,5.9,0.9,-29,-17,-4,8.025,-0.112,7.14,8.25,0.07,0.12,27.179166666666667,-23.869722222222222,-23.98566,-9.690838,-112.05256,PM*,F3/5IV
HD 11119, ,1,49,59.0,+,27,27,52,139,-34,8.161,0.269,2.692,0.021,3.836,-0.11,115,2.77,0.63,1.5,1.1,1.8,1.43,1.36,1.51,23.3,1.6,0.9,3,334,0.878,90,-1,-19,1,4.7,0.9,-12,8,-21,8.072,-0.064,8.07,8.94,0.05,0.23,27.49583333333333,27.464444444444442,-71.95351,62.548218,-64.30718,*,F0
HD 11151, ,1,50,57.1,+,51,56,0,132,-10,5.9,0.264,2.669,-0.023,3.83,0.17,45,2.65,0.63,1.3,1.0,1.6,1.62,1.52,1.66,-18.6,0.8,0.3,2,365,0.774,35,40,-115,2,22.4,0.7,4,-26,-18,8.03,-0.008,6.76,8.12,0.09,0.16,27.737916666666667,51.93333333333333,-29.653429,32.933464,-7.814168,PM*,F5IV
HD 11152, ,1,50,29.8,+,38,18,11,135,-23,7.573,0.273,0.0,0.0,3.82,-0.3,70,3.33,0.57,2.3,1.5,2.9,1.26,1.21,1.31,-53.4,0.4,0.0,1,0,0.0,5,66,-92,2,14.2,0.9,21,-62,-1,8.046,-0.028,4.92,8.23,0.25,0.09,27.624166666666667,38.30305555555555,-45.562664,45.562664,-27.35118,PM*,F0
HD 11166, ,1,50,23.9,+,30,48,12,138,-30,7.959,0.347,2.626,0.014,3.782,-0.31,95,3.06,1.7,4.4,3.6,5.2,1.17,1.13,1.24,-7.4,0.5,0.7,2,601,0.063,6,20,-47,2,10.5,1.0,2,-21,-12,8.061,-0.048,7.05,8.14,0.07,0.08,27.59958333333333,30.803333333333335,-61.140312,55.051,-47.5,PM*,F5
HD 11274, ,1,50,28.8,-,12,20,33,169,-70,7.574,0.294,2.652,-0.002,3.807,-0.28,56,3.85,0.32,2.7,0.0,4.2,1.16,1.1,1.21,13.2,0.4,0.1,2,1029,0.9,15,16,-12,2,18.0,1.0,-6,-4,-12,8.019,-0.052,7.95,8.16,0.01,0.09,27.619999999999997,-12.342500000000001,-18.801231,3.6545897,-52.622787,*,F6V
HD 11348, ,1,52,22.3,+,37,25,47,136,-24,6.892,0.289,0.0,0.0,3.813,-0.15,56,3.17,0.75,2.3,1.8,2.8,1.32,1.27,1.37,3.5,0.4,0.1,2,1833,0.897,15,-25,-125,2,18.0,0.8,6,-9,-32,8.037,-0.022,7.57,8.36,0.05,0.41,28.092916666666664,37.42972222222222,-36.800373,35.537716,-22.777252,PM*,F8
HD 11379, ,1,51,14.6,-,30,54,9,233,-76,7.199,0.311,2.636,-0.001,3.798,-0.4,69,2.99,1.48,2.8,2.4,4.5,1.27,1.15,1.35,24.3,0.4,0.5,2,911,0.2,10,204,70,2,14.4,0.9,-69,-28,-9,8.01,-0.067,6.04,9.02,0.2,0.08,27.81083333333333,-30.9025,-10.045867,-13.331311,-66.95041,PM*,F5V
HD 11459, ,1,51,52.2,-,37,2,31,255,-74,7.428,0.343,2.633,0.013,3.785,-0.21,94,2.55,2.05,2.3,2.0,3.2,1.44,1.37,1.52,0.1,0.2,0.1,2,363,0.774,8,21,43,2,10.6,0.8,-20,8,-1,8.007,-0.091,7.95,8.95,0.06,0.14,27.967499999999998,-37.04194444444444,-6.7059784,-25.027058,-90.3586,*,F6V
HD 11474, ,1,53,38.9,+,39,52,59,136,-21,7.734,0.355,0.0,0.0,3.777,-0.2,63,3.74,1.04,6.8,5.0,8.2,1.09,1.04,1.14,74.1,0.3,0.0,1,0,0.0,6,65,29,1,15.9,0.9,-64,40,-15,8.042,-0.023,7.61,12.23,0.23,0.14,28.412083333333328,39.88305555555556,-42.308372,40.85673,-22.57718,PM*,F8
HD 11592, ,1,53,57.6,+,10,36,50,147,-49,6.767,0.314,2.627,-0.004,3.795,-0.47,42,3.67,0.93,3.8,3.1,4.6,1.1,1.04,1.16,-17.1,0.3,0.5,3,427,0.213,7,-185,-285,2,24.0,1.0,58,-22,-30,8.023,-0.032,6.13,9.46,0.21,0.41,28.489999999999995,10.613888888888889,-23.10913,15.007246,-31.697803,PM*,F6
HD 11690, ,1,54,48.2,+,3,23,37,152,-56,7.751,0.324,2.648,0.012,3.795,-0.11,83,3.16,1.12,2.8,2.3,3.4,1.27,1.16,1.36,11.7,0.4,0.3,2,53,0.647,19,94,9,2,0.0,0.0,-35,-17,1,8.041,-0.069,7.03,8.39,0.09,0.15,28.70083333333333,3.393611111111111,-40.980255,21.789589,-68.81012,PM*,F6V
HD 11699, ,1,54,48.4,-,6,35,32,162,-65,8.019,0.329,2.664,0.035,3.811,0.04,92,3.06,0.72,2.0,1.5,2.4,1.38,1.32,1.45,18.4,0.3,0.3,2,236,0.44,13,63,-45,2,10.9,1.1,-18,-29,-17,8.038,-0.083,6.61,8.06,0.1,0.17,28.70166666666666,-6.5922222222222215,-36.977917,12.014854,-83.38031,PM*,F6V
HD 11760, ,1,56,28.3,+,45,58,10,135,-15,7.719,0.332,0.0,0.0,3.79,-0.21,88,3.0,1.49,2.8,2.4,4.4,1.32,1.24,1.39,-43.8,0.3,0.5,2,358,0.197,7,23,-49,1,11.4,0.9,23,-43,-5,8.059,-0.023,5.75,8.32,0.18,0.04,29.117916666666662,45.96944444444445,-60.105118,60.105118,-22.776075,PM*,F8
HD 11907, ,1,57,55.4,+,40,45,38,136,-20,6.868,0.324,0.0,0.0,3.793,-0.24,44,3.64,0.81,3.7,3.0,4.3,1.14,1.07,1.22,-7.8,0.3,0.2,4,1736,0.966,11,125,-87,1,22.6,0.8,-13,-29,-7,8.03,-0.015,6.61,8.03,0.1,0.02,29.48083333333333,40.760555555555555,-29.74216,28.721678,-15.048885,PM*,F5
HD 11963, ,1,57,46.1,+,14,23,20,146,-45,8.007,0.325,2.622,0.006,3.788,-0.6,65,3.94,0.92,5.2,3.3,7.7,1.02,0.97,1.08,63.8,0.2,0.2,3,399,0.875,7,197,75,1,15.4,1.1,-90,2,-15,8.038,-0.046,6.62,10.72,0.24,0.14,29.44208333333333,14.38888888888889,-38.10417,25.701595,-45.96194,PM*,F5
HD 12042, ,1,56,59.9,-,51,45,58,281,-62,6.1,0.324,2.624,0.001,3.789,-0.48,26,4.0,0.74,5.4,3.6,6.1,1.04,1.0,1.09,3.9,0.2,0.1,3,387,0.936,5,348,251,2,38.0,0.6,-53,-9,-4,7.998,-0.023,6.96,9.01,0.13,0.06,29.24958333333333,-51.76611111111111,2.3290632,-11.981999,-22.956636,PM*,F8.5Fe-0.7
HD 12214, ,1,59,25.5,-,23,26,10,203,-74,8.157,0.311,2.628,-0.008,3.798,-0.49,118,2.8,1.75,2.9,2.2,4.6,1.2,1.13,1.34,11.6,0.8,1.2,2,834,0.01,4,94,43,2,7.3,1.0,-57,-16,5,8.03,-0.114,6.7,8.97,0.14,0.23,29.856249999999996,-23.43611111111111,-29.93962,-12.708613,-113.42888,PM*,F2/3V
HD 12273, ,2,0,59.6,+,29,14,18,141,-31,7.709,0.339,2.641,0.017,3.79,-0.12,120,2.3,2.1,2.0,1.7,2.4,1.52,1.42,1.62,4.7,0.4,0.0,1,0,0.0,9,84,-11,2,8.3,1.0,-37,-31,5,8.08,-0.062,6.41,8.32,0.13,0.2,30.24833333333333,29.238333333333333,-79.93729,64.73196,-61.80457,PM*,F5
HD 12277, ,1,59,19.3,-,44,44,31,270,-68,8.548,0.283,2.655,-0.001,3.816,-0.33,197,2.08,1.93,1.8,1.5,2.0,1.53,1.44,1.64,22.2,1.2,2.1,3,1065,0.123,40,53,30,1,4.1,1.0,-55,-20,-15,8.0,-0.182,6.54,8.8,0.15,0.22,29.830416666666665,-44.74194444444444,8.800265e-07,-73.79751,-182.65521,PM*,F3V
HD 12363, ,1,55,50.5,-,78,20,54,299,-38,6.15,0.293,2.661,0.004,3.811,-0.18,41,3.07,0.92,2.4,2.0,2.8,1.34,1.29,1.38,9.0,1.1,1.6,2,1449,0.063,28,102,54,1,24.2,0.5,-17,-15,-8,7.984,-0.026,7.36,8.03,0.04,0.03,28.96041666666666,-78.34833333333333,15.663443,-28.2576,-25.24212,PM*,F5/6IV/V
HD 12371, ,2,0,33.5,-,30,25,27,229,-75,8.904,0.28,2.658,-0.005,3.814,-0.36,122,3.47,0.61,2.6,1.6,3.4,1.2,1.13,1.26,12.5,0.7,0.9,2,1192,0.36,17,-47,-48,2,7.6,1.2,36,-6,-19,8.021,-0.118,7.03,9.23,0.14,0.23,30.13958333333333,-30.424166666666668,-20.715672,-23.830656,-117.84295,PM*,F3V
HD 12413, ,2,2,7.1,+,22,6,14,144,-38,7.208,0.311,2.643,-0.002,3.8,-0.16,54,3.56,0.66,3.2,2.3,3.8,1.21,1.15,1.27,-22.7,0.4,0.5,2,1800,0.31,12,8,-52,1,18.6,0.9,16,-20,5,8.034,-0.033,6.88,8.38,0.1,0.18,30.529583333333328,22.10388888888889,-34.425762,25.01178,-33.24572,PM*,F8V
HD 12414, ,2,1,52.4,+,7,51,51,151,-51,7.063,0.319,2.623,-0.007,3.792,-0.46,47,3.72,0.94,4.0,3.0,7.1,1.09,1.03,1.15,16.0,0.7,1.0,2,308,0.013,6,122,-49,1,21.4,0.8,-24,-20,-11,8.026,-0.036,7.05,8.14,0.07,0.07,30.468333333333327,7.864166666666667,-25.869553,14.3397255,-36.52586,PM*,F2
HD 12436, ,2,2,39.3,+,33,45,47,139,-27,7.788,0.354,0.0,0.0,3.778,-0.26,78,3.32,1.49,5.2,4.4,6.2,1.15,1.09,1.23,1.6,0.4,0.5,2,601,0.164,3,37,-24,1,12.8,0.9,-10,-12,-4,8.053,-0.035,7.62,8.05,0.03,0.05,30.663749999999993,33.76305555555555,-52.4512,45.595123,-35.41126,*,F8
HD 12460, ,2,1,54.0,-,11,49,18,174,-67,8.046,0.331,2.653,0.025,3.806,0.01,133,2.31,1.61,1.7,1.5,2.0,1.57,1.48,1.67,0.6,0.3,0.2,2,648,0.683,17,0,-19,2,7.5,0.9,7,-9,-4,8.051,-0.123,7.53,8.36,0.05,0.13,30.474999999999998,-11.821666666666667,-51.68257,5.4320583,-122.42714,*,F5V
HD 12482, ,2,4,16.6,+,60,14,39,132,-1,7.356,0.355,0.0,0.0,3.776,-0.3,45,4.09,0.8,6.4,4.5,10.7,1.01,0.97,1.08,-0.3,0.5,0.0,1,0,0.0,5,-23,-61,2,22.2,0.9,1,0,-14,8.03,-0.001,7.89,8.54,0.04,0.1,31.069166666666668,60.244166666666665,-30.106297,33.43642,-0.78535825,PM*,F6IV
HD 12569, ,2,5,6.9,+,60,20,43,132,-1,7.512,0.365,0.0,0.0,3.774,-0.12,67,3.39,1.38,5.2,4.4,6.1,1.17,1.11,1.26,-19.1,0.2,0.2,2,357,0.493,6,-2,-160,2,15.0,0.9,3,-24,-48,8.045,-0.001,6.97,8.14,0.08,0.79,31.27875,60.34527777777778,-44.824932,49.78312,-1.1693112,PM*,F7IV
HD 12600, ,2,2,30.3,-,40,31,12,260,-70,7.863,0.316,2.629,-0.013,3.799,-0.08,73,3.55,0.61,3.0,2.1,3.7,1.24,1.17,1.29,18.4,0.2,0.3,4,1034,0.672,6,-35,-7,1,13.7,0.9,9,0,-20,8.004,-0.069,7.7,8.69,0.06,0.21,30.626249999999995,-40.519999999999996,-4.335555,-24.588161,-68.597565,*,F6V
HD 12640, ,2,4,0.1,+,8,5,41,152,-51,7.193,0.332,2.657,0.03,3.808,0.03,98,2.11,1.75,1.5,1.3,1.8,1.67,1.58,1.75,26.8,0.3,0.4,2,53,0.308,7,37,-46,2,10.2,0.9,-19,-18,-28,8.055,-0.076,7.26,8.11,0.05,0.34,31.00041666666667,8.094722222222222,-54.454376,28.953907,-76.16031,PM*,F5
HD 12680, ,2,1,50.1,-,63,37,21,290,-52,6.883,0.353,2.627,0.009,3.783,-0.04,72,2.58,1.91,2.2,2.0,2.4,1.52,1.46,1.56,31.0,0.2,0.1,2,1449,0.724,7,40,39,2,13.8,0.5,-12,-19,-28,7.984,-0.057,7.16,7.99,0.05,0.33,30.45875,-63.6225,15.160938,-41.654346,-56.736774,PM*,F8IV
HD 12681, ,1,56,37.7,-,81,29,57,300,-35,6.928,0.245,2.697,0.003,3.839,-0.04,73,2.61,0.67,1.4,1.0,1.7,1.52,1.48,1.57,7.5,0.3,0.2,2,471,0.666,13,66,24,1,13.7,0.6,-19,-17,-5,7.97,-0.042,7.22,8.02,0.05,0.05,29.15708333333333,-81.49916666666667,29.899044,-51.786674,-41.871082,PM*,F3IV/V
HD 12741, ,2,6,10.4,+,46,51,35,136,-14,7.425,0.385,2.587,0.006,3.758,-0.66,71,3.16,2.39,5.9,4.9,7.0,1.08,1.04,1.12,-23.7,0.4,0.6,2,333,0.147,2,15,-42,2,14.0,0.9,12,-25,-6,8.05,-0.017,6.74,8.27,0.1,0.02,31.54333333333333,46.859722222222224,-49.556034,47.855717,-17.176455,*,F8
HD 12745, ,2,4,30.3,-,16,13,1,184,-70,7.5,0.299,2.637,-0.012,3.806,-0.2,74,3.15,0.97,2.6,2.2,3.0,1.29,1.23,1.35,-8.6,0.3,0.7,4,1474,0.014,6,-44,-71,2,13.5,1.0,29,-9,-1,8.025,-0.07,7.05,8.93,0.12,0.11,31.12625,-16.216944444444444,-25.24784,-1.7654991,-69.537254,PM*,F5V
HD 12800, ,2,9,8.2,+,71,33,7,129,10,6.587,0.351,0.0,0.0,3.777,-0.22,27,4.4,0.39,6.5,1.9,9.3,1.01,0.96,1.08,0.6,0.2,0.1,4,2574,0.969,3,307,-239,1,36.6,0.6,-39,-27,-17,8.017,0.005,6.51,8.33,0.12,0.15,32.28416666666666,71.55194444444444,-16.733507,20.664165,4.688501,PM*,F8
HD 12951, ,2,0,57.1,-,78,52,13,299,-38,6.849,0.358,2.598,-0.016,3.774,-0.36,46,3.55,1.44,6.8,5.8,7.6,1.08,1.04,1.12,30.5,0.1,0.3,6,2574,0.572,6,121,-58,2,21.9,0.5,-1,-42,-3,7.983,-0.028,5.91,8.01,0.15,0.06,30.237916666666663,-78.87027777777777,17.57362,-31.70365,-28.320429,PM*,F8/G0V
HD 12979, ,2,5,35.4,-,51,59,28,279,-62,7.466,0.291,2.657,0.003,3.811,-0.29,88,2.75,1.34,2.3,2.0,2.5,1.39,1.33,1.44,-3.7,0.3,0.4,3,4003,0.555,17,38,26,2,11.4,0.7,-19,-2,4,7.994,-0.077,7.87,8.37,0.03,0.19,31.397499999999997,-51.99111111111111,6.4628587,-40.804863,-77.69939,*,F5/6V
HD 13026, ,2,7,37.5,+,8,50,46,153,-50,7.838,0.329,2.623,-0.012,3.791,-0.39,114,2.55,2.07,2.6,2.1,4.0,1.36,1.18,1.46,13.5,0.4,0.5,2,53,0.249,10,21,23,2,8.4,1.2,-21,6,0,8.066,-0.087,7.98,8.88,0.05,0.15,31.906249999999993,8.846111111111112,-65.290985,33.267426,-87.32906,*,F5
HD 13076, ,2,9,11.3,+,45,50,26,137,-15,7.591,0.3,0.0,0.0,3.807,-0.25,119,2.21,1.93,1.9,1.6,2.1,1.53,1.44,1.62,-13.6,1.1,1.5,2,358,0.304,45,-15,8,2,8.4,0.9,16,-2,5,8.084,-0.031,7.59,8.89,0.08,0.19,32.29708333333333,45.84055555555556,-84.06558,78.39242,-30.799467,*,F5
HD 13131, ,2,7,59.9,-,21,20,51,199,-72,7.986,0.306,2.649,0.002,3.802,-0.2,71,3.73,0.48,3.1,1.7,4.2,1.18,1.11,1.24,13.2,0.4,0.2,2,814,0.648,13,103,13,2,14.1,1.0,-32,-20,-2,8.021,-0.067,6.94,8.26,0.09,0.11,31.999583333333334,-21.3475,-20.744871,-7.1430297,-67.52502,PM*,F5/6V
HD 13133, ,2,6,59.9,-,50,38,17,277,-62,8.362,0.315,2.638,0.025,3.806,-0.62,93,3.4,1.08,3.2,2.5,5.0,1.14,1.07,1.2,31.0,0.2,0.1,3,361,0.929,5,29,92,2,10.7,0.8,-37,4,-38,7.995,-0.083,7.61,9.12,0.09,0.57,31.749583333333334,-50.63805555555555,5.320912,-43.335423,-82.11412,PM*,F5V
HD 13201, ,2,9,23.1,+,17,13,27,148,-42,6.36,0.296,2.637,-0.016,3.806,-0.26,39,3.39,0.78,3.0,2.3,3.5,1.23,1.17,1.28,8.5,0.4,0.2,2,1841,0.754,11,137,-184,1,25.5,1.1,-13,-36,-21,8.025,-0.026,6.29,8.03,0.12,0.22,32.34624999999999,17.224166666666665,-24.578676,15.358466,-26.096094,PM*,F5V
HD 13228, ,2,9,9.1,-,2,19,55,163,-59,7.136,0.324,2.626,-0.008,3.793,-0.27,68,2.97,1.5,2.8,2.4,4.4,1.32,1.22,1.38,-12.9,0.2,0.1,2,388,0.715,6,-91,-46,1,14.7,1.0,35,6,-4,8.034,-0.058,7.33,9.7,0.14,0.08,32.28791666666666,-2.3319444444444444,-33.492268,10.239619,-58.287376,PM*,F5V
HD 13239, ,2,8,55.3,-,16,0,34,185,-69,8.022,0.272,2.667,0.006,3.819,-0.54,82,3.45,0.68,2.6,1.5,3.3,1.19,1.13,1.24,24.4,0.5,0.7,2,1299,0.294,13,10,19,2,12.2,1.1,-16,2,-20,8.029,-0.076,7.99,8.57,0.04,0.22,32.23041666666666,-16.009444444444444,-29.274353,-2.5611758,-76.55359,*,F2V
HD 13289, ,2,8,54.3,-,35,47,31,245,-71,8.278,0.342,2.63,0.011,3.788,-0.18,153,2.35,2.16,2.2,1.8,2.7,1.46,1.38,1.57,16.9,0.4,0.3,2,1385,0.593,17,33,19,2,5.6,1.0,-29,-10,-10,8.02,-0.145,7.42,8.37,0.06,0.16,32.22624999999999,-35.79194444444444,-21.051424,-45.144936,-144.66434,*,F5V
HD 13364, ,2,11,9.3,+,23,13,0,146,-36,8.332,0.285,2.666,0.006,3.812,-0.35,81,3.8,0.32,2.3,0.0,3.8,1.16,1.1,1.22,-21.5,3.3,4.7,2,1800,0.041,50,-59,-31,1,12.4,1.2,33,-2,-3,8.054,-0.048,7.19,9.32,0.13,0.08,32.78874999999999,23.216666666666665,-54.32714,36.64413,-47.610603,PM*,F5IV
HD 13456, ,2,11,22.2,-,10,3,7,175,-65,6.0,0.266,2.668,-0.01,3.825,-0.16,50,2.51,1.15,1.8,1.5,2.0,1.5,1.46,1.55,15.1,0.3,0.2,2,1136,0.591,9,-26,-172,2,20.0,0.9,21,-27,-28,8.021,-0.045,6.53,8.38,0.12,0.34,32.842499999999994,-10.051944444444445,-21.050503,1.8416831,-45.315388,PM*,F3V
HD 13540, ,2,14,55.0,+,66,19,15,131,5,7.18,0.307,2.629,-0.002,3.798,-0.62,56,3.43,1.22,5.1,3.0,6.1,1.09,1.05,1.19,22.8,0.5,0.8,3,710,0.057,5,-40,-5,2,17.8,0.7,-8,24,-3,8.037,0.005,8.03,10.05,0.11,0.07,33.729166666666664,66.32083333333333,-36.5995,42.102917,4.880721,*,F5
HD 13609, ,2,13,37.4,+,31,55,8,143,-28,8.295,0.332,2.64,0.027,3.805,-0.27,149,2.31,1.89,2.0,1.7,2.4,1.48,1.38,1.58,17.5,1.9,3.2,3,2138,0.074,40,61,-34,2,5.3,1.0,-39,-31,-14,8.105,-0.069,6.38,8.39,0.14,0.13,33.405833333333334,31.91888888888889,-105.067825,79.17431,-69.95126,PM*,F5
HD 13704, ,2,14,20.1,+,30,43,29,143,-29,7.389,0.231,2.706,0.003,3.85,0.06,132,1.79,1.24,1.0,0.9,1.1,1.77,1.66,1.89,-3.7,1.0,2.0,4,1211,0.276,70,-29,-31,2,6.4,0.9,18,-1,-20,8.093,-0.064,7.58,9.0,0.09,0.21,33.58375,30.72472222222222,-92.20231,69.47944,-63.99487,*,F0
HD 13722, ,2,13,19.1,-,14,54,27,184,-67,7.657,0.227,2.702,-0.004,3.849,-0.1,112,2.4,0.78,1.2,1.0,1.5,1.55,1.48,1.62,19.0,0.6,1.8,11,791,0.106,50,0,-4,2,8.9,0.9,-6,-2,-18,8.043,-0.104,8.02,8.32,0.02,0.2,33.32958333333333,-14.9075,-43.655293,-3.0526724,-103.09654,*,F0V
HD 13727, ,2,14,39.8,+,33,18,56,142,-26,8.647,0.326,2.677,0.061,3.833,0.01,301,0.99,2.36,0.9,0.8,1.0,2.05,1.92,2.16,18.4,4.7,6.7,2,360,0.18,17,1,-11,2,5.5,1.2,-12,1,-21,8.213,-0.134,8.21,8.63,0.03,0.26,33.66583333333333,33.315555555555555,-213.18608,166.55922,-131.94972,*,F5
HD 13829, ,2,17,25.6,+,65,15,43,132,4,7.617,0.36,0.0,0.0,3.774,-0.08,44,4.38,0.36,5.6,1.3,8.8,1.04,0.98,1.11,-11.9,0.2,0.1,3,821,0.952,3,-37,-14,2,22.5,0.9,13,-4,-6,8.03,0.003,7.54,8.63,0.07,0.01,34.35666666666666,65.26194444444444,-29.370031,32.618717,3.0692847,*,F8
HD 13847, ,2,14,19.4,-,27,54,27,220,-72,7.678,0.301,2.638,-0.002,3.803,-0.57,91,2.88,1.62,3.8,2.3,4.4,1.21,1.14,1.34,0.1,0.3,0.1,3,120,0.98,13,63,-84,2,11.0,0.8,5,-44,7,8.022,-0.086,5.81,8.08,0.16,0.23,33.58083333333333,-27.9075,-21.541588,-18.075537,-86.54614,PM*,F5V
HD 13871, ,2,15,46.0,+,25,46,58,146,-33,5.79,0.288,2.655,-0.014,3.817,0.1,40,2.77,0.83,1.7,1.4,2.0,1.49,1.46,1.53,25.4,0.3,0.3,2,447,0.369,9,177,-66,1,24.9,0.9,-38,-17,-13,8.028,-0.022,6.96,8.45,0.1,0.09,33.94166666666666,25.782777777777778,-27.811573,18.759148,-21.785563,PM*,F6III-IV
HD 13908, ,2,18,14.5,+,65,35,39,132,4,7.52,0.345,0.0,0.0,3.782,-0.27,67,3.39,1.33,5.3,4.6,6.2,1.14,1.09,1.21,16.1,0.3,0.4,2,604,0.239,4,22,-40,2,14.9,0.9,-19,5,-8,8.045,0.005,7.98,8.81,0.05,0.02,34.56041666666666,65.59416666666667,-44.72255,49.66941,4.6736836,*,F8
HD 13914, ,2,15,55.8,+,15,49,8,151,-42,8.071,0.319,2.644,0.01,3.796,-0.25,102,3.03,1.36,2.9,2.3,4.4,1.22,1.13,1.36,-16.2,0.8,1.1,2,607,0.024,12,-25,-58,1,7.7,1.3,28,-17,-11,8.066,-0.069,6.84,8.74,0.12,0.1,33.982499999999995,15.818888888888889,-66.29685,36.74894,-68.25132,PM*,F8
HD 14119, ,2,16,1.7,-,36,28,18,246,-70,7.502,0.336,2.646,0.021,3.797,-0.12,48,4.0,0.25,2.7,0.0,4.7,1.15,1.09,1.21,19.0,0.3,0.1,2,1385,0.797,8,82,-120,2,20.8,0.9,3,-37,-9,8.007,-0.045,6.16,8.06,0.13,0.05,34.00708333333333,-36.47166666666667,-6.677382,-14.997645,-45.105247,PM*,F6V
HD 14196, ,2,16,2.8,-,52,53,19,277,-60,7.139,0.301,2.661,0.017,3.805,-0.38,89,2.39,1.91,2.0,1.9,2.2,1.46,1.41,1.52,2.3,0.9,0.4,2,650,0.717,30,-27,8,2,11.2,0.7,5,8,-7,7.994,-0.077,7.86,9.04,0.07,0.08,34.01166666666666,-52.88861111111111,5.423177,-44.1683,-77.07626,*,F3V
HD 14285, ,2,18,3.7,-,23,37,40,208,-70,7.244,0.242,2.694,-0.001,3.842,-0.02,102,2.2,1.02,1.2,1.0,1.5,1.62,1.55,1.71,7.1,2.1,3.6,3,368,0.312,90,7,-14,2,9.8,0.9,0,-8,-6,8.031,-0.096,7.69,8.2,0.03,0.1,34.51541666666666,-23.62777777777778,-30.802559,-16.37801,-95.84865,*,F2V
HD 14294, ,2,17,59.2,-,28,22,23,222,-71,8.253,0.313,2.637,-0.001,3.796,-0.3,75,3.87,0.56,3.7,2.2,5.3,1.11,1.05,1.18,-11.0,0.2,0.2,4,358,0.905,9,-9,-7,2,13.3,0.9,7,2,9,8.018,-0.071,7.8,8.78,0.06,0.27,34.496666666666655,-28.373055555555556,-18.145823,-16.33857,-70.913895,*,F5V
HD 14305, ,2,19,8.7,+,19,41,15,150,-39,6.824,0.36,2.609,-0.001,3.773,-0.27,34,4.19,0.74,7.0,4.9,11.4,1.0,0.96,1.06,2.9,0.2,0.1,2,346,0.934,5,-21,-127,1,29.7,0.9,6,-10,-17,8.023,-0.021,7.5,8.3,0.05,0.15,34.78624999999999,19.6875,-22.882957,13.211484,-21.396893,PM*,F8
HD 14338, ,2,18,51.6,-,7,27,29,173,-61,7.667,0.279,2.673,0.008,3.817,-0.26,93,2.83,1.1,2.2,1.9,2.5,1.35,1.27,1.43,6.0,0.3,0.1,2,1199,0.845,10,-38,-17,2,10.8,1.2,12,6,-13,8.044,-0.081,7.77,9.1,0.08,0.13,34.714999999999996,-7.458055555555556,-44.751217,5.4947557,-81.33964,*,F3IV/V
HD 14348, ,2,19,52.9,+,31,20,14,144,-28,7.188,0.372,2.619,0.012,3.772,-0.09,62,3.22,1.57,4.5,4.1,5.2,1.21,1.17,1.29,-3.7,0.3,0.6,3,3242,0.11,5,122,-92,2,16.1,0.9,-18,-40,-8,8.045,-0.029,6.04,8.06,0.14,0.03,34.97041666666666,31.33722222222222,-44.287815,32.17698,-29.107237,PM*,F5
HD 14379, ,2,16,44.2,-,63,23,32,288,-51,7.794,0.326,2.624,-0.006,3.79,-0.29,60,3.92,0.64,4.4,2.9,6.0,1.08,1.03,1.15,10.6,0.4,0.5,2,915,0.148,8,18,59,2,16.8,0.6,-13,-1,-15,7.989,-0.046,7.97,8.26,0.02,0.13,34.18416666666666,-63.39222222222222,11.668246,-35.911156,-46.628757,PM*,F7V
HD 14414, ,2,22,26.7,+,65,14,31,132,4,7.184,0.388,2.612,0.028,3.776,-0.25,111,1.83,3.01,1.7,1.5,2.1,1.65,1.64,1.66,6.0,0.4,0.1,2,304,0.961,22,24,-24,2,9.0,0.8,-16,-6,-7,8.075,0.008,7.89,8.2,0.02,0.01,35.61125,65.24194444444444,-74.09258,82.28813,7.742968,*,F8V
HD 14448, ,2,19,39.5,-,12,45,41,182,-65,8.858,0.357,2.621,0.014,3.778,-0.27,161,2.82,2.0,3.9,2.8,5.0,1.19,1.12,1.39,24.9,0.2,0.4,3,1148,0.505,3,47,-27,2,5.5,1.2,-24,-39,-16,8.068,-0.146,6.12,8.13,0.14,0.2,34.914583333333326,-12.761388888888888,-68.00009,-2.3746078,-145.91554,PM*,F8/G0V
HD 14552, ,2,23,30.9,+,61,46,25,134,1,8.726,0.289,0.0,0.0,3.811,-0.19,105,3.61,0.39,2.4,0.7,3.3,1.22,1.15,1.28,-9.1,1.5,1.5,2,2118,0.482,30,42,-31,2,9.5,1.1,-12,-24,-8,8.073,0.002,6.96,8.07,0.07,0.01,35.87874999999999,61.77361111111111,-72.92801,75.51918,1.8325026,*,F5V
HD 14642, ,2,19,25.2,-,61,56,17,286,-52,7.733,0.32,2.629,-0.002,3.793,-0.39,69,3.54,1.04,3.6,2.9,6.5,1.11,1.05,1.2,-30.5,0.2,0.3,3,357,0.539,8,156,158,2,14.5,0.6,-76,10,16,7.988,-0.055,6.99,10.62,0.21,0.47,34.855,-61.93805555555555,11.709247,-40.83502,-54.37274,PM*,F6/7V
HD 14701, ,2,21,22.8,-,37,0,28,246,-69,8.646,0.33,2.65,0.015,3.791,-0.06,104,3.56,0.76,3.2,2.4,4.4,1.19,1.12,1.27,22.0,0.3,0.4,2,1383,0.326,7,114,-25,2,9.6,1.2,-33,-52,0,8.015,-0.097,5.39,8.12,0.2,0.15,35.345,-37.007777777777775,-15.159185,-34.048084,-97.09236,PM*,F6V
HD 14705, ,2,19,50.0,-,63,32,41,288,-51,8.79,0.328,2.637,0.018,3.787,-0.51,116,3.46,1.35,5.6,4.3,7.0,1.08,1.02,1.14,24.4,0.2,0.3,3,357,0.594,4,19,29,2,8.6,0.8,-14,-14,-24,7.978,-0.09,7.47,8.0,0.03,0.27,34.95833333333332,-63.54472222222222,22.55861,-69.42823,-90.14893,*,F7V
HD 14727, ,2,22,33.0,-,0,30,18,166,-56,7.923,0.331,2.634,0.004,3.793,-0.08,123,2.47,1.83,2.2,1.8,2.5,1.47,1.39,1.58,2.1,1.0,1.5,2,234,0.235,40,-9,-19,1,5.8,1.1,8,-5,-8,8.068,-0.101,7.68,8.53,0.05,0.11,35.637499999999996,-0.505,-66.73764,16.63956,-101.97163,*,F5V
HD 14745, ,2,20,53.8,-,52,57,49,276,-59,7.775,0.331,2.625,-0.001,3.787,-0.27,54,4.11,0.5,5.1,2.5,7.0,1.06,1.01,1.12,-1.5,0.2,0.3,4,871,0.465,4,-92,-6,2,18.5,0.7,17,15,-6,7.997,-0.046,7.74,9.71,0.11,0.05,35.22416666666667,-52.96361111111111,2.9071486,-27.659698,-46.287033,PM*,F8V
HD 14836, ,2,27,54.8,+,73,42,45,130,12,7.267,0.22,0.0,0.0,3.854,-0.08,116,1.94,1.15,1.1,1.0,1.3,1.71,1.63,1.78,64.3,0.4,0.3,4,12,0.955,11,79,-43,1,8.6,0.7,-79,18,8,8.073,0.024,7.16,11.22,0.22,0.27,36.97833333333333,73.7125,-72.93398,86.91933,24.117758,PM*,F0
HD 14847, ,2,22,17.0,-,46,28,4,266,-64,9.162,0.338,2.627,0.009,3.788,-0.25,214,2.51,2.06,2.4,2.0,3.4,1.42,1.33,1.5,2.6,0.3,0.2,2,773,0.618,4,-6,-15,1,6.8,1.0,16,-7,0,8.006,-0.192,7.39,8.62,0.08,0.23,35.570833333333326,-46.467777777777776,-6.5439606,-93.58291,-192.34193,*,F7V
HD 14907, ,2,24,9.4,-,7,24,20,175,-60,8.057,0.322,2.631,0.001,3.792,-0.34,62,4.09,0.47,4.3,1.1,6.4,1.07,1.01,1.13,22.4,0.9,0.5,2,1195,0.681,28,-7,-23,2,16.1,1.0,-6,-2,-23,8.031,-0.054,7.99,8.26,0.02,0.24,36.03916666666666,-7.405555555555556,-30.882032,2.7018318,-53.693577,*,F5V
HD 15029, ,2,25,33.9,+,11,58,16,156,-45,7.359,0.331,2.618,-0.005,3.787,-0.43,66,3.25,1.5,4.9,4.2,5.8,1.14,1.09,1.2,-8.7,0.2,0.1,4,4637,0.963,7,-122,-281,1,15.1,0.9,63,-39,-62,8.043,-0.047,5.58,9.28,0.25,1.35,36.39124999999999,11.971111111111112,-42.6343,18.98201,-46.66905,PM*,F5
HD 15047, ,2,24,45.6,-,28,39,5,223,-69,7.905,0.303,2.659,0.01,3.805,-0.21,85,3.26,0.89,2.8,2.2,3.2,1.26,1.19,1.32,25.2,0.2,0.1,2,646,0.803,8,124,-37,2,11.8,1.0,-30,-49,-6,8.022,-0.079,5.56,8.11,0.19,0.08,36.18999999999999,-28.65138888888889,-22.277971,-20.77454,-79.35433,PM*,F6V
HD 15048, ,2,24,26.1,-,37,21,41,246,-68,6.941,0.32,2.618,-0.03,3.796,-0.24,74,2.61,1.77,2.3,2.1,2.5,1.44,1.38,1.49,2.5,0.3,0.5,3,1149,0.169,14,-40,-40,2,13.6,0.7,19,-1,-6,8.011,-0.068,7.47,8.9,0.09,0.08,36.10874999999999,-37.36138888888889,-11.275103,-25.324295,-68.6116,PM*,F5V
HD 15060, ,2,23,35.5,-,55,37,0,279,-57,7.019,0.316,2.635,-0.001,3.798,-0.23,77,2.59,1.73,2.2,2.0,2.4,1.45,1.4,1.5,5.8,0.2,0.1,2,650,0.841,6,39,70,2,13.0,0.5,-28,2,-10,7.993,-0.065,7.75,8.72,0.06,0.08,35.89791666666667,-55.61666666666667,6.560427,-41.420887,-64.57763,PM*,F5V
HD 15097, ,2,25,24.2,-,21,48,36,204,-68,7.679,0.341,2.619,-0.006,3.784,-0.29,84,3.06,1.64,4.3,3.7,5.0,1.18,1.13,1.3,6.6,0.2,0.3,2,646,0.348,7,-18,-67,2,11.9,1.0,20,-16,-12,8.029,-0.078,6.98,8.51,0.1,0.12,36.35083333333333,-21.810000000000002,-28.746496,-12.79876,-77.88344,PM*,F6V
HD 15209, ,2,28,33.9,+,48,17,39,139,-12,7.807,0.332,0.0,0.0,3.791,-0.16,125,2.32,2.1,2.1,1.8,2.5,1.49,1.41,1.6,-8.4,0.4,0.5,2,604,0.347,15,56,-4,2,8.0,0.9,-16,-28,11,8.093,-0.025,6.75,8.11,0.09,0.29,37.14125,48.29416666666666,-92.27718,80.21532,-25.988962,PM*,F8
HD 15228, ,2,27,23.3,+,10,11,53,158,-46,6.451,0.304,2.645,-0.001,3.802,-0.28,36,3.65,0.63,3.5,2.4,4.2,1.17,1.1,1.22,-39.5,0.4,0.1,2,1460,0.974,10,-296,-203,1,27.5,0.9,73,-2,-11,8.023,-0.026,6.46,10.62,0.24,0.07,36.84708333333334,10.198055555555555,-23.186737,9.3680525,-25.896233,PM*,F5V
HD 15272, ,2,27,50.4,+,12,57,26,156,-44,8.295,0.344,2.639,0.019,3.784,-0.22,108,3.14,1.49,4.5,2.8,5.6,1.17,1.11,1.26,4.1,0.3,0.2,2,607,0.675,10,1,-28,2,9.3,1.2,2,-9,-12,8.071,-0.074,7.65,8.27,0.04,0.1,36.959999999999994,12.95722222222222,-70.97216,31.598835,-75.02311,*,F8
HD 15326, ,2,28,45.7,+,29,41,13,147,-29,7.503,0.35,2.635,0.018,3.781,-0.2,69,3.29,1.39,4.8,4.1,5.7,1.17,1.13,1.26,-14.9,0.3,0.1,2,636,0.961,7,83,-6,2,14.4,1.0,-7,-26,15,8.051,-0.033,6.84,8.06,0.08,0.36,37.190416666666664,29.686944444444446,-50.61273,32.868294,-33.451862,PM*,F8V
HD 15381, ,2,32,23.5,+,70,7,37,131,9,8.068,0.236,0.0,0.0,3.842,-0.19,108,2.91,0.46,1.4,0.8,1.9,1.4,1.34,1.47,14.9,0.8,0.6,2,765,0.583,28,78,-59,2,9.3,0.9,-47,-19,-10,8.07,0.017,6.77,8.68,0.12,0.05,38.09791666666666,70.12694444444443,-69.98203,80.505135,16.894924,PM*,F5
HD 15382, ,2,31,3.0,+,60,42,41,135,0,8.065,0.279,0.0,0.0,3.816,-0.26,92,3.25,0.7,2.4,1.8,3.0,1.27,1.21,1.33,14.8,1.2,1.2,2,2525,0.489,55,74,-22,2,10.9,0.9,-34,-13,3,8.065,0.0,7.24,8.47,0.08,0.16,37.762499999999996,60.71138888888889,-65.053825,65.053825,0.0,PM*,F5IV
HD 15387, ,2,28,57.1,+,12,0,12,157,-44,7.988,0.312,2.653,0.004,3.803,0.02,94,3.12,0.86,2.3,1.8,2.8,1.33,1.26,1.41,26.3,0.6,0.8,2,607,0.068,6,85,-2,1,0.0,0.0,-42,-18,-5,8.062,-0.066,6.89,8.57,0.11,0.08,37.23791666666666,12.003333333333334,-62.242645,26.420437,-65.29789,PM*,F5
HD 15394, ,2,27,42.3,-,33,53,47,237,-68,7.596,0.343,2.613,-0.01,3.782,-0.18,51,4.05,0.59,5.2,3.1,7.2,1.07,1.02,1.13,12.3,0.5,0.1,2,1380,0.862,21,20,5,2,19.5,0.9,-7,-6,-10,8.01,-0.048,7.91,8.07,0.01,0.06,36.92625,-33.896388888888886,-10.405296,-16.022749,-47.286373,*,F7V
HD 15398, ,2,29,17.5,+,21,35,37,151,-36,8.008,0.354,2.63,0.025,3.793,-0.15,102,2.86,1.5,2.5,2.2,3.1,1.36,1.26,1.45,-6.0,0.3,0.2,2,359,0.593,7,102,-39,1,9.8,1.2,-24,-47,8,8.073,-0.06,5.74,8.12,0.17,0.25,37.322916666666664,21.59361111111111,-72.17339,40.00636,-59.954094,PM*,F5
HD 15456, ,2,28,51.6,-,18,37,8,197,-66,8.062,0.346,2.623,0.008,3.782,-0.24,85,3.4,1.3,5.2,3.6,6.5,1.14,1.07,1.22,-0.4,0.2,0.4,2,646,0.263,7,-37,8,2,11.7,1.1,8,12,-5,8.033,-0.078,7.89,9.39,0.09,0.09,37.215,-18.61888888888889,-33.061954,-10.108056,-77.65137,*,F7V
HD 15481, ,2,28,14.3,-,42,25,29,257,-65,8.213,0.301,2.66,0.012,3.803,-0.34,78,3.77,0.54,3.4,1.8,4.4,1.14,1.08,1.2,8.0,0.8,1.2,2,1379,0.2,20,-20,-44,2,12.9,0.8,16,-9,-7,8.007,-0.07,7.31,8.56,0.08,0.07,37.05958333333333,-42.42472222222222,-7.4153414,-32.119354,-70.692,*,F5/6V
HD 15494, ,2,29,7.0,-,19,17,18,199,-66,7.977,0.309,2.658,0.012,3.804,-0.13,118,2.62,1.48,2.1,1.8,2.5,1.44,1.36,1.52,1.1,0.2,0.1,2,646,0.828,10,0,-53,2,8.5,1.0,19,-22,-6,8.045,-0.108,6.74,8.4,0.11,0.11,37.27916666666666,-19.288333333333334,-45.38009,-15.625612,-107.79837,PM*,F7V
HD 15563, ,2,30,43.3,+,21,1,51,152,-36,8.22,0.349,2.636,0.014,3.781,-0.11,62,4.25,0.35,4.6,0.4,7.4,1.07,1.01,1.14,2.7,0.3,0.1,2,1800,0.783,4,97,-127,1,16.1,1.2,-12,-42,-18,8.044,-0.037,5.97,8.05,0.15,0.16,37.680416666666666,21.030833333333334,-44.287815,23.54825,-36.442684,PM*,F5
HD 15579, ,2,31,54.1,+,46,35,7,140,-13,7.012,0.229,0.0,0.0,3.851,0.02,116,1.68,1.37,1.0,0.9,1.1,1.82,1.73,1.92,30.2,1.4,1.7,3,1002,0.544,80,85,-33,1,8.6,0.9,-55,-20,-6,8.087,-0.026,6.63,8.89,0.15,0.04,37.97541666666666,46.58527777777778,-86.58365,72.652306,-26.09432,PM*,F2
HD 15784, ,2,35,43.8,+,68,22,3,132,7,6.631,0.258,0.0,0.0,3.843,0.2,154,0.7,2.33,0.8,0.6,0.9,2.26,2.22,2.39,1.7,0.4,0.5,2,308,0.266,17,44,-20,2,6.5,0.6,-27,-22,0,8.103,0.02,6.95,8.25,0.09,0.1,38.9325,68.36749999999999,-102.27804,113.59125,18.76788,*,F5II-III
HD 15901, ,2,28,55.3,-,72,31,56,293,-43,8.95,0.363,2.616,0.015,3.771,-0.43,100,3.95,1.16,8.4,5.8,11.2,0.99,0.94,1.04,44.4,0.2,0.1,2,650,0.855,4,-69,7,2,0.0,0.0,31,-7,-45,7.971,-0.068,7.06,9.07,0.12,0.75,37.23041666666666,-72.53222222222222,28.576271,-67.32146,-68.19983,PM*,F8V
HD 15902, ,2,34,49.8,+,45,55,15,141,-13,8.162,0.308,2.634,-0.003,3.798,-0.46,86,3.49,1.03,3.5,2.6,5.5,1.11,1.05,1.19,34.6,0.3,0.4,2,321,0.375,6,42,23,2,0.0,0.0,-36,14,7,8.065,-0.02,7.82,9.73,0.11,0.24,38.70749999999999,45.920833333333334,-65.121574,52.73443,-19.345789,*,F5
HD 16067, ,2,37,52.9,+,65,19,7,134,5,7.504,0.366,2.615,0.012,3.772,-0.39,78,3.06,2.0,4.6,4.0,5.3,1.16,1.13,1.23,-20.7,0.3,0.3,2,604,0.399,5,-12,-65,2,12.9,0.8,9,-17,-25,8.053,0.006,7.16,8.28,0.07,0.28,39.47041666666666,65.31861111111111,-53.97716,55.894997,6.7981477,PM*,F8
HD 16086, ,2,35,10.5,+,4,7,25,166,-50,8.156,0.348,2.61,0.004,3.776,-0.4,54,4.49,0.48,6.6,0.4,10.6,0.97,0.91,1.04,10.2,0.2,0.3,6,4588,0.743,3,196,-106,1,18.5,1.2,-27,-51,-2,8.034,-0.041,5.46,8.1,0.19,0.09,38.793749999999996,4.123611111111111,-33.679478,8.397236,-41.366398,PM*,F6/7V
HD 16095, ,2,34,11.7,-,33,7,2,234,-67,7.575,0.351,2.612,0.011,3.774,-0.44,41,4.51,0.54,7.6,1.8,11.4,0.95,0.89,1.03,1.1,0.2,0.2,3,3325,0.783,4,277,-91,2,24.4,0.9,-22,-48,21,8.009,-0.038,5.67,8.04,0.17,0.48,38.54874999999999,-33.117222222222225,-9.416311,-12.960433,-37.740696,PM*,F7V
HD 16150, ,2,36,1.2,+,13,45,18,158,-42,7.257,0.366,2.612,0.002,3.772,-0.52,94,2.39,2.77,2.9,2.3,3.8,1.29,1.16,1.41,14.1,0.5,1.2,10,1533,0.792,45,26,-7,1,6.5,0.9,-16,-6,-7,8.065,-0.063,7.9,8.19,0.02,0.06,39.004999999999995,13.755,-64.769,26.16838,-62.898277,*,F6III
HD 16176, ,2,36,57.1,+,38,44,0,145,-20,5.87,0.32,2.641,0.003,3.797,-0.13,54,2.19,2.07,1.7,1.6,1.9,1.61,1.55,1.67,-2.9,0.5,0.2,4,1845,0.99,28,146,-165,2,18.4,0.8,-22,-48,-21,8.042,-0.018,5.63,8.07,0.18,0.2,39.23791666666666,38.733333333333334,-41.56656,29.105223,-18.469088,PM*,F5V
HD 16199, ,2,34,13.1,+,8,59,19,161,-46,7.436,0.267,2.682,0.009,3.829,-0.11,143,1.66,1.87,1.2,1.0,1.4,1.74,1.65,1.87,7.0,3.2,3.2,2,3255,0.595,130,35,10,2,0.0,0.0,-22,-9,8,8.094,-0.103,7.68,8.3,0.04,0.26,38.554583333333326,8.98861111111111,-93.92418,32.340683,-102.86559,*,F2
HD 16220, ,2,37,6.5,+,32,53,27,147,-25,6.23,0.321,2.621,-0.022,3.795,-0.26,55,2.52,1.9,2.2,2.0,2.3,1.46,1.41,1.51,-2.2,0.4,0.6,2,360,0.098,8,82,31,2,18.1,0.8,-13,-11,16,8.042,-0.023,7.74,8.05,0.02,0.37,39.27708333333333,32.89083333333333,-41.80515,27.148582,-23.244005,PM*,F8V
HD 16241, ,2,33,51.4,-,60,58,57,283,-52,6.736,0.289,2.666,0.008,3.81,-0.31,51,3.22,0.91,2.8,2.3,3.2,1.26,1.22,1.31,30.6,0.3,0.1,2,403,0.848,16,136,14,2,19.8,0.5,-20,-38,-14,7.993,-0.04,6.13,8.02,0.13,0.1,38.46416666666666,-60.9825,7.063184,-30.593987,-40.18855,PM*,F5V
HD 16377, ,2,38,35.0,+,34,21,56,147,-23,7.953,0.324,0.0,0.0,3.791,-0.22,63,3.97,0.5,4.1,2.1,5.9,1.1,1.04,1.17,-25.6,0.3,0.4,2,2109,0.396,4,86,-54,2,16.0,1.0,4,-39,7,8.048,-0.025,6.11,8.11,0.14,0.22,39.64583333333333,34.36555555555556,-48.63602,31.584602,-24.61606,PM*,F5
HD 16408, ,2,33,23.6,-,72,40,18,293,-42,8.281,0.326,2.649,0.015,3.793,-0.17,109,3.1,1.28,2.8,2.5,3.2,1.3,1.19,1.37,18.6,0.5,0.7,2,650,0.113,16,48,14,2,9.2,0.8,-16,-26,-8,7.969,-0.073,6.73,7.99,0.09,0.07,38.34833333333332,-72.67166666666667,31.650316,-74.56345,-72.93524,PM*,F6IV/V
HD 16427, ,2,33,43.8,-,72,20,56,293,-43,6.841,0.357,2.623,0.013,3.778,-0.2,59,2.99,1.76,3.9,3.6,4.2,1.31,1.26,1.38,5.7,0.2,0.2,2,650,0.575,8,125,-12,2,17.0,0.6,-19,-28,12,7.983,-0.04,6.66,8.01,0.09,0.29,38.4325,-72.34888888888888,16.86,-39.71966,-40.2379,PM*,F8V
HD 16556, ,2,41,40.8,+,58,58,38,137,-1,7.08,0.314,0.0,0.0,3.8,-0.22,77,2.65,1.62,2.3,2.0,2.5,1.43,1.38,1.49,0.9,0.6,0.9,2,358,0.166,19,37,-7,1,13.0,0.8,-10,-9,3,8.056,-0.001,7.82,8.06,0.01,0.15,40.42,58.977222222222224,-56.30566,52.50587,-1.3438352,*,F6V
HD 16626, ,2,42,35.7,+,61,35,36,136,2,7.019,0.272,2.66,-0.002,3.818,-0.52,55,3.32,0.81,2.7,2.0,3.2,1.21,1.17,1.26,14.9,0.4,0.5,5,1776,0.843,17,12,-64,2,18.2,0.9,-18,4,-13,8.039,0.001,7.99,8.68,0.04,0.09,40.64875,61.593333333333334,-39.539585,38.18294,1.9194722,PM*,F2V
HD 16707, ,2,40,54.4,+,8,14,25,164,-46,8.438,0.338,2.622,-0.001,3.785,-0.21,64,4.4,0.2,3.4,0.0,7.3,1.05,0.98,1.11,-9.2,0.3,0.1,2,1613,0.83,6,-36,3,2,15.6,1.6,13,6,3,8.043,-0.046,7.76,9.14,0.08,0.16,40.22666666666666,8.240277777777777,-42.735905,12.254324,-46.037746,*,F5
HD 16785, ,2,40,30.6,-,31,28,2,230,-66,7.567,0.312,2.661,0.023,3.811,-0.22,70,3.24,0.78,2.6,2.0,3.0,1.28,1.23,1.33,23.4,0.3,0.4,3,1304,0.519,12,32,-8,2,14.3,0.8,-11,-16,-17,8.018,-0.064,7.38,8.02,0.04,0.16,40.1275,-31.46722222222222,-18.301165,-21.810486,-63.948185,*,F3/5V
HD 16878, ,2,40,31.8,-,51,47,18,271,-58,8.048,0.337,2.627,0.007,3.786,-0.34,99,3.07,1.62,4.3,3.8,5.0,1.17,1.13,1.26,-17.1,0.3,0.2,2,1001,0.613,7,3,-82,2,10.1,0.7,29,-13,27,7.999,-0.084,6.93,8.85,0.12,0.66,40.13249999999999,-51.788333333333334,0.9155836,-52.454018,-83.956764,PM*,F5V
HD 16933, ,2,44,33.1,+,46,50,29,142,-12,6.894,0.279,0.0,0.0,3.82,0.01,57,3.1,0.52,1.7,1.1,2.2,1.39,1.35,1.44,18.2,0.3,0.3,2,1159,0.521,11,80,-105,2,17.4,0.8,-31,-16,-20,8.044,-0.012,7.14,8.33,0.08,0.19,41.13791666666666,46.84138888888889,-43.935078,34.325848,-11.850966,PM*,F5
HD 16941, ,2,38,18.8,-,72,51,59,293,-42,8.219,0.272,2.667,0.001,3.82,-0.39,128,2.68,1.29,2.1,1.9,2.4,1.37,1.3,1.44,10.9,0.5,0.2,2,650,0.815,20,57,6,2,7.8,0.7,-22,-29,4,7.963,-0.086,6.55,8.02,0.1,0.19,39.578333333333326,-72.86638888888888,37.167343,-87.56075,-85.64872,PM*,F3V
HD 16963, ,2,39,50.9,-,66,7,6,287,-48,7.495,0.346,2.65,0.029,3.804,0.23,85,2.71,1.08,2.0,1.5,2.4,1.55,1.5,1.6,37.0,0.4,0.7,3,1219,0.049,12,83,-65,2,11.7,0.6,6,-56,0,7.983,-0.063,5.21,8.03,0.21,0.13,39.962083333333325,-66.11833333333333,16.628948,-54.39089,-63.167313,PM*,F8IV/V
HD 17030, ,2,44,9.2,+,7,23,13,165,-46,8.368,0.28,2.691,0.023,3.831,0.08,89,3.52,-0.19,0.0,0.0,1.2,1.38,1.31,1.44,16.7,1.0,1.4,2,391,0.056,22,13,-28,2,10.7,1.4,-10,-9,-16,8.06,-0.064,7.8,8.06,0.02,0.15,41.03833333333333,7.3869444444444445,-59.71797,16.001389,-64.02124,*,F8
HD 17051, ,2,42,33.4,-,50,48,1,269,-58,5.394,0.357,2.632,0.01,3.778,0.03,17,4.21,0.33,3.6,1.1,6.7,1.11,1.05,1.18,16.7,0.3,0.5,3,2624,0.056,6,334,220,1,58.0,0.6,-32,-17,-8,8.0,-0.015,7.08,8.29,0.08,0.02,40.63916666666666,-50.80027777777777,-0.15722124,-9.007256,-14.416818,PM*,F8V
HD 17055, ,2,44,57.1,+,23,22,3,154,-33,9.111,0.398,2.612,0.036,3.773,-0.43,159,2.95,2.12,4.7,3.5,6.0,1.15,1.06,1.24,-4.5,0.3,0.2,3,727,0.883,14,10,-33,1,3.5,1.4,4,-23,-12,8.121,-0.086,6.99,8.22,0.08,0.12,41.23791666666666,23.3675,-119.85294,58.456184,-86.59761,*,F6III
HD 17070, ,2,42,41.7,-,49,43,45,267,-59,7.623,0.287,2.664,0.001,3.814,-0.16,74,3.29,0.61,2.3,1.6,2.9,1.29,1.25,1.34,30.8,1.1,1.5,2,647,0.1,30,35,-22,1,13.6,0.6,-3,-28,-19,8.002,-0.063,6.68,8.02,0.09,0.19,40.67375,-49.72916666666667,-1.9946772,-38.06058,-63.43038,*,F5V
HD 17147, ,2,46,6.7,+,36,16,0,147,-21,7.743,0.287,0.0,0.0,3.811,-0.28,76,3.35,0.73,2.7,2.1,3.3,1.24,1.18,1.3,6.1,0.4,0.3,2,380,0.578,14,-36,-52,2,13.2,0.9,4,1,-23,8.06,-0.027,7.88,8.69,0.05,0.26,41.52791666666666,36.266666666666666,-59.505447,38.64329,-27.235964,PM*,F5
HD 17206, ,2,45,6.1,-,18,34,21,201,-63,4.46,0.328,2.646,0.009,3.792,-0.07,14,3.73,0.58,3.5,2.5,4.5,1.2,1.13,1.24,25.9,0.8,1.2,2,1542,0.088,27,331,35,1,71.6,0.8,-27,-17,-13,8.006,-0.012,7.16,8.19,0.07,0.09,41.275416666666665,-18.572499999999998,-5.933714,-2.277739,-12.474092,PM*,F7V
HD 17207, ,2,45,1.0,-,22,9,59,208,-64,7.132,0.336,2.625,0.004,3.784,-0.31,40,4.12,0.59,5.7,3.3,7.4,1.04,0.99,1.1,7.9,0.3,0.5,2,816,0.172,4,-53,-96,2,25.0,0.9,15,-8,-14,8.016,-0.036,7.35,8.58,0.08,0.11,41.25416666666666,-22.16638888888889,-15.482351,-8.232111,-35.951763,PM*,F7V
HD 17290, ,2,49,2.1,+,58,1,43,138,-1,8.069,0.376,2.607,0.016,3.764,-0.43,63,4.06,1.21,10.5,8.3,12.7,0.97,0.88,1.02,12.5,0.2,0.5,6,1059,0.108,4,133,-121,2,15.8,1.2,-44,-30,-15,8.047,-0.002,6.33,8.42,0.14,0.12,42.25874999999999,58.02861111111111,-46.81099,42.148815,-1.0995016,PM*,F8
HD 17331, ,2,47,30.3,+,23,38,12,155,-32,7.453,0.293,2.675,0.018,3.81,-0.18,68,3.27,0.74,2.5,2.0,3.0,1.28,1.23,1.34,-2.1,0.8,0.0,1,0,0.0,13,-23,13,1,14.6,1.0,5,7,1,8.052,-0.036,7.91,9.03,0.07,0.13,41.87624999999999,23.636666666666667,-52.264294,24.371246,-36.03451,*,F5
HD 17399, ,2,45,52.7,-,45,36,27,260,-61,8.515,0.303,2.654,0.002,3.805,-0.13,119,3.14,0.94,2.5,2.1,3.0,1.31,1.24,1.38,4.7,0.4,0.6,2,797,0.238,15,43,-25,2,8.4,0.8,-5,-26,9,8.01,-0.104,6.77,8.02,0.08,0.28,41.469583333333325,-45.6075,-10.0181675,-56.81587,-104.07975,*,F5/6V
HD 17461, ,2,46,45.3,-,40,57,32,251,-63,7.895,0.345,2.629,0.012,3.781,-0.27,83,3.31,1.44,5.1,4.3,6.0,1.16,1.1,1.23,-13.6,0.2,0.3,3,358,0.502,4,54,26,1,12.1,0.8,-18,-2,20,8.013,-0.073,7.9,8.4,0.03,0.47,41.68874999999999,-40.95888888888889,-12.267805,-35.62829,-73.953545,PM*,F7V
HD 17530, ,2,49,44.0,+,35,10,43,149,-22,7.991,0.285,0.0,0.0,3.814,-0.11,66,3.9,-0.04,0.0,0.0,2.3,1.21,1.16,1.26,2.0,0.9,0.7,2,391,0.607,40,29,-18,2,15.2,1.3,-7,-8,-1,8.052,-0.024,7.84,8.08,0.02,0.09,42.43333333333333,35.17861111111111,-52.45361,31.51731,-24.724033,*,F0
HD 17548, ,2,48,51.8,-,1,30,34,176,-52,8.156,0.353,2.595,-0.002,3.772,-0.69,53,4.54,0.73,7.8,1.1,12.7,0.91,0.84,0.99,-15.3,0.2,0.3,5,676,0.762,4,6,171,1,18.9,1.4,-12,30,32,8.033,-0.042,8.02,10.73,0.14,0.87,42.21583333333333,-1.5094444444444444,-32.550575,2.2761574,-41.764572,PM*,F7/G0(V)
HD 17631, ,2,52,58.4,+,64,40,12,135,5,7.634,0.301,0.0,0.0,3.809,-0.08,135,1.98,1.96,1.5,1.3,1.8,1.67,1.56,1.76,10.7,0.4,0.2,2,604,0.693,17,-9,5,2,7.4,0.8,-3,12,1,8.096,0.011,8.07,9.31,0.07,0.13,43.24333333333333,64.67,-95.09616,95.09616,11.766025,*,F2
HD 17639, ,2,50,12.9,+,13,42,37,162,-40,8.147,0.299,2.66,0.01,3.806,-0.26,83,3.54,0.63,3.0,2.1,3.8,1.19,1.12,1.26,-9.2,1.0,0.0,1,0,0.0,24,61,-7,1,12.0,1.3,-7,-20,15,8.061,-0.054,7.19,8.07,0.06,0.35,42.553749999999994,13.710277777777778,-60.469776,19.647825,-53.351368,PM*,F5
HD 17659, ,2,50,42.6,+,19,9,37,158,-35,6.631,0.379,2.639,0.041,3.795,0.34,61,2.54,1.41,1.6,1.4,1.9,1.6,1.56,1.64,6.2,0.3,0.0,1,0,0.0,5,184,-73,1,16.5,0.8,-31,-47,6,8.046,-0.035,5.64,8.15,0.18,0.2,42.677499999999995,19.160277777777775,-46.329777,18.71845,-34.988163,PM*,F8
HD 17690, ,2,50,20.3,+,0,57,49,173,-50,7.638,0.314,2.646,0.008,3.799,-0.24,86,2.97,1.34,2.7,2.2,3.3,1.28,1.16,1.39,6.3,0.6,0.9,2,363,0.11,13,-26,-64,2,5.6,1.5,15,-12,-22,8.055,-0.066,7.27,8.51,0.08,0.24,42.584583333333335,0.9636111111111111,-54.867683,6.7369013,-65.87982,PM*,F6V
HD 17702, ,2,48,52.3,-,46,20,48,260,-60,7.742,0.321,2.64,0.005,3.795,-0.22,66,3.65,0.73,3.6,2.8,4.4,1.16,1.09,1.22,8.9,0.4,0.5,2,1089,0.201,10,26,16,1,15.2,0.7,-10,-7,-5,8.005,-0.057,7.91,8.01,0.01,0.06,42.21791666666666,-46.34666666666667,-5.7303877,-32.498653,-57.15768,*,F6V
HD 17722, ,2,47,2.3,-,67,16,39,287,-46,7.673,0.354,2.619,0.006,3.778,-0.2,61,3.73,1.02,6.8,5.1,8.0,1.09,1.05,1.14,31.7,0.3,0.4,2,1185,0.265,8,33,-2,2,16.3,0.6,1,-27,-19,7.987,-0.044,6.66,8.04,0.09,0.17,41.75958333333333,-67.2775,12.388995,-40.522614,-43.879726,*,F7V
HD 17865, ,2,50,41.4,-,44,4,52,256,-61,8.174,0.371,2.593,0.007,3.763,-0.61,58,4.35,1.06,12.2,7.6,15.6,0.88,0.82,0.94,31.4,0.2,0.2,3,358,0.67,3,-23,-273,2,17.2,0.9,59,-54,-15,8.007,-0.051,4.92,8.9,0.29,0.13,42.67249999999999,-44.08111111111111,-6.8025923,-27.283703,-50.727943,PM*,F8V
HD 17884, ,2,51,22.5,-,30,26,14,227,-64,7.567,0.313,2.629,-0.016,3.799,-0.3,71,3.3,1.06,3.1,2.5,4.9,1.22,1.13,1.28,30.9,0.2,0.3,2,778,0.294,8,79,-48,2,14.0,0.8,-14,-39,-16,8.022,-0.064,6.12,8.03,0.13,0.14,42.84375,-30.43722222222222,-21.226759,-22.76291,-63.814377,PM*,F5/6V
HD 17926, ,2,51,56.2,-,30,48,52,228,-63,6.38,0.319,2.626,-0.014,3.795,-0.12,32,3.85,0.44,3.5,1.8,4.5,1.17,1.11,1.22,9.6,0.3,0.1,2,813,0.744,9,123,105,1,31.2,0.7,-26,-4,0,8.01,-0.029,7.66,8.43,0.05,0.11,42.98416666666667,-30.814444444444444,-9.720929,-10.796182,-28.512209,PM*,F6V
HD 18031, ,2,53,34.7,-,7,45,1,185,-55,7.212,0.26,2.669,-0.006,3.826,-0.45,60,3.33,0.57,2.2,1.2,2.8,1.24,1.19,1.29,-10.9,0.4,0.1,2,1299,0.863,14,-43,-63,2,16.7,1.1,23,-5,-3,8.034,-0.049,7.3,8.91,0.1,0.08,43.39458333333333,-7.750277777777778,-34.28363,-2.9994314,-49.149124,PM*,F2V
HD 18139, ,2,56,58.2,+,55,29,24,140,-3,8.034,0.379,2.638,0.065,3.799,-0.22,92,2.94,1.35,2.6,2.2,3.2,1.3,1.18,1.4,6.2,0.6,0.3,3,607,0.917,26,30,-52,2,6.3,1.1,-18,-13,-14,8.07,-0.005,7.52,8.14,0.04,0.1,44.2425,55.49,-70.3795,59.055416,-4.814908,PM*,F5
HD 18149, ,2,53,34.3,-,38,26,13,245,-62,5.93,0.285,2.665,-0.003,3.819,0.05,60,2.06,1.54,1.4,1.2,1.5,1.71,1.66,1.75,27.2,0.8,1.1,2,768,0.139,21,60,35,1,16.8,0.6,-23,-16,-17,8.012,-0.053,7.23,8.14,0.06,0.16,43.39291666666666,-38.43694444444444,-11.904435,-25.52915,-52.976852,PM*,F5V
HD 18180, ,2,56,55.2,+,48,42,14,143,-9,7.695,0.27,0.0,0.0,3.824,-0.06,95,2.8,0.79,1.7,1.4,2.1,1.43,1.37,1.5,15.1,1.6,0.6,2,307,0.778,50,67,-2,2,10.5,1.0,-30,-12,11,8.075,-0.015,7.41,8.42,0.06,0.29,44.23,48.70388888888889,-74.93627,56.468548,-14.861276,PM*,F5
HD 18229, ,2,53,40.0,-,51,30,27,268,-57,7.98,0.318,2.659,0.027,3.809,-0.25,92,3.05,1.05,2.5,2.2,2.9,1.31,1.25,1.37,20.2,0.2,0.1,2,385,0.947,4,-73,3,2,10.9,0.7,17,11,-32,8.002,-0.077,7.71,9.5,0.1,0.46,43.41666666666666,-51.5075,-1.7487152,-50.07627,-77.15769,PM*,F5/6V
HD 18262, ,2,56,13.7,+,8,22,53,168,-43,5.969,0.305,2.662,0.007,3.809,0.14,44,2.73,1.01,1.8,1.5,2.1,1.51,1.47,1.58,27.5,0.3,0.3,2,447,0.405,10,70,-88,1,22.5,0.9,-21,-19,-23,8.032,-0.031,7.14,8.11,0.06,0.23,44.05708333333333,8.381388888888889,-31.476362,6.6905046,-30.007925,PM*,F6III-IVs
HD 18330, ,2,57,0.6,+,10,9,43,166,-42,7.911,0.376,2.613,0.006,3.766,-0.1,39,4.96,-0.02,0.0,0.0,7.2,0.99,0.92,1.03,20.9,0.2,0.2,2,398,0.528,4,-61,-74,2,25.7,1.1,-4,1,-27,8.028,-0.026,7.98,8.52,0.03,0.32,44.2525,10.161944444444444,-28.121738,7.0115356,-26.096094,PM*,F5
HD 18404, ,2,58,5.2,+,20,40,7,159,-33,5.8,0.277,2.676,0.001,3.821,0.04,32,3.28,0.29,1.3,0.3,2.1,1.37,1.33,1.42,27.0,0.6,0.2,2,447,0.764,25,235,-32,1,31.4,0.8,-41,-19,-2,8.025,-0.017,6.86,8.48,0.11,0.09,44.52166666666667,20.66861111111111,-25.054926,9.617683,-17.42845,PM*,F0V(e)
HD 18456, ,2,56,52.3,-,36,17,50,240,-62,7.64,0.309,2.678,0.033,3.822,0.12,91,2.71,0.77,1.5,1.2,1.8,1.52,1.46,1.59,21.0,0.3,0.2,2,776,0.572,16,-15,-13,2,11.0,0.8,3,-8,-21,8.021,-0.08,7.65,8.29,0.04,0.23,44.21791666666667,-36.29722222222222,-21.360956,-36.99827,-80.34823,*,F5V
HD 18508, ,2,59,10.3,+,19,59,23,160,-34,7.333,0.239,2.704,0.007,3.842,-0.09,92,2.52,0.76,1.4,1.1,1.6,1.52,1.46,1.59,19.3,1.0,1.7,3,649,0.335,45,53,-25,1,10.9,0.9,-26,-17,-7,8.072,-0.051,7.21,8.24,0.07,0.05,44.79291666666666,19.989722222222223,-71.67173,26.086382,-51.445747,PM*,F0
HD 18568, ,3,0,21.3,+,36,23,17,150,-20,8.069,0.237,0.0,0.0,3.839,-0.25,127,2.56,0.91,1.6,1.3,1.9,1.44,1.36,1.52,-11.9,2.0,0.0,1,0,0.0,30,-35,-38,2,7.9,1.0,22,-5,-24,8.103,-0.042,7.41,8.98,0.1,0.29,45.08875,36.38805555555555,-103.3523,59.67049,-43.436554,*,F0
HD 18579, ,3,0,17.0,+,31,7,29,153,-24,7.41,0.295,2.65,0.007,3.808,-0.43,97,2.47,1.8,2.1,1.9,2.5,1.41,1.33,1.49,-19.8,0.4,0.8,3,3241,0.049,6,36,-40,2,10.3,1.0,8,-30,2,8.079,-0.04,6.52,8.2,0.11,0.14,45.070833333333326,31.12472222222222,-78.95557,40.229877,-39.453453,PM*,F5
HD 18617, ,2,59,37.9,-,0,37,38,178,-49,8.543,0.336,2.647,0.024,3.804,0.01,149,2.57,1.4,2.0,1.6,2.3,1.48,1.39,1.58,-6.2,0.9,0.6,2,1145,0.679,35,-7,-32,1,5.6,1.5,18,-14,-8,8.097,-0.113,7.17,8.59,0.09,0.12,44.907916666666665,-0.6272222222222222,-97.693245,3.4115188,-112.45173,*,F5V
HD 18618, ,2,59,34.5,-,4,6,58,182,-52,7.766,0.324,2.639,-0.003,3.796,0.02,71,3.51,0.62,2.8,2.0,3.5,1.26,1.2,1.32,55.0,0.5,0.6,2,373,0.119,7,225,-13,1,14.1,1.3,-76,-54,-9,8.044,-0.056,4.99,8.85,0.28,0.06,44.89375,-4.116111111111111,-43.68534,-1.5255207,-55.948765,PM*,F8V
HD 18627, ,3,0,5.1,+,10,39,21,167,-41,7.515,0.297,2.659,0.006,3.808,-0.2,76,3.1,0.97,2.5,2.1,2.9,1.31,1.25,1.37,4.5,0.3,0.1,2,361,0.988,11,140,-77,2,13.1,0.9,-23,-53,5,8.056,-0.05,5.41,8.09,0.2,0.19,45.021249999999995,10.655833333333334,-55.887848,12.902729,-49.860485,PM*,F5
HD 18743, ,2,59,47.6,-,30,10,21,227,-62,8.248,0.328,2.631,0.001,3.793,-0.16,112,2.99,1.38,2.7,2.3,3.3,1.31,1.18,1.41,-20.2,0.2,0.1,2,776,0.877,5,-18,-58,2,8.9,1.1,35,-7,13,8.036,-0.099,7.0,9.21,0.14,0.35,44.94833333333333,-30.1725,-35.860035,-38.455177,-98.89013,PM*,F6V
HD 18754, ,2,58,51.1,-,52,5,45,268,-56,8.445,0.459,0.0,0.0,3.733,0.05,101,3.42,2.14,4.8,3.8,6.2,1.24,1.21,1.27,11.5,0.2,0.3,2,1096,0.34,1,103,-4,2,9.9,0.7,-28,-40,14,8.002,-0.083,6.0,8.09,0.15,0.35,44.712916666666665,-52.09583333333334,-1.9710857,-56.444077,-83.732796,PM*,F7/8V
HD 18766, ,3,3,48.6,+,60,18,44,139,2,7.233,0.315,0.0,0.0,3.799,-0.27,92,2.42,1.92,2.1,1.9,2.4,1.47,1.4,1.54,-50.6,0.9,1.2,2,604,0.222,27,-39,-8,1,10.9,0.9,46,-23,-13,8.069,0.002,6.29,9.11,0.18,0.09,45.95249999999999,60.31222222222222,-69.39099,60.320656,3.2107537,*,F5V
HD 18768, ,3,2,52.2,+,47,6,37,145,-10,6.722,0.389,2.582,0.008,3.755,-0.75,46,3.39,2.27,7.5,6.8,8.4,1.04,1.0,1.07,96.7,0.2,0.3,4,730,0.627,3,66,-62,2,21.6,0.8,-88,38,-22,8.037,-0.008,7.25,12.94,0.28,0.27,45.717499999999994,47.11027777777778,-37.108532,25.983679,-7.9878163,PM*,F8
HD 18819, ,3,0,43.5,-,27,38,30,222,-61,7.6,0.371,2.615,0.007,3.773,-0.05,93,2.75,1.98,2.6,2.2,3.8,1.39,1.3,1.5,-2.0,0.4,0.6,2,814,0.093,6,-36,-118,2,10.7,0.9,48,-25,-10,8.034,-0.082,6.2,9.09,0.19,0.1,45.18125,-27.641666666666666,-33.50639,-30.169285,-81.33964,PM*,F8V
HD 18831, ,3,2,27.4,+,22,22,24,159,-31,7.917,0.321,2.643,0.002,3.795,-0.11,72,3.62,0.66,3.2,2.4,4.2,1.2,1.12,1.26,27.0,1.7,2.4,2,1800,0.163,45,100,-32,1,13.8,1.2,-39,-22,-5,8.058,-0.038,6.76,8.43,0.11,0.05,45.61416666666666,22.373333333333335,-57.616894,22.11705,-37.08274,PM*,F5
HD 19029, ,3,1,52.9,-,47,33,32,260,-57,7.809,0.312,2.646,-0.003,3.801,-0.04,73,3.49,0.59,2.7,1.9,3.4,1.27,1.21,1.31,7.3,0.3,0.2,2,1096,0.531,9,-45,9,1,13.7,0.7,6,8,-14,8.007,-0.061,7.87,9.06,0.07,0.13,45.47041666666666,-47.55888888888889,-6.9040155,-39.15463,-61.22295,*,F7V
HD 19126, ,3,2,42.9,-,49,51,53,264,-56,8.5,0.318,2.634,-0.009,3.799,-0.04,112,3.25,0.87,2.6,2.1,3.1,1.3,1.24,1.37,34.2,0.3,0.2,2,1096,0.611,10,97,24,2,8.9,0.8,-43,-46,-7,8.006,-0.093,5.6,8.26,0.19,0.09,45.678749999999994,-49.86472222222223,-6.546568,-62.286514,-92.85221,PM*,F5V
HD 19178, ,3,4,49.7,-,12,10,17,194,-55,8.585,0.319,2.643,0.013,3.794,-0.4,104,3.5,1.06,3.7,2.7,6.0,1.11,1.05,1.19,-8.7,0.3,0.4,2,1121,0.35,8,33,-76,1,9.6,1.2,19,-37,4,8.057,-0.086,6.08,8.3,0.15,0.19,46.20708333333333,-12.171388888888888,-57.88003,-14.4311075,-85.19181,PM*,F5V
HD 19184, ,3,6,44.3,+,42,35,15,148,-14,8.439,0.328,2.655,0.031,3.81,-0.11,136,2.64,1.31,2.0,1.7,2.4,1.43,1.34,1.52,-22.7,0.7,1.1,3,1102,0.097,21,35,-58,1,5.2,1.1,2,-47,-15,8.112,-0.032,5.75,8.15,0.17,0.12,46.68458333333333,42.587500000000006,-111.90861,69.928276,-32.90138,PM*,F5
HD 19254, ,3,3,50.2,-,51,24,34,266,-55,8.225,0.333,2.632,0.004,3.787,-0.23,69,4.02,0.55,4.7,2.6,6.6,1.07,1.02,1.14,28.2,0.3,0.3,2,1096,0.356,6,100,68,2,14.4,0.8,-38,-27,-14,8.003,-0.057,6.52,8.31,0.12,0.11,45.959166666666654,-51.409444444444446,-2.7607388,-39.480366,-56.521492,PM*,F7V
HD 19370, ,3,4,3.2,-,59,58,7,278,-50,8.011,0.295,2.642,-0.007,3.807,-0.36,108,2.84,1.4,2.5,2.1,3.0,1.29,1.19,1.39,41.8,0.7,1.0,2,1300,0.07,13,5,-59,2,0.0,0.0,26,-40,-20,7.991,-0.083,5.83,8.32,0.18,0.21,46.01333333333333,-59.968611111111116,9.661557,-68.74545,-82.732796,PM*,F3V
HD 19376, ,3,6,48.0,-,5,3,3,185,-51,8.142,0.305,2.646,0.004,3.805,-0.27,143,2.37,1.83,2.1,1.8,2.4,1.46,1.37,1.56,34.7,1.2,1.4,2,1202,0.406,45,-2,3,2,5.9,1.1,-22,1,-27,8.09,-0.111,7.93,8.68,0.04,0.34,46.699999999999996,-5.050833333333333,-89.65037,-7.8433967,-111.131874,*,F5V
HD 19381, ,3,7,50.5,+,25,33,7,158,-28,8.284,0.363,2.627,0.017,3.773,-0.22,62,4.33,0.56,7.0,3.6,10.3,1.0,0.95,1.07,-27.1,0.3,0.3,2,1042,0.485,6,-6,-99,1,16.2,1.3,27,-27,-9,8.051,-0.029,6.41,8.54,0.14,0.04,46.96041666666666,25.551944444444445,-50.756588,20.507,-29.107237,PM*,F8
HD 19603, ,3,8,0.5,-,39,18,18,245,-59,8.435,0.383,2.617,0.018,3.767,-0.04,92,3.62,1.25,6.2,5.0,7.5,1.12,1.08,1.18,-14.5,0.2,0.2,3,1359,0.751,4,10,-191,2,10.9,0.9,68,-45,23,8.02,-0.079,5.22,9.28,0.28,0.59,47.002083333333324,-39.305,-20.02513,-42.94404,-78.85939,PM*,F8/G0V
HD 19649, ,3,9,51.5,+,1,29,3,178,-46,7.635,0.236,2.715,0.016,3.845,-0.01,115,2.33,0.83,1.2,1.0,1.4,1.58,1.5,1.67,14.2,1.0,1.6,3,758,0.336,45,38,-29,2,8.7,1.0,-14,-25,-7,8.08,-0.083,6.89,8.09,0.08,0.08,47.46458333333333,1.4841666666666666,-79.83706,2.7879677,-82.724075,*,F2V
HD 19715, ,3,9,16.5,-,33,55,51,234,-60,8.632,0.298,2.646,-0.008,3.807,-0.16,116,3.3,0.76,2.6,2.0,3.2,1.26,1.19,1.33,1.8,0.5,0.9,3,1185,0.191,19,-43,-87,2,8.6,0.9,49,-16,-13,8.034,-0.1,6.48,9.35,0.18,0.15,47.31874999999999,-33.93083333333333,-34.091557,-46.922974,-100.458954,PM*,F3V
HD 19773, ,3,10,43.3,-,6,31,33,187,-51,8.063,0.344,2.628,-0.001,3.785,0.02,68,3.88,0.51,3.5,2.2,5.0,1.17,1.1,1.23,21.4,0.3,0.4,2,1202,0.241,5,67,2,2,14.6,1.3,-26,-16,-5,8.043,-0.053,7.26,8.22,0.06,0.06,47.68041666666666,-6.525833333333333,-42.474808,-5.2152452,-52.84593,PM*,F8/G0V
HD 19879, ,3,5,22.1,-,75,41,43,293,-39,8.31,0.287,2.671,0.007,3.815,-0.07,143,2.54,1.26,1.8,1.6,2.1,1.49,1.42,1.57,35.1,0.4,0.6,2,652,0.276,17,-10,-15,2,7.0,0.7,22,-23,-20,7.957,-0.089,6.62,8.39,0.12,0.22,46.34208333333333,-75.69527777777778,43.42269,-102.297424,-89.99281,*,F3V
HD 19889, ,3,10,12.1,-,43,43,15,253,-58,8.646,0.302,2.658,0.004,3.805,-0.14,114,3.37,0.72,2.7,2.0,3.3,1.25,1.18,1.32,37.6,0.3,0.2,2,382,0.506,9,43,-23,2,8.8,0.9,-9,-41,-18,8.018,-0.096,6.01,8.02,0.14,0.19,47.550416666666656,-43.72083333333334,-17.662422,-57.771126,-96.67748,*,F5V
HD 19916, ,3,10,3.9,-,50,49,56,265,-55,7.553,0.381,2.641,0.047,3.795,0.26,78,2.9,1.07,2.3,1.7,2.9,1.48,1.44,1.53,-0.6,0.2,0.1,2,1092,0.75,9,98,27,1,12.9,0.6,-28,-19,16,8.004,-0.063,7.07,8.2,0.07,0.39,47.51624999999999,-50.83222222222223,-3.899256,-44.568718,-63.89386,PM*,F8/G0V
HD 20014, ,3,9,23.4,-,64,51,16,283,-46,8.047,0.297,2.663,0.005,3.81,-0.04,110,2.84,1.04,2.1,1.8,2.4,1.42,1.36,1.48,15.2,0.4,0.2,2,652,0.695,19,-8,-23,2,9.1,0.7,14,-11,-8,7.984,-0.08,7.24,8.43,0.08,0.08,47.34749999999999,-64.85444444444444,17.189066,-74.45397,-79.12738,*,F5/6IV/V
HD 20029, ,3,11,52.5,-,39,1,23,244,-59,7.066,0.349,2.632,0.009,3.782,-0.06,42,3.97,0.56,4.2,2.6,6.5,1.13,1.06,1.18,-5.6,0.2,0.2,4,3820,0.849,6,85,-31,2,24.0,0.7,-3,-12,14,8.009,-0.036,7.57,8.07,0.03,0.34,47.96874999999999,-39.02305555555555,-9.482665,-19.442354,-36.001026,PM*,F7V
HD 20052, ,3,10,8.7,-,62,21,27,280,-48,8.319,0.369,2.623,0.015,3.771,-0.17,83,3.73,1.16,7.1,5.8,8.4,1.09,1.04,1.14,27.8,0.2,0.1,2,749,0.874,4,-55,-113,2,12.1,0.8,51,-20,-13,7.991,-0.061,6.28,9.26,0.19,0.12,47.53624999999999,-62.3575,9.644044,-54.69409,-61.681023,PM*,F8V
HD 20111, ,3,21,8.2,+,77,4,2,131,17,7.8,0.285,0.0,0.0,3.813,-0.19,84,3.18,0.77,2.4,1.9,2.9,1.3,1.25,1.36,-5.1,0.7,0.9,2,821,0.163,15,-23,-8,2,11.9,0.7,6,2,-9,8.053,0.024,7.84,8.76,0.06,0.04,50.28416666666666,77.06722222222221,-52.700954,60.625523,24.559221,*,F5
HD 20112, ,3,16,7.7,+,51,34,0,145,-5,8.169,0.354,0.0,0.0,3.774,-0.35,56,4.43,0.55,7.3,3.0,10.7,0.97,0.92,1.04,4.4,0.4,0.0,1,0,0.0,8,3,-80,2,17.9,1.1,-9,-8,-18,8.045,-0.005,7.88,8.05,0.01,0.16,49.032083333333325,51.56666666666667,-45.697952,31.998056,-4.880721,PM*,F8
HD 20201, ,3,12,54.3,-,47,9,18,258,-56,7.276,0.375,2.614,0.013,3.768,-0.12,38,4.4,0.51,7.4,3.9,10.6,1.01,0.96,1.07,15.4,0.1,0.3,5,1127,0.443,5,-90,-17,1,26.6,0.7,9,1,-20,8.004,-0.031,7.71,8.73,0.06,0.21,48.22624999999999,-47.155,-4.417989,-20.78498,-31.50343,PM*,F9.5V
HD 20205, ,3,14,32.8,-,9,41,12,192,-52,7.674,0.29,2.678,0.022,3.823,-0.16,96,2.66,1.05,1.9,1.5,2.2,1.43,1.36,1.51,17.1,0.3,0.3,3,850,0.667,14,37,-4,2,10.4,1.1,-18,-14,-5,8.058,-0.076,7.44,8.12,0.04,0.08,48.63666666666666,-9.686666666666667,-57.811947,-12.288316,-75.64903,*,F5V
HD 20209, ,3,16,1.7,+,35,2,42,154,-19,7.57,0.328,0.0,0.0,3.789,-0.21,56,3.83,0.68,3.9,2.9,5.7,1.11,1.05,1.18,-46.2,0.4,0.5,2,2113,0.249,6,-154,-45,2,17.9,0.9,61,0,-16,8.047,-0.018,6.74,10.32,0.21,0.15,49.00708333333333,35.044999999999995,-47.590282,23.21133,-18.231815,PM*,F5
HD 20259, ,3,15,22.5,-,1,10,43,182,-47,8.579,0.352,2.616,0.002,3.778,-0.3,95,3.68,1.16,6.5,4.8,8.4,1.07,1.0,1.13,29.4,0.2,0.4,4,384,0.245,4,228,-28,1,10.5,1.2,-69,-78,27,8.065,-0.069,4.16,8.57,0.35,0.67,48.84374999999999,-1.1786111111111113,-64.750374,-2.2611256,-69.4786,PM*,F6/8+A/F
HD 20327, ,3,17,1.5,+,25,35,12,160,-27,8.25,0.284,2.663,-0.005,3.816,-0.07,77,3.82,-0.04,0.0,0.0,2.2,1.24,1.18,1.29,16.5,0.7,0.1,2,1042,0.943,24,39,-31,2,13.0,1.2,-20,-12,-8,8.064,-0.035,7.55,8.17,0.04,0.04,49.256249999999994,25.586666666666666,-64.46996,23.465155,-34.957268,*,F5
HD 20335, ,3,10,19.3,-,74,17,49,291,-40,6.902,0.338,2.641,0.021,3.795,-0.18,45,3.52,0.83,3.4,2.8,3.8,1.21,1.13,1.26,-3.5,0.3,0.4,2,381,0.227,6,53,280,2,22.0,0.6,-55,8,-27,7.987,-0.029,7.33,9.79,0.14,0.33,47.58041666666666,-74.29694444444445,12.353655,-32.182384,-28.925442,PM*,F6/7V
HD 20367, ,3,17,40.0,+,31,7,37,156,-22,6.407,0.364,2.616,0.003,3.773,-0.11,27,4.24,0.55,6.4,3.6,8.9,1.04,0.99,1.1,5.9,0.2,0.1,4,1778,0.98,3,-102,-57,2,36.9,1.1,2,6,-15,8.023,-0.01,7.92,8.89,0.06,0.12,49.41666666666666,31.126944444444444,-22.869665,10.182229,-10.114378,PM*,F8V
HD 20390, ,3,20,50.3,+,67,45,22,136,9,7.798,0.299,0.0,0.0,3.807,-0.29,137,2.11,2.07,1.8,1.5,2.1,1.53,1.46,1.63,15.8,0.4,0.2,2,604,0.666,10,56,-77,2,7.3,0.8,-54,-29,-19,8.098,0.021,6.31,8.71,0.16,0.19,50.20958333333333,67.75611111111111,-97.336235,93.99654,21.431522,PM*,F5
HD 20427, ,3,18,31.9,+,38,27,31,152,-16,7.336,0.331,2.609,-0.008,3.785,-0.74,59,3.48,1.55,6.2,4.8,7.9,1.02,0.96,1.08,37.9,0.3,0.6,3,675,0.128,2,131,-74,2,0.0,0.0,-53,-20,-7,8.05,-0.016,6.63,8.79,0.14,0.02,49.63291666666666,38.45861111111111,-50.075874,26.625816,-16.262604,PM*,F5
HD 20542, ,3,16,44.5,-,41,16,14,248,-57,7.92,0.316,2.647,0.01,3.796,-0.3,78,3.47,0.96,3.3,2.7,5.5,1.17,1.09,1.24,14.4,0.3,0.1,2,753,0.738,9,7,-3,1,12.9,0.8,-4,-9,-11,8.016,-0.065,7.69,8.09,0.03,0.08,49.18541666666666,-41.27055555555555,-15.913988,-39.388477,-65.416306,*,F5V
HD 20584, ,3,17,50.7,-,26,21,8,220,-57,7.587,0.356,2.635,0.016,3.782,0.05,101,2.57,1.86,2.2,1.9,2.5,1.51,1.43,1.58,23.9,0.2,0.1,2,777,0.798,10,44,-12,2,9.9,0.9,-17,-26,-9,8.042,-0.085,6.8,8.06,0.08,0.09,49.46124999999999,-26.352222222222224,-42.138992,-35.35881,-84.70573,*,F7V
HD 20634, ,3,20,30.7,+,35,16,5,154,-18,8.965,0.36,0.0,0.0,3.773,-0.16,77,4.53,0.3,5.7,0.0,9.8,1.01,0.95,1.07,14.2,0.5,0.7,2,416,0.278,14,-30,-1,2,0.0,0.0,-7,13,-11,8.066,-0.024,8.06,9.28,0.07,0.06,50.127916666666664,35.268055555555556,-65.81991,32.102512,-23.79431,*,F8
HD 20674, ,3,28,3.2,+,78,28,43,131,18,7.748,0.333,0.0,0.0,3.79,-0.2,85,3.09,1.39,2.9,2.5,4.6,1.3,1.18,1.37,-12.4,0.3,0.1,2,603,0.888,8,38,-18,2,11.7,0.8,-4,-21,-1,8.053,0.026,7.11,8.07,0.06,0.09,52.01333333333333,78.4786111111111,-53.03568,61.010582,26.266445,*,F5
HD 20703, ,3,20,2.1,-,1,35,31,184,-46,7.702,0.323,2.625,-0.005,3.793,-0.51,120,2.3,2.38,2.3,1.9,3.3,1.39,1.28,1.49,17.7,0.2,0.2,3,382,0.76,8,-32,0,1,8.3,1.0,-3,12,-22,8.083,-0.087,8.06,9.26,0.07,0.27,50.00874999999999,-1.5919444444444446,-83.15595,-5.8148246,-86.32078,*,F5V
HD 20713, ,3,23,19.5,+,61,17,10,140,4,7.956,0.387,0.0,0.0,3.766,-0.03,77,3.52,1.36,5.8,4.3,7.6,1.12,1.06,1.21,10.7,0.3,0.3,2,2118,0.514,10,52,-13,2,6.8,0.9,-20,-8,7,8.059,0.005,7.75,8.24,0.03,0.22,50.83124999999999,61.28611111111111,-58.841736,49.37408,5.3712482,PM*,F8V
HD 20717, ,3,20,33.7,+,12,20,47,170,-36,7.342,0.312,2.626,-0.006,3.796,-0.55,66,3.24,1.4,4.7,3.0,5.5,1.13,1.08,1.22,48.0,0.3,0.2,2,268,0.651,8,135,10,2,15.1,1.0,-61,-19,-4,8.053,-0.039,6.51,9.03,0.16,0.07,50.14041666666667,12.346388888888889,-52.58393,9.271972,-38.793827,PM*,F5
HD 20737, ,3,21,1.3,+,19,28,34,165,-31,7.962,0.371,2.648,0.051,3.802,0.2,94,2.88,0.97,2.1,1.6,2.6,1.45,1.37,1.54,25.8,0.6,0.0,1,0,0.0,20,64,-57,2,6.4,1.1,-30,-31,-15,8.078,-0.048,6.45,8.23,0.12,0.12,50.25541666666666,19.47611111111111,-77.82824,20.854021,-48.413578,PM*,F5
HD 20811, ,3,22,39.7,+,41,55,34,151,-13,8.121,0.267,0.0,0.0,3.826,-0.32,137,2.44,1.35,1.9,1.6,2.2,1.44,1.34,1.54,22.2,1.1,1.3,3,996,0.5,55,25,-39,2,7.3,0.9,-30,-15,-16,8.117,-0.03,7.3,8.4,0.07,0.14,50.66541666666666,41.92611111111111,-116.75185,64.7166,-30.818293,*,F0
HD 20853, ,3,20,45.2,-,26,36,23,221,-57,6.4,0.348,2.626,0.005,3.783,-0.11,49,2.97,1.59,2.7,2.4,4.1,1.38,1.29,1.43,24.4,0.2,0.4,4,1623,0.164,6,40,23,1,20.6,0.7,-19,-11,-15,8.02,-0.041,7.57,8.13,0.04,0.12,50.18833333333333,-26.60638888888889,-20.14117,-17.508453,-41.094856,*,F7V
HD 20889, ,3,17,44.2,-,68,9,35,285,-44,8.049,0.326,2.63,0.004,3.793,-0.26,119,2.67,1.79,2.4,2.1,2.7,1.41,1.34,1.47,-9.2,0.4,0.5,2,749,0.41,16,-3,26,2,8.4,0.6,-13,11,-2,7.977,-0.082,7.97,9.09,0.07,0.12,49.43416666666666,-68.15972222222223,22.155275,-82.68463,-82.66435,*,F5V
HD 20904, ,3,23,28.4,+,33,19,55,156,-20,7.616,0.434,0.0,0.0,3.742,-0.22,112,2.36,3.22,2.2,1.7,2.8,1.35,1.32,1.42,3.5,0.2,0.1,2,658,0.831,3,28,-81,1,8.9,1.0,-10,-36,-26,8.097,-0.038,6.34,8.1,0.12,0.29,50.86833333333333,33.331944444444446,-96.14662,42.807224,-38.306255,PM*,F8
HD 20942, ,3,21,32.9,-,32,25,3,231,-57,8.888,0.371,2.6,-0.005,3.768,-0.41,135,3.24,1.93,6.0,4.5,7.7,1.08,1.02,1.15,26.5,0.3,0.4,2,652,0.261,6,69,25,2,0.0,0.0,-45,-30,2,8.046,-0.113,6.31,8.44,0.14,0.19,50.38708333333333,-32.4175,-46.271584,-57.140648,-113.22053,PM*,F7V
HD 20958, ,3,19,0.4,-,65,53,17,283,-45,7.411,0.322,2.646,0.014,3.798,-0.18,105,2.3,1.98,1.9,1.7,2.1,1.55,1.47,1.62,27.1,0.9,1.3,2,1186,0.033,22,-2,-68,2,9.5,0.6,33,-28,-5,7.984,-0.074,6.24,8.57,0.16,0.08,49.75166666666666,-65.88805555555557,16.701775,-72.34328,-74.24621,PM*,F7IV
HD 21045, ,3,26,1.8,+,51,25,6,146,-4,7.322,0.343,2.621,0.002,3.782,-0.38,63,3.33,1.49,5.3,4.1,6.9,1.09,1.03,1.18,-50.2,0.3,0.6,3,1102,0.113,8,-71,74,2,0.0,0.0,58,-3,10,8.052,-0.005,6.72,10.1,0.2,0.3,51.5075,51.41833333333333,-52.102135,35.143345,-4.3946576,PM*,F8
HD 21106, ,3,28,54.1,+,69,16,58,136,11,7.333,0.337,0.0,0.0,3.787,-0.27,69,3.14,1.47,4.4,3.0,5.0,1.18,1.14,1.31,-8.9,0.3,0.2,2,604,0.651,7,-9,35,1,14.5,0.7,14,0,6,8.049,0.013,7.64,8.85,0.07,0.2,52.22541666666666,69.28277777777778,-48.72252,47.0508,13.165821,*,F5
HD 21132, ,3,21,24.2,-,61,29,17,277,-48,7.864,0.333,2.632,0.019,3.783,-0.51,54,4.2,0.7,6.4,3.5,8.2,0.99,0.94,1.06,15.4,0.2,0.2,3,361,0.62,5,-36,-48,2,18.5,0.6,16,-8,-12,7.995,-0.04,7.3,8.57,0.08,0.08,50.35083333333333,-61.488055555555555,4.403504,-35.86372,-40.12982,PM*,F5/6V
HD 21163, ,3,24,3.8,-,26,2,12,220,-56,7.845,0.286,2.664,-0.001,3.817,-0.04,113,2.58,1.15,1.8,1.5,2.1,1.47,1.38,1.57,20.2,0.8,1.1,2,777,0.201,28,15,-38,2,6.3,1.0,3,-26,-15,8.048,-0.094,6.77,8.12,0.09,0.14,51.015833333333326,-26.03666666666667,-48.40543,-40.616974,-93.68125,*,F3V
HD 21216, ,3,25,10.6,-,6,44,8,191,-48,8.446,0.314,2.633,-0.012,3.797,-0.11,70,4.21,0.03,0.0,0.0,4.0,1.13,1.07,1.18,12.3,1.1,0.1,2,821,0.948,40,1,-1,1,14.2,1.2,-8,-2,-9,8.046,-0.053,8.04,8.28,0.01,0.06,51.29416666666666,-6.735555555555556,-45.97857,-8.937326,-52.02014,*,F5V
HD 21272, ,3,25,12.6,-,21,4,21,212,-55,7.853,0.336,2.644,0.018,3.788,-0.2,79,3.37,1.15,3.3,2.7,5.7,1.17,1.11,1.26,50.6,0.2,0.3,2,778,0.359,8,21,49,2,12.7,1.0,-42,-8,-34,8.039,-0.064,7.26,8.81,0.1,0.46,51.30249999999999,-21.072499999999998,-38.42721,-24.011988,-64.71301,PM*,F7V
HD 21589, ,3,30,45.0,+,42,12,8,152,-12,6.906,0.248,0.0,0.0,3.836,-0.18,77,2.48,0.98,1.6,1.4,1.8,1.51,1.45,1.57,14.6,1.0,0.8,3,997,0.804,70,93,-19,1,13.0,0.8,-30,-20,11,8.066,-0.015,7.03,8.29,0.08,0.28,52.68749999999999,42.202222222222225,-66.50129,35.359364,-16.009201,PM*,F2
HD 21618, ,3,24,52.7,-,68,20,4,285,-43,8.486,0.325,2.655,0.029,3.806,-0.23,92,3.55,0.59,3.0,2.0,3.7,1.21,1.14,1.26,35.5,0.5,0.7,2,381,0.089,6,52,37,2,10.9,0.7,-18,-36,-19,7.983,-0.063,6.22,8.01,0.13,0.19,51.219583333333325,-68.33444444444444,17.414516,-64.991875,-62.743843,PM*,F6IV/V
HD 21626, ,3,27,43.7,-,43,51,21,251,-55,6.735,0.321,2.628,-0.005,3.796,-0.16,66,2.63,1.68,2.2,2.1,2.4,1.46,1.41,1.51,7.6,0.2,0.2,2,649,0.548,11,40,32,2,15.1,0.6,-16,-7,0,8.012,-0.054,7.8,8.11,0.02,0.11,51.93208333333333,-43.85583333333334,-12.324723,-35.793594,-54.064037,PM*,F6/7IV
HD 21651, ,3,31,9.1,+,39,8,51,154,-14,7.288,0.239,0.0,0.0,3.844,-0.12,119,1.91,1.36,1.2,1.1,1.4,1.69,1.6,1.78,18.2,2.1,2.9,3,997,0.447,110,41,-30,1,8.4,0.9,-28,-18,-4,8.104,-0.029,7.17,8.31,0.07,0.05,52.78791666666666,39.1475,-103.779434,50.616608,-28.788706,*,F5
HD 21654, ,3,29,18.0,-,10,33,17,197,-49,7.507,0.27,2.669,-0.008,3.824,-0.11,81,2.97,0.67,1.8,1.4,2.2,1.39,1.33,1.45,10.6,0.6,0.4,2,1120,0.635,24,-30,12,2,12.4,1.0,-4,9,-13,8.05,-0.061,8.03,9.04,0.06,0.11,52.324999999999996,-10.554722222222223,-50.81878,-15.536865,-61.131477,*,F2V
HD 21667, ,3,29,1.3,-,24,53,44,218,-55,8.65,0.315,2.636,-0.004,3.795,-0.24,88,3.93,0.47,3.6,1.7,5.4,1.11,1.05,1.18,6.8,0.6,0.7,2,814,0.443,24,-16,-5,2,11.4,1.1,2,1,-9,8.04,-0.072,7.9,8.57,0.04,0.08,52.25541666666666,-24.895555555555553,-39.77463,-31.07534,-72.08538,*,F5V
HD 21740, ,3,36,54.5,+,74,37,42,133,15,8.277,0.362,0.0,0.0,3.773,-0.11,64,4.25,0.54,6.2,2.6,9.2,1.03,0.98,1.1,-38.3,0.2,0.2,2,307,0.48,4,-86,13,2,0.0,0.0,40,-9,-22,8.042,0.017,6.88,9.3,0.15,0.24,54.22708333333333,74.62833333333333,-42.160625,45.21174,16.564419,PM*,F8
HD 21804, ,3,31,42.4,+,23,38,58,164,-26,8.08,0.297,2.641,-0.007,3.806,-0.32,105,2.97,1.25,2.6,2.2,3.1,1.28,1.19,1.37,51.3,0.5,0.0,1,0,0.0,10,55,41,1,9.5,1.1,-61,9,7,8.091,-0.046,7.34,10.13,0.16,0.26,52.926666666666655,23.649444444444445,-90.71751,26.012827,-46.028973,PM*,F5
HD 21899, ,3,30,13.5,-,41,22,11,247,-55,6.12,0.317,2.649,0.003,3.8,0.0,34,3.45,0.61,2.8,1.9,3.3,1.29,1.25,1.32,18.2,0.4,0.2,2,739,0.718,15,-11,-173,1,29.3,0.6,20,-23,-13,8.008,-0.028,6.65,8.39,0.12,0.09,52.55625,-41.36972222222222,-7.619883,-17.951315,-27.85117,PM*,F7V
HD 21922, ,3,36,26.0,+,67,57,7,137,10,8.199,0.35,2.601,0.001,3.774,-0.49,60,4.33,0.76,7.5,4.5,11.1,0.96,0.89,1.02,-8.5,0.2,0.2,3,397,0.699,5,70,19,2,16.8,0.9,0,0,0,8.043,0.01,0.0,0.0,0.0,0.0,54.10833333333333,67.95194444444445,-43.214565,40.298233,10.418891,PM*,F8
HD 21962, ,3,32,57.5,+,16,35,54,170,-31,7.031,0.319,2.651,0.007,3.798,0.0,55,3.33,0.78,2.7,2.1,3.2,1.3,1.25,1.35,-6.6,0.4,0.3,2,1484,0.581,14,-23,-93,2,18.2,1.1,15,-15,-15,8.046,-0.029,7.15,8.43,0.08,0.12,53.23958333333332,16.598333333333333,-46.427975,8.18651,-28.327093,PM*,F5
HD 22044, ,3,34,44.9,+,38,48,20,155,-14,7.895,0.276,0.0,0.0,3.819,-0.17,72,3.61,0.19,1.4,0.0,2.7,1.25,1.2,1.3,1.7,0.3,0.6,7,2806,0.654,18,62,-57,2,13.9,1.0,-13,-25,-3,8.063,-0.017,6.87,8.07,0.08,0.06,53.68708333333333,38.80555555555555,-63.31583,29.524662,-17.418377,PM*,F0
HD 22173, ,3,33,45.2,-,15,7,40,204,-50,7.048,0.289,2.666,0.006,3.812,-0.2,50,3.56,0.42,2.5,1.1,3.3,1.23,1.18,1.28,6.3,0.3,0.4,2,827,0.401,14,-58,-130,2,20.1,0.9,23,-14,-21,8.029,-0.038,7.01,8.64,0.1,0.22,53.438333333333325,-15.127777777777778,-29.360783,-13.072259,-38.302223,PM*,F5V
HD 22257, ,3,34,38.1,-,12,17,52,200,-49,7.675,0.328,2.626,-0.001,3.789,-0.36,64,3.65,0.99,4.1,3.0,7.3,1.09,1.04,1.16,27.7,0.2,0.1,2,384,0.761,4,53,-67,2,15.7,0.9,-12,-31,-18,8.039,-0.048,6.53,8.04,0.1,0.16,53.65874999999999,-12.297777777777778,-39.455605,-14.360666,-48.301414,PM*,F7V
HD 22292, ,3,36,19.8,+,28,57,40,161,-21,8.162,0.294,2.672,0.015,3.809,-0.2,71,3.89,0.16,1.6,0.0,3.7,1.18,1.12,1.23,32.1,0.7,0.1,2,1491,0.949,23,12,-59,2,14.0,1.2,-29,-7,-24,8.063,-0.026,7.59,8.5,0.06,0.26,54.082499999999996,28.961111111111112,-62.672955,21.580025,-25.444124,PM*,F8
HD 22328, ,3,36,24.3,+,20,4,3,168,-28,7.479,0.326,2.646,0.015,3.794,-0.22,93,2.63,1.78,2.3,2.0,2.7,1.42,1.35,1.49,34.6,0.5,0.2,2,695,0.817,23,95,-51,1,10.7,1.0,-45,-37,-7,8.08,-0.044,6.02,8.42,0.17,0.05,54.10124999999999,20.0675,-80.31973,17.07248,-43.66086,PM*,F5V
HD 22386, ,3,30,15.5,-,72,58,52,289,-40,9.113,0.347,2.598,-0.017,3.778,-0.4,109,3.93,1.0,6.8,4.4,9.5,1.01,0.96,1.08,13.0,0.4,0.0,1,0,0.0,5,6,66,2,0.0,0.0,-27,-5,-24,7.973,-0.069,7.6,8.43,0.05,0.27,52.564583333333324,-72.98111111111112,27.184565,-78.9497,-70.06384,PM*,F6V
HD 22439, ,3,39,37.1,+,59,22,12,143,3,8.219,0.347,2.608,0.008,3.776,-0.61,60,4.33,0.8,7.4,3.7,11.1,0.95,0.88,1.02,36.1,0.4,0.6,3,726,0.118,6,-11,-23,2,16.7,1.2,-30,21,-5,8.048,0.003,7.93,10.01,0.12,0.04,54.90458333333333,59.37,-47.852455,36.059418,3.1401575,*,F8
HD 22474, ,3,35,50.5,-,26,47,14,222,-54,8.6,0.273,2.654,-0.005,3.818,-0.56,172,2.42,1.74,2.1,1.8,2.4,1.37,1.28,1.47,14.4,0.2,0.3,4,382,0.755,10,20,-12,2,4.6,1.1,-7,-23,-3,8.076,-0.138,7.03,8.08,0.07,0.15,53.96041666666666,-26.787222222222223,-75.13125,-67.64847,-139.15092,*,F2V
HD 22514, ,3,34,46.6,-,53,44,29,266,-50,9.06,0.309,2.663,0.021,3.814,-0.12,158,2.98,0.89,2.1,1.7,2.5,1.34,1.27,1.42,-0.2,0.3,0.2,2,649,0.597,13,-11,-29,2,6.1,0.9,23,-3,1,8.007,-0.121,7.33,8.95,0.1,0.18,53.69416666666665,-53.74138888888889,-7.0845046,-101.31304,-121.03502,*,F5V
HD 22527, ,3,32,59.6,-,67,25,10,283,-43,7.489,0.328,2.642,0.004,3.792,-0.05,49,4.04,0.25,2.9,0.0,5.0,1.15,1.09,1.21,3.2,0.6,0.9,2,1147,0.05,10,-66,-73,2,20.4,0.6,23,4,-4,7.992,-0.033,7.49,9.21,0.1,0.07,53.24833333333333,-67.41944444444445,8.061426,-34.917847,-33.41792,PM*,F6V
HD 22596, ,3,35,42.5,-,53,12,21,265,-50,8.107,0.296,2.655,0.012,3.804,-0.52,90,3.33,1.11,3.1,2.5,5.0,1.17,1.09,1.23,7.1,0.3,0.1,3,363,0.993,11,77,-29,3,11.1,0.7,-5,-31,17,8.005,-0.069,6.53,8.02,0.1,0.39,53.92708333333333,-53.20583333333334,-5.0420346,-57.630745,-68.944,PM*,F3V
HD 22729, ,3,38,3.3,-,32,44,28,232,-54,8.398,0.258,2.676,0.011,3.828,-0.56,179,2.13,1.83,1.8,1.5,2.1,1.47,1.38,1.56,-0.3,0.3,0.7,4,390,0.368,14,-8,-11,2,6.6,0.9,11,-1,-4,8.065,-0.144,7.69,8.75,0.06,0.16,54.51374999999999,-32.74111111111111,-64.77594,-82.90942,-144.81404,*,F0V
HD 22732, ,3,40,56.1,+,41,11,19,154,-11,7.162,0.285,2.652,0.004,3.812,-0.61,81,2.61,1.73,2.3,2.1,2.5,1.35,1.27,1.41,-98.3,0.6,1.1,3,665,0.024,11,-28,89,1,12.3,0.8,96,-14,39,8.072,-0.016,5.87,11.3,0.32,1.19,55.23374999999999,41.18861111111111,-71.46474,34.85568,-15.455528,PM*,F2
HD 22842, ,3,34,13.3,-,72,50,44,289,-39,8.069,0.337,2.665,0.042,3.81,0.09,79,3.39,0.37,1.8,0.8,2.5,1.34,1.29,1.4,-4.3,0.2,0.2,2,815,0.5,8,94,70,2,12.6,0.7,-40,-16,10,7.981,-0.05,6.97,8.49,0.1,0.29,53.55541666666665,-72.84555555555555,19.988106,-58.049667,-49.71631,PM*,F7V
HD 22865, ,3,38,26.3,-,46,14,36,254,-52,8.03,0.333,2.627,-0.007,3.79,-0.04,79,3.55,0.78,3.3,2.6,3.9,1.23,1.15,1.28,33.5,0.2,0.2,4,1153,0.834,6,25,-70,1,12.7,0.7,13,-38,-17,8.013,-0.062,6.06,8.16,0.15,0.16,54.609583333333326,-46.24333333333333,-13.406239,-46.75314,-62.25285,PM*,F7V
HD 22872, ,3,42,41.6,+,51,10,23,148,-3,7.939,0.377,0.0,0.0,3.766,-0.23,70,3.7,1.36,7.6,6.2,9.0,1.06,1.01,1.12,59.3,0.2,0.1,2,609,0.74,4,199,-180,2,14.2,1.1,-97,-45,-11,8.06,-0.004,5.12,9.57,0.3,0.06,55.67333333333333,51.17305555555555,-59.28201,37.04352,-3.6635172,PM*,F9V
HD 22892, ,3,40,10.7,-,9,2,20,197,-46,6.922,0.289,2.66,0.0,3.817,-0.05,109,1.74,2.0,1.3,1.1,1.5,1.77,1.67,1.86,28.7,0.6,0.9,2,777,0.228,26,50,4,2,9.2,0.9,-32,-21,-5,8.072,-0.079,6.91,8.31,0.09,0.09,55.04458333333332,-9.03888888888889,-72.409256,-22.137737,-78.408035,PM*,F3V
HD 22952, ,3,41,28.2,+,12,36,28,175,-33,8.109,0.326,2.615,-0.02,3.79,-0.12,65,4.03,0.37,3.6,0.9,5.6,1.12,1.06,1.18,8.4,0.5,0.6,2,1055,0.38,13,46,-79,1,15.3,1.2,-6,-27,-10,8.055,-0.035,6.76,8.06,0.09,0.06,55.36749999999999,12.607777777777777,-54.30614,4.7511787,-35.40154,PM*,F8
HD 22985, ,3,40,2.9,-,34,32,59,235,-53,7.838,0.35,2.628,0.013,3.779,-0.25,93,2.98,1.8,4.1,3.5,4.7,1.3,1.15,1.37,-5.8,0.2,0.3,2,381,0.314,7,6,-119,2,10.7,0.9,44,-29,5,8.032,-0.075,6.09,8.89,0.19,0.21,55.01208333333332,-34.54972222222222,-32.102375,-45.846954,-74.2731,PM*,F8V
HD 23041, ,3,42,41.1,+,21,16,53,168,-26,7.909,0.413,2.634,0.085,3.796,-0.01,111,2.32,1.84,1.9,1.6,2.3,1.55,1.44,1.65,1.2,0.5,0.9,3,729,0.212,24,2,5,1,8.0,1.1,-2,1,2,8.097,-0.049,8.02,8.62,0.04,0.14,55.67125,21.281388888888888,-97.58601,20.74254,-48.6592,*,F8
HD 23079, ,3,39,43.0,-,52,54,57,264,-50,7.118,0.371,2.62,0.014,3.767,-0.24,35,4.42,0.62,8.4,5.3,12.6,0.97,0.93,1.03,0.5,0.2,0.2,4,2743,0.678,4,-191,-96,8,28.9,0.6,28,14,-16,8.002,-0.026,7.55,9.92,0.14,0.14,54.92916666666666,-52.91583333333333,-2.3516328,-22.374321,-26.811556,PM*,F9.5V
HD 23148, ,3,41,59.2,-,24,39,8,219,-52,6.778,0.316,2.628,-0.015,3.798,-0.06,41,3.73,0.44,3.0,1.5,4.1,1.21,1.16,1.26,8.9,0.3,0.2,2,815,0.683,14,165,-34,2,24.6,0.8,-14,-28,11,8.02,-0.032,6.67,8.03,0.09,0.28,55.49666666666666,-24.65222222222222,-19.616814,-15.885381,-32.30844,PM*,F6V
HD 23412, ,3,45,2.7,+,2,37,16,185,-39,6.642,0.32,2.654,0.018,3.798,-0.17,81,2.09,2.18,1.7,1.5,1.9,1.61,1.55,1.69,-19.2,6.8,9.7,2,367,0.138,30,-3,-54,2,12.3,0.8,25,-14,1,8.063,-0.051,7.01,8.73,0.11,0.14,56.26125,2.621111111111111,-62.70929,-5.486356,-50.974953,PM*,F6/7V
HD 23438, ,3,46,52.8,+,41,51,33,155,-10,8.307,0.377,2.594,0.007,3.762,-0.42,65,4.23,1.08,11.6,8.4,14.3,0.9,0.86,0.99,-56.0,0.3,0.3,2,357,0.461,6,-58,44,1,15.3,1.1,60,-3,9,8.058,-0.011,6.68,10.15,0.21,0.28,56.71999999999999,41.85916666666667,-58.01503,27.052858,-11.287131,PM*,F8
HD 23456, ,3,43,4.7,-,50,38,35,261,-50,6.974,0.337,2.614,0.001,3.782,-0.41,37,4.15,0.69,6.3,4.0,7.7,1.02,0.96,1.07,28.5,0.3,0.4,2,1530,0.211,3,143,501,1,27.3,0.6,-92,2,-24,8.004,-0.028,6.56,10.77,0.24,0.3,55.76958333333333,-50.643055555555556,-3.7205038,-23.49033,-28.343645,PM*,F9VFe-0.8CH-0.5
HD 23464, ,3,46,12.6,+,23,7,42,167,-24,8.69,0.382,2.614,0.015,3.765,-0.08,92,3.87,1.08,7.3,5.3,9.5,1.05,0.99,1.12,-6.7,0.2,0.3,4,717,0.691,3,22,-50,1,0.0,0.0,5,-23,-6,8.082,-0.038,6.91,8.19,0.09,0.04,56.55249999999999,23.128333333333334,-81.89208,18.90628,-37.41977,PM*,F8.5V
HD 23596, ,3,48,0.3,+,40,31,50,156,-11,7.235,0.383,0.0,0.0,3.77,0.2,52,3.65,0.94,5.4,3.1,6.7,1.27,1.23,1.31,-10.2,0.2,0.1,2,631,0.813,4,53,23,2,19.2,0.9,4,-9,14,8.047,-0.01,7.6,8.31,0.04,0.35,57.00124999999999,40.53055555555555,-46.631577,20.761711,-9.922068,PM*,F8
HD 23609, ,3,47,17.1,+,23,43,36,167,-24,6.994,0.34,2.647,0.021,3.801,0.14,62,2.94,0.97,2.1,1.8,2.4,1.45,1.39,1.51,-8.4,0.3,0.1,2,372,0.898,9,-35,-25,1,16.1,1.1,13,0,-8,8.055,-0.025,7.66,8.83,0.07,0.03,56.82124999999999,23.726666666666667,-55.18814,12.741189,-25.217672,*,F5
HD 23623, ,3,48,54.1,+,50,50,24,149,-3,7.341,0.285,0.0,0.0,3.815,-0.14,71,3.07,0.79,2.2,1.7,2.6,1.35,1.3,1.4,-12.3,0.4,0.5,2,1094,0.355,13,24,-89,2,14.0,0.9,-2,-28,-18,8.061,-0.003,6.68,8.09,0.1,0.16,57.22541666666665,50.84,-60.77547,36.517586,-3.715853,PM*,F6Vp
HD 23754, ,3,46,50.8,-,23,14,59,217,-50,4.23,0.278,2.668,-0.01,3.822,0.14,18,2.96,0.5,1.4,1.0,1.9,1.46,1.43,1.55,7.3,0.2,0.5,4,419,0.279,14,-160,-529,1,55.8,0.7,35,-23,-22,8.009,-0.014,6.44,8.76,0.15,0.23,56.71166666666666,-23.249722222222225,-9.240354,-6.963105,-13.7888,PM*,F5IV-V
HD 23820, ,3,50,42.5,+,54,47,3,147,0,8.371,0.298,0.0,0.0,3.807,-0.17,99,3.39,0.68,2.6,1.9,3.3,1.25,1.18,1.31,-18.4,0.4,0.1,2,307,0.892,15,-33,8,2,10.1,1.1,23,2,-7,8.083,0.001,7.52,9.26,0.1,0.0,57.67708333333333,54.784166666666664,-83.02838,53.919266,0.0,*,F5
HD 23822, ,3,48,56.9,+,23,51,25,167,-23,6.484,0.243,2.711,0.019,3.844,0.07,75,2.12,0.99,1.1,0.9,1.3,1.69,1.63,1.76,12.3,1.4,2.3,3,734,0.278,90,48,-59,1,13.4,1.0,-15,-24,-8,8.067,-0.03,6.95,8.08,0.08,0.03,57.237083333333324,23.856944444444444,-67.268425,15.530144,-29.304834,PM*,F0
HD 23965, ,3,50,3.4,+,22,35,29,168,-24,7.292,0.338,2.621,-0.002,3.784,-0.24,37,4.44,0.21,3.1,0.0,7.9,1.04,0.97,1.1,6.9,0.2,0.4,5,1146,0.394,9,156,-62,1,26.9,1.1,-16,-25,7,8.033,-0.015,6.87,8.05,0.08,0.22,57.51416666666666,22.591388888888886,-33.062546,7.027658,-15.049255,PM*,F7
HD 24112, ,3,48,46.8,-,40,23,57,245,-51,7.246,0.358,2.624,0.008,3.778,-0.09,52,3.65,1.0,6.0,3.2,7.1,1.13,1.08,1.19,38.6,0.2,0.2,4,3366,0.562,5,92,57,1,19.1,0.7,-33,-29,-17,8.014,-0.041,6.48,8.2,0.12,0.15,57.194999999999986,-40.399166666666666,-13.830036,-29.658615,-40.41159,PM*,F8V
HD 24115, ,3,44,47.4,-,71,42,12,287,-40,8.938,0.331,2.615,0.001,3.785,-0.66,114,3.66,1.31,6.6,4.8,8.4,1.02,0.97,1.08,8.1,0.2,0.2,3,714,0.836,6,-33,-17,2,8.8,0.8,18,4,-12,7.975,-0.072,7.57,9.07,0.09,0.11,56.1975,-71.70333333333333,25.532524,-83.51321,-73.27779,*,F6wF3V
HD 24159, ,3,49,54.8,-,25,30,10,221,-50,8.223,0.377,2.598,-0.003,3.766,-0.4,113,2.96,2.24,4.7,3.4,6.2,1.14,1.05,1.26,44.0,0.3,0.2,2,816,0.722,6,14,62,2,8.4,1.2,-50,-2,-24,8.055,-0.087,7.28,9.26,0.12,0.29,57.47833333333332,-25.502777777777776,-54.818325,-47.652847,-86.56302,PM*,F7V
HD 24163, ,4,3,31.1,+,81,34,36,130,21,7.651,0.276,0.0,0.0,3.821,-0.11,95,2.76,0.94,1.9,1.6,2.2,1.44,1.38,1.5,6.3,1.5,2.2,2,371,0.082,35,-23,-47,2,10.5,0.7,-15,6,-18,8.057,0.035,8.04,8.81,0.05,0.17,60.87958333333333,81.57666666666667,-57.008926,67.94059,34.044956,PM*,F5
HD 24183, ,3,50,35.1,-,11,59,44,202,-45,7.743,0.346,2.627,0.01,3.782,-0.23,74,3.39,1.3,5.2,3.4,6.4,1.14,1.07,1.22,31.0,0.2,0.1,2,970,0.801,5,-29,14,2,13.5,1.3,-20,3,-26,8.048,-0.053,7.96,8.7,0.04,0.32,57.646249999999995,-11.995555555555555,-48.515728,-19.60163,-52.3259,*,F6V
HD 24326, ,3,52,7.8,-,3,35,48,192,-41,7.741,0.334,2.632,0.006,3.787,-0.22,80,3.23,1.34,4.6,2.7,5.4,1.18,1.13,1.29,10.3,0.3,0.1,2,1145,0.821,5,-24,-38,2,12.5,1.0,3,-6,-19,8.059,-0.052,7.73,8.37,0.04,0.18,58.03249999999999,-3.5966666666666667,-59.057392,-12.553042,-52.484722,*,F7V
HD 24371, ,3,52,30.8,-,5,3,14,194,-42,6.738,0.277,2.638,-0.032,3.818,-0.41,77,2.31,1.72,1.9,1.7,2.1,1.48,1.42,1.54,21.3,0.4,0.3,2,777,0.642,18,8,31,2,13.0,0.9,-23,2,-8,8.056,-0.051,7.91,8.72,0.05,0.05,58.12833333333333,-5.053888888888888,-55.522408,-13.843286,-51.52306,*,F2V
HD 24374, ,3,51,18.0,-,33,44,59,234,-51,8.142,0.327,2.619,-0.022,3.793,-0.15,122,2.71,1.65,2.4,2.1,2.8,1.41,1.33,1.49,31.0,0.3,0.3,2,776,0.424,11,30,1,2,8.2,0.9,-20,-26,-13,8.045,-0.095,6.78,8.09,0.09,0.13,57.824999999999996,-33.749722222222225,-45.128456,-62.113953,-94.81181,*,F5V
HD 24390, ,3,51,50.4,-,28,50,14,226,-50,8.387,0.372,2.608,0.008,3.767,-0.33,75,4.01,1.11,9.5,7.2,11.6,1.0,0.96,1.04,-20.3,0.2,0.1,3,363,0.964,5,-62,-61,2,13.3,0.9,36,10,-1,8.033,-0.058,7.39,9.95,0.15,0.12,57.959999999999994,-28.83722222222222,-33.48883,-34.678703,-57.45333,PM*,F8V
HD 24406, ,3,51,3.0,-,44,21,53,251,-50,8.008,0.25,2.683,-0.006,3.839,-0.03,185,1.67,1.61,1.1,1.0,1.3,1.77,1.66,1.9,7.5,0.6,0.3,2,470,0.719,25,31,21,1,5.4,0.7,-30,-14,10,8.039,-0.143,7.29,8.33,0.07,0.31,57.762499999999996,-44.36472222222223,-38.715168,-112.437004,-141.71822,*,F2III
HD 24421, ,3,55,37.0,+,52,13,36,149,-1,6.815,0.348,2.611,0.009,3.776,-0.6,40,3.8,1.32,8.4,7.2,9.9,0.99,0.96,1.03,-33.3,0.3,0.6,3,682,0.103,5,-119,110,1,25.0,0.9,44,9,2,8.034,-0.001,7.22,10.19,0.17,0.16,58.904166666666654,52.22666666666667,-34.28147,20.598385,-0.6980962,PM*,F8VmF1
HD 24424, ,3,52,59.8,-,4,22,15,193,-41,7.509,0.29,2.633,-0.009,3.809,-0.78,116,2.18,2.36,2.1,1.8,3.0,1.4,1.27,1.48,-39.6,0.2,0.2,3,382,0.725,9,21,-57,2,8.6,0.9,41,-24,20,8.085,-0.077,6.38,9.0,0.17,0.5,58.24916666666666,-4.370833333333333,-85.302505,-19.693634,-76.102844,PM*,F0V
HD 24426, ,3,50,59.7,-,48,31,37,257,-49,7.891,0.281,2.653,-0.011,3.814,-0.27,72,3.59,0.41,2.5,1.0,3.5,1.21,1.16,1.27,6.1,2.4,2.3,2,1825,0.504,24,-6,42,1,13.8,0.7,-13,4,-8,8.011,-0.055,8.0,8.6,0.04,0.06,57.748749999999994,-48.526944444444446,-10.625851,-46.02559,-54.339092,*,F5V
HD 24443, ,3,53,45.3,+,13,30,18,176,-30,8.253,0.31,2.665,0.019,3.803,-0.09,103,3.19,0.89,2.5,2.0,3.1,1.29,1.21,1.37,31.0,0.3,0.3,2,370,0.461,12,65,-8,2,9.7,1.2,-39,-22,3,8.089,-0.051,6.81,8.46,0.11,0.16,58.43874999999999,13.505,-88.98333,6.2223196,-51.5,PM*,F5
HD 24649, ,3,53,27.2,-,41,13,21,246,-50,7.227,0.342,2.647,0.027,3.796,-0.12,41,4.03,0.24,2.6,0.0,4.9,1.15,1.08,1.2,14.5,0.9,0.5,2,680,0.707,30,28,67,1,24.2,0.7,-18,-6,-8,8.011,-0.032,7.82,8.18,0.02,0.04,58.36333333333333,-41.222500000000004,-10.719255,-24.075842,-31.407822,PM*,F6V
HD 24650, ,3,51,42.8,-,60,21,36,273,-45,7.879,0.358,2.631,0.014,3.78,-0.02,77,3.45,1.09,3.3,2.8,5.7,1.24,1.14,1.31,28.2,0.4,0.6,2,629,0.101,11,-9,-29,2,13.0,0.6,12,-21,-19,7.997,-0.054,6.89,8.24,0.09,0.18,57.92833333333333,-60.36,2.8495579,-54.3726,-54.44722,*,F8V
HD 24664, ,3,56,45.0,+,36,0,9,160,-13,8.301,0.344,2.609,-0.002,3.779,-0.41,66,4.21,0.7,6.5,3.8,9.0,1.0,0.94,1.06,-19.0,0.3,0.1,2,376,0.756,7,127,-38,3,15.2,1.1,1,-40,21,8.06,-0.015,6.09,8.09,0.14,0.49,59.1875,36.0025,-60.430153,21.994781,-14.846769,PM*,F8V
HD 24672, ,3,54,35.6,-,20,27,39,214,-48,8.584,0.293,2.66,0.003,3.809,-0.24,105,3.47,0.62,2.7,1.8,3.4,1.21,1.14,1.28,18.9,0.5,0.1,2,381,0.956,20,8,-19,2,9.5,1.2,-6,-16,-13,8.059,-0.078,7.41,8.07,0.04,0.12,58.648333333333326,-20.460833333333333,-58.247112,-39.288177,-78.03021,*,F3V
HD 24674, ,3,51,15.1,-,65,17,28,279,-43,9.083,0.328,2.61,-0.01,3.786,-0.64,111,3.85,1.08,6.0,3.7,8.7,1.02,0.96,1.07,8.8,0.2,0.3,3,1000,0.384,6,-49,-127,2,9.0,0.8,72,-4,3,7.987,-0.075,6.39,10.46,0.24,0.19,57.81291666666666,-65.2911111111111,12.699396,-80.18079,-75.70181,PM*,F6wF3
HD 24740, ,3,56,52.0,+,22,28,40,170,-23,5.63,0.225,2.703,-0.002,3.85,-0.16,45,2.37,0.84,1.3,1.1,1.6,1.57,1.52,1.62,32.7,0.5,1.0,4,737,0.133,20,70,-114,1,22.3,0.9,-32,-22,-19,8.041,-0.018,6.85,8.27,0.09,0.18,59.21666666666666,22.477777777777778,-40.79341,7.1929836,-17.582901,PM*,F2IVs
HD 24755, ,3,54,49.0,-,35,42,11,237,-50,7.699,0.31,2.648,0.019,3.796,-0.61,61,3.79,0.9,4.1,2.8,5.7,1.07,1.01,1.12,45.3,0.2,0.2,3,169,0.666,9,110,216,2,16.5,0.7,-81,-10,-13,8.021,-0.047,6.43,9.89,0.21,0.11,58.70416666666666,-35.70305555555556,-21.355322,-32.884308,-46.72871,PM*,F6V
HD 24779, ,3,56,36.1,+,6,42,38,183,-34,7.838,0.244,2.702,0.009,3.839,-0.09,96,2.92,0.41,1.3,0.7,1.8,1.43,1.37,1.49,29.3,1.4,1.4,3,681,0.509,70,80,-55,2,10.4,0.9,-29,-44,-6,8.08,-0.054,5.85,8.17,0.17,0.06,59.150416666666665,6.710555555555556,-79.47853,-4.165296,-53.682518,PM*,F0
HD 24848, ,3,56,11.8,-,23,25,31,218,-48,8.338,0.301,2.639,-0.011,3.805,-0.18,85,3.7,0.42,2.8,1.2,3.9,1.19,1.13,1.25,17.3,0.3,0.1,2,765,0.797,13,66,-10,2,11.8,1.1,-17,-27,3,8.044,-0.063,6.75,8.06,0.09,0.17,59.049166666666665,-23.42527777777778,-44.81898,-35.01642,-63.167313,PM*,F3/5V
HD 24976, ,3,56,17.7,-,43,37,5,249,-50,8.134,0.329,2.642,0.012,3.792,-0.2,83,3.53,0.9,3.4,2.9,5.1,1.17,1.1,1.25,-6.5,0.3,0.4,2,776,0.23,8,-2,16,1,12.0,0.7,-4,7,4,8.019,-0.063,7.99,8.89,0.05,0.19,59.07375,-43.61805555555556,-19.119411,-49.807793,-63.581688,*,F5/6V
HD 25054, ,3,55,23.4,-,60,54,25,274,-44,7.623,0.33,2.662,0.031,3.812,0.21,88,2.76,0.86,1.8,1.4,2.3,1.54,1.49,1.59,9.6,0.4,0.1,2,629,0.97,21,51,16,2,11.3,0.6,-15,-19,5,7.996,-0.062,7.17,8.01,0.05,0.19,58.84749999999999,-60.90694444444444,4.4157233,-63.1477,-61.12994,PM*,F6/7V
HD 25153, ,4,0,16.6,+,14,18,21,177,-28,8.275,0.316,2.637,-0.003,3.798,-0.16,92,3.46,0.8,3.0,2.4,3.8,1.2,1.13,1.28,37.4,0.5,0.0,1,0,0.0,9,58,-17,1,10.9,1.2,-41,-20,-6,8.081,-0.043,6.85,8.52,0.11,0.05,60.06916666666666,14.305833333333334,-81.11985,4.2513194,-43.191383,PM*,F5
HD 25166, ,3,59,21.7,-,15,8,21,207,-45,8.405,0.311,2.625,-0.022,3.799,-0.35,139,2.69,1.72,2.5,2.1,3.2,1.34,1.2,1.44,20.1,0.2,0.2,2,797,0.581,6,19,-10,2,7.6,1.2,-13,-19,-8,8.087,-0.098,7.23,8.1,0.06,0.1,59.84041666666666,-15.139166666666666,-87.57511,-44.62175,-98.28784,*,F3/5V
HD 25169, ,3,57,51.6,-,46,22,58,253,-49,8.015,0.316,2.621,-0.005,3.793,-0.49,66,3.92,0.74,4.5,2.8,5.9,1.06,1.01,1.12,-5.0,0.2,0.3,3,361,0.617,5,21,-94,1,15.2,0.7,25,-14,11,8.012,-0.049,6.98,8.68,0.11,0.3,59.464999999999996,-46.382777777777775,-12.659675,-41.407894,-49.810833,PM*,F6/7V
HD 25171, ,3,55,49.4,-,65,11,12,279,-42,7.782,0.345,2.617,-0.001,3.781,-0.29,56,4.03,0.74,5.7,3.8,9.1,1.05,0.98,1.1,42.8,0.3,0.5,2,1184,0.188,4,141,83,2,17.8,0.6,-30,-51,-13,7.994,-0.038,5.42,8.09,0.2,0.09,58.955833333333324,-65.18666666666667,6.5101967,-41.103745,-37.471313,PM*,F8V
HD 25173, ,4,7,24.0,+,75,10,30,135,17,7.211,0.361,2.594,0.001,3.768,-0.81,55,3.52,1.92,8.1,7.1,9.1,0.98,0.94,1.03,33.8,0.2,0.3,3,715,0.643,5,167,-308,2,18.3,0.6,-90,-32,-15,8.037,0.016,5.62,9.57,0.26,0.14,61.84999999999999,75.17500000000001,-37.191525,37.191525,16.080442,PM*,F8V
HD 25277, ,3,59,18.8,-,41,53,55,247,-49,8.05,0.298,2.655,0.008,3.808,-0.29,143,2.28,1.87,1.9,1.7,2.2,1.49,1.41,1.58,7.3,1.0,0.7,2,795,0.589,40,-4,-59,1,7.0,0.8,33,-22,-5,8.037,-0.108,6.53,8.76,0.15,0.12,59.828333333333326,-41.89861111111111,-36.657013,-86.35849,-107.92347,PM*,F5V
HD 25292, ,4,3,51.1,+,53,16,39,149,1,7.811,0.379,0.0,0.0,3.768,-0.13,109,2.63,2.29,3.1,2.4,3.8,1.36,1.3,1.42,7.3,0.2,0.2,2,604,0.647,6,24,-77,2,9.2,0.9,-25,-27,-22,8.094,0.001,6.75,8.19,0.1,0.22,60.96291666666666,53.277499999999996,-93.41701,56.1306,1.9023123,PM*,F8V
HD 25311, ,4,1,46.2,+,13,50,14,177,-28,8.292,0.338,2.637,0.008,3.789,-0.05,85,3.63,0.73,3.4,2.6,4.4,1.19,1.11,1.26,-40.5,0.3,0.2,2,371,0.654,8,-4,-90,1,11.7,1.0,47,-28,-3,8.075,-0.04,6.12,9.03,0.19,0.07,60.44249999999999,13.837222222222223,-74.947685,3.9278493,-39.905083,PM*,F8
HD 25322, ,4,2,15.2,+,22,25,20,171,-22,7.817,0.316,2.621,-0.005,3.793,-0.67,87,3.12,1.68,4.7,3.9,5.6,1.12,1.07,1.19,-22.8,0.3,0.2,2,377,0.576,8,-66,-55,1,11.5,1.0,35,-3,-24,8.079,-0.033,7.19,9.4,0.13,0.28,60.563333333333325,22.422222222222224,-79.671875,12.618784,-32.59077,PM*,F5V
HD 25333, ,4,0,24.4,-,29,14,5,227,-49,8.949,0.286,2.657,0.007,3.809,-0.57,110,3.74,0.63,3.0,0.7,4.3,1.12,1.06,1.18,1.6,0.4,0.4,3,361,0.671,15,-1,44,2,8.6,1.2,-19,13,1,8.049,-0.082,8.01,9.32,0.08,0.16,60.10166666666666,-29.234722222222224,-49.217434,-52.779236,-83.01806,*,F2V
HD 25346, ,3,58,42.9,-,57,6,8,269,-46,6.05,0.293,2.656,-0.003,3.813,-0.05,62,2.1,1.73,1.5,1.4,1.7,1.67,1.62,1.71,10.8,1.8,2.5,2,467,0.091,50,27,12,1,16.2,0.5,-6,-12,-4,8.001,-0.044,7.59,8.02,0.03,0.07,59.678749999999994,-57.102222222222224,-0.7516498,-43.062263,-44.599068,*,F5IV/V
HD 25401, ,4,1,20.9,-,26,31,0,223,-48,7.521,0.349,2.601,-0.014,3.777,-0.48,67,3.4,1.61,6.1,5.2,7.2,1.07,1.03,1.12,-13.2,0.2,0.3,4,3075,0.585,7,88,4,2,15.0,0.9,-5,-11,28,8.032,-0.049,7.7,8.08,0.02,0.63,60.33708333333333,-26.516666666666666,-32.78787,-30.575174,-49.790707,PM*,F7V
HD 25414, ,4,2,17.1,-,1,37,57,192,-38,7.733,0.297,2.655,-0.005,3.808,-0.07,69,3.54,0.41,2.3,1.0,3.2,1.26,1.21,1.31,20.2,2.5,3.5,2,758,0.099,60,59,-30,1,14.5,1.0,-18,-23,-4,8.053,-0.042,6.96,8.09,0.07,0.06,60.571249999999985,-1.6325,-53.184566,-11.304734,-42.480644,PM*,F5/6IV
HD 25456, ,4,3,6.5,+,14,29,0,177,-28,8.475,0.415,2.63,0.089,3.795,-0.15,128,2.56,1.76,2.3,1.9,2.7,1.44,1.35,1.53,47.9,0.2,0.1,3,468,0.991,7,23,-14,1,5.7,1.4,-45,-13,-18,8.113,-0.059,7.06,8.81,0.11,0.18,60.77708333333332,14.483333333333333,-112.8624,5.914879,-60.09236,*,F8
HD 25459, ,4,1,52.0,-,20,28,30,215,-46,7.839,0.338,2.619,-0.012,3.787,-0.29,108,2.67,1.96,2.8,2.2,4.3,1.35,1.18,1.46,5.3,0.2,0.3,2,1145,0.415,7,26,3,2,8.2,1.1,-9,-10,5,8.061,-0.078,7.8,8.06,0.02,0.2,60.466666666666654,-20.474999999999998,-61.455334,-43.031483,-77.6887,*,F8V
HD 25463, ,4,2,59.5,+,9,12,30,182,-31,6.902,0.316,2.647,0.008,3.796,-0.26,44,3.68,0.72,3.7,2.9,4.4,1.15,1.08,1.21,28.1,0.4,0.1,2,332,0.917,10,92,-163,2,22.7,0.8,-19,-39,-20,8.038,-0.023,6.1,8.06,0.14,0.2,60.74791666666666,9.208333333333332,-37.692387,-1.3162429,-22.661674,PM*,F8
HD 25473, ,4,9,22.3,+,73,34,13,136,16,6.758,0.347,0.0,0.0,3.783,-0.19,65,2.71,1.92,3.2,2.2,3.5,1.41,1.35,1.49,-28.9,0.2,0.3,2,603,0.442,6,-49,37,2,15.5,0.6,32,-6,-10,8.045,0.018,7.11,9.17,0.13,0.05,62.34291666666667,73.57027777777778,-44.945793,43.403656,17.916428,PM*,F5
HD 25522, ,4,2,30.6,-,19,29,53,214,-46,7.912,0.34,2.641,0.018,3.787,-0.18,93,3.07,1.46,3.1,2.5,5.0,1.19,1.13,1.35,-4.1,0.3,0.2,2,796,0.604,18,16,-22,2,6.4,1.0,7,-9,5,8.054,-0.067,7.53,8.36,0.05,0.2,60.62749999999998,-19.498055555555556,-53.558506,-36.12567,-66.8986,*,F7/8V
HD 25562, ,4,2,45.3,-,20,43,25,215,-46,8.167,0.317,2.639,0.001,3.794,-0.27,66,4.07,0.38,3.7,0.0,5.9,1.09,1.03,1.15,22.8,0.3,0.1,2,385,0.956,10,-58,-10,2,0.0,0.0,-4,1,-29,8.037,-0.048,7.99,8.52,0.03,0.36,60.68874999999999,-20.723611111111108,-37.556038,-26.297018,-47.476425,PM*,F5/6V
HD 25570, ,4,3,56.6,+,8,11,50,183,-32,5.45,0.249,2.686,-0.002,3.834,-0.24,36,2.67,0.88,1.8,1.5,2.0,1.45,1.4,1.49,43.3,1.6,0.0,1,0,0.0,45,166,27,2,27.8,0.9,-49,-17,-1,8.031,-0.019,6.8,8.75,0.13,0.09,60.985833333333325,8.197222222222223,-30.48789,-1.5978036,-19.077093,PM*,F2Vs
HD 25587, ,4,2,42.7,-,27,29,0,225,-48,7.406,0.347,2.611,-0.013,3.781,-0.21,57,3.62,1.07,6.1,3.6,7.3,1.11,1.06,1.16,11.2,0.2,0.5,5,2889,0.199,8,91,76,2,17.5,0.9,-31,-9,11,8.027,-0.042,7.45,8.46,0.06,0.29,60.677916666666654,-27.483333333333334,-26.969366,-26.969362,-42.359257,PM*,F7V
HD 25621, ,4,4,9.8,+,2,49,37,188,-35,5.36,0.327,2.632,-0.002,3.794,-0.09,35,2.66,1.63,2.3,2.1,2.4,1.48,1.43,1.52,-18.2,0.3,0.4,3,609,0.346,16,149,-128,2,28.9,0.8,15,-30,16,8.028,-0.02,6.48,8.26,0.12,0.39,61.040833333333325,2.826944444444444,-28.391304,-3.9901383,-20.075176,PM*,F6V
HD 25782, ,4,5,4.9,-,4,47,8,196,-39,8.273,0.327,2.62,-0.012,3.79,-0.4,109,3.09,1.56,4.4,2.8,5.4,1.16,1.1,1.24,-5.7,0.2,0.2,2,381,0.452,8,-8,-91,1,9.2,1.1,31,-31,-19,8.081,-0.068,6.26,8.6,0.16,0.2,61.27041666666665,-4.785555555555556,-81.42744,-23.348936,-68.595924,PM*,F5V
HD 25789, ,4,5,16.0,-,0,34,8,192,-36,7.128,0.298,2.632,-0.018,3.81,-0.12,99,2.15,1.81,1.6,1.4,1.9,1.6,1.52,1.68,-17.4,0.4,0.5,2,797,0.176,14,8,-54,1,10.1,0.9,24,-19,1,8.078,-0.059,6.83,8.63,0.12,0.14,61.31666666666665,-0.5688888888888889,-78.34246,-16.652212,-58.19074,PM*,F3/5IV/V
HD 25890, ,4,8,27.6,+,49,52,59,152,-1,8.061,0.374,2.599,-0.002,3.766,-0.44,96,3.15,2.08,5.6,4.3,7.1,1.09,1.03,1.17,22.5,0.2,0.3,2,628,0.418,1,60,-115,2,10.4,1.2,-45,-39,-21,8.085,-0.002,5.96,8.42,0.17,0.21,62.114999999999995,49.88305555555556,-84.75006,45.06241,-1.675431,PM*,F8
HD 25948, ,4,9,22.2,+,54,49,43,149,2,6.16,0.282,2.664,-0.009,3.818,0.04,47,2.78,0.85,1.8,1.4,2.1,1.48,1.44,1.52,-3.9,0.4,0.2,2,1185,0.682,12,72,-92,2,21.1,0.8,-10,-24,-5,8.041,0.002,6.92,8.04,0.08,0.04,62.3425,54.828611111111115,-40.26232,24.192043,1.6402763,PM*,F5V
HD 25953, ,4,6,41.5,+,1,41,2,189,-35,7.826,0.331,2.637,0.007,3.787,-0.24,55,4.11,0.47,4.8,2.0,6.9,1.07,1.01,1.13,15.9,1.3,1.8,2,1107,0.174,30,40,-93,1,18.1,1.1,-5,-27,-14,8.045,-0.032,6.74,8.05,0.09,0.1,61.672916666666644,1.683888888888889,-44.498684,-7.0478954,-31.546705,PM*,F6V
HD 25983, ,4,5,36.6,-,31,3,3,230,-48,6.943,0.348,2.65,0.032,3.803,0.18,69,2.61,1.23,1.8,1.6,2.1,1.56,1.51,1.62,34.4,0.2,0.1,2,1143,0.881,14,37,-22,2,14.5,0.8,-13,-30,-18,8.03,-0.051,6.61,8.03,0.1,0.17,61.40249999999999,-31.050833333333333,-29.677505,-35.368286,-51.276997,*,F6V
HD 26054, ,4,6,58.9,-,15,59,21,210,-43,7.813,0.291,2.687,0.034,3.84,0.26,183,1.35,1.68,0.9,0.7,1.2,2.01,1.9,2.15,46.6,0.3,0.4,2,1102,0.295,12,37,-22,2,3.0,1.0,-30,-49,-16,8.116,-0.126,5.62,8.2,0.19,0.18,61.74541666666666,-15.989166666666666,-115.906876,-66.91885,-124.805695,*,F5.5II
HD 26200, ,4,10,21.2,+,39,13,32,160,-9,7.02,0.272,0.0,0.0,3.82,-0.29,56,3.26,0.63,2.3,1.7,2.9,1.28,1.23,1.32,-53.1,0.7,1.0,2,204,0.109,14,5,-27,1,17.7,0.8,48,-24,4,8.052,-0.009,6.24,9.12,0.19,0.18,62.58833333333334,39.22555555555556,-51.97491,18.917326,-8.76033,*,F0
HD 26244, ,4,7,6.1,-,44,56,44,251,-47,8.35,0.365,2.606,-0.003,3.771,-0.2,64,4.32,0.6,7.3,4.3,10.5,1.0,0.96,1.06,15.4,0.3,0.1,2,780,0.793,5,27,16,1,15.6,0.8,-11,-13,-6,8.014,-0.047,7.54,8.02,0.03,0.05,61.77541666666665,-44.94555555555555,-14.210364,-41.26989,-46.806637,*,F8IV
HD 26246, ,4,6,51.2,-,49,37,42,258,-47,6.868,0.256,2.668,-0.005,3.832,-0.43,103,1.8,1.96,1.4,1.3,1.5,1.64,1.59,1.71,28.7,0.3,0.5,2,91,0.195,10,56,22,1,9.7,0.6,-25,-33,-4,8.015,-0.075,6.38,8.09,0.12,0.09,61.71333333333332,-49.62833333333333,-14.604944,-68.710785,-75.32943,PM*,F3IV/V
HD 26279, ,4,8,49.9,-,17,56,42,212,-44,8.092,0.248,2.688,-0.001,3.838,-0.1,157,2.11,1.24,1.3,1.1,1.6,1.6,1.51,1.71,22.6,1.0,1.3,4,451,0.643,55,12,13,2,6.2,1.0,-24,-7,-7,8.096,-0.109,7.7,8.39,0.04,0.11,62.20791666666666,-17.945,-95.77545,-59.847145,-109.06137,*,F2V
HD 26292, ,4,9,43.0,+,3,19,21,188,-33,6.493,0.291,2.652,-0.007,3.812,-0.15,63,2.51,1.43,2.0,1.7,2.2,1.49,1.43,1.55,-3.0,0.3,0.1,2,363,0.889,6,-51,-60,1,16.0,1.0,16,-3,-17,8.052,-0.034,7.52,8.78,0.08,0.16,62.42916666666667,3.3225,-52.32205,-7.3533854,-34.31226,PM*,F3IV
HD 26345, ,4,10,42.3,+,18,25,23,175,-24,6.601,0.273,2.667,-0.014,3.823,0.07,43,3.43,0.07,0.5,0.0,1.7,1.35,1.31,1.4,36.8,0.7,0.1,2,317,0.942,27,122,-31,1,23.2,0.9,-41,-18,-2,8.039,-0.017,6.89,8.52,0.11,0.08,62.676249999999996,18.423055555555557,-39.13297,3.4236963,-17.489676,PM*,F6V
HD 26370, ,4,12,37.8,+,51,10,6,152,0,8.281,0.277,0.0,0.0,3.816,-0.33,99,3.3,0.71,2.5,1.8,3.1,1.24,1.17,1.3,-9.9,2.8,4.0,2,236,0.012,35,10,6,1,10.1,1.1,8,-6,5,8.087,0.0,7.65,8.53,0.05,0.19,63.1575,51.16833333333333,-87.41181,46.477684,0.0,*,F2
HD 26417, ,4,10,1.4,-,18,42,40,213,-44,8.223,0.307,2.642,-0.001,3.804,-0.19,141,2.48,1.67,2.1,1.8,2.5,1.45,1.36,1.54,27.0,0.3,0.4,2,791,0.32,13,10,-8,2,6.4,1.0,-15,-18,-15,8.085,-0.098,7.29,8.11,0.05,0.16,62.50583333333333,-18.711111111111112,-85.06377,-55.241043,-97.94683,*,F3/5V
HD 26519, ,4,10,41.3,-,25,25,33,223,-46,7.856,0.301,2.635,0.005,3.8,-0.66,63,3.88,0.76,3.9,1.8,5.6,1.06,1.01,1.13,5.5,0.2,0.2,3,383,0.848,9,-60,-153,2,16.0,0.9,38,-19,-24,8.032,-0.045,6.57,8.96,0.15,0.28,62.67208333333333,-25.425833333333333,-32.006584,-29.846615,-45.318405,PM*,F5V
HD 26665, ,4,11,3.0,-,46,56,29,254,-46,7.377,0.332,2.622,-0.011,3.789,-0.3,111,2.15,2.44,1.9,1.7,2.5,1.56,1.44,1.63,15.4,0.3,0.1,2,627,0.904,14,-26,-110,1,9.0,0.6,54,-25,-16,8.022,-0.081,6.09,9.25,0.21,0.17,62.762499999999996,-46.94138888888889,-21.25358,-74.12009,-79.84672,PM*,F6V
HD 26720, ,4,14,20.9,+,19,34,46,175,-22,8.177,0.34,2.637,0.021,3.798,-0.14,117,2.75,1.49,2.4,2.0,2.8,1.39,1.29,1.48,-32.1,0.3,0.1,2,698,0.906,11,16,-52,1,6.8,1.3,32,-30,1,8.108,-0.044,6.27,8.66,0.16,0.13,63.58708333333333,19.579444444444444,-108.06771,9.454714,-43.828968,PM*,F8
HD 26754, ,4,10,7.4,-,61,35,56,273,-42,7.161,0.353,2.609,0.006,3.774,-0.41,41,4.11,0.92,6.7,4.9,11.8,0.99,0.95,1.05,-7.1,0.2,0.4,4,4429,0.217,3,11,-79,2,24.5,0.5,13,0,11,7.998,-0.028,7.62,8.83,0.07,0.28,62.530833333333334,-61.598888888888894,1.5946268,-30.42718,-27.434355,PM*,F7/8V
HD 26784, ,4,14,34.3,+,10,42,4,182,-28,7.099,0.333,2.641,0.005,3.79,0.01,47,3.72,0.56,3.4,2.3,4.3,1.22,1.15,1.26,36.5,0.6,0.0,1,0,0.0,17,121,-5,2,21.1,1.0,-41,-20,1,8.042,-0.022,6.83,8.5,0.11,0.13,63.64291666666666,10.70111111111111,-41.473255,-1.4482733,-22.065165,PM*,F8V
HD 26822, ,4,11,56.3,-,52,25,26,261,-45,8.29,0.332,2.63,0.001,3.787,-0.22,70,4.07,0.5,4.7,2.3,6.7,1.07,1.02,1.14,2.4,0.3,0.4,2,1006,0.273,8,-44,3,2,14.3,0.7,4,8,-12,8.007,-0.05,7.9,9.01,0.07,0.09,62.984583333333326,-52.42388888888889,-7.743113,-48.888077,-49.497475,*,F6V
HD 27023, ,4,18,41.5,+,49,32,0,154,-1,7.753,0.281,2.656,-0.005,3.814,-0.36,79,3.26,0.82,2.5,2.0,3.2,1.22,1.15,1.29,-11.2,1.4,1.9,2,804,0.122,25,30,-88,2,0.0,0.0,-4,-33,-15,8.071,-0.001,6.46,8.09,0.11,0.12,64.67291666666665,49.53333333333333,-70.99392,34.626045,-1.3787401,PM*,F2
HD 27110, ,4,17,27.4,+,16,35,26,178,-24,8.373,0.317,2.667,0.044,3.818,-0.39,100,3.18,0.84,2.4,1.9,3.0,1.24,1.17,1.31,-14.8,0.6,0.9,2,345,0.296,18,-24,12,1,6.2,1.3,16,11,2,8.092,-0.04,7.82,9.55,0.1,0.15,64.36416666666666,16.590555555555554,-91.2989,3.1882234,-40.673664,*,F5
HD 27127, ,4,18,19.8,+,33,50,50,165,-12,8.241,0.346,2.641,0.036,3.802,-0.22,98,3.13,1.1,2.7,2.3,3.2,1.27,1.18,1.35,8.9,0.4,0.4,2,394,0.475,13,41,-62,2,10.2,1.1,-16,-31,-8,8.093,-0.02,6.57,8.11,0.1,0.03,64.58249999999998,33.84722222222222,-92.59217,24.810005,-20.375347,PM*,F8
HD 27157, ,4,19,13.0,+,42,22,52,159,-6,6.969,0.31,0.0,0.0,3.802,-0.28,99,1.99,2.29,1.7,1.5,2.0,1.59,1.51,1.66,8.1,0.7,0.8,2,628,0.444,27,-21,-58,2,10.1,0.9,-10,-9,-27,8.092,-0.01,7.86,8.09,0.01,0.3,64.80416666666665,42.38111111111111,-91.91816,35.284073,-10.348318,PM*,F5
HD 27170, ,4,16,1.9,-,35,15,57,237,-46,8.051,0.327,2.627,0.003,3.788,-0.4,71,3.8,0.9,4.5,3.1,7.8,1.07,1.02,1.13,-5.1,0.2,0.3,4,770,0.433,6,51,-71,2,14.1,0.8,17,-20,14,8.027,-0.051,6.88,8.39,0.1,0.35,64.00791666666666,-35.26583333333333,-26.862007,-41.363857,-51.073124,PM*,F5V
HD 27212, ,4,14,20.5,-,60,12,30,271,-43,8.815,0.239,2.683,-0.01,3.837,-0.39,161,2.78,0.85,1.8,1.4,2.1,1.34,1.28,1.42,21.0,1.1,1.5,2,380,0.169,27,8,24,2,5.1,0.7,-19,-15,-15,7.997,-0.109,7.33,8.07,0.05,0.16,63.58541666666665,-60.208333333333336,2.0549746,-117.73002,-109.80173,*,F2V
HD 27231, ,4,16,9.0,-,42,37,33,247,-46,8.306,0.26,2.687,0.009,3.827,-0.29,123,2.85,0.89,2.0,1.6,2.3,1.37,1.3,1.43,25.2,0.7,1.0,2,380,0.286,29,-7,52,1,8.1,0.7,-33,0,-22,8.033,-0.089,7.64,8.83,0.07,0.25,64.0375,-42.62583333333333,-33.385242,-78.65068,-88.47879,PM*,F2V
HD 27291, ,4,21,21.5,+,53,42,3,151,3,7.861,0.257,2.673,-0.004,3.826,-0.5,79,3.38,0.56,2.2,1.0,2.9,1.22,1.17,1.28,4.7,1.3,2.2,3,1136,0.076,35,-29,-29,2,12.7,1.1,-5,3,-15,8.069,0.004,8.04,8.62,0.03,0.12,65.33958333333331,53.700833333333335,-69.00027,38.247467,4.1345406,*,F5
HD 27305, ,4,14,22.0,-,64,58,3,277,-41,8.076,0.314,2.632,0.015,3.793,-0.76,74,3.73,1.14,5.5,3.3,7.8,1.03,0.97,1.09,2.0,0.2,0.4,6,2420,0.39,7,-23,-80,2,13.5,0.6,29,-1,2,7.993,-0.048,7.24,9.17,0.12,0.14,63.59166666666666,-64.9675,6.8062105,-55.432228,-48.548367,PM*,F6wF3
HD 27353, ,4,18,6.4,-,24,3,36,221,-44,8.402,0.323,2.638,0.009,3.792,-0.33,87,3.71,0.84,3.9,2.8,6.2,1.1,1.04,1.17,57.2,0.3,0.1,2,813,0.795,12,63,91,2,11.5,1.1,-69,-21,-14,8.047,-0.06,6.33,9.2,0.19,0.13,64.52666666666666,-24.060000000000002,-47.231655,-41.057858,-60.43528,PM*,F5V
HD 27361, ,4,19,28.5,+,11,57,58,182,-26,7.603,0.32,2.639,0.011,3.795,-0.35,89,2.86,1.64,2.8,2.3,4.5,1.22,1.13,1.38,-5.1,0.7,0.0,1,0,0.0,21,-5,0,2,8.0,1.1,5,1,1,8.08,-0.039,7.87,8.74,0.05,0.13,64.86874999999999,11.966111111111111,-79.94394,-2.7916949,-39.015034,*,F5
HD 27415, ,4,13,6.8,-,72,49,14,286,-37,7.431,0.321,2.635,0.001,3.797,-0.16,130,1.86,2.42,1.5,1.3,1.8,1.69,1.57,1.78,0.9,1.3,1.8,2,793,0.059,35,53,27,2,7.7,0.6,-26,-20,15,7.971,-0.078,6.98,8.12,0.08,0.37,63.27833333333333,-72.82055555555556,28.617378,-99.80072,-78.23595,PM*,F6IV/V
HD 27500, ,4,19,47.9,-,18,31,10,214,-42,7.987,0.284,2.671,0.008,3.814,-0.26,96,3.07,0.92,2.4,2.0,2.8,1.29,1.23,1.36,32.5,0.2,0.4,4,1057,0.486,15,77,74,2,10.4,1.1,-56,-13,12,8.059,-0.064,6.83,9.05,0.14,0.34,64.94958333333332,-18.519444444444442,-59.14512,-39.89389,-64.23654,PM*,F5V
HD 27523, ,4,22,37.3,+,43,26,57,158,-4,7.887,0.252,2.678,0.003,3.83,-0.61,122,2.46,1.5,2.0,1.7,2.3,1.36,1.28,1.45,9.9,0.9,0.8,3,1102,0.768,40,-8,-11,1,7.7,1.2,-9,2,-9,8.113,-0.009,8.11,8.6,0.03,0.02,65.65541666666665,43.44916666666666,-112.84088,45.59069,-8.510289,*,F5
HD 27553, ,4,18,15.3,-,52,54,8,262,-44,7.746,0.293,2.659,-0.005,3.811,-0.01,75,3.38,0.45,2.1,1.1,2.8,1.31,1.27,1.36,20.9,0.4,0.6,2,1006,0.318,18,49,73,2,13.4,0.6,-33,-17,-6,8.008,-0.052,7.04,8.3,0.08,0.05,64.56374999999998,-52.90222222222222,-7.508465,-53.42544,-52.09938,PM*,F5V
HD 27561, ,4,21,34.7,+,14,24,35,180,-24,6.59,0.273,2.671,-0.008,3.822,-0.02,51,3.04,0.56,1.7,1.2,2.2,1.4,1.36,1.45,41.1,0.8,0.0,1,0,0.0,21,104,-19,1,19.5,1.0,-44,-20,-2,8.047,-0.021,6.77,8.57,0.12,0.09,65.39458333333332,14.409722222222223,-46.590816,-4.0730984e-06,-20.743568,PM*,F5IV-V
HD 27731, ,4,23,30.4,+,24,24,19,173,-17,7.18,0.305,2.656,0.001,3.805,0.01,50,3.69,0.25,1.9,0.0,3.2,1.25,1.2,1.3,35.9,2.4,0.0,1,0,0.0,50,94,-43,1,20.0,0.9,-40,-17,-1,8.047,-0.015,6.94,8.51,0.1,0.09,65.87666666666667,24.405277777777776,-47.458828,5.8272085,-14.618585,PM*,F6V
HD 27808, ,4,24,14.5,+,21,44,10,175,-19,7.131,0.34,2.64,0.011,3.785,-0.1,41,4.08,0.42,4.2,1.7,6.4,1.1,1.05,1.17,37.5,0.5,0.0,1,0,0.0,12,121,-47,1,24.5,1.1,-41,-19,-1,8.038,-0.013,6.87,8.51,0.11,0.09,66.06041666666667,21.73611111111111,-38.618744,3.3787074,-13.348293,PM*,F8V
HD 27809, ,4,23,19.7,-,0,58,8,195,-33,8.359,0.337,2.653,0.026,3.802,0.06,82,3.68,0.28,2.1,0.0,3.1,1.25,1.19,1.32,37.4,0.6,0.7,2,822,0.385,23,67,-49,1,9.5,1.4,-30,-38,-10,8.067,-0.045,6.12,8.18,0.14,0.06,65.83208333333333,-0.9688888888888889,-66.42767,-17.799244,-44.6604,PM*,F6V
HD 27848, ,4,24,22.2,+,17,4,44,179,-22,6.962,0.294,2.659,-0.005,3.811,0.03,53,3.32,0.47,2.0,1.1,2.6,1.34,1.29,1.39,39.4,1.4,0.0,1,0,0.0,45,99,-27,2,18.7,1.2,-43,-20,-1,8.05,-0.02,6.78,8.53,0.11,0.1,66.0925,17.078888888888887,-49.13326,0.85762674,-19.854149,PM*,F6V
HD 27850, ,4,23,37.7,-,4,7,15,198,-35,8.14,0.222,2.697,-0.013,3.856,0.06,251,1.14,1.8,0.8,0.7,0.9,2.07,1.91,2.14,36.2,0.9,3.0,10,1476,0.047,35,13,-7,2,4.1,1.4,-29,-25,-13,8.196,-0.142,6.9,8.36,0.1,0.17,65.90708333333333,-4.120833333333333,-195.54404,-63.536102,-143.96768,*,F0V
HD 27887, ,4,25,10.8,+,25,44,57,172,-16,7.846,0.306,2.638,-0.002,3.8,-0.39,63,3.85,0.57,3.6,1.8,4.9,1.11,1.05,1.17,-2.4,0.7,0.0,1,0,0.0,11,58,-25,1,15.9,1.0,-2,-17,8,8.06,-0.018,7.32,8.1,0.05,0.23,66.295,25.749166666666667,-59.970123,8.428256,-17.365154,PM*,F5
HD 27901, ,4,24,57.1,+,19,2,31,177,-21,5.97,0.244,2.705,0.009,3.842,0.13,49,2.52,0.58,1.1,0.8,1.4,1.59,1.55,1.7,29.7,2.1,0.0,1,0,0.0,11,109,-35,1,20.4,0.7,-34,-21,3,8.046,-0.017,6.89,8.33,0.09,0.15,66.23791666666668,19.041944444444447,-45.682743,2.3941357,-17.56003,PM*,F4V
HD 27911, ,4,24,26.6,+,2,29,26,192,-31,7.767,0.263,2.663,-0.012,3.824,-0.38,82,3.2,0.68,2.2,1.6,2.7,1.27,1.21,1.32,39.5,0.7,0.9,3,1104,0.528,35,63,-55,2,12.2,1.2,-31,-38,-13,8.069,-0.042,6.09,8.2,0.15,0.09,66.11083333333332,2.4905555555555554,-68.75176,-14.613646,-42.233124,PM*,F0/2V
HD 27927, ,4,23,36.1,-,20,16,26,217,-41,8.072,0.324,2.655,0.021,3.808,0.02,108,2.81,1.06,2.0,1.6,2.4,1.42,1.33,1.51,25.0,0.7,0.9,2,780,0.083,19,-29,-36,2,6.6,1.0,3,-13,-32,8.065,-0.071,7.48,8.23,0.05,0.41,65.90041666666667,-20.273888888888887,-65.095695,-49.05312,-70.85438,*,F7V
HD 28066, ,4,27,33.8,+,39,41,0,162,-6,8.425,0.387,0.0,0.0,3.763,0.09,64,4.39,0.47,6.2,2.1,9.6,1.06,1.0,1.12,-12.4,0.2,0.1,2,1023,0.745,1,-3,-53,2,0.0,0.0,10,-15,-10,8.06,-0.007,7.25,8.33,0.07,0.04,66.89083333333333,39.68333333333333,-60.534176,19.668749,-6.6898217,PM*,F8
HD 28073, ,4,25,41.6,-,4,43,38,199,-34,8.233,0.31,2.636,-0.003,3.799,-0.42,95,3.34,1.13,3.2,2.5,5.2,1.15,1.08,1.22,-10.8,0.3,0.2,2,800,0.691,9,2,-4,2,10.5,1.3,9,1,6,8.074,-0.054,7.78,8.83,0.06,0.21,66.42333333333333,-4.727222222222222,-74.4677,-25.641275,-53.123325,*,F3V
HD 28097, ,4,28,54.3,+,55,0,1,151,4,7.671,0.35,0.0,0.0,3.78,-0.25,88,2.96,1.79,4.0,3.4,4.7,1.3,1.15,1.38,8.6,0.4,0.6,2,609,0.139,5,-33,-20,1,11.4,0.9,-7,8,-15,8.076,0.007,8.07,8.95,0.05,0.12,67.22625,55.000277777777775,-76.77905,42.55932,6.1385694,*,F8
HD 28122, ,4,30,35.3,+,65,3,4,144,11,7.703,0.249,0.0,0.0,3.835,-0.24,98,2.75,0.79,1.7,1.4,2.0,1.41,1.35,1.48,-3.6,0.5,0.5,5,1057,0.963,35,-12,0,2,10.2,0.9,4,1,-5,8.077,0.019,7.89,8.73,0.05,0.04,67.64708333333333,65.05111111111111,-77.827,56.544624,18.699282,*,F0
HD 28160, ,4,26,1.1,-,13,16,48,209,-38,8.372,0.331,2.645,0.009,3.791,-0.03,87,3.68,0.62,3.2,2.2,4.4,1.19,1.12,1.26,31.0,0.2,0.3,4,1057,0.65,7,61,34,2,11.5,1.3,-38,-18,3,8.06,-0.054,6.97,8.48,0.1,0.17,66.50458333333333,-13.280000000000001,-59.961246,-33.23707,-53.56255,PM*,F6V
HD 28218, ,4,27,22.2,+,7,3,44,188,-28,7.58,0.259,2.702,0.017,3.831,0.03,65,3.5,-0.13,0.0,0.0,1.1,1.34,1.29,1.4,38.1,0.8,0.6,2,641,0.558,22,34,-3,2,15.3,1.1,-36,-12,-10,8.057,-0.03,7.23,8.54,0.08,0.06,66.8425,7.062222222222222,-56.833057,-7.9873667,-30.515652,*,F5
HD 28237, ,4,27,46.0,+,11,44,11,184,-25,7.496,0.361,2.629,0.012,3.775,-0.08,47,4.13,0.58,5.7,3.2,8.3,1.07,1.01,1.13,38.9,0.2,0.3,3,95,0.543,9,110,-13,2,21.2,1.0,-42,-20,0,8.043,-0.02,6.8,8.5,0.11,0.11,66.94166666666666,11.736388888888888,-42.492702,-2.9713762,-19.863058,PM*,F8
HD 28246, ,4,25,19.1,-,44,9,39,249,-44,6.38,0.285,2.663,-0.008,3.815,0.02,37,3.54,0.18,1.1,0.0,2.4,1.3,1.26,1.35,15.2,0.2,0.1,2,797,0.694,8,28,67,1,27.0,0.6,-16,-9,-8,8.009,-0.026,7.73,8.09,0.02,0.03,66.32958333333333,-44.16083333333333,-9.538164,-24.847778,-25.70236,PM*,F5.5V
HD 28264, ,4,26,53.2,-,18,39,22,215,-40,7.002,0.345,2.634,0.013,3.785,-0.13,66,2.9,1.63,2.6,2.3,3.9,1.38,1.31,1.44,18.9,0.5,0.7,2,802,0.024,7,95,14,2,15.1,0.8,-24,-24,11,8.041,-0.043,6.87,8.14,0.08,0.28,66.72166666666666,-18.65611111111111,-41.415455,-28.99941,-42.42398,PM*,F7V
HD 28395, ,4,28,50.2,+,2,22,17,193,-30,8.007,0.297,2.638,0.005,3.803,-0.64,75,3.64,0.92,3.5,2.4,5.3,1.1,1.04,1.16,-38.1,0.4,0.4,2,330,0.513,9,63,-53,2,13.4,1.3,34,-21,26,8.063,-0.037,6.61,8.86,0.15,0.63,67.20916666666666,2.3713888888888888,-63.28719,-14.610999,-37.5,PM*,F3V
HD 28428, ,4,27,40.6,-,32,24,31,233,-43,7.081,0.302,2.652,0.0,3.807,-0.11,78,2.62,1.39,2.1,1.8,2.3,1.47,1.42,1.52,52.3,0.2,0.1,2,772,0.858,10,31,13,2,12.8,0.7,-31,-35,-27,8.034,-0.054,6.26,8.17,0.13,0.31,66.91916666666667,-32.40861111111111,-34.330902,-45.558628,-53.19587,*,F3IV
HD 28453, ,4,27,32.5,-,40,28,20,244,-44,7.148,0.378,2.616,0.018,3.768,-0.13,67,3.03,1.89,3.9,3.6,4.3,1.29,1.26,1.35,-1.6,0.2,0.2,4,3694,0.718,7,-26,29,1,15.0,0.6,-5,10,-5,8.021,-0.046,8.01,9.06,0.06,0.06,66.88541666666666,-40.47222222222222,-21.127625,-43.31807,-46.542114,*,F8/G0V
HD 28474, ,4,30,59.0,+,35,35,59,165,-9,8.588,0.394,2.577,0.0,3.75,-0.79,53,4.98,0.8,13.9,3.3,0.0,0.8,0.77,0.87,12.0,0.2,0.4,3,611,0.47,4,126,124,3,19.0,1.1,-18,6,42,8.05,-0.008,7.98,9.09,0.07,1.05,67.74583333333332,35.599722222222226,-50.563786,13.548531,-8.291027,PM*,F5
HD 28483, ,4,30,17.9,+,19,50,26,177,-19,7.093,0.312,2.656,0.008,3.8,-0.08,50,3.59,0.55,2.9,1.9,3.7,1.23,1.18,1.28,40.7,1.1,0.0,1,0,0.0,26,95,-34,1,19.9,0.9,-43,-19,-2,8.047,-0.017,6.83,8.57,0.11,0.08,67.57458333333332,19.840555555555554,-47.211136,2.4742355,-16.278406,PM*,F6V
HD 28579, ,4,33,16.0,+,55,27,43,151,5,7.724,0.343,2.607,-0.009,3.78,-0.56,75,3.34,1.67,5.9,4.9,7.0,1.08,1.04,1.12,-64.0,0.3,0.1,3,403,0.937,8,1,-105,2,13.3,0.9,40,-54,-31,8.065,0.007,5.16,8.56,0.25,0.4,68.31666666666665,55.46194444444445,-65.34687,36.22236,6.53668,PM*,F8
HD 28608, ,4,30,57.1,+,10,45,6,185,-25,7.027,0.312,2.655,0.007,3.8,-0.08,43,3.84,0.3,2.7,0.1,4.1,1.19,1.14,1.25,38.8,1.0,0.0,1,0,0.0,35,102,-11,2,23.0,1.0,-40,-18,-2,8.039,-0.018,6.9,8.5,0.1,0.08,67.73791666666666,10.751666666666667,-38.822937,-3.3965695,-18.172586,PM*,F7V
HD 28610, ,4,30,15.3,-,11,33,38,207,-37,8.032,0.276,2.653,-0.014,3.819,-0.23,101,3.01,0.85,2.2,1.8,2.6,1.33,1.26,1.4,49.8,0.4,0.4,2,974,0.537,15,37,19,2,9.9,1.0,-47,-23,-13,8.072,-0.06,6.64,8.62,0.13,0.11,67.56374999999998,-11.560555555555556,-71.870544,-36.619873,-60.783314,*,F2/3V
HD 28620, ,4,32,17.2,+,37,2,35,164,-8,6.79,0.332,2.612,-0.006,3.785,-0.6,43,3.61,1.31,6.7,5.4,8.0,1.04,1.0,1.09,20.7,0.2,0.2,3,615,0.768,7,30,-9,1,23.1,0.9,-22,0,0,8.041,-0.006,7.89,8.57,0.04,0.12,68.07166666666666,37.043055555555554,-40.93199,11.73706,-5.9844437,*,F5
HD 28676, ,4,32,7.9,+,21,37,56,176,-18,7.09,0.389,2.619,0.017,3.764,0.08,39,4.12,0.72,6.8,3.9,9.5,1.09,1.03,1.16,6.6,0.2,0.1,2,603,0.9,3,1,-3,1,25.5,0.9,-6,0,-2,8.037,-0.012,8.01,8.39,0.02,0.07,68.03291666666665,21.63222222222222,-37.000854,2.5873513,-12.051663,*,F5
HD 28772, ,4,34,16.5,+,45,54,48,158,-1,7.455,0.301,0.0,0.0,3.804,-0.25,63,3.46,0.75,3.1,2.4,3.6,1.21,1.14,1.27,1.6,0.7,0.0,1,0,0.0,12,37,-56,2,15.9,0.9,-9,-18,-3,8.058,-0.001,7.3,8.06,0.05,0.06,68.56875,45.913333333333334,-58.403683,23.596628,-1.0995016,PM*,F5
HD 28807, ,4,31,56.9,-,12,37,57,209,-37,7.153,0.308,2.642,-0.004,3.802,-0.17,56,3.43,0.75,3.0,2.3,3.5,1.24,1.18,1.29,15.4,0.2,0.3,3,2176,0.521,6,108,2,2,18.0,0.8,-19,-23,12,8.039,-0.033,6.96,8.09,0.07,0.3,67.98708333333333,-12.6325,-39.11613,-21.682428,-33.701637,PM*,F6V
HD 28826, ,4,29,50.0,-,52,59,6,261,-42,8.082,0.304,2.66,0.024,3.815,-0.39,127,2.47,1.61,2.0,1.8,2.3,1.43,1.36,1.5,39.3,0.3,0.3,3,263,0.566,13,-6,-62,2,7.9,0.7,31,-37,-25,8.014,-0.085,5.94,8.46,0.18,0.31,67.45833333333333,-52.985,-14.764194,-93.21742,-84.97959,PM*,F3/5V
HD 28842, ,4,33,58.4,+,32,8,29,168,-11,8.602,0.343,2.646,0.037,3.803,-0.2,111,3.22,0.97,2.7,2.2,3.3,1.25,1.16,1.33,19.9,0.8,1.1,2,48,0.068,12,67,-56,2,0.0,0.0,-30,-40,3,8.107,-0.02,6.05,8.21,0.15,0.16,68.49333333333331,32.14138888888889,-106.57957,22.654177,-21.179798,PM*,F8
HD 28877, ,4,36,0.5,+,55,30,43,151,5,6.908,0.332,0.0,0.0,3.791,-0.18,70,2.68,1.76,2.3,2.1,2.6,1.43,1.38,1.49,-21.0,0.7,1.0,2,609,0.02,12,3,-56,2,14.3,0.8,10,-22,-13,8.061,0.007,6.89,8.26,0.09,0.09,69.00208333333332,55.511944444444445,-60.990406,33.80753,6.1009016,PM*,F8
HD 28880, ,4,33,9.8,+,4,58,12,191,-28,8.739,0.316,2.636,-0.006,3.798,-0.12,116,3.42,0.8,2.9,2.2,3.6,1.21,1.14,1.29,42.4,0.3,0.3,4,1471,0.875,10,58,-69,2,11.4,1.6,-30,-56,-15,8.101,-0.054,5.28,8.18,0.22,0.13,68.29083333333332,4.97,-100.54014,-19.54302,-54.458702,PM*,F6V
HD 28981, ,4,33,8.0,-,19,21,30,217,-39,8.07,0.325,2.628,-0.003,3.79,-0.26,66,3.96,0.57,4.3,2.5,6.3,1.08,1.03,1.15,25.9,0.5,0.7,2,1164,0.084,7,45,26,2,15.1,1.0,-26,-16,-4,8.041,-0.042,7.25,8.23,0.06,0.07,68.28333333333333,-19.358333333333334,-40.96332,-30.868074,-41.535145,PM*,F5V
HD 29146, ,4,46,23.2,+,79,9,4,133,21,8.457,0.297,0.0,0.0,3.809,-0.13,122,3.03,0.96,2.3,1.9,2.8,1.34,1.27,1.41,-8.0,0.4,0.4,2,606,0.517,15,36,-29,2,8.2,0.8,-12,-25,4,8.077,0.044,6.92,8.08,0.08,0.17,71.59666666666665,79.15111111111112,-77.67743,83.29885,43.72089,*,F4V
HD 29178, ,4,32,30.7,-,56,13,33,265,-41,8.544,0.349,2.594,-0.019,3.777,-0.28,61,4.62,0.23,3.5,0.0,9.7,0.99,0.92,1.06,15.3,0.3,0.5,2,1087,0.205,5,44,89,2,16.4,0.7,-29,-14,-5,8.004,-0.04,7.26,8.28,0.07,0.05,68.12791666666666,-56.225833333333334,-4.012412,-45.8621,-40.0196,PM*,F8V
HD 29214, ,4,37,14.4,+,30,23,59,170,-11,7.763,0.332,2.64,0.013,3.789,-0.24,79,3.28,1.26,4.6,2.7,5.5,1.17,1.12,1.27,-8.7,0.3,0.5,2,1772,0.348,11,24,-120,2,12.7,1.1,6,-41,-20,8.076,-0.015,5.99,8.14,0.15,0.2,69.30999999999999,30.399722222222223,-76.37041,13.466172,-15.073911,PM*,F8
HD 29239, ,4,35,17.7,-,24,31,58,223,-40,6.692,0.315,2.654,0.012,3.801,-0.1,54,3.04,1.1,2.5,2.2,2.9,1.36,1.31,1.41,24.4,0.5,0.7,2,780,0.122,19,90,3,2,18.6,0.8,-21,-26,1,8.03,-0.035,6.76,8.08,0.09,0.13,68.82374999999999,-24.532777777777778,-30.253471,-28.211811,-34.71053,PM*,F7V
HD 29255, ,4,29,58.6,-,72,16,31,285,-36,8.378,0.313,2.639,-0.008,3.799,-0.1,80,3.86,0.32,2.9,0.4,4.3,1.18,1.12,1.24,7.7,0.2,0.3,4,1157,0.756,11,5,10,2,12.5,0.8,-3,-7,-4,7.983,-0.047,7.74,8.11,0.02,0.06,67.49416666666666,-72.27527777777777,16.751116,-62.516033,-47.02282,*,F6V
HD 29284, ,4,38,20.0,+,37,21,44,165,-6,8.429,0.375,2.614,0.017,3.767,-0.2,99,3.45,1.56,6.3,4.8,8.1,1.1,1.04,1.17,12.3,0.5,0.8,2,700,0.041,5,10,-36,3,10.1,1.3,-15,-12,-9,8.095,-0.011,7.62,8.13,0.03,0.03,69.58333333333331,37.36222222222222,-95.102806,25.482729,-10.348318,*,F8
HD 29302, ,4,36,19.2,-,17,26,38,215,-38,7.953,0.29,2.664,0.005,3.809,-0.26,64,3.92,0.18,1.7,0.0,3.9,1.16,1.1,1.21,-9.5,0.4,0.1,2,766,0.981,15,-2,-21,2,15.6,1.1,11,0,3,8.042,-0.039,7.7,8.8,0.07,0.17,69.07999999999998,-17.44388888888889,-41.312042,-28.927,-39.402336,*,F3/5IV
HD 29307, ,4,39,43.2,+,51,12,29,155,3,8.829,0.335,2.65,0.032,3.805,-0.16,130,3.12,0.98,2.5,2.0,3.1,1.28,1.2,1.37,12.6,0.6,0.2,2,628,0.828,22,48,-33,2,9.9,1.4,-26,-26,9,8.117,0.007,6.79,8.23,0.1,0.25,69.92999999999999,51.20805555555556,-117.65854,54.86509,6.8036747,PM*,F8
HD 29420, ,4,38,39.2,+,17,24,29,181,-19,7.892,0.24,2.698,0.005,3.844,-0.13,192,1.48,1.8,1.1,0.9,1.2,1.82,1.71,1.95,-5.2,0.9,1.0,3,1021,0.698,50,15,-11,2,7.4,1.2,3,-16,7,8.181,-0.063,7.41,8.32,0.06,0.22,69.66333333333333,17.408055555555553,-181.51192,-3.1683002,-62.509083,*,F0
HD 29427, ,4,36,25.6,-,37,49,33,241,-42,7.202,0.266,2.675,-0.006,3.825,-0.11,54,3.53,0.09,0.6,0.0,2.0,1.29,1.24,1.34,-1.5,1.8,2.6,2,770,0.014,25,10,-78,2,18.4,0.6,18,-10,1,8.02,-0.036,7.25,8.59,0.08,0.13,69.10666666666665,-37.825833333333335,-19.45532,-35.09833,-36.133053,PM*,F5IV
HD 29445, ,4,37,1.8,-,28,57,10,229,-41,8.643,0.343,2.633,0.021,3.792,-0.26,98,3.6,0.89,3.7,2.8,5.9,1.13,1.06,1.21,-26.8,0.3,0.4,2,469,0.263,3,-31,-15,2,10.2,1.0,23,20,6,8.049,-0.064,7.74,10.23,0.14,0.23,69.2575,-28.952777777777776,-48.523136,-55.819485,-64.293785,*,F6V
HD 29486, ,4,41,4.9,+,50,3,58,156,2,8.093,0.323,0.0,0.0,3.796,-0.08,90,3.32,0.91,2.8,2.3,3.4,1.26,1.17,1.34,2.1,0.2,0.3,3,365,0.651,7,51,-83,2,11.1,1.1,-19,-36,-7,8.082,0.004,6.26,8.11,0.13,0.01,70.27041666666666,50.066111111111105,-82.16901,36.583992,3.1409545,PM*,F5
HD 29497, ,4,39,8.6,+,13,0,10,184,-22,7.207,0.285,2.655,-0.003,3.812,-0.35,60,3.33,0.79,2.8,2.1,3.3,1.23,1.18,1.28,30.7,0.3,0.6,4,383,0.3,7,-44,-64,1,16.8,0.9,-20,-9,-31,8.055,-0.022,7.71,8.23,0.03,0.38,69.78583333333333,13.002777777777778,-55.495518,-3.8806207,-22.476395,PM*,F5
HD 29502, ,4,38,11.5,-,13,15,29,210,-35,7.338,0.293,2.668,0.011,3.811,-0.15,71,3.08,0.88,2.4,1.9,2.8,1.34,1.29,1.39,-9.7,0.2,0.1,2,796,0.794,9,36,-12,2,14.1,0.8,6,-6,13,8.05,-0.041,7.65,8.45,0.05,0.33,69.54791666666665,-13.258055555555556,-50.367867,-29.079897,-40.723927,*,F3/5V
HD 29532, ,4,35,41.2,-,57,25,33,267,-41,8.025,0.337,2.65,0.026,3.803,0.0,112,2.66,1.34,2.0,1.8,2.3,1.48,1.42,1.54,24.9,0.3,0.4,2,773,0.254,10,34,50,2,8.9,0.7,-32,-24,-7,8.005,-0.073,6.71,8.21,0.1,0.07,68.92166666666665,-57.42583333333333,-4.4238405,-84.41163,-73.47861,PM*,F7V
HD 29537, ,4,40,22.6,+,29,58,20,171,-11,6.799,0.237,2.708,0.011,3.843,-0.11,76,2.4,0.88,1.4,1.1,1.6,1.55,1.49,1.62,30.9,2.3,4.1,3,1032,0.229,110,54,-41,1,13.2,0.9,-35,-19,-1,8.073,-0.014,7.01,8.4,0.09,0.1,70.09416666666667,29.97222222222222,-73.68517,11.670584,-14.501484,PM*,F0
HD 29581, ,4,40,46.8,+,30,17,29,171,-11,8.034,0.305,2.631,-0.018,3.802,-0.16,62,4.07,0.1,0.8,0.0,4.0,1.15,1.09,1.2,9.8,0.5,0.4,2,1772,0.63,15,32,-56,1,16.1,1.3,-12,-17,-5,8.06,-0.011,7.35,8.06,0.05,0.03,70.195,30.29138888888889,-60.111588,9.520739,-11.830158,PM*,F5
HD 29645, ,4,41,50.2,+,38,16,48,165,-5,5.99,0.372,2.611,-0.003,3.773,0.12,31,3.52,1.07,3.4,2.9,5.8,1.3,1.24,1.33,46.6,0.2,0.2,5,2885,0.849,4,242,-99,2,32.0,0.9,-55,-21,13,8.03,-0.003,6.56,8.83,0.15,0.34,70.45916666666666,38.28,-29.829756,7.9928617,-2.7018278,PM*,F9IV-V
HD 29663, ,4,39,37.2,-,14,35,44,212,-36,7.963,0.303,2.644,-0.002,3.802,-0.3,75,3.58,0.72,3.3,2.5,4.1,1.17,1.1,1.23,29.7,0.4,0.5,2,378,0.21,11,64,57,2,13.3,1.0,-40,-13,7,8.052,-0.044,7.14,8.62,0.09,0.22,69.905,-14.595555555555556,-51.456398,-32.153526,-44.083893,PM*,F3/5V
HD 29665, ,4,38,57.5,-,31,12,32,232,-41,8.938,0.283,2.673,0.01,3.814,-0.26,134,3.3,0.69,2.5,1.8,3.1,1.24,1.17,1.31,31.7,1.5,2.2,2,469,0.013,21,25,2,2,0.0,0.0,-20,-28,-9,8.062,-0.087,6.69,8.11,0.1,0.09,69.73958333333333,-31.20888888888889,-62.262516,-79.69238,-87.91191,*,F3V
HD 29745, ,4,42,4.1,+,24,0,38,176,-14,7.214,0.311,2.645,0.007,3.801,-0.29,88,2.48,1.83,2.1,1.9,2.4,1.45,1.39,1.52,19.3,1.2,1.7,2,603,0.182,30,-15,-8,1,11.3,0.9,-17,3,-12,8.085,-0.022,8.04,8.65,0.04,0.07,70.51708333333333,24.010555555555555,-85.17803,5.9562273,-21.289127,*,F8p
HD 29786, ,4,42,9.7,+,15,58,11,182,-19,8.092,0.254,2.678,-0.006,3.833,-0.16,158,2.1,1.4,1.4,1.2,1.7,1.59,1.49,1.7,-17.6,0.9,1.1,3,1006,0.614,50,-23,-27,1,9.1,1.3,26,-4,-19,8.149,-0.052,7.38,9.13,0.11,0.19,70.54041666666667,15.969722222222222,-149.30093,-5.2136865,-51.439766,*,F2
HD 29789, ,4,41,34.8,-,0,44,38,197,-29,7.97,0.25,2.695,0.009,3.836,-0.14,139,2.25,1.18,1.5,1.2,1.7,1.55,1.46,1.65,38.0,0.2,0.2,6,2555,0.975,9,90,75,1,5.9,1.0,-70,-9,49,8.116,-0.067,6.84,9.84,0.18,1.43,70.395,-0.7438888888888888,-116.26002,-35.544266,-67.388535,PM*,F2V
HD 29881, ,4,10,50.4,-,86,11,40,300,-30,8.704,0.337,2.643,0.028,3.805,-0.14,195,2.13,1.96,1.8,1.5,2.1,1.57,1.47,1.67,33.8,1.1,1.3,3,1568,0.638,40,-1,-1,2,2.5,0.8,16,-25,-17,7.916,-0.096,6.58,8.19,0.11,0.18,62.71,-86.19444444444444,84.43746,-146.25002,-97.5,*,F5IV
HD 30053, ,4,41,19.7,-,52,37,32,260,-41,8.153,0.346,2.61,0.004,3.778,-0.45,55,4.47,0.5,6.4,0.3,10.3,0.97,0.91,1.05,8.9,0.2,0.4,5,2655,0.288,4,-39,-211,6,18.3,0.7,54,-15,-9,8.007,-0.036,6.41,9.47,0.19,0.05,70.33208333333333,-52.62555555555556,-7.2079654,-40.878414,-36.08325,PM*,F7/8V
HD 30135, ,4,48,2.9,+,56,2,29,152,7,7.98,0.395,2.621,0.043,3.784,0.02,112,2.55,1.86,2.3,1.9,2.7,1.48,1.38,1.57,21.0,0.3,0.2,2,803,0.574,12,14,-69,2,0.0,0.0,-36,-18,-15,8.098,0.014,7.03,8.46,0.09,0.12,72.01208333333332,56.04138888888889,-98.153015,52.18889,13.649367,PM*,F8
HD 30149, ,4,44,2.0,-,25,55,8,226,-38,8.279,0.292,2.644,-0.005,3.809,-0.52,163,2.22,2.11,2.0,1.7,2.4,1.44,1.34,1.53,-13.7,0.8,1.5,3,524,0.076,24,17,-32,2,6.3,0.9,24,-15,13,8.089,-0.101,7.02,8.73,0.11,0.35,71.00833333333333,-25.91888888888889,-89.225914,-92.39615,-100.35282,*,F2V
HD 30157, ,4,44,33.8,-,16,3,54,214,-35,7.536,0.338,2.618,-0.003,3.783,-0.28,47,4.18,0.53,5.8,3.0,7.8,1.04,0.98,1.1,22.3,0.3,0.5,2,378,0.109,6,41,30,2,21.3,1.0,-22,-11,-4,8.032,-0.027,7.51,8.19,0.04,0.05,71.14083333333333,-16.065,-31.918066,-21.52901,-26.958094,*,F7V
HD 30292, ,4,43,49.5,-,48,19,37,255,-41,6.91,0.32,2.637,-0.005,3.795,-0.09,43,3.74,0.52,3.5,2.2,4.3,1.19,1.14,1.24,14.2,0.3,0.5,2,845,0.163,6,6,278,1,23.2,0.6,-57,7,-11,8.009,-0.028,7.28,9.79,0.15,0.06,70.95625,-48.32694444444445,-8.399327,-31.346722,-28.210539,PM*,F6/7V
HD 30316, ,4,45,7.6,-,33,1,52,235,-40,8.088,0.308,2.63,-0.013,3.799,-0.32,82,3.52,0.86,3.3,2.7,4.2,1.16,1.09,1.23,30.2,0.3,0.4,2,856,0.299,11,13,34,2,12.2,0.9,-26,-16,-14,8.036,-0.052,7.24,8.22,0.06,0.11,71.28166666666665,-33.03111111111111,-36.029568,-51.455566,-52.70858,*,F5V
HD 30369, ,4,46,4.7,-,25,9,32,225,-38,7.511,0.293,2.652,0.009,3.807,-0.53,77,3.08,1.3,2.8,2.4,4.4,1.24,1.13,1.3,55.3,0.2,0.4,3,395,0.262,7,71,48,2,13.0,0.8,-51,-36,-10,8.043,-0.047,5.96,8.5,0.18,0.07,71.51958333333333,-25.15888888888889,-42.905003,-42.904995,-47.405937,PM*,F3/5V
HD 30388, ,4,54,5.8,+,73,2,53,138,18,8.207,0.329,0.0,0.0,3.791,-0.09,78,3.76,0.59,3.6,2.5,4.5,1.17,1.1,1.23,12.2,0.4,0.0,1,0,0.0,10,-5,-160,2,12.9,0.8,-48,-20,-30,8.055,0.024,6.72,8.68,0.13,0.38,73.52416666666666,73.04805555555555,-55.12827,49.637726,24.103327,PM*,F5
HD 30418, ,4,48,35.6,+,24,44,35,176,-13,8.26,0.256,2.687,0.004,3.829,-0.26,114,2.98,0.69,1.9,1.5,2.3,1.33,1.26,1.4,40.9,1.4,0.0,1,0,0.0,45,39,-31,1,7.3,1.2,-43,-23,-3,8.111,-0.025,6.7,8.56,0.12,0.07,72.14833333333333,24.743055555555557,-110.80761,7.748421,-25.644419,*,F2
HD 30436, ,4,47,41.3,-,0,5,19,198,-27,7.996,0.263,2.683,0.009,3.83,-0.14,176,1.77,1.77,1.3,1.1,1.5,1.71,1.6,1.82,-16.2,1.2,2.1,3,1065,0.306,70,6,-26,1,6.0,1.1,23,-15,1,8.149,-0.081,7.07,8.75,0.11,0.15,71.92208333333332,-0.08861111111111111,-149.14198,-48.459164,-79.90233,*,F2V
HD 30467, ,4,49,5.4,+,27,0,41,174,-11,8.06,0.373,2.606,0.0,3.767,-0.4,94,3.19,1.99,5.7,4.3,7.5,1.09,1.03,1.16,-22.1,0.4,0.8,3,609,0.018,5,-22,-50,2,10.7,1.4,25,-14,-17,8.092,-0.018,7.03,8.76,0.11,0.15,72.2725,27.011388888888888,-91.76748,9.645153,-17.936047,PM*,F8IV
HD 30483, ,4,48,41.2,+,16,38,3,183,-18,7.564,0.273,2.679,0.005,3.822,-0.08,86,2.89,0.77,1.8,1.4,2.2,1.41,1.35,1.47,2.0,0.4,0.0,1,0,0.0,2,26,-77,2,11.6,1.0,3,-31,-10,8.082,-0.026,6.5,8.14,0.11,0.05,72.17166666666667,16.634166666666665,-81.67877,-4.2806053,-26.575462,PM*,F5
HD 30589, ,4,49,32.1,+,15,53,19,184,-18,7.727,0.37,2.616,0.005,3.771,-0.06,51,4.2,0.59,6.4,3.6,9.2,1.05,0.99,1.11,41.2,0.3,0.0,1,0,0.0,5,88,-24,1,19.7,1.0,-42,-20,0,8.048,-0.016,6.8,8.52,0.11,0.11,72.38374999999999,15.88861111111111,-48.38573,-3.3834565,-15.759867,PM*,F8
HD 30606, ,4,48,32.5,-,16,19,46,215,-34,5.76,0.34,2.633,0.004,3.789,0.01,41,2.67,1.63,2.2,2.1,2.4,1.5,1.46,1.53,33.6,0.1,0.3,5,1164,0.43,8,9,40,1,24.1,0.8,-29,-12,-15,8.028,-0.023,7.37,8.34,0.06,0.12,72.13541666666666,-16.329444444444444,-27.843424,-19.496174,-22.926908,*,F8V
HD 30617, ,4,50,53.1,+,37,45,37,166,-4,7.271,0.321,2.628,0.009,3.791,-0.62,69,3.06,1.75,4.5,3.9,5.3,1.14,1.1,1.19,22.0,0.5,0.8,3,607,0.029,3,40,38,2,14.4,1.0,-22,7,16,8.067,-0.005,7.97,9.02,0.06,0.41,72.72125,37.76027777777778,-66.78732,16.651947,-4.8131967,PM*,F2
HD 30619, ,4,48,56.9,-,7,6,36,205,-30,7.982,0.299,2.658,0.009,3.81,-0.19,152,2.07,1.95,1.7,1.4,2.0,1.57,1.48,1.68,4.1,0.4,0.2,2,412,0.784,21,-9,-6,2,5.5,1.1,1,0,-9,8.119,-0.077,7.98,8.59,0.04,0.08,72.23708333333332,-7.109999999999999,-119.302605,-55.63172,-76.0,*,F2/3IV/V
HD 30692, ,4,48,50.0,-,23,16,44,223,-37,7.843,0.328,2.638,0.009,3.789,-0.29,58,4.03,0.55,4.7,2.5,6.6,1.07,1.02,1.13,-13.9,0.3,0.4,2,712,0.289,6,54,-170,2,17.3,1.0,41,-29,8,8.034,-0.035,6.16,8.84,0.18,0.25,72.20833333333333,-23.278888888888886,-33.876938,-31.590746,-34.90527,PM*,F7V
HD 30736, ,4,52,21.5,+,45,56,23,160,1,6.68,0.363,0.0,0.0,3.779,-0.03,65,2.62,1.95,2.3,2.1,2.6,1.49,1.41,1.55,23.0,0.4,0.5,2,321,0.376,15,53,-55,1,15.4,1.0,-30,-14,2,8.061,0.001,7.28,8.34,0.07,0.14,73.08958333333332,45.939722222222215,-61.07072,22.22793,1.1344063,PM*,F7V
HD 30743, ,4,49,42.2,-,13,46,10,212,-33,6.28,0.298,2.63,-0.017,3.804,-0.43,35,3.54,0.82,3.4,2.6,4.0,1.16,1.1,1.21,-3.7,0.2,0.2,3,355,0.531,7,-121,-173,1,28.3,0.8,26,-6,-24,8.025,-0.019,7.23,8.97,0.11,0.27,72.42583333333333,-13.769444444444446,-24.893154,-15.554969,-19.062366,PM*,F6VFe-0.9CH-0.5
HD 30757, ,4,48,56.7,-,33,28,20,235,-39,8.048,0.332,2.624,-0.003,3.788,-0.37,143,2.27,2.4,2.3,1.9,3.0,1.44,1.35,1.51,5.9,0.3,0.4,2,795,0.28,4,-40,31,2,7.0,0.8,-15,22,-21,8.063,-0.09,8.06,10.02,0.11,0.26,72.23624999999998,-33.47222222222222,-63.74261,-91.03391,-89.99281,PM*,F5V
HD 30809, ,4,51,23.2,+,15,26,0,184,-18,7.893,0.342,2.66,0.034,3.806,0.27,58,3.91,-0.18,0.0,0.0,1.6,1.28,1.24,1.32,42.3,0.5,0.0,1,0,0.0,11,67,-17,2,17.1,1.0,-43,-18,-1,8.055,-0.018,6.88,8.58,0.11,0.09,72.84666666666665,15.433333333333334,-55.02691,-3.8478525,-17.922987,PM*,F8
HD 30944, ,4,53,0.8,+,28,6,24,174,-10,8.229,0.353,2.664,0.059,3.815,0.19,108,2.81,0.76,1.6,1.2,1.9,1.48,1.41,1.57,27.0,0.4,0.6,2,1450,0.158,7,45,-75,2,5.6,1.5,-30,-41,-10,8.106,-0.019,5.98,8.21,0.16,0.05,73.25333333333332,28.10666666666667,-105.776596,11.117571,-18.754004,PM*,F5
HD 31081, ,4,44,5.0,-,76,18,19,289,-34,7.746,0.324,2.623,-0.014,3.794,-0.15,101,2.72,1.62,2.3,2.1,2.6,1.43,1.37,1.49,-0.7,0.4,0.5,2,1122,0.149,6,113,97,2,9.9,0.6,-56,-36,26,7.973,-0.056,5.94,8.56,0.18,0.61,71.02083333333333,-76.30527777777777,27.260733,-79.17091,-56.47848,PM*,F7V
HD 31084, ,4,54,53.4,+,43,23,12,162,0,8.528,0.373,0.0,0.0,3.77,-0.01,86,3.86,0.91,6.2,3.7,8.2,1.09,1.03,1.16,-49.0,0.6,0.9,2,628,0.04,9,-13,-30,1,0.0,0.0,45,-21,-12,8.082,0.0,6.42,9.13,0.17,0.07,73.7225,43.38666666666666,-81.790855,26.575464,0.0,*,F9V
HD 31128, ,4,52,9.9,-,27,3,50,228,-37,9.138,0.357,2.583,0.005,3.765,-1.38,64,5.1,0.72,3.2,0.0,15.5,0.81,0.74,0.87,111.8,0.2,0.6,12,5787,0.439,5,163,-28,2,15.6,1.2,-63,-100,-31,8.034,-0.039,3.32,8.39,0.43,0.39,73.04124999999999,-27.06388888888889,-34.20106,-37.98411,-38.51616,PM*,F3/5Vw
HD 31138, ,4,53,55.6,+,15,55,54,184,-17,7.617,0.327,2.646,0.007,3.795,0.02,88,2.9,1.25,2.4,2.0,2.7,1.41,1.34,1.48,-11.9,0.3,0.4,2,603,0.402,11,-1,-105,1,11.4,1.1,22,-34,-21,8.084,-0.026,6.23,8.39,0.15,0.22,73.48166666666665,15.931666666666667,-83.94982,-5.8703375,-25.728708,PM*,F8
HD 31153, ,4,54,3.0,+,17,1,36,183,-16,7.221,0.353,2.613,-0.007,3.778,-0.29,68,3.07,1.76,4.3,3.8,5.0,1.18,1.14,1.3,55.6,0.3,0.1,2,603,0.941,6,78,-1,1,14.8,0.9,-58,-18,3,8.065,-0.019,6.61,8.98,0.15,0.17,73.5125,17.026666666666667,-65.27621,-3.420983,-18.74334,PM*,F8
HD 31193, ,4,52,41.4,-,25,46,29,226,-37,7.804,0.306,2.634,-0.004,3.8,-0.52,69,3.61,0.92,3.5,2.8,4.6,1.11,1.06,1.18,32.3,0.2,0.1,2,610,0.95,6,7,-68,2,14.5,1.0,-2,-32,-22,8.038,-0.041,6.47,8.06,0.11,0.24,73.1725,-25.77472222222222,-38.27974,-39.639835,-41.525234,PM*,F5V
HD 31207, ,4,55,52.4,+,43,9,20,163,0,8.245,0.284,0.0,0.0,3.812,-0.32,84,3.62,0.47,2.7,1.1,3.6,1.19,1.12,1.25,52.2,0.9,0.0,1,0,0.0,17,-8,-46,1,11.9,1.2,-53,4,-14,8.08,0.0,7.36,9.63,0.13,0.11,73.96833333333333,43.15555555555555,-80.3296,24.559235,0.0,*,F5V
HD 31253, ,4,54,43.6,+,12,21,7,187,-19,7.133,0.367,2.621,0.011,3.774,-0.1,54,3.48,1.27,5.5,4.6,6.5,1.15,1.1,1.22,12.1,0.3,0.4,2,603,0.257,3,89,-40,2,18.6,1.1,-13,-23,8,8.05,-0.018,6.99,8.05,0.07,0.23,73.68166666666667,12.351944444444444,-50.67742,-6.222399,-17.580679,PM*,F8
HD 31307, ,4,54,44.7,+,4,46,24,194,-23,7.903,0.338,2.641,0.01,3.79,0.04,83,3.3,0.95,2.8,2.3,3.3,1.31,1.24,1.37,7.7,0.3,0.1,2,363,0.95,13,5,-39,2,12.0,1.1,-1,-15,-9,8.074,-0.033,7.42,8.15,0.05,0.04,73.68625,4.773333333333333,-74.13244,-18.483286,-32.430683,*,F7V
HD 31354, ,4,55,22.7,+,5,38,11,193,-23,8.366,0.375,2.621,0.016,3.77,-0.01,70,4.13,0.64,6.3,3.4,8.9,1.07,1.01,1.13,18.1,0.2,0.2,2,363,0.546,2,61,33,2,14.2,1.2,-24,-8,14,8.063,-0.027,7.66,8.37,0.04,0.35,73.84458333333333,5.636388888888888,-62.783867,-14.494797,-27.35118,PM*,F8
HD 31409, ,4,56,35.7,+,23,17,44,178,-12,7.519,0.325,2.638,-0.002,3.796,0.02,68,3.36,0.77,2.7,2.1,3.3,1.29,1.23,1.35,57.5,0.4,0.6,2,603,0.205,11,75,-105,2,14.7,1.3,-57,-40,-13,8.066,-0.014,5.77,8.62,0.2,0.09,74.14874999999999,23.295555555555556,-66.47352,2.3213034,-14.137996,PM*,F8
HD 31423, ,4,56,8.9,+,7,54,16,192,-21,6.421,0.262,2.672,-0.01,3.828,-0.15,59,2.57,1.02,1.7,1.5,2.0,1.49,1.43,1.54,-23.1,0.4,0.1,2,1086,0.886,14,-89,-44,2,17.0,1.1,30,10,-17,8.054,-0.021,7.51,9.8,0.13,0.17,74.03708333333333,7.904444444444445,-53.877586,-11.452041,-21.14371,PM*,F5
HD 31574, ,4,53,36.4,-,57,19,55,266,-38,7.853,0.283,2.65,-0.013,3.817,-0.17,133,2.23,1.62,1.7,1.5,1.9,1.57,1.5,1.64,2.4,0.9,0.5,2,772,0.699,35,1,-21,2,7.5,0.6,13,-4,0,8.007,-0.083,7.51,8.62,0.07,0.14,73.40166666666664,-57.331944444444446,-7.3108644,-104.55013,-81.88298,*,F3/5V
HD 31577, ,5,6,10.1,+,76,49,25,136,21,8.083,0.361,2.599,0.003,3.77,-0.7,91,3.29,2.03,6.5,5.5,7.6,1.06,1.01,1.1,-44.8,0.2,0.3,4,1072,0.558,5,62,49,2,11.0,0.8,41,-35,16,8.061,0.032,5.95,8.77,0.19,0.4,76.54208333333332,76.8236111111111,-61.112095,59.015278,32.611485,PM*,F5
HD 31608, ,4,58,39.2,+,34,23,32,170,-5,7.967,0.266,2.714,0.048,3.861,0.25,172,1.58,1.13,0.9,0.7,1.1,1.94,1.82,2.07,29.2,0.3,0.0,1,0,0.0,2,-9,-4,2,5.4,1.1,-28,7,-10,8.169,-0.015,7.99,9.22,0.07,0.05,74.66333333333333,34.39222222222222,-168.74236,29.75385,-14.990787,*,F0
HD 31675, ,5,2,50.4,+,66,49,22,144,15,6.191,0.331,0.0,0.0,3.788,-0.24,28,3.96,0.6,4.6,3.0,6.1,1.08,1.04,1.15,15.5,0.3,0.5,3,1715,0.279,12,66,-336,2,35.8,0.6,-40,-22,-14,8.022,0.007,6.71,8.42,0.11,0.1,75.71,66.82277777777777,-21.880611,15.897195,7.246933,PM*,F6V:
HD 31746, ,4,54,53.0,-,58,32,51,268,-38,6.11,0.289,2.651,-0.01,3.81,-0.2,31,3.66,0.37,2.5,0.9,3.5,1.21,1.16,1.27,22.2,0.3,0.1,2,239,0.811,12,101,68,1,32.4,0.5,-14,-25,-3,8.001,-0.019,6.84,8.01,0.08,0.06,73.72083333333333,-58.5475,-0.85254306,-24.413452,-19.085506,PM*,F5V
HD 31781, ,4,59,38.7,+,26,14,59,176,-10,8.497,0.359,2.621,0.012,3.775,-0.26,71,4.24,0.64,6.9,3.9,10.2,1.0,0.95,1.07,16.5,0.2,0.3,4,1116,0.742,5,20,-79,2,14.1,1.4,-16,-24,-13,8.07,-0.012,6.93,8.09,0.08,0.09,74.91125,26.249722222222225,-69.75102,4.877466,-12.3290205,PM*,F8V
HD 31930, ,4,55,10.4,-,63,57,32,274,-37,8.253,0.313,2.651,0.013,3.802,-0.21,189,1.87,2.35,1.6,1.4,2.0,1.6,1.52,1.7,29.9,1.2,1.0,2,1120,0.548,24,-31,17,2,5.3,0.6,-9,-6,-42,7.989,-0.113,7.97,8.07,0.01,0.63,73.79333333333334,-63.95888888888889,10.529204,-150.57443,-113.743034,*,F5IV
HD 31949, ,5,1,45.3,+,42,20,39,164,0,8.094,0.334,0.0,0.0,3.786,-0.24,70,3.87,0.74,4.5,3.0,7.2,1.08,1.03,1.15,34.6,0.6,1.0,3,4,0.052,9,17,-127,1,14.3,1.2,-43,-26,-21,8.067,0.0,6.56,8.49,0.13,0.22,75.43875,42.344166666666666,-67.288315,19.294615,0.0,PM*,F8V
HD 31975, ,4,53,5.6,-,72,24,27,284,-35,6.29,0.332,2.619,-0.014,3.79,-0.03,33,3.73,0.59,3.6,2.5,4.3,1.21,1.15,1.24,26.9,0.2,0.3,4,1528,0.562,6,-45,271,2,30.7,0.5,-34,-19,-32,7.993,-0.018,6.97,8.31,0.09,0.41,73.27333333333333,-72.4075,6.539639,-26.229052,-18.928022,PM*,F9VFe-0.5
HD 32130, ,5,1,12.7,+,7,52,9,192,-20,8.696,0.357,2.621,0.01,3.778,-0.19,131,3.11,1.63,4.6,3.0,5.7,1.18,1.11,1.29,-8.5,0.3,0.1,2,363,0.825,4,-6,-18,2,5.5,1.2,12,-5,-6,8.12,-0.045,7.61,8.71,0.07,0.05,75.30291666666665,7.8691666666666675,-120.409706,-25.593885,-44.804638,*,F8
HD 32152, ,4,59,20.4,-,36,52,17,240,-37,7.119,0.297,2.654,0.01,3.805,-0.46,72,2.82,1.55,2.5,2.2,3.8,1.33,1.27,1.38,22.4,0.4,0.6,2,610,0.077,8,-52,111,2,13.8,0.7,-40,12,-22,8.029,-0.044,7.69,9.66,0.11,0.25,74.835,-36.87138888888889,-28.750874,-49.797985,-43.33068,PM*,F3V
HD 32154, ,4,58,56.0,-,43,41,38,249,-38,8.358,0.322,2.633,-0.003,3.793,-0.2,72,4.06,0.35,3.6,0.3,5.7,1.11,1.05,1.17,34.6,0.5,0.7,2,771,0.08,8,40,50,2,13.8,0.8,-29,-27,-10,8.021,-0.045,6.62,8.17,0.1,0.06,74.73333333333332,-43.693888888888885,-20.332634,-52.968346,-44.32763,PM*,F6V
HD 32169, ,4,59,0.2,-,43,23,33,248,-38,7.924,0.29,2.675,0.018,3.815,-0.12,115,2.62,1.23,1.9,1.7,2.2,1.46,1.4,1.53,-23.6,2.0,2.8,2,771,0.084,50,-15,-47,2,8.7,0.7,33,13,7,8.033,-0.071,7.49,10.04,0.15,0.25,74.75083333333333,-43.3925,-33.94733,-84.02254,-70.80107,*,F5V(s)
HD 32205, ,5,0,43.8,-,17,35,6,217,-32,8.603,0.34,2.611,-0.02,3.785,-0.27,100,3.6,1.06,5.5,3.2,7.2,1.09,1.04,1.17,18.3,0.3,0.5,2,773,0.207,7,-5,-17,2,10.0,1.1,-7,-13,-14,8.067,-0.053,7.58,8.08,0.03,0.11,75.18249999999999,-17.584999999999997,-67.728134,-51.036804,-52.99193,*,F6V
HD 32210, ,4,57,29.3,-,61,17,17,271,-37,8.356,0.335,2.629,0.024,3.795,-0.45,72,3.97,0.61,4.3,2.0,5.9,1.07,1.02,1.13,11.5,0.2,0.1,3,1056,0.888,5,-89,142,2,13.9,0.6,-42,14,-38,7.999,-0.043,7.66,9.85,0.13,0.59,74.37208333333332,-61.28805555555555,1.003539,-57.493,-43.33068,PM*,F6wF3V
HD 32274, ,5,1,57.1,+,1,2,58,199,-24,8.313,0.356,2.62,0.006,3.777,-0.18,60,4.43,0.33,5.4,0.0,9.0,1.02,0.96,1.09,-7.9,0.3,0.3,2,967,0.474,3,114,50,1,16.7,1.2,-5,-6,35,8.052,-0.024,7.95,8.25,0.02,0.81,75.48791666666666,1.0494444444444446,-51.82645,-17.845272,-24.404198,PM*,F7V
HD 32287, ,5,1,18.9,-,17,33,28,218,-32,8.003,0.302,2.642,-0.006,3.807,-0.15,140,2.27,1.78,1.9,1.6,2.2,1.52,1.43,1.63,-3.6,1.0,0.3,2,773,0.84,45,-9,-41,2,7.0,1.0,23,-12,-12,8.094,-0.074,7.15,8.76,0.1,0.11,75.32875,-17.55777777777778,-93.55795,-73.09547,-74.1887,*,F3/5V
HD 32292, ,5,0,0.7,-,43,17,36,248,-38,8.485,0.293,2.634,-0.025,3.811,-0.19,125,3.0,1.0,2.3,2.0,2.8,1.33,1.26,1.4,25.6,0.7,0.9,2,771,0.022,9,6,48,2,8.0,0.8,-35,-11,-11,8.037,-0.077,7.28,8.51,0.08,0.1,75.00291666666665,-43.29333333333333,-36.899273,-91.32885,-76.95769,*,F3V
HD 32326, ,5,0,49.5,-,35,0,1,238,-37,8.109,0.329,2.63,0.001,3.788,-0.25,63,4.12,0.45,4.8,1.9,6.8,1.06,1.01,1.13,31.1,0.3,0.2,2,768,0.555,4,-34,33,2,15.9,0.8,-20,-11,-25,8.027,-0.038,7.58,8.16,0.04,0.28,75.20624999999998,-35.000277777777775,-26.662384,-42.66872,-37.914345,*,F6V
HD 32488, ,5,2,44.4,-,21,5,58,222,-33,8.18,0.289,2.651,-0.004,3.812,-0.29,92,3.37,0.69,2.6,1.9,3.3,1.23,1.16,1.29,-35.8,0.3,0.3,2,772,0.497,11,-4,-116,2,10.9,1.1,61,-9,4,8.058,-0.05,6.51,9.99,0.21,0.19,75.68499999999999,-21.099444444444444,-57.339344,-51.62857,-50.106792,PM*,F3/5V
HD 32508, ,5,6,15.5,+,49,58,28,158,5,7.609,0.302,0.0,0.0,3.808,0.08,75,3.23,0.58,2.0,1.4,2.5,1.36,1.31,1.42,27.1,0.4,0.0,1,0,0.0,1,25,-89,2,13.3,0.9,-37,-18,-9,8.07,0.007,6.97,8.46,0.1,0.03,76.56458333333332,49.974444444444444,-69.27418,27.988592,6.53668,PM*,F5
HD 32590, ,5,1,16.5,-,54,0,29,262,-38,8.177,0.301,2.66,0.008,3.804,-0.22,83,3.57,0.61,3.1,2.1,3.8,1.2,1.14,1.26,5.5,1.1,2.2,4,701,0.248,60,-37,-45,2,12.0,0.7,19,1,-14,8.009,-0.051,7.51,9.01,0.09,0.12,75.31875,-54.00805555555556,-9.102612,-64.76837,-51.099903,PM*,F5IV/V
HD 32715, ,5,9,44.5,+,64,55,10,146,15,6.32,0.281,2.66,-0.015,3.817,0.02,40,3.34,0.33,1.6,0.6,2.4,1.34,1.3,1.39,3.0,1.9,2.7,2,206,0.177,50,-15,-183,2,25.3,0.7,-22,-18,-20,8.032,0.01,7.2,8.13,0.06,0.19,77.43541666666665,64.91944444444445,-32.031548,21.605558,10.352762,PM*,F3V:
HD 32733, ,5,6,47.3,+,34,32,7,171,-4,7.704,0.278,2.671,-0.001,3.818,-0.12,76,3.31,0.47,2.0,1.1,2.6,1.31,1.25,1.36,-12.0,0.8,0.0,1,0,0.0,17,22,-10,2,13.2,1.0,10,-9,5,8.075,-0.005,7.47,8.48,0.06,0.19,76.69708333333332,34.53527777777778,-74.88147,11.860058,-5.3014917,*,F5
HD 32820, ,5,3,53.9,-,41,44,41,246,-37,6.31,0.331,2.64,-0.001,3.793,0.13,31,3.83,0.27,2.5,0.4,3.8,1.25,1.2,1.29,30.5,0.2,0.3,4,774,0.604,8,22,160,1,31.9,0.6,-33,-15,-14,8.01,-0.019,7.12,8.35,0.08,0.1,75.97458333333331,-41.74472222222222,-10.069864,-22.617285,-18.656265,PM*,F8V
HD 32913, ,5,6,11.0,-,10,25,19,210,-28,7.473,0.277,2.648,-0.018,3.819,-0.2,109,2.29,1.54,1.8,1.5,2.0,1.53,1.45,1.62,-9.5,0.8,0.3,2,1104,0.779,24,-26,-46,2,9.2,1.0,24,-4,-16,8.083,-0.051,7.35,9.02,0.1,0.14,76.5458333333333,-10.421944444444444,-83.347404,-48.12064,-51.1724,PM*,F3/5V
HD 32994, ,5,6,55.4,-,5,9,56,205,-26,7.304,0.339,2.637,0.007,3.79,0.02,75,2.94,1.33,2.5,2.2,2.8,1.41,1.34,1.46,-1.5,0.2,0.2,2,413,0.571,6,63,-24,1,13.4,0.9,3,-19,15,8.061,-0.032,7.2,8.17,0.06,0.35,76.73083333333331,-5.165555555555556,-61.0938,-28.488508,-32.87784,PM*,F7V
HD 33008, ,5,7,16.7,+,0,59,27,199,-23,7.472,0.25,2.683,-0.003,3.838,-0.1,155,1.52,1.83,1.1,0.9,1.3,1.81,1.7,1.94,22.4,0.7,0.8,3,1065,0.703,40,-51,16,2,8.4,1.1,-19,24,-33,8.135,-0.059,8.1,10.28,0.12,0.51,76.81958333333331,0.9908333333333332,-134.90494,-46.45148,-60.563324,PM*,F2V
HD 33081, ,5,7,8.6,-,17,17,59,218,-31,7.046,0.313,2.63,-0.011,3.798,-0.28,51,3.5,0.87,3.4,2.8,3.9,1.18,1.1,1.24,-12.0,0.3,0.1,2,1068,0.716,8,6,-164,2,19.5,0.9,36,-19,-6,8.035,-0.026,6.57,8.88,0.15,0.04,76.78583333333331,-17.299722222222226,-34.448315,-26.913967,-26.266941,PM*,F7V
HD 33098, ,5,6,22.5,-,35,1,37,238,-36,8.05,0.245,2.694,-0.001,3.844,0.15,210,1.44,1.61,0.9,0.8,1.0,1.97,1.83,2.1,4.1,1.5,0.7,4,1063,0.951,120,-22,8,2,4.9,0.7,-5,13,-19,8.09,-0.123,8.08,9.35,0.07,0.23,76.59374999999999,-35.026944444444446,-90.0299,-144.07791,-123.4349,*,F2IV
HD 33202, ,5,10,34.0,+,40,50,38,166,1,7.719,0.347,0.0,0.0,3.78,-0.35,80,3.2,1.64,4.9,4.1,6.0,1.15,1.08,1.21,-64.8,0.3,0.2,2,635,0.533,7,-53,-16,1,12.5,1.2,64,-8,-21,8.078,0.001,6.48,10.14,0.22,0.22,77.64166666666665,40.84388888888889,-77.61184,19.350801,1.3961924,PM*,F5
HD 33208, ,5,8,33.3,-,3,0,34,203,-24,7.243,0.351,2.63,0.011,3.784,-0.04,96,2.33,2.14,2.0,1.7,2.4,1.54,1.45,1.63,37.5,0.3,0.1,2,1104,0.884,12,27,12,2,10.4,1.0,-36,-17,-3,8.08,-0.039,7.07,8.47,0.09,0.08,77.13874999999999,-3.0094444444444446,-80.728615,-34.267258,-39.04672,*,F8/G0(V)
HD 33245, ,4,58,30.6,-,78,11,9,291,-32,8.317,0.291,2.67,0.009,3.814,-0.06,133,2.69,1.12,1.9,1.6,2.2,1.45,1.39,1.52,0.3,0.9,0.3,2,792,0.82,40,31,45,2,7.5,0.7,-30,-15,6,7.96,-0.071,7.13,8.23,0.07,0.21,74.62749999999998,-78.18583333333333,40.42045,-105.29891,-70.47926,PM*,F5V
HD 33252, ,5,10,3.8,+,27,33,23,177,-7,6.974,0.319,2.627,0.0,3.793,-0.29,40,3.95,0.54,4.2,2.3,5.8,1.09,1.04,1.16,15.3,0.1,0.4,12,5000,0.533,7,198,-88,1,24.9,1.1,-20,-35,19,8.04,-0.005,6.37,8.07,0.12,0.43,77.51583333333332,27.55638888888889,-39.647434,2.077838,-4.874774,PM*,F8V
HD 33256, ,5,8,43.6,-,4,27,22,205,-25,5.111,0.299,2.637,-0.012,3.805,-0.29,25,3.12,1.1,2.7,2.3,3.1,1.29,1.24,1.33,10.1,0.2,0.5,7,3180,0.2,10,54,15,1,40.0,0.7,-10,-6,2,8.021,-0.01,7.96,8.02,0.0,0.13,77.18166666666667,-4.456111111111111,-20.534843,-9.575556,-10.565456,PM*,F5.5VkF4mF2
HD 33262, ,5,5,30.6,-,57,28,21,266,-37,4.7,0.337,2.616,-0.011,3.785,-0.14,12,4.37,0.17,3.7,0.0,6.0,1.07,1.01,1.13,-0.8,0.3,0.4,2,702,0.348,15,-32,118,1,85.8,0.5,-6,3,-1,8.001,-0.007,7.98,8.53,0.03,0.09,76.37749999999998,-57.472500000000004,-0.6685206,-9.560281,-7.22178,PM*,F9VFe-0.5
HD 33269, ,5,10,14.4,+,30,34,29,174,-5,7.767,0.334,2.635,0.005,3.788,-0.15,62,3.8,0.68,3.8,2.8,5.7,1.12,1.06,1.2,-2.2,0.3,0.3,2,1771,0.437,9,40,-130,2,16.1,1.3,0,-38,-13,8.062,-0.006,6.17,8.09,0.13,0.08,77.55999999999999,30.57472222222222,-61.425724,6.4561057,-5.4036555,PM*,F8
HD 33313, ,5,9,45.9,+,7,10,53,194,-19,7.409,0.322,2.618,-0.001,3.789,-0.49,47,4.06,0.69,5.1,2.6,7.0,1.03,0.98,1.09,34.9,0.3,0.3,2,370,0.49,4,49,14,2,21.4,1.2,-35,-12,-1,8.043,-0.015,7.25,8.48,0.08,0.09,77.44125,7.181388888888889,-43.119335,-10.750853,-15.3017025,PM*,F8
HD 33476, ,5,6,11.2,-,62,47,22,273,-36,7.716,0.32,2.618,-0.016,3.792,-0.31,60,3.83,0.7,4.0,2.9,5.4,1.1,1.04,1.16,3.2,0.2,0.2,2,376,0.589,5,-32,308,2,16.7,0.6,-85,10,-20,7.998,-0.035,6.83,10.88,0.23,0.23,76.54666666666665,-62.78944444444444,2.54045,-48.474495,-35.267113,PM*,F6/7V
HD 33485, ,5,7,38.9,-,53,33,26,261,-37,7.938,0.326,2.621,-0.005,3.789,-0.36,61,4.01,0.63,4.9,2.8,6.4,1.06,1.01,1.12,1.7,0.2,0.3,4,702,0.437,6,-14,67,2,16.4,0.7,-19,5,-5,8.008,-0.036,7.95,8.73,0.05,0.05,76.91208333333331,-53.55722222222222,-7.620983,-48.11698,-36.710712,PM*,F7/8V
HD 33503, ,5,12,9.6,+,32,53,42,173,-4,7.63,0.307,2.666,0.022,3.814,-0.14,77,3.11,0.78,2.2,1.8,2.7,1.33,1.28,1.39,13.3,0.8,1.2,2,638,0.049,16,3,3,1,13.0,1.0,-13,2,1,8.076,-0.005,8.06,8.55,0.03,0.12,78.03999999999999,32.894999999999996,-76.23988,9.361075,-5.3712482,*,F8III
HD 33514, ,5,7,34.2,-,54,59,20,263,-37,7.336,0.304,2.655,0.002,3.804,-0.1,66,3.23,0.84,2.6,2.1,3.0,1.31,1.26,1.36,17.0,0.3,0.2,2,702,0.579,11,-49,53,2,15.1,0.6,-16,-1,-23,8.007,-0.04,7.94,8.35,0.03,0.25,76.89249999999998,-54.98888888888889,-6.4237394,-52.317055,-39.719788,PM*,F5V
HD 33608, ,5,11,19.1,-,2,29,26,203,-23,5.9,0.297,2.661,-0.002,3.812,0.16,38,2.97,0.69,1.8,1.4,2.2,1.45,1.41,1.54,33.8,0.2,0.4,5,1552,0.554,16,82,2,1,26.0,0.8,-31,-20,-1,8.032,-0.015,6.95,8.26,0.09,0.09,77.82958333333332,-2.4905555555555554,-32.19851,-13.667455,-14.847783,PM*,F5V
HD 33649, ,5,9,39.7,-,44,20,7,250,-36,7.477,0.295,2.658,-0.002,3.81,-0.05,61,3.56,0.33,2.0,0.5,3.0,1.27,1.22,1.32,28.3,0.5,0.7,2,682,0.254,16,21,98,1,16.5,0.6,-36,-16,-10,8.017,-0.036,7.05,8.41,0.09,0.06,77.41541666666666,-44.33527777777778,-16.878702,-46.373863,-35.8549,PM*,F5V
HD 33673, ,5,12,20.3,+,11,21,46,191,-16,8.669,0.247,2.713,0.023,3.85,0.01,106,3.44,-0.37,0.0,0.0,0.7,1.42,1.35,1.48,34.2,0.8,1.4,3,983,0.282,29,19,-3,2,9.4,1.2,-33,-13,-3,8.1,-0.029,7.3,8.49,0.07,0.08,78.08458333333333,11.362777777777778,-100.02166,-19.442238,-29.21756,*,F2
HD 33693, ,5,11,37.1,-,10,23,13,211,-27,7.805,0.294,2.639,-0.021,3.812,-0.01,89,3.05,0.76,2.0,1.6,2.5,1.37,1.32,1.44,8.4,0.2,0.1,2,796,0.724,12,10,-65,2,11.2,1.0,10,-25,-11,8.068,-0.04,6.76,8.25,0.1,0.07,77.90458333333332,-10.386944444444444,-67.973015,-40.842297,-40.405155,PM*,F3/5V
HD 33779, ,5,12,37.2,+,0,4,49,201,-22,7.218,0.279,2.668,-0.001,3.824,0.04,123,1.77,1.74,1.2,1.0,1.4,1.77,1.65,1.89,58.0,0.8,0.4,2,295,0.692,24,17,6,2,0.0,0.0,-53,-23,-12,8.107,-0.046,6.57,8.81,0.15,0.09,78.155,0.08027777777777778,-106.468895,-40.86957,-46.07661,*,F2V
HD 33807, ,5,11,30.0,-,30,13,31,233,-34,7.055,0.298,2.661,0.012,3.81,-0.22,118,1.7,2.35,1.4,1.2,1.5,1.71,1.64,1.82,22.9,1.5,0.1,2,771,0.977,35,18,7,2,8.5,0.6,-16,-19,-4,8.059,-0.065,7.2,8.09,0.06,0.08,77.875,-30.225277777777777,-58.873436,-78.12766,-65.984764,*,F3/5V
HD 33924, ,5,17,27.5,+,60,10,54,151,13,6.953,0.305,0.0,0.0,3.804,-0.13,49,3.49,0.61,2.8,2.0,3.5,1.25,1.2,1.29,15.6,1.1,1.4,2,322,0.356,60,-5,-136,2,20.3,0.8,-29,-13,-14,8.042,0.011,7.3,8.33,0.07,0.11,79.36458333333331,60.181666666666665,-41.75796,23.146812,11.022601,PM*,F5
HD 34002, ,5,9,37.3,-,63,46,38,274,-35,7.714,0.241,2.694,-0.005,3.843,0.06,128,2.17,0.96,1.1,1.0,1.3,1.67,1.61,1.74,23.3,0.4,0.1,2,88,0.928,20,12,88,2,7.8,0.6,-53,-20,-14,7.993,-0.074,6.57,8.74,0.14,0.13,77.40541666666667,-63.77722222222222,7.3140783,-104.59605,-73.417786,PM*,F0/2III
HD 34012, ,5,13,32.8,-,17,6,23,218,-29,7.409,0.366,2.612,0.005,3.772,-0.34,83,2.81,2.21,3.9,3.0,5.2,1.19,1.11,1.35,-11.6,1.6,1.5,2,859,0.512,13,1,-7,2,5.2,1.0,10,4,5,8.057,-0.04,7.8,8.99,0.07,0.2,78.38666666666666,-17.10638888888889,-57.204414,-44.692974,-40.239197,*,F8V
HD 34135, ,5,15,26.6,+,7,3,19,195,-18,8.365,0.342,2.626,0.007,3.785,-0.41,154,2.43,2.35,2.8,2.2,3.8,1.37,1.2,1.47,1.8,0.5,0.7,2,295,0.132,8,-2,11,2,7.4,1.1,-5,7,2,8.142,-0.047,8.12,8.96,0.05,0.16,78.86083333333332,7.0552777777777775,-141.4721,-37.90734,-47.58862,*,F5
HD 34289, ,5,18,23.8,+,42,6,35,166,3,8.092,0.288,2.654,0.007,3.81,-0.52,116,2.77,1.53,2.5,2.1,3.0,1.28,1.17,1.37,3.8,0.5,0.1,2,363,0.86,13,27,21,1,0.0,0.0,-3,2,19,8.112,0.005,8.05,8.69,0.04,0.45,79.59916666666665,42.109722222222224,-112.400055,28.024477,6.070971,*,F5
HD 34415, ,5,17,46.1,+,13,38,23,190,-14,8.378,0.256,2.699,0.018,3.833,-0.16,106,3.24,0.26,1.4,0.0,2.1,1.33,1.27,1.4,35.1,1.0,1.1,3,1029,0.688,40,30,3,2,9.4,1.2,-36,-13,5,8.102,-0.025,7.26,8.56,0.08,0.19,79.44208333333331,13.639722222222222,-101.2888,-17.859955,-25.643723,*,F0
HD 34484, ,5,16,24.1,-,32,30,48,236,-33,7.075,0.341,2.623,0.001,3.786,-0.16,61,3.14,1.39,4.2,2.6,4.7,1.31,1.23,1.37,11.2,0.2,0.2,2,800,0.595,6,31,-15,2,16.3,0.7,-3,-15,0,8.029,-0.034,7.41,8.08,0.04,0.12,79.10041666666666,-32.513333333333335,-28.607697,-42.412655,-33.22298,*,F6/7V
HD 34554, ,5,17,0.2,-,31,16,36,234,-33,7.475,0.315,2.622,-0.004,3.793,-0.54,50,3.99,0.71,4.7,2.5,6.3,1.04,1.0,1.1,13.3,0.2,0.3,3,402,0.468,6,6,161,2,20.1,0.7,-39,8,2,8.024,-0.027,7.65,9.37,0.1,0.15,79.25083333333333,-31.276666666666667,-24.647919,-33.92493,-27.231953,PM*,F5V
HD 34570, ,5,15,54.9,-,48,41,26,255,-35,8.23,0.317,2.62,-0.01,3.793,-0.48,76,3.82,0.83,4.2,2.9,5.7,1.07,1.02,1.13,-1.5,0.2,0.2,4,1151,0.739,4,-34,-107,1,13.1,0.7,39,-2,-11,8.016,-0.044,7.06,9.49,0.15,0.08,78.97874999999999,-48.690555555555555,-16.11292,-60.13425,-43.591812,PM*,F5V
HD 34634, ,5,21,49.3,+,51,29,10,159,8,7.757,0.426,0.0,0.0,3.744,-0.14,51,4.24,1.24,12.8,10.9,14.8,0.95,0.91,0.98,10.6,0.2,0.1,2,986,0.656,2,240,-229,2,19.8,1.0,-36,-69,19,8.046,0.007,4.66,8.15,0.27,0.44,80.45541666666665,51.486111111111114,-47.14924,18.098894,7.0978284,PM*,F2
HD 34652, ,4,21,16.6,-,87,48,46,301,-28,7.497,0.299,2.663,0.007,3.806,-0.16,58,3.66,0.42,2.7,1.2,3.8,1.21,1.16,1.27,11.6,0.6,0.1,2,1124,0.883,26,64,68,1,17.1,0.6,-16,-23,-3,7.974,-0.028,6.92,8.0,0.07,0.07,65.31916666666666,-87.81277777777777,26.375586,-43.896366,-27.229351,PM*,F5V
HD 34704, ,5,18,46.3,-,17,34,22,219,-28,7.837,0.308,2.638,-0.01,3.801,-0.15,75,3.46,0.72,3.0,2.3,3.6,1.23,1.16,1.29,19.9,0.3,0.5,2,859,0.245,8,78,1,2,13.3,0.9,-17,-27,14,8.051,-0.035,6.8,8.07,0.09,0.33,79.69291666666666,-17.572777777777777,-51.463436,-41.674267,-35.21037,PM*,F5V
HD 34745, ,5,19,49.0,+,2,30,49,200,-19,7.001,0.351,2.614,-0.002,3.778,-0.23,37,4.13,0.65,6.2,3.9,8.6,1.04,0.98,1.1,35.3,0.2,0.4,4,2112,0.479,5,30,-98,2,26.7,1.2,-24,-27,-15,8.033,-0.012,6.66,8.12,0.1,0.12,79.95416666666667,2.513611111111111,-32.874382,-11.965298,-12.046021,PM*,F7V
HD 34781, ,5,17,44.9,-,43,36,12,249,-35,7.641,0.328,2.626,-0.003,3.792,-0.18,85,2.98,1.44,2.7,2.4,4.0,1.35,1.28,1.4,44.6,0.2,0.3,2,775,0.323,7,-29,112,1,11.7,0.6,-56,-13,-30,8.025,-0.049,6.82,9.03,0.14,0.4,79.43708333333333,-43.60333333333333,-24.952406,-65.003265,-48.753998,PM*,F5/6V
HD 34860, ,5,20,21.4,-,4,47,14,207,-22,8.08,0.308,2.645,0.002,3.801,-0.25,94,3.21,1.06,2.8,2.3,3.6,1.21,1.13,1.31,19.6,0.3,0.3,2,468,0.446,5,-30,12,2,0.0,0.0,-18,4,-16,8.078,-0.036,8.02,8.72,0.04,0.14,80.08916666666666,-4.787222222222222,-77.65592,-39.567673,-35.21302,*,F5V
HD 34894, ,5,19,47.0,-,22,32,35,225,-30,8.024,0.284,2.664,-0.003,3.816,-0.11,97,3.09,0.72,2.1,1.6,2.5,1.35,1.28,1.41,-3.4,0.4,0.6,2,812,0.216,15,-47,-10,2,10.3,0.9,8,12,-17,8.06,-0.048,7.91,9.38,0.08,0.17,79.94583333333333,-22.543055555555558,-59.40013,-59.40012,-48.5,*,F5V
HD 34905, ,5,22,9.2,+,31,22,21,175,-3,8.031,0.331,2.617,-0.007,3.787,-0.54,116,2.7,2.13,3.7,2.8,4.7,1.18,1.12,1.28,55.8,0.3,0.4,3,399,0.557,5,7,37,2,8.6,1.0,-55,19,12,8.116,-0.006,7.62,10.62,0.16,0.35,80.53833333333331,31.3725,-115.400215,10.096226,-6.070971,*,F5
HD 34907, ,5,21,11.9,+,11,6,33,192,-14,7.465,0.249,2.689,0.001,3.837,-0.08,111,2.24,1.11,1.4,1.1,1.6,1.58,1.49,1.67,-55.6,1.3,2.3,3,1029,0.119,50,-14,-55,2,9.0,1.1,62,-8,-7,8.105,-0.027,6.56,10.12,0.21,0.03,80.29958333333332,11.109166666666667,-105.34926,-22.392687,-26.85333,PM*,F0
HD 35072, ,5,19,22.1,-,50,36,21,257,-35,5.44,0.329,2.633,-0.004,3.794,0.01,36,2.65,1.54,2.2,2.0,2.3,1.51,1.47,1.54,43.9,0.2,0.1,3,1312,0.869,5,23,227,1,27.7,0.5,-47,-29,-21,8.006,-0.021,6.33,8.47,0.14,0.21,79.84208333333332,-50.60583333333334,-6.633692,-28.73366,-20.648752,PM*,F6IV
HD 35147, ,5,23,26.5,+,16,58,53,187,-11,8.109,0.377,2.588,0.001,3.761,-0.44,50,4.61,0.73,11.2,5.9,16.5,0.88,0.83,0.97,21.7,0.3,0.1,2,377,0.958,5,8,-155,1,20.0,1.3,-14,-34,-22,8.049,-0.009,6.4,8.05,0.11,0.22,80.86041666666667,16.981388888888887,-48.715515,-5.9815073,-9.54045,PM*,F8
HD 35216, ,5,23,57.0,+,19,59,57,185,-9,8.404,0.364,2.623,0.027,3.788,-0.17,109,3.1,1.4,3.0,2.5,4.9,1.19,1.13,1.35,-7.8,0.3,0.2,2,363,0.564,6,22,-50,2,7.2,1.3,11,-27,-3,8.107,-0.017,6.69,8.28,0.11,0.06,80.9875,19.999166666666667,-107.24837,-9.383023,-17.051357,PM*,F5
HD 35241, ,5,23,34.4,+,5,49,18,197,-17,8.115,0.281,2.658,-0.008,3.818,-0.14,134,2.48,1.32,1.8,1.5,2.2,1.48,1.38,1.57,68.2,0.3,0.1,2,295,0.84,5,44,-51,3,7.5,1.1,-52,-60,-12,8.123,-0.038,4.99,8.45,0.26,0.08,80.89333333333333,5.821666666666666,-122.54551,-37.465935,-39.177807,PM*,F2
HD 35267, ,5,10,25.4,-,80,24,28,293,-31,7.569,0.323,2.646,0.003,3.798,0.07,80,3.05,0.99,2.4,2.0,2.7,1.4,1.36,1.44,36.0,0.2,0.1,2,793,0.713,7,62,81,2,12.5,0.5,-21,-48,-9,7.973,-0.041,5.6,8.0,0.18,0.05,77.60583333333332,-80.40777777777778,26.793762,-63.12213,-41.203045,PM*,F7/8V
HD 35270, ,5,23,53.8,+,11,5,0,193,-14,7.566,0.333,2.617,-0.023,3.79,-0.24,87,2.87,1.65,2.7,2.3,4.2,1.35,1.25,1.42,6.4,0.3,0.1,2,355,0.92,13,-14,3,2,11.5,1.0,-6,3,-6,8.082,-0.021,8.06,8.64,0.03,0.03,80.97416666666666,11.083333333333334,-82.25216,-18.989405,-21.047205,*,F5
HD 35285, ,5,22,32.6,-,25,35,1,228,-30,8.44,0.321,2.65,0.015,3.798,-0.16,140,2.71,1.55,2.4,2.0,2.8,1.4,1.3,1.49,35.9,0.7,0.9,2,800,0.401,35,7,-8,2,6.3,0.9,-18,-28,-16,8.081,-0.07,6.71,8.1,0.09,0.14,80.63583333333331,-25.58361111111111,-81.12779,-90.1015,-70.0,*,F5/6V
HD 35421, ,5,27,53.0,+,56,16,43,155,12,8.089,0.316,0.0,0.0,3.797,-0.05,79,3.61,0.57,3.0,2.0,3.8,1.22,1.16,1.28,21.9,0.4,1.1,10,1465,0.426,30,42,-79,2,12.7,1.1,-34,-21,2,8.07,0.016,6.9,8.35,0.09,0.14,81.97083333333332,56.27861111111111,-70.033714,32.657265,16.425024,PM*,F5
HD 35466, ,5,27,0.9,+,43,38,48,166,5,8.373,0.316,2.625,-0.002,3.794,-0.64,111,3.15,1.61,4.7,3.4,5.8,1.11,1.06,1.19,4.0,0.2,0.5,6,1358,0.37,5,-77,-37,1,0.0,0.0,-6,8,-44,8.107,0.009,8.08,9.14,0.06,0.72,81.75375,43.64666666666667,-107.292984,26.751143,9.674287,PM*,F8
HD 35480, ,5,26,1.6,+,25,45,35,180,-5,8.403,0.328,2.605,-0.028,3.789,-0.25,76,3.99,0.56,4.3,2.3,6.6,1.08,1.02,1.15,-5.0,0.3,0.3,3,604,0.729,8,-37,5,1,13.1,1.2,6,9,-10,8.076,-0.007,7.94,9.19,0.07,0.04,81.50666666666666,25.759722222222223,-75.7108,-6.618848e-06,-6.623836,*,F5
HD 35627, ,5,25,53.2,-,6,21,45,209,-22,7.495,0.355,2.617,0.006,3.777,-0.22,58,3.67,1.12,6.6,5.3,7.8,1.09,1.05,1.14,26.4,0.2,0.3,2,1106,0.422,7,-132,-22,2,17.2,1.0,-16,4,-42,8.047,-0.022,8.01,8.82,0.05,0.66,81.47166666666666,-6.3625,-47.03413,-26.071447,-21.727182,PM*,F8/G0V
HD 35638, ,5,26,23.0,+,3,51,23,199,-17,7.65,0.296,2.648,-0.01,3.808,-0.13,63,3.67,0.34,2.3,0.4,3.5,1.22,1.17,1.28,12.3,0.5,0.7,2,724,0.232,8,53,37,2,16.0,1.1,-17,-4,15,8.056,-0.018,7.93,8.29,0.02,0.35,81.59583333333333,3.856388888888889,-56.964844,-19.614563,-18.419416,PM*,F5V
HD 35643, ,5,25,39.0,-,13,7,56,215,-25,7.279,0.26,2.66,-0.015,3.828,-0.33,93,2.43,1.32,1.8,1.6,2.0,1.47,1.4,1.54,-2.3,0.8,1.3,3,1036,0.221,55,-16,-70,2,10.7,0.9,23,-15,-17,8.069,-0.039,7.01,8.66,0.11,0.15,81.4125,-13.132222222222223,-69.04356,-48.344814,-39.303497,PM*,F2V
HD 35660, ,5,26,4.2,-,9,5,30,211,-23,8.151,0.334,2.612,-0.01,3.786,-0.39,97,3.22,1.52,4.8,3.9,5.9,1.15,1.08,1.21,45.3,0.3,0.7,4,1196,0.02,7,95,78,2,10.3,1.0,-61,-21,33,8.076,-0.038,6.52,9.06,0.16,0.82,81.51749999999998,-9.091666666666667,-76.53559,-45.98721,-37.90092,PM*,F6V
HD 35689, ,5,24,5.3,-,47,20,26,254,-34,8.036,0.29,2.647,0.0,3.807,-0.53,70,3.81,0.57,3.1,0.9,4.5,1.11,1.06,1.18,2.4,0.4,0.4,2,377,0.509,17,-4,-42,1,14.3,0.7,13,-5,-3,8.016,-0.039,7.52,8.62,0.07,0.07,81.02208333333333,-47.34055555555556,-15.995953,-55.78455,-39.1435,*,F3V
HD 35712, ,5,27,11.0,+,11,31,32,193,-13,8.507,0.371,2.6,-0.007,3.768,-0.18,72,4.22,0.75,7.9,4.8,11.1,1.0,0.95,1.06,46.2,0.3,0.4,2,413,0.346,1,39,-6,2,0.0,0.0,-44,-19,0,8.069,-0.016,6.83,8.61,0.12,0.11,81.79583333333332,11.525555555555556,-68.35659,-15.781362,-16.196476,*,F5
HD 35783, ,5,38,1.1,+,78,21,30,135,23,7.725,0.317,2.632,-0.002,3.795,-0.36,69,3.53,0.98,3.5,2.8,6.0,1.14,1.07,1.21,17.7,0.8,1.2,2,791,0.046,8,70,-258,2,14.5,0.8,-76,-46,-5,8.045,0.027,5.3,8.96,0.26,0.05,84.50458333333331,78.35833333333333,-44.91177,44.91177,26.960447,PM*,F6V
HD 35863, ,5,33,2.9,+,68,0,46,145,18,6.807,0.261,2.672,0.0,3.825,-0.5,58,2.97,1.0,2.3,1.9,2.7,1.3,1.26,1.34,33.8,0.5,0.6,2,804,0.401,14,3,-190,1,17.1,0.7,-59,-15,-12,8.045,0.018,6.68,9.07,0.15,0.08,83.26208333333332,68.01277777777777,-45.18547,31.639214,17.922987,PM*,F0
HD 35864, ,5,30,45.0,+,53,9,42,158,10,8.105,0.257,0.0,0.0,3.831,-0.18,128,2.57,0.99,1.7,1.4,2.0,1.45,1.37,1.54,16.7,1.0,1.7,3,1060,0.059,50,-5,-23,2,7.8,1.0,-21,-2,-7,8.117,0.023,7.94,8.49,0.03,0.03,82.68749999999999,53.16166666666666,-116.87652,47.22119,22.226967,*,F0
HD 35887, ,5,27,10.0,-,16,31,25,219,-26,7.354,0.305,2.643,-0.009,3.804,-0.07,64,3.32,0.72,2.6,2.0,3.1,1.3,1.24,1.35,-21.9,0.3,0.3,2,974,0.365,8,-17,-122,2,15.6,0.9,42,-8,-8,8.045,-0.028,6.86,9.37,0.15,0.03,81.79166666666667,-16.52361111111111,-44.70363,-36.200283,-28.055754,PM*,F6V
HD 35949, ,5,25,11.0,-,54,19,4,262,-34,7.149,0.271,2.664,-0.013,3.829,0.08,147,1.31,2.06,0.9,0.8,1.0,1.98,1.91,2.08,24.0,0.4,0.7,5,1427,0.671,30,1,39,2,6.8,0.6,-30,-16,-13,8.017,-0.083,7.15,8.28,0.07,0.12,81.29583333333332,-54.31777777777778,-16.96084,-120.68251,-82.201355,*,F3Ib/II
HD 35987, ,5,28,54.1,+,9,26,36,195,-14,8.078,0.417,2.599,0.033,3.767,0.08,98,2.98,1.79,3.0,2.4,4.6,1.44,1.3,1.5,52.8,0.2,0.3,4,1519,0.521,3,16,-11,2,10.2,1.1,-48,-21,-9,8.092,-0.023,6.69,8.7,0.13,0.03,82.22541666666666,9.443333333333333,-91.8489,-24.610842,-23.708347,*,F8
HD 36008, ,5,25,42.5,-,53,28,50,261,-34,7.857,0.328,2.627,-0.005,3.79,-0.16,60,3.98,0.46,4.0,1.9,5.7,1.12,1.06,1.18,15.9,0.3,0.1,2,1088,0.956,7,69,73,2,16.8,0.6,-24,-20,8,8.008,-0.033,7.02,8.12,0.07,0.22,81.42708333333333,-53.480555555555554,-7.7814054,-49.129845,-33.551575,PM*,F7V
HD 36035, ,5,28,36.9,-,5,21,42,208,-21,7.937,0.301,2.65,-0.001,3.807,-0.15,101,2.92,1.13,2.3,1.9,2.8,1.34,1.25,1.43,-5.0,0.3,0.4,2,418,0.243,11,53,-69,2,0.0,0.0,21,-35,9,8.083,-0.036,6.18,8.37,0.15,0.25,82.15374999999999,-5.361666666666666,-83.25456,-44.267227,-36.195164,PM*,F3/5V
HD 36051, ,5,26,42.6,-,45,2,58,251,-33,8.222,0.363,2.598,-0.005,3.77,-0.29,52,4.63,0.39,7.7,0.3,12.3,0.96,0.89,1.04,1.2,0.2,0.4,4,1861,0.333,5,-19,62,1,19.1,0.8,-15,6,-3,8.014,-0.029,8.0,8.75,0.05,0.07,81.6775,-45.04944444444444,-14.198311,-41.234886,-28.32123,PM*,F7V
HD 36066, ,5,32,33.8,+,57,13,15,154,13,6.4,0.376,2.601,-0.009,3.769,-0.11,44,3.19,1.69,4.4,4.1,4.9,1.22,1.18,1.28,33.0,0.2,0.1,3,487,0.894,4,111,-225,1,22.8,0.8,-52,-33,3,8.039,0.01,6.11,8.57,0.17,0.16,83.14083333333332,57.22083333333334,-38.533356,18.793972,9.897846,PM*,F8V
HD 36088, ,5,29,14.1,+,0,11,55,203,-18,8.337,0.357,2.63,0.012,3.778,-0.06,86,3.66,0.96,5.2,2.9,6.9,1.12,1.06,1.2,-7.1,0.5,0.6,2,295,0.141,8,40,-25,1,0.0,0.0,10,-14,11,8.075,-0.027,7.3,8.38,0.07,0.29,82.30875,0.1986111111111111,-75.28889,-31.958233,-26.575462,*,F7V
HD 36108, ,5,28,21.0,-,22,26,2,225,-28,6.789,0.378,2.596,0.005,3.763,-0.32,35,4.05,1.16,10.4,8.8,12.2,0.99,0.96,1.02,28.5,0.2,0.1,4,757,0.952,3,-138,148,2,28.3,0.8,-36,9,-25,8.022,-0.016,7.73,9.35,0.09,0.28,82.08749999999999,-22.433888888888887,-21.85184,-21.851835,-16.431505,PM*,F9V
HD 36215, ,5,31,22.7,+,27,46,8,179,-3,7.423,0.391,2.603,0.011,3.765,-0.01,86,2.75,2.14,3.2,2.5,3.7,1.35,1.29,1.48,-17.8,0.6,0.9,2,1115,0.015,7,29,-42,2,11.6,0.9,17,-21,1,8.086,-0.005,6.86,8.44,0.1,0.13,82.84458333333332,27.76888888888889,-85.869064,1.4988544,-4.5008926,PM*,F9IV/V
HD 36300, ,5,28,13.7,-,49,9,17,256,-33,8.308,0.276,2.653,-0.003,3.815,-0.6,91,3.51,0.75,2.9,1.8,3.7,1.16,1.11,1.22,-2.5,0.3,0.2,3,617,0.902,10,8,106,2,11.0,0.7,-44,10,7,8.019,-0.05,7.59,9.6,0.12,0.25,82.05708333333332,-49.15472222222222,-18.463245,-74.052025,-49.562153,PM*,F2V
HD 36406, ,5,32,22.0,+,19,7,20,187,-8,7.483,0.341,2.627,0.009,3.786,-0.39,122,2.05,2.69,2.1,1.8,2.6,1.48,1.37,1.6,-48.0,0.2,0.2,3,2605,0.798,6,-17,-65,2,8.2,0.9,54,-20,-21,8.12,-0.016,6.33,9.48,0.2,0.24,83.09166666666665,19.122222222222224,-119.912186,-14.723351,-16.979118,PM*,F7IV
HD 36407, ,5,32,18.0,+,17,44,37,188,-9,7.971,0.325,2.652,0.03,3.811,-0.18,139,2.13,1.86,1.7,1.5,2.0,1.56,1.46,1.66,32.7,0.6,0.1,2,365,0.943,22,9,-36,2,5.4,1.0,-28,-27,-12,8.136,-0.021,6.72,8.27,0.1,0.08,83.07499999999999,17.74361111111111,-135.95259,-19.106894,-21.744392,*,F0
HD 36522, ,5,34,55.5,+,49,3,48,162,9,7.746,0.338,2.636,0.018,3.786,-0.31,100,2.75,1.92,3.6,2.4,4.4,1.33,1.16,1.43,26.1,0.3,0.4,2,606,0.333,9,-23,-71,2,10.0,1.1,-36,-12,-23,8.094,0.015,7.28,8.56,0.08,0.25,83.73124999999999,49.06333333333333,-93.934746,30.521254,15.643448,PM*,F5
HD 36548, ,5,33,9.1,+,15,56,37,190,-9,8.184,0.343,2.619,-0.001,3.782,-0.24,70,3.95,0.75,5.6,3.3,8.2,1.06,1.01,1.12,-24.6,0.3,0.2,2,364,0.692,4,30,-139,1,14.2,1.2,34,-40,-12,8.069,-0.011,5.81,8.56,0.19,0.07,83.28791666666666,15.943611111111112,-68.087814,-12.005724,-10.950414,PM*,F8
HD 36567, ,5,29,44.8,-,53,15,56,261,-33,8.023,0.323,2.638,-0.001,3.797,-0.02,135,2.37,1.78,1.9,1.6,2.2,1.55,1.47,1.64,11.7,0.3,0.3,2,780,0.418,12,11,-12,2,7.4,0.7,5,-15,-1,8.018,-0.074,7.29,8.21,0.06,0.12,82.43666666666665,-53.26555555555556,-17.711597,-111.82659,-73.526276,*,F7/8V
HD 36580, ,5,32,0.1,-,17,46,0,221,-25,8.375,0.343,2.62,0.003,3.781,-0.39,91,3.58,1.27,6.1,4.4,7.9,1.06,1.0,1.12,59.5,0.6,0.9,2,467,0.024,5,61,10,2,0.0,0.0,-46,-46,-1,8.062,-0.039,5.61,8.36,0.2,0.1,83.00041666666665,-17.766666666666666,-62.24392,-54.107822,-38.458263,PM*,F7V
HD 36643, ,5,34,21.4,+,27,19,49,180,-3,8.101,0.254,2.683,-0.005,3.835,0.0,160,2.08,1.24,1.3,1.1,1.5,1.64,1.54,1.75,-40.3,0.3,0.5,4,1011,0.163,9,-45,-22,2,8.6,1.2,42,4,-36,8.16,-0.008,7.28,10.08,0.16,0.56,83.58916666666666,27.330277777777777,-159.78072,-1.39684735e-05,-8.373754,*,F0
HD 36667, ,5,33,59.9,+,15,35,4,190,-9,7.314,0.38,2.591,0.002,3.762,-0.38,57,3.52,1.76,7.2,6.1,8.3,1.07,1.01,1.12,-16.3,0.3,0.1,2,802,0.837,3,-51,-28,2,17.4,1.1,18,4,-13,8.056,-0.009,7.64,9.17,0.09,0.09,83.49958333333332,15.584444444444445,-55.44294,-9.77609,-8.916765,PM*,F8
HD 36724, ,5,34,58.5,+,26,58,20,180,-3,7.577,0.355,2.629,0.021,3.789,-0.12,86,2.81,1.62,2.5,2.2,2.9,1.39,1.32,1.47,-26.4,0.2,0.1,2,705,0.713,6,23,-99,2,11.6,1.1,27,-39,-13,8.086,-0.005,5.93,8.46,0.18,0.08,83.74374999999999,26.97222222222222,-85.88214,-7.508055e-06,-4.5008926,PM*,F7V
HD 36756, ,5,36,11.1,+,44,19,35,166,7,7.246,0.309,2.634,-0.001,3.797,-0.49,67,3.13,1.44,4.4,2.7,5.1,1.16,1.11,1.27,17.3,0.5,0.3,2,357,0.667,14,-103,4,2,15.0,0.9,-15,23,-25,8.064,0.008,8.06,10.05,0.11,0.31,84.04624999999999,44.32638888888889,-64.525246,16.087948,8.165246,PM*,F5
HD 36767, ,5,25,19.0,-,75,41,32,287,-32,7.165,0.345,2.617,-0.001,3.78,-0.23,36,4.41,0.32,5.5,0.0,8.9,1.02,0.96,1.1,46.0,0.1,0.2,6,2910,0.879,4,-104,-309,2,28.1,0.6,62,-20,-29,7.991,-0.019,6.11,9.6,0.22,0.39,81.32916666666667,-75.69222222222223,8.926022,-29.19573,-19.077093,PM*,F9VFe-0.7CH+0
HD 36909, ,5,36,25.0,+,32,0,12,176,0,7.98,0.362,2.611,0.006,3.771,-0.32,61,4.04,0.98,9.1,5.8,11.3,1.0,0.96,1.05,-3.2,0.6,0.8,2,394,0.052,4,-11,-47,2,16.3,1.2,3,-10,-10,8.061,0.0,7.58,8.26,0.04,0.04,84.10416666666666,32.00333333333333,-60.85141,4.255144,0.0,*,F5
HD 36930, ,5,36,44.8,+,37,8,26,172,3,8.273,0.309,2.649,0.007,3.8,-0.29,88,3.55,0.78,3.2,2.4,4.6,1.15,1.08,1.23,-5.9,0.6,0.0,1,0,0.0,7,37,-58,2,0.0,0.0,2,-29,0,8.087,0.004,6.63,8.14,0.1,0.1,84.18666666666665,37.14055555555556,-87.024155,12.230454,4.6055646,PM*,F8
HD 37003, ,5,33,31.9,-,40,55,57,246,-32,8.162,0.315,2.63,-0.011,3.796,-0.19,72,3.86,0.47,3.5,1.9,4.8,1.15,1.08,1.2,18.3,0.8,1.1,2,795,0.138,20,-9,58,1,13.8,0.7,-25,-6,-9,8.025,-0.038,7.66,8.38,0.04,0.05,83.38291666666665,-40.9325,-24.835121,-55.780594,-38.154186,PM*,F5V
HD 37030, ,5,38,48.5,+,55,44,52,156,13,7.887,0.319,2.631,0.001,3.792,-0.4,62,3.93,0.68,4.4,2.7,5.9,1.07,1.02,1.13,0.0,0.5,0.1,2,804,0.971,13,-14,22,2,16.2,0.8,3,7,0,8.055,0.014,7.95,8.98,0.06,0.11,84.70208333333332,55.74777777777778,-55.188145,24.57134,13.946964,*,F5
HD 37053, ,5,35,51.4,+,5,1,43,200,-14,7.97,0.323,2.661,0.025,3.811,0.1,93,3.02,0.71,1.8,1.4,2.3,1.4,1.33,1.48,8.2,0.8,0.6,2,295,0.591,28,-8,-46,2,5.3,1.1,1,-17,-15,8.085,-0.023,7.31,8.17,0.06,0.11,83.96416666666666,5.028611111111111,-84.79552,-30.863045,-22.498737,*,F6V
HD 37097, ,5,37,21.7,+,31,19,52,177,0,8.263,0.269,2.691,0.015,3.825,-0.08,98,3.31,0.28,1.5,0.0,2.2,1.33,1.26,1.4,37.0,0.6,0.0,1,0,0.0,4,25,-51,1,9.9,1.3,-38,-24,-3,8.098,0.0,6.72,8.43,0.11,0.06,84.34041666666667,31.33111111111111,-97.86569,5.128933,0.0,PM*,F5
HD 37254, ,5,37,53.3,+,15,54,57,190,-8,8.306,0.338,2.616,0.001,3.783,-0.64,112,3.06,1.94,5.1,4.0,6.4,1.11,1.05,1.18,19.0,0.3,0.3,3,719,0.644,4,18,9,2,7.9,1.4,-20,-5,8,8.109,-0.016,7.9,8.38,0.03,0.23,84.47208333333333,15.915833333333333,-109.225044,-19.259329,-15.587388,*,F5
HD 37282, ,5,40,35.0,+,55,5,56,157,13,8.074,0.294,2.645,0.004,3.805,-0.63,79,3.59,0.92,3.4,2.5,4.8,1.11,1.05,1.17,1.2,0.4,0.2,2,791,0.72,7,11,-106,2,12.7,1.0,-19,-32,-15,8.071,0.017,6.5,8.1,0.11,0.12,85.14583333333333,55.098888888888894,-70.85608,30.076622,17.771132,PM*,F2
HD 37395, ,5,41,11.4,+,52,10,18,160,11,8.208,0.252,0.0,0.0,3.835,-0.01,115,2.91,0.42,1.3,0.6,1.7,1.44,1.37,1.51,15.1,1.1,2.5,5,738,0.154,70,-4,-64,2,8.7,1.1,-28,-21,-16,8.106,0.022,7.03,8.27,0.08,0.13,85.2975,52.17166666666667,-106.07919,38.609676,21.943035,PM*,F0
HD 37420, ,5,42,38.6,+,61,36,10,151,16,7.766,0.315,0.0,0.0,3.799,-0.3,122,2.34,2.02,2.1,1.8,2.5,1.46,1.38,1.55,-9.4,1.1,1.6,2,608,0.021,19,23,-22,3,8.2,0.9,1,-20,3,8.103,0.034,7.13,8.17,0.07,0.15,85.66083333333333,61.60277777777778,-102.57009,56.855522,33.627758,*,F5
HD 37423, ,5,39,50.5,+,31,13,26,177,0,8.497,0.316,2.664,0.024,3.812,-0.02,108,3.24,0.58,2.0,1.3,2.6,1.32,1.25,1.39,17.5,0.3,0.3,2,640,0.517,7,12,-37,2,9.3,1.2,-18,-19,-5,8.107,0.0,7.25,8.15,0.06,0.04,84.96041666666666,31.223888888888887,-107.85199,5.6522937,0.0,*,F8
HD 37516, ,5,41,5.6,+,39,38,7,170,5,7.848,0.265,2.664,0.002,3.822,-0.63,110,2.64,1.5,2.2,1.9,2.6,1.31,1.23,1.39,45.9,1.0,0.4,3,1134,0.965,35,-66,-20,2,9.1,1.0,-46,17,-31,8.108,0.009,7.73,10.26,0.14,0.44,85.27333333333333,39.63527777777778,-107.91663,19.028625,9.5871315,PM*,F0
HD 37574, ,5,40,57.8,+,32,53,45,176,1,6.738,0.314,2.65,0.011,3.8,-0.2,62,2.77,1.48,2.4,2.2,2.6,1.4,1.35,1.46,-4.7,0.4,0.5,2,640,0.238,10,-1,-3,2,16.1,0.9,5,-1,-1,8.062,0.001,7.83,8.6,0.05,0.1,85.24083333333333,32.895833333333336,-61.839554,4.324242,1.0820491,*,F8
HD 37588, ,5,40,17.6,+,16,23,34,190,-8,7.369,0.327,2.641,0.011,3.79,-0.27,56,3.62,0.92,3.8,3.0,6.6,1.11,1.06,1.19,-58.6,0.3,0.2,2,1487,0.629,9,54,-164,2,17.8,1.1,66,-34,-3,8.055,-0.007,5.63,9.46,0.25,0.07,85.07333333333332,16.392777777777777,-54.612522,-9.629664,-7.793694,PM*,F5
HD 37610, ,5,37,47.7,-,41,9,46,247,-31,7.956,0.341,2.626,0.007,3.786,-0.23,130,2.39,2.21,2.2,1.9,2.9,1.45,1.39,1.55,57.4,0.3,0.2,2,796,0.629,12,4,46,1,7.7,0.7,-46,-38,-23,8.044,-0.066,5.96,8.4,0.17,0.25,84.44875,-41.16277777777778,-43.539864,-102.573456,-66.95495,*,F8V
HD 37613, ,5,43,37.6,+,59,56,17,153,15,7.835,0.307,0.0,0.0,3.804,-0.08,93,2.98,1.07,2.4,2.0,2.7,1.37,1.3,1.43,22.1,0.3,0.3,2,605,0.584,13,-7,-115,2,10.7,0.9,-45,-26,-20,8.08,0.025,6.54,8.54,0.13,0.19,85.90666666666665,59.93805555555555,-80.04009,40.782475,24.070171,PM*,F5
HD 37648, ,5,41,5.4,+,24,21,0,183,-3,7.61,0.322,2.622,-0.017,3.794,-0.1,58,3.8,0.49,3.5,2.0,4.5,1.17,1.1,1.23,-2.0,1.3,0.0,1,0,0.0,40,-12,18,2,17.3,1.2,2,6,0,8.058,-0.003,7.96,8.91,0.06,0.11,85.2725,24.35,-57.841133,-3.031327,-3.0354855,*,F8
HD 37689, ,5,39,23.2,-,25,32,5,230,-26,8.422,0.236,2.683,-0.021,3.846,0.07,213,1.78,1.3,1.0,0.9,1.2,1.78,1.67,1.9,-4.3,0.6,0.5,5,1358,0.983,60,16,-29,2,6.1,1.0,26,-21,7,8.124,-0.095,6.79,8.69,0.12,0.24,84.84666666666665,-25.534722222222225,-123.05725,-146.65396,-93.373055,*,F3IV/V
HD 37705, ,5,39,15.0,-,29,42,35,234,-28,8.194,0.282,2.635,-0.032,3.816,-0.07,87,3.5,0.28,1.7,0.0,2.7,1.28,1.23,1.34,35.3,0.5,0.7,2,467,0.094,8,4,47,2,11.5,0.9,-35,-17,-10,8.045,-0.04,7.05,8.42,0.09,0.05,84.81249999999999,-29.709722222222222,-45.151585,-62.14579,-40.84403,*,F3/5V
HD 37848, ,5,40,31.6,-,22,9,21,226,-25,7.963,0.285,2.661,-0.003,3.816,-0.11,132,2.37,1.44,1.8,1.5,2.0,1.52,1.44,1.62,14.6,0.4,0.6,3,2965,0.275,17,-13,13,2,7.6,0.9,-15,-1,-10,8.083,-0.056,8.03,8.41,0.02,0.07,85.13166666666666,-22.15583333333333,-83.1038,-86.05651,-55.78561,*,F5IV/V
HD 37879, ,5,50,26.6,+,75,42,52,138,23,7.609,0.34,0.0,0.0,3.788,0.07,61,3.68,0.59,3.2,2.3,4.1,1.24,1.19,1.29,-29.0,0.4,0.0,1,0,0.0,9,-21,-18,2,16.4,0.8,16,-18,-18,8.042,0.023,6.99,8.41,0.09,0.17,87.61083333333333,75.71444444444445,-41.728172,37.572224,23.834599,*,F8
HD 37990, ,5,40,42.8,-,36,35,5,242,-29,7.836,0.347,2.619,0.001,3.78,-0.21,53,4.23,0.49,5.9,2.8,8.1,1.04,0.98,1.1,12.0,0.2,0.5,4,792,0.107,4,-125,28,2,19.0,0.8,-11,10,-31,8.022,-0.026,8.02,9.09,0.06,0.41,85.17833333333333,-36.584722222222226,-21.762285,-40.928898,-25.69491,PM*,F7/8V
HD 38141, ,5,45,6.7,+,33,37,34,176,2,6.78,0.28,2.67,-0.002,3.819,-0.02,54,3.13,0.54,1.8,1.2,2.3,1.38,1.33,1.42,-8.6,0.6,0.0,1,0,0.0,14,-2,-79,2,18.6,1.0,7,-17,-11,8.054,0.002,7.16,8.24,0.07,0.06,86.27791666666666,33.626111111111115,-53.835648,3.7645545,1.8845727,PM*,F5
HD 38278, ,5,44,6.5,-,14,30,42,219,-21,7.883,0.324,2.651,0.016,3.797,-0.11,122,2.45,1.79,2.1,1.8,2.4,1.48,1.4,1.58,7.6,0.3,0.1,2,801,0.919,18,3,-19,2,8.2,0.9,2,-12,-5,8.089,-0.044,7.52,8.23,0.05,0.05,86.02708333333332,-14.511666666666667,-88.51444,-71.67758,-43.72089,*,F5V
HD 38283, ,5,37,2.0,-,73,41,57,285,-31,6.702,0.36,2.612,0.002,3.774,-0.22,38,3.82,1.04,7.6,6.5,8.8,1.06,1.02,1.11,61.3,0.2,0.4,5,1159,0.21,4,138,-108,2,26.5,0.6,30,-61,-8,7.992,-0.02,4.86,8.28,0.26,0.03,84.25833333333333,-73.69916666666667,8.430345,-31.46248,-19.571447,PM*,F9.5V
HD 38294, ,5,43,52.7,-,21,16,47,226,-24,7.108,0.344,2.616,-0.001,3.78,-0.32,43,3.93,0.88,8.2,3.9,9.7,1.05,0.99,1.1,42.2,0.2,0.1,4,3283,0.979,4,196,13,2,23.1,0.8,-30,-47,18,8.028,-0.018,5.69,8.12,0.18,0.42,85.96958333333333,-21.279722222222222,-27.287882,-28.257433,-17.489676,PM*,F8/G0V
HD 38374, ,5,52,15.8,+,72,28,40,141,21,7.992,0.308,2.631,-0.005,3.798,-0.49,76,3.58,0.97,3.6,2.8,5.8,1.12,1.06,1.18,-18.7,0.5,0.7,2,803,0.303,13,-58,29,2,13.1,0.8,20,6,-21,8.055,0.028,7.64,9.36,0.1,0.23,88.06583333333333,72.47777777777777,-55.14014,44.65162,27.235964,PM*,F8
HD 38382, ,5,44,28.3,-,20,7,35,224,-23,6.34,0.359,2.61,-0.009,3.776,0.0,26,4.31,0.31,4.6,0.7,7.6,1.07,1.02,1.15,37.6,0.2,0.4,4,4740,0.206,3,-18,37,1,39.2,0.7,-28,-20,-15,8.017,-0.01,6.97,8.19,0.08,0.12,86.11791666666666,-20.12638888888889,-17.21605,-16.625347,-10.159009,*,F8.5V
HD 38396, ,5,43,41.1,-,37,42,32,243,-29,8.47,0.308,2.641,-0.003,3.804,-0.14,166,2.37,1.74,2.0,1.7,2.3,1.49,1.4,1.6,35.5,0.5,0.1,2,796,0.939,24,12,32,2,6.0,0.8,-38,-23,-4,8.066,-0.08,6.75,8.4,0.11,0.1,85.92124999999999,-37.70888888888889,-65.91348,-129.36244,-80.47839,*,F3V
HD 38400, ,5,47,49.8,+,46,59,0,165,10,8.204,0.374,2.613,0.004,3.771,-0.02,74,3.87,0.88,6.3,3.7,8.2,1.1,1.04,1.16,18.9,0.2,0.3,2,606,0.401,6,-117,-94,2,13.6,1.3,-28,-1,-48,8.07,0.012,7.79,8.84,0.06,0.8,86.95749999999998,46.983333333333334,-70.392586,18.861643,12.849965,PM*,F8
HD 38510, ,5,45,9.6,-,26,59,30,232,-26,8.212,0.354,2.592,-0.005,3.771,-0.74,63,4.22,1.11,9.8,5.9,13.2,0.89,0.85,0.97,183.7,0.2,0.5,4,1363,0.127,4,-81,287,2,15.9,0.9,-177,-71,-72,8.035,-0.027,3.66,12.18,0.54,2.18,86.28999999999999,-26.991666666666667,-34.861233,-44.62034,-27.617382,PM*,F5/6V
HD 38677, ,5,47,6.2,-,10,37,48,215,-19,7.986,0.358,2.621,0.004,3.778,-0.06,58,4.15,0.47,5.0,2.4,7.5,1.08,1.02,1.15,28.2,0.2,0.1,2,795,0.898,3,5,-20,2,17.1,1.0,-19,-19,-10,8.045,-0.019,7.15,8.09,0.06,0.05,86.77583333333332,-10.63,-44.922363,-31.454973,-18.882952,*,F8V
HD 38683, ,5,44,13.6,-,55,41,43,264,-31,7.547,0.356,2.631,0.016,3.781,-0.1,103,2.48,2.11,2.2,1.9,2.5,1.51,1.43,1.57,21.1,0.3,0.1,2,1079,0.958,15,-9,45,2,9.7,0.6,-24,-13,-14,8.01,-0.054,7.36,8.19,0.05,0.11,86.05666666666666,-55.695277777777775,-9.2286215,-87.80458,-53.04892,*,F7/8V
HD 38722, ,5,49,24.8,+,35,58,54,174,4,8.282,0.349,2.623,0.005,3.783,-0.13,108,3.12,1.45,3.2,2.5,5.2,1.19,1.13,1.35,-53.4,0.3,0.1,2,635,0.974,7,5,-47,2,9.3,1.2,50,-27,-14,8.107,0.008,6.14,9.18,0.2,0.11,87.35333333333331,35.98166666666667,-107.14673,11.261579,7.533699,*,F8
HD 38772, ,5,46,52.6,-,28,53,24,234,-26,7.546,0.349,2.615,0.006,3.777,-0.42,50,4.04,0.93,6.2,4.5,10.9,1.01,0.95,1.06,-11.3,0.2,0.3,4,1516,0.547,4,-71,-113,2,19.9,0.8,29,4,-18,8.027,-0.022,7.41,9.43,0.12,0.17,86.71916666666665,-28.89,-26.414904,-36.356976,-21.918558,PM*,F7V
HD 38779, ,5,48,30.8,+,7,33,4,199,-10,7.08,0.259,2.684,0.0,3.832,-0.03,76,2.67,0.73,1.5,1.2,1.8,1.5,1.44,1.55,36.3,0.9,0.4,3,1054,0.893,70,15,-8,2,13.1,0.9,-33,-17,-3,8.071,-0.014,7.12,8.38,0.08,0.06,87.12833333333332,7.551111111111111,-70.76771,-24.367268,-13.197262,*,F2
HD 38827, ,5,47,21.9,-,27,8,4,232,-25,7.167,0.317,2.637,-0.01,3.8,0.06,58,3.33,0.67,2.5,1.8,3.0,1.33,1.29,1.37,56.8,0.2,0.1,2,760,0.684,7,35,-18,1,17.1,0.7,-28,-48,-17,8.033,-0.025,5.63,8.11,0.18,0.15,86.84124999999999,-27.134444444444444,-32.36277,-41.42245,-24.51186,*,F7V
HD 38940, ,5,46,58.0,-,45,38,50,252,-30,7.406,0.323,2.655,0.018,3.796,-0.1,86,2.73,1.52,2.3,2.1,2.5,1.44,1.39,1.49,39.4,0.3,0.5,2,797,0.204,11,85,129,1,11.6,0.6,-62,-38,18,8.023,-0.043,5.81,8.71,0.2,0.45,86.74166666666666,-45.64722222222222,-23.015034,-70.832954,-43.0,PM*,F5V
HD 39042, ,5,47,25.8,-,48,44,55,256,-30,7.913,0.268,2.657,-0.004,3.821,-0.56,126,2.41,1.69,2.0,1.8,2.4,1.38,1.28,1.47,7.4,0.4,0.6,2,377,0.174,11,3,15,1,0.0,0.0,-11,-5,-1,8.027,-0.064,8.02,8.04,0.0,0.11,86.85749999999999,-48.74861111111111,-26.398329,-105.87789,-63.0,*,F2/3V
HD 39076, ,5,52,10.0,+,40,57,46,170,7,7.973,0.413,2.589,0.016,3.748,-0.4,80,3.46,2.13,7.9,5.6,10.4,1.02,0.95,1.11,0.2,0.2,0.2,2,358,0.553,2,31,-37,1,5.8,1.0,-3,-18,3,8.078,0.01,7.29,8.12,0.05,0.15,88.04166666666667,40.96277777777778,-78.19737,13.788315,9.749548,*,F8
HD 39192, ,5,48,47.2,-,42,19,32,248,-29,8.337,0.357,2.604,0.002,3.773,-0.4,88,3.6,1.44,7.1,6.0,8.3,1.05,1.0,1.11,0.3,0.2,0.3,4,617,0.412,4,-47,-24,1,11.3,0.7,9,7,-19,8.028,-0.043,7.83,9.1,0.07,0.19,87.19666666666664,-42.32555555555556,-28.832188,-71.36212,-42.663246,PM*,F7V
HD 39197, ,5,35,39.4,-,81,36,42,294,-30,7.133,0.31,2.645,0.006,3.798,-0.34,50,3.65,0.77,3.7,2.9,4.3,1.15,1.07,1.2,31.1,0.3,0.4,2,379,0.247,9,-30,31,1,20.1,0.5,4,-23,-23,7.983,-0.025,6.87,8.07,0.08,0.24,83.91416666666665,-81.61166666666666,17.612213,-39.55768,-25.0,*,F6V
HD 39339, ,5,53,20.3,+,30,26,57,180,2,8.399,0.377,2.607,0.01,3.765,-0.18,72,4.11,0.93,8.6,5.9,11.5,1.0,0.96,1.06,-78.9,0.2,0.3,3,1151,0.612,2,-1,-120,2,0.0,0.0,78,-36,-24,8.072,0.003,5.43,9.8,0.29,0.29,88.33458333333331,30.449166666666667,-71.95614,-6.2906056e-06,2.5127637,PM*,F8
HD 39455, ,5,53,26.8,+,18,10,11,190,-4,7.587,0.321,2.666,0.039,3.826,0.13,228,0.63,2.76,0.0,0.0,0.0,0.0,0.0,0.0,-14.1,0.7,0.6,2,604,0.514,30,-1,-6,2,1.5,1.0,15,-3,-3,8.224,-0.016,7.72,8.97,0.08,0.06,88.36166666666665,18.169722222222223,-223.98921,-39.495358,-15.904475,*,F6III+
HD 39456, ,5,53,12.5,+,11,48,51,196,-7,7.194,0.313,2.648,0.009,3.798,-0.28,61,3.28,1.09,3.0,2.5,4.9,1.23,1.13,1.29,64.6,0.6,0.9,2,1544,0.056,7,12,-110,2,16.5,1.0,-52,-45,-21,8.058,-0.008,5.61,8.47,0.2,0.21,88.30208333333331,11.814166666666667,-58.19989,-16.688547,-7.43403,PM*,F5
HD 39513, ,5,52,38.0,-,12,46,3,218,-19,8.055,0.304,2.652,-0.005,3.807,0.07,111,2.83,1.01,2.0,1.6,2.3,1.44,1.36,1.52,53.8,0.4,0.1,2,499,0.914,15,-12,20,2,9.0,1.0,-48,-20,-18,8.083,-0.036,6.72,8.7,0.13,0.17,88.15833333333333,-12.7675,-82.70376,-64.61524,-36.138065,*,F5V
HD 39688, ,5,53,30.8,-,16,15,54,221,-20,7.278,0.342,2.625,0.002,3.785,-0.12,55,3.57,0.95,3.6,3.0,6.0,1.15,1.09,1.25,5.2,0.2,0.3,3,3061,0.452,9,-42,-90,2,18.1,0.8,13,-12,-20,8.039,-0.019,7.3,8.44,0.07,0.2,88.37833333333332,-16.265,-39.005726,-33.90716,-18.811108,PM*,F8/G0V
HD 39815, ,5,56,23.7,+,33,13,8,177,4,8.147,0.33,2.645,0.013,3.789,-0.2,93,3.31,1.19,3.3,2.6,5.5,1.17,1.1,1.26,-20.1,0.3,0.6,3,256,0.211,10,-14,9,2,10.8,1.3,20,6,-5,8.092,0.007,7.66,9.35,0.1,0.04,89.09875,33.21888888888889,-92.64632,4.8553967,6.487352,*,F8
HD 39888, ,5,55,7.2,-,9,48,35,215,-17,7.333,0.288,2.684,0.024,3.827,0.0,72,2.94,0.54,1.5,1.0,2.0,1.43,1.38,1.48,34.6,0.8,0.6,2,795,0.607,35,9,29,2,13.9,0.9,-33,-13,-3,8.056,-0.021,7.23,8.44,0.08,0.07,88.77999999999999,-9.809722222222224,-56.401848,-39.492996,-21.050762,*,F5V
HD 39932, ,5,54,6.7,-,35,54,10,242,-26,6.782,0.288,2.663,0.006,3.817,-0.15,109,1.6,2.23,1.2,1.1,1.4,1.8,1.71,1.88,11.3,0.5,0.2,2,796,0.787,26,-58,11,2,9.2,0.6,-11,9,-29,8.046,-0.048,8.04,9.0,0.06,0.38,88.52791666666667,-35.90277777777778,-45.993458,-86.50109,-47.782455,PM*,F5IV
HD 39967, ,5,58,8.2,+,42,50,56,169,9,8.567,0.325,2.64,0.02,3.803,-0.32,139,2.77,1.52,2.5,2.1,3.0,1.32,1.21,1.43,-58.2,1.0,1.7,3,363,0.143,30,0,11,2,5.1,1.1,58,-5,-6,8.135,0.022,6.73,10.12,0.2,0.04,89.53416666666665,42.848888888888894,-134.7663,26.195917,21.744392,*,F6IV
HD 39981, ,5,37,4.0,-,83,17,28,296,-29,8.593,0.359,2.621,0.012,3.777,-0.2,143,2.82,1.96,3.7,2.6,4.4,1.33,1.26,1.41,26.4,0.3,0.3,2,1124,0.496,8,4,-93,2,7.0,0.7,68,-4,3,7.946,-0.069,6.43,10.28,0.23,0.19,84.26666666666667,-83.2911111111111,54.827328,-112.412735,-69.327774,PM*,F8V
HD 40001, ,5,57,39.7,+,33,15,36,178,4,7.445,0.354,2.639,0.018,3.782,0.04,68,3.3,1.14,3.0,2.6,4.7,1.32,1.25,1.37,-12.9,0.3,0.1,2,695,0.772,9,-31,-50,1,14.8,1.0,11,-9,-17,8.067,0.005,7.45,8.49,0.07,0.15,89.41541666666666,33.26,-67.79304,2.3673818,4.74344,PM*,F8
HD 40125, ,5,55,39.2,-,29,8,15,235,-24,8.053,0.274,2.668,-0.01,3.823,0.02,101,3.03,0.51,1.6,1.0,2.1,1.41,1.36,1.47,5.5,0.3,0.4,2,467,0.311,9,1,-37,2,9.9,0.8,12,-12,-7,8.053,-0.041,7.31,8.43,0.07,0.04,88.91333333333333,-29.1375,-52.92279,-75.581604,-41.080402,*,F3IV/V
HD 40126, ,5,55,36.5,-,29,55,0,235,-24,7.933,0.343,2.618,-0.011,3.787,0.05,75,3.57,0.74,3.2,2.5,3.8,1.25,1.19,1.31,35.9,0.2,0.2,2,796,0.438,9,5,60,2,13.4,0.8,-37,-18,-6,8.039,-0.031,6.97,8.44,0.1,0.03,88.90208333333334,-29.916666666666668,-39.299103,-56.12495,-30.505249,PM*,F7V
HD 40136, ,5,56,24.2,-,14,10,3,220,-18,3.72,0.221,2.722,0.0,3.85,-0.25,15,2.83,0.46,1.3,0.9,1.8,1.42,1.38,1.47,-1.6,0.2,0.6,13,5940,0.815,17,-42,139,1,66.5,0.7,-6,9,2,8.011,-0.005,8.0,8.94,0.06,0.14,89.10083333333333,-14.167499999999999,-10.928274,-9.16991,-4.635255,PM*,F2V
HD 40170, ,5,56,25.5,-,20,2,15,225,-21,8.51,0.36,2.621,0.012,3.776,-0.21,106,3.38,1.43,5.4,4.0,7.0,1.11,1.05,1.2,-13.5,0.4,0.5,2,499,0.142,2,47,-97,2,7.4,1.2,47,-30,8,8.069,-0.038,6.06,8.99,0.2,0.25,89.10624999999999,-20.0375,-69.97495,-69.97494,-37.987003,PM*,F7V
HD 40184, ,5,59,17.0,+,40,2,0,172,8,7.33,0.336,0.0,0.0,3.791,0.03,99,2.35,1.89,1.9,1.6,2.2,1.57,1.49,1.66,2.5,0.3,0.5,2,695,0.242,13,36,-17,1,10.1,1.0,-3,-15,11,8.097,0.014,7.49,8.14,0.04,0.29,89.82083333333333,40.03333333333333,-97.08245,13.644056,13.778137,*,F5
HD 40259, ,5,57,48.6,+,2,3,56,205,-11,7.849,0.253,2.673,-0.01,3.829,-0.39,98,2.89,0.9,2.0,1.6,2.4,1.32,1.26,1.39,23.7,0.5,0.3,3,1130,0.775,26,-19,36,2,10.2,1.0,-29,8,-4,8.087,-0.019,7.89,9.18,0.08,0.05,89.45249999999999,2.0655555555555556,-87.18632,-40.65565,-18.699282,*,F0V
HD 40300, ,5,58,13.1,+,6,30,40,201,-9,8.42,0.262,2.686,0.012,3.825,-0.41,108,3.25,0.64,2.2,1.4,2.7,1.25,1.19,1.31,-19.3,1.1,1.6,2,114,0.06,15,-11,-16,3,6.9,1.3,21,3,-6,8.1,-0.016,7.61,9.24,0.1,0.03,89.55458333333333,6.511111111111111,-99.58535,-38.227226,-16.894924,*,F3IV
HD 40379, ,5,57,33.2,-,18,3,18,224,-20,6.67,0.329,2.648,0.015,3.796,-0.02,87,1.97,2.2,1.5,1.4,1.7,1.71,1.63,1.77,13.9,0.8,0.2,2,796,0.881,35,-13,3,1,11.5,0.8,-11,-6,-9,8.059,-0.029,8.02,8.06,0.0,0.04,89.38833333333332,-18.055,-58.808372,-56.79059,-29.75575,*,F6V
HD 40395, ,6,0,38.7,+,42,44,39,170,10,8.42,0.357,2.649,0.054,3.809,-0.07,187,1.83,2.1,1.4,1.2,1.7,1.7,1.58,1.81,-32.4,0.5,0.1,2,363,0.856,19,-12,-5,2,0.0,0.0,30,-4,-17,8.181,0.031,7.33,9.3,0.12,0.15,90.16124999999998,42.744166666666665,-181.36125,31.9789,32.47221,*,F8
HD 40483, ,5,56,54.9,-,44,0,32,251,-28,6.653,0.332,2.618,-0.016,3.789,-0.34,53,3.02,1.61,4.1,3.7,4.5,1.29,1.15,1.35,20.6,0.4,0.5,2,795,0.084,7,61,73,1,18.8,0.6,-23,-21,7,8.016,-0.025,7.03,8.11,0.07,0.22,89.22874999999999,-44.00888888888889,-15.23536,-44.246696,-24.881994,PM*,F6V
HD 40488, ,6,1,6.2,+,41,56,18,170,9,7.486,0.333,0.0,0.0,3.794,0.09,99,2.51,1.6,2.0,1.7,2.3,1.54,1.47,1.63,13.8,0.6,0.6,2,606,0.436,24,-10,-65,2,10.1,0.9,-20,-21,-16,8.096,0.016,7.09,8.16,0.07,0.13,90.27583333333332,41.93833333333333,-96.29563,16.979528,15.487013,PM*,F5
HD 40507, ,5,55,49.6,-,56,31,40,265,-30,8.481,0.354,2.622,0.001,3.778,-0.08,92,3.67,0.97,5.7,3.1,7.1,1.13,1.08,1.2,8.0,0.4,0.7,3,2125,0.012,3,-31,-67,2,10.9,0.7,28,-2,-18,8.007,-0.046,7.27,9.13,0.11,0.18,88.95666666666665,-56.52777777777778,-6.944073,-79.371155,-46.0,PM*,F7V
HD 40530, ,6,0,36.9,+,29,0,18,182,3,7.505,0.246,2.685,-0.006,3.835,-0.24,95,2.61,0.93,1.7,1.4,2.0,1.45,1.38,1.52,54.1,1.5,2.0,2,86,0.16,30,20,-29,2,10.5,1.0,-53,-17,4,8.095,0.005,6.75,8.91,0.14,0.18,90.15374999999999,29.005,-94.81201,-3.3108978,4.971916,*,F2II
HD 40567, ,6,4,54.6,+,66,56,34,147,20,7.844,0.27,0.0,0.0,3.821,-0.27,100,2.84,1.01,2.1,1.8,2.5,1.37,1.3,1.43,-16.6,0.6,0.0,1,0,0.0,11,12,6,2,10.0,0.9,15,-9,0,8.079,0.035,7.38,8.61,0.08,0.12,91.22749999999998,66.94277777777778,-78.80925,51.17933,34.20201,*,F5IV
HD 40590, ,5,59,51.5,+,0,3,21,207,-11,8.08,0.328,2.654,0.015,3.797,0.15,86,3.4,0.59,2.4,1.7,3.0,1.33,1.27,1.39,30.5,0.3,0.1,2,295,0.921,8,20,-33,1,11.6,1.0,-20,-28,-5,8.075,-0.017,6.72,8.11,0.09,0.04,89.96458333333332,0.05583333333333334,-75.21871,-38.325855,-16.409575,*,F6/7V
HD 40650, ,6,2,45.1,+,47,48,34,165,12,6.486,0.366,2.615,0.007,3.77,-0.2,28,4.22,0.72,7.3,4.9,11.6,1.0,0.97,1.07,-77.1,0.2,0.4,3,1266,0.298,4,30,94,2,35.2,0.8,77,-11,-7,8.027,0.006,6.16,10.44,0.26,0.01,90.68791666666665,47.809444444444445,-26.454906,7.088573,5.8215275,PM*,F5
HD 40673, ,5,59,37.2,-,16,47,10,223,-19,7.632,0.262,2.658,-0.015,3.829,-0.26,112,2.38,1.29,1.7,1.5,2.0,1.49,1.41,1.57,93.8,0.2,0.1,2,818,0.764,9,-25,12,2,8.9,1.0,-72,-48,-38,8.078,-0.036,5.32,8.9,0.25,0.58,89.90499999999999,-16.78611111111111,-77.44896,-72.222305,-36.46363,*,F3V
HD 40832, ,6,2,55.1,+,32,38,8,179,5,6.24,0.29,2.65,-0.012,3.813,-0.09,50,2.75,1.11,2.0,1.8,2.3,1.45,1.4,1.49,31.9,0.6,0.0,1,0,0.0,19,82,-213,2,20.0,0.9,-34,-53,-5,8.05,0.004,5.38,8.17,0.21,0.04,90.72958333333332,32.635555555555555,-49.80215,0.8693023,4.3577867,PM*,F4V
HD 40852, ,6,0,11.1,-,30,51,51,237,-24,8.226,0.278,2.642,-0.023,3.816,-0.39,115,2.92,1.14,2.4,2.0,2.7,1.31,1.24,1.37,-6.9,0.4,0.5,2,378,0.126,7,3,-2,2,8.7,0.8,4,4,4,8.058,-0.046,7.9,8.85,0.06,0.18,90.04624999999999,-30.86416666666667,-57.218544,-88.10882,-46.774715,*,F3V
HD 40858, ,6,6,12.0,+,64,4,54,150,20,7.584,0.343,0.0,0.0,3.783,-0.24,81,3.05,1.63,4.2,3.6,4.8,1.2,1.14,1.37,-4.5,0.4,0.0,1,0,0.0,6,32,1,1,12.4,0.8,5,-8,9,8.066,0.027,7.65,8.38,0.05,0.26,91.54999999999998,64.08166666666666,-65.91761,38.057556,27.70363,*,F5
HD 40930, ,6,3,21.7,+,31,23,24,180,5,7.071,0.296,2.633,-0.007,3.804,-0.61,69,2.86,1.65,3.7,2.3,4.2,1.28,1.14,1.34,7.4,0.3,0.3,3,1084,0.681,9,-52,18,2,14.4,0.9,-8,13,-12,8.069,0.006,8.07,9.33,0.07,0.07,90.84041666666666,31.39,-68.737434,-6.0092175e-06,6.013746,PM*,F8
HD 40979, ,6,4,29.9,+,44,15,37,169,11,6.726,0.365,2.624,0.011,3.773,-0.1,33,4.11,0.67,6.2,3.8,9.2,1.06,1.0,1.12,32.8,0.2,0.4,4,1156,0.22,7,97,-154,1,30.0,0.8,-37,-22,9,8.032,0.006,6.8,8.37,0.1,0.24,91.12458333333332,44.26027777777778,-31.798532,6.1810093,6.2966967,PM*,F8
HD 41149, ,6,2,7.6,-,26,39,44,233,-22,8.143,0.272,2.65,-0.019,3.821,-0.25,100,3.14,0.69,2.2,1.6,2.7,1.3,1.24,1.36,4.9,1.0,1.4,2,761,0.041,18,-23,8,2,10.0,1.0,-7,4,-10,8.056,-0.037,8.05,8.65,0.04,0.06,90.53166666666665,-26.66222222222222,-55.799328,-74.04819,-37.46066,*,F5V
HD 41158, ,5,57,14.2,-,69,28,40,280,-30,7.981,0.327,2.639,-0.002,3.799,0.17,109,2.8,1.13,2.0,1.8,2.3,1.49,1.44,1.56,33.6,0.5,0.7,2,795,0.06,13,44,75,2,9.2,0.7,-33,-45,2,7.984,-0.054,5.69,8.11,0.18,0.15,89.30916666666666,-69.47777777777777,16.391825,-92.96266,-54.5,PM*,F6V
HD 41278, ,6,0,55.3,-,54,57,4,263,-29,7.406,0.297,2.65,-0.004,3.806,-0.23,56,3.67,0.47,3.0,1.6,4.0,1.19,1.13,1.24,18.2,3.3,0.0,1,0,0.0,50,21,7,2,17.9,0.7,-4,-18,-4,8.006,-0.027,7.2,8.03,0.05,0.06,90.23041666666666,-54.95111111111111,-5.9690146,-48.613625,-27.149338,*,F5V
HD 41304, ,6,4,58.2,+,14,23,18,195,-3,6.718,0.316,2.645,0.005,3.797,-0.22,41,3.67,0.67,3.6,2.7,4.3,1.17,1.09,1.22,39.4,0.4,0.0,1,0,0.0,6,85,-188,1,24.6,0.9,-28,-48,-6,8.039,-0.002,5.6,8.11,0.18,0.02,91.24249999999999,14.388333333333334,-39.548683,-10.597039,-2.1457744,PM*,F6V
HD 41311, ,6,3,24.9,-,21,47,25,228,-20,7.324,0.259,2.682,0.004,3.83,-0.2,115,2.02,1.58,1.5,1.3,1.7,1.63,1.54,1.71,15.9,0.9,1.2,2,823,0.041,20,2,-85,2,8.7,0.8,25,-37,-21,8.072,-0.039,6.06,8.42,0.16,0.22,90.85374999999998,-21.790277777777778,-72.30938,-80.30767,-39.332314,PM*,F0IV/V
HD 41476, ,6,11,54.1,+,71,7,50,143,22,7.478,0.314,0.0,0.0,3.795,-0.33,52,3.89,0.59,4.0,2.4,5.4,1.1,1.04,1.16,6.7,0.4,0.0,1,0,0.0,6,-40,27,2,19.2,0.7,-1,13,-4,8.038,0.02,8.0,9.3,0.07,0.05,92.97541666666666,71.13055555555555,-38.50506,29.01565,19.479542,*,F5
HD 41576, ,6,3,1.1,-,52,6,50,260,-28,8.483,0.245,2.705,0.012,3.845,0.21,196,2.02,0.97,1.1,0.9,1.3,1.76,1.65,1.87,11.0,0.3,0.1,2,380,0.888,14,-24,4,2,5.1,0.8,-7,2,-24,8.03,-0.093,8.02,8.52,0.03,0.29,90.75458333333331,-52.11388888888889,-30.051151,-170.42859,-92.016426,*,F2/3III
HD 41640, ,6,7,9.2,+,16,33,21,193,-2,7.348,0.339,2.6,-0.007,3.778,-0.64,36,4.58,0.53,4.0,0.0,10.0,0.95,0.87,1.02,49.1,0.4,0.7,3,717,0.113,6,83,-89,2,28.0,1.0,-43,-31,3,8.035,-0.001,6.31,8.4,0.14,0.16,91.78833333333331,16.555833333333332,-35.055954,-8.093305,-1.2563819,PM*,F5
HD 41712, ,6,7,9.3,+,9,9,57,200,-6,6.936,0.286,2.657,-0.006,3.816,-0.13,86,2.26,1.57,1.7,1.5,1.9,1.57,1.49,1.64,-22.8,0.7,0.2,2,752,0.823,26,57,-60,3,11.6,1.0,32,-23,11,8.081,-0.008,6.55,8.73,0.14,0.29,91.78874999999998,9.165833333333333,-80.370865,-29.252602,-8.989448,PM*,F2
HD 41779, ,6,4,12.0,-,52,53,37,261,-28,8.292,0.292,2.66,-0.004,3.813,0.02,182,1.99,1.77,1.4,1.2,1.7,1.68,1.57,1.79,-5.1,1.1,1.6,2,1083,0.066,35,-19,3,2,5.5,0.7,-3,13,-11,8.026,-0.086,8.0,9.25,0.07,0.11,91.04999999999998,-52.89361111111111,-25.138472,-158.71802,-85.443825,*,F5V
HD 41804, ,6,20,24.4,+,80,21,22,134,25,7.538,0.31,0.0,0.0,3.8,-0.19,59,3.68,0.56,3.4,2.2,4.2,1.19,1.12,1.24,-15.8,0.6,0.0,1,0,0.0,14,-10,-100,2,16.9,0.6,-12,-26,-15,8.037,0.025,6.81,8.04,0.08,0.11,95.10166666666665,80.3561111111111,-37.144875,38.464653,24.934479,PM*,F5
HD 41981, ,6,9,52.1,+,37,34,15,175,9,7.964,0.318,2.643,0.006,3.797,-0.2,97,3.03,1.29,2.7,2.3,3.4,1.28,1.16,1.38,24.0,0.3,0.4,2,590,0.302,5,-64,-66,3,9.9,1.3,-31,-10,-36,8.096,0.015,7.48,8.51,0.06,0.51,92.46708333333333,37.57083333333334,-95.4412,8.350036,15.174144,PM*,F8
HD 41988, ,6,7,54.5,-,9,26,56,217,-14,8.245,0.273,2.675,0.008,3.826,-0.15,225,1.48,2.15,1.2,1.0,1.4,1.8,1.68,1.9,-8.6,1.2,2.1,3,701,0.083,45,4,-52,2,3.5,1.1,41,-34,-18,8.175,-0.054,6.03,8.89,0.19,0.18,91.97708333333331,-9.44888888888889,-174.35535,-131.38617,-54.432426,PM*,F3V
HD 42065, ,6,10,37.7,+,40,34,39,172,10,8.203,0.374,0.0,0.0,3.769,-0.25,87,3.51,1.5,6.7,5.1,8.5,1.08,1.01,1.15,-23.8,0.2,0.3,2,583,0.352,6,-16,-15,1,7.9,1.1,21,-5,-13,8.085,0.015,7.38,8.91,0.09,0.09,92.65708333333332,40.5775,-84.84446,11.924118,15.107391,*,F8
HD 42067, ,6,9,27.4,+,19,13,54,191,0,8.471,0.302,2.639,-0.004,3.806,-0.32,172,2.29,1.93,2.0,1.7,2.3,1.47,1.38,1.57,-12.5,0.5,0.8,2,44,0.087,2,-2,26,1,4.6,1.6,9,21,9,8.169,0.0,8.06,10.18,0.12,0.28,92.36416666666666,19.231666666666666,-168.83987,-32.81914,0.0,*,F2IV
HD 42068, ,6,9,27.0,+,17,50,4,192,-1,8.411,0.35,2.614,-0.006,3.78,-0.08,78,3.96,0.64,4.4,2.7,7.2,1.1,1.04,1.17,7.8,0.3,0.3,2,1487,0.496,6,4,27,1,12.9,1.3,-9,6,6,8.076,-0.001,8.07,8.84,0.05,0.21,92.3625,17.834444444444443,-76.28389,-16.21465,-1.3612876,*,F7V
HD 42190, ,6,6,59.7,-,46,12,20,254,-27,6.838,0.282,2.657,-0.017,3.818,0.05,47,3.49,0.13,0.8,0.0,2.1,1.33,1.28,1.37,-0.5,0.3,0.3,2,467,0.459,14,-90,-26,1,21.4,0.6,4,9,-18,8.012,-0.021,7.91,9.08,0.07,0.18,91.74874999999999,-46.205555555555556,-11.542944,-40.255054,-21.337553,PM*,F3V
HD 42278, ,6,9,36.2,-,5,42,41,213,-12,6.17,0.223,2.694,-0.013,3.851,-0.13,61,2.24,0.93,1.3,1.0,1.5,1.61,1.56,1.67,-2.3,1.2,1.8,2,449,0.041,22,66,2,2,16.4,0.9,3,-7,17,8.05,-0.013,7.69,8.34,0.04,0.4,92.40083333333332,-5.711388888888889,-50.040962,-32.496975,-12.682613,PM*,F0IV
HD 42390, ,6,8,49.4,-,36,7,46,243,-24,8.013,0.289,2.65,-0.002,3.811,-0.37,98,3.06,1.09,2.6,2.2,3.0,1.28,1.22,1.34,18.8,0.3,0.6,4,1649,0.326,14,79,-129,2,10.2,0.7,49,-53,8,8.041,-0.039,5.11,8.73,0.26,0.25,92.20583333333333,-36.129444444444445,-40.644627,-79.76953,-39.86019,PM*,F3V
HD 42416, ,6,9,32.7,-,25,16,31,232,-20,8.239,0.35,2.606,-0.027,3.782,-0.13,99,3.26,1.34,4.6,2.7,5.6,1.19,1.12,1.3,32.5,0.4,0.6,2,762,0.056,6,24,22,2,10.1,1.1,-27,-24,3,8.057,-0.034,6.83,8.18,0.09,0.15,92.38625,-25.275277777777777,-57.274727,-73.3083,-33.859993,*,F7V
HD 42538, ,6,8,13.6,-,53,16,58,261,-28,8.204,0.373,2.604,-0.003,3.772,0.0,91,3.41,1.3,5.1,3.2,5.9,1.19,1.13,1.29,35.9,0.2,0.1,2,795,0.804,7,-23,68,2,11.0,0.6,-35,-24,-21,8.012,-0.042,6.7,8.28,0.11,0.22,92.05666666666666,-53.282777777777774,-12.569236,-79.35901,-42.721912,PM*,F7V
HD 42548, ,6,11,41.4,+,7,46,43,201,-5,7.317,0.269,2.67,-0.004,3.822,-0.27,73,3.0,0.83,2.2,1.8,2.6,1.33,1.28,1.39,34.7,0.2,0.4,4,1865,0.242,12,-11,77,2,13.7,0.9,-42,11,6,8.068,-0.007,7.68,9.65,0.11,0.22,92.92249999999999,7.778611111111111,-67.89204,-26.061306,-6.3623686,PM*,F0
HD 42625, ,6,9,39.5,-,41,58,49,249,-25,7.284,0.303,2.635,-0.009,3.802,-0.44,69,3.08,1.34,2.8,2.4,4.5,1.26,1.14,1.31,-3.6,0.2,0.4,4,712,0.238,10,-47,19,2,14.4,0.6,-6,12,-10,8.022,-0.03,8.01,9.18,0.07,0.06,92.41458333333334,-41.98027777777778,-22.410616,-58.381676,-29.16066,PM*,F5V
HD 42820, ,6,14,54.7,+,42,7,23,171,12,8.173,0.367,0.0,0.0,3.772,-0.06,64,4.15,0.62,6.2,3.4,9.0,1.06,1.0,1.12,27.6,0.3,0.5,3,1034,0.218,3,-18,-76,2,15.7,1.2,-32,-14,-9,8.062,0.013,7.25,8.42,0.07,0.03,93.72791666666664,42.12305555555555,-61.830723,9.793023,13.306349,PM*,F9V
HD 42853, ,6,10,27.9,-,48,57,23,257,-27,7.653,0.316,2.637,0.001,3.798,-0.23,99,2.67,1.65,2.3,2.1,2.5,1.42,1.37,1.48,1.4,0.9,1.3,2,436,0.01,20,-32,-14,2,10.1,0.6,5,5,-15,8.02,-0.044,7.87,8.86,0.06,0.13,92.61625,-48.95638888888889,-19.842865,-85.94884,-44.945057,*,F5/6IV/V
HD 42958, ,6,13,36.5,-,1,49,21,210,-9,8.041,0.306,2.639,-0.001,3.802,-0.37,109,2.85,1.51,2.6,2.2,3.3,1.28,1.16,1.39,-30.9,0.3,0.1,2,795,0.734,8,5,-30,2,6.4,1.0,35,2,0,8.093,-0.018,7.3,9.59,0.14,0.11,93.40208333333332,-1.8225,-93.2346,-53.829014,-17.051357,*,F3V
HD 42963, ,6,13,18.5,-,10,38,38,218,-13,8.052,0.284,2.661,-0.006,3.817,-0.05,125,2.57,1.17,1.8,1.5,2.1,1.47,1.38,1.57,-6.8,0.6,0.9,2,467,0.096,17,23,-23,2,7.6,1.0,15,-11,7,8.096,-0.029,7.33,8.58,0.08,0.23,93.32708333333333,-10.643888888888888,-95.97677,-74.98525,-28.118881,*,F3/5IV/V
HD 43144, ,6,10,49.9,-,59,48,2,269,-28,8.019,0.286,2.664,-0.001,3.815,-0.1,98,3.06,0.77,2.1,1.7,2.6,1.36,1.31,1.41,38.9,0.3,0.2,2,743,0.547,9,6,114,2,10.2,0.6,-54,-36,-10,8.002,-0.046,5.93,8.53,0.18,0.06,92.70791666666666,-59.800555555555555,-1.5101273,-86.515686,-46.008213,PM*,F3V
HD 43167, ,6,23,5.8,+,74,50,45,139,24,7.863,0.328,0.0,0.0,3.792,-0.11,81,3.31,1.04,3.0,2.6,3.5,1.27,1.16,1.33,-11.1,0.4,0.0,1,0,0.0,4,52,-19,1,12.3,0.8,6,-20,12,8.056,0.033,7.06,8.19,0.07,0.3,95.77416666666666,74.84583333333333,-55.846386,48.546513,32.945667,PM*,F8
HD 43240, ,6,13,4.5,-,41,56,54,249,-25,8.53,0.25,2.688,-0.002,3.838,-0.01,192,2.11,1.17,1.2,1.1,1.5,1.63,1.53,1.74,19.0,0.7,0.5,2,380,0.649,35,1,3,2,5.4,0.8,-9,-16,-7,8.062,-0.08,7.43,8.06,0.04,0.08,93.26874999999998,-41.94833333333333,-62.359974,-162.45335,-81.14271,*,F2IV
HD 43288, ,6,15,3.8,-,8,37,37,217,-12,7.566,0.338,2.636,0.02,3.797,-0.21,85,2.82,1.51,2.5,2.2,2.8,1.38,1.31,1.44,26.8,0.2,0.2,2,794,0.592,6,-88,6,2,11.7,0.9,-27,3,-36,8.067,-0.018,7.86,8.92,0.06,0.51,93.76583333333332,-8.626944444444446,-66.4006,-50.03643,-17.672495,PM*,F5V
HD 43318, ,6,15,34.2,-,0,30,43,209,-8,5.622,0.321,2.631,-0.002,3.795,-0.21,36,2.86,1.51,2.5,2.3,3.7,1.38,1.33,1.43,-39.6,0.1,0.3,5,1549,0.515,4,-157,-219,1,28.0,0.8,49,3,-35,8.031,-0.005,7.01,10.08,0.18,0.54,93.89249999999998,-0.5119444444444444,-31.179886,-17.283295,-5.010232,PM*,F5V
HD 43382, ,6,17,33.7,+,35,8,57,178,9,6.673,0.3,2.641,-0.001,3.803,-0.48,48,3.26,1.17,3.0,2.5,4.9,1.21,1.11,1.26,-3.1,0.3,0.3,2,1078,0.545,8,69,41,2,20.8,0.9,6,1,17,8.047,0.007,7.83,8.74,0.06,0.42,94.39041666666665,35.149166666666666,-47.38016,1.6545496,7.508855,PM*,F6V
HD 43452, ,6,14,11.9,-,41,39,37,249,-24,7.701,0.286,2.642,-0.02,3.816,-0.08,147,1.86,1.93,1.4,1.2,1.6,1.7,1.63,1.8,35.8,0.8,1.3,3,1173,0.379,40,-31,46,1,6.8,0.6,-45,-12,-25,8.048,-0.06,7.08,8.78,0.11,0.3,93.54958333333332,-41.66027777777778,-48.125637,-125.37163,-59.790287,PM*,F5V
HD 43470, ,6,15,38.5,-,19,48,16,227,-17,8.205,0.342,2.627,0.0,3.785,-0.06,99,3.23,1.23,3.0,2.5,4.8,1.29,1.16,1.36,39.0,0.3,0.5,4,1193,0.09,5,57,-53,2,10.1,0.9,-5,-53,3,8.065,-0.028,5.43,8.07,0.2,0.16,93.91041666666666,-19.804444444444446,-64.567635,-69.2403,-28.944798,PM*,F6/7V
HD 43523, ,6,19,4.7,+,47,23,38,167,15,6.825,0.352,0.0,0.0,3.78,0.04,32,4.3,0.19,3.4,0.0,6.3,1.11,1.05,1.17,-16.6,0.4,0.0,1,0,0.0,5,-30,-32,2,31.3,0.8,14,-6,-10,8.03,0.008,7.48,8.61,0.07,0.04,94.76958333333332,47.39388888888889,-30.117414,6.9531546,8.282209,*,F5
HD 43547, ,6,14,23.8,-,47,20,41,255,-26,8.39,0.298,2.649,-0.007,3.81,-0.06,159,2.39,1.51,1.8,1.5,2.1,1.53,1.44,1.62,4.5,1.2,0.1,2,438,0.952,45,-5,-3,2,6.3,0.7,1,-3,-5,8.037,-0.069,7.84,8.4,0.03,0.08,93.59916666666665,-47.344722222222224,-36.98737,-138.03877,-69.70101,*,F5V
HD 43621, ,6,20,18.9,+,54,14,59,160,17,7.263,0.254,2.696,0.008,3.836,0.07,108,2.11,1.14,1.2,1.0,1.4,1.67,1.58,1.77,28.7,1.3,2.2,3,1068,0.381,70,-18,-92,2,9.3,1.0,-47,-26,-17,8.097,0.032,6.53,8.59,0.14,0.15,95.07874999999999,54.249722222222225,-97.052315,35.32416,31.576143,PM*,F0
HD 43701, ,6,19,35.8,+,39,49,5,174,11,8.348,0.339,0.0,0.0,3.785,-0.23,90,3.57,1.05,5.2,3.0,6.8,1.11,1.05,1.19,33.5,0.3,0.3,2,1361,0.532,7,-25,-59,2,11.1,1.3,-39,-14,-14,8.088,0.018,7.14,8.59,0.09,0.1,94.89916666666666,39.81805555555556,-87.86247,9.23472,17.17281,PM*,F8
HD 43806, ,6,16,56.4,-,29,52,12,237,-20,8.188,0.312,2.65,0.0,3.801,-0.02,70,3.95,0.11,1.2,0.0,3.6,1.19,1.14,1.24,30.7,0.4,0.6,2,762,0.229,16,9,70,2,14.2,0.9,-36,-15,0,8.036,-0.024,7.11,8.44,0.09,0.11,94.23499999999999,-29.87,-35.825535,-55.166473,-23.941408,PM*,F6V
HD 43855, ,6,19,3.0,+,14,5,40,197,-1,7.709,0.32,2.629,-0.003,3.793,-0.35,65,3.64,0.9,3.8,2.7,6.0,1.1,1.04,1.18,58.4,0.4,0.2,2,244,0.678,10,13,1,2,0.0,0.0,-55,-18,3,8.062,-0.001,6.65,8.91,0.15,0.16,94.76249999999999,14.094444444444445,-62.150345,-19.001272,-1.1344063,*,F5V
HD 43921, ,6,13,40.9,-,66,40,48,277,-28,7.286,0.292,2.644,-0.009,3.812,-0.21,122,1.86,2.13,1.5,1.3,1.6,1.68,1.61,1.75,30.3,0.3,0.2,2,793,0.709,17,-1,56,2,8.2,0.6,-30,-30,-13,7.988,-0.058,6.44,8.13,0.12,0.1,93.42041666666667,-66.68,13.127696,-106.91669,-57.27553,PM*,F5IV
HD 43926, ,6,20,14.5,+,30,22,9,182,7,8.009,0.239,2.708,0.01,3.842,-0.05,107,2.86,0.38,1.2,0.5,1.6,1.45,1.38,1.52,0.8,0.3,0.0,1,0,0.0,2,-14,-56,2,8.4,1.1,-2,-22,-19,8.106,0.014,7.09,8.14,0.07,0.18,95.06041666666665,30.36916666666667,-106.13774,-3.7063997,13.04002,PM*,F0
HD 43947, ,6,19,40.1,+,16,0,47,195,0,6.613,0.366,2.598,0.004,3.767,-0.44,28,4.41,0.8,8.6,5.9,13.9,0.94,0.86,0.99,40.5,0.2,0.1,2,1112,0.837,3,-17,-14,1,36.3,0.9,-39,-11,-3,8.027,0.0,7.19,8.6,0.09,0.07,94.91708333333331,16.013055555555557,-27.045923,-7.246934,0.0,*,F8V
HD 44016, ,6,20,51.3,+,31,38,21,181,8,8.572,0.323,2.627,0.01,3.79,-0.6,95,3.68,1.13,5.6,3.3,7.5,1.05,0.99,1.11,-26.1,0.3,0.4,3,781,0.592,4,-7,-60,2,10.5,1.1,24,-22,-19,8.094,0.013,6.71,8.59,0.12,0.18,95.21374999999998,31.639166666666664,-94.061134,-1.6418421,13.221445,PM*,F5
HD 44268, ,6,17,14.7,-,58,9,55,267,-27,8.922,0.327,2.656,0.025,3.808,0.01,152,2.91,0.97,2.1,1.7,2.5,1.39,1.32,1.48,40.4,0.9,1.2,2,438,0.087,23,9,35,2,6.6,0.8,-26,-39,-10,8.007,-0.069,6.04,8.08,0.14,0.08,94.31124999999999,-58.165277777777774,-7.0880384,-135.24739,-69.00655,*,F5IV/V
HD 44278, ,6,17,17.3,-,58,22,53,267,-27,8.966,0.357,2.628,0.012,3.776,-0.16,96,4.05,0.71,6.2,3.4,8.7,1.05,0.99,1.12,38.7,0.2,0.4,2,378,0.275,6,-28,74,2,0.0,0.0,-37,-29,-24,8.004,-0.044,6.46,8.27,0.12,0.27,94.32208333333332,-58.38138888888889,-4.476656,-85.4194,-43.583088,PM*,F7V
HD 44297, ,6,23,12.7,+,43,41,51,171,14,8.548,0.34,2.63,0.016,3.784,-0.41,123,3.09,1.71,4.7,3.5,5.8,1.15,1.08,1.22,-41.4,0.3,0.1,2,611,0.906,8,36,-17,2,8.1,1.0,40,-25,5,8.118,0.029,6.38,8.97,0.17,0.2,95.80291666666666,43.6975,-117.87702,18.669884,29.756393,*,F5
HD 44300, ,6,22,28.3,+,30,56,42,182,8,8.647,0.258,2.712,0.032,3.85,0.08,124,3.04,-0.03,0.1,0.0,1.0,1.5,1.43,1.57,39.0,0.9,2.3,9,1491,0.148,80,-1,-31,2,8.2,1.1,-39,-17,-3,8.123,0.017,7.03,8.58,0.1,0.06,95.61791666666666,30.945,-122.71844,-4.2854085,17.257465,*,F0
HD 44345, ,6,17,20.9,-,61,14,46,270,-28,8.507,0.3,2.657,0.003,3.805,-0.19,87,3.81,0.32,2.6,0.0,4.0,1.17,1.11,1.24,22.5,0.5,0.1,2,379,0.881,24,16,29,2,0.0,0.0,-11,-24,-3,7.999,-0.04,6.91,8.0,0.07,0.07,94.33708333333333,-61.24611111111111,9.1602686e-07,-76.81644,-40.84403,*,F5V
HD 44414, ,6,22,19.1,+,14,51,51,196,0,8.307,0.412,2.595,0.022,3.765,0.12,116,2.89,1.9,3.0,2.4,4.4,1.47,1.4,1.51,21.3,0.2,0.6,11,2554,0.011,7,3,-65,1,0.0,0.0,-11,-37,-15,8.111,0.001,6.28,8.11,0.13,0.12,95.57958333333332,14.864166666666666,-111.506355,-31.973927,0.0,PM*,F5Ib
HD 44473, ,6,25,38.3,+,58,25,31,156,20,7.062,0.368,0.0,0.0,3.776,-0.14,143,1.29,3.45,0.0,0.0,0.0,0.0,0.0,0.0,4.0,0.4,0.0,1,0,0.0,9,11,-101,2,7.0,0.8,-35,-57,-14,8.123,0.048,5.21,8.25,0.23,0.11,96.40958333333333,58.42527777777777,-122.75862,54.65565,48.90888,PM*,F8
HD 44510, ,6,19,3.9,-,53,58,24,262,-26,8.667,0.275,2.671,-0.004,3.819,-0.14,101,3.65,0.13,1.4,0.0,2.7,1.25,1.19,1.31,28.1,1.1,0.9,2,467,0.549,35,0,10,2,0.0,0.0,-9,-25,-11,8.012,-0.045,6.86,8.01,0.08,0.07,94.76624999999999,-53.973333333333336,-12.633897,-89.89475,-44.275486,*,F3V
HD 44590, ,6,20,13.2,-,46,6,16,254,-24,8.615,0.329,2.622,0.016,3.785,-0.79,95,3.72,1.35,7.0,5.0,8.9,0.99,0.94,1.05,39.9,0.2,0.1,2,350,0.819,6,1,-141,2,10.5,0.8,51,-46,-31,8.024,-0.039,5.37,8.82,0.24,0.41,95.05499999999998,-46.10444444444445,-23.921677,-83.42485,-38.63998,PM*,F5V(w)F0
HD 44623, ,6,21,40.2,-,25,21,5,233,-17,8.082,0.28,2.664,0.0,3.819,-0.2,144,2.29,1.54,1.8,1.5,2.1,1.51,1.42,1.62,2.1,3.0,4.2,2,795,0.021,50,21,-39,2,6.2,0.9,22,-20,2,8.083,-0.043,6.82,8.55,0.11,0.15,95.41749999999999,-25.35138888888889,-82.874695,-109.97839,-42.101524,*,F2V
HD 44630, ,6,26,31.1,+,58,43,36,156,20,8.73,0.284,2.667,0.001,3.813,-0.19,105,3.62,0.33,2.2,0.0,3.2,1.22,1.16,1.28,-43.1,0.4,0.4,2,323,0.444,11,1,-51,2,0.0,0.0,25,-37,-22,8.09,0.036,6.04,8.44,0.17,0.24,96.62958333333333,58.72666666666667,-90.13745,40.131775,35.912113,PM*,F5IV
HD 44663, ,6,21,43.6,-,27,30,25,235,-18,8.115,0.342,2.637,0.004,3.787,0.1,68,3.94,0.32,3.2,1.1,4.4,1.21,1.15,1.25,5.4,0.2,0.1,2,757,0.708,4,4,-22,2,14.6,0.9,3,-8,-3,8.037,-0.021,7.65,8.28,0.04,0.06,95.43166666666666,-27.506944444444443,-37.09424,-52.976078,-21.013157,*,F7V
HD 44824, ,6,21,39.3,-,46,9,42,254,-24,8.645,0.363,2.61,0.002,3.775,-0.22,148,2.79,2.05,3.7,2.7,4.8,1.32,1.15,1.4,28.1,0.2,0.2,2,466,0.589,6,-30,41,2,0.0,0.0,-38,-10,-23,8.037,-0.061,7.26,8.61,0.08,0.26,95.41374999999998,-46.16166666666666,-37.267452,-129.96713,-60.19702,*,F6V
HD 44836, ,6,25,0.9,+,24,18,7,188,5,7.708,0.355,2.634,0.024,3.795,0.03,106,2.48,1.67,2.0,1.7,2.4,1.51,1.42,1.61,1.3,0.4,0.0,1,0,0.0,7,19,-12,2,6.7,1.2,1,-10,6,8.104,0.01,7.68,8.26,0.04,0.2,96.25375,24.301944444444445,-104.56898,-14.696214,9.238508,*,F8
HD 44898, ,6,19,22.4,-,66,3,36,276,-28,8.384,0.355,2.602,0.001,3.773,-0.51,78,3.94,1.19,9.2,7.3,10.9,0.98,0.94,1.04,25.9,0.2,0.2,2,350,0.629,5,-67,-126,2,12.9,0.7,45,-5,-37,7.993,-0.036,6.87,9.55,0.16,0.57,94.84333333333332,-66.06,7.1988587,-68.49264,-36.618782,PM*,F7wF3
HD 44966, ,6,24,50.1,+,4,52,19,206,-4,7.035,0.318,2.649,0.005,3.798,-0.06,49,3.6,0.57,3.0,2.0,3.8,1.23,1.18,1.28,14.9,0.4,0.5,2,1076,0.26,11,-40,-39,2,20.6,0.9,-11,-9,-13,8.044,-0.003,7.78,8.05,0.02,0.09,96.20875,4.871944444444445,-43.933628,-21.427856,-3.418067,PM*,F5/6V
HD 44985, ,6,25,20.2,+,11,13,59,200,-1,7.007,0.368,2.613,0.01,3.769,-0.27,33,4.42,0.6,8.2,5.1,12.3,0.97,0.92,1.03,32.0,0.2,0.3,3,2150,0.545,2,-123,-58,2,30.4,0.9,-30,-10,-22,8.031,0.0,7.42,8.41,0.06,0.22,96.33416666666666,11.233055555555556,-31.005135,-11.284946,-0.5759294,PM*,F8
HD 45004, ,6,27,38.3,+,48,46,36,166,16,7.305,0.358,2.626,0.01,3.777,-0.09,67,3.17,1.51,4.4,2.8,5.0,1.3,1.16,1.37,-51.1,0.6,0.8,2,610,0.041,9,21,42,2,14.9,0.9,53,-3,-4,8.062,0.019,6.81,9.93,0.19,0.06,96.90958333333333,48.776666666666664,-62.491444,15.580864,18.467703,*,F5
HD 45067, ,6,25,16.5,-,0,56,45,211,-6,5.876,0.36,2.618,0.008,3.775,-0.2,33,3.28,1.54,4.9,4.4,5.5,1.2,1.15,1.25,46.9,0.1,0.3,39,2597,0.616,6,239,-219,2,30.2,0.9,-19,-65,13,8.028,-0.004,4.86,8.04,0.25,0.32,96.31875,-0.9458333333333333,-28.131565,-16.903145,-3.4494393,PM*,F9V
HD 45207, ,6,27,30.5,+,29,38,31,184,8,7.846,0.394,2.634,0.055,3.794,0.2,113,2.34,1.68,2.0,1.5,2.4,1.61,1.5,1.71,-36.0,0.4,0.6,2,370,0.222,17,-3,0,2,3.4,1.1,35,3,-7,8.112,0.016,7.33,9.69,0.14,0.02,96.87708333333333,29.641944444444444,-111.62771,-7.805762,15.726561,*,F7/8IIIp
HD 45504, ,6,28,56.3,+,26,58,2,186,7,6.42,0.342,2.609,-0.023,3.784,-0.11,46,3.11,1.42,2.9,2.5,4.6,1.33,1.27,1.39,-5.4,0.3,0.1,2,680,0.856,8,81,-78,1,21.8,1.0,9,-22,7,8.045,0.006,6.9,8.22,0.09,0.22,97.23458333333332,26.96722222222222,-45.40701,-4.7724676,5.60599,PM*,F5
HD 45654, ,6,28,38.2,-,0,43,15,211,-5,6.809,0.309,2.628,-0.022,3.802,-0.28,76,2.41,1.87,2.0,1.8,2.3,1.47,1.42,1.54,-16.9,0.2,0.3,2,794,0.35,7,39,-6,2,13.2,0.9,18,1,13,8.065,-0.007,7.59,9.04,0.09,0.33,97.15916666666666,-0.7208333333333333,-64.89683,-38.993935,-6.623836,*,F5V
HD 45738, ,6,26,59.1,-,44,7,21,252,-23,7.963,0.294,2.668,0.004,3.815,0.18,109,2.78,0.8,1.6,1.3,2.0,1.53,1.46,1.59,-5.1,1.0,1.5,2,767,0.163,25,-11,25,2,9.2,0.6,-12,10,0,8.031,-0.042,8.03,9.01,0.06,0.12,96.74624999999999,-44.1225,-31.005241,-95.42428,-42.58969,*,F5V
HD 45743, ,6,32,19.9,+,54,51,12,160,19,7.557,0.352,2.626,0.016,3.779,-0.3,94,2.68,2.14,3.4,2.6,4.0,1.36,1.25,1.43,20.2,0.2,0.2,2,614,0.479,5,-45,-120,2,10.6,1.0,-44,-30,-28,8.084,0.031,6.37,8.47,0.14,0.35,98.08291666666666,54.85333333333333,-83.5187,30.398327,30.603405,PM*,F8
HD 45753, ,6,32,1.1,+,50,38,45,164,18,8.313,0.31,2.657,0.019,3.799,-0.39,100,3.31,1.13,3.2,2.5,5.1,1.17,1.1,1.25,-55.0,0.5,0.5,2,33,0.474,14,33,-22,1,10.0,1.0,49,-30,-7,8.092,0.03,6.03,9.09,0.2,0.04,98.00458333333331,50.645833333333336,-91.42142,26.21467,30.901701,*,F8
HD 45759, ,6,29,36.8,+,8,29,32,203,-1,7.619,0.354,2.618,-0.002,3.778,-0.06,50,4.11,0.51,5.0,2.6,7.5,1.08,1.03,1.15,44.3,0.4,0.5,2,1078,0.373,14,-17,-14,2,19.9,1.1,-40,-18,-6,8.046,-0.001,6.9,8.51,0.1,0.02,97.40333333333332,8.492222222222221,-46.018234,-19.533579,-0.8726203,*,F8
HD 45767, ,6,34,13.7,+,65,17,12,150,23,7.588,0.312,2.63,0.008,3.794,-0.7,64,3.55,1.25,5.7,3.6,7.0,1.06,1.0,1.14,0.8,0.4,0.3,2,1134,0.572,4,-19,51,2,15.6,0.8,7,15,-1,8.051,0.025,7.93,9.57,0.09,0.11,98.55708333333331,65.28666666666666,-51.019558,29.45616,25.006792,PM*,F2
HD 45895, ,6,24,2.0,-,70,11,12,281,-28,7.718,0.271,2.669,-0.01,3.826,0.04,147,1.88,1.58,1.2,1.1,1.4,1.75,1.67,1.84,20.5,0.4,0.5,2,793,0.194,10,2,19,2,6.8,0.6,-10,-21,-8,7.976,-0.068,7.02,7.98,0.06,0.07,96.00833333333333,-70.18666666666667,24.765713,-127.40862,-69.01232,*,F2IV
HD 46214, ,6,28,18.1,-,59,37,4,269,-26,7.637,0.318,2.664,0.026,3.814,0.05,115,2.22,1.49,1.5,1.3,1.7,1.65,1.58,1.71,37.2,0.2,0.3,2,793,0.338,5,23,-2,2,8.7,0.6,2,-39,-5,8.002,-0.05,6.07,8.04,0.14,0.06,97.07541666666665,-59.617777777777775,-1.8038923,-103.34557,-50.41268,*,F5IV
HD 46317, ,6,36,15.1,+,58,6,24,157,21,6.607,0.318,2.637,0.005,3.793,-0.36,36,3.8,0.75,4.0,3.0,5.2,1.1,1.04,1.16,6.3,0.2,0.5,5,1487,0.186,4,124,-198,1,27.5,0.8,-17,-35,11,8.031,0.013,6.32,8.05,0.12,0.28,99.06291666666665,58.10666666666667,-30.937151,13.132042,12.901246,PM*,F5
HD 46335, ,6,36,2.2,+,55,41,33,160,20,7.819,0.31,2.652,0.0,3.803,0.04,74,3.49,0.47,2.3,1.3,3.1,1.29,1.24,1.34,3.3,0.5,0.1,2,323,0.951,22,-24,-101,2,13.6,1.1,-20,-25,-17,8.065,0.025,6.84,8.11,0.09,0.15,99.00916666666664,55.692499999999995,-65.34364,23.783146,25.309488,PM*,F8
HD 46437, ,6,29,18.9,-,61,0,21,270,-26,7.996,0.324,2.633,0.005,3.793,-0.38,100,3.0,1.57,4.1,2.5,4.7,1.2,1.14,1.34,15.2,0.2,0.1,2,793,0.795,3,-56,71,2,10.0,0.7,-37,-5,-25,7.999,-0.044,7.41,8.73,0.08,0.29,97.32875,-61.005833333333335,1.0718012e-06,-89.8794,-43.837116,PM*,F5/6V
HD 46569, ,6,31,18.3,-,51,49,33,261,-24,5.586,0.345,2.628,0.008,3.785,-0.14,37,2.73,1.81,2.4,2.2,3.3,1.46,1.38,1.49,13.5,0.2,0.4,7,2271,0.135,7,104,105,1,26.9,0.5,-17,-18,15,8.006,-0.015,7.22,8.04,0.05,0.35,97.82624999999999,-51.825833333333335,-5.287671,-33.385033,-15.049255,PM*,F8VFe-0.4
HD 46588, ,6,46,14.1,+,79,33,53,135,26,5.433,0.345,0.0,0.0,3.78,-0.27,18,4.17,0.6,6.2,3.8,7.8,1.03,0.98,1.08,15.3,0.1,0.4,21,4299,0.175,5,-99,-603,1,56.0,0.5,-49,-21,-6,8.011,0.008,6.62,8.65,0.13,0.02,101.55874999999999,79.56472222222222,-11.43978,11.43978,7.890681,PM*,F7V
HD 46601, ,6,33,33.7,-,20,8,20,229,-13,7.496,0.246,2.695,0.003,3.844,0.14,176,1.27,1.79,0.9,0.8,1.0,2.01,1.89,2.17,13.4,1.4,2.5,3,708,0.227,100,-12,-5,2,5.2,0.9,-7,-8,-14,8.112,-0.039,7.95,8.14,0.01,0.1,98.39041666666665,-20.13888888888889,-112.506996,-129.4245,-39.591385,*,F2III/IV
HD 46688, ,6,35,36.6,+,20,53,19,193,6,7.931,0.247,2.687,0.0,3.838,-0.16,173,1.74,1.67,1.2,1.0,1.4,1.72,1.62,1.83,-31.5,0.6,0.7,5,1035,0.752,35,0,-51,1,7.6,1.3,37,-30,-22,8.168,0.018,6.26,8.85,0.17,0.23,98.90249999999999,20.88861111111111,-167.64261,-38.703342,18.083424,PM*,F2
HD 46719, ,6,34,19.9,-,16,0,39,225,-11,7.645,0.312,2.632,-0.008,3.8,-0.22,86,2.97,1.3,2.6,2.3,3.0,1.33,1.26,1.4,40.7,0.3,0.5,2,1107,0.259,10,-24,47,2,11.6,0.9,-43,-13,-8,8.059,-0.016,7.05,8.69,0.1,0.02,98.58291666666665,-16.010833333333334,-59.693913,-59.693905,-16.409575,PM*,F5V
HD 46781, ,6,36,2.1,+,16,47,49,196,4,6.723,0.3,2.657,0.006,3.807,-0.19,79,2.24,1.85,1.8,1.6,2.0,1.56,1.49,1.63,31.3,0.7,0.7,2,752,0.47,24,16,-30,1,12.7,0.9,-26,-21,3,8.075,0.006,7.02,8.22,0.08,0.15,99.00874999999998,16.796944444444446,-75.75469,-21.722303,5.5107613,*,F5
HD 46828, ,6,35,3.0,-,12,36,27,222,-9,7.699,0.319,2.62,-0.011,3.793,-0.5,78,3.24,1.43,4.7,3.2,5.7,1.13,1.08,1.22,-7.4,0.2,0.3,3,3671,0.529,5,110,-153,2,12.8,0.9,50,-48,13,8.057,-0.013,5.32,8.8,0.25,0.34,98.76249999999999,-12.6075,-57.251656,-51.549614,-12.201889,PM*,F6V
HD 46836, ,6,32,57.7,-,48,32,40,257,-23,6.969,0.302,2.654,0.001,3.806,-0.11,65,2.91,1.13,2.3,2.0,2.6,1.4,1.35,1.44,34.1,0.6,0.8,2,1092,0.024,4,18,-129,1,15.4,0.6,32,-38,-18,8.013,-0.025,5.87,8.47,0.18,0.17,98.24041666666665,-48.544444444444444,-13.459463,-58.299305,-25.397524,PM*,F5V
HD 46837, ,6,32,49.7,-,50,28,23,259,-23,7.796,0.356,2.618,0.003,3.783,-0.02,146,1.97,2.5,1.8,1.5,2.2,1.63,1.53,1.72,12.7,2.4,3.4,2,1092,0.338,55,-2,6,1,3.7,0.6,-7,-10,-5,8.025,-0.058,7.69,8.04,0.02,0.06,98.20708333333333,-50.473055555555554,-25.643509,-131.92451,-57.046745,*,F5V
HD 46872, ,6,35,33.9,-,3,58,58,215,-5,7.958,0.336,2.645,0.01,3.791,0.09,79,3.46,0.72,2.8,2.2,3.4,1.3,1.24,1.35,-64.5,0.5,0.7,3,4091,0.495,27,28,-148,2,12.6,0.9,85,-10,-11,8.065,-0.007,6.09,10.8,0.28,0.06,98.89124999999999,-3.9827777777777778,-64.46677,-45.14011,-6.885303,PM*,F7V
HD 46918, ,6,32,48.1,-,55,4,46,264,-25,8.102,0.346,2.618,-0.003,3.78,-0.16,60,4.22,0.45,5.4,2.4,7.8,1.05,1.0,1.12,0.3,0.2,0.2,4,3284,0.719,6,12,-110,2,16.7,0.6,31,-2,-4,8.006,-0.025,7.2,9.22,0.12,0.06,98.20041666666665,-55.07944444444445,-5.68409,-54.080574,-25.357096,PM*,F6V
HD 47232, ,6,34,43.8,-,51,12,59,260,-23,8.176,0.317,2.635,0.002,3.799,-0.25,135,2.52,1.8,2.2,1.9,2.5,1.44,1.37,1.51,29.3,0.2,0.1,2,438,0.716,9,-37,69,2,7.4,0.7,-52,-13,-22,8.021,-0.054,6.87,8.9,0.13,0.25,98.68249999999998,-51.21638888888889,-21.578934,-122.38025,-52.748703,PM*,F5V
HD 47381, ,6,38,55.8,+,15,12,24,198,4,7.834,0.325,2.66,0.022,3.81,0.23,80,3.22,0.44,1.8,0.7,2.6,1.42,1.36,1.47,15.4,0.6,0.8,2,752,0.037,8,-21,-48,2,12.5,1.1,-12,-17,-14,8.076,0.006,7.34,8.08,0.05,0.1,99.73249999999999,15.206666666666665,-75.89919,-24.66114,5.580518,PM*,F5
HD 47522, ,6,44,11.7,+,66,17,47,149,24,7.655,0.347,0.0,0.0,3.781,-0.27,67,3.54,1.21,6.0,4.9,7.2,1.1,1.06,1.16,-3.7,0.4,0.0,1,0,0.0,7,27,-17,2,15.0,0.9,2,-9,5,8.052,0.027,7.63,8.24,0.04,0.18,101.04875,66.29638888888888,-52.465103,31.524214,27.251354,*,F8
HD 47619, ,6,37,50.1,-,36,6,49,245,-18,7.831,0.328,2.618,-0.023,3.793,-0.12,94,2.96,1.38,2.6,2.3,2.9,1.37,1.3,1.42,-0.6,0.2,0.1,2,798,0.826,8,-21,-68,2,10.6,0.7,25,-5,-18,8.038,-0.029,7.28,8.99,0.11,0.18,99.45875,-36.11361111111111,-37.781776,-81.0233,-29.047598,PM*,F5V
HD 47699, ,6,36,27.2,-,57,32,21,267,-25,7.153,0.266,2.691,0.014,3.828,-0.02,86,2.48,0.99,1.5,1.3,1.8,1.55,1.51,1.6,15.0,0.2,0.2,2,788,0.506,9,48,60,2,11.6,0.5,-21,-22,16,8.004,-0.036,6.97,8.07,0.07,0.38,99.11333333333332,-57.53916666666667,-4.079207,-77.83565,-36.345173,PM*,F2V
HD 47748, ,6,42,40.2,+,47,44,7,168,18,7.29,0.312,2.662,0.01,3.805,0.2,56,3.57,0.21,1.5,0.0,2.8,1.34,1.29,1.38,4.2,0.3,0.1,2,610,0.746,11,12,-98,2,18.0,0.9,-11,-24,-4,8.052,0.017,6.96,8.05,0.07,0.04,100.66749999999999,47.73527777777778,-52.09533,11.073199,17.304953,PM*,F5
HD 47855, ,6,35,54.7,-,64,52,51,275,-26,8.163,0.296,2.654,-0.008,3.81,0.0,90,3.39,0.45,2.1,1.1,2.8,1.31,1.26,1.36,15.3,0.2,0.2,4,1178,0.896,7,6,42,2,11.1,0.6,-17,-17,-2,7.993,-0.039,7.26,8.02,0.05,0.09,98.97791666666664,-64.88083333333333,7.050155,-80.58365,-39.453403,*,F6V
HD 47962, ,6,41,14.1,+,4,8,41,208,0,7.922,0.306,2.64,0.0,3.801,-0.34,89,3.18,1.17,2.9,2.4,4.5,1.19,1.12,1.29,-7.2,0.7,1.0,2,1083,0.09,11,-10,-38,2,6.2,1.0,12,-7,-11,8.079,-0.001,7.5,8.57,0.07,0.05,100.30875,4.144722222222223,-78.58234,-41.782967,0.0,*,F5V
HD 48066, ,6,40,28.4,-,26,18,44,236,-14,8.412,0.27,2.652,-0.013,3.82,-0.46,138,2.71,1.33,2.2,1.9,2.6,1.32,1.23,1.41,12.6,0.3,0.1,2,376,0.831,13,-14,-68,2,0.0,0.0,27,-26,-29,8.076,-0.033,6.51,8.57,0.14,0.36,100.11833333333333,-26.31222222222222,-74.87639,-111.00881,-33.385223,PM*,F3V
HD 48286, ,6,42,5.2,-,15,12,54,226,-9,6.97,0.358,2.597,-0.002,3.771,-0.36,30,4.61,0.45,7.9,0.9,12.2,0.95,0.89,1.03,30.3,0.1,0.4,37,4069,0.171,3,-171,-127,2,33.8,0.8,-14,-22,-34,8.02,-0.005,7.06,8.03,0.06,0.44,100.52166666666665,-15.215,-20.58318,-21.314508,-4.693034,PM*,F9VFe-0.5CH-0.4
HD 48332, ,6,42,47.4,-,4,8,27,216,-4,6.575,0.31,2.651,0.011,3.803,-0.24,70,2.34,1.88,1.9,1.8,2.1,1.51,1.45,1.58,37.1,1.1,1.6,2,822,0.211,45,-42,0,2,14.2,0.8,-33,-16,-15,8.057,-0.005,7.14,8.4,0.08,0.11,100.69749999999999,-4.140833333333334,-56.493248,-41.04473,-4.882953,*,F3/5V
HD 48389, ,6,46,37.6,+,57,46,7,158,22,7.661,0.316,0.0,0.0,3.797,-0.3,82,3.09,1.32,2.9,2.4,4.6,1.26,1.15,1.34,42.3,0.5,0.0,1,0,0.0,8,28,-155,2,12.2,1.0,-61,-41,10,8.07,0.031,5.7,8.71,0.21,0.28,101.65666666666665,57.76861111111111,-70.49293,28.481,30.71774,PM*,F5
HD 48391, ,6,44,36.2,+,31,58,11,183,13,7.896,0.349,2.625,0.011,3.779,-0.28,57,4.1,0.7,6.1,4.0,9.2,1.03,0.97,1.09,5.3,0.6,0.0,1,0,0.0,9,-13,-107,2,17.4,0.9,-7,-25,-14,8.056,0.013,6.85,8.06,0.08,0.09,101.15083333333332,31.96972222222222,-55.46298,-2.9066932,12.822209,PM*,F5
HD 48506, ,6,54,11.1,+,78,0,28,136,27,7.712,0.318,0.0,0.0,3.796,-0.33,102,2.67,1.79,2.4,2.1,2.6,1.39,1.33,1.46,-17.0,1.5,2.1,2,609,0.017,24,10,-75,2,9.8,0.7,-14,-37,-7,8.066,0.046,6.23,8.07,0.13,0.05,103.54625,78.00777777777778,-65.37551,63.132412,46.30703,PM*,F8
HD 48527, ,6,37,38.5,-,70,36,13,281,-27,7.344,0.329,2.629,-0.007,3.794,0.0,75,2.98,1.22,2.5,2.2,2.8,1.4,1.35,1.44,18.4,0.2,0.1,2,817,0.966,9,-17,-42,2,13.4,0.6,16,-10,-15,7.987,-0.033,7.24,8.5,0.08,0.12,99.41041666666666,-70.6036111111111,12.750897,-65.597725,-34.049286,*,F7/8V
HD 48568, ,6,44,25.2,+,6,16,54,207,1,7.61,0.257,2.675,-0.013,3.833,0.0,127,2.1,1.26,1.3,1.1,1.5,1.63,1.54,1.74,16.2,0.7,1.2,4,1415,0.566,50,8,-49,2,7.9,1.0,-2,-33,-9,8.113,0.003,6.49,8.14,0.11,0.02,101.10499999999999,6.281666666666666,-113.140594,-57.648018,2.2164555,*,F2
HD 48647, ,6,43,19.7,-,26,28,14,236,-13,8.125,0.31,2.632,-0.015,3.802,-0.07,110,2.92,1.17,2.3,2.0,2.7,1.38,1.31,1.45,-37.4,1.2,0.0,1,0,0.0,15,-3,-10,2,9.1,0.9,25,28,5,8.06,-0.025,7.8,10.87,0.16,0.22,100.83208333333332,-26.470555555555553,-59.934692,-88.85684,-24.744616,*,F3V
HD 48858, ,6,41,33.2,-,60,41,16,270,-25,8.418,0.305,2.655,0.012,3.805,-0.27,152,2.52,1.68,2.1,1.9,2.5,1.44,1.37,1.51,54.3,0.4,0.6,2,793,0.28,17,-16,70,2,6.6,0.6,-53,-48,-23,7.999,-0.063,5.41,8.4,0.22,0.25,100.38833333333332,-60.687777777777775,1.642757e-06,-137.75877,-64.237976,PM*,F3/5V
HD 49011, ,6,47,45.9,+,31,42,9,184,13,7.987,0.385,2.622,0.027,3.782,0.16,114,2.59,1.74,2.2,1.9,2.6,1.48,1.41,1.58,-35.9,0.4,0.0,1,0,0.0,7,33,-43,2,8.8,1.1,38,-26,-2,8.11,0.026,6.36,8.89,0.17,0.09,101.94124999999998,31.7025,-110.80761,-7.748415,25.644419,PM*,F8
HD 49083, ,6,48,49.0,+,43,50,5,172,18,7.923,0.262,0.0,0.0,3.825,-0.21,104,2.83,0.88,1.9,1.6,2.3,1.39,1.32,1.45,-16.3,1.7,2.3,2,1098,0.33,30,-16,-4,2,9.6,1.0,13,-1,-13,8.098,0.032,7.69,8.87,0.07,0.09,102.20416666666665,43.834722222222226,-97.947296,13.765603,32.137768,*,F5
HD 49095, ,6,45,22.9,-,31,47,37,241,-15,5.92,0.317,2.636,-0.007,3.795,-0.15,24,3.99,0.33,3.3,0.6,4.9,1.14,1.08,1.2,29.0,0.3,0.6,4,712,0.04,7,-202,-309,1,41.2,0.6,11,-28,-41,8.011,-0.006,6.6,8.19,0.11,0.62,101.34541666666667,-31.79361111111111,-11.238963,-20.275627,-6.211657,PM*,F6.5V
HD 49197, ,6,49,21.3,+,43,45,32,172,18,7.305,0.342,0.0,0.0,3.781,-0.24,45,4.06,0.66,5.7,3.7,7.6,1.06,0.99,1.11,10.1,0.6,0.7,2,1098,0.408,23,-37,-51,1,22.4,0.9,-14,-5,-7,8.042,0.014,7.94,8.12,0.01,0.01,102.33874999999999,43.75888888888889,-42.38104,5.95627,13.905766,PM*,F5
HD 49240, ,6,48,29.3,+,24,21,40,191,10,8.423,0.34,2.621,-0.005,3.784,-0.13,78,3.96,0.59,4.2,2.4,6.7,1.09,1.04,1.16,-19.8,0.3,0.4,2,204,0.358,4,21,-125,1,0.0,0.0,25,-41,-16,8.075,0.014,5.84,8.4,0.18,0.13,102.12208333333331,24.361111111111114,-75.403694,-14.65699,13.544558,PM*,F8
HD 49301, ,6,46,21.2,-,30,44,38,240,-14,8.112,0.371,2.58,-0.017,3.766,-0.81,114,2.83,2.65,5.0,3.6,6.6,1.12,1.04,1.22,32.5,0.2,0.2,5,2534,0.902,7,42,-32,2,5.4,0.9,4,-43,6,8.055,-0.029,5.91,8.1,0.16,0.2,101.58833333333332,-30.74388888888889,-55.306847,-95.7943,-27.579098,PM*,F5V
HD 49346, ,6,48,50.6,+,21,21,31,193,9,8.294,0.348,2.607,-0.001,3.777,-0.42,76,3.89,1.08,7.1,4.8,9.7,1.01,0.95,1.07,15.5,0.3,0.1,2,1117,0.892,6,0,-99,1,0.0,0.0,-10,-35,-13,8.073,0.012,6.33,8.07,0.12,0.09,102.21083333333331,21.358611111111113,-73.14042,-16.885796,11.88902,PM*,F8
HD 49525, ,6,49,8.0,+,8,20,57,205,3,8.003,0.351,2.603,-0.005,3.776,-0.48,97,3.07,1.97,5.0,4.0,6.1,1.13,1.06,1.2,52.7,0.2,0.2,3,1805,0.865,1,36,-61,2,10.3,1.1,-34,-52,5,8.088,0.006,5.45,8.21,0.2,0.19,102.28333333333332,8.349166666666667,-87.791374,-40.93779,5.076588,PM*,F5
HD 49565, ,6,49,28.1,+,12,5,17,202,5,7.69,0.351,2.609,-0.002,3.777,-0.48,102,2.65,2.36,3.5,2.8,4.2,1.24,1.16,1.34,0.7,0.3,0.4,2,1044,0.346,8,-34,83,2,9.8,0.9,-16,40,4,8.094,0.009,8.09,11.47,0.17,0.2,102.36708333333331,12.088055555555556,-94.212875,-38.06448,8.889885,PM*,F8
HD 49700, ,6,48,47.4,-,23,12,11,234,-11,7.532,0.308,2.639,-0.012,3.8,-0.11,60,3.63,0.54,3.0,1.9,3.9,1.22,1.16,1.27,50.9,0.2,0.2,4,758,0.845,10,-111,-59,2,16.6,0.9,-25,-36,-45,8.035,-0.011,6.33,8.1,0.12,0.7,102.19749999999999,-23.203055555555554,-34.61917,-47.649174,-11.44854,PM*,F5V
HD 49732, ,6,51,50.9,+,41,34,34,175,18,7.85,0.306,2.619,-0.013,3.796,-0.82,67,3.73,1.12,5.1,3.1,7.2,1.03,0.97,1.09,-29.0,0.3,0.8,6,1245,0.099,7,-71,77,1,15.0,1.0,27,28,-20,8.063,0.02,7.78,10.94,0.17,0.24,102.96208333333331,41.57611111111112,-63.47831,5.553641,20.70414,PM*,F8
HD 49736, ,6,51,0.4,+,25,45,37,190,11,6.983,0.374,2.618,0.016,3.766,-0.26,37,4.14,0.95,10.4,7.3,12.3,0.99,0.96,1.04,6.1,0.2,0.1,3,1907,0.998,4,11,-197,1,27.0,1.0,-3,-33,-11,8.036,0.007,6.4,8.05,0.11,0.06,102.75166666666665,25.760277777777777,-35.76842,-6.3069396,7.0599327,PM*,F8
HD 49801, ,6,58,26.9,+,75,11,53,140,27,7.86,0.303,0.0,0.0,3.804,-0.08,76,3.45,0.6,2.6,1.8,3.3,1.27,1.21,1.32,-2.5,1.1,0.0,1,0,0.0,28,-31,19,1,13.1,0.8,3,8,-11,8.052,0.034,7.95,9.03,0.06,0.06,104.61208333333332,75.19805555555556,-51.873848,43.52733,34.503277,*,F5
HD 50060, ,6,51,55.8,+,10,48,2,203,5,7.652,0.39,2.608,0.023,3.771,-0.27,86,2.88,2.1,3.8,3.2,4.6,1.31,1.18,1.37,65.9,0.2,0.2,6,1872,0.922,2,-77,38,2,11.6,1.0,-73,-1,-15,8.079,0.008,6.88,10.05,0.19,0.14,102.98249999999999,10.800555555555556,-78.862175,-33.475006,7.4953933,PM*,F9V
HD 50078, ,6,49,33.5,-,41,25,44,251,-18,7.012,0.344,2.643,0.016,3.788,0.06,65,2.94,1.34,2.5,2.2,2.7,1.43,1.39,1.47,30.9,0.2,0.2,2,819,0.5,6,-38,113,1,15.3,0.6,-45,-16,-8,8.02,-0.02,6.9,8.64,0.11,0.02,102.38958333333332,-41.428888888888885,-20.126194,-58.450706,-20.086105,PM*,F8V
HD 50099, ,6,48,38.5,-,54,0,51,264,-22,7.863,0.251,2.675,-0.019,3.838,0.09,164,1.79,1.4,1.1,0.9,1.2,1.8,1.7,1.91,26.1,2.0,2.8,2,788,0.18,55,15,28,2,6.1,0.6,-21,-28,6,8.017,-0.062,6.64,8.07,0.1,0.21,102.16041666666666,-54.01416666666667,-15.894384,-151.22516,-61.43548,*,F2II/III
HD 50223, ,6,49,54.6,-,46,36,52,256,-20,5.14,0.299,2.639,-0.008,3.806,-0.26,25,3.13,1.04,2.6,2.4,3.0,1.3,1.25,1.34,21.2,0.2,0.2,5,1497,0.709,4,0,374,1,39.7,0.5,-47,-13,7,8.006,-0.008,6.95,8.75,0.11,0.22,102.47749999999998,-46.614444444444445,-5.683306,-22.794493,-8.550503,PM*,F5.5V
HD 50226, ,6,54,11.3,+,40,53,24,176,18,7.885,0.339,0.0,0.0,3.784,-0.27,67,3.75,0.93,6.1,3.4,8.0,1.08,1.03,1.14,-44.1,0.5,0.0,1,0,0.0,7,86,-79,1,14.9,1.1,44,-37,2,8.064,0.021,5.81,8.82,0.21,0.15,103.54708333333332,40.89,-63.565567,4.4449368,20.70414,PM*,F7V
HD 50313, ,7,0,49.6,+,74,56,26,140,27,8.134,0.303,0.0,0.0,3.805,-0.06,91,3.34,0.67,2.5,1.8,3.1,1.29,1.24,1.35,-38.0,0.5,0.0,1,0,0.0,9,-27,-48,2,11.0,0.9,9,-33,-29,8.062,0.041,6.4,8.18,0.12,0.35,105.20666666666665,74.94055555555556,-62.112106,52.118248,41.313133,PM*,F8
HD 50476, ,6,59,7.8,+,68,45,11,147,26,7.732,0.374,2.592,0.002,3.763,-0.62,79,3.23,2.19,6.1,5.2,7.2,1.07,1.03,1.11,-29.3,0.3,0.2,2,1134,0.683,4,21,18,1,12.6,0.9,28,-12,-5,8.06,0.035,7.0,8.86,0.12,0.05,104.78249999999998,68.75305555555556,-59.549576,38.671947,34.63132,*,F8
HD 50554, ,6,54,42.8,+,24,14,44,191,11,6.852,0.366,2.621,0.009,3.771,-0.14,31,4.39,0.47,7.0,3.3,9.9,1.01,0.96,1.08,-4.2,0.2,0.5,4,1841,0.154,4,-37,-97,1,32.2,1.0,4,-10,-11,8.03,0.006,7.53,8.26,0.05,0.06,103.67833333333333,24.245555555555555,-29.87135,-5.806401,5.915079,PM*,F8V
HD 50639, ,6,53,44.8,-,9,30,55,222,-4,7.05,0.348,2.612,-0.01,3.781,-0.08,40,4.05,0.52,4.7,2.6,6.9,1.09,1.04,1.16,-1.8,0.2,0.4,5,1102,0.266,5,-56,-37,2,25.1,0.9,3,1,-12,8.03,-0.003,7.86,8.59,0.04,0.08,103.43666666666664,-9.515277777777778,-29.653387,-26.700026,-2.790259,PM*,F8.5V
HD 50688, ,6,58,10.4,+,60,47,24,155,24,7.755,0.345,0.0,0.0,3.786,0.07,63,3.78,0.53,3.4,2.3,4.3,1.22,1.16,1.27,18.8,0.5,0.0,1,0,0.0,12,-43,-120,2,16.0,0.9,-36,-18,-11,8.052,0.026,6.96,8.42,0.09,0.06,104.54333333333332,60.79,-52.16106,24.323107,25.624409,PM*,F8
HD 50867, ,6,55,17.4,+,5,54,37,208,4,7.598,0.327,2.642,0.005,3.791,-0.13,52,4.04,0.35,3.5,0.7,5.6,1.12,1.06,1.19,-14.4,0.2,0.2,9,1466,0.997,8,5,0,3,19.4,1.0,13,6,0,8.045,0.003,7.76,9.15,0.08,0.11,103.82249999999999,5.910277777777778,-45.801437,-24.353052,3.6273365,*,F8
HD 50959, ,6,54,53.1,-,14,51,45,227,-6,7.494,0.356,2.628,0.007,3.783,0.1,116,2.17,2.19,1.8,1.5,2.1,1.63,1.57,1.72,10.0,0.3,0.3,2,797,0.489,17,-2,-56,2,8.6,0.8,13,-25,-16,8.079,-0.012,6.72,8.31,0.11,0.12,103.72125,-14.862499999999999,-78.67843,-84.372284,-12.125302,PM*,F7V
HD 51133, ,6,54,47.5,-,31,8,24,242,-13,8.28,0.269,2.659,0.017,3.819,-0.89,135,2.63,1.78,2.5,2.1,3.9,1.24,1.16,1.32,92.5,0.3,0.1,3,438,0.921,7,-61,165,2,7.4,0.8,-143,-26,-13,8.063,-0.03,5.14,11.78,0.39,0.12,103.69791666666666,-31.14,-61.75428,-116.14289,-30.368391,PM*,F2V
HD 51370, ,7,3,33.5,+,71,45,29,143,27,7.136,0.331,0.0,0.0,3.788,-0.1,36,4.32,0.11,0.9,0.0,5.6,1.1,1.03,1.15,-14.9,0.3,0.1,3,1681,0.981,12,32,52,2,27.4,0.7,18,-3,-1,8.026,0.016,7.46,8.83,0.08,0.1,105.88958333333332,71.75805555555556,-25.617218,19.303965,16.343658,PM*,F8
HD 51434, ,6,55,37.1,-,38,40,0,249,-16,7.877,0.321,2.648,0.003,3.797,0.05,61,3.96,0.12,1.5,0.0,3.7,1.2,1.15,1.25,30.2,0.3,0.5,2,681,0.209,10,-55,48,2,16.5,0.7,-28,-17,-17,8.021,-0.017,7.12,8.22,0.07,0.14,103.90458333333332,-38.666666666666664,-21.0136,-54.74232,-16.813879,PM*,F7V
HD 51471, ,6,58,27.8,+,24,55,12,191,13,8.015,0.331,2.634,0.014,3.788,-0.39,93,3.18,1.51,4.7,3.3,5.7,1.15,1.1,1.22,-55.7,0.2,0.2,3,1187,0.857,5,-54,-46,1,10.8,1.1,49,1,-41,8.089,0.02,7.02,10.06,0.18,0.68,104.61583333333333,24.92,-88.95154,-17.290424,20.920446,PM*,F5
HD 51485, ,6,56,3.0,-,34,43,1,245,-14,8.119,0.241,2.713,0.016,3.846,0.19,185,1.78,1.21,0.9,0.8,1.1,1.83,1.71,1.97,40.0,0.6,1.0,3,735,0.435,50,-15,42,2,5.4,0.7,-53,-18,-7,8.076,-0.045,6.72,8.86,0.14,0.05,104.01249999999999,-34.716944444444444,-75.86195,-162.68652,-44.75555,*,F2IV
HD 51676, ,6,57,33.3,-,21,2,52,232,-8,7.765,0.314,2.63,-0.009,3.797,-0.32,76,3.36,1.07,3.2,2.5,5.1,1.16,1.09,1.24,34.7,0.2,0.1,2,376,0.875,8,10,14,2,0.0,0.0,-24,-26,1,8.046,-0.011,6.75,8.13,0.09,0.12,104.38874999999999,-21.047777777777778,-46.33491,-59.305977,-10.577156,*,F5/6V
HD 51804, ,7,4,25.1,+,68,53,45,147,26,8.099,0.343,0.0,0.0,3.783,-0.28,98,3.14,1.57,4.5,3.7,5.5,1.17,1.12,1.24,-1.1,0.7,1.0,2,1068,0.019,8,47,-1,2,10.2,1.0,7,-9,19,8.073,0.043,7.59,8.43,0.05,0.45,106.10458333333331,68.89583333333334,-73.87163,47.972797,42.960373,*,F8
HD 52298, ,6,57,45.4,-,52,38,54,263,-20,6.915,0.314,2.623,-0.013,3.795,-0.32,36,4.1,0.37,3.6,0.0,6.1,1.08,1.02,1.15,4.0,0.3,0.3,2,1118,0.433,5,-11,-373,2,27.4,0.5,60,-5,-23,8.004,-0.013,6.57,10.04,0.21,0.26,104.43916666666665,-52.64833333333333,-4.1227183,-33.57678,-12.312724,PM*,F8VFe-1CH-0.5
HD 52299, ,6,57,36.3,-,53,36,43,264,-21,8.248,0.329,2.615,-0.023,3.79,-0.16,127,2.74,1.7,2.4,2.2,2.8,1.4,1.33,1.48,39.5,0.2,0.1,2,1118,0.781,3,-38,42,2,7.9,0.8,-35,-28,-27,8.013,-0.045,6.54,8.26,0.12,0.31,104.40124999999999,-53.61194444444445,-12.393372,-117.91521,-45.51273,PM*,F6V
HD 52395, ,6,59,43.3,-,29,42,28,241,-11,7.785,0.342,2.613,-0.006,3.781,-0.27,47,4.43,0.32,5.3,0.0,9.0,1.01,0.95,1.09,17.5,0.2,0.4,7,2926,0.13,4,2,-125,2,21.3,0.7,14,-26,-14,8.023,-0.009,6.63,8.26,0.11,0.11,104.93041666666666,-29.70777777777778,-22.367409,-40.351875,-8.968023,PM*,F7V
HD 52449, ,6,53,16.4,-,74,43,30,286,-26,7.641,0.333,2.62,-0.011,3.789,-0.06,54,3.99,0.38,3.5,1.3,5.3,1.15,1.08,1.2,5.0,0.2,0.2,3,307,0.609,4,-53,181,2,18.6,0.6,-46,-13,-8,7.987,-0.024,6.94,8.67,0.11,0.03,103.31833333333331,-74.72500000000001,13.378018,-46.65472,-23.672043,PM*,F8V+A/F
HD 52496, ,7,3,45.9,+,47,15,33,170,22,7.723,0.3,2.656,0.006,3.807,-0.21,102,2.68,1.42,2.2,1.9,2.6,1.39,1.3,1.48,14.8,1.6,2.2,2,1071,0.092,28,-6,27,1,7.4,1.0,-11,15,6,8.093,0.037,8.09,9.52,0.08,0.23,105.94124999999998,47.259166666666665,-93.13598,16.422396,38.20987,*,F8
HD 52516, ,7,0,9.7,-,31,8,30,242,-12,6.613,0.298,2.644,-0.004,3.805,-0.33,39,3.65,0.61,3.3,2.1,4.2,1.17,1.11,1.22,16.3,0.3,0.1,2,502,0.826,7,19,36,2,25.6,0.7,-12,-13,2,8.018,-0.008,7.54,8.02,0.03,0.14,105.04041666666666,-31.141666666666666,-17.90929,-33.682472,-8.108557,*,F5.5VFe-0.7CH-0.4
HD 52545, ,7,0,20.5,-,29,24,36,240,-11,9.333,0.364,2.592,-0.007,3.768,-0.54,119,3.96,1.3,9.4,6.7,12.1,0.97,0.87,1.02,-14.7,0.2,0.1,2,351,0.842,4,27,-60,2,0.0,0.0,39,-6,2,8.058,-0.023,6.97,9.37,0.15,0.16,105.08541666666665,-29.41,-58.406803,-101.163574,-22.70627,PM*,F7wG2/3
HD 52552, ,7,3,58.9,+,47,2,59,170,22,6.986,0.306,2.631,-0.007,3.801,-0.54,83,2.4,2.12,2.1,1.9,2.8,1.42,1.36,1.48,-5.3,0.2,0.2,5,3013,0.9,5,-83,12,2,12.1,0.9,-3,15,-30,8.076,0.03,8.05,9.52,0.08,0.39,105.99541666666666,47.04972222222222,-75.78712,13.363322,31.092346,PM*,F5
HD 52619, ,7,0,42.5,-,28,29,22,240,-11,6.29,0.291,2.652,-0.008,3.814,-0.06,68,2.13,1.68,1.5,1.4,1.7,1.65,1.59,1.7,9.3,0.3,0.3,2,760,0.42,10,-22,-44,2,14.7,0.6,5,-11,-14,8.034,-0.013,7.48,8.26,0.05,0.1,105.17708333333331,-28.489444444444445,-33.375317,-57.807762,-12.975012,*,F3/5V
HD 52624, ,6,58,10.2,-,60,17,46,271,-23,8.301,0.33,2.63,0.005,3.789,-0.42,120,2.91,1.78,4.1,2.7,5.1,1.17,1.11,1.27,0.9,0.3,0.4,2,1329,0.264,5,3,6,2,0.0,0.0,-3,-2,2,7.999,-0.046,7.91,8.33,0.03,0.14,104.54249999999999,-60.29611111111111,1.9277933,-110.44376,-46.887733,*,F6V
HD 52651, ,7,6,34.4,+,64,25,12,152,26,8.39,0.306,0.0,0.0,3.803,-0.29,123,2.93,1.34,2.6,2.2,3.2,1.29,1.18,1.38,7.9,1.2,1.7,2,1068,0.214,30,-7,1,2,8.1,1.0,-7,5,0,8.098,0.054,8.09,8.8,0.04,0.12,106.64333333333332,64.42,-97.61133,51.900864,53.91965,*,F5
HD 52677, ,6,46,29.7,-,82,11,7,294,-27,8.608,0.361,2.611,0.003,3.773,-0.45,115,3.31,1.77,5.9,4.8,7.1,1.08,1.03,1.14,43.1,0.2,0.2,3,2134,0.701,7,5,-31,1,8.7,0.7,31,-29,-18,7.958,-0.052,6.21,8.5,0.16,0.17,101.62374999999999,-82.18527777777778,41.676575,-93.60712,-52.208908,*,F6/7V
HD 53075, ,7,6,53.3,+,55,11,22,162,24,8.338,0.37,2.608,-0.009,3.771,0.09,62,4.37,0.29,4.5,0.0,7.7,1.09,1.03,1.15,7.9,0.1,0.3,11,3802,0.67,4,-16,-108,2,16.1,1.2,-21,-25,-8,8.054,0.025,6.86,8.11,0.08,0.03,106.72208333333332,55.18944444444444,-53.867664,17.502668,25.217672,PM*,F8
HD 53133, ,7,4,2.0,+,1,53,52,213,4,8.072,0.362,2.605,-0.006,3.773,-0.42,107,2.93,2.13,4.6,3.4,5.9,1.15,1.07,1.24,-20.2,0.3,0.4,2,553,0.233,4,-36,-14,2,3.8,1.2,15,12,-21,8.09,0.007,7.84,9.57,0.1,0.22,106.00833333333331,1.8977777777777778,-89.519165,-58.13441,7.4639425,*,F7V
HD 53279, ,7,1,8.4,-,57,11,30,267,-21,8.434,0.323,2.643,0.017,3.796,-0.33,169,2.29,2.17,2.1,1.8,2.6,1.45,1.37,1.55,19.2,0.3,0.3,2,822,0.362,11,-2,1,2,4.6,0.6,-2,-17,-8,8.007,-0.061,7.23,8.06,0.05,0.06,105.28499999999998,-57.19166666666666,-8.257337,-157.55885,-60.564182,*,F5IV
HD 53411, ,7,6,51.5,+,41,18,35,176,20,8.792,0.374,0.0,0.0,3.768,-0.31,114,3.51,1.57,7.0,5.3,8.9,1.07,0.99,1.13,32.9,0.3,0.1,2,1070,0.895,10,6,-33,1,5.2,1.3,-33,-16,9,8.107,0.039,7.19,8.44,0.08,0.25,106.71458333333331,41.30972222222222,-106.86401,7.4726586,38.990295,*,F8
HD 53440, ,7,3,37.1,-,32,58,54,244,-12,8.303,0.331,2.643,0.006,3.795,0.1,128,2.77,1.31,2.2,1.8,2.6,1.45,1.36,1.54,14.8,0.4,0.6,2,1033,0.125,12,-15,9,2,6.9,0.9,-14,-8,-8,8.055,-0.027,7.85,8.1,0.02,0.03,105.9045833333333,-32.98166666666667,-54.885315,-112.531624,-26.612698,*,F6V
HD 53466, ,7,1,46.8,-,56,37,17,267,-21,7.697,0.342,2.649,0.024,3.803,0.2,79,3.1,0.72,2.2,1.6,2.8,1.44,1.39,1.49,10.2,0.5,0.7,2,1118,0.076,13,-15,8,2,12.6,0.6,-5,-8,-8,8.004,-0.028,7.79,8.07,0.02,0.03,105.44499999999998,-56.62138888888889,-3.8599386,-73.65178,-28.311068,*,F7V
HD 53545, ,7,4,49.4,-,16,17,5,229,-4,8.058,0.298,2.652,0.003,3.804,-0.35,64,4.04,0.25,1.8,0.0,4.6,1.11,1.05,1.17,-11.7,0.3,0.3,2,1332,0.384,9,21,-90,2,15.7,0.9,28,-9,-6,8.042,-0.005,7.09,8.94,0.12,0.02,106.20583333333332,-16.284722222222225,-41.885498,-48.183758,-4.464414,PM*,F3/5V
HD 53566, ,7,5,38.3,+,3,56,57,211,5,7.844,0.311,2.633,-0.007,3.798,-0.33,78,3.4,1.01,3.2,2.6,5.2,1.17,1.1,1.25,-15.1,0.4,0.5,2,1051,0.282,6,36,8,2,12.9,1.0,16,5,12,8.066,0.007,7.72,9.22,0.09,0.31,106.40958333333332,3.9491666666666667,-66.60464,-40.02009,6.7981477,*,F3/5V
HD 53658, ,7,1,5.4,-,65,42,23,276,-24,7.336,0.305,2.652,0.011,3.801,-0.4,59,3.48,0.93,3.3,2.7,5.3,1.17,1.09,1.22,7.1,0.4,0.4,2,1064,0.368,11,-108,66,2,16.9,0.5,-26,1,-25,7.994,-0.024,7.78,8.66,0.05,0.29,105.2725,-65.7063888888889,5.633993,-53.603916,-23.997461,PM*,F6V
HD 53665, ,7,5,52.7,-,1,1,13,215,3,7.259,0.331,2.643,0.007,3.793,0.03,64,3.22,0.97,2.7,2.3,3.1,1.33,1.28,1.39,-15.0,0.2,0.3,5,1813,0.491,9,28,-187,1,15.6,1.0,43,-36,-19,8.052,0.003,5.85,8.78,0.2,0.19,106.46958333333332,-1.0202777777777776,-52.35388,-36.65858,3.3495014,PM*,F6V
HD 53698, ,7,4,44.4,-,31,56,43,243,-11,7.349,0.288,2.641,-0.014,3.813,-0.23,88,2.63,1.36,2.1,1.9,2.3,1.43,1.38,1.49,65.5,0.2,0.2,2,1035,0.507,8,-21,8,2,11.4,0.7,-36,-52,-18,8.039,-0.017,5.38,8.18,0.21,0.17,106.18499999999999,-31.94527777777778,-39.217163,-76.96798,-16.791191,*,F3V
HD 53842, ,6,46,13.5,-,83,59,29,296,-27,7.46,0.292,2.665,0.006,3.809,-0.21,57,3.68,0.38,2.6,0.9,3.8,1.2,1.15,1.26,12.5,0.7,0.8,2,1127,0.424,50,19,61,2,17.5,0.6,-9,-19,0,7.978,-0.026,7.14,7.98,0.06,0.1,101.55624999999999,-83.99138888888889,22.26371,-45.647392,-25.877459,PM*,F5V
HD 54182, ,7,9,10.4,+,30,23,13,187,17,7.835,0.391,2.6,0.004,3.759,-0.34,91,3.04,2.27,4.6,3.5,5.9,1.2,1.1,1.3,13.5,0.3,0.1,2,734,0.788,3,22,-77,2,11.0,1.1,-10,-36,1,8.086,0.026,6.33,8.09,0.12,0.12,107.29333333333334,30.386944444444445,-86.37506,-10.605514,26.605824,PM*,F8
HD 54405, ,7,9,22.0,+,16,32,58,200,11,7.779,0.345,2.623,0.005,3.779,-0.26,46,4.45,0.33,5.7,0.0,9.4,1.01,0.95,1.08,7.1,0.2,0.3,4,2418,0.746,5,-135,-139,1,21.6,1.2,-9,-19,-38,8.043,0.009,7.26,8.04,0.05,0.52,107.34166666666665,16.549444444444447,-42.43168,-15.443869,8.777214,PM*,F8
HD 54616, ,7,10,29.5,+,24,6,29,193,15,7.938,0.317,2.629,-0.002,3.793,-0.42,72,3.65,0.95,3.8,2.9,6.5,1.09,1.04,1.17,17.2,0.3,0.4,2,1041,0.307,6,-81,-117,1,13.9,1.0,-21,-31,-35,8.068,0.018,6.58,8.11,0.1,0.48,107.62291666666665,24.108055555555556,-67.76418,-15.644594,18.634972,PM*,F5
HD 54691, ,7,10,33.8,+,19,48,10,197,13,7.778,0.284,2.677,0.014,3.816,-0.16,97,2.84,1.02,2.1,1.8,2.4,1.39,1.32,1.46,41.5,0.8,1.4,3,3394,0.038,22,-8,-10,1,10.3,1.0,-39,-15,4,8.09,0.022,7.1,8.58,0.09,0.18,107.64083333333333,19.802777777777777,-90.38409,-27.633196,21.820251,*,F5
HD 54717, ,7,11,19.4,+,33,6,42,184,18,7.162,0.297,2.64,-0.001,3.803,-0.54,46,3.85,0.63,3.5,1.4,4.9,1.09,1.04,1.16,3.1,0.3,0.3,2,1041,0.408,6,-111,-9,2,21.8,1.0,-11,6,-21,8.043,0.014,8.04,8.8,0.05,0.22,107.83083333333332,33.111666666666665,-43.642033,-3.051745,14.214782,PM*,F5
HD 54777, ,7,11,28.9,+,30,28,21,187,17,7.189,0.239,2.697,0.0,3.845,0.04,103,2.12,1.0,1.1,0.9,1.3,1.66,1.57,1.76,11.2,0.9,0.4,2,640,0.759,29,-18,6,2,9.7,1.1,-13,5,-3,8.098,0.031,8.09,8.75,0.04,0.06,107.87041666666666,30.472499999999997,-97.76519,-12.004044,30.114285,*,F2
HD 55054, ,7,11,51.1,+,10,30,43,206,9,8.074,0.339,2.628,0.01,3.784,-0.31,71,3.8,0.91,5.8,3.4,8.3,1.07,1.02,1.13,-47.7,0.4,0.0,1,0,0.0,9,35,-47,2,14.0,1.0,51,3,-4,8.063,0.012,6.99,10.16,0.18,0.05,107.96291666666666,10.511944444444444,-63.028725,-30.741156,11.106848,PM*,F7V
HD 55403, ,7,22,44.5,+,77,53,46,137,28,7.761,0.316,0.0,0.0,3.8,-0.16,137,2.08,2.14,1.7,1.5,2.0,1.59,1.52,1.68,-16.2,0.9,1.3,2,609,0.244,29,-28,-8,2,7.3,0.7,0,-8,-24,8.088,0.065,7.75,8.28,0.03,0.26,110.68541666666664,77.89611111111111,-88.46733,82.497116,64.317604,*,F2
HD 55437, ,7,12,56.7,+,2,55,6,213,6,8.197,0.229,2.715,0.009,3.849,0.03,123,2.74,0.33,0.9,0.3,1.3,1.51,1.45,1.59,-8.8,0.4,0.2,3,1041,0.916,22,-10,6,2,8.1,1.0,4,9,-5,8.103,0.013,8.0,9.2,0.07,0.04,108.23624999999998,2.918333333333333,-102.591385,-66.62361,12.857001,*,F0V
HD 55573, ,7,3,31.5,-,77,56,35,290,-26,8.214,0.374,2.62,0.03,3.783,-0.28,185,1.75,2.96,0.0,0.0,0.0,0.0,0.0,0.0,7.1,0.2,0.1,3,447,0.909,4,-42,18,2,5.4,0.6,-24,1,-33,7.944,-0.081,7.77,8.59,0.05,0.45,105.88124999999998,-77.94305555555556,56.870037,-156.24918,-81.09866,*,F7V
HD 55575, ,7,15,50.1,+,47,14,23,170,24,5.64,0.372,2.597,0.003,3.765,-0.31,17,4.51,0.64,9.1,6.1,13.9,0.95,0.88,1.0,84.9,0.2,0.4,5,4302,0.218,3,30,-186,1,59.3,0.7,-80,-2,32,8.015,0.007,6.71,10.29,0.21,0.87,108.95875,47.23972222222222,-15.2943325,2.6968052,6.914523,PM*,F9V
HD 55674, ,7,14,37.6,+,19,42,5,198,14,8.028,0.344,2.638,0.023,3.798,-0.09,117,2.59,1.61,2.2,1.9,2.6,1.45,1.36,1.54,60.7,1.0,1.9,4,1808,0.48,40,-9,-5,2,5.5,0.9,-57,-18,9,8.108,0.028,6.66,9.02,0.15,0.26,108.65666666666665,19.70138888888889,-107.96831,-35.081028,28.304863,*,F8
HD 56325, ,7,18,30.9,+,41,52,18,176,22,8.412,0.278,0.0,0.0,3.818,-0.11,86,3.73,0.04,0.4,0.0,2.5,1.24,1.19,1.3,-4.0,0.7,0.2,2,111,0.854,20,-5,-25,1,11.6,1.1,1,-9,-6,8.079,0.033,7.66,8.26,0.04,0.04,109.62874999999998,41.87166666666667,-79.54358,5.562228,32.216167,*,F2
HD 56329, ,7,17,11.4,+,13,51,56,203,12,7.813,0.307,2.646,0.005,3.805,-0.25,134,2.18,2.0,1.9,1.6,2.2,1.52,1.42,1.62,-42.9,0.8,0.8,2,1076,0.463,28,0,-25,1,7.0,1.0,43,3,-15,8.12,0.028,7.18,9.92,0.16,0.14,109.29749999999999,13.865555555555556,-120.65221,-51.213818,27.860168,*,F6IV
HD 56354, ,7,19,20.7,+,51,29,36,166,25,7.818,0.36,2.606,0.003,3.772,-0.48,85,3.16,1.97,5.4,4.4,6.5,1.1,1.05,1.17,5.6,0.2,0.3,3,375,0.52,5,-19,-44,2,11.7,1.0,-13,-13,-8,8.075,0.036,7.59,8.09,0.03,0.04,109.83624999999998,51.49333333333333,-74.747856,18.63673,35.922554,*,F8
HD 56737, ,7,14,22.5,-,61,4,11,272,-21,7.168,0.287,2.658,0.01,3.809,-0.6,61,3.26,1.13,3.0,2.5,4.7,1.2,1.11,1.24,6.8,0.2,0.2,3,401,0.833,6,-114,18,2,16.5,0.6,-16,4,-30,7.998,-0.022,7.97,8.64,0.04,0.38,108.59374999999999,-61.069722222222225,1.9874599,-56.91371,-21.860445,PM*,F3V
HD 56803, ,7,17,57.6,-,13,53,15,228,-1,7.535,0.292,2.635,-0.008,3.807,-0.66,89,2.78,1.71,3.6,2.2,4.2,1.27,1.15,1.35,-15.4,0.3,0.5,3,152,0.301,8,-55,71,2,11.2,0.9,-17,37,-7,8.059,-0.001,8.05,11.16,0.16,0.01,109.48999999999998,-13.8875,-59.543564,-66.1298,-1.5532641,PM*,F3V
HD 57006, ,7,19,47.6,+,7,8,34,210,10,5.915,0.339,2.633,0.008,3.789,-0.09,59,2.05,2.35,1.6,1.5,1.8,1.66,1.62,1.73,22.8,0.2,0.3,4,1156,0.554,7,62,-57,2,16.9,0.8,-7,-29,12,8.051,0.01,6.65,8.05,0.1,0.3,109.94833333333331,7.142777777777778,-50.319244,-29.051826,10.245242,PM*,F8IV
HD 57225, ,7,23,41.0,+,57,34,37,159,27,7.995,0.343,2.637,0.016,3.785,-0.18,125,2.51,2.06,2.4,2.0,3.0,1.43,1.35,1.53,15.2,0.3,0.1,2,1069,0.752,9,-21,-43,2,8.0,1.0,-28,-14,-8,8.104,0.056,7.34,8.34,0.06,0.06,110.92083333333332,57.57694444444445,-103.97829,39.91352,56.74881,*,F8
HD 57306, ,7,17,42.7,-,54,29,55,266,-18,9.269,0.358,2.611,0.025,3.783,-0.57,120,3.76,1.19,6.5,4.3,8.7,1.02,0.97,1.08,92.3,0.2,0.3,3,758,0.499,6,-7,-44,2,8.3,0.9,14,-86,-40,8.009,-0.038,3.98,8.09,0.34,0.61,109.42791666666665,-54.49861111111111,-7.9610896,-113.84878,-37.08204,*,F8wF3
HD 57334, ,7,18,12.3,-,51,3,1,262,-17,7.519,0.349,2.616,-0.01,3.783,0.07,50,4.05,0.34,3.7,1.2,5.3,1.17,1.1,1.22,16.2,0.2,0.4,6,2215,0.273,5,24,-151,1,20.2,0.6,33,-18,-13,8.006,-0.014,6.67,8.79,0.14,0.08,109.55124999999998,-51.05027777777777,-6.654602,-47.3499,-14.618585,PM*,F8/G0V
HD 57415, ,7,18,56.3,-,45,17,50,257,-14,7.173,0.333,2.623,0.006,3.785,-0.45,47,3.81,1.0,7.6,3.5,8.9,1.06,0.99,1.11,0.4,0.2,0.1,2,376,0.661,6,-235,113,2,21.3,0.6,-41,19,-36,8.01,-0.012,7.73,10.16,0.14,0.56,109.73458333333332,-45.29722222222222,-10.258651,-44.435078,-11.370329,PM*,F6V
HD 57589, ,7,23,18.1,+,33,10,33,185,21,8.189,0.339,2.643,0.018,3.785,-0.22,79,3.69,0.92,5.4,3.0,7.1,1.1,1.05,1.17,30.5,0.5,0.0,1,0,0.0,8,-69,-52,2,12.6,1.2,-38,-13,-18,8.074,0.028,7.16,8.59,0.09,0.17,110.82541666666665,33.17583333333333,-73.472206,-6.42799,28.311068,PM*,F5
HD 57700, ,7,24,8.6,+,39,7,54,179,23,8.32,0.295,0.0,0.0,3.81,-0.02,76,3.92,-0.06,0.0,0.0,2.4,1.22,1.17,1.28,8.6,0.5,0.8,3,2535,0.157,16,1,-56,2,13.2,1.3,-10,-19,-2,8.07,0.029,7.22,8.07,0.06,0.08,111.03583333333331,39.13166666666667,-69.947716,1.2209455,29.695566,PM*,F5
HD 57746, ,7,22,53.7,+,6,22,23,211,10,8.087,0.328,2.654,0.021,3.807,0.11,107,2.85,0.96,1.9,1.5,2.3,1.44,1.35,1.53,45.7,0.5,0.9,3,797,0.253,22,-7,2,3,8.4,1.1,-40,-21,5,8.091,0.018,6.82,8.51,0.11,0.19,110.72374999999998,6.373055555555555,-90.32352,-54.27183,18.580355,*,F8
HD 57844, ,7,22,20.5,-,17,48,44,232,-1,7.881,0.293,2.657,-0.007,3.814,0.07,85,3.22,0.47,1.8,1.0,2.3,1.37,1.32,1.43,28.2,0.2,0.2,2,796,0.435,7,-24,-25,2,11.7,1.0,-14,-24,-14,8.052,-0.002,6.9,8.06,0.08,0.09,110.58541666666665,-17.81222222222222,-52.323257,-66.97071,-1.4834545,*,F5V
HD 57984, ,7,23,15.4,-,10,4,6,226,2,7.622,0.311,2.659,0.009,3.801,-0.05,61,3.71,0.38,2.7,1.0,3.8,1.22,1.17,1.28,26.5,0.3,0.3,2,505,0.422,8,-8,-60,2,16.5,1.0,-9,-29,-9,8.042,0.003,6.64,8.04,0.1,0.03,110.81416666666665,-10.068333333333333,-42.348347,-43.853,2.1288693,PM*,F7V
HD 58015, ,7,21,56.7,-,38,56,12,251,-11,7.733,0.337,2.645,0.011,3.793,0.15,143,1.96,2.12,1.5,1.3,1.7,1.74,1.65,1.83,31.7,0.2,0.1,2,437,0.681,12,-4,26,2,7.0,0.7,-27,-24,-1,8.045,-0.028,6.82,8.18,0.09,0.1,110.48624999999998,-38.93666666666666,-45.70088,-132.72498,-27.285686,*,F7V
HD 58183, ,7,28,42.5,+,63,52,29,152,28,7.595,0.283,0.0,0.0,3.813,-0.33,69,3.39,0.69,2.7,1.9,3.3,1.23,1.16,1.28,-23.5,0.7,0.0,1,0,0.0,15,20,20,2,14.4,1.0,24,-6,-5,8.054,0.033,7.28,8.93,0.1,0.05,112.17708333333331,63.874722222222225,-53.792152,28.601795,32.39354,*,F5
HD 58192, ,7,23,53.8,-,17,24,48,232,-1,6.842,0.312,2.631,-0.013,3.797,-0.16,34,4.18,0.1,0.4,0.0,4.3,1.13,1.06,1.18,16.0,0.2,0.2,5,588,0.798,5,-71,-21,2,29.4,0.8,-12,-11,-12,8.021,-0.001,7.67,8.03,0.02,0.07,110.97416666666666,-17.41333333333333,-20.929304,-26.788284,-0.5933818,PM*,F7V
HD 58549, ,7,28,16.0,+,46,17,9,172,25,7.935,0.373,0.0,0.0,3.77,-0.03,50,4.46,0.33,5.7,0.3,9.4,1.03,0.98,1.11,-21.4,0.2,0.2,5,1120,0.728,4,-27,-77,2,20.2,1.0,12,-18,-18,8.044,0.021,7.04,8.34,0.08,0.17,112.06666666666665,46.28583333333333,-44.874382,6.3066864,21.130913,PM*,F5
HD 58551, ,7,26,50.2,+,21,32,8,197,17,6.538,0.322,2.61,-0.014,3.789,-0.54,31,4.09,0.7,5.4,2.7,7.2,1.02,0.97,1.08,50.0,0.4,0.6,3,417,0.132,6,-314,-27,1,32.4,0.9,-62,-4,-27,8.028,0.009,6.96,9.52,0.16,0.34,111.70916666666666,21.535555555555558,-28.35008,-8.667492,9.063522,PM*,F6V
HD 58618, ,7,24,37.5,-,38,16,23,251,-10,7.423,0.276,2.662,-0.016,3.82,0.0,64,3.4,0.23,1.3,0.0,2.2,1.33,1.28,1.38,46.5,1.1,1.9,3,680,0.11,30,-64,-10,2,15.7,0.6,-20,-38,-27,8.021,-0.012,6.16,8.05,0.13,0.3,111.15625,-38.27305555555555,-20.519812,-59.593853,-11.113483,PM*,F5V
HD 58800, ,7,25,19.0,-,41,9,27,253,-12,7.578,0.281,2.655,-0.001,3.814,-0.44,85,2.92,1.23,2.5,2.1,2.8,1.31,1.25,1.36,-5.5,0.4,0.6,2,376,0.132,11,27,60,2,11.7,0.6,-16,6,21,8.024,-0.017,7.99,8.88,0.05,0.5,111.32916666666665,-41.1575,-24.308546,-79.509605,-17.672495,PM*,F3V
HD 58805, ,6,46,58.5,-,87,1,29,300,-27,6.46,0.282,2.638,-0.02,3.812,-0.47,39,3.49,0.73,3.0,2.1,3.7,1.18,1.14,1.22,4.3,0.3,0.4,2,1329,0.308,10,5,4,1,25.5,0.5,1,-4,-1,7.983,-0.018,7.75,8.31,0.03,0.09,101.74374999999999,-87.02472222222222,17.374624,-30.09374,-17.70563,*,F5.5VFe-1.0CH-0.6
HD 58943, ,7,19,4.6,-,76,25,0,288,-25,8.232,0.337,2.638,0.005,3.787,-0.03,71,3.98,0.41,3.6,1.6,5.4,1.15,1.08,1.21,3.6,0.3,0.1,2,1062,0.824,5,-56,143,2,14.1,0.7,-49,-15,-8,7.98,-0.03,6.8,8.7,0.12,0.03,109.76916666666665,-76.41666666666667,19.884586,-61.198437,-30.005898,PM*,F8V
HD 59090, ,7,28,46.7,+,7,55,39,210,12,7.946,0.311,2.646,-0.002,3.803,-0.03,94,3.08,0.95,2.3,1.9,2.8,1.33,1.25,1.41,71.6,0.3,0.5,3,797,0.422,15,-56,-40,2,7.6,1.1,-64,-42,-15,8.08,0.019,5.6,8.74,0.22,0.12,112.19458333333333,7.9275,-79.62747,-45.972935,19.5437,PM*,F8
HD 59128, ,7,28,22.1,-,7,9,32,224,5,7.734,0.305,2.655,0.011,3.806,-0.23,118,2.37,1.77,2.0,1.7,2.4,1.47,1.38,1.57,6.5,0.8,0.9,2,796,0.415,35,-37,-9,2,6.2,1.0,-10,-2,-20,8.085,0.01,8.08,8.32,0.01,0.19,112.09208333333332,-7.158888888888889,-84.5591,-81.657776,10.284377,*,F3V
HD 59305, ,7,26,6.1,-,56,57,23,268,-18,8.61,0.312,2.651,0.001,3.801,-0.01,103,3.54,0.51,2.6,1.6,3.4,1.26,1.2,1.31,17.6,0.3,0.5,4,1151,0.426,17,-16,69,2,9.7,0.7,-35,-17,1,8.003,-0.032,7.02,8.37,0.09,0.12,111.52541666666666,-56.95638888888889,-3.4187398,-97.899155,-31.82875,PM*,F6V
HD 59331, ,7,30,39.5,+,27,54,31,191,20,7.111,0.292,2.658,-0.004,3.81,-0.12,47,3.76,0.2,1.6,0.0,3.3,1.22,1.17,1.27,36.0,2.8,3.9,2,1344,0.017,35,-47,-43,1,21.4,1.0,-37,-12,0,8.043,0.016,7.2,8.52,0.08,0.11,112.66458333333333,27.90861111111111,-43.354107,-8.427183,16.074945,PM*,F5
HD 59374, ,7,30,29.0,+,18,57,40,200,17,8.486,0.375,2.583,0.008,3.758,-1.07,50,4.99,0.81,5.4,0.0,16.0,0.83,0.76,0.9,91.2,0.2,0.4,7,4879,0.558,4,27,-437,2,20.0,1.7,-59,-125,-7,8.045,0.015,2.46,8.29,0.54,0.02,112.62083333333332,18.961111111111112,-44.93162,-16.353775,14.618585,PM*,F9
HD 59377, ,7,29,48.0,+,0,34,29,217,9,8.03,0.301,2.646,0.006,3.806,-0.38,135,2.38,1.9,2.1,1.8,2.5,1.43,1.33,1.52,-4.9,4.1,5.8,2,797,0.074,40,17,2,1,6.3,0.9,8,1,9,8.107,0.021,7.84,8.8,0.06,0.26,112.44999999999999,0.5747222222222222,-106.48842,-80.24477,21.118654,*,F3V
HD 59641, ,7,39,2.4,+,75,47,10,139,29,7.744,0.321,0.0,0.0,3.794,-0.34,99,2.77,1.74,2.5,2.2,3.9,1.36,1.26,1.43,-15.7,0.3,0.2,2,712,0.686,6,-34,-126,2,10.1,0.7,-33,-50,-18,8.065,0.048,5.5,8.18,0.2,0.17,114.75999999999999,75.78611111111111,-65.34831,56.806408,47.99615,PM*,F5
HD 59750, ,7,31,15.4,-,5,20,41,222,6,8.224,0.35,2.631,0.013,3.781,-0.17,95,3.34,1.32,4.9,3.0,6.2,1.15,1.08,1.24,5.6,0.2,0.1,2,796,0.805,6,-5,-38,2,8.1,1.1,4,-15,-9,8.07,0.011,7.34,8.23,0.06,0.03,112.81416666666665,-5.344722222222222,-70.21202,-63.219177,9.930204,*,F7V
HD 59762, ,7,38,33.5,+,73,35,44,141,29,7.577,0.3,0.0,0.0,3.807,-0.08,102,2.53,1.46,2.0,1.7,2.2,1.5,1.43,1.56,-16.7,0.6,0.8,2,712,0.108,9,-32,-58,2,9.8,0.7,-12,-27,-21,8.07,0.05,6.77,8.07,0.09,0.21,114.63958333333332,73.59555555555555,-69.330124,56.142445,49.45058,PM*,F5
HD 59842, ,7,30,5.9,-,39,34,58,252,-10,8.477,0.365,2.625,0.018,3.774,-0.2,101,3.46,1.39,5.7,4.7,7.0,1.12,1.07,1.18,24.9,0.2,0.3,2,630,0.387,8,-14,38,2,9.9,0.8,-26,-17,-2,8.03,-0.018,7.15,8.2,0.07,0.08,112.52458333333331,-39.58277777777778,-30.736568,-94.59739,-17.538465,*,F8V
HD 59923, ,7,34,9.7,+,42,5,16,177,25,7.951,0.307,2.627,-0.012,3.8,-0.56,109,2.76,1.8,3.6,2.2,4.5,1.2,1.12,1.34,38.7,0.6,0.9,2,735,0.091,8,-60,21,2,8.9,1.2,-46,21,-8,8.098,0.047,7.77,10.42,0.15,0.06,113.54041666666666,42.08777777777778,-98.65216,5.1701503,46.06539,PM*,F2
HD 59980, ,7,32,26.4,-,0,31,6,218,9,7.687,0.307,2.637,-0.02,3.808,0.18,111,2.46,1.27,1.6,1.4,1.9,1.59,1.51,1.68,30.4,0.2,0.1,2,796,0.93,8,-28,-49,1,9.0,0.9,-17,-33,-20,8.086,0.017,6.44,8.1,0.11,0.19,113.10999999999999,-0.5183333333333334,-86.39231,-67.497055,17.364227,PM*,F6V
HD 60002, ,7,32,46.2,+,7,8,2,211,12,8.476,0.326,2.626,-0.002,3.79,-0.4,102,3.43,1.22,4.9,3.0,6.4,1.1,1.04,1.19,60.9,0.4,0.5,2,727,0.261,7,-60,19,3,0.0,0.0,-66,-15,-8,8.085,0.022,6.59,9.3,0.17,0.03,113.19249999999998,7.133888888888889,-85.52049,-51.38588,21.206993,PM*,F8
HD 60227, ,7,30,39.8,-,52,53,49,265,-16,8.189,0.307,2.659,0.013,3.804,-0.18,115,2.89,1.25,2.4,2.1,2.8,1.37,1.3,1.43,27.5,0.3,0.2,2,437,0.698,14,-27,65,2,8.7,0.7,-41,-22,-6,8.01,-0.031,6.69,8.43,0.12,0.04,112.66583333333331,-52.89694444444444,-9.634636,-110.12444,-31.698296,PM*,F5V
HD 60290, ,7,29,56.7,-,61,14,58,273,-19,7.675,0.323,2.637,0.003,3.795,-0.17,99,2.7,1.64,2.3,2.1,2.6,1.43,1.37,1.49,5.0,0.4,0.1,2,464,0.967,20,25,-57,2,10.1,0.6,29,-4,-1,7.995,-0.032,7.18,9.08,0.12,0.1,112.48624999999998,-61.24944444444444,4.8989954,-93.47805,-32.231247,PM*,F5IV/V
HD 60319, ,7,34,35.1,+,16,54,4,202,17,8.946,0.357,2.593,0.001,3.769,-0.8,83,4.36,1.05,10.0,5.3,14.0,0.88,0.82,0.95,-33.8,0.4,0.0,1,0,0.0,5,5,-298,2,12.1,1.2,58,-92,-53,8.073,0.024,3.64,8.7,0.41,1.03,113.64625,16.90111111111111,-73.59363,-29.73376,24.26685,PM*,F8
HD 60353, ,7,35,1.4,+,23,55,53,195,20,7.97,0.303,2.644,0.004,3.802,-0.41,115,2.67,1.72,2.4,2.1,3.0,1.33,1.21,1.43,-20.7,0.3,0.4,3,399,0.639,10,-7,21,2,8.7,1.1,16,17,-7,8.104,0.039,7.88,9.91,0.11,0.05,113.75583333333331,23.93138888888889,-104.38244,-27.969193,39.332314,*,F5
HD 60406, ,7,38,4.7,+,61,32,0,155,29,7.363,0.312,0.0,0.0,3.798,-0.29,58,3.53,0.85,3.4,2.8,4.0,1.17,1.1,1.23,-39.6,0.6,0.0,1,0,0.0,13,27,22,1,17.1,0.9,37,-11,-12,8.046,0.028,6.85,9.13,0.14,0.09,114.51958333333332,61.53333333333333,-45.97513,21.438559,28.118958,*,F5
HD 60532, ,7,34,3.1,-,22,17,45,238,-1,4.45,0.34,2.641,0.028,3.785,-0.42,26,2.4,2.38,2.7,2.6,2.8,1.44,1.34,1.47,60.7,0.1,0.2,10,4437,0.906,8,-40,47,1,38.9,0.7,-39,-47,-2,8.014,-0.001,5.59,8.21,0.19,0.07,113.51291666666664,-22.295833333333334,-13.775805,-22.04589,-0.45376256,PM*,F6IV-V
HD 60614, ,7,38,20.0,+,55,12,19,162,29,7.945,0.287,0.0,0.0,3.815,-0.03,93,3.11,0.65,2.0,1.4,2.5,1.36,1.3,1.42,-7.2,2.5,0.0,1,0,0.0,40,-2,-59,2,10.8,1.0,-4,-26,-7,8.078,0.044,6.84,8.1,0.08,0.04,114.58333333333331,55.20527777777778,-77.35859,25.135334,45.08729,PM*,F5
HD 60618, ,7,36,38.9,+,29,46,52,190,22,8.321,0.295,2.679,0.021,3.825,0.17,107,3.08,0.3,1.2,0.3,1.7,1.45,1.39,1.53,3.2,0.3,0.5,2,635,0.303,12,-17,-21,2,6.8,1.7,-6,-8,-9,8.098,0.04,7.86,8.14,0.02,0.05,114.16208333333331,29.78111111111111,-97.70147,-17.227411,40.082905,*,F5IV
HD 60674, ,7,31,24.0,-,64,22,20,276,-20,7.6,0.292,2.671,0.011,3.812,-0.09,96,2.69,1.19,2.0,1.8,2.3,1.46,1.4,1.51,8.2,0.7,1.0,2,437,0.323,30,-8,52,2,10.4,0.6,-22,-12,2,7.991,-0.033,7.46,8.15,0.04,0.14,112.85,-64.37222222222222,9.429555,-89.71632,-32.83393,PM*,F5V
HD 60718, ,7,35,20.5,-,14,2,51,230,3,7.646,0.388,2.597,0.02,3.767,-0.47,53,3.94,1.29,9.3,6.7,12.0,0.97,0.89,1.03,30.1,0.2,0.3,4,2165,0.258,4,-87,-88,2,0.0,0.0,-13,-30,-28,8.034,0.003,6.61,8.04,0.1,0.32,113.83541666666665,-14.0475,-34.02105,-40.54472,2.7738059,PM*,F7/G0V
HD 60846, ,7,38,17.9,+,42,27,35,177,26,7.927,0.374,0.0,0.0,3.768,-0.15,66,3.84,1.1,7.7,6.0,9.2,1.06,1.0,1.12,48.8,0.2,0.2,3,295,0.674,4,-24,-168,1,15.2,1.1,-55,-46,4,8.059,0.029,5.53,8.52,0.21,0.17,114.57458333333331,42.459722222222226,-59.23911,3.104596,28.932495,PM*,F8
HD 60912, ,7,39,21.6,+,50,31,42,168,28,6.896,0.301,0.0,0.0,3.805,-0.18,47,3.56,0.56,2.9,1.9,3.7,1.22,1.17,1.27,7.0,0.5,0.0,1,0,0.0,10,-80,-63,2,21.5,0.9,-17,-7,-14,8.04,0.022,7.8,8.17,0.02,0.1,114.83999999999999,50.52833333333333,-40.591694,8.628027,22.065165,PM*,F5
HD 60983, ,7,39,58.6,+,54,27,12,163,29,8.251,0.309,2.656,0.015,3.802,-0.28,112,3.0,1.28,2.7,2.2,3.3,1.27,1.16,1.36,10.2,1.3,1.8,2,1069,0.218,35,11,-7,2,3.8,1.1,-7,-2,10,8.094,0.054,8.08,8.31,0.01,0.27,114.99416666666666,54.45333333333333,-93.67714,28.63999,54.298676,*,F5III
HD 61295, ,7,39,54.0,+,32,0,35,188,24,6.17,0.222,2.724,0.0,3.859,0.24,84,1.55,1.2,0.9,0.8,1.1,1.99,1.9,2.08,26.8,0.9,1.6,3,1851,0.199,35,-19,-41,1,11.9,0.9,-27,-17,0,8.076,0.034,7.2,8.27,0.07,0.1,114.97499999999998,32.00972222222222,-75.991005,-10.679841,34.16588,PM*,F5III
HD 61430, ,7,38,8.1,-,28,44,21,244,-4,8.061,0.285,2.676,0.013,3.813,-0.22,95,3.17,0.81,2.4,1.9,2.9,1.28,1.22,1.35,12.5,0.4,0.6,2,1113,0.197,13,13,-68,2,10.5,1.1,20,-24,-10,8.042,-0.006,6.63,8.42,0.12,0.05,114.53374999999998,-28.739166666666666,-41.543797,-85.177444,-6.626865,PM*,F3V
HD 61500, ,7,40,23.9,+,19,21,27,200,19,8.64,0.339,2.619,-0.008,3.785,-0.43,157,2.66,2.13,3.6,2.6,4.5,1.2,1.13,1.35,57.1,0.5,0.7,2,1077,0.141,6,-47,-55,1,4.7,1.2,-57,-47,-26,8.139,0.052,5.55,8.63,0.22,0.32,115.09958333333333,19.3575,-139.494,-50.771664,51.114197,PM*,F5
HD 61518, ,7,37,2.7,-,52,21,57,265,-15,7.875,0.321,2.635,0.0,3.793,-0.23,61,3.95,0.49,4.0,2.0,5.6,1.11,1.05,1.17,31.5,1.0,1.4,2,472,0.148,27,-31,5,2,16.4,0.6,-8,-28,-15,8.005,-0.015,6.67,8.01,0.09,0.12,114.26124999999999,-52.365833333333335,-5.1353426,-58.69726,-15.787962,*,F5V
HD 61544, ,7,36,13.1,-,59,36,55,272,-18,8.782,0.288,2.663,0.0,3.811,-0.19,104,3.69,0.31,2.2,0.0,3.5,1.21,1.15,1.27,25.1,1.3,0.1,2,472,0.953,40,-5,23,2,9.6,0.7,-11,-25,-5,7.997,-0.032,6.84,8.0,0.08,0.04,114.05458333333331,-59.61527777777778,3.4518867,-98.84963,-32.137768,*,F5V
HD 61602, ,7,41,3.1,+,24,57,54,195,21,7.242,0.348,2.608,-0.029,3.783,-0.23,111,2.01,2.66,2.0,1.6,2.3,1.56,1.46,1.66,-8.1,0.4,0.6,2,1743,0.154,6,-29,-39,1,9.0,0.9,3,-13,-23,8.1,0.041,7.48,8.27,0.05,0.25,115.26291666666665,24.965,-100.096405,-26.820755,39.778843,PM*,F8
HD 61883, ,7,45,43.0,+,64,42,59,152,30,7.848,0.314,0.0,0.0,3.799,-0.24,110,2.64,1.67,2.3,2.0,2.7,1.41,1.32,1.49,-18.7,0.6,0.2,2,1068,0.783,21,-18,-46,2,9.1,1.0,-1,-26,-18,8.084,0.055,6.81,8.12,0.09,0.17,116.42916666666666,64.71638888888889,-84.11205,44.723175,55.0,*,F5
HD 61902, ,7,38,53.6,-,51,5,0,264,-14,8.227,0.332,2.611,0.0,3.783,-0.79,83,3.62,1.49,7.2,5.7,8.7,0.99,0.95,1.05,24.5,0.2,0.3,6,4076,0.587,5,-14,-202,1,12.0,0.6,67,-22,-45,8.009,-0.02,6.03,9.78,0.24,0.8,114.72333333333331,-51.083333333333336,-8.418141,-80.09337,-20.079517,PM*,F5/6wF2
HD 61989, ,7,40,30.5,-,33,25,34,248,-5,7.322,0.351,2.61,0.001,3.777,-0.46,57,3.52,1.48,6.7,5.6,7.7,1.06,1.02,1.1,37.8,0.1,0.2,5,3305,0.779,6,-52,140,2,17.4,0.7,-52,-20,3,8.021,-0.005,6.63,8.74,0.14,0.16,115.12708333333332,-33.42611111111111,-21.271336,-52.64837,-4.967877,PM*,F7V
HD 61997, ,7,42,42.9,+,22,13,26,198,21,7.123,0.279,2.672,0.001,3.819,-0.06,74,2.77,0.93,1.9,1.5,2.2,1.45,1.39,1.5,33.5,0.7,0.0,1,0,0.0,13,-18,-27,1,13.5,1.0,-31,-17,3,8.066,0.026,7.14,8.34,0.08,0.15,115.67875,22.223888888888887,-65.70369,-21.348421,26.519228,*,F5
HD 62094, ,7,51,59.9,+,78,13,33,136,30,8.151,0.281,0.0,0.0,3.816,-0.14,78,3.7,0.14,1.1,0.0,2.8,1.24,1.18,1.29,-6.0,0.8,0.1,2,690,0.93,19,-11,22,2,12.9,0.9,7,4,-7,8.049,0.038,7.84,8.86,0.06,0.04,117.99958333333332,78.22583333333334,-48.591385,46.924164,39.0,*,F6V
HD 62279, ,7,41,21.0,-,41,53,20,256,-9,7.539,0.306,2.656,0.004,3.804,-0.08,59,3.68,0.37,2.5,0.9,3.7,1.23,1.18,1.28,28.9,0.3,0.1,2,706,0.728,13,-56,125,2,16.9,0.6,-45,-17,-1,8.015,-0.01,6.84,8.6,0.11,0.09,115.33749999999999,-41.888888888888886,-14.097665,-56.542637,-9.229634,PM*,F5V
HD 62296, ,7,40,52.9,-,49,41,51,263,-13,8.321,0.285,2.657,-0.003,3.814,-0.27,130,2.75,1.25,2.2,1.9,2.5,1.38,1.31,1.45,44.7,0.3,0.2,2,378,0.63,13,20,-14,2,7.7,0.7,6,-47,-3,8.016,-0.029,5.68,8.08,0.17,0.07,115.22041666666665,-49.6975,-15.43699,-125.72394,-29.243635,*,F3V
HD 62301, ,7,44,56.1,+,39,33,22,180,27,6.739,0.363,2.587,-0.004,3.766,-0.71,34,4.07,1.34,11.4,9.1,13.5,0.89,0.86,0.93,-5.6,0.3,0.5,4,311,0.243,3,30,-684,1,29.2,1.0,-5,-109,-23,8.031,0.015,3.08,8.03,0.45,0.25,116.23374999999999,39.55611111111111,-30.294222,-2.648405e-06,15.435677,PM*,F8V
HD 62364, ,7,35,37.7,-,75,32,39,287,-24,7.319,0.336,2.618,-0.01,3.787,-0.13,54,3.65,0.83,3.8,3.1,4.3,1.14,1.08,1.24,35.2,0.2,0.2,2,1061,0.625,4,-125,-8,2,18.5,0.5,-2,-22,-42,7.985,-0.022,7.07,8.02,0.06,0.62,113.90708333333332,-75.54416666666667,14.423108,-47.175907,-21.96378,PM*,F7V
HD 62604, ,7,44,34.4,-,7,17,21,226,8,8.63,0.346,2.623,0.008,3.78,-0.29,90,3.86,0.93,6.3,3.9,8.6,1.05,0.98,1.11,43.0,0.5,0.8,2,1328,0.027,6,-42,12,2,0.0,0.0,-41,-22,-7,8.062,0.013,6.74,8.48,0.11,0.01,116.14333333333333,-7.289166666666667,-61.910816,-64.110535,12.525579,*,F7V
HD 62728, ,7,44,47.8,-,15,5,6,232,5,7.906,0.295,2.638,-0.016,3.808,-0.36,119,2.53,1.68,2.2,1.9,2.5,1.4,1.31,1.49,50.5,1.3,0.1,2,772,0.976,50,-64,35,2,8.4,0.9,-59,-20,-18,8.072,0.009,6.54,9.0,0.16,0.17,116.19916666666666,-15.085,-72.98493,-93.41644,10.371532,PM*,F5V
HD 62816, ,7,45,29.2,-,10,9,38,228,7,7.548,0.312,2.646,0.007,3.798,-0.3,53,3.94,0.45,3.6,1.4,5.2,1.11,1.05,1.18,-3.8,0.3,0.2,2,761,0.601,11,10,-2,2,19.0,1.0,4,2,1,8.035,0.007,7.86,8.69,0.05,0.13,116.37166666666666,-10.160555555555556,-35.199585,-39.093086,6.4590755,*,F5V
HD 62854, ,7,48,16.5,+,49,22,13,169,29,7.717,0.301,0.0,0.0,3.803,-0.28,60,3.82,0.44,3.3,1.4,4.5,1.15,1.08,1.21,6.6,0.4,0.5,2,446,0.337,12,-72,8,2,16.6,1.1,-14,8,-14,8.052,0.029,8.04,8.94,0.05,0.11,117.06875,49.37027777777778,-51.51303,10.01312,29.088577,PM*,F5
HD 62946, ,7,49,5.5,+,52,30,54,166,30,8.276,0.361,2.616,0.007,3.776,-0.18,120,2.87,1.91,3.9,2.7,4.9,1.32,1.15,1.4,-54.8,0.3,0.1,2,1069,0.86,4,57,-27,1,8.3,1.0,56,-34,-1,8.101,0.06,5.79,9.2,0.23,0.12,117.27291666666665,52.515,-100.83609,25.141256,60.0,PM*,F5
HD 63045, ,7,46,3.5,-,23,8,29,240,1,6.945,0.323,2.631,-0.001,3.795,-0.17,57,3.15,1.19,2.8,2.4,4.3,1.3,1.25,1.36,35.1,0.2,0.4,2,1033,0.28,9,-106,-23,2,17.4,0.9,-26,-26,-27,8.029,0.001,6.75,8.14,0.09,0.32,116.51458333333332,-23.141388888888887,-28.495653,-49.35593,0.99478716,PM*,F7V
HD 63086, ,7,43,11.5,-,61,54,4,274,-18,8.191,0.276,2.68,0.013,3.815,-0.39,87,3.49,0.59,2.7,1.6,3.4,1.2,1.15,1.26,-9.6,0.3,0.2,2,378,0.596,6,13,3,2,11.5,0.6,1,8,8,7.994,-0.027,7.92,8.94,0.06,0.24,115.79791666666665,-61.901111111111106,5.7717924,-82.54036,-26.88448,*,F2IV/V
HD 63091, ,7,48,23.8,+,33,16,20,187,26,8.07,0.289,2.647,-0.003,3.811,-0.37,130,2.5,1.65,2.1,1.8,2.5,1.4,1.3,1.49,27.2,0.3,0.3,3,1458,0.673,6,-34,12,3,0.0,0.0,-34,9,-5,8.116,0.056,7.85,9.39,0.09,0.07,117.09916666666665,33.27222222222222,-115.97229,-14.239593,56.98825,*,F2
HD 63123, ,7,50,33.8,+,59,3,10,158,31,8.212,0.276,2.676,0.011,3.82,-0.27,137,2.53,1.34,2.0,1.7,2.3,1.42,1.33,1.52,-2.2,0.7,1.0,2,1069,0.248,19,5,-48,2,7.0,1.0,-9,-30,0,8.11,0.07,6.66,8.11,0.1,0.13,117.64083333333332,59.05277777777778,-108.880974,43.990784,70.56022,*,F0
HD 63332, ,7,51,5.7,+,54,7,45,164,30,6.02,0.317,2.64,0.0,3.797,-0.18,30,3.63,0.67,3.5,2.6,4.3,1.19,1.12,1.24,1.5,0.4,0.0,1,0,0.0,9,-42,53,2,33.3,0.8,-2,9,-4,8.025,0.015,7.98,9.0,0.06,0.05,117.77374999999998,54.12916666666667,-24.974312,7.1612687,15.0,PM*,F6V
HD 63333, ,7,49,18.8,+,24,29,19,196,23,7.088,0.337,2.614,0.004,3.782,-0.5,43,3.92,1.0,5.5,3.9,9.8,1.03,0.97,1.08,-11.1,0.3,0.3,2,1041,0.352,4,-124,-21,1,23.2,0.9,-1,5,-28,8.038,0.017,7.97,8.81,0.05,0.33,117.3283333333333,24.488611111111112,-38.04838,-10.910196,16.80144,PM*,F5
HD 63450, ,7,46,49.9,-,47,3,42,261,-11,7.824,0.282,2.674,0.009,3.813,-0.29,65,3.76,0.28,2.3,0.0,3.6,1.18,1.11,1.24,-11.2,0.4,0.5,2,1331,0.3,14,5,-6,2,0.0,0.0,4,10,3,8.01,-0.012,7.91,9.18,0.07,0.15,116.70791666666665,-47.06166666666666,-9.981423,-63.02021,-12.402585,*,F5V
HD 63646, ,7,50,57.6,+,25,6,38,196,24,8.593,0.289,2.653,-0.011,3.811,-0.12,83,4.01,-0.08,0.0,0.0,2.4,1.19,1.13,1.24,2.0,0.6,0.0,1,0,0.0,3,-21,7,1,12.1,1.1,-6,4,-5,8.073,0.033,8.06,8.69,0.04,0.05,117.73999999999998,25.110555555555557,-72.88697,-20.899998,33.75914,*,F5
HD 63675, ,7,50,28.9,+,9,45,55,211,18,7.919,0.241,2.688,-0.005,3.84,-0.18,118,2.57,0.82,1.5,1.2,1.8,1.46,1.38,1.54,-22.0,0.9,0.5,3,1019,0.919,45,22,-30,2,8.5,1.1,29,-6,-3,8.096,0.035,7.21,9.12,0.12,0.08,117.62041666666664,9.765277777777778,-96.19533,-57.799965,36.464005,*,F2
HD 63738, ,7,48,49.2,-,38,12,14,253,-6,7.144,0.319,2.632,-0.002,3.793,-0.29,42,4.01,0.48,4.3,1.9,6.0,1.08,1.03,1.15,-7.0,0.3,0.5,3,2541,0.09,6,-126,-43,2,23.6,0.6,-2,11,-25,8.012,-0.005,7.98,9.15,0.07,0.3,117.20499999999998,-38.20388888888889,-12.212352,-39.94477,-4.3901954,PM*,F7V
HD 63748, ,7,56,34.1,+,71,50,49,143,31,7.351,0.233,0.0,0.0,3.851,0.2,120,1.95,0.95,1.0,0.9,1.2,1.82,1.73,1.92,-59.8,0.3,0.7,4,981,0.207,8,38,29,2,8.3,0.7,60,-22,-14,8.083,0.062,6.15,9.59,0.22,0.12,119.14208333333333,71.84694444444445,-82.1477,61.90275,61.80457,*,F4III
HD 63835, ,7,53,19.1,+,51,18,12,167,30,8.156,0.339,2.638,0.009,3.784,-0.14,65,4.09,0.47,4.6,2.1,6.8,1.08,1.03,1.15,-0.6,0.2,0.2,3,1682,0.736,7,-49,-22,2,15.4,1.0,-8,-3,-14,8.055,0.033,8.04,8.19,0.01,0.1,118.3295833333333,51.30333333333333,-54.848896,12.6628685,32.5,PM*,F8V
HD 64021, ,7,51,58.8,+,5,20,58,215,16,7.416,0.236,2.695,-0.004,3.845,-0.02,111,2.19,0.98,1.2,1.0,1.4,1.62,1.54,1.71,41.7,1.5,2.6,3,1011,0.065,70,-18,8,3,9.0,1.0,-39,-18,5,8.087,0.03,7.0,8.53,0.1,0.19,117.99499999999999,5.349444444444444,-87.403564,-61.20063,30.595747,*,F5
HD 64055, ,7,51,25.4,-,15,52,32,234,6,8.272,0.318,2.651,0.009,3.797,-0.13,84,3.65,0.61,3.1,2.1,4.2,1.18,1.11,1.25,-10.9,0.3,0.3,2,1328,0.431,10,53,-11,2,0.0,0.0,19,1,15,8.049,0.008,7.57,9.09,0.09,0.37,117.85583333333331,-15.875555555555556,-49.103504,-67.58514,8.780391,PM*,F7V
HD 64122, ,7,49,29.3,-,54,54,3,268,-14,8.382,0.32,2.638,-0.012,3.798,0.14,73,4.07,-0.09,0.0,0.0,2.5,1.21,1.17,1.26,19.2,0.2,0.1,2,378,0.791,9,-27,62,2,13.7,0.7,-25,-18,-3,8.003,-0.018,7.14,8.14,0.07,0.07,117.37208333333331,-54.90083333333333,-2.4720056,-70.788445,-17.6603,PM*,F6/7V
HD 64142, ,7,46,18.2,-,71,43,13,284,-22,7.575,0.277,2.672,0.01,3.817,-0.41,93,2.72,1.34,2.2,2.0,2.5,1.37,1.32,1.42,34.3,0.3,0.3,2,378,0.537,11,6,58,2,10.7,0.6,-14,-40,-1,7.979,-0.034,5.99,7.98,0.14,0.1,116.57583333333332,-71.72027777777778,20.86047,-83.666756,-34.838413,PM*,F3V
HD 64250, ,7,56,21.8,+,59,40,35,157,31,7.721,0.304,0.0,0.0,3.807,0.04,79,3.22,0.65,2.2,1.5,2.7,1.35,1.3,1.4,-31.8,1.0,1.4,2,1069,0.069,22,-14,-42,2,12.6,0.9,16,-24,-21,8.063,0.041,6.73,8.37,0.11,0.22,119.09083333333332,59.67638888888889,-62.333107,26.458836,40.688007,*,F5
HD 64364, ,7,51,52.3,-,38,54,38,254,-6,8.332,0.346,2.624,-0.002,3.787,0.06,128,2.8,1.5,2.4,2.0,2.8,1.42,1.32,1.52,29.5,0.2,0.3,2,772,0.412,10,-20,-1,2,0.0,0.0,-14,-25,-13,8.035,-0.014,6.83,8.04,0.08,0.09,117.96791666666664,-38.910555555555554,-35.088287,-122.36747,-13.379643,*,F6V
HD 64389, ,7,54,54.1,+,32,17,4,188,27,7.473,0.353,2.634,0.013,3.781,-0.01,71,3.22,1.29,3.0,2.5,4.8,1.31,1.19,1.38,15.2,0.6,0.9,2,1077,0.017,5,-59,-45,2,14.1,1.0,-22,-12,-14,8.063,0.032,7.49,8.22,0.05,0.1,118.72541666666666,32.28444444444444,-62.645805,-8.804296,32.233326,PM*,F5
HD 64467, ,7,55,8.2,+,28,23,3,193,26,7.33,0.28,2.671,0.001,3.817,-0.11,68,3.17,0.62,2.1,1.5,2.6,1.34,1.29,1.39,-4.1,0.5,0.0,1,0,0.0,10,-56,-57,2,14.7,1.0,-3,-13,-22,8.06,0.029,7.56,8.11,0.04,0.23,118.78416666666665,28.384166666666665,-59.551544,-13.748557,29.809238,PM*,F5
HD 64815, ,7,56,0.6,+,6,30,44,214,17,7.86,0.396,2.587,0.006,3.755,-0.39,79,3.36,2.08,6.5,5.2,8.0,1.09,1.02,1.15,-32.2,0.2,0.3,4,727,0.698,4,202,-100,2,12.6,1.1,76,-30,39,8.062,0.024,5.71,9.98,0.27,1.11,119.0025,6.512222222222222,-62.63219,-42.24595,23.097364,PM*,F8
HD 64913, ,7,57,54.8,+,40,58,28,179,29,8.626,0.37,2.588,-0.001,3.764,-0.52,64,4.61,0.72,10.1,3.6,15.4,0.89,0.82,0.97,-67.8,0.2,0.2,5,1596,0.906,5,80,-146,2,15.7,1.4,65,-49,-20,8.055,0.031,5.1,9.17,0.29,0.22,119.47833333333332,40.974444444444444,-55.967136,0.9769129,31.027815,PM*,F8
HD 65134, ,7,54,49.3,-,50,33,51,264,-11,8.111,0.332,2.639,0.007,3.791,-0.1,87,3.41,0.95,3.2,2.7,3.6,1.24,1.15,1.3,67.0,0.3,0.2,2,792,0.681,10,-38,-4,1,11.5,0.7,-14,-62,-27,8.008,-0.017,5.0,8.01,0.23,0.31,118.70541666666665,-50.564166666666665,-8.926883,-84.93373,-16.600382,*,F6V
HD 65524, ,7,59,25.4,+,9,56,8,212,20,7.868,0.304,2.645,0.004,3.803,-0.34,90,3.09,1.22,2.8,2.3,3.4,1.24,1.14,1.32,24.0,0.5,0.7,2,1462,0.194,10,-109,11,2,11.1,1.3,-43,2,-30,8.072,0.03,7.52,9.26,0.1,0.39,119.85583333333332,9.935555555555556,-71.721405,-44.81651,30.78181,PM*,F5
HD 65664, ,8,1,32.5,+,41,23,13,179,30,7.271,0.35,0.0,0.0,3.784,-0.05,70,3.03,1.45,2.7,2.4,3.1,1.35,1.28,1.42,28.0,0.4,0.0,1,0,0.0,12,-32,-95,1,14.2,1.1,-33,-29,0,8.061,0.035,6.55,8.26,0.12,0.11,120.38541666666667,41.386944444444445,-60.612545,1.057999,35.0,PM*,F5
HD 65951, ,7,57,21.5,-,63,42,43,277,-17,8.18,0.402,2.621,0.055,3.786,-0.03,125,2.46,1.95,2.2,1.9,2.6,1.49,1.39,1.59,20.3,2.7,3.8,2,1059,0.148,50,-16,11,2,2.9,0.7,-9,-19,-11,7.986,-0.037,7.17,7.99,0.05,0.07,119.33958333333332,-63.71194444444445,14.568006,-118.64708,-36.546463,*,F6IV
HD 66015, ,8,0,54.5,-,19,28,56,238,6,8.408,0.306,2.626,-0.015,3.8,-0.52,130,2.84,1.69,2.9,2.3,4.6,1.19,1.12,1.32,-12.1,0.2,0.4,4,1832,0.309,8,-15,-47,2,7.7,1.0,22,-3,-24,8.068,0.013,7.43,9.01,0.1,0.27,120.22708333333331,-19.48222222222222,-68.51213,-109.6423,13.5887,PM*,F6wF2V
HD 66139, ,8,3,11.8,+,27,55,54,194,27,8.013,0.302,2.637,-0.006,3.801,-0.38,69,3.8,0.59,3.5,2.0,4.7,1.12,1.06,1.18,6.4,0.5,0.5,2,1341,0.484,11,-102,21,2,14.4,0.9,-23,12,-24,8.06,0.032,7.98,9.33,0.08,0.27,120.79916666666665,27.93166666666667,-59.653248,-14.8732195,31.325344,PM*,F5
HD 66168, ,7,56,9.1,-,71,59,9,284,-21,7.939,0.349,2.636,0.01,3.779,-0.07,51,4.41,0.2,3.6,0.0,7.5,1.06,1.0,1.13,8.2,0.3,0.1,2,1059,0.939,6,-23,131,2,19.7,0.6,-28,-17,5,7.988,-0.018,7.12,8.2,0.07,0.18,119.03791666666666,-71.98583333333333,11.518534,-46.198303,-18.276766,PM*,F8V
HD 66242, ,8,2,25.9,-,6,20,13,227,13,6.332,0.393,2.606,0.018,3.763,-0.1,109,1.15,3.86,1.0,0.8,1.2,2.05,1.87,2.06,-15.9,0.2,0.2,2,4074,0.541,7,6,-11,1,9.2,0.9,15,7,-4,8.072,0.024,7.75,9.26,0.09,0.06,120.60791666666664,-6.336944444444444,-72.43255,-77.6744,24.519663,*,F8/G0IV
HD 66308, ,8,1,39.6,-,34,41,42,251,-2,7.562,0.295,2.639,-0.011,3.806,-0.37,63,3.57,0.7,3.2,2.3,4.0,1.17,1.11,1.22,3.2,0.4,0.3,2,715,0.558,17,42,-96,2,15.9,0.8,28,-13,-5,8.02,-0.002,6.92,8.78,0.12,0.04,120.41499999999999,-34.69499999999999,-20.4983,-59.531384,-2.1986682,PM*,F5IV/V
HD 66740, ,8,4,1.3,-,26,58,23,245,2,7.17,0.287,2.67,0.005,3.813,-0.14,57,3.37,0.54,2.3,1.5,3.0,1.28,1.24,1.33,34.3,0.2,0.3,4,759,0.634,6,-26,43,2,17.4,0.8,-28,-24,2,8.024,0.002,6.78,8.16,0.09,0.14,121.00541666666665,-26.973055555555554,-24.074562,-51.62808,1.9892713,*,F5V
HD 66755, ,8,4,45.0,-,7,12,35,228,13,8.361,0.335,2.627,0.005,3.787,-0.31,100,3.36,1.29,4.9,3.0,6.3,1.13,1.05,1.21,38.5,0.4,0.5,2,1327,0.197,11,-12,-37,2,0.0,0.0,-18,-38,-5,8.065,0.022,6.15,8.08,0.14,0.04,121.18749999999997,-7.209722222222222,-65.1981,-72.40979,22.495104,*,F7V
HD 66771, ,7,59,17.3,-,71,26,0,284,-20,8.583,0.325,2.647,0.015,3.792,-0.25,141,2.84,1.64,2.7,2.2,4.1,1.34,1.2,1.43,31.9,0.4,0.2,2,1027,0.754,11,-32,47,2,7.1,0.8,-30,-36,-17,7.968,-0.049,6.16,8.09,0.14,0.15,119.82208333333332,-71.43333333333334,32.053852,-128.56094,-48.22484,PM*,F6V
HD 66922, ,8,6,9.0,+,15,20,48,207,23,7.582,0.306,2.629,-0.017,3.801,-0.3,63,3.6,0.72,3.4,2.5,4.2,1.17,1.09,1.23,-8.3,0.5,0.6,2,1072,0.124,3,-48,-2,2,16.0,1.1,0,6,-15,8.051,0.025,7.98,8.85,0.05,0.13,121.53749999999997,15.346666666666668,-51.671078,-26.327732,24.61606,*,F5
HD 67009, ,8,7,18.1,+,33,14,49,188,29,8.199,0.268,2.67,-0.01,3.824,-0.11,90,3.43,0.21,1.4,0.0,2.3,1.3,1.25,1.36,7.4,1.2,0.0,1,0,0.0,26,15,-18,1,11.1,1.0,-3,-10,7,8.078,0.044,7.74,8.16,0.03,0.23,121.82541666666667,33.246944444444445,-77.949715,-10.95512,43.632866,*,F5
HD 67087, ,8,7,39.7,+,31,33,4,190,29,8.038,0.33,2.64,0.005,3.792,-0.05,88,3.3,0.99,2.9,2.4,3.5,1.27,1.17,1.35,0.4,0.3,0.4,3,2857,0.54,12,-16,-34,1,11.3,1.1,-3,-13,-9,8.076,0.043,7.56,8.13,0.04,0.05,121.91541666666667,31.551111111111112,-75.79724,-13.365104,42.663246,*,F8V
HD 67144, ,8,5,34.4,-,29,4,43,247,1,9.509,0.365,2.617,0.016,3.773,-0.3,183,3.2,1.76,5.3,4.1,6.8,1.11,1.05,1.21,31.0,0.5,0.8,3,739,0.014,9,-1,11,3,0.0,0.0,-20,-25,5,8.072,0.005,6.87,8.12,0.08,0.19,121.39333333333333,-29.078611111111112,-71.49293,-168.42673,3.1937902,*,F6V(w)
HD 67146, ,8,5,31.7,-,30,48,4,248,1,8.352,0.243,2.69,-0.001,3.84,-0.14,193,1.92,1.43,1.3,1.1,1.5,1.66,1.56,1.77,2.0,0.7,0.5,4,1445,0.876,45,2,6,2,4.5,1.0,-4,0,5,8.071,0.002,8.01,8.45,0.03,0.18,121.38208333333333,-30.801111111111112,-72.2881,-178.91922,3.3683143,*,F2V
HD 67150, ,8,7,26.0,+,19,49,3,203,25,7.682,0.373,2.611,0.015,3.77,-0.29,97,2.75,2.27,3.5,2.9,4.4,1.32,1.22,1.39,17.8,0.3,0.5,2,1811,0.256,6,-94,-39,1,10.3,1.1,-33,-15,-35,8.081,0.041,7.24,8.45,0.08,0.48,121.85833333333332,19.8175,-80.92329,-34.34989,40.993973,PM*,F8
HD 67200, ,8,1,32.5,-,70,1,25,283,-20,7.703,0.38,2.641,0.039,3.793,0.45,54,3.87,0.08,0.5,0.0,1.9,1.26,1.23,1.29,14.6,0.2,0.2,2,819,0.527,4,18,105,2,18.5,0.6,-18,-24,10,7.989,-0.018,6.9,8.02,0.07,0.26,120.38541666666667,-70.02361111111111,11.414789,-49.44285,-18.469088,PM*,F6V
HD 67345, ,8,11,47.8,+,66,1,1,150,33,8.551,0.275,0.0,0.0,3.819,-0.12,108,3.39,0.37,1.9,0.5,2.6,1.29,1.23,1.35,9.4,1.1,1.6,2,235,0.053,17,-48,-33,2,9.3,1.1,-27,-7,-14,8.078,0.058,7.64,8.46,0.05,0.11,122.94916666666667,66.01694444444445,-78.441475,45.28821,58.82102,PM*,F0
HD 67346, ,8,8,8.6,+,19,12,57,203,25,7.622,0.383,2.627,0.027,3.785,0.29,69,3.31,0.86,2.7,1.8,5.2,1.36,1.31,1.41,27.4,0.2,0.2,3,127,0.708,6,-35,-97,1,14.5,1.2,-22,-37,-9,8.057,0.029,6.22,8.1,0.13,0.04,122.03583333333331,19.215833333333332,-57.563988,-24.434462,29.16066,PM*,F8
HD 67369, ,8,9,45.8,+,48,22,28,171,33,8.552,0.307,0.0,0.0,3.801,-0.12,85,3.89,0.27,2.6,0.0,4.1,1.17,1.11,1.23,9.9,0.4,0.1,2,469,0.851,7,-80,-60,2,11.7,1.3,-30,-17,-24,8.071,0.046,7.18,8.33,0.07,0.26,122.44083333333333,48.37444444444444,-70.40933,11.151742,46.29432,PM*,F5
HD 67481, ,8,10,44.8,+,52,8,34,166,33,7.419,0.37,2.625,0.025,3.785,-0.03,79,2.81,1.62,2.5,2.2,2.7,1.43,1.36,1.49,-46.1,0.3,0.1,2,936,0.805,5,50,-44,2,12.6,0.9,43,-28,-10,8.065,0.043,6.16,8.91,0.18,0.06,122.68666666666664,52.14277777777778,-64.28692,16.028526,43.026485,PM*,F8
HD 67517, ,8,11,1.4,+,54,14,3,164,33,8.159,0.375,0.0,0.0,3.77,-0.13,97,3.22,1.65,4.8,3.9,5.9,1.2,1.12,1.28,-29.1,0.3,0.0,1,0,0.0,4,-9,-63,2,10.3,1.0,13,-34,-20,8.078,0.053,6.32,8.25,0.13,0.2,122.75583333333331,54.23416666666667,-78.19964,22.423388,52.829987,PM*,F8V
HD 67556, ,8,7,8.7,-,36,22,53,253,-2,7.304,0.343,2.643,0.012,3.787,0.11,47,3.95,0.3,3.2,1.0,4.4,1.21,1.16,1.25,26.0,0.5,0.7,2,687,0.046,9,-37,100,2,21.3,0.7,-30,-18,4,8.013,-0.002,7.05,8.25,0.08,0.17,121.78625,-36.38138888888889,-13.73311,-44.91894,-1.6402763,PM*,F8V
HD 67562, ,8,11,9.7,+,53,14,42,165,33,6.792,0.351,0.0,0.0,3.781,-0.32,88,2.06,2.73,0.0,0.0,0.0,0.0,0.0,0.0,-51.5,0.4,0.0,1,0,0.0,12,20,-74,1,11.3,0.7,37,-42,-22,8.072,0.048,5.68,8.61,0.21,0.24,122.79041666666664,53.245,-71.28823,19.101631,47.928238,PM*,F5
HD 67585, ,8,24,22.0,+,83,5,49,130,30,7.695,0.304,2.636,-0.008,3.802,-0.33,70,3.47,0.85,3.3,2.6,3.7,1.19,1.12,1.24,21.5,0.3,0.5,2,729,0.327,8,-47,-69,1,14.3,0.6,-35,0,5,8.039,0.035,7.6,8.86,0.08,0.19,126.09166666666664,83.09694444444445,-38.966927,46.438976,35.0,PM*,F8
HD 67707, ,8,16,47.8,+,75,44,34,139,31,7.62,0.308,0.0,0.0,3.804,0.05,66,3.51,0.42,2.2,1.1,3.0,1.29,1.25,1.34,14.9,0.3,0.1,2,691,0.812,8,-43,-93,1,15.1,0.8,-33,-13,2,8.042,0.035,7.25,8.42,0.07,0.15,124.19916666666667,75.74277777777777,-42.696224,37.115253,33.99251,PM*,F5
HD 67789, ,8,10,6.5,+,14,30,28,208,24,7.593,0.331,2.63,-0.001,3.789,-0.16,52,4.02,0.44,4.0,1.8,6.0,1.11,1.05,1.17,29.0,0.3,0.2,2,1395,0.585,5,-81,-97,2,19.3,0.9,-27,-30,-14,8.042,0.021,6.52,8.15,0.11,0.1,122.52708333333332,14.507777777777777,-41.943867,-22.301947,21.150305,PM*,F5
HD 67816, ,8,9,2.8,-,20,29,58,240,7,7.627,0.353,2.629,0.009,3.778,-0.11,47,4.29,0.38,5.2,1.5,8.0,1.05,1.0,1.12,-27.2,0.1,0.4,7,2313,0.204,3,8,-99,2,21.5,0.9,30,12,-13,8.023,0.005,7.52,9.89,0.14,0.1,122.26166666666666,-20.499444444444446,-23.324831,-40.3998,5.7278595,PM*,F7V
HD 67893, ,8,6,3.4,-,64,22,36,278,-17,7.572,0.277,2.692,0.028,3.846,0.36,200,0.95,1.91,0.7,0.6,0.8,2.19,2.07,2.29,-46.2,5.0,0.0,1,0,0.0,19,-22,26,2,5.0,0.6,-36,42,7,7.975,-0.058,7.86,11.7,0.2,0.28,121.51416666666664,-64.37666666666667,26.618414,-189.3996,-58.47434,*,F5IV/V
HD 67935, ,8,12,33.6,+,50,0,32,169,33,7.748,0.348,0.0,0.0,3.783,-0.01,79,3.27,1.19,3.0,2.6,4.8,1.3,1.18,1.36,-37.5,0.2,0.4,5,1482,0.383,8,85,-24,1,12.7,0.9,45,-20,6,8.065,0.043,6.43,9.16,0.18,0.22,123.13999999999999,50.00888888888889,-65.03768,12.642046,43.026485,PM*,F8
HD 68214, ,8,10,14.6,-,32,44,43,251,0,8.349,0.274,2.634,-0.032,3.817,-0.46,136,2.68,1.42,2.2,1.9,2.6,1.32,1.23,1.42,3.3,0.4,0.4,2,378,0.482,16,1,-68,2,0.0,0.0,33,-16,-24,8.045,0.001,6.75,8.88,0.14,0.26,122.56083333333332,-32.74527777777778,-44.27727,-128.59053,0.0,PM*,F2V
HD 68284, ,8,11,49.5,+,4,16,28,218,20,7.766,0.367,2.589,-0.006,3.767,-0.65,74,3.42,1.93,7.2,6.0,8.7,1.04,0.99,1.08,63.0,0.3,0.5,3,753,0.266,5,-11,50,2,13.5,1.2,-56,-22,26,8.055,0.025,6.54,8.87,0.15,0.61,122.95624999999998,4.274444444444445,-54.79611,-42.8114,25.309488,PM*,F7/8V
HD 68287, ,8,11,33.6,-,6,0,56,228,15,7.894,0.338,2.613,-0.017,3.786,-0.05,56,4.17,0.26,3.4,0.0,6.0,1.11,1.05,1.18,41.5,0.3,0.1,2,761,0.925,7,-80,63,2,18.0,1.0,-47,-15,1,8.036,0.014,6.9,8.73,0.12,0.13,122.89,-6.015555555555555,-36.19452,-40.198067,14.493866,PM*,F7/8V
HD 68380, ,8,12,13.5,+,2,17,21,220,19,7.939,0.294,2.658,0.001,3.808,-0.22,66,3.83,0.26,2.3,0.0,3.9,1.18,1.11,1.23,13.3,0.5,1.0,4,1086,0.014,10,-49,-15,2,15.1,1.4,-16,-9,-11,8.048,0.022,7.75,8.11,0.02,0.05,123.05624999999998,2.2891666666666666,-47.804413,-40.11266,21.487497,PM*,F5V
HD 68391, ,8,10,34.4,-,39,39,52,256,-3,7.767,0.298,2.655,0.006,3.81,-0.22,137,2.08,1.97,1.7,1.5,1.9,1.58,1.5,1.67,18.0,0.9,0.3,2,356,0.833,40,-22,38,2,7.3,0.7,-32,-10,1,8.032,-0.008,7.37,8.44,0.07,0.12,122.64333333333332,-39.66444444444444,-33.09788,-132.74834,-7.1700263,*,F3V
HD 68481, ,8,16,22.3,+,63,43,48,153,33,7.754,0.309,0.0,0.0,3.8,-0.35,88,3.04,1.35,2.8,2.3,4.4,1.26,1.15,1.34,18.6,0.5,0.0,1,0,0.0,7,-44,-31,2,11.4,1.0,-29,-2,-4,8.065,0.048,7.72,8.67,0.06,0.07,124.09291666666667,63.730000000000004,-65.75896,33.50587,47.928238,PM*,F5
HD 68676, ,8,12,7.8,-,35,43,58,253,-1,7.838,0.406,2.604,0.03,3.769,-0.16,119,2.33,2.6,2.5,2.1,2.9,1.41,1.35,1.58,0.0,0.4,0.8,3,1455,0.053,12,-44,15,2,8.4,0.7,-19,6,-16,8.034,-0.002,7.97,8.87,0.05,0.13,123.03249999999998,-35.73277777777778,-34.78696,-113.78293,-2.0768363,*,F8/G0V
HD 68900, ,8,10,46.2,-,62,53,47,277,-16,8.271,0.371,2.627,0.021,3.783,0.06,68,4.0,0.4,3.5,1.7,5.3,1.17,1.1,1.23,38.6,0.2,0.2,3,2131,0.726,5,-67,150,2,14.6,0.6,-50,-43,-4,7.993,-0.018,5.65,8.37,0.19,0.05,122.69249999999997,-62.896388888888886,7.966073,-64.87857,-18.74334,PM*,F8V
HD 69333, ,8,16,45.7,+,7,22,21,216,22,7.591,0.315,2.644,0.004,3.801,-0.12,112,2.34,1.82,1.9,1.7,2.3,1.51,1.42,1.62,6.9,0.3,0.1,3,3639,0.928,10,-48,-79,2,8.9,1.1,-2,-34,-36,8.084,0.043,6.44,8.1,0.11,0.49,124.19041666666665,7.3725,-84.012054,-61.038303,41.955936,PM*,F5
HD 69600, ,8,12,16.0,-,71,15,58,284,-19,7.884,0.288,2.663,-0.003,3.814,-0.03,81,3.35,0.44,2.0,1.0,2.7,1.32,1.27,1.37,14.5,0.2,0.2,4,1153,0.868,12,58,-81,2,12.4,0.6,40,-6,0,7.981,-0.027,6.89,9.33,0.15,0.11,123.06666666666665,-71.26611111111112,18.528078,-74.31204,-26.37102,PM*,F5V
HD 69713, ,8,20,3.8,+,44,39,49,176,34,7.889,0.325,0.0,0.0,3.794,-0.04,65,3.83,0.41,3.2,1.5,4.4,1.19,1.12,1.24,32.5,0.6,0.0,1,0,0.0,19,-73,-53,1,15.4,1.0,-41,-11,-2,8.054,0.036,7.18,8.7,0.1,0.09,125.01583333333333,44.66361111111111,-53.756176,3.7589974,36.347538,PM*,F5
HD 69752, ,8,18,32.6,+,5,11,5,218,22,8.047,0.279,2.67,0.0,3.82,-0.06,114,2.76,0.92,1.8,1.5,2.2,1.42,1.34,1.5,47.3,3.3,4.7,2,1414,0.019,55,-49,-52,3,7.8,1.1,-37,-46,-16,8.083,0.042,5.71,8.26,0.18,0.14,124.63583333333332,5.184722222222223,-83.29192,-65.07477,42.70515,PM*,F5
HD 69834, ,8,17,54.5,-,25,21,40,245,6,8.298,0.313,2.654,0.008,3.802,-0.04,115,2.99,1.07,2.3,1.9,2.8,1.34,1.26,1.44,26.9,0.6,0.8,2,355,0.19,22,-5,-4,3,7.1,1.0,-11,-25,0,8.048,0.012,6.89,8.05,0.08,0.1,124.47708333333331,-25.361111111111114,-48.33485,-103.65444,12.020773,*,F5V
HD 69892, ,8,24,0.1,+,68,55,28,146,33,7.108,0.311,0.0,0.0,3.8,-0.35,127,1.6,2.79,1.5,1.3,1.8,1.67,1.57,1.7,-15.0,1.5,1.6,2,1524,0.459,35,13,25,2,7.9,0.8,22,5,-4,8.088,0.07,7.62,9.36,0.1,0.09,126.00041666666665,68.92444444444445,-88.30174,59.5603,69.16916,*,F5
HD 69897, ,8,20,3.8,+,27,13,3,196,30,5.14,0.314,2.636,-0.001,3.796,-0.31,18,3.85,0.59,4.0,2.5,5.1,1.11,1.06,1.17,32.6,0.1,0.4,28,5456,0.353,5,-18,-377,1,55.2,0.9,-24,-38,7,8.015,0.009,6.1,8.07,0.14,0.22,125.01583333333333,27.217499999999998,-14.984587,-4.29676,9.0,PM*,F6V
HD 70038, ,8,19,29.5,-,11,52,58,234,13,7.655,0.306,2.655,0.008,3.801,-0.26,59,3.79,0.49,3.5,1.9,4.5,1.15,1.09,1.21,-6.5,0.5,0.8,2,500,0.041,3,40,-32,2,16.9,0.9,15,-2,3,8.034,0.014,7.55,8.79,0.08,0.16,124.87291666666665,-11.882777777777779,-33.790516,-46.508625,13.272112,*,F5V
HD 70209, ,8,20,36.6,-,4,49,15,228,17,8.253,0.368,2.609,0.0,3.771,-0.47,129,2.7,2.44,3.7,2.9,5.0,1.19,1.11,1.3,43.5,0.5,0.7,2,447,0.07,12,-34,17,2,0.0,0.0,-45,-19,1,8.082,0.038,6.8,8.65,0.12,0.14,125.15249999999999,-4.820833333333333,-82.54618,-91.67679,37.715946,*,F7V
HD 70298, ,8,21,16.0,+,1,3,49,223,20,7.239,0.289,2.64,-0.011,3.809,-0.52,71,2.99,1.34,2.7,2.3,4.1,1.26,1.15,1.32,-10.7,0.4,0.6,3,780,0.293,11,22,-155,1,14.1,1.1,36,-34,-21,8.049,0.025,6.03,8.65,0.18,0.22,125.31666666666666,1.063611111111111,-48.79459,-45.501682,24.283428,PM*,F3V
HD 70312, ,8,25,15.2,+,64,42,47,151,34,7.705,0.291,0.0,0.0,3.811,-0.08,88,2.99,0.91,2.2,1.8,2.6,1.37,1.31,1.43,-4.2,0.5,0.0,1,0,0.0,7,-7,-65,1,11.4,0.9,-9,-26,-1,8.064,0.049,6.84,8.06,0.08,0.1,126.3133333333333,64.71305555555556,-63.80815,35.36943,49.208977,PM*,F5
HD 70499, ,8,21,56.9,-,10,44,53,233,15,6.776,0.251,2.669,-0.021,3.838,-0.01,87,2.08,1.2,1.2,1.1,1.4,1.68,1.61,1.74,18.1,4.5,6.3,2,717,0.148,110,8,7,2,11.5,0.8,-11,-12,9,8.05,0.022,7.63,8.05,0.03,0.25,125.48708333333332,-10.748055555555554,-50.573864,-67.11376,22.517258,*,F2IV
HD 70534, ,8,22,45.7,+,9,27,45,215,25,8.369,0.311,2.652,0.0,3.804,0.08,106,3.23,0.67,2.1,1.5,2.7,1.33,1.27,1.41,38.4,0.4,0.7,3,3299,0.182,13,-34,-27,2,9.4,1.2,-33,-29,-4,8.08,0.044,6.54,8.28,0.12,0.07,125.69041666666665,9.462499999999999,-78.69481,-55.10269,44.797535,*,F5
HD 70588, ,8,19,41.6,-,58,53,26,274,-13,8.382,0.297,2.653,-0.001,3.809,-0.16,156,2.41,1.6,1.9,1.7,2.2,1.5,1.42,1.58,12.4,0.4,0.3,2,356,0.613,16,1,46,2,6.4,0.6,-28,-17,16,7.991,-0.034,7.14,8.2,0.07,0.38,124.9233333333333,-58.89055555555556,10.603119,-151.63145,-35.09236,*,F5IV/V
HD 70626, ,8,25,0.8,+,47,44,29,172,35,8.196,0.303,0.0,0.0,3.804,-0.08,96,3.28,0.77,2.5,1.9,3.1,1.28,1.21,1.35,12.2,0.5,0.0,1,0,0.0,10,-48,-36,2,10.4,1.2,-25,-12,-12,8.078,0.055,7.47,8.29,0.05,0.09,126.2533333333333,47.74138888888889,-77.87329,10.944384,55.06334,PM*,F5
HD 70843, ,8,24,45.4,+,17,10,54,207,28,7.06,0.336,2.654,0.023,3.803,0.17,47,3.62,0.22,1.6,0.0,2.7,1.32,1.27,1.36,-12.6,0.3,0.4,2,1075,0.267,6,8,-125,1,21.5,0.9,18,-20,-14,8.037,0.022,6.84,8.42,0.1,0.1,126.18916666666665,17.18166666666667,-36.975468,-18.839943,22.065165,PM*,F5
HD 70862, ,8,23,54.1,-,13,37,33,236,13,8.187,0.28,2.646,-0.013,3.816,-0.33,119,2.81,1.2,2.2,1.9,2.6,1.33,1.25,1.42,-2.8,0.2,0.2,2,355,0.602,5,17,-22,2,8.4,1.0,14,-6,1,8.064,0.028,7.48,8.65,0.07,0.12,125.97541666666665,-13.625833333333334,-64.83843,-96.12694,26.769175,*,F3V
HD 70870, ,8,23,3.7,-,34,57,28,254,1,8.332,0.302,2.651,0.004,3.803,-0.31,78,3.87,0.41,3.2,0.8,4.6,1.13,1.07,1.2,13.7,0.4,0.5,2,1110,0.218,9,-16,147,2,12.8,0.8,-50,3,27,8.022,0.002,7.37,9.47,0.12,0.65,125.76541666666664,-34.95777777777778,-21.496428,-74.966995,1.3612876,PM*,F5V
HD 70889, ,8,23,31.8,-,27,49,20,248,5,7.1,0.365,2.615,-0.003,3.774,0.04,32,4.55,0.08,1.4,0.0,6.8,1.07,1.0,1.13,13.0,0.2,0.3,4,1511,0.296,4,-130,-33,2,30.9,0.8,-12,-11,-18,8.012,0.003,7.65,8.02,0.02,0.16,125.88249999999998,-27.822222222222223,-11.941802,-29.556978,2.7889836,PM*,F9.5V
HD 70896, ,8,16,52.6,-,76,25,35,289,-22,8.381,0.362,2.632,0.019,3.775,-0.13,75,4.02,0.74,6.1,3.8,9.1,1.07,1.0,1.12,-2.7,0.3,0.4,3,2158,0.123,6,-64,64,2,13.4,0.7,-31,-4,-8,7.977,-0.027,7.54,8.54,0.06,0.03,124.21916666666668,-76.4263888888889,22.639616,-65.75021,-28.095493,PM*,F8V
HD 70954, ,8,27,35.7,+,56,43,18,161,35,8.204,0.287,2.647,0.001,3.808,-0.65,88,3.49,0.97,3.2,2.4,4.6,1.13,1.06,1.19,20.0,0.5,0.8,2,990,0.249,11,-21,4,2,11.4,1.0,-20,8,5,8.068,0.051,8.01,9.02,0.06,0.19,126.89874999999998,56.72166666666667,-68.158066,23.4687,50.474728,*,F2
HD 71030, ,8,25,49.8,+,17,2,46,207,28,6.14,0.286,2.66,0.0,3.813,-0.26,45,2.87,1.14,2.3,2.0,2.6,1.37,1.32,1.41,37.4,0.4,0.3,2,104,0.54,10,-192,-152,1,22.2,0.9,-44,-39,-27,8.035,0.021,5.94,8.34,0.17,0.31,126.45749999999997,17.046111111111113,-35.402042,-18.038242,21.12622,PM*,F5IIIm?
HD 71053, ,8,25,54.9,+,17,50,0,206,29,8.268,0.37,2.621,0.015,3.771,-0.17,78,3.8,1.09,7.2,5.5,8.9,1.07,1.01,1.13,28.7,0.3,0.3,2,1075,0.418,6,-85,-27,1,12.8,1.1,-38,-16,-15,8.061,0.037,7.05,8.5,0.09,0.13,126.47874999999998,17.833333333333332,-61.316036,-29.90582,37.81515,PM*,F9V
HD 71142, ,8,24,52.7,-,23,41,20,245,8,6.974,0.31,2.647,-0.002,3.804,-0.03,85,2.31,1.69,1.8,1.6,2.0,1.59,1.52,1.65,55.1,0.2,0.1,2,1033,0.948,9,-48,59,2,11.7,0.8,-52,-36,6,8.036,0.012,5.99,8.53,0.17,0.2,126.21958333333333,-23.68888888888889,-35.57295,-76.28645,11.829714,PM*,F7V
HD 71222, ,8,31,26.6,+,71,1,28,144,34,8.222,0.347,2.613,-0.006,3.781,-0.43,117,2.88,2.0,4.2,3.2,5.4,1.16,1.1,1.25,0.1,0.3,0.5,2,1071,0.266,7,-14,-30,1,5.7,0.9,-12,-14,-3,8.078,0.065,7.56,8.09,0.03,0.09,127.86083333333332,71.02444444444444,-78.47254,57.01364,65.42557,*,F8
HD 71243, ,8,18,31.5,-,76,55,11,290,-22,4.07,0.261,2.648,-0.042,3.83,0.07,19,2.62,0.74,1.4,1.1,1.7,1.54,1.51,1.57,-13.3,0.8,1.4,3,2120,0.209,29,110,107,1,51.4,0.5,-6,6,17,7.994,-0.007,7.98,8.79,0.05,0.42,124.63124999999998,-76.91972222222223,6.025194,-16.554089,-7.117525,PM*,F5VFe-0.8
HD 71252, ,8,26,6.2,-,8,30,54,232,17,6.939,0.224,2.699,-0.011,3.857,0.22,115,1.64,1.15,0.9,0.8,1.1,1.93,1.82,2.04,63.3,1.5,2.6,3,1382,0.31,110,-45,-14,2,8.7,0.9,-48,-49,-5,8.068,0.033,5.48,8.38,0.21,0.04,126.52583333333332,-8.515,-67.7074,-86.661514,33.622746,*,F2V
HD 71277, ,8,27,35.9,+,30,33,0,193,33,8.176,0.25,2.705,0.018,3.835,-0.17,122,2.75,0.72,1.6,1.2,2.0,1.42,1.35,1.5,4.1,0.6,1.2,4,1793,0.267,30,15,-3,2,8.2,1.0,2,-3,9,8.1,0.066,7.88,8.47,0.04,0.26,126.89958333333331,30.55,-99.69541,-23.016499,66.44596,*,F2
HD 71399, ,8,26,17.5,-,27,8,42,248,6,7.001,0.28,2.67,-0.002,3.818,-0.05,54,3.35,0.37,1.8,0.7,2.5,1.32,1.28,1.37,-12.2,0.6,0.7,2,758,0.386,25,39,-70,2,18.6,0.8,23,3,-4,8.02,0.006,7.49,9.23,0.1,0.06,126.57291666666666,-27.145,-20.11795,-49.793644,5.644537,PM*,F5V
HD 71407, ,8,27,53.8,+,18,4,7,206,29,7.939,0.292,2.671,0.017,3.815,-0.12,148,2.09,1.76,1.6,1.4,1.9,1.59,1.5,1.71,-15.9,1.5,0.0,1,0,0.0,35,2,-19,2,6.9,1.0,17,-6,-11,8.116,0.072,7.49,8.78,0.08,0.09,126.97416666666663,18.06861111111111,-116.34326,-56.744385,71.75182,*,F5
HD 71462, ,8,27,40.7,+,0,31,3,224,22,8.342,0.349,2.614,0.0,3.777,-0.27,62,4.38,0.46,6.3,1.0,9.8,1.0,0.94,1.07,-5.6,0.7,0.9,2,1020,0.068,12,-35,-19,1,0.0,0.0,1,1,-13,8.042,0.023,7.92,8.57,0.04,0.09,126.9195833333333,0.5175000000000001,-41.351536,-39.932716,23.225609,*,F6V
HD 71595, ,8,28,33.1,+,6,57,53,218,25,7.15,0.268,2.66,-0.015,3.824,-0.21,74,2.82,0.91,2.0,1.6,2.3,1.4,1.34,1.45,-38.0,0.5,0.0,1,0,0.0,9,67,-80,3,13.6,1.0,52,-5,-8,8.053,0.031,6.78,9.81,0.18,0.04,127.13791666666665,6.964722222222222,-52.849342,-41.29042,31.273752,PM*,F5
HD 71640, ,8,28,36.0,+,1,14,50,223,22,7.408,0.342,2.618,-0.002,3.782,-0.24,45,4.15,0.55,5.7,3.1,7.7,1.05,0.99,1.11,41.7,0.2,0.5,5,854,0.223,3,-28,-15,2,22.3,1.1,-30,-28,10,8.03,0.017,6.58,8.19,0.11,0.26,127.14999999999998,1.2472222222222222,-30.514473,-28.4552,16.857296,*,F6V
HD 71713, ,8,28,23.8,-,13,33,18,237,14,7.929,0.242,2.694,0.002,3.842,-0.14,197,1.46,1.86,1.1,0.9,1.2,1.82,1.71,1.95,-9.6,0.5,0.6,3,1041,0.625,27,-23,-7,2,5.9,1.0,-3,6,-24,8.105,0.049,8.07,8.94,0.05,0.27,127.09916666666665,-13.555000000000001,-104.10681,-160.31041,47.658615,*,F2V
HD 71755, ,8,28,5.8,-,26,59,59,248,7,8.128,0.354,2.621,0.007,3.776,-0.24,74,3.8,1.04,7.2,5.2,8.8,1.07,1.01,1.12,15.3,0.2,0.5,5,823,0.082,4,-13,95,2,13.6,1.0,-33,0,17,8.027,0.009,7.66,8.84,0.07,0.42,127.02416666666666,-26.999722222222225,-27.514277,-68.10018,9.018332,PM*,F7V
HD 72053, ,8,31,7.5,+,9,11,54,216,26,7.992,0.301,2.636,-0.011,3.802,-0.31,60,4.11,0.2,1.2,0.0,4.6,1.11,1.05,1.16,47.3,0.4,0.1,2,720,0.917,10,-128,13,2,16.7,1.0,-57,-18,-7,8.043,0.027,6.64,8.94,0.15,0.03,127.78125,9.198333333333334,-43.628387,-31.697866,26.302269,PM*,F5
HD 72093, ,8,31,41.1,+,19,27,38,205,30,7.795,0.405,2.568,0.0,3.747,-0.44,36,5.01,0.63,0.0,0.0,0.0,0.84,0.8,0.91,47.1,0.3,0.3,2,731,0.502,5,-55,64,2,0.0,0.0,-45,-6,20,8.028,0.018,7.25,8.94,0.1,0.47,127.92125,19.460555555555555,-28.255878,-13.175934,18.0,PM*,F8
HD 72098, ,8,30,41.4,-,9,51,4,234,17,8.231,0.336,2.634,0.001,3.788,-0.04,76,3.83,0.54,3.5,2.2,5.0,1.15,1.08,1.22,12.5,0.2,0.1,2,358,0.983,7,-10,-132,2,0.0,0.0,18,-40,-23,8.043,0.022,5.96,8.26,0.16,0.25,127.67249999999999,-9.851111111111111,-42.719757,-58.798664,22.22025,PM*,F6V
HD 72266, ,8,30,55.9,-,26,40,44,248,7,8.533,0.3,2.649,-0.006,3.808,-0.08,133,2.91,1.05,2.2,1.8,2.6,1.36,1.28,1.45,31.8,0.3,0.5,2,1032,0.136,5,-11,-15,3,7.1,1.0,-9,-32,-6,8.049,0.017,6.49,8.05,0.11,0.02,127.73291666666664,-26.67888888888889,-49.451332,-122.39626,16.208624,*,F5V
HD 72291, ,8,33,21.7,+,36,26,11,186,35,6.24,0.272,2.663,-0.004,3.818,-0.41,37,3.38,0.65,2.5,1.7,3.2,1.22,1.18,1.27,0.5,0.9,1.3,2,797,0.221,22,-146,3,2,26.8,0.8,-15,3,-20,8.03,0.022,8.0,8.63,0.04,0.2,128.34041666666667,36.436388888888885,-30.142593,-3.1681132,21.222328,PM*,F5Vbwv
HD 72528, ,8,33,17.5,-,5,19,40,230,20,7.335,0.328,2.617,-0.025,3.794,0.13,51,3.81,0.26,2.4,0.3,3.7,1.25,1.2,1.3,14.0,0.5,0.7,2,440,0.046,7,68,-42,2,19.7,1.0,6,-19,13,8.031,0.017,7.11,8.19,0.07,0.32,128.32291666666666,-5.3277777777777775,-30.805157,-36.712166,17.443026,PM*,F8/G0V
HD 72780, ,8,35,4.2,+,11,17,1,214,28,7.465,0.336,2.636,0.003,3.789,-0.01,53,3.86,0.46,3.5,2.0,4.6,1.18,1.11,1.23,28.3,0.3,0.3,2,345,0.574,7,-49,-52,2,19.0,1.1,-23,-24,-1,8.038,0.025,6.86,8.12,0.08,0.09,128.76749999999998,11.28361111111111,-38.795826,-26.168118,24.881994,PM*,F8
HD 72854, ,8,34,25.4,-,21,12,7,244,11,8.259,0.23,2.713,0.01,3.848,-0.05,123,2.8,0.35,1.1,0.4,1.5,1.48,1.41,1.54,21.2,2.1,3.3,3,1036,0.244,100,0,8,2,8.1,1.0,-13,-16,7,8.053,0.024,7.38,8.06,0.04,0.21,128.6058333333333,-21.201944444444443,-52.928974,-108.52053,23.469507,*,F2/3V
HD 73058, ,8,34,32.0,-,43,28,51,262,-2,9.266,0.352,2.612,-0.002,3.778,-0.5,208,2.68,2.33,3.7,2.9,4.9,1.18,1.12,1.28,-6.9,0.2,0.1,2,350,0.83,7,-19,10,3,0.0,0.0,-18,10,-9,8.029,-0.007,7.99,9.08,0.06,0.03,128.6333333333333,-43.48083333333334,-28.930403,-205.85028,-7.259095,*,F6V(w)
HD 73121, ,8,35,12.5,-,39,58,13,259,0,6.451,0.369,2.619,0.012,3.771,-0.17,36,3.65,1.24,6.9,5.8,7.7,1.1,1.06,1.14,33.7,0.1,0.3,4,1831,0.448,4,76,40,2,27.5,0.6,-5,-33,15,8.007,0.0,6.43,8.02,0.11,0.35,128.80208333333331,-39.97027777777778,-6.8691187,-35.33858,0.0,PM*,F9.5V
HD 73145, ,8,36,22.9,-,13,9,4,237,16,7.979,0.278,2.66,-0.008,3.818,-0.2,108,2.81,1.04,2.1,1.7,2.5,1.37,1.28,1.45,43.1,0.9,0.1,2,356,0.909,35,-32,15,2,7.7,1.1,-37,-28,3,8.056,0.03,6.5,8.32,0.12,0.16,129.09541666666667,-13.151111111111112,-56.542397,-87.06764,29.768835,*,F5V
HD 73217, ,8,35,43.8,-,40,52,6,260,0,7.405,0.305,2.658,0.01,3.801,-0.26,51,3.87,0.41,3.3,1.4,4.7,1.14,1.08,1.2,4.3,0.5,0.6,2,681,0.39,21,44,-30,2,19.6,0.6,11,-7,4,8.009,0.0,7.49,8.51,0.06,0.17,128.9325,-40.86833333333333,-8.856055,-50.225197,0.0,PM*,F5IV/V
HD 73218, ,8,35,37.1,-,42,33,37,261,-1,7.465,0.287,2.677,0.012,3.814,-0.07,75,3.1,0.72,2.1,1.6,2.6,1.36,1.32,1.41,9.6,0.6,0.8,2,681,0.089,13,-21,10,1,13.4,0.6,-9,-8,-4,8.011,-0.002,7.82,8.02,0.01,0.05,128.90458333333333,-42.56027777777778,-11.730802,-74.065346,-1.3089304,*,F5V
HD 73294, ,8,38,23.1,+,20,12,26,205,32,7.818,0.316,2.647,0.006,3.802,-0.06,126,2.32,1.76,1.9,1.6,2.2,1.53,1.43,1.64,-8.5,0.3,0.1,2,938,0.956,6,14,-6,1,0.0,0.0,12,-1,1,8.096,0.067,7.7,8.83,0.07,0.14,129.59624999999997,20.20722222222222,-96.84266,-45.158478,66.76983,*,F6III-IVs
HD 73301, ,8,36,23.1,-,38,27,19,258,1,7.229,0.327,2.618,-0.005,3.788,-0.43,45,3.98,0.74,5.1,3.4,6.4,1.05,1.0,1.1,-25.3,0.3,0.5,2,378,0.14,7,27,64,2,22.4,0.6,-2,27,12,8.009,0.001,7.99,10.31,0.13,0.34,129.09624999999997,-38.45527777777778,-9.354611,-44.009937,0.78535825,PM*,F7V
HD 73344, ,8,38,45.5,+,23,41,9,201,33,6.894,0.356,2.636,0.015,3.778,-0.02,35,4.17,0.42,4.7,2.0,7.2,1.09,1.03,1.16,5.8,0.4,0.0,1,0,0.0,5,-47,-150,1,28.5,0.9,-5,-25,-9,8.027,0.019,6.86,8.04,0.08,0.04,129.6895833333333,23.685833333333335,-27.403826,-10.519341,19.062366,PM*,F6V
HD 73400, ,8,37,57.5,-,8,52,53,234,19,7.027,0.321,2.62,-0.019,3.794,-0.29,48,3.61,0.86,3.7,3.0,4.3,1.13,1.07,1.21,13.3,0.2,0.5,5,1579,0.166,8,-156,-28,2,20.7,0.8,-26,-11,-27,8.027,0.016,7.5,8.28,0.05,0.32,129.48958333333334,-8.881388888888889,-26.67658,-36.71714,15.627271,PM*,F6V
HD 73465, ,8,35,52.3,-,56,22,22,273,-9,7.064,0.273,2.679,0.008,3.819,-0.29,57,3.28,0.63,2.4,1.7,2.9,1.27,1.23,1.32,9.2,1.9,2.6,2,1115,0.073,35,-135,85,2,17.5,0.5,-40,-8,-17,7.997,-0.009,7.25,8.68,0.09,0.16,128.96791666666667,-56.37277777777778,2.9464328,-56.22108,-8.916765,PM*,F3V
HD 73504, ,8,36,10.2,-,56,42,44,273,-10,6.963,0.307,2.656,0.008,3.805,-0.09,88,2.25,1.79,1.7,1.6,1.9,1.6,1.54,1.65,15.2,2.3,3.2,2,359,0.031,50,-16,-42,2,11.4,0.5,10,-12,-18,7.996,-0.015,7.28,8.32,0.07,0.16,129.0425,-56.71222222222222,4.5356116,-86.544304,-15.28104,*,F6IV
HD 73621, ,8,39,25.4,+,1,9,41,225,24,8.56,0.345,2.631,0.012,3.784,-0.18,130,2.99,1.61,3.1,2.4,5.0,1.2,1.13,1.38,-9.0,0.3,0.2,2,455,0.666,7,-20,-27,1,0.0,0.0,6,-6,-21,8.084,0.054,7.69,8.48,0.05,0.22,129.85583333333332,1.1613888888888888,-83.97665,-83.97663,52.875763,*,F6/7V
HD 73736, ,8,38,59.4,-,25,5,27,248,10,8.331,0.278,2.694,0.03,3.839,0.02,145,2.4,0.83,1.2,1.0,1.5,1.55,1.47,1.65,10.9,0.6,0.5,2,356,0.608,24,-14,-9,2,5.2,0.8,-5,-12,-9,8.054,0.025,7.63,8.08,0.03,0.04,129.74749999999997,-25.090833333333332,-53.49277,-132.39917,25.178986,*,F2IV/V
HD 73760, ,8,41,12.4,+,35,57,57,187,37,8.358,0.384,2.644,0.052,3.798,0.38,98,3.18,0.69,1.6,1.0,2.1,1.38,1.32,1.45,19.2,0.4,0.0,1,0,0.0,5,-34,-97,1,7.8,1.1,-24,-45,-7,8.078,0.059,5.81,8.13,0.17,0.06,130.30166666666665,35.965833333333336,-77.68289,-9.538251,58.977867,PM*,F8
HD 73835, ,8,56,23.6,+,83,53,14,129,30,7.487,0.347,0.0,0.0,3.777,-0.33,42,4.38,0.51,7.1,3.1,9.5,0.99,0.94,1.06,11.2,0.2,0.3,5,1083,0.625,2,-144,-116,2,23.9,0.6,-37,-8,-7,8.023,0.021,7.33,8.61,0.08,0.02,134.09833333333333,83.88722222222223,-22.89031,28.267183,21.0,PM*,F8
HD 74011, ,8,42,30.8,+,34,11,15,189,37,7.421,0.387,2.581,0.007,3.755,-0.7,47,4.08,1.55,13.1,10.9,15.1,0.88,0.84,0.92,54.0,0.2,0.4,3,719,0.457,4,33,-283,2,21.5,0.9,-35,-69,29,8.037,0.028,4.7,8.15,0.27,0.69,130.6283333333333,34.1875,-37.073742,-5.8719006,28.285305,PM*,F8
HD 74097, ,8,41,21.2,-,19,27,12,244,14,8.118,0.336,2.668,0.055,3.825,0.12,224,1.13,2.29,0.9,0.8,1.0,2.06,1.93,2.11,39.5,0.6,0.7,2,622,0.417,25,-32,20,2,6.2,1.1,-52,-20,-5,8.097,0.053,6.66,8.82,0.14,0.06,130.3383333333333,-19.453333333333333,-95.27828,-195.34952,54.190506,*,F5-6III
HD 74360, ,8,45,23.9,+,46,10,15,174,39,7.969,0.292,0.0,0.0,3.811,-0.22,85,3.31,0.71,2.6,1.9,3.1,1.26,1.2,1.32,-27.2,0.3,0.2,2,659,0.705,9,7,-77,1,11.7,0.9,19,-34,-15,8.066,0.053,6.24,8.34,0.14,0.13,131.3495833333333,46.170833333333334,-65.69554,6.904882,53.492233,PM*,F4V
HD 74361, ,8,45,10.9,+,43,38,56,177,38,7.255,0.311,0.0,0.0,3.804,0.07,57,3.46,0.45,2.2,1.2,2.9,1.31,1.26,1.36,-15.1,0.4,0.6,2,659,0.338,16,-19,-43,2,17.4,0.9,8,-12,-14,8.045,0.036,7.4,8.33,0.06,0.1,131.29541666666665,43.64888888888889,-44.855057,2.3507583,35.092705,*,F5
HD 74546, ,8,45,31.2,+,28,26,43,196,36,7.343,0.295,2.645,-0.002,3.807,-0.39,63,3.34,0.92,3.0,2.4,3.5,1.21,1.14,1.26,5.8,0.4,0.1,2,721,0.897,10,-126,22,2,15.8,0.9,-29,8,-25,8.049,0.037,7.87,9.18,0.08,0.29,131.38,28.44527777777778,-48.993652,-14.048701,37.03047,PM*,F2
HD 74704, ,8,45,4.7,-,15,25,29,241,17,8.0,0.307,2.646,-0.004,3.802,-0.12,79,3.5,0.63,2.8,2.0,3.5,1.24,1.17,1.29,20.9,0.3,0.2,2,447,0.736,15,-55,-46,2,12.6,1.0,-12,-25,-20,8.037,0.023,6.85,8.04,0.08,0.18,131.26958333333332,-15.424722222222222,-36.62643,-66.075836,23.097364,PM*,F6V
HD 74868, ,8,44,50.7,-,44,32,33,264,-1,6.558,0.351,2.641,0.016,3.784,0.13,36,3.78,0.53,3.5,2.4,4.2,1.25,1.21,1.27,23.4,0.2,0.3,4,3699,0.306,8,-194,135,2,27.8,0.6,-41,-19,-12,8.004,-0.001,6.83,8.47,0.11,0.07,131.21124999999998,-44.5425,-3.7624469,-35.797337,-0.6282866,PM*,F9III-IV
HD 74894, ,8,46,15.0,-,19,9,21,244,15,8.727,0.281,2.68,0.018,3.816,-0.32,125,3.24,0.76,2.4,1.8,3.0,1.24,1.17,1.31,19.1,0.2,0.1,2,356,0.951,5,10,-14,2,5.1,1.2,1,-21,5,8.053,0.032,7.05,8.12,0.07,0.18,131.5625,-19.15583333333333,-52.92923,-108.52106,32.35238,*,F3IV/V
HD 75289, ,8,47,40.3,-,41,44,12,262,1,6.36,0.36,2.629,0.009,3.779,0.08,29,4.05,0.42,4.0,2.2,5.8,1.17,1.09,1.22,8.9,0.1,0.2,4,3986,0.542,4,-20,-228,1,34.5,0.6,21,-13,-21,8.004,0.001,7.06,8.59,0.1,0.22,131.91791666666663,-41.736666666666665,-4.03541,-28.713402,0.5061198,PM*,F9VFe+0.3
HD 75320, ,8,49,6.2,-,7,0,32,234,22,8.237,0.255,2.68,0.003,3.832,-0.32,173,2.05,1.62,1.6,1.3,1.8,1.55,1.47,1.66,3.6,0.3,0.1,2,1361,0.838,13,-21,15,2,4.5,1.2,-19,6,-6,8.094,0.065,8.03,8.94,0.05,0.07,132.2758333333333,-7.0088888888888885,-94.28244,-129.76857,64.80694,*,F0/2V
HD 75328, ,8,40,19.1,-,79,40,26,293,-22,8.09,0.365,2.609,0.008,3.769,-0.37,54,4.44,0.67,8.3,5.1,12.8,0.95,0.89,1.01,13.6,0.2,0.3,5,1013,0.538,4,144,-60,2,18.6,0.6,38,-8,17,7.981,-0.02,6.91,9.22,0.14,0.42,130.07958333333332,-79.6738888888889,19.563103,-46.08777,-20.228756,PM*,F8V
HD 75332, ,8,50,32.2,+,33,17,6,191,38,6.25,0.336,2.626,-0.014,3.789,0.14,29,3.96,0.22,2.6,0.0,4.1,1.22,1.18,1.26,4.2,0.4,0.0,1,0,0.0,9,-63,-84,1,34.9,0.9,-8,-11,-6,8.022,0.018,7.63,8.03,0.03,0.03,132.6341666666667,33.285,-22.432451,-4.360426,17.854183,PM*,F7Vs
HD 75370, ,9,2,42.8,+,82,44,41,130,31,6.988,0.277,0.0,0.0,3.82,-0.31,110,1.78,2.12,1.4,1.2,1.5,1.68,1.62,1.75,7.8,1.0,1.5,2,927,0.048,18,10,21,2,9.1,0.6,5,13,3,8.061,0.056,7.97,9.44,0.08,0.18,135.6783333333333,82.74472222222222,-60.60742,72.22911,56.654186,*,F0
HD 75487, ,8,53,5.9,+,59,3,22,157,39,6.25,0.263,2.677,-0.007,3.83,0.04,62,2.3,1.08,1.4,1.2,1.6,1.62,1.58,1.67,8.3,0.4,0.6,2,280,0.349,21,15,-2,1,16.2,0.7,-3,2,9,8.045,0.038,7.99,8.56,0.03,0.25,133.2745833333333,59.05611111111111,-44.352734,18.82662,39.017864,*,F5IV-V
HD 75554, ,8,52,39.9,+,49,56,41,169,40,7.95,0.279,0.0,0.0,3.819,-0.23,139,2.24,1.62,1.8,1.5,2.0,1.53,1.44,1.62,-10.7,0.4,0.2,2,713,0.666,12,7,3,1,7.2,0.9,11,0,-3,8.105,0.089,7.74,8.86,0.07,0.11,133.16625,49.94472222222222,-104.523834,20.317377,89.34747,*,F8
HD 75596, ,8,50,55.0,-,0,39,34,228,26,8.647,0.32,2.621,0.001,3.79,-0.53,74,4.3,0.46,3.5,0.0,7.3,1.02,0.96,1.08,36.2,0.1,0.4,10,3029,0.58,6,-174,-11,1,13.5,1.1,-59,-23,-32,8.044,0.032,6.44,8.91,0.16,0.44,132.72916666666666,-0.6594444444444445,-44.50439,-49.427116,32.439465,PM*,F6V
HD 75615, ,8,53,45.3,+,58,52,56,158,39,8.023,0.399,2.615,0.024,3.773,0.24,103,2.85,1.63,2.8,2.1,4.9,1.46,1.41,1.5,22.8,0.2,0.2,2,360,0.624,5,-27,-61,2,9.7,1.0,-33,-21,8,8.074,0.064,6.94,8.34,0.09,0.25,133.43874999999997,58.882222222222225,-74.21739,29.98578,64.82,PM*,F8
HD 75616, ,8,53,6.0,+,52,23,24,166,40,6.928,0.324,0.0,0.0,3.789,-0.31,36,4.17,0.43,4.8,1.2,7.1,1.05,1.0,1.12,-5.8,0.3,0.3,3,2247,0.646,11,-33,36,2,28.1,0.9,2,5,-8,8.027,0.023,7.92,8.82,0.05,0.03,133.27499999999998,52.39,-26.758429,6.671624,23.140352,*,F5
HD 75653, ,8,49,55.6,-,36,36,58,259,5,7.158,0.32,2.636,-0.003,3.794,-0.17,42,4.04,0.32,3.3,0.0,5.5,1.12,1.06,1.19,7.2,0.6,0.5,2,709,0.566,29,-112,27,2,23.8,0.7,-20,-4,-13,8.008,0.003,7.81,8.27,0.03,0.09,132.48166666666665,-36.61611111111111,-7.9834766,-41.07146,3.660541,PM*,F7V
HD 75719, ,8,51,43.4,+,1,30,44,226,27,8.908,0.341,2.632,0.014,3.781,-0.35,88,4.17,0.65,6.0,2.7,8.8,1.01,0.96,1.08,-18.0,0.9,0.0,1,0,0.0,18,-6,-21,2,11.3,1.4,14,5,-14,8.054,0.041,7.74,9.1,0.08,0.12,132.9308333333333,1.5122222222222221,-54.46717,-56.402412,39.951164,*,F6V
HD 75745, ,8,49,35.9,-,52,28,35,271,-5,9.462,0.377,2.565,0.0,3.758,-0.98,81,4.92,0.82,0.0,0.0,0.0,0.82,0.77,0.9,133.3,0.3,0.6,5,2335,0.079,4,-58,24,2,0.0,0.0,-21,-132,-23,7.999,-0.008,2.25,8.01,0.56,0.26,132.3995833333333,-52.47638888888889,1.4082584,-80.67948,-7.0596147,PM*,F8wF2
HD 75775, ,8,51,18.9,-,20,31,6,246,15,8.021,0.348,2.617,-0.006,3.783,-0.26,136,2.35,2.34,2.5,2.0,3.3,1.42,1.35,1.51,22.8,0.3,0.3,2,447,0.45,12,-3,10,2,7.2,1.1,-15,-17,8,8.054,0.035,7.35,8.07,0.05,0.23,132.82874999999999,-20.51833333333333,-53.431328,-120.00872,35.19939,*,F6V
HD 75786, ,8,51,43.5,-,9,7,31,236,22,8.146,0.285,2.667,0.01,3.813,-0.38,88,3.41,0.71,2.7,1.9,3.4,1.21,1.14,1.27,27.0,0.4,0.2,2,377,0.734,20,-39,-37,2,11.3,1.1,-16,-30,-11,8.046,0.033,6.61,8.06,0.1,0.06,132.93124999999998,-9.125277777777779,-45.625767,-67.64298,32.965378,PM*,F3V
HD 75881, ,8,52,20.4,-,12,48,31,239,20,6.832,0.356,2.609,-0.009,3.778,-0.16,51,3.28,1.44,4.7,4.3,5.4,1.2,1.15,1.26,7.9,0.2,0.1,5,2199,0.988,6,-27,-104,1,19.5,0.8,7,-21,-16,8.025,0.017,6.95,8.18,0.08,0.13,133.08499999999998,-12.808611111111112,-24.682863,-41.07916,17.443026,PM*,F8IV
HD 75908, ,8,49,37.6,-,62,30,30,279,-12,7.418,0.294,2.645,-0.005,3.807,-0.34,88,2.7,1.52,2.3,2.1,2.5,1.39,1.34,1.44,2.1,0.3,0.4,2,646,0.33,7,37,-46,2,11.4,0.6,25,1,0,7.987,-0.018,7.39,9.15,0.11,0.11,132.40666666666664,-62.50833333333333,13.465414,-85.017235,-18.29623,PM*,F3V
HD 76043, ,8,53,6.1,-,22,7,1,247,14,8.071,0.291,2.645,-0.01,3.809,-0.26,91,3.28,0.82,2.7,2.1,3.2,1.25,1.17,1.31,7.2,0.3,0.3,2,624,0.429,8,-45,-8,2,11.0,1.0,-13,-7,-15,8.034,0.022,7.9,8.07,0.01,0.12,133.27541666666664,-22.116944444444446,-34.50036,-81.27773,22.014893,*,F3V
HD 76102, ,8,53,36.3,-,17,21,33,244,17,7.354,0.309,2.657,0.008,3.802,-0.11,63,3.36,0.76,2.8,2.2,3.3,1.27,1.22,1.32,32.8,0.3,0.1,2,447,0.778,11,9,13,2,15.9,0.9,-15,-26,14,8.027,0.019,6.82,8.04,0.08,0.34,133.40124999999998,-17.359166666666667,-26.410622,-54.149826,18.419416,*,F7V
HD 76116, ,8,55,49.1,+,44,39,43,176,40,7.895,0.344,0.0,0.0,3.782,-0.29,78,3.45,1.29,5.6,4.6,6.7,1.11,1.06,1.18,-4.3,0.4,0.0,1,0,0.0,8,43,-56,1,12.9,1.0,12,-21,9,8.059,0.05,6.91,8.3,0.09,0.26,133.9545833333333,44.661944444444444,-59.605915,4.168051,50.137432,PM*,F8
HD 76188, ,8,51,27.7,-,61,21,46,278,-11,7.164,0.353,2.62,0.016,3.775,-0.47,56,3.4,1.65,6.2,5.4,7.0,1.07,1.04,1.11,12.7,0.2,0.2,4,3061,0.774,5,-200,155,2,17.7,0.5,-64,-18,-18,7.992,-0.011,6.46,9.09,0.17,0.17,132.86541666666665,-61.36277777777778,7.6505117,-54.436146,-10.685304,PM*,F7V
HD 76272, ,8,57,22.3,+,54,50,46,163,40,7.838,0.346,2.6,-0.011,3.777,-0.55,59,3.98,1.09,9.0,4.8,10.9,0.99,0.94,1.05,-4.8,0.2,0.2,3,374,0.818,3,-74,-1,2,16.9,0.9,-10,-1,-19,8.043,0.038,8.04,8.35,0.02,0.18,134.34291666666664,54.846111111111114,-43.22174,13.214219,37.924465,PM*,F8
HD 76300, ,8,54,1.1,-,35,39,1,258,6,7.398,0.338,2.62,-0.004,3.785,-0.4,79,2.9,1.87,3.8,3.4,4.4,1.2,1.15,1.33,9.8,0.2,0.3,2,499,0.317,4,-77,144,2,12.6,0.7,-60,5,13,8.016,0.008,7.2,9.85,0.16,0.35,133.50458333333333,-35.650277777777774,-16.335062,-76.85034,8.257749,PM*,F6V
HD 76318, ,8,56,10.3,+,26,21,39,199,38,8.252,0.233,2.723,0.0,3.843,-0.37,109,3.07,0.44,1.5,0.6,2.0,1.32,1.27,1.38,22.1,0.8,0.7,3,1030,0.76,35,-46,-17,2,9.2,1.1,-30,-13,-6,8.081,0.067,7.33,8.39,0.07,0.07,134.04291666666666,26.360833333333336,-81.21359,-27.964073,67.1071,*,F2V
HD 76333, ,8,56,13.5,+,24,26,51,202,37,6.745,0.253,2.686,0.001,3.834,-0.13,79,2.25,1.2,1.5,1.3,1.7,1.58,1.52,1.65,8.9,0.2,0.4,4,1531,0.22,12,108,-68,1,12.6,1.0,25,-29,31,8.058,0.048,6.47,8.49,0.14,0.73,134.05624999999998,24.4475,-58.498074,-23.63476,47.543385,PM*,F3V
HD 76350, ,8,56,4.4,+,15,43,25,212,35,7.963,0.314,2.655,0.015,3.8,-0.21,103,2.9,1.36,2.5,2.2,3.0,1.33,1.24,1.42,14.2,0.6,0.8,2,1075,0.119,12,1,-44,2,9.7,1.1,-3,-26,2,8.072,0.058,6.84,8.1,0.08,0.14,134.01833333333332,15.723611111111111,-71.55208,-44.7107,59.078373,*,F8
HD 76479, ,8,55,49.7,-,21,35,18,247,15,9.503,0.358,2.617,0.008,3.775,-0.37,183,3.19,1.78,5.3,4.1,6.8,1.1,1.04,1.19,0.3,0.3,0.1,2,1109,0.736,5,2,15,2,0.0,0.0,-8,6,9,8.068,0.048,8.06,8.82,0.05,0.27,133.9570833333333,-21.58833333333333,-69.067375,-162.7125,47.363884,*,F6V
HD 76601, ,8,57,10.5,-,1,21,4,230,27,8.81,0.365,2.619,0.018,3.772,-0.32,126,3.31,1.69,5.8,4.5,7.5,1.09,1.03,1.16,30.7,0.2,0.1,2,1113,0.972,3,-44,20,1,4.9,1.1,-41,-11,0,8.072,0.057,7.21,8.71,0.09,0.12,134.29374999999996,-1.3511111111111112,-72.16371,-86.00139,57.2028,*,F8V
HD 76653, ,8,55,11.7,-,54,57,56,273,-6,5.71,0.309,2.649,-0.004,3.802,0.0,24,3.8,0.22,2.1,0.0,3.5,1.22,1.17,1.28,-5.7,0.3,0.2,2,1506,0.627,12,25,-92,2,41.4,0.4,10,6,-4,7.999,-0.003,7.78,9.02,0.07,0.05,133.79874999999996,-54.96555555555556,1.2491868,-23.835815,-2.5086832,PM*,F6V
HD 76656, ,8,59,22.9,+,48,16,18,171,41,8.163,0.266,0.0,0.0,3.823,-0.35,120,2.76,1.12,2.1,1.8,2.4,1.35,1.27,1.43,22.7,0.9,0.0,1,0,0.0,15,-58,35,2,8.3,1.0,-37,24,-11,8.09,0.079,7.91,10.38,0.14,0.12,134.84541666666664,48.27166666666667,-89.45015,14.16751,78.72708,PM*,F5
HD 76735, ,8,57,58.5,-,4,51,33,233,25,6.68,0.254,2.672,-0.016,3.831,-0.18,53,3.06,0.5,1.7,1.1,2.2,1.37,1.31,1.42,-8.2,0.5,1.7,11,1870,0.067,55,-14,-37,1,18.9,1.2,7,-1,-11,8.029,0.023,7.75,8.64,0.05,0.05,134.49374999999998,-4.859166666666666,-28.907776,-38.3619,22.398767,PM*,F3V
HD 76766, ,8,58,56.3,+,25,55,32,200,38,7.963,0.337,2.638,0.008,3.787,-0.13,56,4.23,0.25,3.5,0.0,6.4,1.09,1.03,1.15,13.2,0.4,0.0,1,0,0.0,9,-60,9,2,17.9,1.2,-20,-1,-3,8.041,0.035,7.9,8.48,0.04,0.07,134.73458333333332,25.925555555555558,-41.467323,-15.092873,34.477043,PM*,F8V
HD 76910, ,8,59,5.9,-,0,37,25,229,28,8.492,0.299,2.628,-0.007,3.801,-0.66,79,4.01,0.61,3.2,0.0,5.6,1.06,1.0,1.12,20.3,0.2,0.6,7,4442,0.169,9,80,-4,1,12.7,1.2,8,-15,31,8.045,0.037,7.31,8.31,0.06,0.73,134.7745833333333,-0.6236111111111111,-45.761993,-52.643154,37.088253,PM*,F3V
HD 76913, ,8,58,13.1,-,30,58,0,255,10,8.186,0.235,2.688,-0.018,3.842,-0.07,101,3.16,0.1,0.6,0.0,1.5,1.4,1.34,1.46,30.7,0.6,0.3,3,401,0.933,27,-31,56,2,9.9,0.9,-37,-19,11,8.025,0.017,6.9,8.4,0.1,0.29,134.5545833333333,-30.966666666666665,-25.743582,-96.07638,17.538465,PM*,F2V
HD 77084, ,8,59,39.9,-,19,12,28,246,17,6.18,0.295,2.662,0.002,3.811,-0.04,40,3.2,0.66,2.2,1.6,2.7,1.35,1.3,1.39,20.3,1.1,1.6,2,342,0.053,30,-39,-98,2,25.3,0.8,-1,-26,-10,8.015,0.012,6.74,8.05,0.09,0.04,134.91624999999996,-19.20777777777778,-15.558567,-34.945114,11.694868,PM*,F5V
HD 77092, ,9,1,32.7,+,40,56,26,181,41,7.425,0.264,0.0,0.0,3.826,-0.12,80,2.91,0.7,1.8,1.4,2.2,1.41,1.35,1.46,-2.1,0.9,0.0,1,0,0.0,22,-47,-28,1,12.5,0.9,-10,-10,-15,8.06,0.053,7.77,8.06,0.02,0.12,135.38625,40.940555555555555,-60.367577,-1.0537192,52.484722,PM*,F5
HD 77134, ,9,0,21.6,-,9,7,24,237,23,7.8,0.35,2.61,0.003,3.776,-0.36,43,4.61,0.33,4.4,0.0,10.4,0.98,0.91,1.05,8.1,0.2,0.1,4,1035,0.926,5,83,-167,2,23.0,1.1,27,-29,-2,8.021,0.017,6.34,8.48,0.14,0.08,135.08999999999997,-9.123333333333333,-21.557747,-33.196014,16.80144,PM*,F8V
HD 77165, ,8,59,25.2,-,41,6,28,263,3,8.159,0.314,2.665,0.025,3.815,0.0,101,3.03,0.71,1.9,1.4,2.3,1.37,1.3,1.44,21.2,1.1,1.3,2,359,0.398,50,-34,38,2,5.0,0.8,-27,-18,1,8.012,0.006,7.1,8.19,0.07,0.12,134.85499999999996,-41.10777777777778,-12.291959,-100.10977,5.285932,*,F3/5V
HD 77246, ,9,11,12.6,+,80,49,44,132,32,6.362,0.254,0.0,0.0,3.834,-0.2,78,1.91,1.61,1.3,1.2,1.5,1.69,1.63,1.74,-4.4,1.1,2.4,5,1386,0.052,90,-20,-16,1,12.9,0.6,-5,-7,-5,8.044,0.041,7.85,8.11,0.02,0.05,137.8025,80.82888888888888,-44.26149,49.157352,41.333702,*,F2
HD 77408, ,9,3,15.7,+,32,52,53,192,41,7.03,0.327,2.623,-0.002,3.789,-0.43,50,3.52,1.18,5.7,3.5,6.8,1.09,1.04,1.17,72.5,0.1,0.4,8,1954,0.584,7,-420,-6,2,19.9,0.9,-120,-10,-27,8.037,0.033,5.86,11.42,0.32,0.4,135.81541666666666,32.88138888888889,-36.91087,-7.8456516,32.80295,PM*,F6IV
HD 77462, ,9,1,48.9,-,26,33,48,252,13,7.25,0.325,2.622,-0.011,3.791,-0.27,55,3.54,0.98,3.6,2.9,6.3,1.13,1.07,1.21,30.4,0.2,0.1,2,377,0.711,7,-261,288,2,18.1,1.2,-106,3,3,8.016,0.012,6.36,11.39,0.28,0.18,135.45374999999999,-26.563333333333333,-16.560337,-50.967453,12.372308,PM*,F7V
HD 77519, ,9,3,6.1,+,2,3,24,227,30,7.981,0.355,2.648,0.033,3.801,0.24,87,3.14,0.71,2.2,1.4,3.0,1.41,1.36,1.47,27.9,0.4,0.0,1,0,0.0,8,-94,-10,2,11.5,1.0,-40,-20,-17,8.051,0.043,6.84,8.48,0.11,0.15,135.77541666666667,2.0566666666666666,-51.38463,-55.103264,43.5,PM*,F7V
HD 77570, ,9,5,18.7,+,50,49,25,168,42,6.759,0.276,2.608,-0.095,3.822,0.04,52,3.2,0.35,1.4,0.6,2.1,1.39,1.34,1.43,18.2,1.3,2.7,4,834,0.011,35,-102,-70,1,19.4,0.9,-32,-13,-5,8.038,0.034,7.24,8.39,0.07,0.05,136.32791666666668,50.82361111111111,-37.79908,8.034439,34.794792,PM*,F2
HD 77724, ,9,9,8.6,+,72,18,17,141,36,7.569,0.325,0.0,0.0,3.794,-0.26,110,2.36,2.08,2.1,1.8,2.4,1.47,1.41,1.56,8.9,0.4,0.1,2,1072,0.838,13,-36,-47,2,9.1,0.8,-28,-16,0,8.069,0.065,7.22,8.28,0.07,0.12,137.28583333333333,72.30472222222222,-69.15966,56.004406,64.65638,PM*,F5
HD 77832, ,9,0,29.2,-,70,10,0,286,-16,8.561,0.282,2.675,0.006,3.817,-0.05,94,3.69,0.05,0.5,0.0,2.3,1.26,1.21,1.31,-0.2,1.3,1.9,2,1094,0.176,25,-14,30,2,10.6,0.8,-14,-5,3,7.976,-0.025,7.91,8.09,0.01,0.16,135.12166666666664,-70.16666666666667,24.90619,-86.85826,-25.909912,*,F5V
HD 77836, ,9,5,29.4,+,19,26,9,209,38,7.911,0.309,2.647,0.007,3.803,-0.25,128,2.37,1.86,2.1,1.8,2.4,1.46,1.37,1.56,-32.4,0.3,0.2,2,1075,0.575,8,37,-22,1,8.3,1.3,41,-1,-7,8.089,0.079,7.12,9.67,0.15,0.09,136.37249999999997,19.435833333333335,-88.21884,-48.900513,78.80467,*,F5
HD 77928, ,9,1,30.4,-,67,28,23,284,-14,9.915,0.351,0.0,0.0,3.774,-0.67,134,4.28,0.94,8.1,3.8,11.9,0.93,0.86,1.0,18.5,0.3,0.4,2,479,0.337,4,-57,5,2,0.0,0.0,-22,-17,-29,7.97,-0.032,7.18,8.07,0.06,0.35,135.37666666666667,-67.47305555555556,31.454601,-126.157486,-32.417534,PM*,F6V
HD 77947, ,9,6,34.9,+,34,53,25,189,42,8.764,0.343,2.624,0.008,3.782,-0.36,110,3.56,1.24,5.8,4.1,7.6,1.07,1.01,1.14,17.8,0.4,0.6,3,773,0.222,8,-64,-41,2,0.0,0.0,-34,-23,-15,8.081,0.073,6.82,8.34,0.1,0.14,136.64541666666662,34.890277777777776,-80.7395,-12.787874,73.60437,PM*,F8
HD 77967, ,9,6,51.2,+,38,16,42,185,42,6.616,0.302,2.631,-0.004,3.801,-0.54,41,3.57,0.95,3.5,2.8,5.5,1.13,1.06,1.18,-43.0,0.4,0.6,2,754,0.204,7,239,-17,2,24.6,0.9,63,-1,5,8.03,0.027,6.64,10.31,0.22,0.21,136.7133333333333,38.27833333333333,-30.352995,-2.655545,27.434355,PM*,F0
HD 77999, ,9,5,4.6,-,24,11,24,251,15,8.384,0.235,2.702,0.002,3.843,-0.16,114,3.11,0.21,1.1,0.0,1.7,1.38,1.32,1.45,4.1,0.7,0.2,2,0,0.806,25,-9,-24,2,8.8,1.0,4,-9,-10,8.036,0.03,7.57,8.29,0.05,0.05,136.26916666666668,-24.19,-35.850113,-104.11629,29.505371,*,F2/3V
HD 78091, ,9,6,45.7,+,15,12,58,214,37,7.868,0.306,2.657,0.007,3.804,-0.11,84,3.25,0.83,2.6,2.0,3.1,1.29,1.22,1.35,3.1,0.3,0.4,2,1467,0.316,8,10,-50,2,11.9,1.1,7,-19,-1,8.056,0.05,7.07,8.22,0.08,0.1,136.69041666666664,15.216111111111111,-55.616306,-37.513676,50.55246,PM*,F5V
HD 78138, ,9,7,44.1,+,37,4,27,186,42,8.181,0.309,2.639,-0.01,3.8,-0.14,68,4.0,0.2,2.3,0.0,4.4,1.15,1.09,1.21,15.4,1.3,1.9,3,3420,0.492,30,-58,-49,1,14.6,1.0,-23,-17,-5,8.05,0.046,7.24,8.18,0.06,0.06,136.93374999999997,37.07416666666667,-50.25702,-5.282224,45.50088,PM*,F5
HD 78156, ,9,6,58.9,+,8,19,44,221,34,7.878,0.303,2.63,-0.012,3.802,-0.5,112,2.62,1.85,2.4,2.0,3.7,1.32,1.19,1.42,-0.9,0.4,0.5,2,1079,0.385,8,20,-28,2,8.9,1.0,13,-12,2,8.07,0.063,7.31,8.49,0.07,0.15,136.74541666666664,8.328888888888889,-70.07645,-60.91654,62.629604,*,F0
HD 78252, ,9,7,53.6,+,22,27,23,205,39,7.997,0.277,2.658,-0.002,3.818,-0.39,130,2.43,1.59,2.0,1.7,2.3,1.41,1.32,1.52,6.4,0.5,0.8,2,1080,0.21,10,-62,19,1,7.7,1.0,-33,9,-21,8.091,0.083,7.85,9.37,0.09,0.25,136.97333333333333,22.45638888888889,-91.56335,-42.69669,81.81165,PM*,F2
HD 78255, ,9,7,16.7,+,2,34,53,227,31,6.658,0.278,2.67,0.0,3.82,-0.11,69,2.46,1.27,1.8,1.5,2.0,1.53,1.47,1.58,16.7,2.2,3.0,2,1079,0.02,35,14,15,1,14.5,0.9,-9,-7,14,8.04,0.036,7.96,8.05,0.01,0.34,136.81958333333333,2.5813888888888887,-40.336483,-43.25558,35.53763,*,F3V
HD 78274, ,9,10,58.7,+,67,27,53,146,38,7.702,0.305,2.64,-0.005,3.802,-0.26,72,3.4,0.86,3.1,2.5,3.6,1.22,1.14,1.27,14.0,0.4,0.6,2,488,0.218,11,-138,-155,2,13.8,0.8,-59,-42,-10,8.048,0.045,5.66,8.61,0.21,0.07,137.7445833333333,67.46472222222222,-47.036915,31.726809,44.32763,PM*,F5
HD 78301, ,9,7,37.5,+,7,29,5,222,34,8.05,0.286,2.66,-0.002,3.813,-0.22,114,2.77,1.21,2.2,1.9,2.6,1.37,1.28,1.46,-37.9,0.4,0.4,2,1081,0.521,11,27,-43,2,8.8,1.1,43,2,-19,8.07,0.063,7.13,9.82,0.16,0.21,136.90624999999997,7.4847222222222225,-70.23483,-63.23972,63.74799,*,F5
HD 78364, ,9,10,25.4,+,59,15,16,157,41,8.347,0.289,0.0,0.0,3.812,-0.09,96,3.43,0.45,2.2,1.1,2.9,1.28,1.22,1.34,-2.4,1.2,0.0,1,0,0.0,27,-76,1,1,10.4,1.1,-22,0,-27,8.067,0.063,7.91,8.6,0.04,0.33,137.6058333333333,59.254444444444445,-66.69253,28.3093,62.981667,PM*,F5
HD 78388, ,9,9,52.4,+,49,49,55,169,42,7.592,0.231,0.0,0.0,3.85,0.06,112,2.34,0.69,1.0,0.8,1.3,1.61,1.54,1.7,-3.2,1.5,3.2,5,12,0.054,40,-27,-32,2,8.9,1.0,-9,-17,-11,8.081,0.076,7.36,8.08,0.05,0.09,137.4683333333333,49.831944444444446,-81.703,15.881456,74.94263,*,F0III
HD 78413, ,9,10,13.2,+,54,58,43,162,42,7.768,0.318,2.62,-0.008,3.792,-0.51,63,3.76,0.94,4.2,3.0,6.8,1.07,1.02,1.13,40.9,0.4,0.6,2,754,0.209,4,-183,-32,2,15.8,0.9,-68,0,-11,8.045,0.042,6.97,9.89,0.17,0.09,137.55499999999995,54.978611111111114,-44.52668,14.467597,42.155228,PM*,F5
HD 78543, ,9,7,44.7,-,34,7,20,259,9,8.025,0.292,2.663,-0.001,3.814,0.04,87,3.33,0.39,1.8,0.7,2.5,1.34,1.29,1.4,16.0,1.5,2.0,2,354,0.035,30,-40,26,2,11.5,0.8,-22,-13,-3,8.016,0.014,7.44,8.15,0.05,0.06,136.93625,-34.12222222222222,-16.395992,-84.350136,13.609799,*,F3V
HD 78737, ,9,9,3.3,-,27,1,49,254,14,8.928,0.292,2.637,-0.003,3.806,-0.64,140,3.2,1.29,3.1,2.4,4.9,1.14,1.08,1.22,-27.1,0.3,0.1,2,367,0.849,5,69,-10,2,6.5,1.1,43,22,23,8.038,0.034,7.45,11.01,0.19,0.63,137.26375,-27.030277777777776,-37.442944,-130.57915,33.869064,PM*,F3V
HD 78820, ,9,13,42.1,+,65,47,48,148,39,7.487,0.297,0.0,0.0,3.808,-0.2,88,2.75,1.32,2.2,2.0,2.5,1.4,1.34,1.46,1.1,0.4,0.9,4,834,0.299,19,-36,16,2,11.3,0.8,-9,6,-12,8.059,0.056,8.06,8.82,0.05,0.1,138.42541666666665,65.79666666666667,-57.99703,36.240578,55.380196,*,F2
HD 78971, ,9,11,4.7,-,1,32,57,232,30,8.224,0.339,2.608,-0.022,3.791,0.13,136,2.56,1.58,2.1,1.7,2.4,1.51,1.42,1.62,-16.5,0.4,0.6,2,354,0.182,16,-43,-26,1,5.0,1.1,-2,-1,-36,8.073,0.068,7.97,8.51,0.03,0.51,137.76958333333332,-1.5491666666666666,-72.512276,-92.81147,68.0,PM*,F7V
HD 79337, ,9,10,7.7,-,65,29,22,283,-12,7.295,0.275,2.679,0.009,3.821,-0.14,78,2.85,0.88,2.0,1.6,2.3,1.41,1.37,1.46,16.5,0.3,0.1,2,355,0.814,20,-28,60,2,12.9,0.6,-19,-22,4,7.984,-0.016,6.96,8.03,0.07,0.16,137.5320833333333,-65.48944444444444,17.16277,-74.340065,-16.217113,PM*,F3V
HD 79392, ,9,14,57.8,+,38,36,33,184,44,6.752,0.246,0.0,0.0,3.833,-0.41,51,3.24,0.49,1.8,0.9,2.5,1.28,1.23,1.33,36.4,0.8,1.0,3,698,0.604,24,-135,78,1,19.8,1.0,-49,16,2,8.036,0.035,7.6,10.15,0.14,0.16,138.74083333333328,38.60916666666667,-36.596962,-2.5591063,35.427578,PM*,F2
HD 79499, ,9,14,57.8,+,16,0,16,214,39,8.316,0.303,2.656,0.01,3.806,-0.24,133,2.7,1.45,2.3,2.0,2.7,1.38,1.28,1.47,2.0,1.4,0.4,2,1428,0.84,50,-4,-11,1,3.2,1.1,-1,-7,-2,8.086,0.083,7.81,8.27,0.03,0.11,138.74083333333328,16.004444444444445,-85.68966,-57.798416,83.69961,*,F5
HD 79550, ,9,10,12.4,-,71,58,44,288,-16,8.377,0.301,2.668,0.019,3.807,-0.22,156,2.41,1.7,2.0,1.7,2.3,1.48,1.4,1.56,29.8,0.7,0.9,2,356,0.058,15,21,-35,2,6.4,0.7,36,-18,-13,7.955,-0.043,6.55,8.82,0.15,0.1,137.55166666666662,-71.97888888888889,46.339226,-142.6174,-42.999428,*,F5IV
HD 79678, ,9,16,8.9,+,26,28,4,201,42,8.558,0.304,2.649,0.004,3.8,-0.37,94,3.68,0.72,3.4,2.4,4.7,1.13,1.06,1.19,-1.0,0.7,0.0,1,0,0.0,11,-40,31,2,10.6,1.1,-15,14,-11,8.065,0.064,8.06,9.35,0.07,0.09,139.03708333333333,26.467777777777776,-65.215836,-25.034008,62.898277,PM*,F8
HD 79743, ,9,11,47.8,-,69,12,12,286,-14,7.444,0.307,2.654,0.005,3.807,-0.02,130,1.88,2.05,1.4,1.2,1.6,1.74,1.66,1.81,27.7,0.2,0.1,2,356,0.827,11,-18,2,2,7.7,0.6,-1,-26,-14,7.966,-0.032,6.7,8.0,0.09,0.1,137.94916666666666,-69.20333333333333,34.768448,-121.25206,-31.449848,*,F5V
HD 79915, ,9,16,10.0,-,21,11,50,250,19,7.731,0.275,2.671,0.001,3.819,-0.23,69,3.52,0.34,2.0,0.5,3.0,1.25,1.19,1.3,33.5,0.6,0.9,2,1087,0.068,13,-112,15,2,14.4,0.8,-40,-28,-12,8.022,0.023,6.47,8.34,0.13,0.08,139.04166666666666,-21.197222222222223,-22.313658,-61.306282,22.464201,PM*,F3V
HD 79966, ,9,14,0.0,-,64,11,49,282,-11,8.892,0.316,2.633,0.005,3.794,-0.55,104,3.8,0.89,4.2,2.8,6.3,1.06,1.01,1.13,51.7,0.4,0.1,2,1014,0.864,10,6,-9,3,9.6,0.8,15,-49,-10,7.979,-0.019,5.51,8.12,0.19,0.05,138.49999999999997,-64.19694444444445,21.225521,-99.85834,-19.844135,*,F5V
HD 80042, ,9,20,16.2,+,62,29,56,152,41,8.537,0.331,2.613,-0.004,3.785,-0.45,85,3.88,0.93,5.5,3.4,8.3,1.04,0.98,1.1,13.9,0.3,0.2,2,721,0.658,7,60,-71,2,11.7,1.1,1,-21,34,8.057,0.056,7.15,8.13,0.06,0.79,140.0675,62.49888888888889,-56.641365,30.116749,55.76502,PM*,F8
HD 80218, ,9,18,58.8,+,17,42,19,212,40,6.613,0.336,2.619,-0.004,3.785,-0.36,39,3.65,1.08,6.4,4.0,7.6,1.08,1.03,1.14,-14.6,0.3,0.1,2,719,0.906,6,-131,-131,0,25.5,1.0,0,-17,-33,8.025,0.025,7.31,8.1,0.05,0.43,139.745,17.705277777777777,-25.336058,-15.831726,25.068716,PM*,F5
HD 80263, ,9,18,8.9,-,22,40,31,252,18,8.105,0.285,2.659,-0.003,3.813,-0.26,88,3.39,0.62,2.6,1.8,3.2,1.24,1.18,1.3,28.5,1.3,1.8,2,624,0.16,29,-106,6,2,11.4,0.9,-41,-25,-20,8.026,0.028,6.59,8.41,0.12,0.2,139.53708333333333,-22.67527777777778,-25.862564,-79.59675,27.193497,PM*,F3V
HD 80509, ,9,21,11.8,+,34,56,51,189,45,7.449,0.313,2.625,-0.001,3.794,-0.58,53,3.81,0.9,4.2,2.9,6.0,1.06,1.01,1.12,-34.2,0.3,0.3,3,374,0.724,5,-194,4,2,18.7,1.0,-11,4,-59,8.037,0.038,7.99,8.91,0.05,1.11,140.29916666666662,34.9475,-37.01526,-5.862638,37.476658,PM*,F5
HD 80654, ,9,21,18.5,+,13,6,41,218,39,6.669,0.315,2.652,0.005,3.8,-0.02,45,3.39,0.69,2.7,2.0,3.2,1.29,1.25,1.33,-9.4,0.6,0.0,1,0,0.0,16,-38,-81,1,22.1,0.9,6,-11,-17,8.028,0.029,7.45,8.29,0.05,0.15,140.3270833333333,13.111388888888888,-27.557976,-21.530645,28.319418,PM*,F8V
HD 80670, ,9,17,45.1,-,66,41,27,284,-12,8.457,0.332,2.647,0.023,3.805,-0.05,149,2.49,1.51,2.0,1.6,2.3,1.48,1.4,1.59,27.0,1.8,2.5,2,356,0.284,60,-23,14,2,4.4,0.8,-12,-29,-10,7.965,-0.031,6.58,7.97,0.1,0.05,139.43791666666667,-66.69083333333333,35.258675,-141.41478,-30.978844,*,F5IV
HD 80685, ,9,20,46.5,-,13,48,27,245,25,8.15,0.295,2.649,-0.02,3.812,0.16,78,3.7,-0.04,0.0,0.0,1.9,1.32,1.26,1.37,34.9,0.2,0.3,4,531,0.655,8,-97,48,1,12.9,1.0,-49,-19,0,8.03,0.032,6.71,8.7,0.13,0.11,140.19375,-13.807500000000001,-29.875725,-64.06871,32.964226,PM*,F5/6V
HD 80719, ,9,20,55.4,-,15,37,4,246,23,6.31,0.307,2.65,0.004,3.803,-0.19,48,2.89,1.29,2.5,2.2,2.7,1.38,1.33,1.42,8.5,0.3,0.2,2,446,0.624,9,69,-106,2,20.7,0.8,22,-20,1,8.018,0.019,6.76,8.49,0.11,0.12,140.23083333333332,-15.617777777777778,-17.971348,-40.364307,18.755095,PM*,F6V
HD 80743, ,9,22,49.2,+,42,12,8,179,45,8.762,0.326,2.623,0.003,3.788,-0.49,90,3.99,0.78,5.1,2.7,7.5,1.03,0.98,1.1,-28.6,0.3,0.6,3,410,0.293,5,78,-38,1,11.1,1.2,44,-15,3,8.063,0.064,6.61,9.24,0.17,0.19,140.705,42.202222222222225,-63.629917,1.1106676,63.63961,PM*,F5V
HD 80913, ,9,12,25.0,-,81,46,6,296,-22,7.492,0.344,2.624,0.032,3.794,-0.49,64,3.32,1.32,4.9,3.0,5.8,1.12,1.08,1.22,-58.2,0.2,0.3,4,4544,0.463,4,-83,23,2,15.6,0.6,-44,46,7,7.974,-0.024,7.8,12.14,0.22,0.27,138.10416666666663,-81.76833333333333,26.01283,-53.334232,-23.974821,PM*,F6V
HD 81117, ,9,21,56.9,-,50,1,31,272,0,9.664,0.365,0.0,0.0,3.768,-0.51,116,4.34,0.9,9.4,5.0,13.5,0.92,0.85,1.0,16.2,0.3,0.4,2,737,0.216,4,-25,37,2,0.0,0.0,-23,-17,4,7.995,0.0,7.18,8.12,0.06,0.17,140.48708333333332,-50.025277777777774,4.04832,-115.92934,0.0,*,F7V(w)
HD 81178, ,9,19,50.4,-,71,0,33,287,-15,7.987,0.261,2.671,-0.006,3.832,-0.18,164,1.91,1.63,1.4,1.2,1.6,1.66,1.56,1.76,11.2,0.3,0.4,2,789,0.246,12,1,-33,2,6.1,0.7,20,0,-19,7.953,-0.042,7.41,8.91,0.09,0.2,139.95999999999998,-71.00916666666667,46.315098,-151.49,-42.446323,*,F2III
HD 81246, ,9,25,38.9,+,37,53,20,185,46,8.224,0.326,2.646,0.008,3.795,-0.05,78,3.78,0.44,3.2,1.6,4.3,1.19,1.13,1.25,21.2,0.3,0.1,2,1464,0.987,3,-91,-41,2,12.9,1.0,-38,-18,-8,8.054,0.056,6.98,8.46,0.1,0.06,141.4120833333333,37.888888888888886,-53.97717,-4.722394,56.108505,PM*,F5
HD 81298, ,9,25,45.3,+,35,16,7,189,46,8.382,0.294,2.662,0.002,3.81,-0.11,69,4.17,-0.22,0.0,0.0,2.1,1.17,1.11,1.22,3.9,0.8,0.0,1,0,0.0,18,-40,-48,3,14.4,1.4,-11,-17,-7,8.048,0.05,7.35,8.05,0.05,0.05,141.43874999999997,35.26861111111111,-47.341316,-7.498124,49.634445,PM*,F5
HD 81342, ,9,24,53.2,-,4,16,58,237,31,6.921,0.273,2.655,-0.019,3.822,-0.11,70,2.68,1.0,1.8,1.5,2.1,1.46,1.41,1.52,-5.4,1.0,0.4,2,1103,0.786,35,-16,-44,1,14.2,0.9,6,-7,-14,8.033,0.036,7.62,8.4,0.05,0.1,141.22166666666666,-4.282777777777778,-32.67928,-50.32167,36.052666,*,F3III/IV
HD 81409, ,9,24,59.9,-,17,13,7,248,23,7.284,0.227,2.709,0.001,3.856,0.25,138,1.58,1.2,0.9,0.7,1.1,1.93,1.82,2.07,44.8,1.6,3.1,4,1006,0.16,80,-12,-5,2,6.6,0.9,-19,-40,10,8.047,0.054,6.06,8.07,0.14,0.27,141.2495833333333,-17.21861111111111,-47.586178,-117.77985,53.920895,*,F3III
HD 81437, ,9,36,57.6,+,82,55,31,129,32,7.02,0.282,0.0,0.0,3.821,-0.03,118,1.67,1.96,1.2,1.1,1.3,1.82,1.75,1.89,7.7,5.4,0.0,1,0,0.0,29,-11,-7,2,8.5,0.6,-10,2,2,8.063,0.062,8.06,8.52,0.03,0.16,144.23999999999998,82.92527777777778,-62.97588,77.768745,62.53047,*,F5
HD 81464, ,9,25,35.9,-,5,52,36,239,30,7.494,0.328,2.65,0.017,3.795,-0.07,91,2.7,1.54,2.3,2.0,2.7,1.42,1.33,1.51,29.5,1.2,1.7,2,358,0.319,45,-16,4,2,6.7,1.0,-19,-20,11,8.041,0.046,7.11,8.1,0.06,0.29,141.3995833333333,-5.876666666666667,-40.5893,-67.551895,45.5,*,F3/5V
HD 81517, ,9,24,27.2,-,48,39,13,272,1,8.953,0.338,2.614,-0.023,3.787,-0.21,177,2.71,1.85,2.6,2.2,3.9,1.38,1.26,1.47,35.2,0.7,1.6,5,3343,0.381,50,-35,11,2,3.6,0.9,-27,-36,-13,7.995,0.004,6.17,8.08,0.13,0.08,141.11333333333332,-48.65361111111111,6.1762366,-176.86523,3.0890758,*,F6III/IV
HD 81548, ,9,26,27.4,+,2,30,22,230,35,8.385,0.316,2.637,-0.005,3.798,-0.12,109,3.2,1.02,2.7,2.2,3.3,1.26,1.16,1.35,25.3,0.4,0.4,2,717,0.477,12,-50,-15,2,6.8,1.2,-28,-23,-7,8.057,0.063,6.87,8.22,0.09,0.06,141.61416666666665,2.506111111111111,-57.392937,-68.39826,62.519833,PM*,F5V
HD 81764, ,9,27,32.5,-,3,47,51,237,32,7.906,0.327,2.649,0.02,3.805,-0.07,130,2.25,1.77,1.8,1.5,2.1,1.56,1.46,1.66,5.9,0.2,0.2,2,500,0.554,6,8,19,1,7.7,1.0,-5,4,12,8.06,0.069,8.04,8.75,0.04,0.32,141.88541666666663,-3.7975,-60.044422,-92.46029,68.8895,*,F5V
HD 81863, ,9,27,53.9,-,14,52,5,247,25,7.434,0.334,2.639,0.012,3.791,-0.14,105,2.32,2.08,2.0,1.7,2.3,1.52,1.43,1.61,1.4,0.4,0.6,3,3039,0.379,22,22,-75,2,9.5,0.9,29,-22,-13,8.037,0.045,6.58,8.65,0.14,0.1,141.97458333333333,-14.868055555555555,-37.182888,-87.59737,44.37492,PM*,F7/8III
HD 81881, ,9,24,57.3,-,67,55,17,285,-12,7.728,0.297,2.633,-0.018,3.806,-0.43,88,2.99,1.33,2.7,2.3,4.1,1.29,1.21,1.34,8.8,0.2,0.2,2,648,0.491,6,-51,116,2,11.3,0.6,-45,-24,17,7.977,-0.019,6.56,8.46,0.13,0.4,141.23875,-67.9213888888889,22.278358,-83.14398,-18.29623,PM*,F3V
HD 82089, ,9,29,52.4,+,2,11,57,231,36,8.392,0.309,2.626,-0.006,3.797,-0.51,92,3.57,1.02,3.7,2.6,5.9,1.1,1.04,1.17,-36.5,0.6,0.8,2,717,0.225,13,-25,5,1,6.9,1.1,10,24,-28,8.047,0.054,7.94,10.3,0.13,0.38,142.4683333333333,2.1991666666666663,-46.840042,-57.842636,54.07624,*,F5/6V
HD 82140, ,9,30,35.2,+,15,15,36,217,42,8.365,0.408,2.579,0.0,3.75,-0.23,59,4.5,0.92,14.4,10.5,0.0,0.9,0.86,0.96,9.3,0.2,0.4,3,111,0.329,1,-87,-47,1,16.9,1.1,-19,-17,-14,8.035,0.04,7.27,8.09,0.05,0.11,142.64666666666665,15.26,-35.01661,-26.386906,39.478706,PM*,F8
HD 82164, ,9,29,28.7,-,34,1,47,262,12,7.619,0.329,2.613,-0.021,3.789,-0.25,69,3.41,1.14,5.0,2.9,5.9,1.16,1.1,1.24,12.3,0.3,0.2,2,678,0.602,6,9,-32,2,14.4,0.9,8,-14,-3,8.009,0.015,7.25,8.24,0.06,0.07,142.36958333333328,-34.02972222222222,-9.393107,-66.83536,14.345907,*,F8V
HD 82189, ,9,34,53.5,+,72,12,20,140,38,5.774,0.329,0.0,0.0,3.797,0.1,50,2.29,1.74,1.7,1.6,1.8,1.64,1.61,1.68,-37.7,0.4,0.6,2,1072,0.26,17,72,-75,2,20.1,0.6,30,-33,-4,8.03,0.03,6.11,8.5,0.16,0.05,143.72291666666663,72.20555555555556,-30.182564,25.32618,30.783075,PM*,F7V
HD 82563, ,9,31,28.2,-,41,54,15,268,7,8.156,0.244,2.698,0.002,3.843,0.15,152,2.25,0.81,1.0,0.9,1.2,1.66,1.57,1.77,46.5,0.4,0.4,2,790,0.414,22,-27,15,2,6.6,0.8,-24,-45,1,8.006,0.018,5.74,8.06,0.17,0.12,142.8675,-41.90416666666667,-5.2652235,-150.77512,18.524141,*,F2/3V
HD 82602, ,9,37,9.3,+,72,4,49,140,38,7.426,0.307,0.0,0.0,3.803,0.02,55,3.71,0.27,2.0,0.0,3.3,1.25,1.2,1.3,10.9,0.7,0.0,1,0,0.0,20,-127,-96,2,18.1,0.7,-39,-18,-5,8.033,0.034,6.91,8.45,0.1,0.05,144.28875,72.08027777777778,-33.200817,27.858797,33.86138,PM*,F5
HD 82649, ,9,33,59.7,+,27,21,11,201,46,7.626,0.29,2.661,0.002,3.81,-0.23,70,3.39,0.67,2.7,2.0,3.3,1.25,1.18,1.3,33.0,0.6,0.0,1,0,0.0,12,-22,31,1,14.2,1.0,-29,1,20,8.045,0.051,7.78,8.84,0.06,0.49,143.49875,27.353055555555557,-45.396366,-17.42603,50.353786,*,F5
HD 82690, ,9,32,55.6,-,22,31,18,254,21,7.983,0.307,2.646,-0.002,3.803,-0.14,116,2.66,1.47,2.2,1.9,2.5,1.43,1.36,1.51,2.4,0.3,0.4,2,378,0.315,10,-59,21,2,8.6,0.9,-32,1,-13,8.03,0.042,7.7,8.84,0.07,0.11,143.23166666666665,-22.521666666666665,-29.850222,-104.10015,41.570683,PM*,F5V
HD 82703, ,9,36,6.0,+,61,15,12,153,43,8.357,0.283,0.0,0.0,3.813,-0.42,95,3.46,0.69,2.7,1.8,3.5,1.19,1.12,1.25,-33.7,1.1,0.0,1,0,0.0,18,37,-49,3,10.5,1.1,30,-31,-5,8.062,0.065,6.22,8.57,0.16,0.08,144.02499999999998,61.25333333333333,-61.90588,31.54263,64.78984,PM*,F5
HD 82795, ,9,34,14.6,-,3,9,27,237,34,8.26,0.327,2.627,-0.002,3.79,-0.33,92,3.45,1.14,5.0,2.9,6.3,1.13,1.06,1.2,-11.2,0.2,0.3,3,1810,0.59,8,80,-61,2,10.9,1.1,44,-9,4,8.041,0.051,6.79,9.41,0.16,0.2,143.56083333333333,-3.1574999999999998,-41.54042,-63.96663,51.445747,PM*,F7V
HD 82839, ,9,38,17.0,+,70,15,57,142,39,6.985,0.264,2.662,-0.013,3.829,-0.19,130,1.42,2.19,1.1,1.0,1.3,1.84,1.73,1.92,-3.8,0.9,2.0,5,1386,0.256,70,4,0,1,7.7,0.7,4,-2,-1,8.079,0.082,7.84,8.57,0.04,0.13,144.5708333333333,70.26583333333333,-79.61192,62.19965,81.81165,*,F2
HD 82864, ,9,35,28.7,+,31,4,54,195,47,8.027,0.298,2.654,-0.002,3.806,-0.16,66,3.92,0.16,1.7,0.0,3.8,1.18,1.12,1.23,27.9,1.0,0.0,1,0,0.0,25,-87,-35,2,15.1,1.2,-37,-18,1,8.043,0.049,6.99,8.43,0.09,0.13,143.8695833333333,31.081666666666667,-43.478146,-11.649936,48.269344,PM*,F5
HD 82881, ,9,37,34.5,+,64,24,30,149,42,8.309,0.387,0.0,0.0,3.763,0.05,57,4.54,0.35,6.3,1.0,10.4,1.03,0.97,1.1,23.8,0.2,0.4,3,2201,0.346,3,-104,-111,2,17.6,1.0,-42,-20,7,8.036,0.038,6.78,8.51,0.11,0.23,144.39374999999998,64.40833333333335,-36.308968,21.816628,38.140446,PM*,F8
HD 82895, ,9,33,57.6,-,31,56,27,261,15,7.554,0.283,2.659,-0.005,3.813,-0.26,64,3.52,0.49,2.6,1.5,3.4,1.22,1.17,1.28,6.2,0.6,0.8,2,1086,0.047,11,-130,116,2,15.6,0.9,-53,3,-1,8.009,0.016,7.27,9.49,0.13,0.1,143.48999999999998,-31.940833333333334,-9.670664,-61.05815,16.564419,PM*,F3V
HD 82943, ,9,34,50.7,-,12,7,46,246,28,6.549,0.386,2.614,0.004,3.769,0.27,27,4.35,0.19,3.5,0.0,7.2,1.13,1.12,1.15,8.1,0.1,0.2,4,3713,0.515,3,2,-173,2,36.4,0.8,10,-20,-9,8.01,0.013,6.95,8.23,0.08,0.03,143.71124999999998,-12.129444444444445,-9.696432,-21.778543,12.675733,PM*,F9VFe+0.5
HD 83064, ,9,30,55.1,-,74,46,11,291,-17,8.216,0.334,2.631,0.003,3.793,-0.08,158,2.22,2.08,1.9,1.6,2.3,1.55,1.44,1.66,6.3,0.3,0.5,2,353,0.147,7,7,2,2,4.9,0.7,5,-6,3,7.946,-0.046,7.58,8.29,0.04,0.16,142.7295833333333,-74.76972222222223,54.147995,-141.06041,-46.19473,*,F6/7V
HD 83108, ,9,35,11.8,-,35,49,25,264,12,6.48,0.271,2.681,0.004,3.826,0.04,63,2.47,0.99,1.5,1.2,1.7,1.57,1.53,1.61,12.7,0.3,0.1,2,347,0.961,12,-74,-3,1,15.8,0.7,-17,-14,-13,8.006,0.013,7.43,8.06,0.04,0.08,143.79916666666665,-35.82361111111111,-6.4413805,-61.28572,13.098437,PM*,F5V
HD 83170, ,9,34,45.2,-,52,1,41,275,0,7.354,0.276,2.674,0.008,3.819,-0.32,75,2.97,0.96,2.3,1.9,2.7,1.33,1.28,1.38,13.7,0.6,0.6,2,1086,0.438,20,-43,36,2,13.3,0.6,-19,-15,-1,7.993,0.0,7.32,8.06,0.05,0.09,143.68833333333333,-52.028055555555554,6.53668,-74.71461,0.0,PM*,F2V
HD 83186, ,9,40,34.8,+,71,45,19,140,38,7.464,0.344,0.0,0.0,3.78,-0.37,56,3.72,1.14,7.2,5.9,8.4,1.06,1.0,1.11,-28.2,0.2,0.4,3,743,0.37,6,-228,-59,2,17.8,0.7,-33,-33,-51,8.034,0.035,6.44,8.22,0.12,0.87,145.14499999999995,71.75527777777778,-33.804474,28.365322,34.477043,PM*,F9V
HD 83201, ,9,34,58.6,-,51,54,7,275,0,8.856,0.356,2.648,0.044,3.804,0.04,166,2.57,1.37,1.9,1.6,2.3,1.49,1.4,1.59,9.9,1.1,1.0,2,367,0.529,40,-16,22,2,2.6,0.9,-20,-11,4,7.985,0.0,7.51,8.11,0.04,0.17,143.74416666666664,-51.901944444444446,14.467853,-165.36832,0.0,*,F5IV
HD 83342, ,9,38,13.3,+,23,32,48,206,46,7.882,0.31,2.644,0.002,3.8,-0.24,75,3.52,0.77,3.2,2.5,4.0,1.19,1.11,1.25,-6.6,0.5,0.0,1,0,0.0,8,-64,-42,1,13.4,1.1,-9,-14,-23,8.046,0.054,7.53,8.05,0.03,0.24,144.55541666666664,23.546666666666667,-46.82662,-22.838861,53.950485,PM*,F5
HD 83396, ,9,38,35.4,+,23,2,54,207,46,8.141,0.306,2.632,0.002,3.798,-0.59,93,3.29,1.34,4.6,2.8,5.7,1.12,1.07,1.2,-21.8,0.3,0.5,4,407,0.504,10,-76,-109,1,10.7,1.1,1,-41,-47,8.057,0.068,6.1,8.1,0.14,0.77,144.64749999999998,23.048333333333336,-57.5619,-29.329258,66.8986,PM*,F5
HD 83451, ,9,39,28.0,+,35,14,35,189,49,7.127,0.339,2.618,-0.007,3.785,-0.15,49,3.7,0.85,3.8,3.2,6.1,1.12,1.07,1.21,-31.6,0.4,0.0,1,0,0.0,4,-66,2,2,20.6,0.9,9,3,-34,8.032,0.036,7.78,8.9,0.07,0.46,144.86666666666665,35.24305555555556,-31.751112,-5.0288796,36.98077,PM*,F5
HD 83525, ,9,39,57.8,+,35,20,9,189,49,6.89,0.334,2.64,0.013,3.788,-0.23,48,3.47,1.08,5.3,2.9,6.2,1.15,1.09,1.24,5.3,0.3,0.1,2,352,0.935,10,-68,3,2,20.7,0.8,-15,-1,-6,8.031,0.036,7.98,8.34,0.02,0.04,144.9908333333333,35.33583333333333,-31.10313,-4.926249,36.22606,PM*,F5
HD 83532, ,9,35,3.8,-,71,35,32,289,-14,9.239,0.331,2.637,0.03,3.801,-0.54,118,3.75,0.77,3.5,2.0,5.2,1.09,1.03,1.16,11.2,0.4,0.5,2,476,0.238,8,17,-46,2,0.0,0.0,26,0,-14,7.963,-0.029,7.31,9.1,0.11,0.12,143.76583333333335,-71.59222222222222,37.275894,-108.25705,-28.546783,PM*,F5V
HD 83683, ,9,40,35.2,+,13,3,13,221,43,6.97,0.323,2.625,-0.008,3.792,-0.32,42,3.85,0.69,4.1,2.9,5.6,1.09,1.04,1.16,-24.5,0.5,0.0,1,0,0.0,7,25,-114,1,23.8,1.0,26,-8,-21,8.023,0.029,7.16,8.88,0.11,0.21,145.14666666666665,13.053611111111111,-23.182304,-20.152073,28.643929,PM*,F8
HD 83712, ,9,40,2.7,-,12,59,50,248,29,7.05,0.3,2.654,0.0,3.805,-0.18,52,3.48,0.64,2.9,2.1,3.5,1.24,1.18,1.29,6.7,0.8,1.1,2,442,0.011,12,-109,-7,2,19.3,0.9,-21,-8,-15,8.017,0.025,7.64,8.22,0.04,0.12,145.01124999999996,-12.997222222222222,-17.0372,-42.168526,25.2101,PM*,F8IV/V
HD 83921, ,9,42,31.2,+,35,0,30,190,49,8.256,0.366,2.617,0.005,3.774,-0.07,76,3.84,0.89,6.2,3.6,8.1,1.1,1.05,1.16,-13.6,0.4,0.5,2,1463,0.182,4,0,-43,3,13.1,1.1,11,-14,-11,8.049,0.058,7.26,8.37,0.07,0.08,145.62999999999997,35.00833333333333,-49.102993,-8.658185,57.35793,*,F8
HD 83951, ,9,42,42.7,+,35,5,36,190,49,6.14,0.244,2.696,0.001,3.84,0.0,53,2.51,0.72,1.3,1.0,1.6,1.56,1.52,1.61,-7.0,0.6,0.1,2,49,0.914,20,-21,-51,1,18.8,0.8,2,-13,-9,8.034,0.04,7.45,8.19,0.05,0.05,145.67791666666665,35.093333333333334,-34.242878,-6.0379453,39.999607,PM*,F3V
HD 84012, ,9,41,10.4,-,36,53,25,266,12,8.794,0.365,2.636,0.026,3.791,0.17,122,3.25,0.86,2.5,2.0,3.0,1.34,1.27,1.41,-6.6,0.2,0.1,2,1083,0.768,9,41,-36,2,0.0,0.0,32,4,-1,8.009,0.025,7.31,9.5,0.13,0.11,145.29333333333332,-36.890277777777776,-8.324327,-119.04331,25.365227,PM*,F7V
HD 84078, ,9,42,41.8,+,1,47,46,234,38,8.799,0.252,2.684,0.0,3.832,-0.32,170,2.65,1.02,1.8,1.5,2.1,1.39,1.31,1.47,27.9,1.2,1.7,3,1033,0.42,60,-52,16,2,6.5,1.2,-51,-11,-5,8.079,0.105,6.99,8.97,0.12,0.12,145.67416666666665,1.796111111111111,-78.74082,-108.37738,104.66245,PM*,F0V
HD 84117, ,9,42,14.4,-,23,54,56,257,22,4.92,0.339,2.622,-0.004,3.785,-0.14,15,4.06,0.48,4.6,2.8,6.1,1.09,1.04,1.16,34.4,0.2,0.1,2,262,0.707,6,-400,263,1,67.2,0.7,-41,-25,7,8.003,0.005,6.58,8.38,0.12,0.22,145.55999999999997,-23.915555555555553,-3.1285665,-13.551303,5.6190987,PM*,F9V
HD 84183, ,9,43,35.2,+,10,31,7,224,43,7.011,0.359,2.621,0.006,3.78,-0.03,76,2.6,1.95,2.3,2.0,2.5,1.49,1.42,1.56,-23.1,0.4,0.0,1,0,0.0,7,37,-125,1,13.1,0.9,40,-26,-22,8.04,0.052,6.29,8.87,0.17,0.25,145.89666666666665,10.518611111111111,-39.98298,-38.611115,51.83187,PM*,F8V
HD 84432, ,9,44,17.7,-,33,50,55,264,15,8.389,0.282,2.67,0.005,3.817,-0.15,118,3.04,0.79,2.1,1.6,2.5,1.34,1.27,1.41,9.8,0.4,0.6,2,357,0.104,10,-18,13,2,8.5,0.9,-13,-8,2,8.011,0.03,7.8,8.04,0.02,0.13,146.07374999999996,-33.84861111111111,-11.914061,-113.35486,30.540648,*,F3V
HD 84486, ,9,45,43.2,+,3,32,40,233,40,8.309,0.341,2.632,0.005,3.787,-0.08,92,3.5,0.94,3.3,2.7,5.2,1.19,1.11,1.27,11.1,0.9,1.2,2,800,0.022,12,-39,-47,2,10.9,1.0,-9,-25,-12,8.043,0.059,6.9,8.04,0.08,0.09,146.42999999999998,3.5444444444444443,-42.413578,-56.284702,59.136456,PM*,F8V
HD 84515, ,9,45,47.8,-,1,54,49,238,37,8.096,0.308,2.632,-0.015,3.802,-0.11,82,3.53,0.59,2.8,1.9,3.5,1.23,1.16,1.29,33.6,0.2,0.5,4,1193,0.164,6,-35,-85,1,12.2,1.2,-9,-48,-3,8.034,0.049,5.66,8.03,0.17,0.08,146.44916666666666,-1.913611111111111,-34.703423,-55.537067,49.348827,PM*,F6V
HD 84558, ,9,48,46.7,+,64,53,39,147,43,7.108,0.288,0.0,0.0,3.812,-0.17,62,3.14,0.82,2.4,1.9,2.8,1.32,1.27,1.37,-25.1,1.6,0.0,1,0,0.0,35,0,37,2,16.1,0.7,18,0,-21,8.038,0.042,7.55,8.95,0.08,0.22,147.19458333333333,64.89416666666668,-38.028618,24.696075,42.283894,*,F5
HD 84580, ,9,45,24.2,-,32,40,57,264,16,6.898,0.293,2.67,0.009,3.813,0.02,63,2.9,0.86,2.0,1.6,2.3,1.44,1.39,1.48,43.4,0.4,0.5,3,1496,0.566,26,-135,-26,2,15.9,0.7,-31,-47,-19,8.007,0.017,5.61,8.11,0.18,0.18,146.35083333333333,-32.6825,-6.330182,-60.227737,17.365154,PM*,F6V
HD 84616, ,9,46,32.4,+,1,43,8,235,39,7.779,0.361,2.623,0.008,3.775,-0.1,56,4.03,0.7,6.0,3.5,8.7,1.07,1.01,1.13,14.2,0.2,0.2,4,1094,0.831,3,-146,-2,2,17.8,1.1,-36,-13,-16,8.025,0.035,7.17,8.47,0.08,0.14,146.635,1.718888888888889,-24.962143,-35.649643,35.241943,PM*,F8V
HD 84674, ,9,45,21.9,-,49,48,44,275,3,7.512,0.299,2.662,0.001,3.809,0.07,69,3.3,0.5,2.0,1.2,2.6,1.35,1.3,1.4,24.8,0.3,0.2,2,638,0.728,16,-39,-22,2,14.4,0.8,-4,-26,-12,7.994,0.003,6.76,8.01,0.09,0.07,146.34124999999997,-49.81222222222222,6.0055037,-68.64323,3.6111813,*,F5V
HD 84703, ,9,47,4.9,-,0,37,8,237,38,7.879,0.352,2.612,-0.009,3.781,0.01,64,3.86,0.63,3.7,2.8,5.9,1.15,1.08,1.22,22.0,0.2,0.1,2,1105,0.759,5,50,-119,1,15.7,1.0,19,-40,7,8.027,0.039,5.93,8.26,0.16,0.23,146.77041666666665,-0.6188888888888889,-27.467615,-42.296413,39.402336,PM*,F8/G0V
HD 84709, ,9,46,21.6,-,27,16,34,260,20,7.017,0.262,2.68,-0.006,3.826,-0.09,53,3.39,0.19,1.1,0.0,2.1,1.32,1.27,1.37,21.9,0.4,0.5,4,1508,0.534,40,-48,-65,2,18.8,0.8,-3,-28,-11,8.009,0.018,6.68,8.03,0.09,0.06,146.59,-27.27611111111111,-8.648321,-49.047077,18.127066,PM*,F3V
HD 84725, ,9,46,49.8,-,16,32,47,252,27,7.875,0.322,2.631,0.001,3.795,-0.25,91,3.08,1.33,2.9,2.4,4.6,1.28,1.15,1.36,10.8,0.2,0.1,3,734,0.949,8,-12,-8,2,11.0,0.9,-5,-11,0,8.025,0.042,7.62,8.06,0.03,0.11,146.70749999999998,-16.54638888888889,-25.055601,-77.113174,41.313133,*,F5V
HD 84742, ,9,46,13.3,-,40,38,8,269,10,7.94,0.357,2.583,-0.034,3.775,-0.1,49,4.5,0.23,4.3,0.0,8.8,1.03,0.97,1.1,-0.1,0.2,0.2,4,1419,0.788,3,91,115,1,20.5,0.9,-1,6,33,8.001,0.008,7.93,8.99,0.06,0.8,146.55541666666667,-40.635555555555555,-0.8421706,-48.24823,8.50876,PM*,F8/G0V
HD 84749, ,9,47,22.9,+,2,18,54,234,39,7.721,0.371,2.609,0.0,3.769,-0.11,47,4.34,0.54,7.1,3.8,10.2,1.02,0.97,1.08,7.6,0.2,0.1,2,368,0.929,4,72,9,2,21.1,1.0,8,-1,16,8.021,0.03,7.72,8.65,0.06,0.39,146.84541666666667,2.315,-21.46937,-29.550035,29.578058,PM*,F8V
HD 84803, ,9,47,7.8,-,21,42,2,256,24,8.048,0.302,2.673,0.02,3.816,0.0,78,3.5,0.21,1.4,0.0,2.5,1.3,1.25,1.36,22.5,0.7,0.9,2,761,0.232,25,-56,15,2,12.8,0.9,-24,-19,0,8.017,0.032,7.07,8.14,0.07,0.1,146.7825,-21.700555555555553,-17.238522,-69.13992,31.725458,PM*,F5V
HD 84850, ,9,45,55.7,-,58,47,37,281,-4,6.22,0.289,2.665,0.002,3.819,0.07,81,1.69,1.9,1.1,1.0,1.3,1.84,1.79,1.9,7.2,0.3,0.5,2,638,0.138,9,-103,70,2,12.4,0.5,-46,-15,-5,7.985,-0.006,6.88,8.64,0.11,0.03,146.48208333333332,-58.79361111111111,15.4178705,-79.31812,-5.6502743,PM*,F5III/IV
HD 84869, ,9,49,9.0,+,36,31,47,187,51,8.003,0.333,2.637,0.004,3.79,-0.06,95,3.11,1.24,2.8,2.4,3.2,1.33,1.26,1.4,-25.3,0.3,0.4,2,692,0.282,4,14,-52,2,10.5,0.9,24,-20,-15,8.06,0.074,6.77,8.57,0.12,0.14,147.28749999999997,36.52972222222222,-59.3398,-7.2860045,73.828865,PM*,F8
HD 84952, ,9,48,52.7,+,8,18,6,228,43,7.518,0.336,2.629,0.005,3.789,-0.16,112,2.26,2.2,2.0,1.7,2.4,1.52,1.43,1.62,1.4,0.3,0.5,2,799,0.253,8,36,-3,2,8.9,0.9,15,0,13,8.055,0.077,7.65,8.92,0.08,0.34,147.21958333333333,8.301666666666668,-54.809578,-60.87218,76.38381,*,F5
HD 84955, ,9,48,1.2,-,27,58,37,261,19,8.487,0.281,2.683,0.012,3.819,0.04,109,3.31,0.3,1.5,0.1,2.2,1.35,1.29,1.41,46.4,0.5,0.5,2,1086,0.464,24,-80,56,2,9.2,1.0,-58,-36,10,8.017,0.036,5.9,8.63,0.19,0.27,147.005,-27.97694444444444,-16.12238,-101.79266,35.486927,PM*,F5V
HD 84963, ,9,44,30.8,-,73,54,1,291,-16,7.827,0.351,2.616,0.002,3.778,-0.46,109,2.65,2.33,3.3,2.9,3.8,1.27,1.2,1.36,31.4,0.2,0.1,2,358,0.91,4,-26,14,2,9.2,0.6,-4,-33,-11,7.963,-0.029,6.37,7.98,0.11,0.06,146.1283333333333,-73.90027777777779,37.548893,-97.81825,-30.044472,*,F6V
HD 85076, ,9,49,6.5,-,19,38,47,255,26,7.972,0.27,2.682,0.009,3.823,-0.19,132,2.38,1.35,1.8,1.5,2.0,1.5,1.41,1.59,8.4,1.2,1.7,2,360,0.117,35,0,-18,2,7.6,0.9,5,-13,-3,8.031,0.057,7.4,8.23,0.05,0.08,147.27708333333334,-19.64638888888889,-30.706495,-114.59823,57.86499,*,F3V
HD 85087, ,9,50,10.3,+,24,33,43,206,49,6.897,0.316,2.638,0.0,3.797,-0.23,53,3.29,1.06,3.0,2.5,4.8,1.24,1.15,1.3,15.4,0.5,0.0,1,0,0.0,7,-51,44,1,19.0,1.0,-22,5,5,8.031,0.04,7.93,8.81,0.05,0.2,147.54291666666666,24.561944444444446,-31.252087,-15.242657,39.999607,PM*,F5
HD 85198, ,9,50,42.3,+,17,44,0,216,47,8.834,0.323,2.628,-0.005,3.794,-0.17,99,3.86,0.5,3.5,1.9,5.0,1.13,1.07,1.2,25.1,0.3,0.5,2,1086,0.31,10,-16,-42,2,10.1,1.2,-13,-29,9,8.054,0.073,6.68,8.06,0.09,0.26,147.67624999999998,17.733333333333334,-54.62308,-39.685978,72.404015,*,F6V
HD 85278, ,9,50,4.1,-,29,54,19,262,18,7.991,0.308,2.639,0.005,3.798,-0.5,79,3.51,1.05,3.5,2.8,6.0,1.12,1.06,1.19,-9.1,0.3,0.3,2,378,0.463,9,-17,-77,2,12.7,0.8,14,-2,-27,8.01,0.025,7.55,8.76,0.07,0.32,147.51708333333332,-29.905277777777776,-10.45657,-74.402275,24.412344,PM*,F3V
HD 85362, ,9,51,39.1,+,17,28,32,216,48,8.389,0.392,2.602,0.008,3.762,0.01,67,4.27,0.67,7.8,4.5,10.9,1.03,0.98,1.09,1.3,0.3,0.3,2,695,0.42,3,5,-181,1,15.0,1.2,20,-52,-12,8.036,0.049,5.34,8.22,0.21,0.09,147.91291666666666,17.475555555555555,-36.269653,-26.351435,49.790707,PM*,F8
HD 85402, ,9,51,7.9,-,18,39,31,254,27,7.373,0.314,2.653,0.001,3.805,0.22,112,2.12,1.65,1.6,1.3,2.0,1.72,1.63,1.81,31.5,0.3,0.6,3,3040,0.027,6,-98,27,2,8.9,0.9,-57,-25,-9,8.027,0.051,6.34,8.76,0.16,0.06,147.78291666666667,-18.65861111111111,-27.50659,-95.92693,50.846935,PM*,F6/7V
HD 85411, ,9,50,4.6,-,50,37,34,276,3,7.651,0.321,2.646,0.004,3.797,-0.05,77,3.22,0.96,2.7,2.3,3.1,1.32,1.27,1.37,21.5,0.3,0.4,2,802,0.328,5,107,-78,1,13.0,0.7,50,-17,4,7.992,0.003,6.4,9.3,0.18,0.18,147.51916666666668,-50.626111111111115,8.037653,-76.473236,4.0298686,PM*,F6/7V
HD 85424, ,9,49,15.1,-,63,9,5,284,-7,8.13,0.325,2.665,0.031,3.815,0.18,172,1.81,1.77,1.2,1.1,1.4,1.82,1.69,1.94,32.6,1.3,1.8,2,357,0.147,45,-65,41,2,5.8,0.7,-53,-45,-12,7.959,-0.022,5.51,8.38,0.21,0.08,147.31291666666664,-63.15138888888889,41.30042,-165.6469,-20.961529,PM*,F5IV
HD 85683, ,9,51,41.3,-,54,39,34,279,0,7.353,0.337,2.645,0.006,3.789,0.18,46,4.06,0.09,1.8,0.0,4.0,1.2,1.17,1.24,23.2,0.3,0.4,2,637,0.222,6,-12,-122,2,21.9,0.6,18,-21,-22,7.993,0.0,6.78,8.35,0.1,0.22,147.92208333333332,-54.659444444444446,7.1959887,-45.433662,0.0,PM*,F8V
HD 85745, ,9,54,36.7,+,28,41,15,200,51,8.34,0.306,2.657,0.004,3.806,0.02,101,3.32,0.59,2.2,1.5,2.8,1.31,1.25,1.38,18.3,0.5,0.7,2,1463,0.174,7,-55,-12,2,9.9,1.1,-30,-13,-3,8.06,0.079,7.33,8.37,0.07,0.1,148.65291666666664,28.6875,-59.72814,-21.739265,78.491745,PM*,F5
HD 85796, ,9,54,23.3,+,3,19,44,234,42,7.979,0.254,2.681,-0.001,3.835,-0.19,205,1.42,2.07,1.1,1.0,1.3,1.8,1.7,1.92,-4.2,1.2,1.6,3,1112,0.488,70,-13,-12,2,0.0,0.0,-3,-8,-15,8.089,0.136,7.82,8.21,0.02,0.18,148.5970833333333,3.328888888888889,-89.54599,-123.24941,137.17178,*,F2/3V
HD 85833, ,9,54,34.3,+,0,56,39,237,40,7.797,0.346,2.622,0.001,3.786,-0.07,114,2.52,1.93,2.2,1.9,2.6,1.48,1.39,1.56,4.8,0.3,0.2,2,799,0.606,8,-18,-51,1,8.8,0.9,3,-25,-15,8.047,0.073,6.8,8.13,0.09,0.14,148.64291666666668,0.9441666666666667,-47.562824,-73.24031,73.27779,PM*,F6/7V
HD 85863, ,9,53,36.9,-,42,18,37,271,9,7.414,0.274,2.649,-0.013,3.82,-0.35,90,2.64,1.3,2.1,1.8,2.3,1.4,1.34,1.46,7.1,1.5,2.1,2,763,0.065,30,-34,-28,1,11.1,0.8,-3,-10,-17,7.998,0.015,7.63,8.07,0.03,0.14,148.40374999999997,-42.31027777777778,1.5513706,-88.87842,14.0791025,*,F3V
HD 86147, ,9,56,48.6,+,4,14,31,234,43,6.701,0.304,2.664,0.013,3.805,-0.13,45,3.43,0.65,2.8,2.0,3.3,1.26,1.21,1.31,9.3,0.6,0.2,3,1332,0.964,23,-182,-51,1,22.2,0.9,-29,-19,-22,8.02,0.03,7.02,8.23,0.08,0.23,149.2025,4.241944444444444,-19.344559,-26.625484,30.689924,PM*,F5/6V
HD 86157, ,9,55,47.3,-,37,9,40,268,14,8.803,0.371,2.637,0.044,3.796,0.0,157,2.63,1.52,2.2,1.8,2.5,1.46,1.37,1.55,7.0,0.3,0.5,2,1083,0.246,15,-50,7,2,0.0,0.0,-32,-10,-18,8.005,0.037,7.33,8.42,0.07,0.16,148.94708333333332,-37.16111111111111,-5.3165054,-152.24362,37.98174,*,F7V
HD 86264, ,9,56,57.8,-,15,53,42,253,30,7.411,0.317,2.64,-0.015,3.802,0.2,72,3.11,0.74,2.2,1.6,2.8,1.43,1.38,1.48,7.1,0.3,0.4,2,447,0.388,13,-15,-66,2,13.8,0.8,7,-19,-13,8.018,0.036,7.04,8.19,0.08,0.09,149.2408333333333,-15.895,-18.230509,-59.629257,36.0,PM*,F7V
HD 86375, ,9,57,24.5,-,27,11,46,262,21,8.063,0.31,2.655,0.004,3.802,-0.03,78,3.6,0.45,2.5,1.2,3.4,1.23,1.17,1.3,13.1,1.1,1.6,2,378,0.022,23,-99,29,2,0.0,0.0,-37,-13,-10,8.01,0.029,7.15,8.49,0.09,0.05,149.3520833333333,-27.19611111111111,-10.134496,-72.1106,27.9527,PM*,F7/8V
HD 86414, ,9,59,39.8,+,47,56,31,169,51,8.445,0.312,0.0,0.0,3.8,-0.09,86,3.77,0.38,2.8,0.9,4.0,1.19,1.13,1.25,3.5,0.6,0.3,2,444,0.721,21,-47,-31,1,11.6,1.2,-17,-15,-7,8.054,0.067,7.44,8.1,0.04,0.07,149.91583333333332,47.94194444444444,-53.127186,10.3268795,66.83456,PM*,F5
HD 86560, ,10,0,55.3,+,53,7,27,161,49,7.596,0.367,2.588,-0.01,3.767,-0.47,51,4.06,1.17,10.4,8.6,12.4,0.97,0.89,1.02,-73.6,0.3,0.3,2,749,0.361,4,170,-51,1,19.6,0.9,78,-21,-28,8.032,0.039,5.86,10.12,0.27,0.37,150.23041666666666,53.12416666666667,-31.636118,10.893187,38.49019,PM*,F8
HD 86731, ,10,0,41.9,+,17,34,4,217,50,8.052,0.33,2.625,-0.001,3.788,-0.35,84,3.43,1.23,5.1,3.1,6.5,1.12,1.05,1.2,41.5,0.3,0.5,3,482,0.39,11,-45,66,1,11.9,1.2,-44,5,27,8.043,0.064,7.53,9.46,0.11,0.67,150.17458333333332,17.567777777777778,-43.12165,-32.49449,64.34773,PM*,F5
HD 86752, ,9,59,53.5,-,30,15,57,264,19,9.36,0.365,2.64,0.04,3.796,0.0,165,3.1,1.05,2.5,2.1,3.0,1.32,1.24,1.41,18.8,0.6,0.8,2,762,0.117,15,-9,-4,2,3.1,1.2,-5,-20,0,8.015,0.055,7.15,8.03,0.06,0.12,149.97291666666663,-30.265833333333333,-16.307524,-155.15591,53.718742,*,F6/7V
HD 86847, ,9,59,53.8,-,49,34,39,277,4,9.018,0.32,2.651,0.038,3.812,-0.61,156,2.89,1.45,2.6,2.2,3.9,1.22,1.13,1.32,-24.4,0.3,1.2,13,4410,0.169,27,-2,11,2,5.0,1.0,-9,24,3,7.982,0.012,7.98,10.02,0.11,0.18,149.97416666666663,-49.5775,18.965277,-154.46004,10.8820095,*,F2V
HD 86884, ,10,3,11.8,+,58,5,52,154,47,7.487,0.368,2.6,-0.005,3.769,-0.37,74,3.15,1.96,5.0,4.2,5.9,1.16,1.09,1.23,-11.8,0.2,0.3,3,2265,0.506,3,-175,-137,2,13.6,0.9,-44,-58,-30,8.045,0.054,5.13,8.27,0.23,0.37,150.79916666666665,58.09777777777778,-45.360226,22.12366,54.120174,PM*,F8
HD 86917, ,10,1,10.8,-,23,8,47,260,25,7.696,0.287,2.651,-0.018,3.815,0.03,80,3.18,0.53,1.8,1.1,2.4,1.37,1.31,1.42,31.1,0.3,0.4,2,761,0.387,11,-35,21,2,12.5,1.0,-21,-26,11,8.013,0.034,6.77,8.06,0.09,0.27,150.295,-23.14638888888889,-12.590293,-71.403114,33.809464,*,F5V
HD 86965, ,10,2,58.6,+,38,36,45,184,53,8.373,0.321,0.0,0.0,3.794,-0.18,96,3.46,0.91,3.2,2.6,4.7,1.18,1.11,1.26,-0.6,0.4,0.2,2,352,0.741,11,-78,-49,1,10.4,1.1,-25,-27,-20,8.058,0.077,6.7,8.15,0.1,0.22,150.74416666666664,38.612500000000004,-57.633507,-4.030123,76.669014,PM*,F8
HD 86966, ,10,2,56.0,+,37,53,36,185,53,8.315,0.322,2.622,-0.006,3.792,-0.46,102,3.27,1.39,4.8,3.0,5.8,1.13,1.07,1.21,-17.1,0.4,0.3,2,981,0.578,8,11,16,2,9.8,1.0,13,9,-11,8.061,0.082,7.81,9.33,0.09,0.1,150.73333333333332,37.89333333333333,-61.15154,-5.3500705,81.46082,*,F5
HD 86997, ,10,0,18.7,-,59,0,45,282,-3,7.959,0.346,2.621,0.008,3.78,-0.5,99,2.98,1.98,4.4,3.7,5.2,1.16,1.12,1.22,-2.9,0.3,0.3,2,638,0.372,7,16,-136,2,10.1,0.7,42,15,-46,7.979,-0.005,7.31,10.49,0.18,0.86,150.07791666666665,-59.0125,20.555027,-96.703896,-5.18126,PM*,F7V
HD 87034, ,10,3,24.5,+,42,0,33,178,53,7.13,0.349,0.0,0.0,3.784,-0.07,74,2.8,1.7,2.5,2.2,2.7,1.43,1.35,1.49,8.3,0.3,0.4,2,1462,0.266,7,-6,25,1,13.6,0.9,-8,9,4,8.044,0.059,8.04,8.98,0.05,0.19,150.85208333333333,42.009166666666665,-44.50718,1.554223,59.09903,*,F8
HD 87096, ,10,2,33.1,-,13,17,47,252,32,6.982,0.331,2.628,0.003,3.79,-0.24,63,2.98,1.54,3.9,2.4,4.4,1.33,1.26,1.39,22.5,0.2,0.5,4,3302,0.089,5,-137,19,1,15.8,0.9,-41,-21,-9,8.016,0.034,6.75,8.46,0.11,0.05,150.63791666666665,-13.296388888888888,-16.509867,-50.812122,33.384914,PM*,F6IV
HD 87123, ,10,1,13.9,-,56,40,8,281,-1,8.027,0.354,2.625,0.017,3.776,-0.36,62,4.07,0.87,6.4,4.6,11.0,1.0,0.96,1.07,29.7,0.2,0.1,2,2,0.791,8,-45,-18,2,16.2,0.6,-2,-31,-12,7.988,-0.001,6.5,8.01,0.1,0.07,150.30791666666667,-56.66888888888889,11.828349,-60.85162,-1.0820491,*,F6V
HD 87141, ,10,4,36.3,+,53,53,30,160,49,5.74,0.318,2.651,0.008,3.8,0.0,47,2.36,1.7,1.8,1.7,2.0,1.59,1.54,1.64,-19.0,0.3,0.2,3,432,0.897,16,-22,-4,1,21.1,0.7,8,-6,-17,8.029,0.036,7.61,8.45,0.05,0.15,151.15124999999998,53.891666666666666,-28.97521,10.546116,35.47135,*,F5V
HD 87143, ,10,3,17.7,+,8,13,40,230,46,7.993,0.305,2.643,0.0,3.801,-0.33,78,3.53,0.82,3.3,2.5,4.3,1.16,1.09,1.23,-15.8,0.4,0.3,2,1442,0.589,9,65,-46,2,12.8,1.1,33,-2,-3,8.035,0.056,7.18,9.31,0.13,0.09,150.82375,8.227777777777778,-34.828384,-41.506863,56.108505,PM*,F5
HD 87209, ,10,4,28.1,+,42,22,30,178,53,8.397,0.331,2.61,-0.01,3.786,-0.4,76,4.0,0.74,5.2,3.1,7.5,1.04,0.98,1.1,19.9,0.2,0.2,3,634,0.731,5,-91,43,2,13.2,1.1,-40,11,-5,8.046,0.06,7.71,9.56,0.11,0.07,151.1170833333333,42.375,-45.710075,1.596229,60.6963,PM*,F6V
HD 87291, ,10,3,48.9,-,10,9,10,250,35,8.085,0.375,2.614,0.021,3.784,-0.05,171,1.83,2.65,1.7,1.4,2.0,1.65,1.57,1.75,9.9,0.2,0.2,2,1100,0.567,6,-14,-32,2,5.5,1.1,2,-26,-16,8.049,0.098,6.79,8.12,0.09,0.16,150.95374999999999,-10.152777777777779,-47.90846,-131.62744,98.08157,*,F8V
HD 87361, ,10,3,56.0,-,28,29,55,264,21,8.008,0.325,2.634,-0.006,3.797,0.04,110,2.8,1.29,2.2,1.9,2.6,1.44,1.36,1.52,28.1,0.2,0.1,2,763,0.934,8,-51,42,2,9.1,1.0,-37,-22,10,8.011,0.04,6.78,8.35,0.1,0.28,150.98333333333335,-28.498611111111114,-10.734416,-102.13128,39.420475,PM*,F7V
HD 87367, ,10,1,5.8,-,72,19,6,291,-14,7.589,0.338,2.633,0.022,3.795,-0.39,79,3.0,1.53,4.0,2.5,4.5,1.28,1.15,1.35,25.8,0.2,0.3,3,401,0.507,6,-123,89,2,12.6,0.6,-45,-43,-8,7.973,-0.019,5.69,8.27,0.19,0.02,150.27416666666667,-72.31833333333333,27.470098,-71.56209,-19.11183,PM*,F7IV/V
HD 87482, ,10,6,50.4,+,55,39,27,157,49,8.05,0.248,2.711,0.022,3.852,0.14,123,2.51,0.42,0.9,0.5,1.1,1.61,1.53,1.7,-2.3,0.6,0.6,2,1043,0.378,27,-37,-21,2,5.6,1.0,-16,-15,-11,8.075,0.093,7.42,8.1,0.04,0.11,151.70999999999998,55.6575,-74.28038,31.530151,92.829285,*,F2
HD 87513, ,10,5,19.9,-,11,12,3,251,34,8.467,0.309,2.635,-0.008,3.802,-0.18,129,2.91,1.28,2.5,2.1,3.0,1.33,1.23,1.42,8.5,0.3,0.4,2,358,0.236,5,19,-13,2,8.4,1.1,11,-10,7,8.035,0.073,7.42,8.44,0.06,0.24,151.33291666666665,-11.200833333333332,-34.818165,-101.119286,72.13589,*,F6V
HD 87667, ,10,7,8.3,+,29,30,45,199,54,7.418,0.317,2.625,-0.013,3.795,-0.36,63,3.44,1.07,3.4,2.8,5.8,1.15,1.08,1.23,14.4,0.3,0.1,2,945,0.982,8,-47,-48,2,16.0,0.9,-16,-19,3,8.035,0.051,7.21,8.06,0.06,0.15,151.7845833333333,29.5125,-35.013,-12.055939,50.96807,PM*,F5
HD 87720, ,10,6,39.4,-,12,28,17,252,34,8.52,0.321,2.656,0.014,3.796,-0.03,88,3.8,0.38,2.9,1.0,4.1,1.19,1.12,1.25,14.5,0.5,0.7,2,1082,0.067,9,-72,11,2,0.0,0.0,-30,-13,-7,8.022,0.049,7.26,8.33,0.07,0.05,151.66416666666663,-12.471388888888889,-22.54444,-69.38462,49.208977,PM*,F5V
HD 87827, ,10,7,19.8,-,15,27,19,255,32,8.124,0.225,2.699,-0.017,3.85,0.11,101,3.1,-0.11,0.0,0.0,0.7,1.49,1.43,1.55,13.8,2.1,3.6,3,1155,0.031,55,-52,5,2,9.9,0.9,-24,-14,-6,8.022,0.053,7.34,8.19,0.05,0.06,151.83249999999998,-15.455277777777777,-22.168585,-82.73431,53.521847,PM*,F0V
HD 87838, ,10,7,33.8,-,6,26,21,247,38,7.723,0.339,2.605,-0.009,3.781,-0.42,51,4.21,0.67,6.3,3.5,8.4,1.0,0.95,1.07,23.2,0.2,0.6,6,1713,0.062,3,-370,106,2,19.8,1.2,-91,-13,-24,8.015,0.031,6.18,10.12,0.24,0.31,151.89083333333332,-6.439166666666667,-15.702921,-36.99375,31.398737,PM*,F7/8V
HD 88109, ,10,9,15.5,-,18,8,20,257,30,7.131,0.294,2.655,-0.003,3.817,0.06,139,1.42,2.22,1.1,0.9,1.2,1.92,1.81,2.01,25.8,0.3,0.2,2,1103,0.673,16,-11,-22,2,7.2,0.8,-2,-30,-1,8.026,0.07,6.54,8.05,0.1,0.12,152.31458333333333,-18.13888888888889,-27.079065,-117.29226,69.5,*,F5IV
HD 88224, ,10,9,0.0,-,49,46,59,278,5,7.986,0.286,2.662,0.0,3.812,-0.25,76,3.59,0.44,2.6,1.2,3.5,1.21,1.16,1.27,5.2,0.5,0.1,2,676,0.899,24,-139,20,1,13.2,0.7,-43,-13,-23,7.99,0.007,7.0,8.63,0.1,0.24,152.25,-49.783055555555556,10.536921,-74.97398,6.623836,PM*,F3V
HD 88248, ,10,10,23.9,-,5,28,13,247,39,7.83,0.32,2.634,-0.003,3.799,-0.09,128,2.29,1.88,1.9,1.6,2.3,1.53,1.43,1.64,33.0,1.3,0.3,2,358,0.856,60,-89,-10,1,5.5,1.0,-51,-36,-13,8.039,0.081,5.97,8.49,0.17,0.12,152.5995833333333,-5.470277777777778,-38.867867,-91.566925,80.55301,PM*,F3IV/V
HD 88354, ,10,11,37.1,+,18,19,2,218,52,8.601,0.313,2.652,0.016,3.801,-0.28,166,2.5,1.8,2.2,1.9,2.7,1.42,1.33,1.51,-9.0,0.3,0.5,2,1080,0.304,8,-28,-14,2,7.2,1.2,-9,-10,-22,8.08,0.131,7.78,8.08,0.02,0.26,152.90458333333333,18.31722222222222,-80.53455,-62.920475,130.80978,*,F5
HD 88474, ,10,9,9.4,-,70,21,58,290,-12,8.478,0.381,2.61,0.03,3.777,-0.55,172,2.17,2.9,2.5,2.1,3.0,1.38,1.32,1.41,-15.9,0.2,0.2,3,445,0.765,5,-38,-17,2,5.8,0.7,-23,14,-26,7.942,-0.035,7.87,9.37,0.09,0.32,152.28916666666666,-70.36611111111111,57.54193,-158.0952,-35.76081,*,F7IV
HD 88524, ,10,11,48.9,-,34,20,2,269,18,6.662,0.275,2.664,-0.013,3.823,0.02,60,2.76,0.78,1.7,1.3,2.0,1.48,1.44,1.52,12.3,0.3,0.5,2,704,0.277,13,82,-46,1,16.6,0.7,26,-11,7,8.001,0.018,7.03,8.78,0.11,0.23,152.95374999999999,-34.33388888888889,-0.9958872,-57.054703,18.54102,PM*,F5V
HD 88560, ,10,13,11.9,+,21,25,11,213,54,7.816,0.289,2.647,-0.007,3.812,-0.26,127,2.3,1.74,1.9,1.6,2.2,1.49,1.39,1.59,-3.1,0.4,0.6,2,1163,0.312,12,-25,-29,1,7.9,1.0,-5,-18,-14,8.063,0.102,7.28,8.08,0.05,0.14,153.29958333333332,21.419722222222223,-62.605694,-40.656605,102.74516,*,F2
HD 88595, ,10,12,37.9,-,19,9,10,259,30,6.46,0.315,2.654,0.003,3.802,0.13,42,3.34,0.56,2.2,1.5,2.8,1.34,1.31,1.42,35.2,0.2,0.2,4,1155,0.787,7,-219,-97,2,23.8,0.7,-30,-47,-20,8.007,0.021,5.64,8.1,0.18,0.19,153.15791666666664,-19.152777777777775,-6.940303,-35.704792,21.0,PM*,F7V
HD 88697, ,10,13,44.3,-,7,23,2,249,39,7.202,0.326,2.656,0.021,3.806,0.05,48,3.69,0.19,1.5,0.0,2.9,1.27,1.22,1.32,14.9,0.3,0.4,4,1048,0.805,22,-191,20,1,20.7,0.8,-42,-16,-13,8.013,0.03,6.95,8.56,0.1,0.09,153.4345833333333,-7.383888888888889,-13.368197,-34.82536,30.207378,PM*,F7V
HD 88737, ,10,14,29.7,+,21,10,4,214,54,6.02,0.361,2.634,0.019,3.778,-0.03,52,2.45,2.15,2.1,1.9,2.3,1.55,1.49,1.6,17.4,0.1,0.2,7,811,0.945,10,-143,-73,1,19.3,0.9,-31,-29,-9,8.025,0.042,6.53,8.19,0.11,0.05,153.62374999999997,21.16777777777778,-25.339394,-17.091639,42.068886,PM*,F9V
HD 88830, ,10,14,57.5,+,9,12,40,231,49,7.956,0.308,2.634,-0.009,3.801,-0.21,80,3.44,0.8,3.0,2.4,3.7,1.21,1.14,1.28,-23.8,0.3,0.7,4,1114,0.081,4,15,-45,2,12.5,1.0,21,-1,-21,8.033,0.06,7.44,9.02,0.1,0.22,153.73958333333331,9.21111111111111,-33.029705,-40.788292,60.37677,*,F5
HD 88909, ,10,16,14.2,+,42,47,47,176,55,8.368,0.353,0.0,0.0,3.776,-0.27,66,4.26,0.6,6.8,3.8,9.9,1.0,0.95,1.07,24.6,0.4,0.0,1,0,0.0,3,0,-65,1,15.1,1.2,-11,-19,23,8.038,0.054,7.26,8.04,0.05,0.52,154.05916666666667,42.796388888888885,-37.763832,2.6407037,54.064037,PM*,F8
HD 88917, ,10,14,7.7,-,48,43,28,278,6,8.447,0.336,2.637,0.008,3.786,-0.16,77,4.02,0.51,4.3,2.3,6.5,1.09,1.04,1.16,5.3,0.3,0.3,2,1059,0.371,6,9,-39,2,13.0,0.8,11,-5,-9,7.989,0.009,7.5,8.53,0.06,0.03,153.5320833333333,-48.724444444444444,10.657638,-75.83293,8.048692,*,F7/8V
HD 88972, ,10,15,38.4,-,11,11,18,253,36,7.957,0.254,2.665,-0.015,3.829,-0.4,95,3.06,0.74,2.0,1.5,2.5,1.29,1.23,1.35,17.6,0.6,1.0,3,1154,0.437,30,26,-59,2,10.5,1.2,20,-28,1,8.022,0.056,6.47,8.34,0.13,0.14,153.91,-11.188333333333334,-22.470716,-73.49834,55.8396,PM*,F0IV
HD 88984, ,10,17,0.8,+,47,18,30,169,54,7.29,0.331,0.0,0.0,3.787,-0.36,51,3.74,0.95,4.4,3.1,8.0,1.08,1.02,1.14,8.1,0.2,0.5,4,1090,0.252,6,10,-126,2,19.5,0.9,0,-28,14,8.03,0.041,6.67,8.07,0.1,0.34,154.2533333333333,47.30833333333333,-29.426283,5.7198906,41.25987,PM*,F5
HD 89020, ,10,17,32.1,+,52,16,13,161,52,8.629,0.301,2.65,0.007,3.802,-0.42,103,3.56,0.84,3.3,2.5,4.6,1.14,1.07,1.21,-28.7,0.2,0.3,5,1528,0.768,6,66,-2,1,9.7,1.0,43,-1,-5,8.06,0.081,7.05,9.7,0.16,0.1,154.38374999999996,52.27027777777778,-59.9583,20.645294,81.16511,PM*,F8
HD 89086, ,10,17,0.3,+,21,54,46,213,55,7.619,0.293,2.661,0.001,3.811,-0.12,75,3.24,0.69,2.4,1.8,2.9,1.31,1.25,1.36,-11.4,0.9,1.3,2,2210,0.282,24,42,-20,1,13.3,0.9,20,0,-2,8.037,0.061,7.5,9.01,0.09,0.1,154.25124999999997,21.912777777777777,-36.07813,-23.429405,61.436405,*,F5
HD 89101, ,10,16,15.1,-,27,42,35,266,24,8.261,0.22,2.702,-0.012,3.849,-0.27,95,3.37,-0.05,0.0,0.0,1.4,1.33,1.28,1.38,28.6,3.2,7.1,5,1569,0.04,110,-38,-12,2,10.5,1.0,-13,-31,-2,8.007,0.038,6.5,8.01,0.1,0.09,154.06291666666667,-27.709722222222222,-6.053948,-86.57541,38.63998,*,F0V
HD 89110, ,10,17,54.5,+,49,34,33,165,53,7.682,0.326,2.618,-0.011,3.79,-0.41,75,3.32,1.34,5.0,4.0,5.9,1.14,1.08,1.22,-0.9,0.2,0.3,5,3950,0.705,6,-55,88,2,13.4,0.8,-17,26,-19,8.043,0.06,8.03,10.3,0.12,0.21,154.4770833333333,49.575833333333335,-43.59815,11.682093,59.897667,PM*,F8
HD 89163, ,10,14,37.0,-,67,8,33,289,-9,7.82,0.297,2.65,-0.005,3.809,-0.13,114,2.54,1.45,2.0,1.8,2.2,1.48,1.42,1.55,24.5,1.0,1.4,2,596,0.055,23,-28,34,2,8.8,0.6,-13,-31,3,7.964,-0.017,6.48,7.97,0.1,0.15,153.65416666666664,-67.14250000000001,36.65783,-106.46205,-17.83353,*,F3IV
HD 89266, ,10,15,15.4,-,69,38,11,290,-11,7.891,0.289,2.638,-0.004,3.808,-0.64,81,3.36,1.09,3.1,2.5,5.0,1.17,1.08,1.21,-27.8,0.2,0.4,3,437,0.435,6,50,33,2,12.4,0.6,0,25,26,7.973,-0.015,7.93,10.26,0.13,0.66,153.81416666666667,-69.6363888888889,27.194632,-74.71665,-15.455528,PM*,F3V
HD 89322, ,10,18,15.9,-,1,14,40,244,44,8.108,0.253,2.688,-0.006,3.833,0.04,85,3.45,-0.12,0.0,0.0,1.2,1.37,1.31,1.43,20.6,0.5,0.8,3,1125,0.143,21,-29,-22,1,11.7,1.1,-12,-22,4,8.027,0.059,7.03,8.03,0.07,0.17,154.56624999999997,-1.2444444444444445,-26.803703,-54.95576,59.045963,*,F2/3V
HD 89389, ,10,20,14.7,+,53,46,45,159,52,6.45,0.366,2.602,-0.01,3.773,-0.05,31,4.02,0.71,5.8,3.5,9.0,1.08,1.02,1.14,-20.9,0.2,0.2,3,1011,0.614,4,-86,49,2,32.7,0.8,2,0,-25,8.018,0.024,7.86,8.53,0.04,0.28,155.06125,53.77916666666667,-17.817856,6.8396335,24.428333,PM*,F8V
HD 89417, ,10,19,22.0,+,9,12,46,232,50,7.844,0.354,2.615,-0.001,3.778,-0.29,99,2.87,1.96,3.9,3.0,4.8,1.19,1.13,1.38,3.5,0.3,0.4,2,1080,0.324,5,-60,-1,2,10.1,1.1,-24,-8,-13,8.039,0.076,7.63,8.32,0.04,0.12,154.84166666666664,9.212777777777777,-39.17822,-50.14583,75.8384,PM*,F5
HD 89439, ,10,18,52.4,-,28,26,15,267,23,8.525,0.257,2.667,-0.026,3.831,0.04,135,2.87,0.49,1.3,0.8,1.7,1.45,1.38,1.52,38.0,0.1,0.2,4,1508,0.562,8,-75,13,2,0.0,0.0,-46,-41,-5,8.007,0.054,5.8,8.34,0.18,0.07,154.7183333333333,-28.4375,-6.503714,-124.09785,52.748703,PM*,F3V
HD 89468, ,10,20,25.1,+,41,8,1,179,56,8.255,0.27,0.0,0.0,3.822,-0.33,114,2.98,0.9,2.2,1.8,2.6,1.3,1.23,1.38,-12.6,1.7,0.0,1,0,0.0,35,22,-33,1,8.8,1.0,20,-15,-2,8.063,0.094,7.06,8.57,0.1,0.13,155.10458333333332,41.13361111111111,-63.73828,1.1125591,94.510284,*,F5
HD 89507, ,10,19,35.6,-,5,13,38,249,41,7.724,0.266,2.657,-0.029,3.826,0.01,78,3.28,0.21,1.1,0.0,2.0,1.37,1.31,1.42,15.0,0.5,0.9,3,1125,0.369,35,-51,-39,1,12.9,0.9,-12,-24,-8,8.021,0.051,6.9,8.02,0.08,0.05,154.8983333333333,-5.227222222222222,-21.096163,-54.957405,51.172604,PM*,F3V
HD 89569, ,10,18,37.9,-,56,6,37,283,1,5.81,0.307,2.64,-0.01,3.804,-0.06,36,3.04,0.99,2.5,2.0,2.8,1.38,1.34,1.41,12.6,0.4,0.7,3,1092,0.055,11,-239,116,2,27.9,0.5,-41,-22,-6,7.992,0.0,6.68,8.4,0.11,0.02,154.65791666666667,-56.11027777777778,8.097011,-35.07198,0.6282866,PM*,F6V
HD 89633, ,10,20,41.6,+,4,38,56,238,48,8.058,0.331,2.632,-0.001,3.789,-0.14,63,4.05,0.4,3.8,1.2,5.9,1.11,1.05,1.18,34.4,0.3,0.6,4,1085,0.202,8,-162,51,1,15.8,1.0,-59,-17,5,8.022,0.047,6.61,9.0,0.15,0.2,155.17333333333332,4.648888888888888,-22.338871,-35.749653,46.818127,PM*,F8
HD 89708, ,10,20,46.0,-,19,3,0,260,31,7.51,0.305,2.631,-0.008,3.8,-0.5,60,3.61,0.9,3.6,2.8,4.3,1.12,1.06,1.18,25.5,0.2,0.2,2,375,0.512,7,-152,101,2,16.6,0.8,-55,-16,9,8.009,0.031,6.71,8.91,0.14,0.25,155.19166666666666,-19.05,-8.93073,-50.6487,30.902285,PM*,F3/5V
HD 89709, ,10,20,34.1,-,31,48,49,269,21,6.559,0.315,2.649,0.0,3.804,0.13,65,2.51,1.34,1.8,1.6,2.0,1.57,1.53,1.64,21.1,0.3,0.4,2,764,0.441,19,-142,48,2,15.5,0.7,-45,-23,-5,8.001,0.023,6.58,8.48,0.13,0.04,155.14208333333332,-31.81361111111111,-1.0590528,-60.67348,23.293917,PM*,F7V
HD 89734, ,10,21,22.2,-,0,13,13,244,45,7.839,0.32,2.651,0.008,3.804,0.18,150,1.96,1.86,1.4,1.2,1.6,1.73,1.63,1.86,26.4,0.3,0.4,2,1100,0.28,8,-37,10,1,8.1,1.2,-33,-17,8,8.047,0.106,7.1,8.38,0.08,0.25,155.34249999999997,-0.2202777777777778,-46.49626,-95.33151,106.06602,*,F7V
HD 89744, ,10,22,10.5,+,41,13,46,178,56,5.76,0.336,2.641,0.005,3.793,0.17,39,2.8,1.26,2.2,2.0,2.4,1.5,1.46,1.54,-5.6,0.1,0.2,6,718,0.859,9,-120,-139,1,25.6,0.7,-11,-30,-13,8.022,0.033,6.59,8.02,0.1,0.1,155.54375,41.22944444444445,-21.795238,0.7611055,32.332466,PM*,F7V
HD 89747, ,10,21,7.9,-,17,59,5,260,32,6.5,0.257,2.687,0.001,3.831,-0.06,58,2.68,0.77,1.6,1.2,1.9,1.49,1.45,1.54,23.6,0.7,1.4,4,4059,0.157,28,-31,-30,2,17.2,0.7,-6,-25,3,8.009,0.031,6.81,8.02,0.08,0.16,155.28291666666667,-17.984722222222224,-8.541194,-48.439533,30.735317,*,F3IV
HD 89782, ,10,21,52.9,+,10,41,59,231,51,7.77,0.3,2.643,-0.025,3.807,0.17,45,4.5,-0.74,0.0,0.0,0.0,0.0,0.0,0.0,1.6,1.2,1.7,2,945,0.319,35,-81,-20,1,0.0,0.0,-13,-8,-9,8.018,0.035,7.83,8.04,0.01,0.05,155.47041666666664,10.699722222222222,-17.821987,-22.008322,34.97157,PM*,F8
HD 89852, ,10,21,22.8,-,37,21,6,273,17,8.705,0.265,2.685,0.01,3.83,-0.08,219,2.0,1.49,1.4,1.2,1.6,1.65,1.54,1.76,10.7,1.1,2.2,4,736,0.496,90,-18,14,2,5.2,1.0,-23,-11,5,7.99,0.062,7.49,8.19,0.04,0.19,155.345,-37.35166666666667,10.960798,-209.14372,64.0294,*,F3V
HD 90093, ,10,23,36.7,-,23,28,2,264,28,8.146,0.357,2.589,-0.039,3.776,-0.24,122,2.72,2.12,3.5,2.6,4.4,1.34,1.24,1.41,4.5,0.2,0.3,2,361,0.381,6,-124,-1,2,8.2,1.0,-59,-19,-37,8.011,0.057,6.57,8.95,0.15,0.55,155.90291666666664,-23.46722222222222,-11.25975,-107.12951,57.27553,PM*,F8V
HD 90094, ,10,23,29.9,-,26,3,22,266,26,7.172,0.28,2.651,-0.015,3.818,-0.15,75,2.81,1.0,2.0,1.7,2.3,1.41,1.37,1.47,16.1,0.4,0.6,2,764,0.368,20,-59,34,2,13.4,0.7,-25,-14,5,8.005,0.033,7.32,8.19,0.06,0.18,155.8745833333333,-26.05611111111111,-4.702257,-67.245346,32.87784,PM*,F5/6V
HD 90103, ,10,21,35.7,-,69,19,18,290,-10,8.513,0.348,2.639,0.029,3.794,-0.2,83,3.8,0.59,3.7,2.5,4.8,1.14,1.07,1.2,41.4,0.2,0.4,3,2201,0.219,4,122,-74,2,12.1,0.8,67,-20,-5,7.972,-0.015,6.03,9.71,0.23,0.04,155.39874999999998,-69.32166666666666,27.956392,-76.80958,-14.412799,PM*,F5V
HD 90325, ,10,24,42.9,-,41,51,9,276,13,8.156,0.287,2.645,-0.016,3.811,-0.22,89,3.4,0.62,2.6,1.8,3.2,1.25,1.19,1.3,6.8,0.2,0.4,4,675,0.334,5,-55,40,2,11.2,0.9,-28,-9,3,7.991,0.02,7.46,8.35,0.06,0.15,156.17874999999998,-41.8525,9.064588,-86.24388,20.020643,PM*,F5V
HD 90387, ,10,25,51.8,-,13,7,57,257,36,7.479,0.252,2.692,0.0,3.834,0.01,92,2.67,0.66,1.4,1.0,1.7,1.51,1.45,1.56,14.9,0.5,0.8,3,1073,0.422,35,-72,29,2,10.9,0.8,-35,-11,0,8.017,0.055,7.27,8.51,0.08,0.12,156.4658333333333,-13.1325,-16.74302,-72.52194,54.07624,PM*,F3/5V
HD 90493, ,10,27,33.4,+,39,19,56,181,58,7.727,0.268,0.0,0.0,3.825,-0.06,94,2.85,0.72,1.7,1.3,2.1,1.43,1.38,1.49,7.6,1.0,0.0,1,0,0.0,19,-116,-33,2,10.6,0.8,-44,-26,-19,8.05,0.08,6.53,8.48,0.13,0.2,156.88916666666663,39.33222222222223,-49.804825,-0.8693459,79.71652,PM*,F5
HD 90530, ,10,26,36.3,-,32,15,42,271,21,8.317,0.32,2.635,-0.015,3.796,0.09,74,3.98,0.08,1.4,0.0,3.6,1.21,1.16,1.26,-9.3,0.2,0.2,2,1112,0.525,4,26,-73,2,13.6,1.0,22,3,-18,7.999,0.027,7.49,9.15,0.1,0.18,156.65125,-32.26166666666666,1.2056924,-69.074425,26.519228,PM*,F6V
HD 90567, ,10,27,55.1,+,27,12,40,204,58,8.713,0.315,2.64,0.008,3.798,-0.34,158,2.72,1.7,2.5,2.1,3.5,1.33,1.19,1.44,40.8,0.3,0.1,3,316,0.972,12,-99,-46,2,8.7,1.3,-71,-58,-7,8.076,0.134,4.92,8.75,0.28,0.14,156.9795833333333,27.211111111111112,-76.48865,-34.054928,133.9916,PM*,F8V
HD 90652, ,10,27,56.5,-,2,42,46,248,44,8.263,0.292,2.673,0.016,3.811,-0.19,119,2.88,1.12,2.3,1.9,2.7,1.35,1.27,1.43,23.6,1.8,0.7,2,362,0.787,55,-35,7,1,8.4,1.0,-24,-17,8,8.032,0.083,7.22,8.18,0.06,0.25,156.98541666666662,-2.712777777777778,-32.06688,-79.368256,82.66435,*,F3V
HD 90789, ,10,30,5.4,+,52,15,27,160,54,8.219,0.315,2.646,0.008,3.799,-0.24,115,2.92,1.39,2.6,2.2,3.1,1.32,1.22,1.41,12.7,0.4,0.1,2,1072,0.904,11,-124,-23,1,8.7,1.0,-62,-24,-21,8.064,0.093,6.34,8.96,0.17,0.25,157.52249999999998,52.2575,-63.51881,23.118961,93.03696,PM*,F5
HD 90878, ,10,29,58.5,+,27,49,32,203,59,7.808,0.312,2.625,-0.015,3.798,-0.43,100,2.81,1.69,2.6,2.2,4.2,1.3,1.16,1.39,5.6,0.4,0.3,2,1163,0.593,9,-34,-18,2,10.0,1.0,-13,-13,-4,8.048,0.085,7.57,8.06,0.03,0.1,157.49374999999995,27.825555555555557,-47.409504,-20.12414,85.71673,*,F8
HD 90907, ,10,29,5.4,-,36,54,18,274,18,8.121,0.252,2.681,-0.008,3.839,0.07,215,1.46,1.73,1.0,0.8,1.1,1.9,1.78,2.05,-6.9,0.6,0.5,4,736,0.952,55,-23,19,2,5.8,1.1,-30,6,1,7.987,0.066,7.76,9.01,0.07,0.14,157.27249999999998,-36.905,14.263624,-203.97905,66.43865,*,F2IV
HD 90948, ,10,27,40.6,-,67,22,4,290,-8,8.368,0.366,2.625,0.022,3.781,-0.15,72,3.99,0.65,5.1,3.0,7.5,1.08,1.03,1.14,13.1,0.2,0.1,6,1833,0.998,13,-217,120,2,13.9,0.8,-75,-40,-6,7.976,-0.01,5.49,8.95,0.24,0.02,156.91916666666663,-67.36777777777777,24.385792,-66.99943,-10.020464,PM*,F8V
HD 91231, ,10,32,21.7,+,23,19,8,212,58,8.02,0.326,2.618,-0.021,3.793,-0.05,75,3.66,0.61,3.2,2.3,4.2,1.21,1.14,1.27,-13.8,0.6,0.0,1,0,0.0,13,-6,27,1,13.4,1.0,1,12,-12,8.033,0.064,7.97,9.27,0.08,0.1,158.09041666666664,23.31888888888889,-33.704777,-21.061083,63.603607,*,F8
HD 91248, ,10,32,1.4,-,11,25,28,257,39,7.422,0.268,2.667,-0.01,3.822,-0.22,71,3.17,0.61,2.1,1.5,2.6,1.31,1.26,1.37,-2.0,0.9,1.5,3,1073,0.283,50,58,-57,2,14.1,1.0,27,-6,-3,8.012,0.044,7.18,8.95,0.11,0.09,158.0058333333333,-11.424444444444443,-12.412213,-53.763172,44.681747,PM*,F3V
HD 91280, ,10,31,48.6,-,28,14,13,269,25,6.05,0.317,2.649,0.0,3.802,0.15,42,2.91,0.97,2.1,1.8,2.4,1.46,1.42,1.53,-16.6,0.2,0.1,2,755,0.725,10,-80,-5,2,23.6,0.7,-13,11,-16,8.001,0.018,8.0,9.09,0.06,0.14,157.95250000000001,-28.236944444444447,-0.66432035,-38.059128,17.749968,PM*,F6/7V
HD 91347, ,10,33,50.5,+,49,11,10,164,56,7.504,0.37,2.582,-0.008,3.764,-0.49,36,4.72,0.59,9.5,2.3,15.5,0.89,0.82,0.98,-25.1,0.2,0.3,6,3718,0.748,2,277,129,2,27.8,0.8,50,28,-3,8.02,0.03,7.38,11.51,0.22,0.09,158.46041666666667,49.18611111111111,-19.351105,5.54884,29.845354,PM*,F8
HD 91394, ,10,34,33.0,+,56,9,50,154,52,7.99,0.299,2.666,0.007,3.81,0.05,97,3.05,0.75,2.0,1.5,2.4,1.39,1.33,1.45,-28.1,0.6,0.9,2,1072,0.24,19,17,-19,2,10.3,0.9,23,-14,-15,8.053,0.077,7.04,8.66,0.1,0.14,158.6375,56.163888888888884,-53.675232,26.179157,76.43704,*,F5
HD 91455, ,10,33,50.4,+,20,18,14,218,58,7.3,0.339,2.63,0.003,3.79,-0.04,109,2.12,2.21,1.8,1.5,2.0,1.63,1.54,1.7,16.0,0.4,0.6,2,2191,0.367,15,-105,-13,1,9.2,0.9,-49,-24,-15,8.046,0.092,6.53,8.63,0.14,0.16,158.45999999999998,20.30388888888889,-45.516453,-35.56134,92.43724,PM*,F5
HD 91480, ,10,35,9.6,+,57,4,57,152,52,5.16,0.228,2.716,0.008,3.847,-0.05,26,3.05,0.11,0.4,0.0,1.2,1.44,1.39,1.48,-7.9,2.0,0.0,1,0,0.0,60,66,37,1,37.8,0.6,11,4,-4,8.015,0.021,7.74,8.94,0.07,0.06,158.79,57.0825,-14.133516,7.5149245,20.48828,PM*,F1V
HD 91546, ,10,34,43.7,+,26,9,32,207,60,7.832,0.303,2.646,-0.008,3.806,-0.06,83,3.25,0.74,2.4,1.9,3.0,1.31,1.26,1.37,-19.9,0.6,0.0,1,0,0.0,7,-2,-64,2,12.1,0.9,16,-19,-20,8.037,0.071,6.92,8.4,0.1,0.2,158.6820833333333,26.15888888888889,-36.97677,-18.840607,71.88011,PM*,F5
HD 91580, ,10,34,32.8,+,1,45,39,245,49,7.605,0.308,2.648,-0.001,3.805,-0.05,92,2.79,1.21,2.2,1.8,2.5,1.4,1.31,1.49,33.1,0.2,0.2,2,970,0.504,5,-100,-93,2,9.4,1.3,-27,-61,-15,8.026,0.069,5.02,8.08,0.23,0.13,158.63666666666663,1.7608333333333333,-25.508146,-54.70241,69.43328,PM*,F5V
HD 91638, ,10,34,50.2,-,3,53,58,251,45,6.676,0.327,2.611,-0.019,3.789,-0.28,35,3.94,0.63,4.7,3.0,6.1,1.08,1.03,1.14,-4.7,0.2,0.4,3,1486,0.404,4,1,-162,1,28.4,0.9,15,-16,-16,8.008,0.025,7.04,8.37,0.09,0.14,158.70916666666665,-3.8994444444444443,-8.057401,-23.40039,24.748737,PM*,F7V
HD 91674, ,10,34,9.8,-,45,44,30,279,11,8.256,0.302,2.651,-0.001,3.806,-0.12,139,2.54,1.5,2.0,1.7,2.4,1.45,1.37,1.55,13.4,1.2,1.7,2,676,0.025,23,-126,29,1,7.2,0.9,-77,-30,-23,7.978,0.026,5.82,9.18,0.22,0.26,158.5408333333333,-45.74166666666667,21.344894,-134.7663,26.522451,PM*,F3V
HD 91706, ,10,34,57.6,-,23,10,34,266,30,6.1,0.307,2.662,0.012,3.807,0.04,63,2.09,1.78,1.5,1.4,1.6,1.69,1.64,1.74,12.8,0.3,0.3,2,752,0.38,11,-99,34,1,15.8,0.8,-31,-13,-1,8.003,0.032,7.23,8.33,0.07,0.09,158.73999999999998,-23.176111111111112,-3.805889,-54.426693,31.5,PM*,F6V
HD 91707, ,10,34,48.9,-,31,20,46,272,23,7.369,0.287,2.661,0.004,3.812,-0.32,71,3.12,0.97,2.6,2.2,3.0,1.28,1.22,1.34,-5.6,0.3,0.2,2,712,0.69,9,64,-86,2,14.1,0.9,34,1,-14,7.998,0.028,7.21,9.41,0.13,0.1,158.70374999999999,-31.34611111111111,2.2808738,-65.31603,27.741909,PM*,F5/6V
HD 91752, ,10,36,21.4,+,36,19,36,187,60,6.28,0.289,2.639,-0.017,3.81,-0.41,46,2.95,1.26,2.6,2.3,2.8,1.31,1.26,1.35,-26.9,0.2,0.3,5,395,0.772,10,36,-33,2,21.6,0.8,22,-4,-19,8.023,0.04,7.37,8.91,0.09,0.19,159.08916666666664,36.32666666666667,-22.82856,-2.8029919,39.83717,*,F3V
HD 91789, ,10,35,43.4,-,13,57,23,260,37,7.45,0.308,2.664,0.012,3.802,-0.02,54,3.77,0.27,2.2,0.0,3.7,1.22,1.17,1.27,12.3,1.5,2.1,2,1105,0.048,29,-98,-40,2,18.4,0.9,-18,-22,-11,8.008,0.033,7.0,8.04,0.07,0.06,158.9308333333333,-13.956388888888888,-7.488805,-42.471134,32.49801,PM*,F7V
HD 91797, ,10,34,5.2,-,65,23,53,289,-6,8.877,0.39,2.633,0.043,3.786,0.2,128,3.15,1.05,2.8,2.2,3.7,1.37,1.31,1.44,37.0,0.2,0.3,3,2201,0.303,4,-53,35,2,7.8,0.9,-25,-47,-2,7.958,-0.014,5.6,8.01,0.18,0.08,158.52166666666665,-65.39805555555556,41.44444,-120.36338,-13.379643,PM*,F7/8V
HD 91836, ,10,34,58.7,-,55,24,25,284,2,8.767,0.276,2.672,0.003,3.818,-0.24,135,3.12,0.77,2.2,1.7,2.7,1.29,1.22,1.36,-2.5,0.4,0.1,2,334,0.912,19,12,31,2,0.0,0.0,-4,3,21,7.967,0.006,7.92,8.6,0.04,0.48,158.7445833333333,-55.40694444444444,32.639572,-130.91014,4.711432,*,F2V
HD 91876, ,10,36,45.8,+,14,2,43,229,56,8.225,0.353,2.626,0.004,3.783,0.06,94,3.35,1.05,3.0,2.5,3.6,1.3,1.19,1.37,-2.9,0.4,0.6,2,869,0.104,7,-6,-43,2,10.6,1.0,7,-16,-9,8.035,0.078,7.19,8.22,0.07,0.08,159.19083333333333,14.045277777777777,-34.485172,-39.670654,77.929535,*,F8
HD 92013, ,10,37,46.0,+,17,16,43,224,58,7.595,0.291,2.661,-0.004,3.812,-0.02,66,3.5,0.32,1.9,0.4,2.8,1.29,1.24,1.34,13.9,3.2,0.0,1,0,0.0,30,-127,-29,1,15.2,0.9,-35,-23,-10,8.025,0.056,6.76,8.3,0.1,0.07,159.44166666666666,17.27861111111111,-25.158672,-24.295448,55.971172,PM*,F5
HD 92030, ,10,39,47.0,+,70,8,27,138,43,8.15,0.266,0.0,0.0,3.822,-0.44,88,3.42,0.56,2.3,1.2,3.0,1.22,1.17,1.28,8.6,0.8,0.0,1,0,0.0,16,-32,-14,1,11.3,0.8,-16,-4,3,8.048,0.06,7.93,8.25,0.02,0.16,159.9458333333333,70.14083333333333,-47.828144,43.064663,60.01585,*,F8
HD 92080, ,10,37,26.7,-,29,59,4,271,25,8.55,0.359,2.629,0.014,3.775,-0.16,69,4.36,0.43,6.1,1.9,9.2,1.03,0.97,1.09,5.8,0.2,0.1,2,1112,0.66,6,90,-27,2,14.5,1.1,29,-1,10,7.999,0.029,7.25,9.2,0.12,0.29,159.36124999999998,-29.984444444444446,1.0913849,-62.52571,29.16066,PM*,F8V
HD 92110, ,10,38,15.6,+,9,11,52,236,54,8.404,0.297,2.657,0.007,3.808,-0.29,125,2.92,1.23,2.5,2.1,3.0,1.29,1.2,1.39,16.1,0.8,0.3,2,237,0.817,30,3,-45,2,6.3,1.2,8,-30,5,8.041,0.101,6.53,8.16,0.11,0.22,159.56499999999997,9.197777777777778,-41.085663,-60.912006,101.12713,*,F5
HD 92148, ,10,41,3.4,+,73,46,17,134,40,7.706,0.301,0.0,0.0,3.804,-0.32,78,3.24,1.03,2.9,2.5,3.3,1.24,1.16,1.3,-2.7,0.5,0.0,1,0,0.0,9,-126,-74,1,12.8,0.7,-41,-35,-8,8.042,0.051,6.13,8.32,0.15,0.05,160.26416666666665,73.7713888888889,-41.50685,42.98161,50.137432,PM*,F5
HD 92196, ,10,38,54.5,+,16,7,38,226,57,6.604,0.273,2.677,0.008,3.819,-0.3,52,3.03,0.89,2.3,1.9,2.7,1.32,1.27,1.37,-7.5,1.5,0.0,1,0,0.0,26,56,-22,1,19.3,0.8,17,2,-1,8.019,0.044,7.59,8.97,0.08,0.11,159.7270833333333,16.127222222222223,-19.673578,-20.37259,43.61087,PM*,F5V
HD 92215, ,10,38,33.9,-,17,53,14,264,35,7.867,0.342,2.611,-0.017,3.783,-0.26,76,3.45,1.24,5.4,4.3,6.6,1.13,1.07,1.2,8.1,0.2,0.3,4,1105,0.462,3,74,-57,2,13.1,0.9,33,-11,4,8.007,0.043,6.91,8.95,0.13,0.19,159.64124999999999,-17.88722222222222,-6.5074697,-61.914516,43.591812,PM*,F7V
HD 92368, ,10,38,38.1,-,55,43,58,285,2,9.272,0.329,2.652,0.026,3.802,-0.2,101,4.14,0.07,0.9,0.0,4.3,1.13,1.07,1.19,2.5,0.4,0.6,3,3698,0.19,16,-54,37,4,6.1,1.1,-30,-10,3,7.974,0.004,7.37,8.34,0.06,0.15,159.65874999999997,-55.73277777777778,26.124794,-97.49908,3.524849,PM*,F5IV/V
HD 92521, ,10,39,30.0,-,62,16,27,288,-3,8.537,0.41,2.635,0.089,3.796,-0.16,106,3.03,1.28,2.7,2.3,3.3,1.29,1.17,1.39,3.0,0.3,0.2,3,437,0.816,11,50,-10,2,4.4,0.8,24,4,8,7.967,-0.006,7.44,9.27,0.11,0.24,159.87499999999997,-62.274166666666666,32.710922,-100.67383,-5.5476117,PM*,F6V
HD 92547, ,10,40,56.0,-,13,7,46,261,39,8.137,0.354,2.601,0.0,3.773,-0.37,52,4.55,0.47,7.3,0.8,11.5,0.96,0.9,1.03,-14.4,0.2,0.2,4,3280,0.808,3,-13,20,2,19.2,1.0,-3,13,-8,8.007,0.033,7.99,9.26,0.07,0.04,160.23333333333332,-13.129444444444445,-6.3217673,-39.914055,32.72466,*,F7/G0
HD 92674, ,10,41,53.7,-,6,34,29,255,44,7.411,0.357,2.618,0.01,3.777,-0.24,71,3.15,1.66,4.8,3.5,6.1,1.16,1.08,1.25,18.6,0.2,0.1,2,765,0.713,9,17,-11,2,8.6,1.2,3,-14,14,8.013,0.049,7.39,8.17,0.05,0.34,160.47374999999997,-6.574722222222222,-13.218694,-49.332848,49.320747,*,F8V
HD 92784, ,10,41,2.2,-,66,5,45,290,-6,8.123,0.284,2.653,-0.008,3.815,-0.21,109,2.94,0.99,2.3,1.9,2.6,1.36,1.3,1.41,6.8,0.5,0.4,2,378,0.593,20,-45,19,2,9.2,0.6,-21,-15,-3,7.963,-0.012,7.29,8.07,0.05,0.06,160.25916666666666,-66.09583333333333,37.075962,-101.865395,-11.393602,*,F5IV/V
HD 92800, ,10,42,39.9,-,17,43,45,264,35,7.991,0.225,2.715,0.005,3.848,-0.16,99,3.01,0.23,1.0,0.0,1.6,1.41,1.35,1.47,12.8,1.5,2.4,3,1155,0.249,70,43,-52,2,10.1,1.0,29,-18,1,8.008,0.057,6.72,8.68,0.13,0.14,160.66624999999996,-17.729166666666664,-8.476835,-80.6518,56.78407,PM*,F2V
HD 92804, ,10,42,26.5,-,33,39,20,274,22,7.712,0.23,2.704,-0.002,3.851,0.11,135,2.06,0.91,1.0,0.8,1.1,1.71,1.62,1.82,10.6,0.9,0.7,3,734,0.736,60,-74,7,2,7.4,0.9,-42,-21,-15,7.991,0.051,6.73,8.44,0.11,0.13,160.61041666666662,-33.65555555555555,8.731418,-124.864914,50.571888,PM*,F3V
HD 92860, ,10,42,54.3,-,22,30,31,268,31,7.931,0.278,2.651,-0.017,3.819,-0.15,106,2.8,0.98,2.0,1.6,2.3,1.4,1.33,1.47,-14.3,0.3,0.4,2,1088,0.365,13,13,-53,2,9.4,0.9,21,1,-23,8.004,0.056,7.48,9.07,0.1,0.26,160.72624999999996,-22.50861111111111,-3.1709833,-90.80438,54.594036,PM*,F3V
HD 93046, ,10,44,47.2,+,1,50,28,247,51,8.528,0.321,2.629,-0.005,3.794,-0.3,96,3.61,0.87,3.6,2.7,5.6,1.12,1.06,1.2,1.0,0.3,0.3,4,1498,0.891,10,54,-41,2,10.4,1.2,29,-8,4,8.024,0.074,7.07,8.97,0.12,0.2,161.19666666666666,1.8411111111111114,-23.605932,-55.612076,74.60602,PM*,F6V
HD 93081, ,10,45,2.2,+,3,18,24,246,52,7.095,0.308,2.645,0.006,3.799,-0.36,51,3.55,0.87,3.5,2.8,4.1,1.16,1.08,1.22,-12.0,0.3,0.3,2,1036,0.587,6,98,-26,2,19.5,1.0,26,8,-1,8.013,0.04,7.51,9.55,0.12,0.11,161.25916666666663,3.3066666666666666,-12.771017,-28.684174,40.18855,PM*,F6V
HD 93148, ,10,47,38.3,+,71,39,21,136,42,8.363,0.299,0.0,0.0,3.81,0.07,81,3.83,-0.05,0.0,0.0,2.0,1.26,1.21,1.31,-6.1,0.9,0.0,1,0,0.0,24,-57,-36,2,12.4,0.9,-16,-20,-6,8.043,0.054,7.12,8.06,0.06,0.06,161.90958333333333,71.65583333333333,-43.30046,41.814777,54.19958,PM*,F5
HD 93164, ,10,43,4.9,-,72,11,42,293,-12,7.478,0.329,2.623,-0.009,3.79,-0.29,77,3.05,1.51,4.1,2.6,4.6,1.29,1.15,1.36,37.5,0.3,0.1,2,1036,0.912,8,-48,55,2,13.0,0.6,-8,-45,2,7.97,-0.016,5.75,7.97,0.16,0.13,160.77041666666665,-72.19500000000001,29.428846,-69.33,-16.009201,PM*,F6V
HD 93213, ,10,46,30.0,+,44,6,11,171,60,7.919,0.339,0.0,0.0,3.784,-0.25,65,3.84,0.82,4.7,3.2,8.1,1.08,1.03,1.14,25.9,0.4,0.0,1,0,0.0,3,-143,-12,1,15.3,0.9,-50,-13,3,8.032,0.056,6.92,8.85,0.12,0.16,161.625,44.10305555555556,-32.09987,5.084119,56.291653,PM*,F5V
HD 93283, ,10,44,44.4,-,62,45,41,289,-3,9.062,0.363,2.608,0.027,3.781,-0.43,90,4.17,0.71,6.2,3.4,8.8,1.01,0.95,1.07,-6.8,0.2,0.2,3,2163,0.756,2,-98,161,2,11.1,0.9,-67,-17,41,7.971,-0.005,6.51,9.31,0.18,1.05,161.18499999999997,-62.76138888888889,29.260979,-84.98005,-4.710236,PM*,F7/G0V
HD 93372, ,10,44,26.9,-,72,26,36,294,-12,6.28,0.314,2.658,0.008,3.8,0.04,32,3.76,0.26,2.1,0.0,3.6,1.24,1.19,1.29,19.3,0.3,0.5,2,349,0.183,11,-152,53,2,31.3,0.5,-15,-26,-8,7.987,-0.007,6.74,8.0,0.09,0.01,161.11208333333332,-72.44333333333334,12.731152,-28.594633,-6.6531744,PM*,F6VFe+0.4
BD +29 2091, ,10,47,23.1,+,28,23,55,203,63,10.263,0.388,2.566,0.0,3.749,-1.88,58,6.45,-0.19,0.0,0.0,0.0,0.0,0.0,0.0,83.3,0.2,1.2,49,4481,0.041,4,179,-825,2,10.6,1.8,79,-216,88,8.025,0.051,0.2,8.72,0.95,8.02,161.84624999999997,28.398611111111112,-24.23823,-10.288517,51.67838,PM*,F5
HD 93381, ,10,46,28.8,-,28,8,25,272,27,8.341,0.229,2.706,0.0,3.851,0.1,119,2.96,0.02,0.3,0.0,1.0,1.51,1.46,1.58,10.0,0.6,0.5,4,1448,0.883,35,-77,14,2,8.4,0.9,-41,-18,-10,7.996,0.054,6.88,8.47,0.1,0.07,161.61999999999998,-28.140277777777776,3.700366,-105.96519,54.024868,PM*,F5
HD 93600, ,10,46,40.4,-,64,36,57,290,-5,8.423,0.346,2.62,0.005,3.78,-0.4,106,3.29,1.59,5.3,4.4,6.4,1.11,1.05,1.18,4.8,0.3,0.5,2,375,0.142,6,-86,21,2,9.4,0.8,-39,-18,-11,7.964,-0.009,6.85,8.39,0.1,0.05,161.66833333333335,-64.61583333333333,36.11617,-99.228386,-9.238508,PM*,F7V
HD 93638, ,10,48,32.1,-,3,15,19,254,48,8.363,0.315,2.628,-0.01,3.796,-0.34,78,3.9,0.57,3.8,2.0,5.5,1.09,1.04,1.16,-14.5,0.4,0.5,2,1101,0.218,6,2,8,1,12.8,1.2,2,12,-9,8.015,0.058,7.95,9.23,0.07,0.07,162.13375,-3.2552777777777777,-14.386108,-50.17035,57.9653,*,F5V
HD 93860, ,10,50,33.9,+,32,1,39,195,63,7.544,0.282,2.656,0.001,3.814,-0.45,78,3.1,1.06,2.6,2.2,3.0,1.26,1.2,1.31,-12.9,0.4,0.4,2,983,0.467,11,70,-6,1,12.9,0.9,28,6,0,8.034,0.069,7.47,9.54,0.12,0.14,162.64124999999999,32.027499999999996,-34.20465,-9.165111,69.49851,PM*,F5
HD 94012, ,10,51,13.8,+,9,13,28,239,56,7.839,0.334,2.609,-0.005,3.783,-0.55,50,4.37,0.56,5.5,0.0,9.1,0.98,0.92,1.05,6.6,0.2,0.6,8,5140,0.073,4,-28,-210,2,20.2,1.1,15,-46,-14,8.014,0.041,5.66,8.16,0.18,0.1,162.80749999999998,9.224444444444444,-14.400288,-23.96609,41.45188,PM*,F8
HD 94016, ,10,50,54.3,-,14,53,28,264,39,7.473,0.292,2.639,-0.015,3.811,-0.19,85,2.83,1.17,2.2,2.0,2.5,1.39,1.33,1.45,2.0,0.8,1.1,2,717,0.155,21,-122,23,2,11.8,0.8,-47,-10,-15,8.006,0.053,7.07,8.82,0.11,0.13,162.72625,-14.89111111111111,-6.904871,-65.69554,53.492233,PM*,F3/5V
HD 94028, ,10,51,28.1,+,20,16,39,220,62,8.223,0.352,2.588,0.006,3.768,-1.45,52,4.64,1.14,15.4,8.8,0.0,0.77,0.75,0.82,65.6,0.2,0.8,14,4327,0.021,6,-260,-456,1,19.2,1.1,-35,-140,11,8.019,0.046,1.97,8.08,0.61,0.35,162.86708333333328,20.2775,-18.70108,-15.692068,45.913273,PM*,F8
HD 94100, ,10,51,43.1,-,2,28,2,254,49,8.563,0.346,2.607,-0.018,3.781,-0.05,64,4.54,0.01,0.0,0.0,5.8,1.07,1.0,1.12,-12.9,0.2,0.1,4,439,0.988,5,20,-29,1,15.7,1.2,12,3,-11,8.012,0.048,7.71,8.92,0.07,0.08,162.9295833333333,-2.4672222222222224,-11.573394,-40.361244,48.301414,*,F6/7V
HD 94104, ,10,51,15.1,-,33,34,47,276,23,8.85,0.298,2.656,0.025,3.817,-0.65,145,2.94,1.32,2.5,2.1,3.1,1.22,1.14,1.3,8.3,0.3,0.2,3,41,0.79,7,-41,3,2,9.5,1.4,-24,-15,-7,7.986,0.056,7.27,8.14,0.06,0.06,162.81291666666664,-33.57972222222222,13.9517355,-132.74203,56.656013,*,F0V
HD 94138, ,10,51,32.4,-,26,53,51,272,29,8.501,0.327,2.642,0.013,3.789,-0.32,76,4.1,0.51,4.5,1.2,7.0,1.06,1.0,1.12,-16.7,0.2,0.1,2,1088,0.824,5,-46,0,2,0.0,0.0,-14,10,-16,7.997,0.037,7.99,9.01,0.06,0.14,162.885,-26.8975,2.3197954,-66.43061,36.84553,*,F7V
HD 94162, ,10,52,35.1,+,38,20,3,181,63,7.654,0.317,2.622,-0.014,3.794,-0.41,79,3.17,1.4,4.5,2.7,5.2,1.16,1.11,1.27,-15.8,0.2,0.4,5,1784,0.553,6,-12,-58,2,12.7,0.9,9,-22,-13,8.036,0.07,6.91,8.22,0.09,0.12,163.14624999999998,38.33416666666667,-35.85979,-0.62593454,70.38952,PM*,F5
HD 94243, ,10,51,53.3,-,49,9,27,284,9,6.565,0.327,2.634,0.008,3.791,-0.31,47,3.21,1.34,4.5,2.8,5.1,1.17,1.13,1.28,18.4,0.2,0.1,2,441,0.921,5,73,-50,1,21.3,0.7,23,-14,0,7.989,0.007,6.98,8.61,0.1,0.11,162.97208333333333,-49.1575,11.230345,-45.04244,7.3524203,PM*,F7V
HD 94260, ,10,51,23.7,-,62,8,32,289,-2,8.494,0.362,2.658,0.056,3.808,0.19,93,3.41,0.31,1.7,0.4,2.4,1.36,1.29,1.42,34.7,0.3,0.5,2,375,0.311,16,10,-31,2,6.4,0.9,21,-29,-12,7.969,-0.004,6.35,8.3,0.13,0.06,162.84874999999997,-62.14222222222222,30.259398,-87.87966,-3.2456532,*,F6IV/V
HD 94291, ,10,53,13.4,+,16,58,31,227,61,8.395,0.366,2.608,0.001,3.77,-0.2,73,4.08,0.86,8.0,5.2,10.7,1.01,0.97,1.07,-14.4,0.2,0.3,3,657,0.572,5,-8,-54,1,13.7,1.1,10,-12,-18,8.024,0.064,7.32,8.35,0.07,0.17,163.3058333333333,16.975277777777777,-24.136671,-25.883411,63.84724,PM*,F8
HD 94375, ,10,53,14.6,-,30,5,47,275,26,8.0,0.34,2.631,-0.002,3.789,0.07,75,3.64,0.6,3.1,2.2,3.9,1.25,1.19,1.3,28.6,0.2,0.3,2,764,0.381,8,-77,-37,2,13.4,0.9,-14,-38,-9,7.995,0.033,6.14,8.0,0.13,0.05,163.3108333333333,-30.09638888888889,5.875129,-67.15304,32.87784,PM*,F8V
HD 94426, ,10,54,25.5,+,30,31,55,198,64,7.552,0.35,2.614,-0.004,3.779,-0.24,53,3.93,0.84,6.1,3.8,9.3,1.06,1.0,1.11,5.2,0.3,0.1,2,264,0.872,5,60,-7,2,18.9,0.9,11,2,11,8.022,0.048,7.71,8.88,0.07,0.3,163.60625,30.531944444444445,-22.096537,-7.1795993,47.636086,PM*,F8V
HD 94444, ,10,53,25.6,-,44,24,40,282,14,8.095,0.343,2.605,0.001,3.777,-0.55,58,4.27,0.8,7.1,4.3,10.0,0.97,0.9,1.03,0.5,0.2,0.2,4,4069,0.834,4,-261,9,2,17.2,1.0,-62,-21,-29,7.989,0.014,6.41,8.98,0.17,0.38,163.35666666666665,-44.41111111111111,11.700666,-55.047363,14.03147,PM*,F7/8V
HD 94456, ,10,54,44.7,+,36,45,31,184,64,7.391,0.255,2.686,0.002,3.829,-0.27,143,1.62,2.06,1.3,1.1,1.5,1.71,1.62,1.82,-0.9,0.6,0.6,2,34,0.469,16,-51,-40,2,7.0,0.9,-22,-36,-13,8.063,0.128,6.28,8.11,0.13,0.16,163.68625,36.75861111111111,-62.534378,-4.372825,128.52756,PM*,F0
HD 94457, ,10,54,35.3,+,29,37,48,200,64,6.534,0.353,2.634,0.016,3.783,-0.04,65,2.47,2.02,2.1,1.9,2.3,1.54,1.48,1.59,14.5,0.3,0.0,1,0,0.0,3,-98,-47,2,15.4,0.7,-27,-25,0,8.026,0.058,6.78,8.16,0.09,0.12,163.6470833333333,29.63,-26.77572,-9.745565,58.42161,PM*,F8
HD 94461, ,10,53,47.8,-,32,19,36,276,24,7.879,0.291,2.651,0.008,3.808,-0.61,100,2.88,1.54,2.6,2.2,4.2,1.25,1.14,1.33,-9.2,0.2,0.5,4,799,0.387,12,-5,-7,2,10.0,0.9,-1,7,-7,7.991,0.041,7.93,8.82,0.05,0.04,163.44916666666666,-32.32666666666667,9.549141,-90.854095,40.673664,*,F2V
HD 94467, ,10,55,52.2,+,65,43,54,140,47,8.536,0.365,0.0,0.0,3.77,-0.28,71,4.28,0.73,7.9,5.1,12.1,0.99,0.94,1.04,-61.2,0.2,0.4,3,128,0.436,3,133,23,2,14.1,1.0,70,-7,-30,8.037,0.052,6.4,10.36,0.24,0.43,163.96749999999997,65.73166666666667,-37.09331,31.124985,51.926113,PM*,F9V
HD 94483, ,10,53,57.1,-,34,30,59,277,22,8.108,0.279,2.657,-0.013,3.819,-0.08,115,2.81,0.91,1.9,1.5,2.2,1.41,1.34,1.49,-5.9,0.4,0.3,2,356,0.533,17,43,-60,2,8.7,1.0,36,3,-18,7.987,0.044,7.2,9.54,0.14,0.19,163.48791666666662,-34.51638888888889,12.994437,-105.831375,43.079758,PM*,F3V
HD 94500, ,10,54,34.0,-,1,31,7,254,50,8.031,0.268,2.673,-0.002,3.825,-0.18,129,2.48,1.2,1.8,1.5,2.1,1.47,1.38,1.57,10.1,0.6,0.6,3,1062,0.637,30,-39,-9,1,7.4,1.0,-20,-17,-5,8.023,0.099,7.24,8.09,0.06,0.1,163.64166666666665,-1.5186111111111111,-22.855726,-79.707436,98.81973,*,F2V
HD 94504, ,10,53,56.3,-,36,27,24,278,21,6.729,0.293,2.654,-0.015,3.814,0.2,48,3.33,0.26,1.4,0.0,2.4,1.42,1.37,1.45,3.0,0.5,0.2,2,707,0.821,27,-169,6,2,20.9,0.8,-33,-13,-14,7.994,0.017,7.18,8.37,0.08,0.11,163.48458333333332,-36.45666666666667,6.2366138,-44.37575,17.201662,PM*,F6/7IV
HD 94512, ,10,52,25.9,-,73,11,10,294,-12,9.145,0.365,2.61,0.004,3.771,-0.45,110,3.94,1.19,8.9,6.3,11.1,0.99,0.94,1.04,5.4,0.4,0.6,3,2219,0.062,5,-23,23,2,9.1,0.9,-12,-12,4,7.956,-0.023,7.52,7.96,0.03,0.16,163.10791666666665,-73.18611111111112,43.763332,-98.29405,-22.870287,*,F7V
HD 94598, ,10,54,5.3,-,60,21,10,289,-1,7.876,0.331,2.652,0.027,3.807,-0.03,106,2.63,1.31,2.0,1.7,2.3,1.45,1.37,1.55,-3.0,2.4,3.4,2,596,0.093,55,-44,25,2,0.0,0.0,-25,-5,2,7.966,-0.001,7.62,8.34,0.04,0.13,163.5220833333333,-60.35277777777778,34.50497,-100.2097,-1.849955,PM*,F5IV/Vp
HD 94729, ,10,56,5.1,-,1,37,4,254,50,7.522,0.242,2.699,0.0,3.839,-0.06,75,3.14,0.16,0.9,0.0,1.6,1.4,1.35,1.46,10.3,1.1,1.6,2,1004,0.115,40,-122,11,1,13.3,0.9,-41,-16,-9,8.013,0.058,6.95,8.53,0.1,0.06,164.02125,-1.6177777777777778,-13.288213,-46.341534,57.45333,PM*,F2/3V
HD 94794, ,10,56,44.3,+,13,33,31,234,60,8.446,0.345,2.623,-0.003,3.782,-0.09,71,4.19,0.37,4.3,0.8,7.0,1.08,1.02,1.15,9.8,0.5,0.4,2,1044,0.605,15,-83,16,1,14.1,1.2,-29,-7,-2,8.021,0.061,7.52,8.44,0.06,0.1,164.1845833333333,13.558611111111112,-20.866383,-28.720095,61.48781,PM*,F8V
HD 94807, ,10,56,44.8,-,0,20,43,253,51,8.277,0.282,2.67,0.007,3.815,-0.29,93,3.44,0.56,2.5,1.6,3.2,1.23,1.17,1.29,2.1,0.2,0.2,6,2189,0.975,12,-8,20,1,10.8,0.9,-8,4,4,8.017,0.072,8.01,8.66,0.04,0.19,164.18666666666664,-0.34527777777777774,-17.111591,-55.969448,72.274574,*,F2V
HD 94848, ,10,57,17.6,+,21,8,25,220,63,8.443,0.268,2.684,0.008,3.823,-0.19,97,3.51,0.22,1.6,0.0,2.6,1.26,1.21,1.32,11.9,2.7,0.0,1,0,0.0,35,-69,-15,1,10.3,1.1,-28,-19,-4,8.034,0.087,7.04,8.23,0.08,0.1,164.3233333333333,21.140277777777776,-33.734364,-28.30649,86.427635,PM*,F5
HD 94864, ,10,57,7.9,-,0,18,43,253,51,6.876,0.278,2.671,-0.001,3.82,-0.04,62,2.92,0.74,1.9,1.4,2.2,1.42,1.38,1.47,3.4,0.6,0.9,2,439,0.21,19,-108,-32,1,16.2,0.8,-23,-18,-15,8.011,0.048,7.14,8.12,0.06,0.12,164.28291666666664,-0.3119444444444444,-11.407728,-37.312965,48.183052,PM*,F3V
HD 94886, ,10,57,6.6,-,9,57,42,262,44,8.769,0.33,2.625,0.001,3.788,-0.44,115,3.47,1.26,5.3,3.3,6.8,1.08,1.02,1.16,-12.1,0.4,0.6,2,439,0.187,8,-18,18,2,8.3,1.1,-12,12,-7,8.011,0.079,8.01,9.17,0.07,0.09,164.27749999999997,-9.961666666666666,-11.512979,-81.91901,79.88572,*,F5V
HD 94906, ,10,56,52.1,-,31,12,16,276,26,7.431,0.234,2.687,-0.003,3.839,-0.6,83,2.83,0.95,2.0,1.6,2.3,1.32,1.28,1.37,-5.3,0.9,0.0,1,0,0.0,25,-54,-48,2,12.0,0.8,-9,-8,-26,7.992,0.036,7.85,8.0,0.01,0.3,164.21708333333333,-31.204444444444444,7.797806,-74.191246,36.384804,PM*,F0V
HD 94927, ,10,57,37.8,+,15,45,40,230,61,7.892,0.293,2.67,0.016,3.81,-0.25,99,2.91,1.16,2.4,2.0,2.8,1.32,1.24,1.41,0.8,0.6,0.8,2,1080,0.227,16,-94,-64,1,10.1,1.2,-25,-40,-25,8.03,0.087,6.04,8.1,0.15,0.29,164.40749999999997,15.761111111111111,-30.851324,-36.76719,86.58735,PM*,F2
HD 94937, ,11,0,10.0,+,77,41,31,130,38,7.886,0.337,0.0,0.0,3.789,0.0,76,3.49,0.82,3.2,2.6,3.7,1.26,1.18,1.31,-4.5,0.4,0.0,1,0,0.0,7,-113,-21,2,13.2,0.7,-33,-20,-15,8.039,0.046,6.92,8.3,0.09,0.12,165.04166666666666,77.69194444444445,-38.495792,45.8775,46.790276,PM*,F7V
HD 94964, ,10,55,20.0,-,75,11,30,296,-14,7.851,0.352,2.615,0.002,3.776,-0.29,52,4.26,0.62,6.9,4.4,8.9,1.0,0.96,1.06,0.1,0.2,0.2,5,1036,0.858,5,-60,-59,2,19.1,0.6,-8,1,-19,7.978,-0.013,7.97,8.41,0.03,0.18,163.83333333333331,-75.19166666666668,22.118174,-45.349,-12.579939,PM*,F8V
HD 95025, ,10,57,54.8,-,22,1,15,271,34,7.474,0.273,2.662,-0.011,3.822,-0.15,110,2.27,1.45,1.6,1.4,1.9,1.55,1.47,1.64,24.7,0.5,0.9,4,1416,0.588,30,-47,11,2,9.1,1.0,-24,-25,7,7.998,0.061,6.77,8.09,0.09,0.23,164.4783333333333,-22.020833333333332,1.5915492,-91.18025,61.51122,*,F5IV/V
HD 95142, ,10,57,22.0,-,69,18,48,293,-9,9.151,0.347,2.607,0.006,3.776,-0.64,98,4.19,0.96,7.6,4.1,11.2,0.95,0.88,1.02,-47.1,0.3,0.1,2,484,0.794,6,-50,42,2,0.0,0.0,-45,31,14,7.962,-0.015,7.72,10.94,0.17,0.41,164.3416666666666,-69.31333333333333,37.820225,-89.09885,-15.330579,PM*,F6IV/V
HD 95211, ,11,0,20.0,+,48,29,19,161,60,8.525,0.294,2.658,0.004,3.81,-0.24,132,2.92,1.14,2.4,2.0,2.8,1.31,1.23,1.4,43.1,1.2,1.7,2,1102,0.048,22,-93,32,1,5.7,1.0,-74,8,7,8.063,0.114,7.05,10.53,0.2,0.27,165.08333333333331,48.48861111111111,-62.40422,21.487494,114.31536,PM*,F8
HD 95216, ,10,59,41.0,+,11,42,21,238,60,6.53,0.288,2.655,-0.009,3.812,-0.13,45,3.27,0.65,2.4,1.7,2.9,1.31,1.26,1.35,23.8,0.5,0.0,1,0,0.0,11,-228,45,1,22.3,0.9,-52,-17,3,8.012,0.039,6.73,8.81,0.13,0.16,164.9208333333333,11.705833333333333,-11.923185,-19.08108,38.971146,PM*,F5V
HD 95407, ,11,0,16.0,-,43,15,5,282,15,7.586,0.285,2.645,-0.029,3.819,0.18,92,2.77,0.73,1.5,1.2,1.9,1.53,1.46,1.6,29.0,0.2,0.1,2,708,0.934,8,23,-11,2,10.9,0.9,17,-25,8,7.981,0.024,6.61,8.27,0.11,0.23,165.06666666666666,-43.25138888888889,18.47609,-86.923256,23.811352,*,F5V
HD 95422, ,11,0,50.7,-,12,4,53,265,42,8.099,0.241,2.695,-0.004,3.84,-0.06,104,3.01,0.27,1.1,0.0,1.7,1.42,1.36,1.49,-14.8,1.2,1.8,3,1121,0.308,80,13,-18,2,9.6,1.1,11,7,-13,8.007,0.07,7.78,9.12,0.08,0.11,165.21124999999998,-12.081388888888888,-6.7360086,-76.992966,69.589584,*,F2V
HD 95456, ,11,0,40.7,-,31,50,21,277,25,6.06,0.336,2.635,-0.001,3.79,0.08,31,3.59,0.62,3.0,2.2,3.7,1.26,1.23,1.31,-1.8,0.2,0.2,2,679,0.406,3,-78,105,2,32.0,0.8,-18,3,7,7.997,0.013,7.94,8.64,0.04,0.21,165.16958333333332,-31.839166666666664,3.4239795,-27.886122,13.101167,PM*,F8V
HD 95518, ,11,1,43.6,+,17,21,35,228,63,8.502,0.339,2.621,-0.003,3.785,-0.34,115,3.2,1.52,4.8,3.2,6.1,1.14,1.07,1.22,-7.8,0.4,0.0,1,0,0.0,8,-5,-11,1,6.7,1.2,3,-4,-9,8.035,0.102,7.79,8.41,0.04,0.11,165.43166666666664,17.359722222222224,-34.93459,-38.798775,102.46575,*,F8
HD 95532, ,11,1,29.0,-,16,56,46,269,38,7.582,0.339,2.614,-0.015,3.785,-0.29,75,3.2,1.47,4.7,3.9,5.5,1.17,1.13,1.24,-27.3,0.2,0.2,2,443,0.632,4,-50,-68,2,13.3,0.9,-2,2,-41,8.001,0.047,7.92,8.62,0.04,0.61,165.37083333333334,-16.94611111111111,-1.0314448,-59.09181,46.174614,PM*,F7/8V
HD 95552, ,11,1,56.6,+,19,30,25,224,64,8.251,0.345,2.615,-0.005,3.781,-0.23,71,4.0,0.71,5.6,3.4,8.3,1.06,1.0,1.12,11.4,0.6,0.0,1,0,0.0,11,-133,-127,1,14.1,1.1,-25,-56,-15,8.023,0.064,5.25,8.07,0.21,0.14,165.48583333333335,19.506944444444443,-22.388987,-21.620794,63.814377,PM*,F5
HD 95812, ,11,2,54.8,-,42,49,19,283,16,8.402,0.355,2.62,0.013,3.775,-0.43,78,3.95,1.07,8.5,5.3,10.6,1.0,0.95,1.06,19.4,0.2,0.3,3,1456,0.364,6,-92,17,1,12.9,1.0,-28,-28,-3,7.984,0.021,6.58,8.12,0.1,0.07,165.72833333333332,-42.82194444444445,16.866484,-73.05671,21.499714,PM*,F6/7V
HD 95938, ,11,3,57.0,-,9,4,51,263,45,8.01,0.269,2.68,0.012,3.826,-0.22,160,1.99,1.71,1.5,1.3,1.8,1.6,1.5,1.72,26.3,0.4,0.3,5,1119,0.976,40,-38,15,1,6.4,0.9,-32,-20,14,8.013,0.114,6.95,8.28,0.09,0.36,165.98749999999998,-9.080833333333333,-13.78797,-112.29378,113.137085,*,F2V
HD 96080, ,11,4,37.6,-,22,46,57,273,34,7.996,0.341,2.635,0.013,3.788,-0.15,121,2.58,1.9,2.4,2.0,2.9,1.42,1.34,1.52,12.3,0.4,0.6,2,760,0.098,8,-57,6,2,7.4,1.0,-29,-19,-4,7.995,0.067,7.01,8.21,0.08,0.08,166.15666666666664,-22.7825,5.2500253,-100.17607,67.66234,PM*,F6V
HD 96218, ,11,5,49.8,+,12,33,55,238,61,7.564,0.293,2.671,0.01,3.811,-0.08,59,3.7,0.2,1.5,0.0,3.0,1.24,1.19,1.29,0.7,0.8,0.6,2,1044,0.567,22,-42,-78,2,16.9,0.9,-1,-23,-10,8.015,0.052,6.93,8.06,0.08,0.06,166.45749999999998,12.565277777777778,-15.15769,-24.257366,51.602562,PM*,F5V
HD 96290, ,11,3,59.7,-,74,14,52,296,-13,7.722,0.351,2.614,-0.002,3.778,-0.22,52,4.16,0.61,6.2,3.8,8.2,1.04,0.98,1.09,1.5,0.2,0.1,5,1088,0.974,4,-214,20,2,19.4,0.6,-46,-19,-17,7.978,-0.012,6.71,8.55,0.12,0.15,165.99875,-74.24777777777778,22.211048,-45.53942,-11.697454,PM*,F8V
HD 96375, ,11,6,40.4,+,5,25,48,249,57,8.155,0.248,2.707,0.017,3.838,-0.05,113,2.89,0.42,1.3,0.6,1.7,1.43,1.37,1.51,5.3,1.2,1.9,3,1062,0.518,90,-74,-6,2,5.9,1.2,-34,-18,-12,8.022,0.095,7.0,8.34,0.09,0.13,166.66833333333332,5.430000000000001,-22.055464,-57.456474,94.769775,PM*,F0
HD 96417, ,11,3,2.2,-,81,37,18,299,-20,7.886,0.35,2.648,0.031,3.801,0.18,84,3.13,0.75,2.2,1.7,2.5,1.42,1.37,1.47,-2.2,0.2,0.2,2,1030,0.473,4,-59,46,1,11.9,0.6,-26,-14,7,7.962,-0.028,7.28,8.16,0.06,0.21,165.75916666666666,-81.62166666666666,38.26805,-69.03739,-28.72969,PM*,F7V
HD 96479, ,11,7,13.2,+,10,12,44,243,60,7.324,0.288,2.645,-0.007,3.813,-0.4,115,2.02,2.12,1.8,1.5,2.1,1.53,1.44,1.63,2.5,0.9,1.3,2,874,0.046,15,14,-14,1,8.7,1.1,10,-5,3,8.026,0.1,7.59,8.53,0.06,0.19,166.80499999999998,10.212222222222222,-26.104462,-51.232864,99.592926,*,F5IV
HD 96550, ,11,7,39.3,+,13,29,55,237,62,8.002,0.3,2.653,0.005,3.806,-0.26,110,2.8,1.37,2.4,2.0,2.8,1.35,1.25,1.44,3.3,0.4,0.1,2,875,0.849,13,29,-76,1,9.1,1.1,29,-31,-1,8.028,0.097,6.22,8.52,0.16,0.14,166.91375,13.49861111111111,-28.126188,-43.310524,97.12423,PM*,F5V
HD 96551, ,11,7,27.2,-,2,10,44,258,51,8.678,0.384,2.63,0.041,3.789,0.1,142,2.74,1.48,2.3,1.9,2.7,1.45,1.36,1.55,17.0,0.3,0.2,2,1103,0.649,7,21,-17,1,6.1,1.2,16,-14,13,8.018,0.111,7.14,8.45,0.08,0.36,166.86333333333332,-2.178888888888889,-18.579735,-87.41068,110.35473,*,F8/G0V
HD 96574, ,11,7,36.2,+,13,51,31,236,62,7.32,0.351,2.634,0.012,3.781,-0.07,50,3.81,0.75,3.9,3.0,6.8,1.12,1.07,1.2,36.0,0.4,0.6,2,1138,0.163,2,-364,105,1,19.9,0.9,-95,-20,4,8.013,0.045,5.92,10.03,0.26,0.2,166.9008333333333,13.858611111111111,-13.12626,-19.460482,44.147377,PM*,F9V
HD 96639, ,11,6,44.8,-,66,0,28,293,-5,9.153,0.407,2.608,0.039,3.77,-0.33,138,3.29,1.76,5.9,4.5,7.6,1.09,1.03,1.16,6.9,0.3,0.4,2,1094,0.213,2,46,-30,2,0.0,0.0,35,8,-7,7.947,-0.013,7.28,9.71,0.14,0.01,166.68666666666664,-66.00777777777778,53.71572,-126.54628,-12.027492,PM*,F7V
HD 96679, ,11,8,22.6,+,21,2,22,222,66,8.031,0.397,2.59,0.005,3.756,-0.28,66,3.93,1.4,9.9,8.3,11.8,1.01,0.97,1.04,32.4,0.2,0.1,2,368,0.917,3,-208,-63,2,15.1,1.1,-58,-48,2,8.02,0.06,5.39,8.52,0.23,0.14,167.09416666666664,21.039444444444445,-19.949438,-17.962553,60.294003,PM*,F5
HD 96680, ,11,8,20.1,+,4,27,30,251,57,8.058,0.31,2.657,0.009,3.803,-0.06,110,2.85,1.2,2.3,1.9,2.6,1.4,1.32,1.47,-2.7,0.4,0.1,2,807,0.883,12,-3,-29,1,9.1,1.0,6,-11,-9,8.02,0.092,7.44,8.28,0.05,0.1,167.08374999999998,4.458333333333334,-19.504887,-56.646297,92.25376,*,F5V
CD -43 6810, ,11,8,40.0,-,44,15,33,284,15,9.829,0.383,0.0,0.0,3.757,-0.99,116,4.51,1.26,14.1,8.2,0.0,0.8,0.78,0.87,154.2,0.4,0.0,1,0,0.0,5,-18,-238,2,6.8,1.5,86,-166,-79,7.973,0.03,1.17,9.11,0.77,1.84,167.16666666666663,-44.259166666666665,27.106726,-108.71911,30.023008,PM*,F8
HD 96973, ,11,10,27.3,+,47,47,52,160,61,7.253,0.314,2.659,0.017,3.8,-0.17,78,2.79,1.44,2.4,2.1,2.6,1.4,1.35,1.46,-23.1,0.4,0.5,2,1102,0.288,14,-42,51,2,12.8,0.7,-7,9,-32,8.035,0.069,8.02,9.02,0.06,0.43,167.61374999999995,47.797777777777775,-35.534615,12.933545,68.22034,PM*,F5
HD 97217, ,11,11,2.0,-,36,13,32,281,22,7.563,0.269,2.678,0.0,3.831,0.13,161,1.53,1.76,1.0,0.9,1.2,1.92,1.78,2.05,9.8,0.6,1.1,3,734,0.37,45,-5,-15,2,7.5,1.0,4,-13,-8,7.971,0.061,7.33,8.14,0.05,0.06,167.75833333333333,-36.22555555555556,28.4833,-146.53397,60.31166,*,F3/5IV
HD 97227, ,11,11,40.3,+,18,41,31,228,66,8.243,0.324,2.619,-0.006,3.79,-0.46,74,3.91,0.79,4.6,2.9,6.7,1.05,1.0,1.11,14.2,0.3,0.2,2,689,0.75,5,24,-33,1,13.6,1.0,8,-12,14,8.02,0.067,7.38,8.31,0.06,0.35,167.91791666666663,18.691944444444445,-20.139837,-22.367548,67.60236,*,F2
HD 97249, ,11,11,4.5,-,41,35,14,284,17,8.512,0.339,2.624,0.003,3.784,-0.25,102,3.47,1.19,5.3,3.2,6.7,1.12,1.06,1.2,-28.4,0.5,0.7,2,702,0.057,6,-183,23,2,9.8,1.1,-88,-1,-33,7.977,0.031,6.54,10.48,0.23,0.5,167.76874999999998,-41.58722222222222,23.597815,-94.64564,29.821913,PM*,F6V
HD 97358, ,11,12,11.7,-,9,29,5,266,46,7.545,0.267,2.649,-0.022,3.822,-0.32,77,3.11,0.76,2.2,1.8,2.7,1.3,1.24,1.35,-12.4,0.3,0.3,3,1155,0.808,18,-114,-7,2,13.0,1.0,-34,-7,-26,8.004,0.056,7.42,8.57,0.07,0.31,168.04874999999996,-9.48472222222222,-3.7311864,-53.3584,55.389164,PM*,F3V
HD 97461, ,11,12,50.4,-,13,56,0,270,42,7.088,0.33,2.643,0.014,3.792,-0.17,78,2.64,1.77,2.3,2.1,2.5,1.44,1.38,1.51,-8.0,0.4,0.6,2,761,0.075,8,90,-47,2,12.9,0.8,37,6,-4,8.0,0.052,7.26,9.76,0.15,0.08,168.20999999999995,-13.933333333333334,6.912292e-07,-57.965294,52.19219,PM*,F7III/IV
HD 97642, ,11,12,23.9,-,74,12,33,296,-13,7.978,0.266,2.684,0.006,3.826,-0.09,101,2.96,0.62,1.8,1.3,2.2,1.4,1.36,1.46,10.1,0.9,1.3,2,768,0.289,35,9,5,2,9.9,0.6,7,-8,1,7.956,-0.022,7.46,8.3,0.05,0.13,168.0995833333333,-74.20916666666668,43.14069,-88.45157,-22.720055,*,F3V
HD 97657, ,11,14,45.2,+,43,19,45,167,65,7.957,0.389,0.0,0.0,3.765,0.04,91,3.16,1.69,4.3,3.5,5.1,1.26,1.18,1.4,-7.9,0.2,0.3,2,369,0.407,4,49,-115,1,11.0,0.9,35,-40,12,8.038,0.082,5.78,8.55,0.19,0.33,168.6883333333333,43.32916666666667,-37.47258,8.651229,82.47401,PM*,F8
HD 97769, ,11,14,17.6,-,55,9,25,289,5,8.156,0.346,2.612,0.001,3.778,-0.42,69,3.96,0.98,6.8,4.4,9.7,1.01,0.95,1.07,23.0,0.3,0.4,2,457,0.184,4,93,-63,2,0.0,0.0,42,-11,-6,7.977,0.006,6.73,9.2,0.16,0.02,168.5733333333333,-55.15694444444444,22.378721,-64.99252,6.013746,PM*,F7V
HD 97891, ,11,15,38.9,+,4,28,40,253,58,8.315,0.303,2.644,-0.002,3.802,-0.28,98,3.36,0.92,3.0,2.4,3.7,1.19,1.12,1.27,-32.2,0.4,0.5,2,1116,0.407,7,-21,-105,2,10.2,1.1,19,-25,-50,8.015,0.083,6.67,8.4,0.11,0.85,168.9120833333333,4.477777777777778,-15.183484,-49.6629,83.10871,PM*,F5.5V
HD 97980, ,11,15,35.4,-,48,15,30,287,12,8.409,0.347,2.649,0.032,3.799,0.02,74,3.94,0.13,1.7,0.0,3.7,1.2,1.14,1.25,17.1,0.3,0.5,2,440,0.267,8,-130,34,2,13.6,1.1,-39,-31,-2,7.979,0.015,6.31,8.27,0.13,0.08,168.89749999999998,-48.25833333333333,21.1627,-69.220146,15.385466,PM*,F7/8V
HD 98180, ,11,17,0.0,-,54,46,37,290,6,6.77,0.276,2.68,0.015,3.819,-0.32,54,3.09,0.84,2.4,1.9,2.8,1.3,1.26,1.35,7.4,0.5,0.1,2,1090,0.96,23,54,-61,2,18.4,0.6,20,-2,-9,7.982,0.005,7.39,8.88,0.09,0.02,169.24999999999997,-54.776944444444446,18.367908,-50.465424,5.644537,PM*,F3V
HD 98220, ,11,17,39.2,-,33,32,49,281,25,6.854,0.327,2.635,0.0,3.791,-0.16,41,3.8,0.62,3.7,2.8,4.8,1.15,1.08,1.21,16.5,0.2,0.2,4,702,0.636,5,78,-332,2,24.5,0.8,46,-30,-40,7.993,0.017,6.03,8.91,0.19,0.62,169.41333333333333,-33.54694444444444,7.090194,-36.47591,17.327349,PM*,F7V
HD 98271, ,11,17,55.5,-,37,11,47,283,22,8.097,0.287,2.642,-0.021,3.812,-0.13,95,3.2,0.72,2.3,1.7,2.8,1.3,1.24,1.37,-0.8,0.6,0.8,2,675,0.27,22,-49,21,2,10.5,1.1,-23,-5,0,7.98,0.036,7.69,8.34,0.04,0.11,169.48125,-37.19638888888888,19.814257,-85.82491,35.587624,PM*,F3V
HD 98301, ,11,18,8.5,-,31,18,40,281,27,8.339,0.351,2.652,0.042,3.806,0.1,120,2.76,1.08,1.9,1.6,2.3,1.46,1.37,1.55,29.4,0.3,0.2,2,703,0.617,14,-72,0,2,5.9,1.1,-31,-40,-1,7.981,0.055,5.95,8.1,0.15,0.11,169.53541666666666,-31.311111111111114,20.401434,-104.95635,54.47886,PM*,F6V
HD 98388, ,11,19,6.6,+,13,23,26,241,64,7.118,0.323,2.658,0.017,3.796,-0.02,48,3.73,0.44,3.0,1.6,4.1,1.22,1.16,1.27,9.1,0.3,0.1,2,1138,0.967,11,-147,1,1,21.0,1.0,-31,-15,-3,8.01,0.043,7.18,8.3,0.07,0.07,169.77749999999997,13.390555555555554,-10.201275,-18.403587,43.142113,PM*,F8V
HD 98413, ,11,19,9.2,-,20,13,32,275,38,8.106,0.226,2.728,0.0,3.848,-0.32,141,2.36,1.02,1.5,1.2,1.7,1.48,1.4,1.57,2.8,0.9,0.9,3,1074,0.669,45,11,4,2,7.1,0.9,6,2,6,7.99,0.086,7.79,8.68,0.05,0.23,169.78833333333333,-20.225555555555555,9.683832,-110.686714,86.80827,*,F0V
HD 98471, ,11,19,44.5,+,3,37,15,256,58,8.416,0.318,2.633,-0.001,3.796,-0.36,124,2.95,1.53,2.9,2.3,4.7,1.2,1.12,1.34,-21.5,1.3,1.8,2,807,0.031,18,-3,-26,1,7.8,1.2,8,-1,-25,8.016,0.105,7.7,8.65,0.06,0.3,169.93541666666664,3.6208333333333336,-15.896688,-63.758125,105.15797,*,F5V
HD 98478, ,11,19,10.4,-,48,10,54,287,12,8.184,0.431,2.623,0.068,3.784,0.36,128,2.36,1.79,1.7,1.4,2.1,1.61,1.49,1.71,-0.7,0.5,0.7,2,1098,0.172,20,-19,-5,1,5.2,1.0,-9,-4,-7,7.962,0.026,7.95,8.07,0.01,0.03,169.7933333333333,-48.181666666666665,36.60575,-119.73214,26.612698,*,F8/G0IV
HD 98537, ,11,18,41.6,-,74,11,26,297,-12,7.723,0.332,2.633,0.0,3.79,-0.07,59,3.88,0.48,3.6,2.1,4.8,1.16,1.1,1.22,50.5,0.3,0.5,2,1030,0.244,9,34,-14,2,17.0,0.7,31,-40,-11,7.974,-0.013,5.78,8.41,0.19,0.05,169.67333333333332,-74.19055555555556,26.2001,-51.420624,-12.26679,*,F7IV/V
HD 98563, ,11,20,23.9,-,1,47,49,262,54,8.297,0.321,2.653,0.01,3.797,-0.01,96,3.38,0.76,2.7,2.1,3.3,1.27,1.19,1.34,10.4,0.3,0.4,2,1107,0.338,10,-75,20,1,10.4,1.1,-35,-11,1,8.008,0.078,7.25,8.48,0.08,0.14,170.09958333333333,-1.7969444444444442,-7.853183,-55.878235,77.665634,PM*,F7V
HD 98572, ,11,20,56.7,+,51,45,40,151,60,7.315,0.264,0.0,0.0,3.826,-0.12,68,3.14,0.47,1.7,1.0,2.3,1.36,1.31,1.41,6.5,0.6,1.5,5,2241,0.321,29,-166,-105,1,14.6,0.8,-42,-48,-1,8.03,0.059,5.52,8.26,0.2,0.12,170.23624999999998,51.76111111111111,-29.737068,16.483524,58.889732,PM*,F0
HD 98651, ,11,20,42.4,-,35,43,10,283,24,7.602,0.25,2.702,0.012,3.841,0.21,89,2.85,0.2,0.8,0.0,1.4,1.56,1.49,1.62,14.6,1.0,1.1,3,737,0.622,80,18,-55,2,11.2,1.2,20,-17,-11,7.982,0.036,6.89,8.45,0.1,0.06,170.17666666666668,-35.71944444444445,18.28978,-79.22168,36.199562,PM*,F3V
HD 98661, ,11,22,49.5,+,77,22,24,129,39,7.444,0.315,0.0,0.0,3.797,-0.21,64,3.41,0.92,3.2,2.7,3.6,1.22,1.14,1.28,0.1,0.5,0.0,1,0,0.0,11,-93,8,1,15.6,0.6,-25,-8,-11,8.031,0.04,7.59,8.31,0.05,0.07,170.70624999999998,77.37333333333332,-31.30072,38.65318,40.276505,PM*,F5
HD 98681, ,11,21,35.8,+,40,25,51,172,67,7.234,0.347,0.0,0.0,3.784,-0.21,149,1.36,3.27,0.0,0.0,0.0,0.0,0.0,0.0,-49.2,1.3,0.0,1,0,0.0,30,41,-56,1,6.7,0.8,56,-30,-28,8.057,0.138,5.94,9.26,0.22,0.39,170.39916666666664,40.43083333333333,-57.652367,8.102517,137.15521,PM*,F8
HD 98697, ,11,21,26.7,+,6,38,5,253,60,6.695,0.342,2.644,0.02,3.796,0.01,43,3.44,0.7,2.8,2.2,3.4,1.28,1.24,1.33,-14.1,0.3,0.4,2,495,0.328,4,-290,0,2,23.2,0.9,-49,-14,-32,8.006,0.037,6.88,8.8,0.12,0.44,170.36124999999996,6.634722222222222,-6.285996,-20.560549,37.239094,PM*,F8
HD 98727, ,11,21,30.9,-,12,41,54,271,45,7.862,0.326,2.644,-0.001,3.797,0.19,68,3.7,0.26,2.1,0.4,3.1,1.29,1.24,1.34,15.6,0.3,0.4,2,375,0.247,11,-149,47,1,14.7,0.9,-49,-19,4,7.999,0.048,6.7,8.68,0.13,0.18,170.37875,-12.698333333333334,0.8391644,-48.075935,48.08326,PM*,F7V
HD 98753, ,11,21,35.4,-,31,31,17,281,28,7.754,0.327,2.635,0.0,3.79,-0.17,60,3.88,0.57,3.8,2.5,5.5,1.12,1.06,1.19,-2.0,0.3,0.4,2,703,0.29,10,23,21,2,16.8,0.9,3,6,6,7.99,0.028,7.89,8.86,0.06,0.21,170.39749999999998,-31.52138888888889,10.108454,-52.00352,28.168295,*,F6V
HD 98823, ,11,22,41.7,+,40,10,31,172,67,6.587,0.305,0.0,0.0,3.808,0.0,108,1.43,2.46,1.1,1.0,1.2,1.91,1.82,1.97,-13.9,1.7,2.4,2,1254,0.1,40,-65,3,1,9.3,0.7,-24,-11,-24,8.041,0.099,7.51,8.25,0.05,0.29,170.67375,40.17527777777777,-41.788292,5.872965,99.41452,PM*,F5
HD 98861, ,11,23,59.1,+,72,37,49,132,43,8.702,0.32,0.0,0.0,3.797,-0.15,137,3.02,1.25,2.6,2.2,3.2,1.3,1.19,1.4,-2.8,0.3,0.1,2,1444,0.772,8,-28,22,2,7.3,0.9,-15,3,-17,8.067,0.093,8.04,8.63,0.04,0.19,170.99624999999997,72.63027777777778,-67.04385,74.45973,93.43377,*,F5
BD +20 2594, ,11,23,16.2,+,19,53,37,228,69,9.969,0.358,2.593,0.011,3.767,-1.18,109,4.78,0.91,7.3,0.0,15.8,0.84,0.77,0.91,98.7,0.3,0.6,5,1432,0.1,5,-328,-316,1,8.7,1.6,-102,-233,11,8.027,0.101,0.11,8.78,0.98,5.66,170.81749999999997,19.89361111111111,-26.13766,-29.028801,101.76026,PM*,F9
HD 99122, ,11,24,26.5,+,15,53,2,238,67,7.572,0.36,2.622,0.02,3.786,-0.16,79,2.99,1.54,2.8,2.4,4.4,1.34,1.26,1.41,-17.1,0.3,0.2,2,875,0.656,7,-27,-6,2,12.6,1.0,-4,0,-20,8.017,0.073,7.97,8.41,0.03,0.2,171.11041666666665,15.883888888888889,-16.357428,-26.177347,72.71988,*,F8
HD 99177, ,11,25,17.3,+,49,22,31,154,62,8.223,0.346,2.651,0.027,3.803,0.28,114,2.83,0.96,1.8,1.3,2.6,1.48,1.41,1.56,-6.4,0.3,0.4,2,1102,0.313,8,-34,-42,1,8.8,1.0,-7,-28,-4,8.047,0.101,6.7,8.05,0.09,0.11,171.32208333333332,49.375277777777775,-48.10325,23.461521,100.65602,PM*,F8
HD 99233, ,11,25,31.7,+,42,37,58,166,67,7.873,0.376,2.584,0.005,3.759,-0.69,43,4.71,0.83,12.3,5.8,0.0,0.83,0.8,0.91,10.2,0.2,0.5,5,1039,0.152,5,-63,124,1,23.3,0.9,-23,20,-1,8.016,0.039,7.96,9.8,0.1,0.12,171.3820833333333,42.632777777777775,-16.302368,4.064636,39.581707,PM*,F8
HD 99310, ,11,25,4.1,-,51,53,38,290,9,8.756,0.353,2.607,0.0,3.775,-0.55,109,3.57,1.54,7.2,5.6,9.0,1.03,0.97,1.08,61.6,0.2,0.3,3,1448,0.399,8,-135,54,2,9.2,1.0,-51,-81,14,7.964,0.017,4.06,8.21,0.34,0.34,171.2670833333333,-51.89388888888889,36.82121,-101.16546,17.051357,PM*,F7V
HD 99373, ,11,26,25.5,+,33,27,2,189,71,6.32,0.302,2.647,0.0,3.806,-0.21,57,2.52,1.61,2.1,1.9,2.3,1.47,1.42,1.52,-24.2,0.2,0.3,3,360,0.621,10,-33,19,2,17.4,0.8,-2,3,-26,8.019,0.054,7.95,8.63,0.04,0.31,171.60625,33.45055555555556,-18.328913,-2.903013,53.894558,*,F5.5IV-V
HD 99437, ,11,25,45.0,-,63,48,32,294,-2,7.749,0.363,2.663,0.072,3.815,0.02,161,1.4,2.32,1.1,0.9,1.3,1.89,1.78,2.0,-13.4,0.6,0.7,3,437,0.657,30,-13,1,2,6.2,0.7,-14,8,-3,7.935,-0.007,7.92,8.84,0.05,0.07,171.43749999999997,-63.80888888888889,65.44471,-146.99123,-5.6188188,*,F5IV/V
HD 99507, ,11,26,52.0,-,9,56,26,271,48,8.269,0.268,2.667,-0.005,3.822,-0.35,88,3.55,0.35,1.9,0.0,3.0,1.22,1.16,1.28,-11.4,0.4,0.1,2,443,0.961,13,-17,18,2,11.4,1.0,-10,10,-7,7.999,0.065,8.0,8.99,0.06,0.07,171.71666666666667,-9.940555555555555,1.0276535,-58.874523,65.39675,*,F3V
HD 99639, ,11,27,40.4,-,32,8,58,283,27,7.82,0.307,2.631,-0.007,3.799,-0.53,90,3.05,1.51,4.2,2.5,4.9,1.17,1.11,1.27,-24.6,0.3,0.4,2,373,0.192,6,-51,-4,2,11.1,1.0,-23,13,-20,7.982,0.042,7.91,9.27,0.08,0.21,171.91833333333332,-32.14944444444444,18.03897,-78.13531,40.859142,PM*,F3/5V
HD 99660, ,11,28,21.8,+,43,51,53,163,66,8.359,0.266,2.69,0.01,3.828,0.03,115,3.06,0.37,1.4,0.5,1.9,1.41,1.34,1.48,-1.0,0.8,0.6,2,1056,0.563,55,-2,12,2,0.0,0.0,-2,6,-3,8.044,0.105,8.0,8.82,0.05,0.13,172.0908333333333,43.86472222222223,-44.730877,13.675609,105.05773,*,F0
HD 99682, ,11,27,35.3,-,55,54,14,291,5,8.66,0.342,2.629,0.028,3.794,-0.47,95,3.65,0.97,3.9,2.8,6.3,1.09,1.03,1.16,-9.4,0.2,0.1,2,1091,0.834,5,-174,24,2,10.5,1.0,-76,-21,-16,7.966,0.008,6.17,9.33,0.2,0.14,171.8970833333333,-55.903888888888886,33.91539,-88.35265,8.279795,PM*,F6V
HD 99719, ,11,29,1.7,+,63,34,24,137,51,7.732,0.31,0.0,0.0,3.799,-0.26,74,3.38,0.95,3.1,2.6,4.8,1.21,1.13,1.27,-24.2,0.6,0.0,1,0,0.0,13,107,31,2,13.5,0.8,42,13,-13,8.034,0.058,7.32,10.31,0.17,0.12,172.25708333333333,63.57333333333334,-34.05893,31.760464,57.508804,PM*,F5
HD 99747, ,11,29,4.5,+,61,46,42,139,53,5.827,0.265,2.655,-0.01,3.821,-0.6,33,3.24,0.89,2.6,2.1,3.1,1.22,1.19,1.26,-8.7,0.3,0.3,4,408,0.834,12,-112,239,2,30.4,0.6,-18,21,-32,8.015,0.026,7.99,9.92,0.11,0.45,172.26874999999998,61.77833333333333,-14.988454,13.029262,26.354973,PM*,F5VkF0mA9
HD 99904, ,11,29,39.9,+,7,35,57,254,62,6.739,0.328,2.644,0.011,3.796,-0.05,79,2.24,1.96,1.8,1.6,2.0,1.6,1.54,1.67,1.2,0.5,0.7,2,807,0.312,20,-5,-26,1,12.6,0.8,3,-9,-3,8.01,0.07,7.57,8.23,0.04,0.1,172.41624999999996,7.599166666666666,-10.222904,-35.651527,69.75286,*,F5
HD 99915, ,11,29,52.0,+,24,56,50,215,72,7.878,0.318,2.653,0.011,3.798,-0.08,100,2.88,1.31,2.4,2.1,2.8,1.38,1.3,1.46,24.7,0.5,0.6,2,1234,0.246,14,-85,6,2,10.0,1.0,-43,-17,11,8.026,0.095,6.91,8.58,0.11,0.31,172.46666666666664,24.947222222222223,-25.313189,-17.724483,95.10565,PM*,F5
HD 99934, ,11,29,45.3,-,25,0,7,280,34,7.197,0.395,2.63,0.048,3.792,0.29,97,2.06,1.96,1.5,1.2,2.1,1.72,1.61,1.82,-11.0,0.9,0.8,2,763,0.565,23,-8,2,2,6.0,0.8,-5,8,-7,7.985,0.055,7.97,8.87,0.05,0.06,172.43874999999997,-25.001944444444444,13.964204,-79.19494,54.24171,*,F8V
HD 99984, ,11,30,31.1,+,43,10,23,163,67,5.94,0.34,2.628,0.012,3.784,-0.37,56,2.19,2.58,2.3,2.1,2.5,1.45,1.44,1.47,-32.7,0.2,0.5,9,1851,0.09,6,-49,83,1,17.8,0.7,-6,12,-39,8.021,0.052,8.0,9.27,0.07,0.61,172.62958333333333,43.17305555555555,-20.924852,6.3973727,51.54827,PM*,F4V
HD 100004, ,11,29,48.0,-,51,39,46,290,9,7.386,0.279,2.674,0.017,3.814,-0.57,57,3.6,0.66,2.9,1.5,3.9,1.15,1.1,1.21,2.2,1.1,1.5,2,375,0.021,20,-350,85,2,17.5,0.8,-90,-36,-8,7.98,0.009,5.44,9.43,0.27,0.01,172.44999999999996,-51.66277777777778,19.255127,-52.903038,8.916765,PM*,F3V
HD 100014, ,11,29,56.8,-,55,15,51,291,6,7.831,0.39,2.621,0.022,3.78,0.35,76,3.34,0.89,2.4,1.9,3.3,1.36,1.32,1.4,22.4,0.2,0.2,2,1074,0.481,5,-125,-31,2,13.2,0.8,-27,-37,-22,7.972,0.008,6.1,8.06,0.14,0.23,172.48666666666665,-55.26416666666667,27.086752,-70.56343,7.9441633,PM*,F8/G0V
HD 100043, ,11,30,38.7,-,13,3,0,274,45,7.068,0.233,2.697,-0.013,3.845,0.08,64,3.03,0.06,0.3,0.0,1.0,1.47,1.43,1.53,-1.8,1.0,1.7,3,1086,0.286,80,31,-52,2,15.6,0.8,16,-5,-8,7.997,0.046,7.43,8.68,0.08,0.05,172.66124999999997,-13.05,3.1568217,-45.144592,45.254833,PM*,F2V
HD 100066, ,11,31,11.7,+,36,13,53,180,71,8.006,0.266,2.688,0.009,3.827,-0.03,125,2.52,0.98,1.5,1.3,1.9,1.5,1.42,1.59,-19.0,0.6,1.0,5,1060,0.564,50,-6,-31,2,8.0,1.0,10,-18,-17,8.041,0.118,7.07,8.27,0.08,0.19,172.79874999999998,36.231388888888894,-40.69602,-3.5577589e-06,118.18982,*,F5
HD 100067, ,11,31,1.0,+,32,18,59,192,72,7.173,0.326,2.619,-0.002,3.788,-0.45,41,4.12,0.62,5.4,2.5,7.2,1.03,0.98,1.09,29.8,0.3,0.1,2,724,0.791,5,-326,207,1,24.5,0.9,-79,11,7,8.012,0.039,6.97,10.77,0.21,0.25,172.75416666666663,32.31638888888889,-12.392832,-2.634179,38.993317,PM*,F9
HD 100081, ,11,29,56.2,-,73,22,31,297,-11,8.382,0.321,2.649,0.012,3.796,-0.16,112,3.13,1.18,2.8,2.4,3.2,1.3,1.22,1.37,-4.5,0.2,0.2,2,380,0.513,10,-58,-10,2,8.9,0.7,-28,-6,-14,7.95,-0.022,7.52,8.36,0.05,0.1,172.48416666666662,-73.37527777777777,49.91271,-97.959274,-21.370607,PM*,F6V
HD 100267, ,11,32,23.5,+,12,12,16,248,66,8.4,0.283,2.667,0.0,3.815,-0.17,96,3.49,0.4,2.2,0.8,3.0,1.25,1.19,1.31,0.8,0.4,1.7,14,3325,0.275,30,-116,5,2,10.4,1.2,-47,-19,-15,8.015,0.088,6.74,8.64,0.12,0.15,173.09791666666666,12.204444444444444,-14.627165,-36.20348,87.70036,PM*,F5
HD 100339, ,11,32,49.7,+,18,0,8,236,70,7.263,0.323,2.639,0.009,3.791,-0.35,47,3.88,0.71,4.3,2.9,5.8,1.08,1.03,1.14,21.9,0.5,0.0,1,0,0.0,9,-137,12,1,21.1,0.9,-32,-16,12,8.009,0.044,7.13,8.34,0.08,0.3,173.20708333333332,18.002222222222223,-8.9889965,-13.3267355,44.165554,PM*,F7V
HD 100350, ,11,32,39.8,-,28,36,28,283,31,8.765,0.263,2.692,0.009,3.828,-0.02,125,3.28,0.19,1.2,0.0,2.0,1.36,1.3,1.43,-8.3,0.8,1.6,4,1413,0.07,40,18,-11,2,0.0,0.0,11,8,-7,7.976,0.065,7.76,9.12,0.08,0.07,173.16583333333332,-28.60777777777778,24.102602,-104.399765,64.37976,*,F2V
HD 100372, ,11,33,12.0,+,33,7,58,189,72,7.999,0.341,2.632,0.006,3.785,-0.13,85,3.36,1.17,3.3,2.7,5.6,1.18,1.12,1.28,-22.1,0.4,0.0,1,0,0.0,6,-11,-56,2,11.8,1.1,11,-22,-21,8.026,0.081,6.88,8.26,0.09,0.22,173.3,33.132777777777775,-25.94306,-4.108975,80.839806,PM*,F8
HD 100446, ,11,34,7.0,+,65,14,33,135,50,7.301,0.347,2.607,0.005,3.776,-0.53,43,4.14,0.93,6.8,5.0,11.2,0.98,0.93,1.03,-30.8,0.3,0.4,2,728,0.288,4,-49,-215,2,23.3,0.6,12,-53,-2,8.02,0.033,5.35,8.13,0.21,0.09,173.52916666666664,65.2425,-19.544336,19.544336,32.93991,PM*,F8
HD 100551, ,11,34,14.2,-,12,51,49,275,46,8.346,0.33,2.613,-0.003,3.785,-0.63,94,3.47,1.48,6.0,4.6,7.6,1.05,0.99,1.11,0.4,0.2,0.4,4,4789,0.419,4,-168,24,2,10.6,1.2,-71,-22,-15,7.994,0.068,6.2,9.17,0.19,0.15,173.55916666666664,-12.86361111111111,5.691086,-65.049416,67.61794,PM*,F6/7V
HD 100563, ,11,34,21.9,+,3,3,36,262,60,5.77,0.297,2.661,-0.003,3.81,0.1,27,3.65,0.1,0.8,0.0,2.3,1.3,1.25,1.35,4.6,0.4,0.1,2,491,0.837,13,-181,-103,1,37.7,0.9,-14,-21,-8,8.002,0.023,7.04,8.01,0.06,0.03,173.59124999999997,3.0599999999999996,-1.8788388,-13.368618,23.382687,PM*,F5.5V
HD 100604, ,11,34,31.4,-,28,17,17,283,32,7.695,0.259,2.661,-0.023,3.83,-0.14,112,2.44,1.1,1.6,1.4,1.9,1.52,1.45,1.59,-11.8,0.6,0.5,3,1403,0.814,30,-80,-18,2,8.9,0.8,-35,-11,-26,7.978,0.059,7.26,8.47,0.08,0.31,173.6308333333333,-28.28805555555556,21.366177,-92.54701,59.35096,PM*,F2V
HD 100627, ,11,34,29.8,-,43,14,26,288,17,8.482,0.371,2.637,0.04,3.795,0.09,122,2.88,1.21,2.2,1.9,2.7,1.41,1.32,1.51,13.0,0.3,0.4,2,374,0.304,19,17,-31,1,0.0,0.0,19,-11,-9,7.963,0.037,7.12,8.54,0.09,0.05,173.62416666666664,-43.24055555555556,36.052773,-110.95898,35.669346,*,F6IV/V
HD 100742, ,11,35,32.8,-,12,24,40,276,46,7.153,0.302,2.627,-0.028,3.804,-0.17,67,3.03,1.11,2.5,2.2,2.9,1.34,1.28,1.39,-5.3,0.3,0.1,2,1104,0.987,10,-48,-129,2,15.0,0.9,6,-28,-33,7.996,0.048,6.64,8.11,0.1,0.43,173.88666666666666,-12.411111111111111,4.8649707,-46.28715,48.195766,PM*,F5/6V
HD 100910, ,11,36,37.4,-,34,38,47,286,26,7.58,0.326,2.613,-0.011,3.788,-0.57,70,3.34,1.5,5.4,4.5,6.4,1.1,1.05,1.15,-9.4,0.3,0.5,3,437,0.156,5,-215,123,2,14.2,0.9,-82,-7,10,7.983,0.031,6.49,10.03,0.21,0.3,174.1558333333333,-34.646388888888886,17.341877,-60.478344,30.68598,PM*,F6V
HD 100918, ,11,37,15.5,+,46,8,31,156,66,8.275,0.304,2.648,0.006,3.801,-0.38,88,3.56,0.83,3.3,2.5,4.5,1.14,1.08,1.21,-14.4,0.5,0.0,1,0,0.0,10,100,-52,1,11.4,1.1,49,-6,5,8.033,0.08,6.8,9.66,0.17,0.23,174.31458333333333,46.14194444444444,-32.69837,14.55825,80.392006,PM*,F2
HD 100980, ,11,37,8.1,-,39,28,12,288,21,8.696,0.317,2.628,0.013,3.792,-0.83,96,3.78,1.17,5.7,3.4,7.8,1.01,0.94,1.07,12.5,0.2,0.2,4,437,0.896,7,32,-109,2,10.4,1.2,36,-18,-35,7.973,0.035,6.62,8.88,0.15,0.49,174.28375,-39.47,27.695263,-85.23722,34.403324,PM*,F3V
HD 101029, ,11,37,29.1,-,36,43,37,287,24,7.562,0.302,2.641,-0.008,3.805,-0.2,65,3.5,0.64,2.9,2.1,3.6,1.22,1.16,1.28,-6.1,0.2,0.3,2,707,0.456,8,-10,31,2,15.4,0.9,-8,7,5,7.983,0.026,7.98,8.79,0.05,0.19,174.37124999999997,-36.72694444444445,17.361149,-56.785812,26.437881,*,F6V
HD 101210, ,11,38,45.9,-,15,4,12,278,44,8.072,0.316,2.636,-0.002,3.795,-0.24,76,3.66,0.74,3.5,2.7,4.8,1.14,1.08,1.21,15.6,0.2,0.1,3,3671,0.897,8,103,-103,2,13.1,1.1,52,-18,-3,7.992,0.053,6.33,9.31,0.19,0.09,174.69124999999997,-15.07,7.6085787,-54.13778,52.794037,PM*,F7V
HD 101365, ,11,40,18.6,+,62,23,47,136,53,7.084,0.358,0.0,0.0,3.777,-0.3,83,2.48,2.39,2.8,2.5,3.0,1.4,1.36,1.45,9.1,0.3,0.2,2,1251,0.564,10,-110,-31,2,12.0,0.7,-40,-24,2,8.037,0.066,6.67,8.4,0.11,0.15,175.07749999999996,62.396388888888886,-35.931484,34.69864,66.28675,PM*,F5
HD 101382, ,11,40,18.8,+,55,18,9,143,59,7.794,0.273,0.0,0.0,3.819,-0.24,88,3.08,0.78,2.2,1.8,2.7,1.31,1.26,1.38,5.2,0.6,0.0,1,0,0.0,16,-135,17,2,11.4,0.9,-53,-15,-14,8.036,0.075,6.8,8.9,0.13,0.13,175.07833333333332,55.302499999999995,-36.19683,27.276276,75.430725,PM*,F5
HD 101416, ,11,40,16.1,+,25,47,5,214,74,8.14,0.312,2.639,-0.01,3.801,-0.02,81,3.61,0.45,2.6,1.3,3.5,1.24,1.18,1.3,-7.9,0.3,0.2,2,1093,0.614,5,-91,-17,2,12.4,1.3,-26,-19,-17,8.018,0.078,7.08,8.17,0.07,0.17,175.0670833333333,25.784722222222225,-18.509615,-12.484895,77.8622,PM*,F5
HD 101574, ,11,41,18.6,-,1,46,41,270,57,8.393,0.304,2.634,-0.018,3.804,-0.06,101,3.37,0.66,2.5,1.8,3.1,1.27,1.19,1.34,-0.9,0.3,0.2,2,1101,0.598,5,-65,-49,1,9.4,1.3,-16,-29,-20,8.0,0.084,6.59,8.01,0.1,0.21,175.32749999999996,-1.7780555555555555,6.559703e-07,-55.008545,84.70573,PM*,F5V
HD 101612, ,11,41,22.4,-,26,40,1,284,34,7.542,0.309,2.619,-0.017,3.797,-0.41,51,4.03,0.47,3.8,0.6,5.8,1.07,1.02,1.14,-35.5,0.2,0.1,2,354,0.827,4,-211,39,2,19.8,0.8,-55,12,-27,7.99,0.028,7.4,10.02,0.15,0.34,175.3433333333333,-26.666944444444447,10.2286825,-41.024994,28.518837,PM*,F5/6V
HD 101620, ,11,41,46.3,+,41,14,15,164,70,6.919,0.3,0.0,0.0,3.806,-0.31,78,2.46,1.76,2.1,1.9,2.3,1.46,1.4,1.52,-12.4,0.3,0.4,3,3377,0.424,11,44,-39,1,12.8,0.8,23,-8,-4,8.026,0.073,7.21,8.81,0.1,0.09,175.44291666666663,41.237500000000004,-25.644129,7.3533354,73.29602,PM*,F5
HD 101642, ,11,41,51.9,+,25,55,35,213,74,8.391,0.359,2.622,0.011,3.778,-0.16,124,2.92,1.8,3.9,2.5,5.0,1.31,1.14,1.4,-28.9,0.4,0.1,2,1236,0.947,11,90,-43,2,4.9,1.3,63,3,-15,8.028,0.119,6.73,10.51,0.22,0.19,175.46625,25.92638888888889,-28.664955,-18.615234,119.19645,PM*,F8V
HD 101676, ,11,42,3.9,+,12,17,5,252,68,7.085,0.331,2.61,-0.011,3.785,-0.54,49,3.64,1.24,6.7,5.5,8.0,1.04,1.0,1.1,-51.1,0.3,0.1,2,677,0.846,3,12,-126,1,20.5,0.8,22,-5,-54,8.006,0.045,7.36,8.98,0.1,0.99,175.51624999999999,12.284722222222221,-5.6722336,-17.457333,45.432007,PM*,F6V
HD 101716, ,11,42,34.5,+,43,47,21,158,68,8.099,0.373,2.607,0.0,3.769,-0.34,139,2.39,2.7,2.8,2.3,3.6,1.37,1.33,1.42,-27.4,0.3,0.3,2,1252,0.497,4,-43,-24,2,7.2,0.9,-10,-30,-29,8.048,0.129,6.66,8.05,0.09,0.37,175.64374999999998,43.78916666666667,-48.278763,19.505892,128.87856,*,F8
HD 101730, ,11,42,25.5,+,2,21,43,266,60,6.946,0.301,2.636,-0.009,3.807,-0.22,79,2.47,1.64,2.0,1.8,2.3,1.47,1.41,1.54,15.0,0.4,0.3,2,807,0.545,12,-55,-33,1,12.7,1.0,-13,-25,2,8.003,0.068,6.82,8.01,0.08,0.16,175.60625,2.3619444444444446,-2.755383,-39.403774,68.41601,PM*,F5V
HD 101805, ,11,42,14.9,-,75,13,38,298,-13,6.468,0.336,2.641,0.008,3.789,-0.02,34,3.79,0.54,3.7,2.5,4.3,1.19,1.14,1.23,-7.4,0.2,0.2,4,1085,0.789,7,43,-6,1,29.1,0.6,3,9,3,7.984,-0.008,7.89,9.07,0.07,0.15,175.5620833333333,-75.22722222222222,15.55293,-29.250801,-7.6483355,*,F8V
HD 101936, ,11,43,47.0,-,21,2,17,282,39,7.326,0.277,2.642,-0.022,3.819,-0.21,88,2.61,1.23,2.0,1.7,2.2,1.45,1.39,1.51,20.0,0.5,0.8,2,362,0.049,12,-121,15,2,11.4,0.8,-44,-33,4,7.985,0.055,6.18,8.34,0.15,0.18,175.9458333333333,-21.03805555555556,14.218826,-66.89439,55.380196,PM*,F2V
HD 101941, ,11,43,47.3,-,38,55,11,289,22,7.64,0.315,2.636,0.009,3.795,-0.6,88,2.92,1.78,4.0,3.5,4.7,1.17,1.12,1.24,23.6,0.2,0.4,3,399,0.264,5,111,-64,2,11.4,0.9,57,-9,-2,7.974,0.033,6.49,9.75,0.2,0.1,175.94708333333332,-38.91972222222222,26.563816,-77.14692,32.965378,PM*,F5V
HD 101959, ,11,43,56.6,-,29,44,51,286,31,6.977,0.351,2.601,-0.019,3.778,-0.15,32,4.43,0.28,4.8,0.0,8.6,1.03,0.97,1.11,-1.1,0.2,0.4,5,1508,0.178,4,-273,37,2,30.9,0.8,-39,-14,-7,7.992,0.017,7.05,8.51,0.09,0.02,175.98583333333332,-29.747500000000002,7.5605507,-26.366789,16.481218,PM*,F9V
HD 101967, ,11,44,16.6,+,44,29,26,156,68,7.772,0.318,0.0,0.0,3.795,-0.32,72,3.49,0.98,3.4,2.8,5.7,1.15,1.08,1.23,13.6,0.5,0.0,1,0,0.0,7,-190,28,1,13.9,0.9,-65,-16,-7,8.025,0.067,6.55,9.19,0.17,0.07,176.06916666666663,44.49055555555556,-24.639854,10.970368,66.75723,PM*,F5
HD 101974, ,11,44,1.7,-,36,18,1,288,25,7.95,0.325,2.631,-0.003,3.791,-0.19,55,4.25,0.2,2.4,0.0,6.0,1.09,1.02,1.15,6.0,0.4,0.5,2,727,0.217,10,26,-46,2,18.2,1.0,12,-6,-6,7.985,0.023,7.46,8.52,0.07,0.03,176.00708333333333,-36.30027777777777,15.403554,-47.40724,23.244005,PM*,F6V
BD +26 2251, ,11,44,35.7,+,25,32,11,215,75,10.372,0.35,2.589,-0.004,3.771,-1.08,134,4.74,0.81,2.8,0.0,12.1,0.88,0.81,0.94,198.2,0.3,0.7,5,4059,0.152,7,-518,-46,2,6.1,1.8,-317,-191,106,8.028,0.129,0.57,20.12,0.94,13.67,176.14874999999998,25.53638888888889,-28.409632,-19.892635,129.43405,PM*,F6
HD 102080, ,11,44,58.3,+,27,24,25,208,75,8.3,0.347,2.605,-0.003,3.777,-0.4,75,3.92,1.03,7.1,4.7,9.8,1.01,0.96,1.08,-8.1,0.8,1.1,2,724,0.01,3,43,-139,1,13.3,1.6,36,-37,-5,8.017,0.073,5.84,8.58,0.19,0.09,176.24291666666664,27.40694444444444,-17.139277,-9.113113,72.444435,PM*,F5
HD 102165, ,11,45,28.0,-,21,28,26,283,39,7.811,0.329,2.653,0.012,3.799,0.29,85,3.15,0.73,1.9,1.2,3.0,1.41,1.36,1.47,13.0,0.4,0.5,2,1033,0.1,8,-12,-30,2,11.7,0.9,3,-18,-2,7.985,0.054,7.12,8.1,0.06,0.1,176.36666666666665,-21.473888888888887,14.8596945,-64.36436,53.492233,*,F7V
HD 102300, ,11,46,27.5,-,24,58,34,285,36,7.697,0.346,2.613,-0.008,3.78,-0.16,53,4.07,0.6,5.4,3.2,7.6,1.07,1.01,1.13,52.2,0.2,0.4,4,762,0.229,5,201,-30,2,18.8,0.9,58,-23,39,7.989,0.031,6.14,9.47,0.21,1.02,176.61458333333334,-24.97611111111111,11.097615,-41.416874,31.152618,PM*,F7V
HD 102346, ,11,46,42.3,-,19,28,11,283,41,8.15,0.344,2.643,0.009,3.784,0.12,54,4.49,-0.17,0.0,0.0,3.2,1.12,1.07,1.16,-7.6,0.2,0.3,5,1104,0.723,9,-137,-8,2,18.5,0.9,-31,-10,-15,7.991,0.035,7.35,8.38,0.07,0.12,176.67624999999998,-19.46972222222222,9.167733,-39.709785,35.42719,PM*,F8V
HD 102357, ,11,47,0.9,+,23,43,13,223,75,6.951,0.329,2.636,0.001,3.789,-0.16,39,4.01,0.45,4.1,1.9,6.0,1.11,1.05,1.17,4.4,0.7,0.0,1,0,0.0,14,-73,11,2,25.8,1.1,-13,-4,1,8.007,0.037,7.95,8.12,0.01,0.13,176.75374999999997,23.720277777777778,-7.3822436,-6.884052,37.67111,PM*,F7V
HD 102361, ,11,46,48.9,-,21,28,29,283,39,8.16,0.347,2.623,-0.013,3.786,0.18,85,3.52,0.7,2.9,2.2,3.5,1.3,1.24,1.36,8.1,0.4,0.5,2,764,0.19,9,-125,3,2,11.8,1.1,-43,-26,-6,7.985,0.053,6.46,8.39,0.13,0.06,176.70374999999999,-21.47472222222222,14.8596945,-64.36436,53.492233,PM*,F8V
HD 102588, ,11,48,39.4,+,36,29,25,174,74,8.325,0.351,2.634,0.014,3.78,-0.12,81,3.77,0.86,5.6,3.0,7.4,1.11,1.05,1.18,19.4,0.7,1.0,2,1098,0.018,6,-95,-16,2,12.3,1.1,-35,-20,11,8.023,0.078,6.89,8.34,0.1,0.29,177.16416666666666,36.49027777777778,-22.204325,2.333769,77.8622,PM*,F8
HD 102618, ,11,48,51.2,+,18,49,23,240,73,7.991,0.357,2.597,-0.013,3.773,-0.39,66,3.89,1.15,8.4,6.1,10.3,1.0,0.96,1.06,-43.5,0.2,0.2,3,2435,0.764,2,-85,-10,1,15.1,1.2,-16,-3,-49,8.01,0.063,7.94,8.36,0.03,0.8,177.21333333333334,18.823055555555555,-9.648267,-16.711292,63.11611,PM*,F8
HD 102634, ,11,49,1.2,-,0,19,7,272,59,6.153,0.331,2.649,0.013,3.793,0.02,34,3.49,0.71,3.0,2.3,3.5,1.28,1.23,1.31,1.3,0.1,0.3,12,2931,0.56,7,-207,2,1,29.3,1.0,-29,-15,-7,7.999,0.029,7.2,8.27,0.07,0.03,177.255,-0.3186111111111111,0.6111321,-17.500628,29.143688,PM*,F8V
HD 102778, ,11,50,3.5,+,42,43,12,158,70,8.331,0.289,0.0,0.0,3.811,-0.22,100,3.33,0.69,2.5,1.9,3.2,1.25,1.18,1.32,-2.5,0.9,0.0,1,0,0.0,18,-60,-43,1,10.0,1.0,-17,-31,-4,8.032,0.094,6.53,8.05,0.1,0.1,177.51458333333332,42.72,-31.711554,12.812304,93.96926,PM*,F5
HD 102828, ,11,50,15.8,-,19,36,18,284,41,8.144,0.258,2.704,0.027,3.846,-0.09,122,2.6,0.61,1.3,0.9,1.6,1.49,1.42,1.57,-0.6,0.8,0.9,4,1145,0.732,55,-81,16,2,6.7,0.9,-45,-14,-5,7.978,0.08,6.9,8.63,0.11,0.09,177.5658333333333,-19.605,22.27486,-89.33956,80.0392,PM*,F3V
HD 102855, ,11,50,55.5,+,75,21,21,128,41,8.032,0.224,0.0,0.0,3.851,-0.12,185,1.69,1.47,1.1,0.9,1.3,1.75,1.65,1.87,-28.8,0.9,1.2,4,1385,0.762,55,-57,-29,1,5.4,0.7,-27,-56,-12,8.086,0.122,5.3,8.14,0.21,0.15,177.73125,75.35583333333332,-85.95944,110.02307,121.37092,PM*,F0
HD 103021, ,11,51,20.8,-,68,51,38,298,-7,7.557,0.317,2.63,0.009,3.793,-0.63,74,3.22,1.55,4.9,4.2,5.7,1.11,1.08,1.15,-11.4,0.3,0.5,3,799,0.113,6,-16,24,2,13.6,0.7,-11,6,8,7.966,-0.008,7.96,8.73,0.05,0.23,177.83666666666664,-68.86055555555555,34.48195,-64.851105,-9.018332,*,F6V
HD 103026, ,11,51,41.6,-,30,50,5,288,30,5.87,0.347,2.628,0.005,3.782,-0.11,31,3.38,1.2,4.9,2.9,5.6,1.19,1.15,1.3,33.0,0.2,0.2,4,1509,0.736,4,-11,-293,1,31.8,0.8,25,-45,-19,7.992,0.016,5.61,8.28,0.19,0.17,177.9233333333333,-30.834722222222222,8.296117,-25.53281,15.5,PM*,F9V
HD 103051, ,11,51,46.9,-,41,14,50,291,20,7.355,0.297,2.651,-0.002,3.809,-0.19,132,1.76,2.28,1.5,1.2,1.7,1.68,1.57,1.78,-2.8,0.4,0.1,2,1034,0.857,17,-9,33,2,7.6,0.9,-13,5,17,7.956,0.046,7.94,8.67,0.04,0.4,177.94541666666663,-41.24722222222222,44.451736,-115.80079,45.146656,*,F5V
HD 103150, ,11,52,45.5,+,47,32,47,148,67,8.453,0.335,2.638,0.016,3.785,-0.34,96,3.54,1.18,5.5,3.5,7.1,1.09,1.03,1.16,-9.0,0.2,0.1,4,1791,0.996,5,-46,-89,2,10.4,1.2,-1,-47,0,8.033,0.088,5.72,8.05,0.17,0.14,178.1895833333333,47.546388888888885,-31.810448,19.87738,88.36846,PM*,F8
HD 103248, ,11,53,33.4,+,56,17,58,139,59,8.15,0.334,0.0,0.0,3.792,0.02,120,2.75,1.47,2.3,2.0,2.7,1.44,1.36,1.52,-14.2,0.3,0.5,3,3296,0.331,14,-66,-53,2,8.3,0.9,-19,-46,-7,8.046,0.103,5.74,8.07,0.17,0.1,178.38916666666663,56.29944444444444,-46.644505,40.547443,102.86008,PM*,F8
HD 103354, ,11,54,7.7,+,18,10,10,244,74,7.849,0.318,2.642,0.009,3.796,-0.29,86,3.17,1.25,3.0,2.5,4.9,1.2,1.13,1.31,-37.0,0.2,0.1,3,3307,0.955,9,-19,-21,1,11.6,1.1,2,-2,-39,8.01,0.083,7.84,8.51,0.04,0.57,178.5320833333333,18.169444444444444,-10.391504,-21.305752,82.6685,*,F8
HD 103440, ,11,54,33.4,-,54,38,4,295,7,8.812,0.386,2.626,0.033,3.781,0.09,109,3.49,0.93,3.2,2.5,4.3,1.24,1.15,1.33,53.6,0.2,0.3,4,1126,0.435,4,-54,-21,2,9.2,1.1,0,-61,-9,7.955,0.014,4.99,7.97,0.23,0.03,178.63916666666665,-54.63444444444444,45.72202,-98.0512,13.283759,PM*,F6IV
HD 103461, ,11,54,48.2,-,23,33,0,287,38,8.054,0.307,2.632,-0.018,3.803,-0.35,150,2.17,2.15,2.0,1.7,2.3,1.49,1.4,1.59,-6.0,1.0,0.7,3,1415,0.835,50,-39,4,2,6.1,1.0,-26,-6,-8,7.966,0.091,7.56,8.35,0.05,0.09,178.70083333333332,-23.55,34.558777,-113.03677,92.34923,*,F3/5V
HD 103474, ,11,55,9.0,+,72,23,20,129,44,8.19,0.311,2.627,0.003,3.795,-0.64,98,3.23,1.51,4.8,4.0,5.8,1.11,1.07,1.18,-52.9,0.5,0.7,2,748,0.308,14,77,0,1,10.2,0.8,55,-14,-29,8.044,0.068,6.46,9.62,0.2,0.4,178.78749999999997,72.3888888888889,-44.364124,54.785145,68.07652,PM*,F5
BD -21 3420, ,11,55,28.4,-,22,23,13,286,39,10.128,0.362,2.574,0.0,3.764,-0.99,83,5.53,0.1,0.0,0.0,0.0,0.0,0.0,0.0,7.1,0.4,0.5,2,1067,0.346,3,-156,-200,3,5.4,1.4,-18,-72,-67,7.982,0.052,4.73,7.99,0.26,1.3,178.8683333333333,-22.386944444444445,17.779457,-62.004375,52.233593,PM*,F5
HD 103721, ,11,56,45.5,-,10,43,28,282,50,7.422,0.285,2.651,-0.014,3.812,-0.19,61,3.5,0.47,2.5,1.4,3.2,1.24,1.19,1.3,9.2,0.3,0.5,2,718,0.337,11,68,-85,2,16.4,0.9,30,-13,-3,7.992,0.047,6.88,8.8,0.12,0.08,179.1895833333333,-10.724444444444444,8.152218,-38.35321,46.72871,PM*,F5V
HD 103773, ,11,57,0.2,-,4,46,57,278,55,6.731,0.303,2.652,-0.004,3.806,-0.03,50,3.24,0.72,2.4,1.8,2.9,1.33,1.28,1.38,14.7,0.5,0.9,3,1491,0.016,12,-156,6,1,20.0,0.9,-32,-23,5,7.996,0.041,6.77,8.22,0.1,0.19,179.2508333333333,-4.7825,3.9913259,-28.399721,40.957603,PM*,F7V
HD 103774, ,11,56,55.5,-,12,6,28,283,49,7.135,0.307,2.654,-0.002,3.806,0.11,53,3.51,0.32,1.8,0.6,2.7,1.32,1.27,1.38,-3.4,0.3,0.1,2,447,0.839,9,-124,-19,2,18.8,0.8,-26,-15,-12,7.992,0.04,7.26,8.18,0.06,0.08,179.23125,-12.107777777777777,7.8218074,-33.879944,39.999607,PM*,F6V
HD 103794, ,11,57,17.7,+,62,13,51,134,54,8.532,0.387,0.0,0.0,3.76,-0.19,114,3.25,1.91,5.2,4.1,6.5,1.2,1.1,1.26,-8.4,0.4,0.6,2,471,0.113,7,-7,-20,2,8.8,0.8,3,-14,-2,8.046,0.092,7.39,8.19,0.05,0.12,179.32374999999996,62.23083333333334,-46.547325,48.201176,92.227936,*,F5
HD 103799, ,11,57,14.5,+,40,20,37,160,73,6.62,0.326,2.626,-0.001,3.79,-0.48,46,3.29,1.43,5.0,4.3,5.9,1.12,1.08,1.19,30.6,0.2,0.3,3,626,0.511,9,-160,-61,1,21.6,0.8,-34,-24,25,8.013,0.044,6.76,8.27,0.1,0.57,179.3104166666666,40.343611111111116,-12.638021,4.5998645,43.990017,PM*,F6V
HD 103868, ,11,57,30.9,-,27,3,21,288,34,7.01,0.279,2.663,-0.004,3.816,-0.27,55,3.32,0.64,2.5,1.8,3.1,1.26,1.21,1.31,-11.2,0.5,0.6,2,354,0.468,25,-68,-64,2,18.3,0.9,-12,-6,-23,7.986,0.031,7.92,8.01,0.01,0.24,179.37874999999997,-27.055833333333332,14.090275,-43.365387,30.75561,PM*,F3V
HD 103890, ,11,57,46.1,-,8,16,31,281,52,7.998,0.332,2.639,0.0,3.792,0.07,65,3.95,0.22,2.5,0.0,4.2,1.2,1.14,1.25,30.5,0.2,0.3,4,446,0.436,6,-36,-78,2,15.5,0.9,5,-39,8,7.993,0.051,6.05,8.06,0.14,0.25,179.4420833333333,-8.275277777777779,7.6357894,-39.282757,51.2207,PM*,F8V
HD 103891, ,11,57,45.3,-,8,32,55,281,52,6.591,0.356,2.606,-0.015,3.777,-0.26,57,2.79,2.04,3.4,3.2,3.8,1.35,1.29,1.4,12.2,0.2,0.5,4,4043,0.036,4,-109,22,1,17.4,0.8,-27,-16,7,7.993,0.045,7.16,8.2,0.07,0.22,179.43874999999997,-8.54861111111111,6.6959996,-34.447956,44.916615,PM*,F8V
HD 103933, ,11,58,3.6,-,31,39,3,290,30,7.099,0.286,2.666,-0.008,3.817,0.16,53,3.47,0.08,0.7,0.0,1.8,1.37,1.32,1.42,15.2,0.3,0.2,2,727,0.679,17,-91,-37,2,18.8,0.9,-12,-26,-5,7.984,0.026,6.76,7.99,0.08,0.05,179.515,-31.65083333333333,15.698497,-43.131275,26.5,PM*,F5V
HD 103975, ,11,58,15.6,-,47,58,37,294,14,6.768,0.334,2.633,0.001,3.788,-0.1,36,4.0,0.43,3.9,1.8,5.8,1.13,1.07,1.19,-2.2,0.2,0.5,4,1174,0.107,4,-129,-85,1,27.9,0.8,-16,-10,-19,7.986,0.009,7.65,8.04,0.03,0.17,179.56499999999997,-47.97694444444445,14.207573,-31.91073,8.709188,PM*,F8.5VFe-0.5
HD 104112, ,11,59,35.3,+,71,34,41,129,45,8.329,0.315,2.627,-0.006,3.794,-0.36,77,3.9,0.63,4.1,2.4,5.7,1.08,1.03,1.15,-14.1,0.4,0.6,2,748,0.299,11,-64,-25,2,13.0,0.8,-12,-24,-8,8.034,0.054,6.89,8.04,0.08,0.06,179.89708333333328,71.57805555555555,-34.264744,42.313442,54.44722,PM*,F5
HD 104138, ,11,59,35.2,-,46,37,59,294,15,6.655,0.354,2.632,0.016,3.782,-0.09,96,1.74,2.82,0.0,0.0,0.0,0.0,0.0,0.0,11.5,0.8,1.2,2,1125,0.02,19,37,-9,1,10.4,0.8,20,-3,3,7.963,0.025,7.34,8.82,0.09,0.16,179.89666666666665,-46.63305555555556,37.716232,-84.71204,24.846628,*,F7V
HD 104367, ,12,1,10.0,+,3,37,56,274,64,7.787,0.31,2.647,0.0,3.802,-0.09,84,3.16,0.95,2.6,2.1,3.0,1.32,1.26,1.38,-19.0,0.4,0.2,2,1433,0.72,8,-55,-21,1,11.9,0.9,-16,-8,-25,7.998,0.075,7.79,8.08,0.02,0.28,180.29166666666666,3.6322222222222225,2.5686588,-36.733482,75.4987,PM*,F6IV
HD 104379, ,12,1,13.1,+,30,38,17,192,78,7.847,0.346,2.642,0.019,3.787,-0.02,90,3.07,1.31,2.7,2.4,3.2,1.34,1.27,1.42,-0.7,0.6,0.0,1,0,0.0,17,-114,-52,1,11.1,1.0,-32,-41,-9,8.018,0.088,5.89,8.15,0.16,0.09,180.3045833333333,30.638055555555557,-18.303146,-3.8904557,88.03329,PM*,F8
HD 104593, ,12,2,45.1,-,10,38,57,284,50,8.531,0.3,2.685,0.038,3.831,0.09,139,2.65,0.67,1.3,1.0,1.6,1.51,1.43,1.6,-7.1,0.5,0.4,2,718,0.624,22,-43,-2,2,6.5,1.1,-25,-9,-12,7.979,0.107,7.5,8.23,0.05,0.13,180.68791666666667,-10.649166666666666,21.615116,-86.693474,106.48018,*,F2V
HD 104634, ,12,2,51.0,-,68,35,5,299,-6,7.727,0.316,2.653,0.013,3.798,-0.19,81,3.19,1.1,2.9,2.5,3.2,1.29,1.23,1.34,-3.1,0.3,0.4,2,1013,0.346,8,-32,9,2,12.4,0.7,-12,-3,1,7.962,-0.009,7.94,8.11,0.01,0.12,180.71249999999998,-68.58472222222221,39.054455,-70.45611,-8.466805,*,F6V
HD 104638, ,12,2,59.8,-,10,45,8,284,50,7.441,0.293,2.654,-0.014,3.811,0.07,58,3.62,0.14,1.0,0.0,2.4,1.29,1.24,1.35,-12.7,0.4,0.5,2,445,0.426,17,33,-19,2,17.2,1.0,9,8,-11,7.991,0.045,7.81,9.1,0.08,0.08,180.74916666666664,-10.752222222222223,9.019258,-36.174255,44.430576,*,F3/5V
HD 104731, ,12,3,39.5,-,42,26,2,294,20,5.16,0.267,2.677,-0.003,3.824,-0.12,24,3.24,0.41,1.7,0.9,2.4,1.34,1.29,1.39,39.2,0.4,0.1,2,726,0.979,15,325,-111,1,41.3,0.8,51,-20,9,7.991,0.008,6.29,9.26,0.19,0.26,180.91458333333333,-42.43388888888889,9.172978,-20.602846,8.208483,PM*,F5V
HD 104754, ,12,3,49.8,+,19,23,2,246,77,8.802,0.352,2.615,-0.001,3.778,-0.18,83,4.22,0.52,5.8,2.4,8.6,1.04,0.98,1.11,-7.2,0.5,0.0,1,0,0.0,6,5,-22,1,12.1,1.3,7,-5,-8,8.008,0.08,7.63,8.42,0.05,0.08,180.95749999999998,19.383888888888887,-7.594154,-17.05675,80.87272,*,F9V
HD 104755, ,12,3,44.4,+,5,33,27,273,66,6.402,0.298,2.643,-0.004,3.808,-0.26,65,2.33,1.8,1.9,1.7,2.1,1.51,1.46,1.58,11.2,1.4,2.4,3,4044,0.262,40,-150,-84,1,15.3,0.8,-28,-46,-8,7.999,0.06,5.68,8.07,0.17,0.06,180.935,5.5575,1.3836569,-26.401648,59.380455,PM*,F5
HD 104904, ,12,4,28.1,+,85,35,13,124,31,6.275,0.372,2.603,0.0,3.768,-0.49,76,1.86,3.36,0.0,0.0,0.0,0.0,0.0,0.0,7.1,0.3,0.3,3,373,0.606,13,-55,92,1,13.1,0.5,-24,14,-28,8.036,0.04,7.95,9.47,0.09,0.35,181.11708333333328,85.58694444444444,-36.42846,54.00742,39.142895,PM*,F6V
HD 104915, ,12,4,51.6,-,34,46,48,292,27,8.461,0.272,2.673,0.005,3.82,-0.35,129,2.91,1.03,2.2,1.8,2.6,1.3,1.23,1.38,-14.3,1.4,0.6,2,1091,0.762,40,45,-34,2,0.0,0.0,27,17,-20,7.957,0.059,7.57,10.01,0.14,0.22,181.21499999999997,-34.78,43.057194,-106.57037,58.564774,PM*,F2V
HD 104942, ,12,5,4.7,+,9,14,22,269,69,8.168,0.337,2.605,-0.021,3.784,-0.47,95,3.28,1.57,5.3,4.1,6.7,1.09,1.03,1.17,4.8,0.3,0.2,2,669,0.585,4,62,-47,2,0.0,0.0,35,-6,3,8.0,0.089,7.02,9.17,0.13,0.19,181.26958333333332,9.239444444444443,-0.59416264,-34.039772,88.69014,PM*,F2
HD 104954, ,12,4,59.2,+,76,45,44,126,40,7.32,0.296,0.0,0.0,3.806,-0.27,60,3.45,0.73,3.1,2.3,3.6,1.22,1.16,1.27,-1.7,0.7,0.0,1,0,0.0,17,-107,-74,1,16.8,0.6,-22,-28,9,8.027,0.038,6.65,8.08,0.1,0.25,181.24666666666664,76.76222222222222,-27.016176,37.184578,38.567253,PM*,F5
HD 104956, ,12,5,7.1,+,33,44,59,177,78,7.513,0.356,2.602,-0.021,3.778,0.01,51,3.99,0.57,4.2,2.7,6.8,1.12,1.06,1.19,-8.0,0.3,0.0,1,0,0.0,5,-103,-55,2,19.7,0.9,-14,-23,-11,8.011,0.05,6.94,8.02,0.07,0.07,181.2795833333333,33.749722222222225,-10.588963,0.55494505,49.88553,PM*,F8
HD 104997, ,12,5,23.8,+,38,39,25,160,75,8.444,0.343,0.0,0.0,3.782,-0.21,75,4.08,0.59,5.3,2.9,7.8,1.06,1.0,1.12,-3.8,0.5,0.0,1,0,0.0,9,7,-15,1,13.4,1.1,5,-4,-2,8.018,0.072,7.7,8.45,0.05,0.1,181.34916666666666,38.65694444444444,-18.240778,6.6391015,72.444435,*,F5
HD 105000, ,12,5,27.3,+,10,57,38,267,71,7.907,0.293,2.67,0.007,3.811,-0.02,71,3.65,0.19,1.5,0.0,2.8,1.26,1.21,1.31,-15.0,1.6,2.2,2,311,0.055,28,-1,6,1,14.1,1.0,-1,7,-14,8.001,0.067,7.95,8.84,0.05,0.12,181.36374999999998,10.960555555555555,-1.2097672,-23.083658,67.13182,*,F2
HD 105060, ,12,5,50.8,+,1,18,19,278,62,9.08,0.322,2.63,-0.004,3.795,-0.17,161,3.05,1.29,2.7,2.3,3.4,1.28,1.15,1.38,8.9,0.5,0.7,2,709,0.209,10,-93,28,2,6.9,1.2,-71,-21,5,7.989,0.142,6.26,9.24,0.19,0.24,181.46166666666664,1.3052777777777778,10.519403,-74.84934,142.15456,PM*,F5V
HD 105123, ,12,6,5.9,+,49,9,30,142,66,7.705,0.33,0.0,0.0,3.791,-0.05,55,4.02,0.3,3.1,0.0,5.1,1.15,1.09,1.21,1.1,0.9,1.3,2,732,0.051,15,-126,6,1,18.3,0.8,-29,-13,-5,8.017,0.05,7.28,8.31,0.07,0.06,181.5245833333333,49.15833333333333,-17.628206,13.772664,50.245003,PM*,F5
HD 105187, ,12,6,43.4,-,9,24,36,285,52,8.644,0.319,2.634,0.001,3.795,-0.27,124,3.18,1.25,3.1,2.5,4.9,1.18,1.11,1.28,-4.8,0.3,0.3,2,720,0.392,6,-45,-26,2,7.4,1.2,-16,-20,-17,7.98,0.098,7.11,8.01,0.06,0.18,181.6808333333333,-9.41,19.758766,-73.74073,97.71333,PM*,F5V
HD 105241, ,12,7,1.3,-,23,45,58,290,38,6.936,0.334,2.641,0.017,3.789,-0.26,78,2.47,2.09,2.2,1.9,2.9,1.45,1.39,1.53,9.6,0.4,0.5,2,849,0.133,10,-106,35,1,12.8,0.8,-37,-18,9,7.979,0.048,6.9,8.36,0.1,0.26,181.75541666666666,-23.766111111111112,21.02221,-57.758057,48.0216,PM*,F7V
HD 105270, ,12,7,16.6,-,52,42,15,296,10,8.334,0.237,2.717,0.024,3.853,-0.25,113,2.97,0.28,1.1,0.0,1.6,1.39,1.33,1.46,-12.0,0.6,0.9,2,761,0.013,10,-19,3,2,7.6,1.2,-14,6,-3,7.951,0.019,7.94,8.7,0.05,0.07,181.81916666666663,-52.70416666666667,48.783356,-100.02075,19.622244,*,F2/3IV/V
HD 105405, ,12,8,6.9,+,39,39,19,156,75,7.336,0.337,0.0,0.0,3.784,-0.36,46,4.03,0.73,5.5,3.6,7.1,1.04,0.99,1.1,2.0,0.2,0.2,4,1121,0.847,4,-149,-8,2,21.8,0.9,-28,-16,-3,8.011,0.044,7.16,8.23,0.07,0.07,182.02874999999997,39.655277777777776,-10.876378,4.842475,44.432587,PM*,F8
HD 105485, ,12,8,33.4,+,65,20,58,130,51,7.714,0.351,0.0,0.0,3.78,-0.04,53,4.08,0.48,4.5,2.3,6.9,1.1,1.05,1.17,5.6,0.2,0.4,3,1500,0.317,8,18,5,1,18.8,0.7,1,6,4,8.021,0.041,7.93,8.85,0.05,0.19,182.13916666666663,65.34944444444444,-21.439528,25.550632,41.188736,*,F5
HD 105491, ,12,8,42.8,-,18,26,7,289,43,7.129,0.293,2.658,0.003,3.811,-0.22,115,1.83,2.19,1.5,1.3,1.7,1.67,1.57,1.76,-12.1,0.6,0.8,2,362,0.03,11,-120,-6,2,8.7,0.8,-58,-24,-22,7.973,0.079,6.34,8.77,0.16,0.25,182.1783333333333,-18.435277777777777,27.38213,-79.523476,78.42981,PM*,F5IV/V
HD 105559, ,12,9,13.7,-,36,41,37,294,25,8.836,0.358,2.611,0.012,3.771,-0.44,76,4.42,0.7,8.0,4.0,12.4,0.95,0.88,1.02,6.4,0.3,0.4,3,403,0.219,3,-90,-14,2,13.1,1.0,-24,-22,-7,7.972,0.033,6.88,8.08,0.08,0.03,182.3070833333333,-36.69361111111111,28.01577,-62.92445,32.118988,PM*,F8V
HD 105567, ,12,9,14.1,+,14,49,47,262,74,7.81,0.334,2.636,0.005,3.79,-0.08,69,3.6,0.77,3.4,2.7,4.3,1.2,1.12,1.26,7.0,0.3,0.1,2,803,0.767,9,-39,-49,1,14.4,0.9,-4,-21,1,8.003,0.067,7.02,8.03,0.07,0.14,182.30874999999997,14.829722222222221,-2.6469336,-18.83389,66.32706,PM*,F8
HD 105584, ,12,9,20.5,+,53,23,40,137,63,7.506,0.245,2.684,-0.003,3.832,-0.49,58,3.7,0.12,0.0,0.0,1.5,1.2,1.16,1.25,-19.2,2.5,5.0,4,778,0.029,90,75,-111,1,17.3,0.8,35,-22,-1,8.019,0.051,6.5,8.79,0.15,0.12,182.33541666666665,53.394444444444446,-19.257605,17.958006,51.67838,PM*,F2
HD 105678, ,12,9,47.0,+,74,39,40,127,42,6.366,0.33,0.0,0.0,3.793,-0.11,72,2.08,2.25,1.6,1.5,1.8,1.66,1.6,1.71,-16.8,1.0,2.0,4,1583,0.013,30,-7,1,1,13.9,0.5,5,-11,-12,8.032,0.048,7.47,8.27,0.05,0.08,182.4458333333333,74.66111111111111,-32.200977,42.73213,48.177406,*,F6IV
HD 105704, ,12,10,5.7,-,17,32,14,289,44,6.63,0.293,2.669,0.006,3.816,0.15,74,2.28,1.3,1.5,1.3,1.6,1.67,1.6,1.74,6.9,0.3,0.4,3,1124,0.576,20,-88,-42,1,13.5,0.8,-19,-27,-10,7.983,0.052,6.66,8.02,0.09,0.07,182.52374999999995,-17.537222222222223,17.330366,-50.331036,51.40472,PM*,F6V
HD 105733, ,12,10,16.7,-,35,3,23,293,27,8.072,0.256,2.688,0.0,3.835,0.11,135,2.42,0.81,1.2,1.0,1.5,1.58,1.49,1.68,6.3,0.3,0.4,2,1256,0.23,12,-13,-35,2,0.0,0.0,3,-17,-18,7.952,0.061,7.18,8.07,0.06,0.17,182.5695833333333,-35.05638888888888,46.999447,-110.72373,61.288715,*,F3IV/V
HD 105748, ,12,10,20.7,-,35,14,7,294,27,8.232,0.309,2.664,0.011,3.807,0.18,101,3.21,0.54,1.9,1.2,2.4,1.38,1.31,1.46,-6.8,0.3,0.1,2,381,0.811,16,-75,-14,2,8.7,1.2,-31,-14,-15,7.964,0.046,7.18,8.29,0.07,0.12,182.58624999999998,-35.23527777777778,36.602905,-82.21147,45.85304,PM*,F5V
HD 105854, ,12,11,3.6,-,50,0,32,296,12,8.684,0.34,2.63,0.011,3.784,-0.3,95,3.8,0.91,5.6,3.3,7.8,1.07,1.01,1.13,1.7,0.4,0.5,2,354,0.157,6,-147,21,2,8.2,1.2,-59,-31,-1,7.959,0.02,6.01,8.65,0.18,0.1,182.765,-50.00888888888889,40.735195,-83.51957,19.751612,PM*,F6V
HD 105919, ,12,11,28.6,-,44,16,58,295,18,6.589,0.292,2.652,-0.017,3.812,0.1,42,3.46,0.25,1.4,0.0,2.4,1.34,1.29,1.4,9.5,0.5,0.8,2,993,0.096,12,143,-38,1,23.7,0.7,31,4,0,7.983,0.013,7.31,9.43,0.13,0.12,182.86916666666664,-44.282777777777774,16.881218,-36.201897,12.978714,PM*,F5V
HD 105938, ,12,11,38.1,-,54,25,3,297,8,6.794,0.355,2.63,0.017,3.778,-0.22,53,3.18,1.59,4.5,4.1,5.0,1.19,1.15,1.28,22.1,0.2,0.2,4,3281,0.841,6,61,0,2,18.9,0.7,23,-12,6,7.976,0.007,7.02,8.63,0.1,0.2,182.90874999999997,-54.4175,23.827318,-46.76378,7.3761744,PM*,F7V
HD 105989, ,12,11,49.2,-,19,55,45,290,42,7.439,0.295,2.66,0.003,3.81,-0.13,104,2.35,1.62,1.8,1.6,2.1,1.53,1.45,1.61,-5.1,0.7,1.0,2,362,0.314,30,-94,-7,2,9.6,0.9,-40,-20,-13,7.973,0.07,6.76,8.39,0.11,0.11,182.95499999999998,-19.929166666666667,26.433727,-72.62608,69.589584,PM*,F5V
HD 106038, ,12,12,1.3,+,13,15,40,267,73,10.168,0.346,2.583,-0.012,3.772,-1.23,110,4.96,0.66,0.0,0.0,10.7,0.85,0.78,0.91,99.7,0.2,0.6,5,2167,0.356,4,-216,-439,2,9.2,1.5,14,-273,23,8.001,0.105,0.88,8.06,0.8,0.49,183.00541666666663,13.261111111111111,-1.6831768,-32.11682,105.19352,PM*,F6wl
HD 106105, ,12,12,29.9,+,3,24,14,280,65,7.615,0.342,2.625,0.007,3.784,-0.24,64,3.59,1.06,5.8,3.3,7.1,1.11,1.06,1.18,8.9,0.3,0.3,2,312,0.337,6,-83,23,2,15.7,1.1,-25,-10,7,7.995,0.057,7.49,8.24,0.05,0.22,183.1245833333333,3.403888888888889,4.6967607,-26.636656,58.003696,PM*,F7V
HD 106509, ,12,14,59.0,+,33,15,22,173,80,8.159,0.332,2.622,-0.004,3.788,-0.44,106,3.02,1.71,4.4,3.1,5.4,1.16,1.1,1.24,-27.9,0.4,0.5,2,1256,0.351,5,9,11,2,9.4,1.1,6,6,-27,8.018,0.105,7.86,9.01,0.07,0.35,183.7458333333333,33.25611111111111,-18.26951,2.2432127,104.38962,*,F5
HD 106909, ,12,18,0.8,-,64,11,10,299,-2,8.272,0.249,2.718,0.034,3.854,-0.11,111,2.9,0.21,0.9,0.0,1.4,1.46,1.39,1.53,66.9,0.3,0.1,2,381,0.953,14,46,-25,2,6.7,0.9,55,-46,-11,7.946,-0.003,5.26,8.83,0.25,0.06,184.50333333333333,-64.18611111111112,53.781082,-97.02365,-3.873844,PM*,F0V
HD 106952, ,12,17,53.3,-,6,25,51,288,55,7.823,0.297,2.668,0.016,3.807,-0.26,88,3.09,1.06,2.6,2.2,3.0,1.29,1.22,1.35,26.3,0.5,0.6,2,1033,0.386,16,-94,-37,2,11.3,1.0,-22,-44,8,7.984,0.073,5.82,8.02,0.16,0.25,184.47208333333333,-6.430833333333334,15.597555,-48.00432,72.08538,PM*,F3V
HD 107006, ,12,18,24.5,-,31,29,42,295,31,7.501,0.315,2.619,-0.027,3.797,-0.13,60,3.6,0.66,3.3,2.4,4.0,1.21,1.14,1.26,1.0,0.3,0.1,2,992,0.814,6,-205,-64,2,16.6,0.8,-44,-37,-22,7.978,0.031,6.0,8.31,0.16,0.23,184.60208333333333,-31.495,21.73527,-46.611446,30.902285,PM*,F6V
HD 107021, ,12,18,33.5,-,43,3,41,297,19,8.464,0.32,2.65,0.014,3.798,-0.17,111,3.24,1.03,2.8,2.3,3.5,1.23,1.14,1.33,-9.1,0.7,0.9,2,381,0.047,17,-56,-9,2,9.0,1.1,-28,-8,-11,7.953,0.037,7.47,8.33,0.05,0.07,184.63958333333332,-43.061388888888885,47.647438,-93.51343,36.138065,PM*,F6V
HD 107113, ,12,16,51.3,+,86,26,8,124,31,6.333,0.296,2.635,-0.001,3.803,-0.69,40,3.34,1.26,4.7,2.8,5.5,1.09,1.06,1.2,-11.6,0.2,0.6,7,1058,0.105,6,211,-10,1,25.2,0.5,40,10,1,8.019,0.02,7.29,10.06,0.16,0.14,184.21375,86.43555555555555,-19.172873,28.42496,20.601522,PM*,F4V
HD 107145, ,12,19,45.4,-,76,48,3,301,-14,6.841,0.292,2.676,0.018,3.811,-0.15,56,3.11,0.85,2.4,1.9,2.8,1.34,1.29,1.38,1.7,0.5,0.9,3,1691,0.079,16,-157,-55,2,17.9,0.6,-35,-18,-20,7.972,-0.014,6.94,8.32,0.09,0.19,184.93916666666664,-76.80083333333333,27.985388,-46.575527,-13.5476265,PM*,F5IV/V
HD 107213, ,12,19,29.5,+,28,9,24,203,83,6.362,0.342,2.643,0.017,3.788,-0.01,50,2.88,1.47,2.5,2.3,2.7,1.43,1.38,1.47,-9.8,0.1,0.4,22,4747,0.47,9,-203,-125,1,20.1,0.8,-26,-48,-15,8.006,0.049,5.58,8.06,0.18,0.13,184.87291666666664,28.156666666666666,-5.6090655,-2.3809068,49.627308,PM*,F8Va
HD 107224, ,12,19,31.4,+,40,56,21,146,75,7.859,0.331,0.0,0.0,3.791,-0.05,75,3.49,0.83,3.2,2.6,3.7,1.24,1.16,1.3,-2.1,0.4,0.0,1,0,0.0,9,-46,-52,1,13.4,0.8,-5,-24,0,8.016,0.072,6.89,8.03,0.08,0.13,184.8808333333333,40.939166666666665,-16.092804,10.854736,72.444435,PM*,F5
HD 107261, ,12,19,59.6,-,28,31,31,295,34,7.816,0.352,2.63,0.011,3.784,-0.01,122,2.39,2.05,2.1,1.8,2.5,1.52,1.43,1.61,10.4,0.3,0.3,2,972,0.432,11,-56,-32,2,8.2,1.0,-18,-32,-13,7.958,0.068,6.41,7.98,0.11,0.11,184.9983333333333,-28.525277777777777,42.744694,-91.66631,68.221535,PM*,F6V
HD 107263, ,12,20,4.7,-,37,48,12,296,25,7.666,0.35,2.633,0.015,3.78,-0.2,63,3.67,1.04,6.3,3.7,7.6,1.1,1.06,1.16,13.4,0.2,0.1,2,355,0.745,5,-155,-121,2,15.9,0.8,-23,-45,-32,7.975,0.026,5.74,8.02,0.17,0.4,185.01958333333332,-37.80333333333333,25.029839,-51.318798,26.62495,PM*,F8/G0V
HD 107303, ,12,20,6.0,+,15,42,53,269,76,8.05,0.331,2.626,0.0,3.787,-0.27,65,3.99,0.62,4.9,2.9,6.8,1.07,1.02,1.13,-27.1,0.3,0.2,2,1467,0.559,4,-70,-62,1,15.4,0.9,-9,-20,-33,8.0,0.063,7.15,8.0,0.06,0.42,185.02499999999998,15.714722222222221,-0.27443603,-15.722529,63.06922,PM*,F8
HD 107307, ,12,20,15.1,-,0,8,40,286,62,8.344,0.258,2.693,0.01,3.832,-0.06,138,2.64,0.79,1.5,1.2,1.8,1.46,1.39,1.55,-8.6,1.1,1.0,2,1033,0.515,35,-51,-12,1,7.1,1.1,-26,-18,-15,7.982,0.122,7.08,8.14,0.07,0.17,185.06291666666664,-0.14444444444444443,17.85773,-62.277348,121.84676,PM*,F2V
HD 107359, ,12,21,3.8,-,72,48,55,301,-10,9.272,0.321,2.647,0.009,3.794,-0.19,127,3.75,0.63,3.5,2.3,5.0,1.14,1.07,1.21,2.5,0.4,0.3,2,1415,0.586,9,-35,-57,2,6.8,1.0,-16,-6,-36,7.936,-0.022,7.8,8.09,0.02,0.48,185.26583333333332,-72.81527777777778,64.416084,-107.20643,-22.053318,PM*,F6V
HD 107404, ,12,20,53.8,-,15,48,55,292,46,8.072,0.33,2.637,0.004,3.789,-0.16,74,3.72,0.74,3.7,2.9,5.0,1.14,1.07,1.21,0.6,0.4,0.6,2,647,0.113,8,-88,-68,2,13.5,0.9,-16,-30,-19,7.981,0.054,6.53,7.99,0.1,0.18,185.22416666666663,-15.815277777777778,19.256535,-47.66163,53.231144,PM*,F7V
HD 107434, ,12,21,9.5,-,38,18,9,296,24,8.13,0.335,2.628,-0.01,3.789,0.08,67,4.0,0.23,2.8,0.0,4.4,1.19,1.13,1.24,-10.2,0.3,0.5,2,730,0.343,13,-57,-20,2,14.9,0.9,-18,-3,-12,7.973,0.028,7.86,8.27,0.03,0.08,185.2895833333333,-38.302499999999995,26.83161,-55.012978,27.251354,PM*,F6V
HD 107509, ,12,21,44.4,-,61,32,19,299,1,7.932,0.368,2.614,0.015,3.77,-0.32,68,3.75,1.3,7.9,6.6,9.2,1.03,0.99,1.09,69.5,0.2,0.1,3,2570,0.979,6,-249,-51,2,14.6,0.8,-34,-100,-23,7.966,0.001,3.37,8.04,0.41,0.25,185.43499999999997,-61.53861111111111,32.962032,-59.465088,1.1867636,PM*,F8V
HD 107569, ,12,21,45.1,+,21,52,21,249,81,7.421,0.339,2.638,0.012,3.79,-0.07,94,2.56,1.8,2.3,1.9,2.7,1.46,1.36,1.55,-3.9,1.2,0.0,1,0,0.0,29,-4,8,1,6.5,0.9,-3,3,-4,8.005,0.093,7.96,8.58,0.04,0.11,185.43791666666664,21.8725,-5.269742,-13.728153,92.842705,*,F8III
HD 107685, ,12,22,24.7,+,22,27,50,247,82,8.526,0.317,2.656,0.019,3.794,-0.34,87,3.83,0.68,3.8,2.5,5.7,1.09,1.04,1.16,-0.3,0.4,0.3,3,696,0.812,13,-11,-9,1,11.5,1.1,-2,-5,-1,8.005,0.086,7.81,8.19,0.02,0.13,185.60291666666663,22.46388888888889,-4.730997,-11.145527,86.15332,*,F6
HD 107746, ,12,22,54.8,-,14,39,46,293,48,7.473,0.29,2.656,-0.012,3.815,0.08,81,2.92,0.74,1.8,1.4,2.2,1.44,1.39,1.5,16.8,0.3,0.3,2,716,0.374,7,-38,-12,2,12.3,0.9,-6,-20,8,7.979,0.06,7.09,7.99,0.06,0.24,185.72833333333332,-14.662777777777778,21.177467,-49.890972,60.194733,*,F3V
HD 107823, ,12,23,13.4,+,42,53,58,141,73,8.785,0.31,2.638,0.007,3.797,-0.53,98,3.83,0.77,3.9,2.2,5.8,1.07,1.01,1.14,-12.1,0.8,1.2,2,986,0.067,11,-7,56,1,10.2,1.1,-12,18,-19,8.022,0.094,8.02,9.65,0.09,0.22,185.8058333333333,42.89944444444444,-22.267122,18.031565,93.717865,PM*,F5
HD 107830, ,12,23,27.5,-,6,7,7,290,56,7.185,0.312,2.638,-0.002,3.799,-0.25,62,3.23,1.09,2.9,2.5,4.6,1.26,1.16,1.32,-29.4,0.2,0.1,2,354,0.877,7,-30,55,2,16.2,0.9,-21,22,-17,7.988,0.051,7.95,9.94,0.11,0.17,185.86458333333331,-6.118611111111111,11.857822,-32.579105,51.400333,PM*,F6V
HD 107845, ,12,23,42.6,-,38,7,13,297,24,8.661,0.276,2.67,0.008,3.818,-0.41,118,3.31,0.72,2.5,1.7,3.1,1.22,1.15,1.28,17.0,0.3,0.1,2,382,0.76,13,56,-17,2,8.5,1.1,37,-2,2,7.951,0.049,7.06,9.34,0.14,0.16,185.92749999999998,-38.12027777777778,48.939407,-96.04906,47.994923,PM*,F3V
HD 107885, ,12,24,10.2,-,57,55,5,299,5,7.762,0.358,2.616,0.014,3.772,-0.41,50,4.27,0.8,7.4,5.1,11.8,0.97,0.91,1.03,48.7,0.2,0.3,4,1824,0.288,4,50,-34,2,20.0,0.9,35,-37,-1,7.976,0.004,5.86,8.51,0.18,0.09,186.0425,-57.918055555555554,24.148237,-43.564575,4.3577867,PM*,F8V(w)
HD 107892, ,12,24,2.2,-,19,34,18,294,43,7.443,0.282,2.672,0.001,3.818,0.01,82,2.87,0.79,1.8,1.4,2.2,1.44,1.39,1.49,7.3,1.3,1.9,2,2011,0.122,35,-55,-49,2,12.2,0.9,-9,-26,-11,7.975,0.056,6.75,7.98,0.08,0.08,186.00916666666663,-19.571666666666665,24.392405,-54.786236,55.923862,PM*,F5V
HD 107956, ,12,24,21.5,-,25,12,40,295,37,8.064,0.298,2.66,-0.002,3.808,0.04,67,3.94,-0.09,0.0,0.0,2.0,1.22,1.18,1.27,10.0,0.6,0.5,2,972,0.588,29,-88,-30,2,15.0,1.0,-17,-26,-4,7.977,0.04,6.77,8.0,0.08,0.06,186.08958333333334,-25.211111111111112,22.6137,-48.495247,40.321606,PM*,F5V
HD 107960, ,12,24,40.1,-,52,34,14,299,10,7.785,0.397,2.617,0.031,3.776,0.1,75,3.28,1.25,3.1,2.5,4.8,1.31,1.17,1.41,11.4,1.8,2.6,2,1351,0.038,40,-13,-30,2,5.5,1.0,3,-13,-8,7.964,0.013,7.33,8.12,0.05,0.02,186.16708333333332,-52.57055555555556,35.80832,-64.59992,13.023613,*,F8III/IV
HD 108019, ,12,24,14.1,+,60,49,55,129,56,8.759,0.374,0.0,0.0,3.768,-0.16,84,4.14,0.81,8.0,5.2,11.0,1.01,0.97,1.07,-21.7,0.2,0.4,4,1511,0.4,3,-111,-20,2,11.9,0.9,-28,-37,-18,8.029,0.07,6.15,8.12,0.14,0.18,186.05874999999997,60.831944444444446,-29.560562,36.50426,69.63916,PM*,F5
HD 108023, ,12,24,40.3,+,17,51,9,268,79,8.584,0.338,2.631,0.016,3.784,-0.43,85,3.92,0.89,5.7,3.5,8.4,1.04,0.98,1.1,9.1,0.2,0.2,3,322,0.859,7,17,-102,1,11.7,1.2,27,-33,3,8.001,0.084,6.13,8.41,0.16,0.18,186.16791666666663,17.852500000000003,-0.5660312,-16.208889,83.43831,PM*,F8V
HD 108147, ,12,25,46.2,-,64,1,19,300,-1,6.991,0.345,2.646,0.021,3.783,-0.09,39,4.06,0.48,4.4,2.3,6.6,1.1,1.05,1.17,-5.4,0.2,0.3,5,1393,0.651,6,-182,-61,1,25.9,0.7,-31,-11,-14,7.981,-0.001,7.31,8.34,0.07,0.1,186.44249999999997,-64.02194444444444,19.497026,-33.769848,-0.6806438,PM*,F8/G0V
HD 108163, ,12,25,36.1,-,26,48,41,296,36,7.705,0.306,2.621,-0.028,3.801,-0.25,65,3.63,0.64,3.3,2.4,4.2,1.17,1.1,1.23,7.6,0.3,0.1,2,970,0.888,9,-130,-45,2,15.3,0.9,-27,-32,-10,7.977,0.038,6.35,8.08,0.12,0.06,186.40041666666662,-26.81138888888889,23.052221,-47.264084,38.20604,PM*,F5V
HD 108177, ,12,25,34.9,+,1,17,2,288,63,9.668,0.333,2.594,-0.004,3.78,-1.78,92,4.86,0.76,0.0,0.0,0.0,0.76,0.73,0.85,154.5,0.3,0.6,5,4419,0.561,2,-31,-470,2,10.9,1.3,110,-227,48,7.987,0.082,0.03,9.39,0.99,4.46,186.39541666666662,1.2838888888888889,12.906759,-39.7229,81.9726,PM*,F0V
HD 108203, ,12,25,49.8,-,4,51,43,291,57,8.191,0.312,2.651,-0.001,3.798,-0.05,70,3.97,0.19,2.3,0.0,4.2,1.17,1.11,1.23,-13.0,0.3,0.1,2,1033,0.97,10,-27,-34,2,14.3,1.2,-5,-6,-18,7.986,0.059,7.83,8.09,0.02,0.16,186.45749999999995,-4.861944444444444,13.662677,-35.592506,58.70694,*,F5V
HD 108259, ,12,29,12.8,-,85,34,45,302,-23,8.143,0.326,2.62,0.002,3.788,-0.51,85,3.48,1.31,5.7,4.7,6.9,1.08,1.03,1.14,-13.9,0.2,0.2,3,436,0.776,6,22,29,2,11.7,0.8,2,11,17,7.958,-0.033,7.88,9.19,0.08,0.41,187.3033333333333,-85.57916666666667,41.462437,-66.353745,-33.212147,*,F6V
HD 108264, ,12,26,19.1,-,7,19,48,292,55,8.294,0.305,2.652,0.004,3.802,-0.24,80,3.78,0.46,3.3,1.6,4.4,1.16,1.09,1.22,-6.8,0.4,0.1,2,1033,0.958,18,27,4,2,12.5,1.0,7,10,-4,7.983,0.066,7.84,9.14,0.08,0.09,186.57958333333332,-7.33,17.18923,-42.54487,65.532166,*,F5V
HD 108342, ,12,27,30.4,-,72,27,18,301,-10,8.925,0.359,2.61,-0.002,3.774,-0.33,115,3.62,1.34,6.8,5.2,8.8,1.05,0.99,1.12,-10.9,0.2,0.1,2,413,0.909,6,-114,-24,2,0.0,0.0,-59,-20,-17,7.941,-0.019,6.45,8.85,0.16,0.15,186.87666666666664,-72.455,58.329533,-97.07669,-19.96954,PM*,F8V
HD 108351, ,12,27,2.5,-,22,23,22,296,40,7.905,0.327,2.641,-0.007,3.797,0.25,88,3.19,0.74,2.4,1.5,3.2,1.4,1.35,1.45,-0.2,0.3,0.1,2,970,0.797,9,-127,32,2,11.4,0.9,-51,-19,5,7.971,0.057,6.64,8.67,0.13,0.19,186.76041666666663,-22.389444444444443,29.551426,-60.589428,56.565308,PM*,F7V
HD 108435, ,12,28,2.6,-,68,43,57,301,-6,7.433,0.306,2.643,0.018,3.797,-0.71,49,3.99,0.76,4.3,1.5,6.5,1.03,0.98,1.1,-13.1,0.2,0.2,3,793,0.767,7,0,-155,2,20.5,0.6,-5,15,-35,7.975,-0.005,7.96,9.44,0.09,0.49,187.01083333333332,-68.7325,25.098608,-41.77112,-5.121895,PM*,F5V
HD 108498, ,12,28,8.2,-,52,4,31,299,11,7.827,0.35,2.629,0.019,3.782,-0.29,123,2.37,2.37,2.6,2.0,3.5,1.41,1.34,1.49,-1.8,0.3,0.2,2,1351,0.622,11,-4,-15,2,8.1,1.0,-1,-1,-9,7.941,0.023,7.83,8.35,0.03,0.04,187.03416666666664,-52.07527777777778,58.53598,-105.60171,23.469507,*,F7V
HD 108540, ,12,28,19.5,-,38,6,7,298,25,8.483,0.314,2.639,0.013,3.793,-0.56,69,4.27,0.45,2.5,0.0,6.7,1.03,0.96,1.09,30.8,0.2,0.4,3,41,0.35,8,128,-33,2,14.4,1.1,52,-7,7,7.97,0.029,6.64,9.66,0.19,0.24,187.08124999999998,-38.10194444444445,29.35852,-55.215336,29.16066,PM*,F6V
HD 108637, ,12,29,0.4,-,43,14,2,299,19,8.307,0.359,2.649,0.045,3.801,0.03,103,3.05,0.96,2.3,1.9,2.8,1.36,1.29,1.44,-26.1,0.5,0.7,2,730,0.087,6,-78,-6,1,9.7,1.1,-44,2,-15,7.953,0.034,7.39,9.1,0.1,0.13,187.25166666666664,-43.23388888888889,47.214836,-85.177826,33.53352,PM*,F6V
HD 108684, ,12,29,21.1,-,39,39,18,298,23,7.764,0.284,2.664,-0.001,3.815,-0.14,88,3.05,0.81,2.2,1.7,2.6,1.35,1.29,1.41,-12.6,0.3,0.5,2,371,0.253,13,-113,-15,2,11.4,0.9,-44,-15,-15,7.962,0.034,6.88,8.56,0.11,0.12,187.33791666666662,-39.655,38.02928,-71.52266,34.38434,PM*,F5IV
HD 108807, ,12,29,55.5,+,24,20,18,242,84,7.872,0.305,2.658,0.008,3.802,-0.19,69,3.66,0.54,3.1,1.9,4.1,1.19,1.12,1.25,-0.8,0.5,0.5,2,1093,0.487,18,-56,-34,2,14.4,1.1,-10,-19,-3,8.003,0.069,7.18,8.0,0.05,0.09,187.48124999999996,24.33833333333333,-3.386046,-6.368225,68.62201,PM*,F5V
HD 108816, ,12,30,11.2,+,5,52,37,289,68,8.143,0.337,2.615,-0.02,3.787,-0.31,118,2.79,1.86,3.6,2.4,4.5,1.31,1.15,1.42,-37.5,0.3,0.1,2,362,0.815,6,-19,-10,2,8.5,0.9,-11,4,-38,7.986,0.109,7.98,8.65,0.04,0.56,187.54666666666665,5.876944444444445,14.391279,-41.795307,109.40769,*,F8
HD 108846, ,12,30,12.5,+,39,14,49,142,77,7.653,0.309,0.0,0.0,3.8,-0.21,65,3.58,0.68,3.3,2.4,4.0,1.19,1.12,1.25,-0.2,0.4,0.6,2,730,0.28,11,-122,-113,1,15.3,0.8,-16,-49,4,8.011,0.064,5.6,8.02,0.18,0.18,187.5520833333333,39.246944444444445,-11.52215,9.00209,63.334053,PM*,F5
HD 108954, ,12,30,50.1,+,53,4,35,130,64,6.21,0.36,2.604,-0.012,3.774,-0.06,22,4.5,0.22,4.2,0.0,8.7,1.04,0.98,1.11,-22.1,0.2,0.1,5,814,0.988,5,19,182,1,45.6,0.6,0,9,-28,8.006,0.02,7.95,9.02,0.06,0.34,187.70874999999998,53.07638888888889,-6.1991506,7.38786,19.77347,PM*,F9V
HD 108956, ,12,31,3.2,+,23,46,23,248,84,7.138,0.388,2.577,0.0,3.758,-0.42,65,3.09,2.31,4.8,4.0,5.6,1.18,1.1,1.26,-47.0,0.2,0.4,4,2473,0.278,2,-61,39,2,15.5,0.9,-20,5,-47,8.002,0.064,7.92,8.93,0.06,0.8,187.76333333333332,23.773055555555555,-2.5452087,-6.299608,64.64392,PM*,F8V
HD 109034, ,12,31,49.1,-,15,42,56,296,47,7.531,0.253,2.684,-0.003,3.836,-0.01,130,1.96,1.35,1.2,1.1,1.4,1.7,1.61,1.79,-0.8,0.7,1.5,6,1765,0.565,55,36,-52,2,7.7,0.8,33,-8,-20,7.961,0.095,6.97,9.01,0.13,0.22,187.95458333333332,-15.715555555555556,38.865875,-79.68689,95.07598,PM*,F0III/IV
HD 109078, ,12,32,16.5,-,56,28,4,300,6,8.15,0.323,2.641,-0.002,3.796,0.04,87,3.45,0.66,2.7,2.0,3.3,1.28,1.22,1.34,-5.5,0.4,0.6,2,1353,0.289,15,-117,-20,2,11.5,1.0,-43,-20,-12,7.956,0.01,6.69,8.44,0.12,0.08,188.06874999999997,-56.467777777777776,43.261696,-74.93147,9.093976,PM*,F6V
HD 109135, ,12,32,43.7,-,45,27,35,300,17,7.346,0.271,2.69,0.021,3.833,-0.17,85,2.6,0.91,1.7,1.4,1.9,1.47,1.41,1.54,14.9,0.4,0.6,2,1031,0.1,7,52,-43,2,11.7,0.9,29,-6,-10,7.96,0.025,7.1,8.96,0.12,0.06,188.1820833333333,-45.459722222222226,40.642944,-70.39566,24.851593,PM*,F3V
HD 109154, ,12,31,54.8,+,68,30,53,126,49,7.377,0.356,2.604,-0.004,3.774,-0.56,86,2.7,2.44,3.5,3.1,4.0,1.25,1.18,1.3,-3.2,0.3,0.7,6,1058,0.026,7,60,-36,1,11.6,0.6,27,1,9,8.033,0.065,7.37,9.27,0.11,0.28,187.97833333333332,68.51472222222222,-33.163475,45.64561,64.90503,PM*,F5
CD -39 7674, ,12,32,28.7,-,40,5,54,299,23,10.91,0.356,2.624,0.039,3.793,-0.63,280,3.51,1.26,5.2,3.2,6.7,1.07,1.01,1.14,-37.8,0.4,0.8,4,4447,0.02,4,-18,16,3,0.0,0.0,-43,25,3,7.875,0.108,7.62,10.32,0.15,0.21,188.1195833333333,-40.098333333333336,124.95549,-225.42567,109.40472,*,F6
HD 109303, ,12,33,19.0,+,49,18,6,131,68,8.144,0.356,2.6,0.005,3.771,-0.75,83,3.54,1.79,7.8,6.5,9.3,1.0,0.94,1.05,23.8,0.2,0.2,3,602,0.717,2,-98,-44,1,12.0,0.9,-31,-27,26,8.021,0.077,6.66,8.21,0.1,0.6,188.32916666666665,49.30166666666666,-20.398417,23.465698,76.95625,PM*,F8
HD 109331, ,12,33,55.2,-,6,46,39,295,56,8.069,0.328,2.648,0.007,3.794,0.09,71,3.82,0.29,2.5,0.4,3.8,1.23,1.18,1.28,5.9,0.4,0.5,2,1033,0.121,4,-124,51,1,14.1,1.0,-42,-12,11,7.983,0.059,7.05,8.62,0.1,0.3,188.48,-6.7775,16.77908,-35.98286,58.86167,PM*,F6V
HD 109344, ,12,33,39.0,+,44,5,46,134,73,7.482,0.335,0.0,0.0,3.788,-0.14,54,3.82,0.65,3.8,2.8,5.3,1.13,1.07,1.2,-29.8,0.4,0.0,1,0,0.0,7,-141,-67,1,18.5,0.8,-17,-39,-26,8.011,0.052,6.1,8.02,0.14,0.29,188.4125,44.096111111111114,-10.967318,11.356993,51.640457,PM*,F8
HD 109464, ,12,34,47.8,+,21,32,51,268,83,8.094,0.341,2.629,0.015,3.783,-0.4,102,3.05,1.76,4.5,3.6,5.6,1.16,1.1,1.23,1.0,0.2,0.2,3,705,0.878,5,11,-31,1,9.8,1.1,12,-10,0,8.0,0.101,7.33,8.42,0.07,0.15,188.69916666666666,21.547500000000003,-0.43382752,-12.4230995,101.23971,*,F8V
HD 109475, ,12,35,29.8,-,61,44,26,301,1,6.614,0.309,2.67,0.032,3.82,-0.13,83,1.87,1.87,1.4,1.2,1.5,1.71,1.65,1.78,15.9,2.2,2.6,2,381,0.401,27,-12,-17,2,12.0,0.6,5,-16,-6,7.957,0.002,7.17,8.11,0.06,0.01,188.87416666666667,-61.74055555555556,42.741634,-71.134056,1.4485496,*,F2/3(III)
HD 109542, ,12,35,18.8,+,36,20,17,142,80,8.215,0.271,2.673,-0.003,3.823,-0.12,111,2.99,0.68,1.9,1.4,2.3,1.37,1.3,1.44,-18.0,0.2,0.3,8,2248,0.913,5,-97,-48,2,9.0,1.1,-28,-50,-17,8.015,0.109,5.53,8.09,0.19,0.19,188.82833333333332,36.338055555555556,-15.188869,11.866846,109.31366,PM*,F3V
HD 109590, ,12,36,5.3,-,42,18,34,300,20,7.994,0.294,2.667,0.018,3.805,-0.47,90,3.22,1.15,2.9,2.4,4.6,1.19,1.11,1.27,27.6,0.6,0.8,2,372,0.089,14,-115,34,1,11.1,1.0,-32,-44,21,7.958,0.032,5.79,8.08,0.17,0.47,189.0220833333333,-42.309444444444445,42.28616,-73.24179,30.78181,PM*,F5V
HD 109756, ,12,37,6.8,-,2,19,19,296,60,6.961,0.308,2.623,-0.025,3.8,-0.25,47,3.62,0.68,3.4,2.5,4.2,1.18,1.1,1.23,-26.5,0.3,0.1,2,683,0.861,7,156,-146,1,21.5,0.9,39,6,-37,7.99,0.04,7.22,9.85,0.15,0.57,189.2783333333333,-2.321944444444444,10.301717,-21.12166,40.703197,PM*,F5V
HD 109839, ,12,37,39.1,+,38,41,3,136,78,7.34,0.322,0.0,0.0,3.795,-0.11,53,3.73,0.55,3.5,2.3,4.3,1.19,1.12,1.24,-15.1,0.3,0.2,2,730,0.678,8,11,-76,1,19.0,0.9,14,-17,-11,8.008,0.051,7.03,8.35,0.09,0.07,189.41291666666666,38.68416666666666,-7.926633,7.654662,51.841824,PM*,F5V
HD 109843, ,12,38,24.1,-,57,59,16,301,5,8.097,0.345,2.64,0.032,3.801,-0.17,113,2.69,1.51,2.3,2.0,2.7,1.4,1.3,1.49,-18.1,2.5,3.5,2,1354,0.022,30,-39,-24,2,5.6,1.0,-26,3,-16,7.942,0.01,7.76,8.72,0.06,0.13,189.60041666666666,-57.98777777777778,57.977814,-96.49133,9.8485985,*,F6IV/V
HD 110134, ,12,39,45.0,+,35,5,12,140,82,8.157,0.308,2.641,0.001,3.799,-0.33,83,3.55,0.84,3.4,2.7,4.4,1.15,1.08,1.22,5.3,0.5,0.0,1,0,0.0,2,-6,-38,2,12.0,0.9,5,-13,7,8.009,0.082,7.35,8.2,0.05,0.24,189.93749999999997,35.086666666666666,-8.848861,7.4250765,82.192245,*,F5V
HD 110223, ,12,40,40.6,-,8,26,54,298,54,7.264,0.336,2.62,-0.007,3.787,-0.17,58,3.43,1.09,3.3,2.8,5.8,1.18,1.12,1.27,0.2,0.2,0.2,3,1395,0.821,10,-61,-148,2,17.1,0.9,4,-37,-24,7.984,0.048,6.14,8.05,0.13,0.26,190.16916666666663,-8.448333333333334,16.005013,-30.101048,46.922985,PM*,F5V
HD 110313, ,12,40,3.4,+,68,48,8,124,48,7.884,0.391,2.612,0.013,3.76,-0.04,45,4.62,0.41,8.3,3.0,12.5,0.98,0.93,1.05,-3.0,0.2,0.2,3,1936,0.643,1,-438,31,1,22.2,0.7,-81,-46,-11,8.017,0.034,5.21,9.04,0.27,0.07,190.01416666666663,68.80222222222221,-16.837786,24.963049,33.44152,PM*,F8
HD 110345, ,12,40,48.6,+,63,46,17,125,53,7.552,0.257,0.0,0.0,3.83,-0.09,76,3.14,0.36,1.5,0.6,2.1,1.38,1.33,1.43,2.9,1.2,0.0,1,0,0.0,26,-103,29,2,13.1,0.7,-37,-11,-5,8.026,0.061,7.23,8.55,0.08,0.07,190.2025,63.771388888888886,-26.234207,37.466324,60.6963,PM*,F5
HD 110375, ,12,41,25.3,+,38,23,20,133,79,8.317,0.269,0.0,0.0,3.822,-0.33,104,3.23,0.65,2.2,1.6,2.8,1.27,1.2,1.32,-24.3,0.7,0.0,1,0,0.0,13,47,-35,2,9.6,1.0,32,-6,-20,8.014,0.102,7.1,9.12,0.12,0.22,190.35541666666663,38.388888888888886,-13.53367,14.513086,102.089226,PM*,F5
HD 110408, ,12,41,16.3,+,58,57,43,125,58,8.086,0.332,0.0,0.0,3.791,-0.05,81,3.55,0.77,3.2,2.6,3.9,1.23,1.15,1.28,-10.2,0.4,0.0,1,0,0.0,3,-68,-54,2,12.4,0.8,-10,-33,1,8.025,0.068,6.41,8.02,0.11,0.14,190.31791666666663,58.96194444444445,-24.61989,35.16084,68.691895,PM*,F8
HD 110440, ,12,42,2.9,+,0,29,42,298,63,8.143,0.295,2.653,-0.005,3.81,-0.11,89,3.39,0.56,2.4,1.5,3.0,1.27,1.22,1.33,-2.7,0.5,0.1,2,1023,0.992,19,-121,-11,1,11.2,1.0,-42,-29,-6,7.981,0.08,6.33,8.32,0.14,0.08,190.5120833333333,0.495,18.969076,-35.675636,79.29958,PM*,F5V
HD 110450, ,12,43,7.5,-,69,32,44,302,-7,8.714,0.325,2.646,0.016,3.793,-0.26,96,3.8,0.66,3.8,2.7,5.6,1.11,1.05,1.18,31.1,0.4,0.5,2,380,0.11,6,-13,-34,2,10.4,0.9,11,-28,-19,7.949,-0.011,6.52,8.13,0.11,0.17,190.78124999999997,-69.54555555555555,50.49307,-80.80577,-11.699457,*,F6V
HD 110467, ,12,42,15.9,+,8,2,31,296,71,7.92,0.316,2.638,0.002,3.799,-0.22,115,2.62,1.67,2.3,2.0,2.8,1.41,1.31,1.5,-0.8,0.4,0.2,2,1023,0.639,13,-7,40,2,6.3,0.9,-14,15,6,7.983,0.109,7.98,9.4,0.08,0.25,190.56624999999997,8.041944444444445,16.412756,-33.651154,108.734634,*,F8
HD 110487, ,12,42,35.8,-,5,28,5,299,57,7.726,0.295,2.677,0.022,3.822,-0.03,70,3.41,0.2,1.2,0.0,2.2,1.32,1.27,1.38,-2.1,0.5,0.6,2,716,0.165,13,-56,-61,2,14.3,0.9,-7,-23,-13,7.982,0.059,6.91,7.99,0.07,0.1,190.64916666666664,-5.468055555555556,18.483236,-33.344643,58.70694,PM*,F3V
HD 110621, ,12,43,43.2,-,44,40,31,301,18,9.908,0.346,0.0,0.0,3.775,-1.69,101,4.89,0.81,0.0,0.0,0.0,0.76,0.73,0.84,222.3,0.6,1.2,4,4744,0.024,7,-219,-18,2,7.1,1.5,22,-237,63,7.95,0.031,0.17,8.32,0.96,5.12,190.92999999999998,-44.67527777777777,49.472847,-82.336685,31.210718,PM*,Fpw
HD 110710, ,12,44,20.0,-,42,4,47,302,21,8.043,0.306,2.691,0.053,3.835,0.03,97,2.88,0.42,1.2,0.6,1.7,1.45,1.39,1.53,0.7,1.1,1.0,2,992,0.534,40,-56,12,1,5.9,1.0,-23,-13,5,7.953,0.034,7.37,8.11,0.05,0.18,191.08333333333331,-42.07972222222222,47.988068,-76.796936,34.761692,PM*,F5V
HD 110822, ,12,44,42.6,+,17,42,1,293,80,8.558,0.307,2.648,0.004,3.804,-0.19,162,2.51,1.64,2.1,1.8,2.5,1.44,1.36,1.53,-3.9,0.3,0.2,2,867,0.658,7,0,4,1,5.9,1.0,-2,4,-3,7.989,0.16,7.93,8.64,0.04,0.18,191.17749999999998,17.700277777777778,10.991665,-25.894732,159.53885,*,F5
HD 110823, ,12,45,2.0,-,16,2,36,301,47,8.355,0.252,2.674,-0.004,3.834,-0.4,282,1.1,2.6,1.1,0.9,1.3,1.84,1.72,1.9,1.0,0.6,1.0,3,1097,0.386,25,-46,12,1,5.5,1.1,-58,-24,10,7.902,0.206,6.3,8.72,0.16,0.35,191.25833333333333,-16.043333333333337,99.0539,-164.85345,206.24174,*,F2/3V
HD 110871, ,12,44,54.1,+,33,4,59,136,84,7.746,0.313,2.652,0.019,3.8,-0.36,119,2.37,2.02,2.1,1.8,2.6,1.43,1.35,1.53,-1.4,1.5,2.0,2,1256,0.213,35,-37,5,2,8.4,1.0,-19,-9,-2,8.009,0.118,7.66,8.15,0.03,0.14,191.22541666666663,33.08305555555556,-8.947782,8.640775,118.34811,*,F6V
HD 110892, ,12,45,42.6,-,50,10,47,302,13,7.14,0.284,2.654,-0.019,3.815,0.02,49,3.69,0.03,0.2,0.0,2.0,1.27,1.23,1.32,-2.6,0.5,0.7,2,1352,0.11,9,-247,-86,1,20.4,0.8,-47,-32,-21,7.975,0.011,6.16,8.4,0.15,0.21,191.42749999999998,-50.17972222222222,25.30054,-40.48932,11.022601,PM*,F5V
HD 110897, ,12,44,59.4,+,39,16,44,129,78,5.957,0.376,2.574,0.0,3.76,-0.62,17,4.76,0.72,11.4,4.1,0.0,0.83,0.8,0.92,80.3,0.1,0.3,23,5094,0.839,3,-360,139,1,57.6,0.6,-42,7,75,8.002,0.017,7.58,10.05,0.14,2.31,191.24749999999997,39.278888888888886,-2.2243316,2.7468214,16.62851,PM*,F9V_Fe-0.3
HD 110920, ,12,45,44.5,-,24,58,36,301,38,7.974,0.33,2.642,0.026,3.805,-0.28,124,2.4,1.81,2.1,1.8,2.5,1.44,1.36,1.54,-9.9,0.3,0.3,2,351,0.491,13,-88,3,4,0.0,0.0,-48,-20,-6,7.949,0.076,6.6,8.56,0.13,0.08,191.43541666666664,-24.976666666666667,50.32607,-83.75668,76.342026,PM*,F3V
HD 110989, ,12,46,2.3,+,2,35,34,300,65,8.493,0.349,2.6,-0.009,3.777,-0.59,112,3.24,1.85,5.9,4.7,7.4,1.07,1.01,1.14,11.4,0.3,0.6,4,736,0.144,6,33,-83,2,8.9,1.1,39,-29,-8,7.977,0.102,6.13,8.71,0.17,0.11,191.50958333333332,2.592777777777778,23.666618,-40.991795,101.50647,PM*,F6V
HD 111042, ,12,46,23.9,+,23,18,51,286,86,8.835,0.313,2.646,0.006,3.797,-0.29,100,3.84,0.56,3.5,2.0,5.2,1.11,1.05,1.18,-15.5,0.9,0.0,1,0,0.0,24,-64,10,1,0.0,0.0,-29,-11,-16,7.998,0.1,7.36,8.3,0.06,0.17,191.59958333333333,23.31416666666667,1.9227489,-6.705426,99.75641,PM*,F6V
HD 111097, ,12,47,3.5,-,22,7,45,302,41,7.424,0.322,2.641,0.007,3.794,-0.22,88,2.71,1.7,2.4,2.2,2.7,1.41,1.35,1.47,37.5,0.3,0.5,2,974,0.161,6,64,20,2,11.4,0.9,34,-5,31,7.965,0.057,7.06,9.22,0.13,0.78,191.7645833333333,-22.129166666666666,35.1943,-56.32264,57.733192,PM*,F6V
HD 111153, ,12,46,48.4,+,43,9,6,126,74,7.911,0.307,0.0,0.0,3.807,0.08,108,2.75,1.08,1.9,1.6,2.2,1.47,1.4,1.55,-24.2,0.3,0.3,2,1250,0.424,10,11,-36,1,9.3,1.0,18,-17,-18,8.017,0.103,6.97,8.44,0.1,0.2,191.70166666666665,43.151666666666664,-17.497684,24.083498,103.81626,*,F8
HD 111155, ,12,47,4.1,+,13,37,0,298,76,7.906,0.278,2.665,0.0,3.819,-0.23,128,2.37,1.49,1.8,1.6,2.2,1.49,1.39,1.58,-9.8,3.0,4.3,2,867,0.012,45,-29,4,2,0.0,0.0,-17,-5,-9,7.986,0.124,7.82,8.16,0.02,0.13,191.76708333333332,13.616666666666667,14.537661,-27.341358,124.19785,*,F4
HD 111213, ,12,47,43.0,-,12,34,48,302,50,7.667,0.306,2.66,0.012,3.804,-0.16,79,3.17,0.96,2.6,2.2,3.1,1.3,1.24,1.36,5.7,0.5,0.7,2,648,0.212,16,-57,-57,1,12.6,0.9,-7,-29,-9,7.973,0.061,6.61,7.98,0.09,0.07,191.92916666666662,-12.58,26.909424,-43.064064,60.51751,PM*,F6V
HD 111238, ,12,47,48.8,+,19,1,27,297,82,7.728,0.317,2.635,-0.001,3.794,-0.27,59,3.88,0.57,3.9,2.5,5.4,1.11,1.05,1.17,-3.8,0.6,0.3,2,1807,0.724,16,-87,0,2,17.0,0.9,-21,-13,-4,7.996,0.058,7.44,8.11,0.04,0.07,191.95333333333332,19.024166666666666,3.7278106,-7.3162456,58.425816,PM*,F6
HD 111271, ,12,47,48.8,+,29,31,55,141,87,7.261,0.234,2.707,0.004,3.848,0.11,85,2.62,0.4,0.9,0.5,1.2,1.57,1.51,1.65,-2.1,1.1,2.3,4,1098,0.085,60,-77,13,2,11.8,0.9,-29,-12,-3,8.003,0.085,7.32,8.3,0.06,0.11,191.95333333333332,29.531944444444445,-3.4571784,2.7995687,84.88351,PM*,F0
HD 111275, ,12,48,6.3,-,0,21,33,301,63,7.99,0.351,2.642,0.019,3.783,0.01,85,3.33,1.11,3.1,2.6,4.8,1.29,1.17,1.36,4.4,0.2,0.1,2,381,0.697,8,-88,-8,1,11.7,0.9,-27,-23,2,7.98,0.076,6.8,8.12,0.09,0.15,192.02624999999998,-0.35916666666666663,19.874897,-33.0774,75.73556,PM*,F8V
HD 111289, ,12,48,53.1,-,56,51,12,303,6,8.596,0.312,2.649,0.017,3.796,-0.5,101,3.57,1.03,3.7,2.8,6.1,1.1,1.04,1.17,-9.8,0.2,0.3,4,1411,0.704,9,-24,61,2,9.9,1.0,-17,5,27,7.946,0.011,7.9,8.78,0.05,0.64,192.22124999999997,-56.85333333333333,54.70721,-84.2417,10.557375,PM*,F3/5V
HD 111347, ,12,48,22.0,+,30,46,1,133,86,8.03,0.312,2.648,0.002,3.799,-0.15,71,3.78,0.45,3.2,1.6,4.3,1.18,1.11,1.23,-5.0,1.9,2.7,2,1411,0.174,55,-77,26,1,14.1,1.0,-26,-7,-6,8.003,0.071,7.57,8.35,0.05,0.08,192.09166666666664,30.766944444444444,-3.3777413,3.6221843,70.82705,PM*,F7V
HD 111354, ,12,49,7.0,-,42,38,3,302,20,7.848,0.335,2.663,0.039,3.814,0.19,92,2.86,0.73,1.6,1.3,2.0,1.47,1.4,1.56,-12.3,1.1,1.4,2,993,0.404,45,-67,8,1,5.8,1.0,-32,-5,-2,7.954,0.032,7.47,8.5,0.06,0.09,192.27916666666664,-42.634166666666665,45.812443,-73.31521,31.46585,PM*,F5IV
HD 111460, ,12,49,43.4,-,34,6,5,303,29,8.386,0.322,2.674,0.043,3.818,0.0,84,3.58,0.09,1.1,0.0,2.3,1.29,1.24,1.36,-12.8,0.4,0.1,2,1037,0.989,18,-95,-17,2,0.0,0.0,-36,-14,-12,7.96,0.04,7.08,8.4,0.08,0.09,192.4308333333333,-34.10138888888889,40.013577,-61.615494,40.724007,PM*,F5V
HD 111470, ,12,49,27.0,+,5,10,19,302,68,7.564,0.359,2.633,0.017,3.776,-0.11,56,3.8,0.92,6.3,3.6,8.1,1.1,1.05,1.16,-6.4,0.2,0.1,4,2117,0.975,4,118,-68,2,17.7,1.2,34,5,-13,7.989,0.052,7.28,9.61,0.14,0.1,192.36249999999998,5.171944444444445,11.116634,-17.790327,51.922295,PM*,F8
HD 111503, ,12,50,13.5,-,46,10,24,303,17,9.513,0.344,2.622,0.008,3.782,-0.6,258,2.45,2.54,3.2,2.5,4.2,1.2,1.14,1.35,0.9,0.7,0.8,2,740,0.437,24,-9,-18,2,2.1,1.4,-5,-12,-21,7.866,0.074,7.44,7.9,0.03,0.22,192.55624999999998,-46.17333333333333,134.37697,-206.92235,75.43189,*,F5V
HD 111545, ,12,50,5.1,-,7,37,55,302,55,6.992,0.281,2.651,-0.02,3.815,-0.1,49,3.56,0.27,1.7,0.0,2.8,1.27,1.22,1.32,-27.0,0.5,0.7,2,687,0.329,17,-241,12,1,20.6,0.9,-56,-15,-21,7.985,0.04,6.69,8.91,0.14,0.23,192.52125,-7.631944444444445,14.893515,-23.834599,40.13845,PM*,F5V
HD 111828, ,12,53,6.3,-,69,52,48,303,-7,8.884,0.378,2.633,0.037,3.789,0.14,114,3.45,0.73,2.7,2.1,3.4,1.3,1.23,1.37,22.0,0.3,0.4,2,1349,0.213,2,-86,-31,2,8.8,1.0,-28,-42,-18,7.938,-0.014,5.82,8.02,0.16,0.17,193.27624999999998,-69.88,61.626057,-94.89579,-13.8931055,PM*,F8V
HD 111962, ,12,53,9.5,-,14,57,56,304,48,7.625,0.3,2.658,0.01,3.803,-0.35,66,3.53,0.79,3.3,2.5,4.0,1.17,1.1,1.23,-3.7,0.3,0.2,2,648,0.614,10,-9,29,1,15.2,0.9,-7,6,3,7.976,0.049,7.97,8.73,0.05,0.16,193.2895833333333,-14.965555555555556,24.695421,-36.61247,49.04756,*,F6V
HD 112039, ,12,53,41.9,-,23,6,33,304,40,8.446,0.318,2.633,0.006,3.792,-0.45,81,3.91,0.74,4.3,2.5,6.4,1.06,1.01,1.12,-20.5,0.3,0.8,6,1395,0.018,7,-60,0,2,12.4,1.2,-28,0,-13,7.966,0.052,7.69,8.63,0.06,0.1,193.42458333333332,-23.109166666666667,34.697697,-51.441452,52.065792,PM*,F5/6V
HD 112149, ,12,55,28.5,-,68,15,56,303,-5,8.13,0.27,2.674,-0.001,3.823,-0.16,104,3.04,0.67,2.0,1.5,2.4,1.35,1.29,1.42,-10.1,0.3,0.4,2,379,0.404,13,-90,-29,2,9.6,0.8,-44,-15,-13,7.943,-0.01,6.87,8.53,0.11,0.08,193.86874999999998,-68.26555555555555,56.426926,-86.88983,-9.064197,PM*,F2V
HD 112151, ,12,54,7.1,+,36,59,14,120,80,9.14,0.3,2.656,0.014,3.806,-0.41,199,2.65,1.65,2.3,2.0,2.8,1.34,1.23,1.44,0.7,0.7,1.2,4,1007,0.54,24,22,-17,2,4.3,1.2,26,-2,3,8.017,0.196,7.33,9.1,0.11,0.28,193.5295833333333,36.98722222222222,-17.278,29.92637,195.97675,*,F5V
HD 112164, ,12,54,58.5,-,44,9,7,304,19,5.885,0.399,2.628,0.042,3.761,-0.02,40,2.89,2.1,3.4,3.2,3.7,1.32,1.29,1.37,36.3,0.1,0.3,7,1117,0.21,5,-228,-227,1,25.2,0.8,-10,-64,-28,7.979,0.013,4.89,7.98,0.24,0.32,193.74374999999998,-44.151944444444446,21.149092,-31.354818,13.022726,PM*,F9Vp
HD 112283, ,12,55,40.9,-,3,33,2,305,59,7.653,0.316,2.634,-0.003,3.795,-0.27,52,4.07,0.36,3.7,0.3,5.9,1.09,1.03,1.16,-8.6,0.3,0.1,2,978,0.768,6,-121,17,2,19.2,0.8,-29,-10,-5,7.985,0.045,7.38,8.34,0.06,0.06,193.92041666666663,-3.5505555555555555,15.36151,-21.938517,44.5727,PM*,F5/8V
HD 112610, ,12,57,29.4,+,43,49,19,119,73,8.098,0.301,2.665,0.015,3.806,-0.19,123,2.64,1.47,2.2,1.9,2.6,1.41,1.32,1.5,0.7,0.6,1.1,3,4023,0.03,17,-36,-38,1,8.1,1.0,-6,-29,8,8.017,0.118,6.63,8.02,0.1,0.26,194.37249999999995,43.82194444444445,-17.43459,31.452835,117.62548,PM*,F5
HD 112618, ,12,58,19.2,-,32,49,27,305,30,8.058,0.256,2.717,0.037,3.854,0.04,116,2.57,0.42,0.9,0.5,1.2,1.56,1.5,1.63,-12.6,1.2,0.6,3,848,0.926,70,-84,-10,2,8.6,0.9,-43,-19,-10,7.943,0.058,6.72,8.44,0.11,0.08,194.57999999999998,-32.82416666666667,57.620872,-82.29116,58.0,PM*,F3V
HD 112703, ,12,59,36.9,-,64,22,17,304,-2,7.653,0.327,2.638,0.011,3.789,-0.35,63,3.66,0.97,4.0,3.0,7.3,1.09,1.04,1.16,-21.9,0.2,0.1,2,376,0.762,11,-382,-55,2,15.9,0.8,-107,-45,-12,7.965,-0.002,4.93,9.76,0.33,0.09,194.90374999999995,-64.37138888888889,35.20769,-52.197556,-2.1986682,PM*,F5V
HD 112848, ,12,59,48.2,-,20,17,30,306,43,7.235,0.326,2.643,0.01,3.795,-0.14,84,2.61,1.7,2.2,2.0,2.5,1.45,1.39,1.52,-20.9,0.2,0.4,3,3305,0.375,11,-126,-25,2,11.9,0.9,-47,-21,-20,7.964,0.057,6.61,8.52,0.13,0.21,194.9508333333333,-20.291666666666668,36.109818,-49.700924,57.287857,PM*,F7IV/V
HD 112857, ,13,2,35.5,-,79,21,54,303,-17,8.935,0.322,2.628,-0.004,3.792,-0.32,108,3.78,0.76,3.9,2.8,6.1,1.09,1.04,1.16,25.1,0.5,0.7,2,1416,0.111,7,-32,-16,2,9.3,0.9,-2,-28,-14,7.943,-0.031,6.61,7.97,0.09,0.1,195.64791666666662,-79.365,56.250824,-86.61866,-31.576143,*,F5V
HD 112887, ,12,59,32.9,+,28,3,56,61,88,7.169,0.298,2.641,-0.005,3.806,-0.45,81,2.62,1.72,2.3,2.0,2.5,1.38,1.31,1.44,-7.0,0.8,1.0,2,1204,0.053,9,20,-4,2,12.3,0.9,7,3,-7,7.999,0.081,7.78,8.77,0.06,0.09,194.88708333333332,28.065555555555555,1.3704882,2.4724264,80.95066,*,F5
HD 112945, ,13,0,25.2,-,13,53,32,306,49,7.525,0.273,2.669,0.0,3.82,-0.3,74,3.18,0.72,2.3,1.8,2.8,1.29,1.23,1.34,11.7,0.7,1.0,2,1107,0.082,19,14,35,2,13.5,0.9,3,5,17,7.971,0.056,7.84,8.82,0.06,0.41,195.10499999999996,-13.892222222222221,28.536005,-39.27646,55.84851,*,F3V
HD 112947, ,13,0,38.1,-,34,10,20,305,29,8.325,0.32,2.653,0.034,3.811,-0.44,116,2.85,1.36,2.4,2.1,2.9,1.28,1.18,1.37,-6.2,0.2,0.1,3,437,0.912,7,-16,7,2,8.6,1.0,-11,1,0,7.941,0.056,7.94,8.34,0.02,0.13,195.15874999999997,-34.17222222222222,58.192696,-83.1078,56.237915,*,F3/5V
HD 112974, ,13,0,15.4,+,21,33,15,323,84,7.486,0.319,2.636,-0.003,3.797,-0.13,65,3.42,0.84,3.1,2.5,3.5,1.24,1.17,1.3,-5.4,0.5,0.0,1,0,0.0,4,24,25,1,15.4,0.9,1,11,-5,7.995,0.065,7.93,9.14,0.07,0.08,195.06416666666664,21.554166666666667,5.426207,-4.08894,64.64392,*,F7V
HD 113037, ,13,0,35.1,+,23,39,6,334,86,8.247,0.288,2.665,0.0,3.812,-0.12,89,3.49,0.42,2.2,1.0,3.0,1.26,1.2,1.32,-0.9,0.8,0.4,2,1091,0.704,23,-12,-10,1,11.2,1.1,-2,-6,-1,7.994,0.089,7.77,8.15,0.02,0.13,195.14624999999998,23.651666666666664,5.580009,-2.721553,88.7832,*,F5V
HD 113084, ,13,1,33.3,-,32,33,32,305,30,7.861,0.26,2.706,0.034,3.846,-0.24,90,2.94,0.4,1.4,0.7,1.8,1.39,1.34,1.45,-10.9,1.4,2.4,3,851,0.339,70,-96,10,2,11.1,0.8,-40,-13,-1,7.955,0.045,7.01,8.51,0.1,0.11,195.38875,-32.55888888888889,44.70585,-63.84659,45.0,PM*,F0/2V
HD 113130, ,13,1,51.7,-,36,6,53,305,27,8.318,0.264,2.69,0.018,3.828,-0.23,149,2.45,1.21,1.8,1.5,2.0,1.47,1.38,1.56,-22.5,1.1,2.0,3,845,0.101,45,-18,-8,2,6.2,1.0,-21,7,-15,7.923,0.067,7.84,8.8,0.06,0.14,195.46541666666664,-36.11472222222223,76.14798,-108.75062,67.644585,*,F0V
HD 113153, ,13,3,5.9,-,68,47,42,304,-6,8.552,0.363,2.646,0.039,3.798,0.16,120,2.98,0.98,2.2,1.8,2.6,1.41,1.33,1.5,23.9,0.2,0.3,4,1464,0.328,4,7,9,2,8.3,1.0,17,-18,3,7.933,-0.012,6.88,8.33,0.1,0.15,195.77458333333334,-68.795,66.73555,-98.93953,-12.543416,*,F7V
HD 113240, ,13,4,8.2,-,72,30,46,304,-10,8.654,0.385,2.669,0.099,3.817,0.06,103,3.16,0.48,1.7,0.9,2.2,1.37,1.31,1.44,6.9,1.3,2.2,3,436,0.012,26,13,-8,2,5.8,1.0,9,-2,-5,7.943,-0.017,7.61,8.54,0.06,0.03,196.03416666666664,-72.51277777777777,56.72184,-84.09359,-17.885763,*,F5IV/V
HD 113242, ,13,2,4.2,+,28,59,29,72,87,8.905,0.375,2.624,0.021,3.782,0.1,123,3.37,1.01,3.0,2.5,3.7,1.28,1.18,1.38,-4.0,0.6,0.9,2,1256,0.035,5,-86,-10,2,7.1,1.2,-38,-33,-2,7.998,0.123,6.22,8.25,0.14,0.15,195.51749999999996,28.99138888888889,1.9892427,6.12226,122.83143,PM*,F8
HD 113354, ,13,3,22.2,-,29,39,48,306,33,7.435,0.309,2.655,0.007,3.802,-0.1,59,3.59,0.53,2.8,1.8,3.6,1.23,1.17,1.28,2.6,0.4,0.6,2,968,0.261,13,-124,22,2,17.0,1.0,-29,-18,8,7.971,0.032,7.03,8.19,0.08,0.23,195.8425,-29.66333333333333,29.084524,-40.031433,32.133705,PM*,F6V
HD 113392, ,13,2,24.1,+,59,14,45,120,58,7.822,0.301,2.634,-0.009,3.802,-0.44,68,3.67,0.75,3.5,2.5,4.3,1.13,1.07,1.19,-6.6,0.3,0.2,3,2152,0.781,8,-13,31,2,14.8,0.7,-6,1,-11,8.018,0.057,8.0,8.46,0.03,0.08,195.60041666666666,59.24583333333334,-18.017258,31.206802,57.66727,*,F6Vw
HD 113414, ,13,3,39.0,-,16,20,11,307,46,7.745,0.357,2.624,0.004,3.778,-0.03,55,4.03,0.57,4.6,2.7,7.2,1.1,1.05,1.17,0.7,0.3,0.4,2,710,0.277,11,-109,-29,2,18.1,1.0,-20,-21,-3,7.977,0.04,6.98,8.04,0.07,0.07,195.9125,-16.336388888888887,22.993076,-30.512833,39.56369,PM*,F7/8V
HD 113416, ,13,3,51.1,-,25,48,6,306,37,7.737,0.284,2.685,0.026,3.829,-0.16,112,2.37,1.21,1.6,1.4,1.9,1.51,1.43,1.6,-23.0,1.0,0.1,2,1036,0.922,35,-123,7,2,8.9,1.1,-66,-20,-8,7.947,0.068,6.31,9.02,0.18,0.08,195.96291666666664,-25.801666666666666,52.575718,-72.3643,67.403275,PM*,F0/2V
HD 113516, ,13,4,5.9,+,21,53,42,332,84,7.992,0.341,2.636,0.02,3.797,-0.13,108,2.74,1.52,2.4,2.0,2.8,1.4,1.3,1.49,-17.3,1.2,0.0,1,0,0.0,28,-27,24,1,7.4,1.3,-20,3,-15,7.99,0.107,7.91,8.64,0.04,0.17,196.0245833333333,21.895,9.967657,-5.2998962,107.40836,*,F8V
HD 113577, ,13,4,10.4,+,46,27,33,116,71,8.373,0.303,2.633,-0.011,3.805,-0.6,224,1.62,2.86,1.7,1.4,2.0,1.54,1.46,1.64,1.7,0.7,1.0,2,733,0.055,8,-81,53,1,2.7,1.0,-102,-5,-13,8.033,0.211,6.24,10.88,0.27,0.29,196.0433333333333,46.45916666666667,-31.969206,65.54659,211.79616,PM*,F4IV
HD 113591, ,12,56,31.2,+,85,53,4,123,31,7.805,0.298,2.659,0.001,3.809,-0.06,104,2.72,1.2,2.1,1.8,2.3,1.45,1.4,1.51,7.8,0.8,0.0,1,0,0.0,22,-2,1,1,9.6,0.6,-5,5,4,8.048,0.054,8.02,8.77,0.04,0.18,194.12999999999997,85.88444444444445,-48.552067,74.763626,53.56396,*,F8
HD 113621, ,13,4,19.0,+,50,4,5,118,67,8.074,0.39,2.622,0.026,3.778,0.2,94,3.09,1.3,3.0,2.4,4.8,1.41,1.36,1.46,-8.7,0.3,0.5,2,1253,0.153,2,75,-79,1,10.6,0.9,48,-10,4,8.017,0.087,6.65,9.46,0.17,0.22,196.07916666666665,50.06805555555556,-17.243095,32.429546,86.52745,PM*,F9V
HD 113668, ,13,5,28.6,-,18,58,45,308,44,8.624,0.325,2.638,0.006,3.793,-0.21,124,3.16,1.26,3.0,2.4,4.8,1.19,1.12,1.31,16.8,0.4,0.3,2,472,0.614,16,-40,-16,2,5.9,1.1,-8,-28,7,7.945,0.086,6.62,7.95,0.09,0.23,196.36916666666664,-18.979166666666664,54.91586,-70.289085,86.13764,*,F3/5IV
HD 113674, ,13,5,27.3,-,2,33,27,310,60,8.352,0.233,2.72,0.018,3.851,0.22,148,2.5,0.38,0.9,0.2,1.3,1.65,1.57,1.73,2.4,1.6,1.1,3,1093,0.736,100,-30,-9,1,5.5,1.0,-13,-17,0,7.953,0.128,7.22,7.96,0.05,0.17,196.36374999999998,-2.5574999999999997,47.566273,-56.68729,128.17177,*,F2IV
HD 113719, ,13,5,45.7,-,18,15,34,308,44,7.064,0.294,2.644,-0.006,3.807,-0.34,88,2.33,1.89,2.0,1.8,2.2,1.49,1.42,1.55,4.3,0.4,0.6,3,802,0.119,12,-40,-6,2,11.3,0.9,-11,-13,2,7.961,0.062,7.47,7.96,0.03,0.15,196.44041666666664,-18.259444444444444,38.972546,-49.882576,61.12994,*,F3V
HD 113744, ,13,5,45.1,+,4,5,25,312,67,8.014,0.298,2.654,0.001,3.806,-0.25,72,3.71,0.45,3.0,1.4,4.0,1.18,1.11,1.23,4.7,0.6,0.9,2,1078,0.11,7,49,-88,1,13.8,1.1,30,-15,-8,7.981,0.067,6.79,8.76,0.13,0.07,196.43791666666667,4.090277777777778,18.824419,-20.906628,66.276344,PM*,F5V
HD 113748, ,13,6,26.7,-,43,38,31,306,19,9.358,0.328,2.632,0.032,3.801,-0.73,108,4.05,0.62,3.1,0.0,5.7,1.05,0.98,1.11,12.3,0.3,0.1,2,740,0.83,7,13,-2,2,0.0,0.0,12,-6,3,7.94,0.035,7.42,8.49,0.07,0.16,196.61124999999996,-43.64194444444444,60.022263,-82.613594,35.161358,*,F5V(w)
HD 113870, ,13,6,56.3,-,34,7,19,307,29,7.311,0.31,2.651,0.012,3.797,-0.39,48,3.89,0.6,3.9,2.1,5.3,1.09,1.04,1.16,15.7,0.2,0.1,2,377,0.722,7,-217,-89,2,20.7,0.9,-28,-48,-7,7.975,0.023,5.57,8.05,0.18,0.02,196.7345833333333,-34.121944444444445,25.265251,-33.52811,23.27086,PM*,F6V
HD 114000, ,13,7,30.3,+,3,56,13,313,66,8.159,0.35,2.613,-0.006,3.781,-0.08,66,4.05,0.52,4.5,2.4,7.0,1.09,1.04,1.16,-0.9,0.2,0.3,4,2499,0.599,4,-5,-63,1,15.1,1.1,8,-16,-8,7.982,0.061,7.15,8.22,0.07,0.06,196.87625,3.936944444444445,18.307985,-19.63291,60.294003,PM*,F8V
HD 114001, ,13,7,39.1,-,14,11,16,309,49,7.738,0.292,2.649,-0.02,3.813,0.11,68,3.56,0.12,0.9,0.0,2.2,1.32,1.27,1.38,-19.0,1.9,2.7,2,710,0.01,35,-129,3,2,14.6,0.9,-43,-13,-11,7.972,0.051,6.99,8.58,0.1,0.08,196.91291666666666,-14.187777777777779,28.07525,-34.670048,51.32025,PM*,F5V
HD 114018, ,13,7,36.6,+,1,28,28,312,64,7.469,0.303,2.634,-0.009,3.802,-0.45,74,3.12,1.31,2.9,2.4,4.7,1.22,1.12,1.3,-17.2,0.3,0.2,2,758,0.696,9,23,-22,1,13.5,1.0,5,5,-19,7.978,0.067,7.81,8.81,0.06,0.2,196.90249999999997,1.4744444444444447,21.706245,-24.107218,66.51076,*,F3/5V
HD 114116, ,13,8,39.8,-,23,49,19,308,39,7.532,0.306,2.657,0.006,3.804,-0.11,90,2.76,1.32,2.2,2.0,2.5,1.42,1.36,1.48,-18.1,0.6,0.9,2,967,0.127,17,-118,-2,2,11.1,0.8,-49,-18,-9,7.957,0.057,6.66,8.63,0.13,0.07,197.1658333333333,-23.821944444444444,43.0613,-55.115944,56.638836,PM*,F5/6V
HD 114136, ,13,9,10.5,-,39,52,23,307,23,8.067,0.312,2.652,0.011,3.797,-0.3,89,3.31,1.1,3.1,2.6,5.1,1.18,1.12,1.27,-0.7,0.3,0.4,2,376,0.268,11,94,-82,2,11.2,0.9,39,10,-35,7.951,0.035,7.27,10.01,0.16,0.52,197.29374999999996,-39.87305555555555,49.30367,-65.428154,34.77507,PM*,F5V
HD 114147, ,13,8,49.3,-,5,59,44,311,57,8.557,0.32,2.665,0.025,3.812,0.14,103,3.39,0.28,1.5,0.1,2.3,1.35,1.29,1.43,3.2,0.2,0.3,2,1057,0.3,7,-5,-23,2,6.0,1.1,4,-11,-3,7.963,0.086,7.44,8.18,0.05,0.11,197.20541666666665,-5.995555555555556,36.803474,-42.337574,86.383064,*,F5V
HD 114155, ,13,9,27.5,-,48,31,28,306,14,6.829,0.29,2.69,0.036,3.839,0.17,147,0.84,2.28,0.7,0.7,0.9,2.15,2.08,2.3,-16.3,2.0,0.0,1,0,0.0,13,-16,-6,1,6.8,0.8,-18,5,-8,7.916,0.036,7.87,8.65,0.05,0.04,197.36458333333331,-48.52444444444444,83.83782,-115.39292,35.56252,*,F3/5III
HD 114193, ,13,9,21.0,-,27,43,40,308,35,8.389,0.292,2.659,0.004,3.81,-0.25,119,3.01,1.06,2.4,2.0,2.9,1.29,1.21,1.37,3.8,0.5,0.0,1,0,0.0,19,29,-2,2,8.1,1.1,16,6,0,7.94,0.068,7.62,9.09,0.09,0.14,197.33749999999998,-27.727777777777778,60.014126,-76.814575,68.2556,*,F3V
HD 114254, ,13,9,6.4,+,30,14,37,73,85,8.256,0.288,2.662,-0.004,3.812,-0.09,109,3.07,0.81,2.2,1.7,2.6,1.34,1.27,1.41,-1.3,0.7,0.0,1,0,0.0,25,22,7,2,9.2,1.0,7,9,-2,7.997,0.108,7.85,9.14,0.08,0.14,197.27666666666664,30.24361111111111,2.7775266,9.084878,108.58523,*,F0
HD 114283, ,13,8,56.3,+,46,51,12,114,70,8.728,0.346,2.645,0.034,3.804,-0.05,175,2.37,1.65,1.9,1.6,2.2,1.52,1.43,1.63,-5.0,0.3,0.7,4,1020,0.055,6,-28,-4,2,1.1,1.2,-16,-17,-2,8.025,0.164,7.29,8.06,0.05,0.18,197.2345833333333,46.85333333333333,-24.34462,54.67892,164.44621,*,F8
HD 114301, ,13,9,37.2,+,5,58,46,315,68,8.273,0.25,2.698,0.014,3.835,-0.24,127,2.76,0.78,1.7,1.4,2.0,1.4,1.34,1.47,3.2,1.0,0.1,2,1031,0.867,45,-8,-16,2,7.9,0.9,2,-11,0,7.967,0.118,7.48,8.13,0.04,0.16,197.40499999999997,5.979444444444445,33.64063,-33.64064,117.75234,*,F0
HD 114380, ,13,10,0.4,+,16,8,52,325,78,7.858,0.276,2.663,-0.011,3.822,-0.02,118,2.5,1.1,1.6,1.3,1.9,1.5,1.42,1.6,0.0,0.6,0.5,2,1136,0.584,24,-47,-9,2,7.5,1.2,-19,-19,1,7.98,0.116,7.12,8.03,0.06,0.17,197.50166666666664,16.147777777777776,20.096725,-14.071884,115.42142,*,F2
HD 114446, ,13,9,33.2,+,56,50,0,118,60,7.031,0.376,0.0,0.0,3.773,0.12,54,3.38,1.21,4.7,2.8,5.2,1.34,1.29,1.37,-31.2,0.3,0.1,2,767,0.974,9,-87,54,1,18.6,0.6,-18,-17,-32,8.013,0.047,7.31,8.06,0.05,0.41,197.38833333333332,56.833333333333336,-12.675732,23.839582,46.765373,PM*,F9IV-V
HD 114494, ,13,10,52.2,+,1,43,32,314,64,8.704,0.332,2.62,-0.007,3.787,-0.28,88,3.98,0.64,4.7,2.5,7.2,1.06,1.0,1.13,-16.5,0.5,0.9,3,733,0.196,12,35,-75,1,5.7,1.1,22,-10,-29,7.973,0.079,7.12,8.68,0.1,0.38,197.71749999999997,1.7255555555555557,26.797602,-27.749731,79.09388,PM*,F5V
HD 114537, ,13,10,45.9,+,34,18,2,94,82,6.905,0.305,2.662,0.008,3.81,0.13,79,2.42,1.3,1.6,1.4,1.9,1.61,1.54,1.68,-13.8,0.6,0.1,2,1140,0.993,26,-71,-29,2,12.7,0.8,-15,-26,-10,8.001,0.078,6.77,8.01,0.08,0.09,197.69124999999997,34.300555555555555,-0.76694983,10.967894,78.23118,PM*,F5
HD 114538, ,13,11,7.2,+,13,54,35,323,76,7.94,0.257,2.685,0.0,3.835,0.04,118,2.59,0.7,1.3,1.0,1.6,1.52,1.45,1.6,-9.1,2.2,3.8,3,1127,0.162,80,-29,-24,1,8.5,0.9,-8,-18,-11,7.977,0.114,7.18,7.98,0.05,0.12,197.78,13.909722222222223,22.798475,-17.179882,114.494896,*,F2IV:
HD 114649, ,13,12,46.3,-,53,55,49,306,9,8.527,0.348,2.634,0.03,3.797,-0.24,123,2.95,1.41,2.7,2.3,3.4,1.29,1.16,1.39,19.4,0.2,0.5,4,1062,0.138,7,11,-18,2,4.2,1.2,17,-14,-7,7.928,0.019,7.04,8.39,0.09,0.02,198.19291666666663,-53.930277777777775,71.40746,-98.28399,19.24144,*,F5V
HD 114778, ,13,12,12.6,+,34,48,46,94,81,8.401,0.321,2.642,0.012,3.793,-0.37,95,3.51,1.05,3.7,2.8,6.1,1.12,1.05,1.2,-12.4,0.4,0.6,3,106,0.222,9,33,-3,2,10.5,1.1,13,6,-13,8.001,0.094,7.71,9.07,0.08,0.14,198.05249999999998,34.812777777777775,-1.0366703,14.825076,93.83039,*,F5
HD 114845, ,13,13,20.9,-,13,28,16,311,49,7.57,0.287,2.638,-0.029,3.815,0.02,76,3.17,0.55,1.9,1.2,2.4,1.37,1.32,1.42,-0.9,0.3,0.6,4,710,0.307,16,-166,-51,1,13.2,0.9,-41,-46,-7,7.967,0.057,5.59,8.2,0.19,0.06,198.3370833333333,-13.471111111111112,32.71141,-37.63019,57.35793,PM*,F5V
HD 114848, ,13,13,43.5,-,35,56,46,308,27,8.456,0.232,2.71,0.007,3.851,0.17,199,1.96,0.96,0.9,0.8,1.1,1.77,1.66,1.89,-1.4,1.1,1.5,3,291,0.619,70,1,-24,2,4.0,1.1,5,-8,-20,7.891,0.089,7.45,8.18,0.05,0.22,198.43124999999998,-35.94611111111111,109.163124,-139.72241,90.34411,*,F2IV
HD 114905, ,13,13,3.6,+,38,16,37,102,78,6.828,0.318,0.0,0.0,3.795,-0.32,61,2.9,1.57,3.7,2.3,4.1,1.34,1.27,1.39,-8.9,0.2,0.1,4,1788,0.96,7,162,-101,2,16.4,0.8,55,2,-7,8.003,0.06,6.84,10.15,0.2,0.07,198.26499999999996,38.276944444444446,-2.6368623,12.405465,59.667004,PM*,F7V
HD 114982, ,13,14,55.5,-,51,48,17,307,11,7.618,0.297,2.653,0.006,3.808,-0.33,115,2.32,1.87,2.0,1.7,2.3,1.47,1.38,1.56,-26.3,0.3,0.2,2,475,0.61,13,-77,-39,1,8.7,1.0,-48,-9,-23,7.933,0.022,7.02,8.82,0.11,0.25,198.73124999999996,-51.80472222222222,67.93718,-90.155655,21.943035,PM*,F2V
HD 115123, ,13,15,20.3,-,24,0,1,310,39,8.319,0.294,2.672,0.014,3.809,-0.15,80,3.8,0.21,1.8,0.0,3.5,1.2,1.15,1.26,0.8,1.0,1.5,2,967,0.246,35,-27,3,2,12.5,0.9,-8,-6,2,7.96,0.05,7.9,7.99,0.01,0.15,198.8345833333333,-24.00027777777778,39.963177,-47.626274,50.34563,*,F5V
HD 115215, ,13,14,29.1,+,59,37,10,118,57,8.33,0.277,0.0,0.0,3.823,-0.06,164,2.26,1.36,1.5,1.3,1.8,1.57,1.48,1.67,-18.7,0.3,0.1,2,1102,0.927,9,4,9,3,6.1,0.7,3,-3,-20,8.041,0.138,7.8,8.48,0.04,0.24,198.62124999999997,59.61944444444445,-41.93358,78.865585,137.54198,*,F5
HD 115274, ,13,16,3.8,+,3,57,51,318,66,8.193,0.355,2.621,0.01,3.778,-0.23,128,2.65,2.13,3.3,2.4,4.1,1.37,1.28,1.44,12.1,0.4,0.3,2,715,0.613,8,-55,10,2,7.8,0.9,-26,-18,17,7.961,0.117,7.1,8.14,0.07,0.41,199.01583333333332,3.964166666666667,38.68982,-34.836468,116.93382,PM*,F8V
HD 115353, ,13,16,49.5,-,6,56,5,314,55,8.326,0.302,2.648,-0.012,3.81,0.17,130,2.76,0.93,1.7,1.4,2.1,1.48,1.4,1.58,-12.0,1.2,1.7,2,1034,0.171,40,-32,-5,1,5.2,1.1,-19,-9,-10,7.949,0.107,7.59,8.08,0.03,0.12,199.20624999999998,-6.934722222222223,51.797157,-53.637535,106.48977,*,F6V
HD 115386, ,13,16,51.8,+,1,14,24,317,63,7.443,0.256,2.68,-0.006,3.829,-0.23,68,3.26,0.38,1.8,0.8,2.4,1.31,1.26,1.36,-12.3,1.1,0.3,2,773,0.859,29,-27,-3,1,14.6,0.8,-11,-2,-11,7.977,0.061,7.98,8.18,0.01,0.08,199.2158333333333,1.24,22.577883,-21.05421,60.588444,*,F0/2V
HD 115503, ,13,17,44.1,-,8,43,59,314,54,7.263,0.322,2.629,-0.016,3.799,0.13,98,2.31,1.65,1.7,1.5,1.9,1.63,1.55,1.71,-3.9,0.4,0.3,2,1034,0.597,21,14,-51,1,10.2,0.9,14,-11,-17,7.96,0.079,7.22,8.4,0.08,0.17,199.43374999999997,-8.733055555555556,40.014374,-41.4361,79.28367,PM*,F6V
HD 115519, ,13,17,19.9,+,32,29,15,78,82,7.672,0.351,2.609,-0.001,3.776,-0.38,61,3.73,1.23,7.5,6.2,8.8,1.04,0.99,1.1,-8.7,0.3,0.1,2,369,0.789,3,123,-90,1,16.3,0.9,44,-1,-10,7.998,0.061,6.96,9.64,0.16,0.08,199.33291666666662,32.487500000000004,1.7650783,8.304042,60.406353,PM*,F8
HD 115571, ,13,21,23.1,-,78,7,42,305,-15,8.993,0.365,2.6,0.008,3.768,-0.49,75,4.63,0.59,8.3,1.0,13.6,0.92,0.84,1.0,45.5,0.2,0.5,4,2186,0.215,4,50,64,2,13.4,1.0,44,-29,8,7.959,-0.02,6.03,8.83,0.19,0.24,200.34624999999997,-78.12833333333333,41.552414,-59.343014,-19.411428,PM*,F8V
HD 115605, ,13,17,36.9,+,37,32,19,97,78,9.306,0.29,2.674,0.009,3.814,0.06,159,3.3,0.4,1.7,0.7,2.4,1.34,1.28,1.41,-7.7,1.0,0.8,2,678,0.595,27,-46,-19,2,3.6,1.3,-19,-33,-1,8.004,0.156,6.37,8.04,0.12,0.18,199.40374999999997,37.53861111111111,-4.0287495,32.811543,155.52547,PM*,F5V
HD 115607, ,13,18,17.7,-,5,47,21,315,56,8.267,0.291,2.658,0.003,3.812,-0.25,136,2.6,1.43,2.1,1.8,2.5,1.4,1.31,1.49,-26.4,1.1,1.3,2,383,0.401,50,-30,-8,2,7.0,1.2,-23,-5,-23,7.947,0.113,7.66,8.28,0.04,0.27,199.57375,-5.789166666666667,53.775623,-53.775642,112.749115,*,F3V
HD 115663, ,13,19,8.5,-,37,40,4,309,25,8.595,0.346,2.645,0.022,3.799,0.17,121,3.09,0.84,2.2,1.7,2.6,1.38,1.31,1.47,-10.2,0.2,0.3,3,2890,0.484,9,25,-17,2,6.6,1.2,8,11,-15,7.931,0.051,7.79,9.21,0.08,0.13,199.78541666666666,-37.66777777777777,69.01331,-85.22434,51.13681,*,F6/7V
HD 115693, ,13,18,58.6,-,12,38,53,313,50,7.34,0.253,2.693,0.014,3.835,-0.29,114,2.06,1.52,1.5,1.3,1.7,1.58,1.5,1.67,-22.2,1.4,2.3,3,1415,0.56,110,-91,-1,2,8.8,0.9,-49,-19,-12,7.95,0.087,6.65,8.6,0.13,0.12,199.74416666666664,-12.648055555555555,49.97533,-53.59198,87.32906,PM*,F2III/IV
HD 115740, ,13,19,21.5,-,24,37,9,311,38,8.282,0.32,2.626,-0.003,3.791,-0.32,58,4.45,0.11,0.0,0.0,5.5,1.04,0.98,1.1,-42.0,0.2,0.5,6,1510,0.289,6,-134,1,2,17.1,1.0,-51,3,-22,7.97,0.036,7.28,9.41,0.13,0.25,199.8395833333333,-24.61916666666667,29.984922,-34.493725,35.708366,PM*,F5V
HD 115773, ,13,19,58.2,-,41,11,26,309,21,6.727,0.334,2.637,0.015,3.787,-0.32,55,3.03,1.62,4.1,3.7,4.6,1.2,1.14,1.35,-3.7,0.2,0.1,2,581,0.869,5,-329,12,1,18.2,0.9,-71,-46,11,7.968,0.02,5.29,8.76,0.25,0.3,199.99249999999998,-41.190555555555555,32.313667,-39.904057,19.710238,PM*,F6V
HD 115809, ,13,18,47.5,+,47,8,25,110,69,8.131,0.303,0.0,0.0,3.805,-0.17,76,3.73,0.38,2.7,0.9,3.9,1.19,1.13,1.25,-14.7,1.4,1.8,2,675,0.357,35,-72,-1,1,13.2,0.9,-19,-20,-11,8.009,0.071,7.06,8.06,0.07,0.09,199.69791666666666,47.140277777777776,-9.315248,25.593435,70.95211,PM*,F5
HD 115832, ,13,19,35.9,+,5,27,49,321,67,8.165,0.304,2.654,0.005,3.806,-0.11,127,2.65,1.39,2.1,1.8,2.5,1.43,1.34,1.52,-15.7,0.3,0.5,3,837,0.335,11,-57,23,2,7.6,1.0,-39,-6,-6,7.962,0.117,7.29,8.7,0.09,0.12,199.8995833333333,5.463611111111112,38.5642,-31.22869,116.90411,PM*,F5III
HD 115906, ,13,20,30.5,-,20,52,51,312,41,7.591,0.285,2.669,0.012,3.812,-0.41,85,2.93,1.24,2.5,2.2,2.8,1.3,1.24,1.36,7.4,0.4,0.2,2,718,0.667,12,67,-61,2,11.7,0.9,34,-3,-16,7.957,0.057,7.07,9.2,0.13,0.15,200.12708333333333,-20.880833333333335,42.924946,-47.672966,55.76502,PM*,F3V
HD 116089, ,13,25,9.6,-,78,57,8,305,-16,7.897,0.301,2.673,0.022,3.816,-0.13,65,3.73,0.1,0.7,0.0,2.6,1.23,1.19,1.28,-5.9,0.8,0.3,2,377,0.815,30,-140,-74,2,15.3,0.7,-43,-18,-15,7.964,-0.018,6.78,8.49,0.11,0.12,201.28999999999996,-78.95222222222222,35.838203,-51.18227,-17.916428,PM*,F5V
HD 116091, ,13,20,7.7,+,59,51,43,116,57,7.966,0.409,0.0,0.0,3.756,0.02,72,3.67,1.41,6.8,5.8,7.8,1.12,1.08,1.17,7.5,0.4,0.6,2,1095,0.08,5,-39,65,2,13.8,0.7,-25,10,-4,8.018,0.061,7.91,9.17,0.07,0.08,200.0320833333333,59.86194444444445,-17.19029,35.24532,60.38428,PM*,F8
HD 116211, ,13,22,27.4,-,25,50,27,312,37,7.106,0.279,2.659,-0.018,3.82,0.07,70,2.88,0.68,1.6,1.2,2.0,1.46,1.41,1.51,-12.9,0.3,0.1,2,966,0.742,5,-126,6,2,14.3,0.9,-41,-16,-1,7.963,0.042,6.91,8.47,0.1,0.09,200.61416666666665,-25.840833333333332,37.40741,-41.545124,42.12705,PM*,F5V
HD 116234, ,13,21,56.5,+,22,18,38,0,82,8.258,0.361,2.621,0.007,3.774,-0.14,60,4.37,0.42,6.1,2.0,9.3,1.03,0.97,1.09,-10.1,0.2,0.3,4,1091,0.518,6,-86,-38,1,16.7,1.1,-15,-23,-8,7.991,0.059,6.93,8.0,0.07,0.06,200.48541666666662,22.310555555555556,8.350387,0.0,59.416084,PM*,F8
HD 116347, ,13,23,25.8,-,26,58,44,312,35,8.713,0.352,2.636,0.032,3.793,-0.24,77,4.15,0.3,3.5,0.0,6.0,1.09,1.03,1.15,-14.0,0.3,0.1,2,966,0.817,5,20,-34,2,13.0,1.1,2,6,-19,7.958,0.045,7.86,8.8,0.06,0.19,200.85749999999996,-26.978888888888886,42.205227,-46.873634,44.165386,*,F6/7V
HD 116843, ,13,25,44.1,+,37,50,33,91,77,8.632,0.32,2.646,0.008,3.797,-0.13,131,3.05,1.21,2.6,2.2,3.2,1.3,1.19,1.39,4.2,0.3,0.2,2,3324,0.634,5,-57,6,2,7.3,1.1,-30,-17,8,8.001,0.128,7.08,8.26,0.08,0.27,201.43374999999997,37.8425,-0.51429605,29.464098,127.64248,PM*,F6V
HD 116879, ,13,26,6.8,+,30,42,8,60,82,7.953,0.265,2.668,-0.011,3.828,-0.08,157,1.97,1.56,1.4,1.2,1.6,1.66,1.55,1.76,-15.6,0.3,0.1,3,1154,0.995,19,-64,29,2,5.6,0.9,-52,-13,-10,7.989,0.155,6.85,8.87,0.13,0.17,201.5283333333333,30.702222222222222,10.925088,18.92281,155.47209,PM*,F5
HD 116941, ,13,26,44.4,+,16,56,55,343,77,8.023,0.333,2.63,0.007,3.787,-0.29,74,3.69,0.94,4.3,3.0,7.4,1.09,1.04,1.16,11.6,0.3,0.4,3,412,0.388,7,0,62,2,13.6,1.0,-10,16,15,7.984,0.072,7.98,9.5,0.09,0.4,201.685,16.948611111111113,15.919009,-4.8669305,72.103386,PM*,F8
HD 117052, ,13,28,14.9,-,33,42,22,312,29,8.179,0.356,2.631,0.026,3.788,-0.19,59,4.22,0.3,3.8,0.0,6.7,1.08,1.02,1.14,4.0,0.2,0.5,4,1183,0.089,3,35,-89,2,17.0,1.1,15,-8,-21,7.966,0.028,7.3,8.51,0.08,0.2,202.0620833333333,-33.70611111111111,34.528862,-38.34817,28.603767,PM*,F8V
HD 117091, ,13,28,34.9,-,33,28,53,312,29,8.584,0.316,2.651,0.014,3.794,-0.34,75,4.21,0.3,3.3,0.0,6.1,1.06,1.0,1.13,-8.4,0.3,0.1,2,376,0.881,10,-56,-11,2,0.0,0.0,-20,-8,-5,7.956,0.036,7.61,8.11,0.03,0.05,202.14541666666662,-33.481388888888894,43.892624,-48.747677,36.36072,PM*,F5V
HD 117104, ,13,28,26.6,-,25,12,46,313,37,7.344,0.29,2.655,0.005,3.812,-0.35,98,2.39,1.73,2.0,1.8,2.2,1.46,1.4,1.53,-32.9,0.2,0.2,2,386,0.583,8,-47,1,1,10.2,0.8,-35,6,-16,7.946,0.059,7.62,9.09,0.09,0.16,202.11083333333332,-25.212777777777777,53.377476,-57.240334,58.977867,*,F3/5V
HD 117105, ,13,28,30.5,-,27,23,30,313,35,7.202,0.374,2.597,0.001,3.764,-0.33,36,4.44,0.75,9.8,6.2,14.6,0.95,0.87,1.0,-3.9,0.2,0.4,5,1799,0.139,1,-226,213,2,28.0,1.0,-42,-1,32,7.98,0.02,7.41,9.06,0.1,0.78,202.1270833333333,-27.391666666666666,20.111773,-21.567236,20.648752,PM*,F9.5V
HD 117115, ,13,28,9.0,+,8,21,29,329,69,7.769,0.279,2.658,-0.011,3.817,-0.17,78,3.32,0.53,2.2,1.4,2.8,1.29,1.23,1.34,-12.8,0.5,0.3,2,344,0.649,15,-63,19,2,12.9,1.0,-26,-6,-6,7.976,0.073,7.58,8.34,0.05,0.08,202.03749999999997,8.358055555555556,23.96014,-14.396708,72.819275,PM*,F2
HD 117214, ,13,30,8.9,-,58,29,4,308,4,8.083,0.312,2.665,0.024,3.813,-0.1,97,3.04,0.83,2.2,1.7,2.6,1.34,1.27,1.42,7.2,1.1,1.5,2,1217,0.276,40,-33,-20,2,10.3,1.2,-8,-16,-6,7.94,0.007,7.28,7.94,0.04,0.01,202.5370833333333,-58.48444444444444,59.573696,-76.25085,6.7663774,*,F6V
HD 117264, ,13,28,54.7,+,19,47,26,354,79,8.302,0.301,2.652,-0.002,3.804,-0.16,76,3.89,0.24,2.3,0.0,4.0,1.17,1.11,1.23,1.1,0.9,0.0,1,0,0.0,11,-11,23,1,13.1,1.0,-8,4,3,7.985,0.075,7.98,8.62,0.04,0.17,202.22791666666666,19.790555555555557,14.422048,-1.5158211,74.60367,*,F5
HD 117317, ,13,27,12.1,+,70,18,59,119,47,7.425,0.239,2.693,-0.002,3.843,-0.13,120,2.02,1.28,1.3,1.1,1.5,1.67,1.6,1.74,-44.8,0.5,0.6,3,890,0.734,25,-1,-39,2,8.3,0.6,26,-39,-18,8.04,0.087,5.92,8.39,0.17,0.18,201.80041666666665,70.31638888888888,-39.67672,71.578705,87.76244,*,F0
HD 117378, ,13,29,3.2,+,42,14,17,98,73,7.646,0.379,0.0,0.0,3.763,-0.22,40,4.64,0.48,9.2,4.0,14.0,0.95,0.88,1.02,-9.6,0.4,0.6,2,458,0.171,11,-134,-15,1,25.0,0.9,-18,-20,-5,8.002,0.038,7.07,8.04,0.06,0.05,202.2633333333333,42.238055555555555,-1.6276112,11.581057,38.25219,PM*,F9.5V+
HD 117504, ,13,31,0.4,-,18,31,2,316,43,8.311,0.379,2.616,0.023,3.779,-0.08,97,3.28,1.34,4.6,2.7,5.8,1.18,1.11,1.29,-12.3,0.5,0.7,2,386,0.021,5,-73,-30,2,0.0,0.0,-28,-23,-13,7.949,0.067,6.8,8.11,0.09,0.11,202.75166666666667,-18.51722222222222,51.03089,-49.279984,66.15384,PM*,F8/G0V
HD 117612, ,13,31,51.5,-,26,6,52,314,36,7.529,0.273,2.678,0.002,3.823,-0.03,72,3.24,0.35,1.5,0.6,2.2,1.36,1.31,1.41,-3.4,0.5,0.2,2,966,0.833,22,-103,11,2,13.9,0.9,-31,-17,7,7.959,0.042,7.04,8.22,0.08,0.21,202.9645833333333,-26.114444444444445,40.46331,-41.90099,42.320538,PM*,F5V
HD 117670, ,13,33,38.1,-,64,45,51,307,-2,7.656,0.322,2.644,0.015,3.795,-0.3,118,2.3,2.15,2.0,1.8,2.4,1.47,1.4,1.57,3.2,0.6,0.6,2,379,0.457,27,-8,-37,2,8.5,0.8,-4,-7,-20,7.929,-0.005,7.74,8.02,0.02,0.18,203.40874999999997,-64.76416666666667,70.97093,-94.18157,-4.1181407,*,F5V
HD 117695, ,13,39,56.7,-,83,54,29,304,-21,7.234,0.264,2.664,-0.015,3.826,-0.18,84,2.61,1.05,1.8,1.6,2.1,1.47,1.42,1.52,14.8,0.7,1.0,2,1350,0.141,15,88,16,2,11.9,0.6,37,9,-6,7.956,-0.03,7.27,9.85,0.15,0.04,204.98624999999998,-83.90805555555556,43.85233,-65.013756,-30.102907,PM*,F5V
HD 117697, ,13,31,58.2,+,8,58,37,333,69,8.017,0.367,2.621,0.012,3.773,-0.13,79,3.52,1.29,5.8,4.7,7.0,1.13,1.08,1.19,12.6,0.3,0.5,2,871,0.177,5,-18,23,1,12.6,1.0,-6,1,16,7.975,0.074,7.95,8.42,0.03,0.38,202.99249999999998,8.976944444444445,25.225348,-12.852957,73.75285,*,F8
HD 117718, ,13,32,34.4,-,29,33,54,314,32,6.43,0.298,2.674,0.024,3.821,-0.11,47,2.96,0.74,2.0,1.5,2.3,1.4,1.35,1.44,-18.9,0.3,0.1,2,1085,0.864,13,-77,9,1,21.2,0.9,-25,2,-6,7.973,0.025,7.79,8.65,0.05,0.03,203.14333333333332,-29.565,27.687874,-28.671635,24.906206,PM*,F5IV
HD 117736, ,13,33,0.6,-,39,58,20,312,22,7.743,0.255,2.708,0.028,3.849,-0.1,123,2.17,1.01,1.2,1.0,1.4,1.6,1.51,1.7,-16.9,1.1,0.5,3,851,0.926,50,-68,-20,2,8.1,1.0,-40,-18,-11,7.924,0.047,6.83,8.38,0.1,0.07,203.2525,-39.97222222222222,76.31009,-84.75091,46.07661,PM*,F3IV/V
HD 117807, ,13,33,29.4,-,43,25,21,311,19,6.65,0.31,2.656,0.012,3.799,-0.26,39,3.68,0.65,3.6,2.6,4.3,1.16,1.09,1.22,-1.8,0.6,0.8,2,1071,0.151,18,-106,-14,1,25.5,0.9,-16,-12,0,7.976,0.013,7.54,8.02,0.03,0.11,203.37249999999997,-43.4225,24.192318,-27.830091,12.697158,PM*,F5.5V
HD 117929, ,13,34,37.2,-,49,52,0,310,12,8.183,0.324,2.665,0.035,3.813,-0.08,82,3.46,0.39,2.1,0.7,2.8,1.27,1.21,1.34,-17.4,0.2,0.1,2,584,0.711,8,-56,-53,2,7.5,1.0,-27,-6,-20,7.948,0.018,7.53,8.35,0.05,0.2,203.65499999999997,-49.86666666666667,51.55677,-61.442986,17.04876,PM*,F6V
HD 118158, ,13,34,41.5,+,20,38,46,2,78,8.295,0.218,2.705,-0.011,3.859,0.19,208,1.7,1.09,0.8,0.7,1.0,1.88,1.76,2.01,-7.4,2.6,3.7,2,1229,0.067,19,-35,5,1,3.4,1.1,-31,-17,-1,7.957,0.204,7.04,8.22,0.08,0.23,203.67291666666662,20.64611111111111,43.21928,1.5092505,203.45471,*,F0
HD 118187, ,13,35,31.6,-,22,1,28,316,40,7.111,0.309,2.655,-0.001,3.804,0.12,50,3.63,0.23,1.7,0.0,2.8,1.3,1.25,1.35,-25.8,0.2,0.1,2,966,0.844,8,-131,-37,2,20.1,0.9,-36,-10,-18,7.972,0.032,7.24,8.48,0.08,0.17,203.88166666666666,-22.024444444444445,27.552307,-26.606966,32.139378,PM*,F7/8V
HD 118330, ,13,36,14.6,-,0,55,51,326,60,7.066,0.344,2.604,-0.016,3.781,-0.29,50,3.59,1.18,6.3,5.2,7.4,1.09,1.05,1.14,15.7,0.2,0.4,6,3282,0.43,5,-221,-54,1,20.2,0.9,-28,-45,17,7.98,0.043,5.74,8.06,0.17,0.4,204.0608333333333,-0.9308333333333333,20.725935,-13.979827,43.301273,PM*,F7V
HD 118394, ,13,37,6.3,-,27,39,6,315,34,7.907,0.304,2.642,-0.007,3.803,-0.19,88,3.17,1.01,2.7,2.2,3.2,1.28,1.21,1.35,-24.9,0.4,0.6,2,966,0.097,6,-54,-45,2,11.3,1.0,-27,-10,-25,7.948,0.05,7.41,8.26,0.05,0.29,204.27624999999998,-27.651666666666664,51.58718,-51.5872,49.208977,PM*,F5V
HD 118507, ,13,36,54.2,+,27,57,56,40,80,8.778,0.299,2.635,-0.016,3.807,-0.25,161,2.74,1.4,2.3,2.0,2.8,1.36,1.26,1.46,4.6,1.1,0.0,1,0,0.0,21,-11,66,2,8.6,1.2,-37,35,6,7.978,0.159,7.84,11.15,0.17,0.31,204.2258333333333,27.965555555555554,21.416582,17.970646,158.55405,PM*,F8
HD 118523, ,13,26,38.3,+,85,16,14,122,32,7.942,0.278,0.0,0.0,3.821,-0.11,169,1.8,1.9,1.3,1.1,1.5,1.71,1.62,1.81,5.6,2.7,3.8,2,846,0.01,40,-40,17,2,5.9,0.6,-33,-10,-4,8.077,0.089,7.38,8.53,0.07,0.1,201.65958333333333,85.27055555555556,-75.94811,121.54235,89.55636,*,F2
HD 118646, ,13,38,42.0,-,29,33,39,315,32,5.82,0.269,2.682,0.005,3.826,-0.03,49,2.37,1.16,1.5,1.3,1.8,1.58,1.54,1.63,5.8,0.9,0.4,2,715,0.72,35,-77,-74,1,20.4,0.8,-6,-23,-8,7.971,0.026,6.89,7.98,0.07,0.03,204.67499999999998,-29.560833333333335,29.383362,-29.383371,25.966043,PM*,F3V
HD 118736, ,13,40,37.5,-,64,4,10,308,-2,8.421,0.338,2.639,0.011,3.783,-0.21,66,4.32,0.33,4.8,0.0,7.9,1.05,0.98,1.11,18.6,0.3,0.1,2,360,0.965,17,-49,-48,2,15.1,1.0,-3,-26,-12,7.959,-0.002,6.75,7.98,0.08,0.07,205.15624999999997,-64.06944444444444,40.608906,-51.977024,-2.3033667,PM*,F6/7V
HD 118826, ,13,39,34.0,-,15,36,57,320,46,7.928,0.344,2.618,-0.009,3.785,-0.25,140,2.2,2.44,2.2,1.8,2.8,1.45,1.38,1.57,-32.0,0.2,0.3,2,648,0.367,8,-89,-27,2,6.3,1.0,-56,-34,-24,7.925,0.1,5.95,8.52,0.18,0.29,204.89166666666665,-15.615833333333333,74.49947,-62.51251,100.70757,PM*,F5V
HD 118865, ,13,39,34.3,+,1,5,18,329,62,7.965,0.35,2.612,-0.013,3.782,0.05,61,4.04,0.39,3.7,1.6,5.6,1.15,1.08,1.21,-8.8,0.2,0.2,4,1856,0.858,8,-96,-47,1,16.4,1.1,-18,-25,-9,7.975,0.054,6.78,8.01,0.08,0.06,204.89291666666665,1.0883333333333332,24.547358,-14.749543,53.859802,PM*,F7V
HD 118930, ,13,40,47.5,-,38,20,34,313,24,8.932,0.321,2.652,0.013,3.796,-0.12,128,3.4,0.87,3.0,2.3,3.7,1.2,1.13,1.29,14.9,0.2,0.1,2,381,0.901,6,59,-21,2,9.2,1.2,39,7,-12,7.919,0.051,7.17,9.73,0.15,0.09,205.19791666666663,-38.34277777777778,79.74867,-85.51998,52.06229,PM*,F5V
HD 118957, ,13,40,25.2,-,5,14,42,325,56,8.075,0.297,2.655,0.001,3.81,-0.13,133,2.46,1.51,1.9,1.6,2.3,1.47,1.39,1.58,-11.3,0.5,0.1,2,383,0.983,23,-19,27,1,4.9,0.9,-22,8,2,7.938,0.11,7.86,8.93,0.06,0.18,205.10499999999996,-5.245,60.92251,-42.658413,110.262,*,F3/5V
HD 118961, ,13,41,14.7,-,44,39,0,312,17,9.359,0.326,2.649,0.025,3.805,-0.25,159,3.24,0.94,2.8,2.2,3.4,1.23,1.14,1.31,-10.2,0.3,0.4,2,741,0.316,9,-18,-16,2,0.0,0.0,-16,-5,-12,7.898,0.047,7.75,8.04,0.02,0.08,205.31125,-44.65,101.742966,-112.99696,46.4871,*,F5V(w)
HD 119054, ,13,40,29.6,+,32,50,9,64,78,7.737,0.359,2.631,0.021,3.784,-0.1,50,4.17,0.35,4.2,0.9,6.7,1.09,1.03,1.16,1.5,0.4,0.0,1,0,0.0,3,24,-9,2,20.2,0.9,6,2,1,7.995,0.048,7.79,8.7,0.06,0.13,205.1233333333333,32.83583333333333,4.557124,9.343489,48.907383,*,F5
HD 119056, ,13,40,40.7,+,19,12,0,0,76,7.659,0.351,2.607,-0.003,3.777,-0.4,61,3.72,1.23,7.4,6.0,8.8,1.04,0.99,1.1,8.4,0.4,0.6,3,2489,0.131,4,-93,-66,1,16.3,1.0,-7,-32,11,7.985,0.06,6.47,7.99,0.1,0.28,205.1695833333333,19.2,14.7572365,0.0,59.188038,PM*,F8
HD 119119, ,13,42,21.5,-,47,15,0,312,15,8.104,0.367,2.634,0.027,3.789,0.11,110,2.78,1.43,2.3,2.0,2.7,1.45,1.37,1.54,8.9,0.2,0.3,2,380,0.323,4,59,-21,2,9.1,1.0,29,9,-14,7.929,0.028,7.39,9.59,0.13,0.11,205.5895833333333,-47.25,71.096375,-78.96049,28.470095,PM*,F7/8V
HD 119288, ,13,42,12.7,+,8,23,18,338,68,6.162,0.279,2.661,-0.004,3.816,-0.3,36,3.4,0.58,2.5,1.7,3.2,1.24,1.19,1.29,-12.1,0.5,0.9,4,1336,0.075,15,-377,-86,2,28.0,0.8,-45,-49,-3,7.987,0.033,5.44,8.26,0.21,0.06,205.55291666666665,8.388333333333334,12.503852,-5.051884,33.378616,PM*,F2V
HD 119388, ,13,46,14.6,-,73,54,44,307,-11,9.274,0.324,2.617,-0.007,3.789,-0.52,114,4.0,0.77,5.0,2.5,7.4,1.03,0.97,1.09,-23.1,0.4,0.1,2,1349,0.861,7,9,-36,2,8.8,0.9,-15,21,-16,7.933,-0.023,7.92,9.76,0.1,0.14,206.56083333333333,-73.91222222222223,67.34642,-89.37169,-21.752226,*,F5V
HD 119497, ,13,43,23.2,+,20,13,23,6,76,8.646,0.322,2.632,0.001,3.794,-0.25,104,3.56,0.87,3.5,2.7,5.4,1.14,1.07,1.22,-4.7,0.6,0.8,2,757,0.316,7,-105,-27,1,9.6,1.1,-33,-43,4,7.975,0.101,5.81,8.11,0.17,0.2,205.84666666666664,20.223055555555554,25.022049,2.6299233,100.91076,PM*,F7V
HD 119562, ,13,43,14.6,+,38,15,7,82,74,8.26,0.273,2.66,0.002,3.817,-0.59,130,2.69,1.52,2.3,2.0,2.7,1.29,1.21,1.38,2.6,1.6,1.6,2,374,0.484,35,36,-55,2,7.7,0.9,39,-11,4,7.995,0.125,6.79,9.13,0.15,0.24,205.81083333333333,38.25194444444445,4.986971,35.48414,124.96402,PM*,F8
HD 119629, ,13,45,27.3,-,48,47,29,312,13,6.765,0.337,2.627,0.007,3.786,-0.27,57,2.99,1.64,4.0,3.6,4.4,1.31,1.19,1.38,-22.1,0.4,0.6,2,1206,0.09,4,-142,30,1,17.6,0.8,-44,-5,10,7.963,0.013,7.23,8.84,0.1,0.27,206.36374999999998,-48.79138888888889,37.162914,-41.273582,12.822209,PM*,F7V
HD 119638, ,13,44,44.6,-,14,13,30,322,47,6.905,0.348,2.606,-0.018,3.78,-0.06,32,4.35,0.23,3.9,0.0,7.3,1.07,1.01,1.14,18.7,0.2,0.4,7,2100,0.176,4,0,-173,1,30.9,0.8,20,-25,-4,7.983,0.024,6.54,8.33,0.12,0.06,206.1858333333333,-14.225,17.197506,-13.436161,23.403318,PM*,F8.5V
HD 119929, ,13,44,6.4,+,65,2,8,114,51,7.931,0.316,0.0,0.0,3.796,-0.22,61,4.01,0.35,3.4,0.5,5.4,1.12,1.06,1.18,-2.7,0.4,0.0,1,0,0.0,6,-100,54,2,16.4,0.6,-31,-11,-6,8.016,0.048,7.35,8.38,0.07,0.05,206.0266666666666,65.03555555555555,-15.614024,35.06968,47.405907,PM*,F5
HD 119992, ,13,45,13.2,+,55,52,45,108,60,6.5,0.316,2.643,0.002,3.796,-0.2,34,3.86,0.48,3.7,2.1,4.8,1.14,1.08,1.2,-5.2,0.3,0.3,2,355,0.482,8,105,-360,1,29.7,0.6,50,-28,18,8.005,0.029,6.05,9.06,0.2,0.46,206.30499999999995,55.87916666666667,-5.253287,16.16796,29.444866,PM*,F7V
HD 120004, ,13,46,0.3,+,37,31,30,78,75,7.589,0.358,2.634,0.013,3.78,0.08,61,3.68,0.77,3.5,2.9,4.2,1.24,1.15,1.29,-20.4,0.2,0.3,4,2998,0.585,6,-193,-52,2,16.5,0.9,-33,-51,-6,7.997,0.058,5.43,8.11,0.2,0.06,206.50124999999997,37.525,3.2825017,15.44296,58.921474,PM*,F8
HD 120007, ,13,46,20.2,+,27,11,34,36,78,7.999,0.304,2.662,0.011,3.806,-0.09,112,2.75,1.27,2.2,1.8,2.5,1.42,1.34,1.49,-11.8,0.5,0.3,2,1228,0.679,17,-9,-17,2,8.9,1.0,0,-12,-11,7.981,0.11,7.49,8.1,0.04,0.12,206.58416666666665,27.192777777777778,18.838856,13.687229,109.552536,*,F2
HD 120037, ,13,47,43.4,-,36,36,18,315,25,8.134,0.278,2.694,0.03,3.835,-0.06,90,3.23,0.14,1.0,0.0,1.8,1.37,1.31,1.44,8.3,0.5,0.1,2,381,0.87,21,-23,2,2,7.5,1.1,-2,-11,6,7.942,0.038,7.53,8.02,0.03,0.2,206.9308333333333,-36.605000000000004,57.67706,-57.67708,38.035645,*,F2V
HD 120065, ,13,46,47.7,+,22,31,25,16,77,8.288,0.364,2.6,0.002,3.769,-0.49,80,3.77,1.43,8.5,6.9,10.3,0.99,0.95,1.04,8.1,0.3,0.2,2,369,0.685,4,-187,45,1,12.5,1.1,-62,-30,25,7.982,0.078,6.07,8.81,0.18,0.59,206.69875,22.52361111111111,17.298946,4.960393,77.94961,PM*,F8
HD 120162, ,13,45,19.2,+,68,59,58,116,47,7.975,0.363,2.587,-0.001,3.765,-0.7,44,4.76,0.66,8.0,0.0,15.1,0.87,0.8,0.97,-63.4,0.3,0.5,3,635,0.342,4,117,54,2,22.7,0.7,31,-18,-59,8.013,0.032,6.8,8.86,0.13,1.14,206.32999999999996,68.99944444444445,-13.154608,26.970945,32.17956,PM*,F8
HD 120197, ,13,50,18.1,-,66,49,23,309,-5,8.525,0.276,2.666,0.001,3.817,-0.38,122,3.09,0.94,2.4,1.9,2.9,1.25,1.18,1.33,-4.6,0.2,0.2,2,820,0.484,5,1,-19,2,8.5,1.2,-5,3,-11,7.924,-0.01,7.89,8.48,0.04,0.05,207.57541666666665,-66.82305555555556,76.48493,-94.45103,-10.633,*,F2IV
HD 120250, ,13,48,53.1,-,29,39,40,318,32,8.142,0.29,2.639,-0.028,3.813,0.04,88,3.43,0.31,1.7,0.3,2.5,1.32,1.26,1.38,24.9,0.3,0.5,3,1793,0.287,14,41,-14,2,11.4,1.1,30,-7,5,7.945,0.046,7.05,8.94,0.12,0.2,207.22124999999997,-29.66111111111111,55.45959,-49.93603,46.632896,*,F3/5V
HD 120419, ,13,48,42.7,+,32,58,36,62,76,7.673,0.395,2.635,0.048,3.79,0.4,81,2.93,1.09,1.9,1.5,2.2,1.46,1.42,1.51,-1.1,0.4,0.0,1,0,0.0,6,-51,-30,2,12.4,0.8,-8,-21,4,7.991,0.078,7.06,7.99,0.06,0.19,207.17791666666665,32.97666666666667,9.199614,17.301952,78.593956,PM*,F5
HD 120548, ,13,50,49.7,-,38,8,12,316,23,7.941,0.293,2.68,0.024,3.825,0.01,98,2.88,0.63,1.6,1.1,2.0,1.43,1.37,1.5,13.2,0.3,0.1,2,381,0.928,14,9,-22,2,10.2,1.1,13,-11,-5,7.936,0.039,7.25,8.36,0.07,0.05,207.70708333333332,-38.13666666666666,64.89125,-62.664783,38.29165,*,F3/5V
HD 120691, ,13,51,38.7,-,31,19,10,318,30,7.183,0.323,2.624,-0.015,3.796,-0.02,66,3.09,1.08,2.6,2.2,2.9,1.36,1.3,1.41,-48.4,0.3,0.4,2,1098,0.169,5,-307,-72,2,15.2,0.9,-98,-43,-21,7.958,0.033,5.09,9.51,0.3,0.23,207.91124999999997,-31.319444444444443,42.476433,-38.24595,33.0,PM*,F7/8V
HD 120770, ,13,47,27.5,+,75,35,8,118,41,8.265,0.315,2.627,-0.006,3.795,-0.46,94,3.39,1.2,4.9,2.8,6.0,1.13,1.07,1.21,-18.4,0.3,0.4,2,747,0.298,5,-75,40,1,10.6,0.7,-29,-26,-18,8.034,0.062,6.72,8.18,0.1,0.17,206.86458333333331,75.58555555555554,-33.305584,62.638687,61.669548,PM*,F5
HD 120797, ,13,53,15.7,-,56,41,54,311,5,9.07,0.347,2.621,0.012,3.779,-0.54,127,3.55,1.46,6.6,5.0,8.5,1.03,0.98,1.09,27.5,0.2,0.2,4,2249,0.747,5,46,-22,2,4.3,1.3,37,-6,-16,7.916,0.011,6.88,9.14,0.14,0.14,208.31541666666664,-56.69833333333333,83.00242,-95.483406,11.068779,PM*,F7V
HD 120893, ,13,51,27.0,+,37,43,7,77,74,8.359,0.364,2.605,-0.023,3.775,-0.23,161,2.32,2.53,2.6,2.1,3.3,1.39,1.34,1.47,-5.8,0.3,0.5,2,693,0.218,7,-56,0,2,7.2,1.0,-33,-28,4,7.989,0.154,6.51,8.19,0.11,0.24,207.86249999999998,37.718611111111116,9.982793,43.24023,154.76314,PM*,F6V
HD 120915, ,13,50,59.7,+,53,17,25,104,62,6.882,0.297,0.0,0.0,3.811,0.03,60,3.01,0.78,2.0,1.6,2.4,1.41,1.37,1.45,-1.4,0.3,0.4,2,1246,0.251,9,-90,45,1,16.8,0.6,-27,-8,-1,8.007,0.052,7.51,8.34,0.05,0.11,207.74874999999997,53.290277777777774,-6.8145275,27.33158,52.976852,PM*,F5
HD 120999, ,13,53,11.7,-,15,59,53,324,44,7.964,0.314,2.631,-0.008,3.797,-0.28,85,3.32,1.07,3.1,2.6,5.0,1.18,1.12,1.27,-20.0,0.4,0.6,2,725,0.143,6,-209,-36,1,11.8,1.0,-69,-54,-4,7.951,0.059,5.0,8.6,0.26,0.08,208.29874999999996,-15.998055555555554,49.46644,-35.939476,59.045963,PM*,F6V
HD 121083, ,13,54,7.8,-,33,8,35,318,28,8.638,0.297,2.675,0.026,3.824,-0.1,145,2.72,0.91,1.8,1.4,2.1,1.42,1.35,1.51,-15.5,0.5,0.2,2,382,0.777,24,-34,-23,2,6.1,1.2,-25,-14,-15,7.905,0.068,7.25,8.09,0.06,0.14,208.5325,-33.143055555555556,95.1429,-85.66704,68.07338,*,F2V
HD 121103, ,13,56,19.0,-,70,48,20,308,-9,8.252,0.313,2.652,0.005,3.801,-0.04,88,3.52,0.56,2.7,1.8,3.4,1.25,1.19,1.31,-22.6,0.3,0.4,2,379,0.309,14,-118,-39,2,11.3,0.9,-55,-15,-1,7.946,-0.013,6.69,8.85,0.14,0.1,209.07916666666665,-70.80555555555556,53.51119,-68.49119,-13.766233,PM*,F6V
HD 121214, ,13,53,57.4,+,10,14,8,347,68,8.075,0.275,2.666,0.004,3.818,-0.42,116,2.75,1.29,2.2,1.9,2.6,1.32,1.24,1.41,-18.3,1.8,2.6,2,871,0.067,27,27,-7,2,8.6,1.0,6,8,-22,7.957,0.107,7.81,9.0,0.07,0.26,208.48916666666665,10.235555555555555,42.340637,-9.7751045,107.55332,*,F0
HD 121218, ,13,54,7.3,-,1,57,56,333,57,8.34,0.348,2.623,0.003,3.78,-0.17,71,4.07,0.61,5.4,3.0,7.9,1.07,1.01,1.13,-15.6,0.3,0.5,2,973,0.304,14,-63,-45,1,14.0,1.0,-16,-21,-15,7.966,0.06,7.0,7.98,0.07,0.13,208.53041666666667,-1.9655555555555555,34.454662,-17.555529,59.54561,PM*,F7V
HD 121234, ,13,54,9.9,+,3,9,14,338,62,8.207,0.353,2.634,0.015,3.78,-0.11,75,3.83,0.79,4.4,3.0,7.4,1.1,1.05,1.17,-9.6,0.2,0.2,4,1806,0.913,6,16,-65,2,13.3,1.1,12,-12,-19,7.967,0.066,7.23,8.34,0.07,0.19,208.54125,3.153888888888889,32.64649,-13.190039,66.22107,PM*,F7/8V
HD 121270, ,13,54,51.0,-,21,30,24,322,39,8.296,0.312,2.665,0.017,3.801,-0.04,93,3.44,0.64,2.7,1.9,3.3,1.27,1.2,1.33,-34.2,0.4,0.6,2,1367,0.09,5,-138,11,2,10.7,0.9,-67,-20,-4,7.943,0.059,6.31,9.08,0.18,0.08,208.71249999999998,-21.506666666666668,56.953148,-44.496666,58.526794,PM*,F5V
HD 121340, ,13,57,28.8,-,68,14,8,309,-6,8.869,0.322,2.644,0.008,3.795,-0.17,137,3.19,1.15,2.9,2.4,3.6,1.21,1.13,1.33,-10.3,0.2,0.2,2,379,0.621,7,-23,-29,2,7.5,1.2,-22,-3,-13,7.914,-0.015,7.68,8.29,0.04,0.09,209.36999999999995,-68.23555555555555,85.74458,-105.88575,-14.320399,*,F6V
HD 121343, ,13,53,32.7,+,52,6,39,102,62,7.429,0.299,0.0,0.0,3.807,-0.15,65,3.37,0.68,2.7,2.0,3.2,1.27,1.22,1.32,-18.3,0.8,0.0,1,0,0.0,22,40,-64,2,15.4,0.7,24,-13,-11,8.006,0.058,7.0,8.66,0.11,0.09,208.38624999999996,52.11083333333333,-6.3445597,29.848816,57.39159,PM*,F5
HD 121387, ,13,58,17.5,-,72,19,25,308,-10,8.616,0.308,2.627,0.0,3.796,-0.95,111,3.39,1.56,5.5,4.3,6.8,1.03,0.98,1.09,-33.3,0.3,0.2,2,740,0.693,11,-114,-38,2,9.0,1.0,-70,-13,2,7.933,-0.02,6.47,9.35,0.18,0.15,209.57291666666666,-72.3236111111111,67.30021,-86.140335,-19.274948,PM*,F5wA9(V)
HD 121458, ,13,54,38.9,+,37,3,53,74,73,7.448,0.307,2.649,0.006,3.8,-0.33,53,3.84,0.53,3.5,1.9,4.8,1.12,1.06,1.19,-22.9,0.8,1.1,2,693,0.077,14,71,-143,2,19.0,0.8,35,-21,-21,7.996,0.05,6.5,8.78,0.15,0.22,208.6620833333333,37.06472222222222,4.271196,14.895428,50.68415,PM*,F5
HD 121496, ,13,55,53.1,-,9,45,19,328,50,6.842,0.314,2.649,0.0,3.801,0.03,62,2.89,1.12,2.2,1.9,2.5,1.43,1.37,1.48,19.3,0.5,0.8,2,973,0.064,10,6,12,1,16.2,1.1,10,-3,17,7.966,0.047,7.6,8.59,0.06,0.4,208.97124999999997,-9.755277777777778,33.797115,-21.118782,47.494755,*,F6/7V
HD 121545, ,14,1,5.9,-,78,12,57,307,-16,8.374,0.334,2.631,0.011,3.785,-0.37,72,4.09,0.65,5.5,3.2,7.3,1.04,0.98,1.1,-7.0,0.2,0.1,2,499,0.901,5,-110,-26,2,13.9,0.8,-35,-18,4,7.959,-0.02,6.93,8.29,0.09,0.16,210.27458333333334,-78.21583333333334,41.65213,-55.274227,-19.84589,PM*,F7V
HD 121560, ,13,55,49.9,+,14,3,23,355,70,6.16,0.335,2.61,-0.011,3.784,-0.28,24,4.24,0.45,5.9,2.2,7.9,1.03,0.98,1.1,-10.7,0.2,0.4,3,2983,0.372,5,-291,10,1,41.3,0.8,-29,-20,-2,7.992,0.023,6.96,8.19,0.08,0.08,208.95791666666665,14.05638888888889,8.177248,-0.7154188,22.552624,PM*,F6V
HD 121664, ,13,55,32.5,+,51,13,12,101,63,8.698,0.346,2.602,-0.008,3.778,-0.64,115,3.39,1.72,6.4,5.1,8.2,1.03,0.98,1.1,8.4,0.3,0.1,3,635,0.924,7,-23,25,2,6.8,0.9,-19,4,5,8.01,0.102,7.94,8.73,0.05,0.23,208.88541666666663,51.22,-9.961931,51.249687,102.46575,*,F8
HD 121852, ,13,59,9.6,-,45,28,8,315,16,7.38,0.327,2.642,0.001,3.794,0.05,63,3.39,0.76,2.8,2.2,3.3,1.3,1.26,1.35,6.9,0.2,0.2,2,840,0.544,5,-53,-68,2,15.9,0.9,-7,-22,-13,7.957,0.017,6.93,7.96,0.07,0.08,209.78999999999996,-45.46888888888889,42.822014,-42.82203,17.365154,PM*,F8V
HD 122020, ,13,57,3.8,+,62,47,32,111,53,7.305,0.344,0.0,0.0,3.787,-0.04,122,1.87,2.53,1.5,1.3,1.8,1.73,1.64,1.78,-0.6,0.3,0.3,2,919,0.529,10,-72,29,1,8.2,0.6,-41,-18,1,8.026,0.097,6.9,8.52,0.11,0.16,209.26583333333332,62.79222222222222,-26.311884,68.54481,97.43353,PM*,F5
HD 122040, ,13,59,27.6,-,5,25,25,332,54,7.385,0.313,2.636,-0.007,3.798,-0.17,48,3.98,0.29,2.9,0.0,4.8,1.14,1.08,1.2,-4.5,0.2,0.4,3,2568,0.427,7,56,-200,1,20.8,0.9,27,-24,-31,7.975,0.039,6.52,8.51,0.13,0.39,209.86499999999998,-5.423611111111112,24.911213,-13.245523,38.832817,PM*,F6V
HD 122066, ,14,0,0.1,-,25,0,37,322,35,5.78,0.3,2.659,0.001,3.812,0.11,57,1.98,1.72,1.3,1.2,1.5,1.75,1.7,1.81,-12.9,0.9,1.1,2,996,0.361,40,-195,-92,1,17.4,0.8,-41,-42,-13,7.963,0.033,5.76,8.21,0.18,0.09,210.00041666666664,-25.010277777777777,36.793537,-28.746256,32.69386,PM*,F6V
HD 122089, ,14,0,25.2,-,36,1,16,318,25,8.146,0.296,2.641,-0.014,3.806,-0.18,95,3.25,0.85,2.6,2.1,3.2,1.26,1.19,1.33,15.2,0.7,0.9,2,676,0.164,17,-30,-52,2,10.5,1.1,3,-29,-10,7.935,0.04,6.51,8.0,0.1,0.06,210.10499999999996,-36.02111111111111,63.984203,-57.61163,40.148735,PM*,F3V
HD 122156, ,14,0,36.1,-,26,15,59,322,34,6.745,0.308,2.637,-0.004,3.8,-0.29,44,3.53,0.8,3.4,2.7,3.9,1.18,1.11,1.24,5.7,0.2,0.1,3,2264,0.883,5,-23,-157,2,22.8,0.8,8,-25,-21,7.971,0.025,6.71,8.11,0.09,0.21,210.15041666666664,-26.26638888888889,28.744785,-22.457882,24.604488,PM*,F5/6V
HD 122196, ,14,1,2.1,-,38,3,3,318,23,8.736,0.358,0.0,0.0,3.77,-1.86,60,4.85,0.98,0.0,5.9,0.0,0.74,0.72,0.78,-26.3,0.2,0.6,6,4448,0.477,3,-451,-83,2,9.8,1.3,-109,-76,3,7.959,0.023,3.9,9.36,0.41,0.17,210.25875,-38.05083333333333,41.04411,-36.956276,23.443867,PM*,F0(V)w
HD 122232, ,14,2,10.8,-,56,8,45,313,5,9.204,0.324,2.625,0.011,3.788,-0.62,108,4.04,0.83,5.3,2.2,8.0,1.01,0.95,1.07,-15.7,0.4,0.5,2,740,0.141,3,-2,-7,2,9.0,1.3,-12,10,-5,7.927,0.01,7.93,8.92,0.06,0.04,210.545,-56.145833333333336,73.37554,-78.68563,9.41282,*,F3/5V
HD 122298, ,13,58,37.7,+,66,6,3,113,50,7.457,0.322,0.0,0.0,3.799,-0.01,120,2.05,2.05,1.6,1.4,1.8,1.68,1.6,1.75,-25.8,0.3,0.3,2,919,0.383,6,-26,18,1,8.3,0.6,-11,-20,-22,8.03,0.092,7.18,8.03,0.06,0.25,209.65708333333333,66.10083333333333,-30.138855,71.002686,91.92533,*,F5
HD 122367, ,14,1,25.5,+,4,6,53,342,62,7.92,0.284,2.664,-0.002,3.816,-0.1,82,3.35,0.46,2.0,1.1,2.7,1.3,1.24,1.36,19.6,2.7,0.0,1,0,0.0,40,34,-86,2,12.2,1.0,36,-20,1,7.963,0.072,6.51,8.78,0.15,0.14,210.35625,4.1147222222222215,36.612514,-11.896125,72.4017,PM*,F3/5(IV)
HD 122457, ,14,1,37.1,+,16,45,27,4,71,7.394,0.336,2.633,0.006,3.79,-0.11,132,1.8,2.6,0.0,0.0,0.0,0.0,0.0,0.0,-30.4,0.2,0.3,3,806,0.42,5,-123,22,1,7.6,0.9,-74,-39,-6,7.957,0.124,5.54,8.91,0.23,0.13,210.40458333333333,16.7575,42.87031,2.997784,124.80845,PM*,F8
HD 122652, ,14,2,31.6,+,31,39,39,54,74,7.174,0.352,2.623,0.006,3.778,-0.18,37,4.32,0.42,5.9,2.2,8.5,1.03,0.98,1.1,1.1,0.3,0.1,2,1078,0.825,3,-95,9,2,26.9,0.8,-13,-9,6,7.994,0.036,7.74,8.01,0.02,0.19,210.63166666666666,31.660833333333333,5.9945774,8.250829,35.56668,PM*,F8
HD 122657, ,14,3,16.2,-,7,8,23,332,52,8.001,0.293,2.659,0.01,3.809,-0.38,83,3.41,0.8,2.9,2.2,3.5,1.19,1.12,1.26,-33.4,0.4,0.6,3,3671,0.096,11,-169,-19,2,12.1,1.1,-63,-38,-12,7.954,0.065,5.7,8.65,0.21,0.1,210.8175,-7.139722222222223,45.118538,-23.989948,65.40489,PM*,F3V
HD 122666, ,14,4,12.2,-,41,48,45,317,19,6.996,0.307,2.646,-0.002,3.801,-0.19,55,3.28,0.94,2.9,2.4,3.3,1.27,1.21,1.32,7.1,0.3,0.4,2,994,0.36,10,-34,-70,2,18.1,0.9,-1,-18,-11,7.962,0.018,7.12,8.02,0.06,0.06,211.05083333333332,-41.8125,38.03297,-35.46631,17.906248,PM*,F5V
HD 122694, ,14,2,57.6,+,22,2,33,19,73,8.788,0.332,2.62,0.004,3.785,-0.51,109,3.61,1.25,5.9,4.1,7.8,1.05,1.0,1.11,-47.7,0.5,0.8,2,397,0.109,4,-43,43,1,9.2,1.1,-43,-2,-37,7.97,0.104,7.35,9.02,0.1,0.57,210.73999999999998,22.0425,30.13228,10.375377,104.23721,PM*,F6V
HD 122698, ,14,3,15.5,+,4,13,29,343,61,8.336,0.356,2.608,0.006,3.774,-0.5,84,3.71,1.39,7.6,5.6,9.8,1.01,0.95,1.07,-13.8,0.3,0.1,3,733,0.94,4,-85,-84,2,0.0,0.0,-13,-45,-16,7.962,0.074,5.76,7.96,0.16,0.15,210.81458333333333,4.224722222222223,38.944557,-11.906548,73.468056,PM*,F6V
HD 122797, ,14,3,55.7,+,4,54,3,344,62,6.24,0.269,2.675,0.001,3.822,-0.25,63,2.25,1.56,1.7,1.5,1.9,1.55,1.49,1.61,-21.7,1.3,2.2,3,2252,0.195,30,-11,-3,1,15.9,0.8,-12,0,-19,7.971,0.055,7.97,8.32,0.02,0.18,210.98208333333332,4.900833333333334,28.43096,-8.1524515,55.625698,*,F4V
HD 122800, ,14,4,12.0,-,12,7,47,329,47,7.936,0.255,2.709,0.03,3.851,-0.08,131,2.22,0.91,1.2,1.0,1.4,1.59,1.5,1.68,6.8,0.4,0.8,4,712,0.032,9,-41,-11,1,7.6,1.1,-12,-23,8,7.923,0.096,6.89,7.93,0.07,0.25,211.04999999999998,-12.129722222222222,76.58085,-46.014423,95.807335,*,F0V
HD 122862, ,14,8,27.1,-,74,51,1,308,-13,6.024,0.374,2.613,0.018,3.766,-0.36,29,3.74,1.43,8.4,7.3,9.3,1.02,0.98,1.06,-21.5,0.1,0.3,12,2986,0.223,3,-242,180,2,34.9,0.6,-28,-4,37,7.983,-0.006,7.66,8.62,0.06,0.87,212.11291666666662,-74.85027777777778,17.396582,-22.266607,-6.52358,PM*,F9.5V
HD 122882, ,13,49,15.5,+,85,44,52,122,31,7.315,0.281,2.66,-0.009,3.819,-0.07,106,2.18,1.53,1.5,1.4,1.7,1.63,1.57,1.69,-18.8,0.9,1.2,2,838,0.357,30,-43,22,1,9.4,0.5,-13,-24,-14,8.048,0.055,6.93,8.05,0.07,0.11,207.3145833333333,85.74777777777778,-48.148335,77.05342,54.594036,*,F0
HD 122946, ,14,4,32.4,+,19,10,38,11,71,7.649,0.301,2.648,0.002,3.804,-0.32,62,3.68,0.59,3.3,2.1,4.2,1.16,1.1,1.22,6.6,0.6,0.0,1,0,0.0,10,-64,-103,1,16.1,0.9,7,-35,7,7.981,0.059,6.23,8.08,0.13,0.22,211.13499999999996,19.177222222222223,19.814365,3.8515224,58.62215,PM*,F5
HD 123087, ,14,5,52.0,-,12,42,11,330,46,8.313,0.294,2.659,0.004,3.808,-0.27,95,3.42,0.72,2.8,2.0,3.5,1.2,1.13,1.27,-32.7,1.7,0.8,2,1690,0.733,40,-47,-19,2,9.0,1.2,-31,-9,-24,7.943,0.069,7.38,8.37,0.06,0.27,211.46666666666667,-12.703055555555554,57.151215,-32.996284,68.33728,*,F3/5V
HD 123302, ,14,6,18.3,+,23,23,18,25,73,8.464,0.309,2.635,-0.006,3.8,-0.31,93,3.61,0.74,3.3,2.4,4.6,1.15,1.08,1.22,-9.7,0.4,0.6,2,1091,0.298,10,4,-13,1,10.7,1.2,2,-4,-10,7.975,0.089,7.72,8.32,0.04,0.1,211.57624999999996,23.388333333333332,24.643028,11.491234,88.93634,*,F5
HD 123340, ,14,7,8.0,-,8,26,21,333,50,7.827,0.329,2.62,0.001,3.787,-0.52,82,3.26,1.56,5.1,4.2,6.2,1.11,1.06,1.18,-66.7,0.4,0.7,3,692,0.219,9,-82,13,1,12.2,1.1,-63,2,-40,7.953,0.063,7.05,9.74,0.16,0.65,211.78333333333333,-8.439166666666667,46.963688,-23.929195,62.815643,PM*,F5V
HD 123397, ,14,3,50.5,+,72,56,44,116,43,8.29,0.33,2.642,0.018,3.791,-0.31,179,2.03,2.52,2.0,1.7,2.5,1.48,1.4,1.62,-15.8,1.6,2.3,2,825,0.013,25,-46,31,1,5.6,0.7,-39,-25,-17,8.057,0.122,6.65,8.4,0.12,0.21,210.96041666666667,72.94555555555556,-57.388176,117.6632,122.0777,PM*,F8
HD 123402, ,14,7,57.2,-,25,2,46,324,35,8.127,0.306,2.64,0.004,3.799,-0.53,90,3.36,1.2,3.5,2.6,5.6,1.12,1.06,1.2,18.0,0.2,0.6,6,1423,0.236,6,49,-86,2,9.4,1.3,35,-17,-24,7.94,0.051,6.6,8.8,0.14,0.27,211.98833333333332,-25.046111111111113,59.64371,-43.3337,51.62188,PM*,F5V
HD 123464, ,14,9,27.8,-,55,21,41,314,6,8.08,0.336,2.654,0.036,3.808,-0.08,105,2.82,1.14,2.2,1.8,2.5,1.39,1.3,1.48,-21.7,1.4,1.9,2,502,0.2,50,-28,25,2,6.1,0.9,-23,10,13,7.928,0.011,7.84,9.07,0.07,0.34,212.3658333333333,-55.36138888888889,72.53956,-75.11692,10.975489,*,F5IV
HD 123544, ,14,9,0.1,-,30,6,1,322,30,8.271,0.261,2.705,0.026,3.849,0.23,138,2.46,0.45,0.9,0.4,1.3,1.65,1.57,1.74,-10.8,1.3,1.2,3,1007,0.66,90,-35,-17,4,0.0,0.0,-22,-15,-8,7.905,0.069,7.23,8.02,0.05,0.07,212.25041666666664,-30.10027777777778,94.17636,-73.57862,69.0,*,F2III/IV
HD 123573, ,14,7,11.6,+,46,50,10,91,65,8.418,0.316,0.0,0.0,3.798,-0.15,93,3.56,0.69,3.1,2.3,4.0,1.2,1.13,1.26,-15.2,0.5,0.4,2,1086,0.605,18,-83,31,2,10.7,0.9,-36,-21,-7,8.001,0.085,6.82,8.32,0.1,0.09,211.79833333333332,46.836111111111116,-0.68593836,39.297512,84.28662,PM*,F8
HD 123603, ,14,9,24.9,-,34,52,58,321,25,7.749,0.326,2.669,0.033,3.817,0.33,90,2.83,0.63,1.2,0.7,1.9,1.52,1.47,1.58,5.3,0.2,0.1,3,3217,0.964,11,-60,-49,2,11.1,1.0,-12,-30,-7,7.937,0.039,6.49,7.94,0.1,0.04,212.35375,-34.882777777777775,63.38999,-51.33223,38.035645,PM*,F6V
HD 123626, ,14,10,15.7,-,52,52,59,315,8,8.92,0.362,2.6,0.007,3.768,-0.64,88,4.2,1.12,10.5,6.5,13.5,0.9,0.85,0.98,41.3,0.2,0.4,4,1979,0.398,7,39,21,2,11.4,1.1,41,-15,10,7.939,0.012,6.56,9.02,0.16,0.29,212.56541666666664,-52.88305555555556,61.61981,-61.61983,12.247233,*,F7/8V
HD 123642, ,14,7,26.0,+,52,45,10,99,61,8.422,0.35,2.644,0.033,3.799,-0.03,156,2.31,1.8,1.9,1.6,2.2,1.55,1.45,1.65,-16.5,0.5,0.7,2,916,0.307,17,23,-13,2,6.4,0.8,20,-3,-16,8.012,0.136,7.41,8.89,0.09,0.19,211.8583333333333,52.75277777777778,-11.831184,74.699165,136.44067,*,F8
HD 123811, ,14,10,26.0,-,26,52,53,324,33,8.276,0.322,2.64,-0.005,3.796,0.01,89,3.52,0.62,2.8,2.0,3.5,1.25,1.18,1.31,-67.5,0.7,0.0,1,0,0.0,16,-32,-6,2,11.2,1.2,-55,22,-36,7.939,0.048,7.49,10.58,0.17,0.58,212.6083333333333,-26.88138888888889,60.386383,-43.87328,48.472874,*,F5V
HD 123845, ,14,9,37.1,+,15,37,17,5,69,6.872,0.295,2.652,-0.004,3.807,-0.23,55,3.17,0.95,2.7,2.3,3.1,1.29,1.24,1.34,-1.0,0.3,0.6,5,827,0.485,13,42,-60,2,18.2,0.9,17,-5,-8,7.98,0.051,7.38,8.67,0.08,0.05,212.4045833333333,15.62138888888889,19.635237,1.7178605,51.346924,PM*,F7V
HD 123994, ,14,12,43.7,-,58,18,59,313,3,7.527,0.328,2.649,0.015,3.793,-0.1,93,2.69,1.63,2.3,2.0,2.6,1.44,1.38,1.51,-5.9,0.3,0.4,2,624,0.165,5,-1,45,2,10.8,0.8,-1,9,18,7.936,0.005,7.88,8.98,0.06,0.44,213.18208333333328,-58.31638888888889,63.338924,-67.922676,4.8672442,*,F7V
HD 124115, ,14,11,31.2,+,1,21,44,343,58,6.42,0.311,2.663,0.012,3.804,0.11,46,3.11,0.76,2.1,1.7,2.5,1.39,1.36,1.45,-25.5,0.6,1.1,3,1109,0.358,30,-128,30,2,21.8,0.9,-36,-9,-10,7.977,0.039,7.28,8.52,0.08,0.06,212.87999999999997,1.3622222222222222,23.311157,-7.1269374,39.010212,PM*,F6V
HD 124245, ,14,12,31.2,-,2,58,19,339,54,7.309,0.248,2.705,0.019,3.837,-0.2,112,2.06,1.4,1.4,1.2,1.6,1.6,1.51,1.7,-0.1,1.4,1.6,3,1082,0.531,80,-20,-42,1,8.9,1.0,3,-23,-7,7.938,0.091,6.81,8.02,0.08,0.09,213.12999999999997,-2.9719444444444445,61.459415,-23.592068,90.6099,*,F0V
HD 124459, ,14,12,57.7,+,35,36,2,64,71,8.083,0.317,2.652,0.013,3.798,-0.18,96,3.17,1.11,2.8,2.3,3.5,1.24,1.15,1.34,6.8,0.3,0.8,6,2687,0.278,20,8,-10,2,6.9,1.0,7,1,6,7.986,0.091,7.76,8.69,0.06,0.22,213.24041666666662,35.60055555555556,13.70109,28.091396,90.76978,*,F8
HD 124460, ,14,13,41.9,+,4,17,47,347,60,8.255,0.34,2.621,0.001,3.786,-0.19,118,2.9,1.66,2.9,2.3,4.6,1.32,1.15,1.42,1.3,0.3,0.5,2,812,0.254,6,-17,-57,2,8.5,1.1,11,-30,-8,7.942,0.102,6.39,8.1,0.12,0.1,213.42458333333332,4.296388888888889,57.48783,-13.27211,102.191,PM*,F5/6V
HD 124473, ,14,11,43.0,+,60,28,26,106,54,8.11,0.323,0.0,0.0,3.796,-0.2,213,1.47,2.87,0.0,0.0,0.0,0.0,0.0,0.0,-19.5,1.0,1.4,2,534,0.075,17,-18,-12,2,4.7,0.6,-1,-29,-4,8.035,0.172,6.64,8.07,0.1,0.18,212.92916666666665,60.473888888888894,-34.509315,120.34829,172.32062,*,F5
HD 124500, ,14,14,39.2,-,26,24,17,325,33,8.405,0.232,2.715,0.021,3.856,-0.33,187,1.96,1.31,1.3,1.1,1.5,1.6,1.5,1.7,-4.7,0.5,0.8,3,1445,0.578,18,18,-19,2,4.2,1.2,11,2,-20,7.871,0.101,7.57,8.73,0.07,0.23,213.6633333333333,-26.404722222222222,128.46873,-89.95481,101.8475,*,F2IV
HD 124502, ,14,14,41.8,-,27,45,42,325,32,7.733,0.325,2.622,-0.013,3.792,-0.25,71,3.46,1.02,3.5,2.7,5.8,1.16,1.09,1.24,-33.2,0.3,0.5,3,718,0.197,10,-99,-19,2,14.0,1.1,-45,-10,-12,7.95,0.037,7.05,8.72,0.11,0.09,213.67416666666665,-27.761666666666667,49.322296,-34.53586,37.624268,PM*,F6V
HD 124546, ,14,20,36.4,-,79,11,19,307,-17,9.59,0.341,2.646,0.035,3.801,-0.24,143,3.66,0.61,3.2,2.1,4.3,1.16,1.09,1.23,4.4,0.6,0.9,2,1352,0.065,6,19,-12,2,5.3,1.1,8,5,-13,7.917,-0.042,7.72,8.82,0.07,0.1,215.15166666666667,-79.18861111111111,82.29917,-109.21465,-41.80915,*,F5/6V
HD 124553, ,14,14,21.3,-,5,56,51,337,51,6.36,0.379,2.624,0.025,3.782,0.1,41,3.16,1.22,2.8,2.5,3.1,1.39,1.34,1.43,-33.3,0.1,0.2,8,1744,0.81,4,-307,84,1,24.1,1.1,-68,-19,1,7.976,0.032,6.33,9.15,0.18,0.13,213.58874999999995,-5.947500000000001,23.750992,-10.081696,31.862986,PM*,F8V
HD 124694, ,14,13,51.3,+,46,19,30,88,65,7.177,0.344,0.0,0.0,3.783,-0.05,38,4.27,0.23,3.6,0.0,6.6,1.09,1.03,1.16,-14.9,0.5,0.2,2,729,0.774,17,-141,9,1,26.2,0.7,-19,-22,-6,7.999,0.035,6.98,8.05,0.07,0.04,213.46374999999998,46.325,0.5604682,16.049711,34.439693,PM*,F8V
HD 124699, ,14,15,3.2,+,2,47,47,346,59,8.155,0.342,2.645,0.025,3.801,0.02,110,2.84,1.18,2.2,1.8,2.6,1.4,1.32,1.5,1.6,0.6,0.5,2,1137,0.56,18,-11,-51,2,6.2,1.1,10,-24,-8,7.944,0.094,6.71,8.14,0.1,0.09,213.76333333333332,2.7963888888888886,54.971317,-13.705881,94.28841,PM*,F7/8V
HD 124715, ,14,15,17.4,-,3,27,2,340,53,9.255,0.382,0.0,0.0,3.761,-0.68,112,4.01,1.49,11.2,8.5,14.2,0.89,0.84,0.94,27.9,0.4,0.6,3,1698,0.07,4,99,-127,1,9.0,1.4,83,-22,-27,7.937,0.09,5.71,10.2,0.28,0.37,213.8225,-3.450555555555556,63.338356,-23.053293,89.44718,PM*,F8V
HD 124758, ,14,15,49.3,-,15,6,34,331,43,8.573,0.317,2.651,0.025,3.81,-0.34,142,2.7,1.45,2.3,2.0,2.7,1.35,1.25,1.44,-6.4,0.4,0.4,2,382,0.457,18,-59,-11,2,5.5,1.3,-29,-28,4,7.909,0.097,6.47,8.06,0.11,0.19,213.95541666666665,-15.109444444444444,90.831215,-50.34854,96.84376,PM*,F3V
HD 124772, ,14,15,3.6,+,19,54,2,17,70,7.215,0.309,2.643,-0.001,3.802,-0.18,69,3.02,1.17,2.6,2.2,3.1,1.29,1.2,1.39,3.7,0.5,1.0,4,824,0.061,15,7,-33,2,0.0,0.0,10,-6,1,7.977,0.065,7.5,8.44,0.06,0.14,213.76499999999996,19.900555555555552,22.568209,6.8997936,64.83879,*,F5
HD 124785, ,14,16,57.3,-,50,16,52,317,10,8.666,0.389,2.588,0.017,3.755,-0.91,100,3.67,2.09,10.7,8.5,13.1,0.89,0.85,0.93,53.3,0.2,0.3,4,2993,0.363,5,-237,-11,2,10.0,1.1,-40,-110,42,7.928,0.018,3.03,8.03,0.45,1.04,214.23875,-50.28111111111111,72.024284,-67.16372,17.364819,PM*,F8/G0wF5
HD 124850, ,14,16,0.8,-,6,0,1,338,51,4.079,0.336,2.622,-0.002,3.789,-0.15,21,2.43,2.03,2.0,1.9,2.1,1.52,1.48,1.57,12.4,0.1,0.6,18,4330,0.125,16,-26,-420,1,46.7,0.9,24,-36,-13,7.988,0.017,6.04,8.31,0.16,0.08,214.0033333333333,-6.000277777777778,12.253409,-4.950699,16.320066,PM*,F7III
HD 124986, ,14,16,11.2,+,21,14,33,21,70,7.623,0.309,2.635,-0.015,3.8,-0.08,59,3.78,0.36,2.8,0.9,4.1,1.2,1.14,1.25,-5.8,1.8,0.0,1,0,0.0,40,49,-15,1,17.0,0.9,10,5,-10,7.981,0.055,7.73,8.93,0.07,0.08,214.04666666666665,21.2425,18.838896,7.231575,55.441864,PM*,F8
HD 125027, ,14,17,33.3,-,26,57,30,326,32,7.26,0.305,2.643,-0.009,3.805,-0.06,56,3.52,0.49,2.5,1.4,3.3,1.26,1.21,1.31,-13.1,0.3,0.1,2,718,0.817,9,-133,7,2,17.9,1.1,-34,-16,5,7.961,0.03,7.05,8.31,0.08,0.19,214.38874999999996,-26.958333333333332,39.371563,-26.556469,29.67548,PM*,F7V
HD 125139, ,14,15,36.1,+,58,45,5,104,55,9.625,0.37,0.0,0.0,3.764,-0.85,114,4.34,1.2,11.6,7.0,15.6,0.86,0.8,0.92,28.7,0.2,0.1,3,2294,0.923,4,-22,29,2,6.7,1.0,-23,17,20,8.016,0.094,7.94,9.67,0.1,0.51,213.90041666666664,58.75138888888889,-15.818719,63.445423,93.38333,*,F8Vw
HD 125166, ,14,18,5.1,-,14,54,43,332,43,8.577,0.295,2.659,0.006,3.808,-0.28,118,3.22,0.92,2.7,2.2,3.3,1.23,1.15,1.31,-6.2,0.7,1.0,2,516,0.077,16,-107,-34,1,8.7,1.3,-39,-50,3,7.924,0.08,5.4,8.1,0.2,0.18,214.52125,-14.911944444444444,76.19815,-40.515266,80.4758,PM*,F3/5V
HD 125218, ,14,18,44.5,-,32,25,34,324,27,8.351,0.301,2.645,-0.009,3.803,-0.18,70,4.11,0.06,0.0,0.0,3.8,1.14,1.08,1.19,2.9,0.4,0.1,2,1032,0.941,12,28,-38,2,14.2,1.1,10,-2,-12,7.95,0.032,7.57,8.56,0.06,0.08,214.68541666666667,-32.42611111111111,50.458755,-36.66044,31.779335,*,F5V
HD 125231, ,14,18,6.5,+,1,8,45,345,57,8.448,0.363,2.625,0.028,3.785,-0.25,72,4.04,0.6,5.1,2.8,7.3,1.06,1.01,1.13,-24.9,0.3,0.1,2,442,0.883,3,35,60,1,13.9,1.1,-15,26,-16,7.962,0.06,7.95,10.18,0.12,0.16,214.52708333333334,1.1458333333333333,37.877823,-10.149343,60.38428,PM*,F8V
HD 125272, ,14,16,26.1,+,58,4,59,103,56,8.08,0.37,2.627,0.019,3.769,-0.19,62,4.11,0.84,9.3,5.3,11.3,1.01,0.97,1.07,-22.2,0.2,0.2,4,1120,0.725,2,-148,120,2,16.1,0.7,-52,-22,-21,8.008,0.051,6.54,8.7,0.14,0.22,214.10875,58.08305555555556,-7.7990427,33.781372,51.400333,PM*,F9V
HD 125308, ,14,17,46.7,+,33,15,18,56,70,7.558,0.302,2.644,0.003,3.802,-0.41,106,2.42,1.97,2.1,1.9,2.4,1.43,1.36,1.5,-48.4,0.6,0.0,1,0,0.0,2,-62,30,2,9.4,0.8,-41,-23,-36,7.98,0.1,6.68,8.4,0.11,0.53,214.4445833333333,33.255,20.273054,30.056042,99.607414,PM*,F2
HD 125347, ,14,16,29.5,+,63,3,51,108,51,8.321,0.316,2.626,0.002,3.793,-0.56,82,3.75,0.97,4.2,3.0,6.8,1.07,1.01,1.13,-11.1,0.7,0.9,2,381,0.059,6,38,31,2,12.2,0.7,4,9,-20,8.015,0.064,7.91,9.07,0.07,0.21,214.12291666666667,63.064166666666665,-15.946592,49.07858,63.72597,*,F8
HD 125389, ,14,22,16.9,-,69,5,6,311,-8,7.35,0.285,2.67,0.003,3.813,-0.13,58,3.53,0.37,2.1,0.8,3.1,1.26,1.21,1.31,-10.8,1.6,0.1,2,1352,0.958,40,-102,-45,2,17.2,0.8,-30,-12,-1,7.962,-0.008,7.27,8.3,0.07,0.1,215.57041666666666,-69.085,37.6811,-43.347164,-8.072041,PM*,F5V
HD 125400, ,14,20,42.4,-,52,19,33,316,8,7.33,0.292,2.663,0.01,3.806,-0.41,50,3.84,0.46,3.1,0.6,4.5,1.13,1.07,1.19,20.0,0.7,1.0,3,499,0.507,30,42,-38,2,20.0,0.8,20,-10,-9,7.964,0.007,7.14,8.58,0.09,0.02,215.17666666666665,-52.325833333333335,35.61695,-34.394905,6.9586554,PM*,F5V
HD 125406, ,14,17,49.2,+,48,0,7,90,63,6.32,0.31,2.651,0.009,3.804,-0.14,71,2.07,2.04,1.6,1.5,1.8,1.65,1.58,1.71,-14.1,0.5,1.0,4,1020,0.012,8,-11,-40,2,14.1,0.6,7,-17,-7,8.0,0.063,7.13,8.19,0.07,0.06,214.45499999999998,48.00194444444445,-1.4089636e-06,32.23333,63.261463,*,F5
HD 125408, ,14,18,33.7,+,28,26,21,42,71,7.658,0.297,2.655,0.006,3.805,-0.37,68,3.51,0.78,3.2,2.4,3.8,1.18,1.11,1.23,10.1,0.4,0.2,2,1358,0.659,9,-63,77,2,14.8,0.8,-28,7,16,7.983,0.064,7.8,9.07,0.08,0.41,214.64041666666665,28.439166666666665,16.452211,14.813638,64.295265,PM*,F5
HD 125436, ,14,19,24.3,-,2,5,54,342,54,8.007,0.323,2.644,0.004,3.794,-0.08,64,3.97,0.31,3.1,0.0,4.8,1.15,1.09,1.21,-25.3,0.5,0.1,2,971,0.929,19,-111,10,1,15.6,1.1,-39,-15,-8,7.964,0.052,6.99,8.44,0.09,0.05,214.85124999999996,-2.0983333333333336,35.77709,-11.624679,51.77709,PM*,F5V
HD 125474, ,14,20,36.5,-,38,13,4,322,21,8.765,0.348,2.616,0.008,3.776,-0.36,83,4.16,0.78,6.9,4.1,10.3,0.99,0.94,1.06,43.6,0.3,0.4,2,497,0.238,3,-30,-65,2,12.0,1.3,25,-46,-2,7.939,0.03,5.55,8.22,0.19,0.08,215.1520833333333,-38.217777777777776,61.060734,-47.70586,29.74454,PM*,F7V
HD 125857, ,14,20,23.9,+,52,10,21,95,60,7.961,0.345,2.631,0.021,3.797,-0.15,137,2.19,2.08,1.9,1.6,2.3,1.55,1.43,1.64,-15.4,1.6,2.2,2,676,0.115,30,4,-7,1,5.3,0.7,6,-9,-12,8.006,0.119,7.52,8.31,0.05,0.14,215.0995833333333,52.1725,-5.9701695,68.239334,118.645485,*,F8
HD 125858, ,14,21,4.8,+,38,59,15,71,68,7.911,0.288,0.0,0.0,3.813,-0.07,101,2.89,0.95,2.1,1.7,2.4,1.4,1.33,1.46,-14.1,0.8,0.0,1,0,0.0,20,-16,38,2,9.9,0.9,-20,2,-13,7.988,0.094,7.89,8.58,0.04,0.14,215.26999999999995,38.987500000000004,12.317959,35.77395,93.64556,*,F5
HD 126101, ,14,23,48.9,-,12,56,33,335,44,7.665,0.333,2.64,0.021,3.8,-0.22,111,2.35,1.92,2.0,1.8,2.4,1.48,1.4,1.58,2.7,1.0,1.4,2,627,0.028,21,-6,-52,1,9.0,1.0,10,-22,-14,7.928,0.077,6.79,8.12,0.09,0.12,215.95374999999996,-12.9425,72.36569,-33.744698,77.10708,PM*,F5V
HD 126141, ,14,23,6.8,+,25,20,17,33,69,6.22,0.261,2.685,-0.001,3.828,-0.03,36,3.46,0.02,0.2,0.0,1.6,1.33,1.28,1.37,-7.5,0.5,0.6,2,1059,0.248,9,-156,64,2,28.0,0.8,-27,-11,3,7.989,0.033,7.4,8.28,0.06,0.15,215.7783333333333,25.338055555555556,10.819896,7.026523,33.608894,PM*,F5V
HD 126203, ,14,24,30.7,-,14,47,26,334,42,8.267,0.347,2.636,0.008,3.783,0.04,80,3.75,0.66,3.5,2.6,4.8,1.18,1.11,1.26,-29.9,0.3,0.4,2,735,0.252,4,-47,-35,2,12.5,1.2,-27,-12,-23,7.947,0.054,7.34,8.21,0.06,0.24,216.12791666666664,-14.790555555555555,53.434727,-26.061865,53.53045,PM*,F7V
HD 126326, ,14,23,41.8,+,40,50,39,75,67,6.73,0.374,0.0,0.0,3.769,-0.31,65,2.65,2.41,3.0,2.8,3.3,1.37,1.34,1.4,-13.3,0.3,0.1,2,419,0.833,6,-81,22,1,15.3,0.7,-23,-17,-5,7.993,0.06,7.18,8.11,0.06,0.07,215.92416666666665,40.844166666666666,6.573365,24.53213,59.832813,PM*,F5
HD 126375, ,14,27,0.2,-,57,17,18,316,3,7.859,0.324,2.644,0.008,3.793,-0.18,67,3.72,0.67,3.7,2.7,4.6,1.15,1.08,1.22,-11.4,0.2,0.2,3,1465,0.692,7,-95,-69,2,14.9,0.9,-33,-18,-10,7.952,0.004,6.93,8.24,0.09,0.04,216.75083333333328,-57.288333333333334,48.129704,-46.478336,3.5065093,PM*,F6V
HD 126390, ,14,26,53.0,-,53,56,22,317,6,8.303,0.282,2.668,-0.002,3.816,-0.1,125,2.82,0.99,2.0,1.6,2.4,1.39,1.31,1.47,1.2,0.3,0.4,2,1112,0.294,12,20,2,2,8.0,1.0,9,7,-3,7.909,0.014,7.71,8.96,0.07,0.06,216.7208333333333,-53.93944444444444,90.91842,-84.782776,13.066058,*,F3V
HD 126394, ,14,24,6.8,+,41,2,22,75,66,7.738,0.325,0.0,0.0,3.795,-0.22,110,2.53,1.85,2.2,2.0,2.5,1.45,1.38,1.52,-12.0,0.7,1.0,2,881,0.294,26,-7,-33,1,9.1,0.8,9,-18,-6,7.989,0.101,7.04,8.2,0.08,0.1,216.0283333333333,41.03944444444444,11.579831,43.216515,100.490005,*,F5
HD 126453, ,14,24,7.6,+,46,46,10,86,63,7.932,0.349,0.0,0.0,3.781,-0.15,64,3.9,0.74,4.8,3.1,7.8,1.09,1.04,1.16,-36.3,0.4,0.5,2,729,0.259,6,-158,9,2,15.6,0.8,-36,-46,-16,7.998,0.057,5.65,8.15,0.18,0.15,216.03166666666664,46.769444444444446,2.026803,28.98462,57.024418,PM*,F8
HD 126653, ,14,27,45.2,-,35,15,14,324,24,8.204,0.358,2.628,0.005,3.778,0.07,105,3.09,1.42,2.8,2.4,3.5,1.34,1.23,1.44,-44.7,0.5,0.7,2,994,0.056,8,-85,-41,2,9.5,1.2,-60,-15,-20,7.922,0.042,6.57,8.96,0.15,0.21,216.9383333333333,-35.25388888888889,77.602745,-56.381702,42.707348,PM*,F8V
HD 126675, ,14,25,15.8,+,53,35,5,96,58,7.114,0.335,2.629,0.0,3.787,-0.16,42,3.98,0.53,4.3,2.5,6.1,1.1,1.05,1.17,-3.5,0.2,0.2,4,1815,0.797,3,84,-74,1,23.6,0.6,22,1,-3,8.002,0.036,7.44,9.09,0.1,0.07,216.3158333333333,53.584722222222226,-2.32645,22.134686,35.61802,PM*,F8
HD 126679, ,14,27,21.3,-,14,50,19,335,42,7.314,0.318,2.627,-0.016,3.796,-0.07,47,3.96,0.26,2.8,0.0,4.5,1.17,1.11,1.22,-37.6,0.3,0.1,2,735,0.933,8,-172,-60,1,21.3,1.0,-46,-23,-20,7.968,0.031,6.55,8.48,0.13,0.2,216.83874999999995,-14.838611111111112,31.65534,-14.761135,31.449139,PM*,F7V
HD 126734, ,14,26,34.9,+,27,38,42,40,69,8.069,0.335,2.625,0.001,3.787,-0.24,76,3.66,0.92,4.0,3.0,7.0,1.11,1.06,1.18,23.2,0.5,0.0,1,0,0.0,7,-10,-7,2,13.1,0.9,6,1,23,7.979,0.071,7.78,8.71,0.06,0.54,216.64541666666662,27.645,20.86396,17.50694,70.95211,*,F8
HD 126831, ,14,28,29.7,-,22,58,29,330,35,7.837,0.327,2.624,-0.01,3.794,-0.05,81,3.3,0.95,2.8,2.3,3.4,1.28,1.19,1.35,21.5,0.2,0.4,3,2866,0.231,8,-14,-33,2,12.4,1.1,15,-20,6,7.942,0.046,6.83,8.25,0.09,0.2,217.12374999999997,-22.97472222222222,57.46192,-33.17567,46.459694,*,F6V
HD 126912, ,14,25,32.9,+,65,59,16,109,48,7.271,0.306,2.648,0.007,3.804,-0.29,111,2.04,2.2,1.7,1.5,1.9,1.59,1.52,1.65,-5.0,2.3,4.0,3,2314,0.012,40,-36,10,2,9.0,0.6,-15,-13,0,8.024,0.083,7.52,8.06,0.03,0.13,216.38708333333332,65.98777777777778,-24.18108,70.22697,82.48908,*,F2
HD 127007, ,14,29,9.6,-,4,56,10,343,50,8.411,0.338,2.65,0.039,3.808,-0.21,138,2.54,1.54,2.1,1.8,2.5,1.43,1.34,1.52,8.3,0.2,0.1,3,480,0.969,11,-7,-8,1,5.7,1.1,4,-8,6,7.915,0.106,7.51,8.2,0.04,0.22,217.28999999999996,-4.936111111111112,84.82871,-25.934746,105.714134,*,F5V
HD 127170, ,14,30,13.9,-,15,14,54,335,41,7.084,0.281,2.677,0.007,3.819,-0.02,62,3.13,0.54,1.8,1.2,2.3,1.38,1.33,1.43,-16.9,0.2,0.2,2,1109,0.616,4,-51,65,1,16.2,1.0,-27,9,6,7.958,0.041,7.8,9.07,0.08,0.22,217.55791666666664,-15.248333333333333,42.407948,-19.77516,40.67566,PM*,F3/5V
HD 127207, ,14,29,18.9,+,31,0,36,49,68,8.143,0.301,2.658,0.002,3.808,-0.02,114,2.87,1.04,2.1,1.7,2.5,1.4,1.33,1.48,-12.8,0.6,0.8,2,899,0.096,8,-54,1,2,8.8,1.0,-22,-22,-1,7.972,0.106,6.9,8.05,0.08,0.14,217.32874999999996,31.01,28.017105,32.229992,105.69895,PM*,F5
HD 127245, ,14,29,27.8,+,30,40,47,48,68,7.788,0.24,2.724,0.0,3.842,-0.13,102,2.74,0.57,1.4,1.0,1.7,1.46,1.39,1.52,-16.3,2.6,0.5,2,1157,0.822,90,-86,50,2,9.8,0.9,-48,-15,0,7.975,0.095,6.83,8.71,0.12,0.14,217.36583333333328,30.679722222222225,25.567396,28.395473,94.57275,PM*,F0
HD 127294, ,14,31,41.3,-,43,5,17,322,16,7.862,0.319,2.645,0.007,3.798,-0.14,101,2.84,1.4,2.4,2.1,2.8,1.37,1.29,1.46,-10.2,0.2,0.3,3,3214,0.535,12,-91,-39,1,9.9,1.1,-37,-31,-3,7.924,0.028,6.27,8.17,0.13,0.07,217.92208333333332,-43.088055555555556,76.50595,-59.772984,27.839373,PM*,F7/8V
HD 127403, ,14,30,7.4,+,37,8,39,65,67,7.936,0.319,2.634,-0.001,3.797,-0.19,122,2.51,1.8,2.2,1.9,2.6,1.45,1.37,1.53,-25.9,0.3,0.1,2,899,0.938,10,-97,18,2,8.2,0.9,-49,-39,-4,7.98,0.112,5.85,8.38,0.18,0.12,217.5308333333333,37.14416666666666,20.145878,43.202972,112.30159,PM*,F5
HD 127539, ,14,31,33.7,+,17,38,34,16,65,7.355,0.298,2.645,-0.007,3.81,-0.14,115,2.05,1.92,1.6,1.4,1.9,1.61,1.52,1.71,-22.0,0.9,1.3,2,433,0.313,30,-36,-32,1,8.7,0.9,-11,-28,-16,7.953,0.104,6.62,7.95,0.09,0.16,217.89041666666665,17.642777777777777,46.718376,13.396279,104.225395,*,F5
HD 127540, ,14,31,40.7,+,12,51,23,7,63,7.552,0.325,2.658,0.021,3.806,0.06,54,3.8,0.07,0.7,0.0,2.7,1.25,1.2,1.3,-14.8,0.2,0.4,3,1166,0.348,7,-108,75,2,18.5,1.0,-36,-4,2,7.975,0.048,7.41,8.68,0.08,0.15,217.91958333333332,12.856388888888889,24.332754,2.9876866,48.114353,PM*,F5
HD 127666, ,14,32,2.1,+,22,4,47,26,67,8.761,0.3,2.657,0.015,3.806,-0.39,172,2.58,1.7,2.3,2.0,2.7,1.37,1.26,1.46,-23.4,1.5,3.0,4,1090,0.013,30,-42,21,1,7.3,1.2,-42,-14,-6,7.939,0.158,6.93,8.52,0.1,0.17,218.00874999999996,22.079722222222223,60.40415,29.461071,158.32683,*,F8V
HD 127667, ,14,32,4.5,+,18,50,9,19,65,7.817,0.339,2.611,0.002,3.781,-0.45,59,3.97,0.93,5.8,4.0,9.7,1.02,0.96,1.08,-14.4,0.3,0.3,2,371,0.554,4,-241,14,1,17.0,1.0,-52,-43,13,7.977,0.054,5.64,8.4,0.2,0.33,218.01874999999998,18.835833333333333,23.576012,8.117872,53.472157,PM*,F8
HD 127740, ,14,32,49.5,+,14,3,39,9,63,7.042,0.301,2.648,0.0,3.808,-0.19,99,2.06,2.0,1.6,1.4,1.9,1.6,1.52,1.69,-14.4,1.2,1.0,2,433,0.538,45,25,-31,1,10.1,0.9,10,-4,-21,7.956,0.088,7.54,8.51,0.06,0.23,218.20624999999998,14.060833333333335,44.391716,7.0309577,88.20965,*,F5III
HD 127821, ,14,30,46.0,+,63,11,8,106,50,6.09,0.285,2.671,0.007,3.812,-0.23,32,3.58,0.43,2.7,1.4,3.4,1.22,1.17,1.27,-15.4,2.6,0.0,1,0,0.0,45,-177,10,2,31.5,0.5,-16,-26,-3,8.005,0.024,6.76,8.02,0.09,0.07,217.69166666666663,63.18555555555555,-5.6696405,19.772387,24.513422,PM*,F4IV
HD 127825, ,14,33,25.4,+,6,17,8,357,58,7.704,0.35,2.607,-0.004,3.777,-0.35,58,3.89,1.02,8.1,5.0,9.8,1.03,0.97,1.09,3.0,0.2,0.3,5,1070,0.66,4,5,-190,2,17.3,1.0,31,-38,-17,7.969,0.049,5.82,8.41,0.18,0.16,218.3558333333333,6.285555555555556,30.693195,-1.6085625,49.18679,PM*,F7V
HD 127850, ,14,36,30.5,-,64,8,47,314,-4,8.055,0.299,2.654,0.001,3.807,-0.18,100,3.06,1.02,2.5,2.1,2.9,1.31,1.24,1.38,8.5,0.3,0.3,2,970,0.374,12,21,-35,2,10.0,1.1,7,-4,-20,7.931,-0.006,7.59,8.42,0.05,0.19,219.1270833333333,-64.1463888888889,69.29662,-71.75876,-6.975647,*,F5V
HD 127852, ,14,32,24.9,+,44,47,5,81,63,8.201,0.34,2.623,-0.012,3.787,0.1,76,3.8,0.46,3.2,1.9,4.2,1.23,1.17,1.28,-9.6,0.5,0.0,1,0,0.0,8,57,-158,1,13.2,0.8,55,-25,-3,7.995,0.068,6.03,9.24,0.21,0.11,218.10375,44.78472222222222,5.3975034,34.078487,67.7165,PM*,F8
HD 127861, ,14,34,44.0,-,35,27,48,326,23,7.303,0.308,2.657,0.005,3.804,-0.01,84,2.68,1.3,2.1,1.8,2.4,1.46,1.39,1.54,-10.0,0.7,1.0,2,1002,0.043,13,-74,-52,2,11.9,1.1,-25,-26,-10,7.936,0.033,6.66,8.04,0.09,0.05,218.6833333333333,-35.46333333333334,64.10317,-43.238163,32.821415,PM*,F6V
HD 128027, ,14,34,49.2,-,4,39,6,345,50,8.352,0.361,2.638,0.033,3.795,0.03,85,3.57,0.58,2.8,1.9,3.6,1.24,1.17,1.31,-20.3,0.6,0.8,2,971,0.061,12,8,-24,1,11.8,1.3,-6,-2,-22,7.947,0.065,7.91,8.2,0.02,0.23,218.70499999999998,-4.651666666666667,52.77523,-14.141094,65.11378,*,F6/7V
HD 128128, ,14,34,55.2,+,9,53,11,3,60,7.894,0.35,2.624,0.014,3.782,-0.26,120,2.5,2.22,2.7,2.1,3.8,1.4,1.31,1.48,-16.8,0.5,0.0,1,0,0.0,11,7,25,2,7.4,1.0,-14,13,-12,7.94,0.104,7.93,9.14,0.07,0.13,218.72999999999996,9.886388888888888,59.917767,3.1401572,103.92305,*,F8
HD 128143, ,14,35,27.1,-,5,49,58,344,49,7.733,0.29,2.668,0.009,3.81,-0.26,70,3.49,0.59,2.8,1.9,3.5,1.22,1.16,1.27,-30.4,0.5,0.1,2,971,0.924,18,-4,-21,2,14.2,1.0,-17,-1,-26,7.955,0.053,7.89,8.32,0.03,0.3,218.86291666666665,-5.832777777777777,44.145107,-12.658414,52.829674,*,F5V
HD 128185, ,14,34,44.0,+,28,23,38,42,67,7.925,0.387,2.604,0.006,3.761,-0.42,128,2.39,2.94,2.7,2.2,3.4,1.36,1.31,1.42,-6.6,1.9,2.7,2,349,0.094,40,-33,-42,2,7.8,1.0,3,-33,1,7.963,0.118,6.34,8.02,0.12,0.17,218.6833333333333,28.39388888888889,37.167343,33.46563,117.824615,PM*,F8V
HD 128332, ,14,34,15.9,+,57,3,54,99,55,6.48,0.34,2.628,0.003,3.783,-0.19,29,4.17,0.46,4.9,2.4,7.3,1.06,1.01,1.12,-21.5,0.3,0.3,2,706,0.512,5,217,-232,1,34.5,0.5,45,-9,-16,8.003,0.024,6.75,9.41,0.16,0.14,218.56624999999997,57.065,-2.6020865,16.428928,23.75541,PM*,F6V
HD 128340, ,14,37,0.3,-,24,2,18,332,33,8.868,0.338,2.614,0.015,3.779,-0.75,99,3.89,1.28,7.7,5.2,10.2,0.97,0.9,1.03,3.0,0.2,0.5,6,1511,0.495,5,-36,43,2,10.1,1.1,-13,1,23,7.927,0.054,7.91,8.4,0.03,0.53,219.25124999999997,-24.038333333333334,73.309715,-38.979458,53.919266,PM*,F5/6V
HD 128369, ,14,35,52.5,+,24,56,19,34,66,7.965,0.298,2.643,0.004,3.804,-0.63,85,3.31,1.22,3.2,2.5,5.3,1.13,1.07,1.21,9.1,1.0,1.4,2,349,0.019,9,93,-80,2,11.7,1.0,49,3,-9,7.972,0.078,6.95,9.98,0.18,0.09,218.96874999999997,24.93861111111111,28.661997,19.33276,77.65137,PM*,F5
HD 128398, ,14,38,59.5,-,59,8,27,316,1,6.539,0.326,2.649,0.013,3.796,-0.05,63,2.55,1.65,2.1,1.9,2.3,1.51,1.46,1.56,1.1,0.3,0.1,2,971,0.879,16,-90,-111,6,15.9,0.7,-25,-28,-19,7.954,0.001,6.55,8.04,0.1,0.18,219.74791666666664,-59.14083333333333,45.311493,-43.75682,1.0995016,PM*,F7IV
HD 128493, ,14,35,45.6,+,45,31,11,81,62,8.537,0.283,2.678,0.021,3.826,-0.27,128,2.91,0.83,2.0,1.6,2.4,1.33,1.26,1.41,-6.9,1.4,2.0,2,508,0.147,24,-25,36,1,5.1,0.8,-27,0,-6,7.991,0.113,7.73,8.61,0.05,0.12,218.93999999999997,45.51972222222222,9.400519,59.352535,113.01729,*,F0
HD 128494, ,14,36,24.1,+,27,29,6,40,67,7.031,0.297,2.664,0.016,3.811,-0.26,111,1.8,2.26,1.5,1.3,1.7,1.67,1.58,1.75,-7.2,1.4,2.0,2,436,0.104,30,-36,-7,2,9.0,0.8,-12,-17,1,7.966,0.102,7.27,7.97,0.05,0.15,219.10041666666666,27.485,33.22424,27.878447,102.17603,*,F4III
HD 128571, ,14,40,39.1,-,65,25,6,314,-5,7.836,0.336,2.636,0.029,3.797,-0.42,57,3.91,0.6,4.0,2.0,5.4,1.08,1.03,1.15,-30.1,0.2,0.2,3,867,0.682,4,-68,18,2,17.4,0.8,-31,11,14,7.96,-0.005,7.77,9.28,0.09,0.36,220.16291666666663,-65.41833333333334,39.444855,-40.846348,-4.967877,PM*,F7V
HD 128582, ,14,39,10.8,-,46,35,4,322,12,6.07,0.321,2.649,0.002,3.798,0.12,36,3.29,0.7,2.4,1.8,2.9,1.35,1.31,1.41,-10.8,0.3,0.1,2,1260,0.826,12,-196,-214,2,27.8,0.8,-33,-32,-21,7.972,0.008,6.31,8.15,0.13,0.21,219.795,-46.58444444444444,27.748472,-21.679478,7.4848213,PM*,F8V
HD 128660, ,14,36,55.8,+,42,49,52,76,63,6.594,0.339,0.0,0.0,3.785,-0.34,59,2.73,1.99,3.3,3.1,3.6,1.37,1.26,1.43,-3.2,0.3,0.5,2,880,0.212,6,-92,-56,1,16.9,0.6,-5,-28,11,7.994,0.053,6.67,8.0,0.09,0.28,219.23249999999996,42.83111111111111,6.479985,25.9898,52.569386,PM*,F8
HD 128717, ,14,36,21.3,+,57,33,38,99,54,8.325,0.354,2.637,0.015,3.78,0.01,63,4.33,0.18,3.4,0.0,6.6,1.1,1.03,1.16,-6.0,0.3,0.3,2,706,0.539,7,-81,67,2,15.9,0.7,-30,-10,-4,8.006,0.051,7.4,8.38,0.06,0.07,219.08874999999995,57.56055555555555,-5.792842,36.574566,50.96807,PM*,F8
HD 128760, ,14,40,12.6,-,45,32,45,322,13,8.119,0.352,2.63,0.005,3.782,0.05,72,3.82,0.61,3.6,2.6,4.9,1.18,1.1,1.25,-1.1,0.2,0.5,4,841,0.118,6,-5,-14,1,13.8,1.2,-2,-3,-4,7.944,0.017,7.82,8.22,0.02,0.05,220.05249999999998,-45.545833333333334,55.282623,-43.19151,16.196476,*,F8/G0V
HD 128772, ,14,39,55.4,-,36,44,13,326,21,8.971,0.332,2.649,0.019,3.791,-0.16,130,3.4,1.02,3.2,2.6,5.0,1.18,1.1,1.26,-23.5,0.7,1.0,2,973,0.039,15,-32,-17,2,5.0,1.3,-30,-7,-10,7.9,0.047,7.4,8.35,0.06,0.06,219.98083333333332,-36.73694444444445,100.6165,-67.86672,46.587833,*,F6V
HD 128917, ,14,41,55.9,-,58,36,56,317,1,6.22,0.291,2.672,0.01,3.813,-0.03,44,2.99,0.82,2.1,1.6,2.5,1.4,1.36,1.44,11.2,0.3,0.2,2,477,0.669,13,43,-39,2,22.6,0.7,12,-4,-11,7.968,0.001,7.5,8.55,0.07,0.05,220.48291666666663,-58.61555555555556,32.174664,-30.003351,0.76790583,PM*,F5V
HD 128931, ,14,40,25.3,-,29,18,5,330,28,7.833,0.3,2.643,-0.008,3.805,-0.21,68,3.65,0.5,2.9,1.7,3.9,1.19,1.13,1.25,21.8,0.4,0.6,2,1690,0.255,8,-75,-33,2,14.6,1.2,3,-32,12,7.948,0.032,6.38,8.01,0.11,0.3,220.10541666666663,-29.30138888888889,51.996536,-30.02023,31.924067,PM*,F6V
HD 129013, ,14,41,19.2,-,36,53,6,326,21,8.28,0.326,2.635,0.003,3.79,-0.25,67,4.15,0.37,4.2,0.3,6.6,1.07,1.01,1.14,-3.0,0.3,0.4,2,841,0.237,2,27,-85,2,14.9,1.1,4,-8,-27,7.948,0.024,7.54,8.23,0.04,0.31,220.32999999999996,-36.885,51.856197,-34.977467,24.010653,PM*,F5V
HD 129055, ,14,41,46.1,-,43,55,49,323,15,8.82,0.326,2.624,0.011,3.787,-0.99,128,3.28,1.89,6.1,4.9,7.6,1.01,0.95,1.07,-21.9,0.3,0.4,2,740,0.329,8,-58,79,1,7.6,1.4,-37,13,50,7.901,0.032,7.64,9.74,0.12,1.34,220.4420833333333,-43.930277777777775,98.7421,-74.4075,33.128838,PM*,F3V
HD 129060, ,14,44,14.1,-,69,40,26,313,-9,7.005,0.352,2.617,-0.002,3.779,-0.1,35,4.26,0.38,5.1,1.6,7.7,1.06,1.01,1.13,-11.0,0.3,0.6,5,1695,0.132,15,-84,-91,2,28.2,0.7,-22,-4,-6,7.976,-0.005,7.72,8.3,0.04,0.01,221.05874999999997,-69.6738888888889,23.576065,-25.282232,-5.475207,PM*,F7V
HD 129135, ,14,41,2.4,-,2,25,24,349,50,8.395,0.352,2.586,-0.035,3.777,-0.16,59,4.53,0.21,3.8,0.0,8.7,1.03,0.96,1.09,-13.4,0.2,0.3,4,1092,0.55,2,3,-147,1,16.9,1.0,11,-29,-30,7.963,0.046,6.51,8.14,0.11,0.38,220.26,-2.4233333333333333,37.227684,-7.2363353,45.19662,PM*,F7V
HD 129213, ,14,41,48.5,-,18,40,14,336,37,8.252,0.311,2.668,0.023,3.815,0.05,80,3.64,0.05,0.6,0.0,2.2,1.29,1.24,1.35,-24.4,0.4,0.5,2,615,0.376,17,-19,-33,2,12.5,1.1,-19,-6,-20,7.941,0.048,7.73,8.14,0.03,0.2,220.45208333333332,-18.670555555555556,58.367195,-25.986736,48.1452,*,F5V
HD 129226, ,14,38,55.0,+,60,43,1,102,52,8.419,0.296,2.646,0.001,3.806,-0.45,132,2.82,1.52,2.5,2.2,2.9,1.3,1.2,1.38,-33.4,0.4,0.1,2,486,0.838,9,-56,-30,3,7.6,0.7,-4,-51,-4,8.017,0.103,5.47,8.02,0.19,0.12,219.72916666666663,60.716944444444444,-16.89642,79.49143,104.017426,PM*,F5
HD 129232, ,14,41,41.4,-,9,48,34,343,44,8.041,0.326,2.626,-0.009,3.791,-0.14,65,3.98,0.42,3.7,1.5,5.5,1.13,1.06,1.19,-23.2,0.3,0.2,2,973,0.571,6,10,-10,1,15.4,1.1,-12,4,-20,7.956,0.045,7.95,8.6,0.04,0.19,220.42249999999999,-9.809444444444445,44.714024,-13.670451,45.152798,*,F5V
HD 129354, ,14,40,58.1,+,38,9,2,66,65,7.414,0.309,2.633,-0.004,3.798,-0.48,66,3.32,1.22,4.7,2.7,5.5,1.14,1.09,1.24,-38.3,0.2,0.3,6,723,0.872,6,-89,169,2,15.2,0.7,-64,1,-30,7.988,0.059,7.01,9.74,0.16,0.41,220.2420833333333,38.150555555555556,11.345025,25.481346,59.81631,PM*,F5
HD 129412, ,14,41,45.8,+,24,32,17,33,65,7.659,0.335,2.662,0.036,3.807,0.04,59,3.64,0.23,1.6,0.0,2.9,1.27,1.23,1.32,-0.5,0.3,0.3,2,1057,0.517,7,-59,-19,1,16.9,0.9,-7,-15,6,7.979,0.054,7.4,7.99,0.04,0.2,220.44083333333333,24.53805555555556,20.911814,13.580291,53.472157,PM*,F7V
HD 129417, ,14,43,10.0,-,25,6,36,333,31,8.149,0.292,2.702,0.048,3.841,0.24,99,2.96,0.07,0.4,0.0,1.3,1.55,1.49,1.61,-27.3,0.5,0.7,2,616,0.281,20,-81,-29,2,10.1,1.0,-42,-23,-8,7.925,0.051,6.56,8.34,0.12,0.06,220.79166666666666,-25.110000000000003,75.61043,-38.525436,50.98877,PM*,F3V
HD 129425, ,14,40,10.5,+,57,42,47,98,54,7.883,0.346,2.628,0.004,3.78,-0.16,51,4.37,0.3,4.9,0.0,8.2,1.04,0.98,1.12,-14.8,0.2,0.3,4,1873,0.764,4,-96,11,2,19.8,0.7,-15,-22,-4,8.004,0.041,6.97,8.02,0.07,0.06,220.04374999999996,57.713055555555556,-4.171998,29.685312,41.25987,PM*,F8
HD 129454, ,14,43,27.5,-,30,12,29,330,27,7.737,0.319,2.636,0.001,3.797,-0.21,94,2.86,1.47,2.5,2.2,3.1,1.33,1.23,1.43,-8.6,0.3,0.2,2,616,0.571,11,-47,-51,2,10.6,1.3,-17,-24,-13,7.927,0.042,6.8,7.95,0.08,0.09,220.86458333333331,-30.208055555555553,72.533615,-41.877323,42.675106,PM*,F6V
HD 129501, ,14,42,23.1,+,21,17,35,26,64,7.478,0.339,2.622,-0.003,3.784,-0.16,46,4.18,0.4,4.7,1.5,7.1,1.07,1.02,1.14,-2.7,0.7,0.0,1,0,0.0,15,-108,-32,1,21.9,0.9,-11,-21,6,7.982,0.041,7.06,7.98,0.06,0.2,220.59624999999997,21.293055555555558,18.124249,8.839787,41.34453,PM*,F8
HD 129594, ,14,46,3.6,-,62,32,8,316,-3,7.921,0.342,2.652,0.033,3.806,0.09,123,2.32,1.52,1.6,1.4,1.9,1.6,1.5,1.7,12.6,0.7,0.4,2,1355,0.673,26,37,9,2,8.1,0.9,24,7,-5,7.912,-0.005,7.44,9.31,0.11,0.04,221.515,-62.535555555555554,88.35751,-85.3259,-6.437323,*,F5V
HD 129599, ,14,38,57.8,+,72,17,24,112,43,8.053,0.326,2.648,0.012,3.796,-0.03,133,2.43,1.75,2.0,1.7,2.3,1.53,1.45,1.61,-25.0,0.4,0.4,2,520,0.511,19,6,-29,2,7.5,0.7,22,-20,-7,8.037,0.09,6.77,8.51,0.11,0.09,219.74083333333328,72.28999999999999,-36.438,90.18722,90.70577,*,F5
HD 129698, ,14,44,13.6,-,8,15,6,345,45,6.638,0.287,2.659,-0.001,3.812,-0.26,41,3.56,0.48,2.7,1.5,3.5,1.21,1.16,1.27,-23.8,0.4,0.5,3,600,0.619,20,-203,74,1,24.2,1.4,-46,-11,8,7.972,0.029,6.99,8.74,0.11,0.24,221.05666666666662,-8.251666666666667,28.003517,-7.503527,28.991377,PM*,F3/5V
HD 130080, ,14,49,25.0,-,65,40,53,315,-6,7.117,0.363,2.626,0.017,3.778,-0.11,145,1.31,3.36,0.0,0.0,0.0,0.0,0.0,0.0,-12.4,1.5,2.1,2,1416,0.023,30,12,-3,2,6.9,0.7,-4,14,-5,7.899,-0.014,7.88,9.16,0.08,0.04,222.35416666666663,-65.68138888888889,101.96879,-101.96883,-15.156628,*,F6IV
HD 130102, ,14,48,25.1,-,56,26,10,319,3,8.247,0.34,2.641,0.013,3.788,-0.04,93,3.41,0.96,3.1,2.6,3.8,1.22,1.14,1.31,-18.5,0.2,0.3,2,623,0.401,7,-66,-44,2,10.8,1.1,-36,-14,-6,7.931,0.005,7.03,8.36,0.09,0.02,222.10458333333332,-56.43611111111111,70.0918,-60.929874,4.8672442,PM*,F7IV
HD 130125, ,14,46,16.3,+,3,30,14,357,54,7.394,0.354,2.611,-0.006,3.777,-0.13,39,4.43,0.28,4.9,0.0,8.6,1.03,0.98,1.11,22.8,0.2,0.2,4,2514,0.779,5,16,-60,2,25.5,1.0,21,-7,13,7.977,0.032,7.25,8.73,0.09,0.32,221.56791666666666,3.503888888888889,22.892208,-1.1997299,31.551662,PM*,F7/8V
HD 130238, ,14,47,12.9,-,4,14,3,349,48,8.415,0.348,2.638,0.014,3.78,-0.12,81,3.86,0.77,5.4,3.0,7.5,1.1,1.04,1.16,-19.4,0.5,0.1,2,971,0.932,14,1,-16,1,12.3,1.1,-10,-2,-18,7.947,0.06,7.95,8.16,0.01,0.17,221.80374999999998,-4.234166666666667,53.203777,-10.341776,60.194733,*,F7V
HD 130240, ,14,47,43.3,-,27,41,56,332,28,7.547,0.338,2.624,0.0,3.786,-0.17,51,4.02,0.52,4.4,2.4,6.5,1.09,1.04,1.16,-26.9,0.2,0.3,4,972,0.616,8,-48,-31,2,19.7,1.0,-27,-2,-14,7.961,0.024,7.67,8.5,0.05,0.1,221.93041666666664,-27.698888888888888,39.75942,-21.140455,23.94305,PM*,F8V
HD 130253, ,14,46,2.3,+,36,53,28,62,64,8.57,0.39,2.597,0.003,3.76,-0.33,113,3.3,1.98,6.4,4.6,8.4,1.09,1.02,1.16,-40.5,0.3,0.2,2,597,0.567,4,51,-72,2,7.4,1.0,38,-22,-44,7.977,0.102,6.45,8.85,0.16,0.72,221.5095833333333,36.89111111111111,23.25572,43.73764,101.56373,PM*,F2
HD 130268, ,14,46,22.4,+,27,54,0,41,65,8.669,0.44,2.595,0.0,3.739,0.05,68,4.51,0.92,13.2,9.9,16.7,0.92,0.89,0.99,0.8,0.3,0.0,1,0,0.0,2,-155,-97,2,14.7,1.3,-8,-54,21,7.978,0.061,5.35,7.98,0.2,0.48,221.5933333333333,27.9,21.688877,18.853853,61.62893,PM*,F5
HD 130360, ,14,48,29.0,-,25,29,13,334,30,7.036,0.322,2.631,0.004,3.791,-0.45,52,3.48,1.19,5.5,3.3,6.5,1.1,1.05,1.18,-14.2,0.3,0.2,2,496,0.6,9,-127,167,2,19.4,0.9,-37,11,36,7.96,0.026,7.67,9.63,0.11,0.92,222.12083333333334,-25.486944444444447,40.475677,-19.741314,26.0,PM*,F5V
HD 130396, ,14,47,31.8,+,19,3,0,22,62,7.463,0.333,2.634,0.007,3.787,-0.25,49,4.03,0.56,4.9,2.8,6.6,1.07,1.02,1.13,7.8,0.4,0.0,1,0,0.0,4,10,1,2,20.6,0.8,5,3,6,7.979,0.043,7.81,8.72,0.05,0.21,221.88249999999996,19.05,21.32904,8.617491,43.26443,*,F8V
HD 130445, ,14,46,30.0,+,50,23,52,87,58,7.774,0.342,2.619,-0.002,3.783,-0.23,63,3.78,0.89,6.8,3.3,8.1,1.09,1.04,1.15,8.3,0.3,0.6,4,1774,0.083,4,-40,51,1,15.9,0.6,-19,5,7,7.999,0.053,7.93,8.73,0.05,0.23,221.62499999999997,50.397777777777776,1.747232,33.33916,53.42703,PM*,F5
HD 130460, ,14,45,16.6,+,65,19,47,106,48,7.229,0.324,2.639,-0.003,3.793,-0.04,48,3.81,0.45,3.5,1.9,4.3,1.19,1.14,1.24,-11.9,0.3,0.6,9,1465,0.915,28,-111,38,2,20.7,0.6,-20,-21,-3,8.009,0.036,7.01,8.07,0.07,0.08,221.31916666666663,65.32972222222222,-8.852994,30.87406,35.67095,PM*,F5
HD 130503, ,14,48,29.3,+,3,17,44,358,53,8.385,0.345,2.65,0.039,3.803,-0.12,93,3.37,0.74,2.7,2.0,3.3,1.24,1.17,1.32,-7.0,0.3,0.6,4,1806,0.165,10,-49,-14,1,7.2,1.1,-14,-19,1,7.944,0.075,7.13,7.96,0.05,0.14,222.1220833333333,3.2955555555555556,55.934696,-1.9532884,74.2731,PM*,F5V
HD 130551, ,14,51,31.7,-,60,55,50,317,-1,7.163,0.321,2.628,0.017,3.789,-0.82,48,3.76,1.24,6.6,4.2,8.5,1.0,0.94,1.06,33.0,0.2,0.3,3,782,0.508,6,57,114,2,20.9,0.9,40,-5,18,7.965,-0.001,6.93,9.35,0.15,0.44,222.8820833333333,-60.93055555555555,35.099636,-32.73093,-0.8377155,PM*,F5V
HD 130555, ,14,47,49.9,+,35,39,16,59,64,7.551,0.286,2.666,0.006,3.813,-0.26,82,2.98,1.03,2.4,2.0,2.8,1.33,1.27,1.39,11.4,0.2,0.4,5,441,0.643,7,-29,36,2,12.2,0.8,-15,6,14,7.982,0.074,7.96,8.77,0.05,0.36,221.95791666666665,35.654444444444444,18.513784,30.81211,73.70111,*,F5
HD 130582, ,14,47,23.5,+,47,54,33,83,59,7.875,0.375,2.631,0.024,3.788,0.35,85,3.13,0.95,2.0,1.6,2.8,1.41,1.37,1.45,-17.0,0.3,0.2,2,729,0.576,7,-16,16,2,11.8,0.7,-10,-9,-14,7.995,0.073,7.75,7.99,0.02,0.12,221.84791666666663,47.909166666666664,5.335224,43.45192,72.85922,*,F8
HD 130585, ,14,49,5.8,-,5,45,5,348,47,8.256,0.254,2.7,0.013,3.832,-0.12,89,3.51,-0.03,0.0,0.0,1.8,1.31,1.25,1.37,-7.8,1.2,1.8,2,727,0.273,35,-29,-46,2,7.9,1.1,-4,-21,-10,7.94,0.065,6.97,7.96,0.07,0.08,222.27416666666664,-5.751388888888889,59.371452,-12.619797,65.09048,PM*,F2V
HD 130620, ,14,49,25.3,-,8,30,15,346,44,7.106,0.287,2.681,0.022,3.834,0.17,139,1.3,1.91,0.9,0.8,1.0,2.01,1.9,2.15,42.6,11.4,0.0,1,0,0.0,40,26,-29,2,7.2,0.9,47,-9,12,7.904,0.097,6.62,9.33,0.17,0.36,222.35541666666663,-8.504166666666666,97.01816,-24.18933,96.55752,*,F5IVn
HD 130672, ,14,49,46.1,-,9,12,9,345,44,7.651,0.324,2.645,0.004,3.797,0.03,75,3.27,0.83,2.6,2.1,3.1,1.32,1.26,1.38,-29.0,0.5,0.7,2,615,0.077,11,-67,-4,1,13.3,1.1,-34,-12,-11,7.947,0.052,7.19,8.38,0.08,0.07,222.4420833333333,-9.202499999999999,52.112164,-13.963426,52.09938,PM*,F6V
HD 130679, ,14,52,23.4,-,62,34,19,316,-3,8.195,0.339,2.643,0.022,3.798,-0.08,99,3.12,1.07,2.6,2.2,3.1,1.3,1.22,1.39,-1.2,0.3,0.4,2,623,0.307,12,9,17,2,10.1,1.2,4,6,5,7.928,-0.005,7.8,8.82,0.06,0.2,223.0975,-62.57194444444445,71.11702,-68.67694,-5.18126,*,F6V
HD 130714, ,14,50,37.9,-,32,27,59,330,24,7.468,0.329,2.619,-0.009,3.788,-0.26,45,4.19,0.39,4.7,0.9,7.1,1.06,1.0,1.13,-31.2,0.2,0.3,3,2249,0.337,5,-110,-153,2,22.1,1.1,-36,-22,-29,7.964,0.018,6.78,8.29,0.1,0.35,222.65791666666667,-32.46638888888889,35.601906,-20.55478,18.303148,PM*,F7V
HD 130761, ,14,51,30.6,-,47,5,0,323,11,7.996,0.293,2.656,0.005,3.808,-0.35,83,3.39,0.81,2.9,2.3,3.5,1.2,1.13,1.27,-39.6,0.3,0.2,2,1193,0.549,6,-45,-31,1,12.0,1.0,-44,6,-10,7.934,0.016,7.45,9.26,0.11,0.05,222.87749999999997,-47.083333333333336,65.06887,-49.032906,15.837147,PM*,F5V
HD 130801, ,14,50,36.1,-,12,1,5,343,41,7.119,0.316,2.657,0.021,3.812,-0.08,79,2.54,1.34,1.9,1.6,2.2,1.47,1.38,1.57,-17.8,0.8,1.1,2,615,0.176,26,-46,-12,1,9.8,1.3,-22,-11,-7,7.943,0.052,7.46,8.1,0.04,0.05,222.65041666666664,-12.018055555555556,57.016857,-17.431807,51.828663,*,F5IV/V
HD 130809, ,14,52,9.7,-,53,20,40,320,5,8.822,0.352,2.628,0.024,3.791,-0.29,145,2.91,1.63,3.0,2.3,4.8,1.19,1.13,1.37,-2.5,0.3,0.1,2,1133,0.892,9,13,-21,2,6.6,1.4,0,2,-17,7.889,0.014,7.78,8.45,0.04,0.15,223.04041666666663,-53.34444444444445,110.65374,-92.84955,12.637582,*,F6/7V
HD 130852, ,14,50,42.1,-,8,13,27,346,44,8.181,0.295,2.655,-0.011,3.809,0.03,89,3.43,0.41,2.0,0.9,2.7,1.31,1.25,1.36,-25.6,1.0,1.5,2,729,0.141,24,-11,23,2,11.2,1.0,-24,8,-10,7.938,0.062,7.82,8.95,0.07,0.08,222.67541666666665,-8.224166666666667,62.11954,-15.4881315,61.824596,*,F3/5V
HD 130904, ,14,52,15.5,-,44,55,37,324,13,7.217,0.343,2.632,0.01,3.785,-0.16,88,2.5,2.06,2.2,2.0,2.6,1.47,1.39,1.55,-10.2,0.2,0.3,3,2870,0.438,6,-12,-59,1,11.4,0.9,-13,-10,-21,7.93,0.02,7.63,7.95,0.02,0.21,223.06458333333333,-44.926944444444445,69.368805,-50.399395,19.795692,PM*,F6V
HD 130916, ,14,49,35.4,+,39,27,58,67,63,8.273,0.307,0.0,0.0,3.804,-0.18,141,2.53,1.61,2.1,1.8,2.5,1.44,1.36,1.53,-28.9,0.7,0.8,2,750,0.38,20,-19,24,2,7.1,0.8,-25,-11,-22,7.975,0.125,7.44,8.22,0.05,0.27,222.39749999999995,39.46611111111111,25.011745,58.923965,125.63192,*,F2
HD 130943, ,14,55,46.1,-,73,9,59,312,-12,7.787,0.312,2.645,0.001,3.798,-0.21,63,3.78,0.53,3.5,2.2,4.5,1.16,1.09,1.22,9.4,0.6,0.6,2,1416,0.476,24,-92,-40,2,15.8,0.8,-16,-27,0,7.959,-0.014,6.67,7.97,0.09,0.11,223.9420833333333,-73.16638888888889,41.234043,-45.79503,-13.098437,PM*,F5V
HD 130944, ,14,47,36.3,+,65,29,12,106,48,8.498,0.294,2.659,-0.003,3.813,0.02,137,2.81,0.95,1.9,1.5,2.2,1.42,1.34,1.51,-9.0,0.7,1.2,3,746,0.389,35,-30,35,2,5.2,0.7,-28,-10,-10,8.025,0.101,7.44,8.34,0.06,0.11,221.90124999999998,65.48666666666666,-25.267921,88.11971,101.810844,*,F8
HD 130945, ,14,49,18.6,+,46,6,58,80,60,5.71,0.313,2.66,0.014,3.803,0.02,47,2.35,1.63,1.8,1.6,1.9,1.6,1.56,1.64,-5.3,0.4,0.3,2,357,0.522,19,-7,-77,1,21.3,0.6,12,-13,0,7.996,0.041,7.21,8.35,0.07,0.12,222.32749999999996,46.11611111111111,4.080733,23.14298,40.703197,PM*,F6IVs
HD 130987, ,14,49,35.1,+,46,34,28,81,60,7.529,0.348,2.608,-0.005,3.779,-0.47,75,3.15,1.81,5.0,4.3,5.7,1.14,1.1,1.18,-29.7,0.3,0.2,2,486,0.566,3,99,-161,3,13.3,0.7,64,-24,-27,7.994,0.065,5.97,9.57,0.23,0.34,222.39624999999998,46.574444444444445,5.866293,37.03831,64.95191,PM*,F8
HD 130989, ,14,51,34.9,-,17,47,25,339,36,6.562,0.313,2.637,0.002,3.798,-0.36,56,2.83,1.61,2.5,2.2,3.9,1.35,1.28,1.4,27.1,0.2,0.2,2,498,0.426,7,-14,-128,1,17.9,0.9,28,-33,-4,7.958,0.033,6.07,8.38,0.16,0.06,222.89541666666662,-17.790277777777778,42.295815,-16.235847,32.915974,PM*,F6V
HD 131039, ,14,49,6.5,+,56,53,45,96,54,8.159,0.328,2.632,0.008,3.79,-0.44,122,2.73,1.96,3.5,2.5,4.1,1.26,1.17,1.4,-23.9,0.4,0.8,4,2992,0.067,12,-25,-49,2,8.2,0.6,15,-37,-2,8.008,0.098,6.09,8.19,0.15,0.13,222.2770833333333,56.895833333333336,-7.4957185,71.31697,98.70007,PM*,F8
HD 131194, ,14,50,13.6,+,52,24,51,90,56,7.14,0.354,2.629,0.019,3.777,-0.31,55,3.45,1.43,6.0,5.1,6.8,1.11,1.06,1.16,-47.4,0.2,0.2,3,3022,0.71,9,-34,93,2,18.3,0.6,-25,-20,-44,8.0,0.046,7.11,8.13,0.07,0.66,222.55666666666664,52.41416666666667,-1.3443704e-06,30.75561,45.59707,PM*,F5
HD 131271, ,14,52,53.6,-,8,41,44,347,44,7.839,0.325,2.62,-0.003,3.789,-0.53,78,3.39,1.39,5.4,4.4,6.5,1.09,1.04,1.16,-5.0,0.4,0.1,2,376,0.922,6,-10,24,2,12.9,1.0,-9,5,3,7.945,0.053,7.94,8.59,0.04,0.17,223.2233333333333,-8.695555555555556,54.67045,-12.621666,54.183353,*,F5/6V
HD 131301, ,14,51,38.2,+,39,6,11,66,62,7.841,0.315,0.0,0.0,3.796,-0.24,61,3.93,0.45,3.6,1.7,5.3,1.12,1.06,1.18,3.0,1.0,0.0,1,0,0.0,30,13,-29,2,16.5,0.8,9,-1,2,7.989,0.054,7.65,8.62,0.06,0.15,222.90916666666664,39.10305555555556,11.648029,26.161905,53.859802,*,F5
HD 131337, ,14,53,40.1,-,19,58,21,338,34,7.504,0.288,2.687,0.04,3.837,-0.23,133,1.71,1.78,1.3,1.1,1.5,1.71,1.6,1.82,8.1,0.5,0.2,2,1035,0.771,24,15,-29,2,5.6,1.0,16,-9,-11,7.898,0.075,7.2,8.46,0.08,0.1,223.4170833333333,-19.972499999999997,102.23315,-41.304874,74.37266,*,F2/3V
HD 131417, ,14,54,37.3,-,36,45,55,329,20,8.026,0.308,2.647,0.002,3.802,-0.21,74,3.68,0.54,3.1,1.9,4.1,1.18,1.11,1.24,-32.1,0.5,0.6,2,1005,0.416,19,-81,-37,2,13.5,1.2,-42,-11,-9,7.94,0.025,7.03,8.59,0.1,0.04,223.65541666666664,-36.765277777777776,59.605057,-35.81434,25.309488,PM*,F5V
HD 131435, ,14,54,54.8,-,41,21,53,327,16,7.158,0.315,2.644,-0.008,3.799,0.04,45,3.89,0.16,1.7,0.0,3.6,1.22,1.16,1.26,-4.3,0.4,0.6,4,1005,0.481,20,-136,-89,1,22.2,0.9,-22,-27,-4,7.964,0.012,6.64,8.02,0.09,0.05,223.72833333333332,-41.36472222222223,36.278187,-23.559324,12.403681,PM*,F5V
HD 131438, ,14,55,39.4,-,53,39,11,321,5,8.413,0.331,2.646,0.02,3.801,-0.14,106,3.19,0.98,2.7,2.2,3.2,1.28,1.19,1.35,38.0,0.2,0.1,2,327,0.671,9,-19,6,2,9.4,1.1,25,-29,11,7.918,0.009,6.3,8.33,0.14,0.29,223.91416666666663,-53.653055555555554,82.06399,-66.45414,9.238508,*,F6V
HD 131495, ,14,52,53.4,+,32,41,27,52,63,6.872,0.295,2.663,0.007,3.808,-0.2,74,2.54,1.53,2.1,1.9,2.3,1.47,1.41,1.52,2.9,0.7,1.4,4,442,0.078,23,33,3,2,13.6,0.7,7,9,-3,7.98,0.066,7.84,9.12,0.08,0.1,223.2225,32.69083333333333,20.683332,26.473457,65.93449,*,F2
HD 131574, ,14,55,30.0,-,37,9,41,329,19,7.59,0.26,2.718,0.048,3.854,-0.29,112,2.13,1.14,1.3,1.1,1.5,1.56,1.47,1.66,12.6,2.0,0.9,3,794,0.898,100,14,-11,2,8.9,1.1,15,-4,-4,7.909,0.037,7.39,8.56,0.07,0.06,223.87499999999997,-37.16138888888889,90.77236,-54.54155,36.46363,*,F2V
HD 131599, ,14,53,15.7,+,40,49,0,69,61,7.784,0.331,2.613,-0.003,3.785,-0.56,56,4.05,0.84,5.7,3.8,7.5,1.01,0.96,1.06,-6.3,0.3,0.2,3,606,0.76,6,7,15,1,17.9,0.8,-3,1,-7,7.991,0.049,7.93,8.44,0.03,0.05,223.31541666666664,40.81666666666667,9.729453,25.346088,48.978706,*,F5
HD 131787, ,14,55,33.1,+,0,43,53,357,50,8.638,0.303,2.663,0.021,3.814,-0.3,107,3.4,0.63,2.5,1.7,3.2,1.22,1.15,1.29,3.5,0.3,0.3,4,1784,0.914,13,12,-10,1,9.4,1.3,8,0,-2,7.932,0.082,7.64,8.59,0.06,0.11,223.88791666666663,0.7313888888888889,68.684006,-3.5995767,81.96675,*,F3V
HD 131811, ,14,56,19.3,-,18,55,41,340,35,7.688,0.311,2.656,0.008,3.799,-0.13,71,3.43,0.78,3.0,2.3,3.5,1.24,1.17,1.3,1.7,0.5,0.6,2,709,0.396,18,42,-13,1,14.1,0.9,11,6,-8,7.945,0.041,7.7,8.96,0.08,0.05,224.08041666666662,-18.928055555555556,54.65233,-19.891834,40.723927,*,F5/6V
HD 131991, ,14,57,24.9,-,22,9,12,338,32,7.967,0.345,2.609,-0.004,3.78,-0.41,75,3.59,1.3,6.5,5.1,8.0,1.06,1.01,1.12,-66.3,0.3,0.5,2,495,0.136,8,-127,-97,2,13.3,1.1,-71,-32,-39,7.941,0.04,5.83,8.95,0.21,0.59,224.35374999999996,-22.153333333333332,58.972237,-23.826332,39.743946,PM*,F7V
HD 132005, ,14,56,9.3,+,25,5,15,36,62,8.059,0.34,2.625,0.002,3.786,-0.15,90,3.29,1.23,3.2,2.6,5.4,1.19,1.13,1.3,-19.7,0.3,0.1,2,278,0.801,11,-61,43,2,11.1,1.0,-36,-10,-4,7.966,0.08,7.23,8.48,0.08,0.1,224.03875,25.0875,34.182945,24.835363,79.46528,PM*,F5
HD 132122, ,14,59,10.6,-,48,49,34,324,9,7.214,0.351,2.654,0.044,3.809,0.16,106,1.89,1.83,1.3,1.1,1.5,1.79,1.69,1.9,12.2,0.5,0.7,2,656,0.382,18,-17,-62,1,9.4,0.9,0,-27,-21,7.915,0.016,6.6,7.96,0.09,0.2,224.79416666666663,-48.82611111111112,84.700005,-61.538166,16.582054,PM*,F6/7V
HD 132249, ,15,0,44.9,-,59,48,42,319,-1,7.316,0.311,2.654,0.008,3.803,-0.06,98,2.36,1.69,1.9,1.6,2.1,1.55,1.47,1.63,7.9,0.8,1.1,2,619,0.113,21,27,-42,2,10.2,0.9,7,-4,-23,7.927,-0.002,7.57,8.41,0.05,0.24,225.1870833333333,-59.81166666666666,73.95027,-64.284,-1.7103357,PM*,F5V
HD 132301, ,14,59,45.0,-,43,48,40,326,13,6.599,0.299,2.654,-0.009,3.807,0.04,37,3.74,0.13,1.0,0.0,2.8,1.26,1.21,1.3,-21.3,0.6,0.8,2,1005,0.191,20,-193,-130,1,26.8,0.7,-39,-24,-9,7.97,0.009,6.62,8.32,0.11,0.02,224.93749999999994,-43.81111111111111,29.888203,-20.159859,8.323189,PM*,F6V
HD 132475, ,14,59,49.7,-,22,0,45,338,32,8.56,0.396,2.578,0.0,3.749,-1.73,92,3.75,2.47,0.0,14.8,0.0,0.78,0.76,0.82,176.4,0.2,0.7,13,5212,0.019,6,-560,-498,2,10.9,1.1,42,-364,56,7.928,0.048,3.99,8.3,0.35,1.46,224.9570833333333,-22.0125,72.33928,-29.226967,48.75257,PM*,F5/6V
HD 132507, ,14,59,53.6,-,10,55,51,347,41,7.288,0.26,2.678,-0.005,3.827,-0.21,65,3.22,0.45,1.8,1.0,2.4,1.3,1.24,1.37,4.2,1.1,0.8,3,693,0.853,35,57,-47,2,0.0,0.0,19,0,-14,7.952,0.042,7.46,8.9,0.09,0.11,224.9733333333333,-10.930833333333332,47.79882,-11.035226,42.643837,PM*,F2III
HD 132560, ,14,57,20.6,+,57,38,56,96,52,7.23,0.306,2.658,0.009,3.808,-0.02,103,2.16,1.75,1.6,1.4,1.8,1.65,1.58,1.71,-11.3,0.7,0.1,2,513,0.994,25,-34,-30,1,9.7,0.6,2,-24,5,8.006,0.082,6.83,8.08,0.08,0.2,224.33583333333328,57.64888888888889,-6.6284804,63.065754,81.16511,*,F2
HD 132602, ,15,1,2.5,-,33,50,22,332,22,7.408,0.302,2.657,0.008,3.806,-0.18,78,2.94,1.16,2.4,2.1,2.8,1.35,1.29,1.42,-39.9,0.6,0.8,2,331,0.01,5,-117,-26,2,12.8,0.9,-57,-18,-3,7.936,0.029,6.53,8.82,0.15,0.08,225.26041666666666,-33.839444444444446,63.855076,-33.95234,29.219313,PM*,F5V
HD 132730, ,15,2,42.4,-,53,49,39,322,4,8.058,0.343,2.65,0.022,3.797,0.15,52,4.38,-0.39,0.0,0.0,2.3,1.19,1.13,1.25,19.6,0.2,0.3,2,1113,0.271,5,-61,-63,3,0.0,0.0,3,-29,-4,7.959,0.004,6.55,8.03,0.1,0.04,225.67666666666665,-53.8275,40.876747,-31.936407,3.6273365,PM*,F8V
HD 132736, ,14,59,24.9,+,39,38,41,66,61,6.695,0.262,0.0,0.0,3.831,0.02,60,2.82,0.56,1.4,1.0,1.8,1.48,1.44,1.52,-15.4,1.5,2.0,2,1188,0.294,80,-5,31,1,16.8,0.6,-11,-3,-14,7.988,0.052,7.99,8.16,0.01,0.11,224.85374999999996,39.64472222222222,11.831388,26.573736,52.477184,*,F2
HD 132864, ,15,0,26.0,+,31,36,54,50,62,7.591,0.38,2.612,0.019,3.766,-0.21,75,3.23,1.81,4.9,4.2,5.8,1.21,1.15,1.25,-25.0,0.2,0.1,2,751,0.937,6,-202,93,1,13.4,0.8,-74,-35,12,7.977,0.066,5.71,9.0,0.22,0.32,225.1083333333333,31.615000000000002,22.63279,26.97271,66.22107,PM*,F8
HD 132893, ,15,0,46.5,+,28,35,30,44,61,8.622,0.336,2.632,0.012,3.787,-0.29,122,3.19,1.44,4.6,2.9,5.8,1.16,1.09,1.23,-29.6,0.3,0.3,2,751,0.531,7,-36,31,2,7.1,1.0,-36,-12,-15,7.958,0.107,7.18,8.43,0.08,0.17,225.19375,28.591666666666665,42.546623,41.0868,106.703606,*,F8
HD 132913, ,15,1,24.8,+,10,21,45,10,55,8.637,0.311,2.647,-0.003,3.802,-0.02,108,3.48,0.56,2.5,1.6,3.2,1.26,1.19,1.32,-22.0,0.5,0.0,1,0,0.0,16,-43,-30,2,9.3,1.1,-16,-28,-12,7.94,0.088,6.61,7.95,0.09,0.12,225.35333333333332,10.362499999999999,61.005154,10.756855,88.46842,PM*,F5
HD 133070, ,15,0,37.1,+,50,48,19,86,56,8.771,0.258,2.686,0.006,3.833,-0.11,143,3.0,0.45,1.5,0.8,2.0,1.39,1.32,1.46,11.5,1.2,2.1,3,1288,0.305,80,-2,-10,2,7.0,0.9,5,2,12,7.994,0.118,7.81,8.73,0.06,0.34,225.1545833333333,50.805277777777775,5.57805,79.7698,118.552376,*,F5
HD 133295, ,15,4,33.0,-,28,18,0,335,26,7.191,0.358,2.613,-0.006,3.775,-0.05,34,4.54,0.15,2.7,0.0,8.0,1.05,0.98,1.11,-3.0,0.2,0.4,5,1803,0.326,10,40,-52,2,29.5,0.9,2,0,-11,7.972,0.015,7.8,8.48,0.04,0.05,226.1375,-28.3,27.695856,-12.914797,14.904619,PM*,F9VCH-0.4
HD 133351, ,15,3,34.8,+,15,25,18,19,57,8.086,0.299,2.666,0.01,3.813,0.1,102,3.04,0.65,1.8,1.3,2.2,1.41,1.34,1.48,-23.9,0.9,0.9,2,749,0.485,35,-53,20,2,9.8,1.1,-33,-14,-5,7.948,0.086,7.1,8.3,0.08,0.09,225.89499999999998,15.421666666666667,52.526566,18.086348,85.544395,PM*,F5
HD 133469, ,15,5,33.9,-,30,33,3,334,24,6.478,0.305,2.641,-0.016,3.804,0.03,32,3.96,-0.01,0.0,0.0,2.5,1.21,1.16,1.25,2.9,0.7,0.6,2,719,0.547,23,10,86,2,31.4,1.0,2,8,10,7.974,0.013,7.89,8.98,0.06,0.28,226.39124999999999,-30.550833333333333,26.274853,-12.815105,13.015573,PM*,F5.5V
HD 133482, ,15,0,10.2,+,70,36,50,109,43,7.678,0.342,2.634,0.013,3.786,-0.18,106,2.54,2.01,2.2,2.0,2.5,1.46,1.39,1.54,-16.2,0.5,0.7,2,745,0.144,14,-9,69,1,9.4,0.6,-26,-5,-28,8.025,0.072,7.69,8.47,0.05,0.35,225.04249999999996,70.61388888888888,-25.239176,73.299904,72.291824,PM*,F8
HD 133644, ,15,5,36.3,-,1,18,57,357,47,8.312,0.328,2.638,0.012,3.79,-0.31,81,3.78,0.8,4.1,2.8,6.6,1.09,1.03,1.16,4.6,0.3,0.2,2,970,0.582,7,2,-42,2,12.4,1.2,11,-12,-4,7.945,0.059,7.24,8.31,0.07,0.07,226.40125,-1.3158333333333334,55.166153,-2.8911362,59.23965,*,F5V
HD 133795, ,15,11,31.9,-,73,9,10,313,-13,8.511,0.351,2.627,0.014,3.777,-0.32,68,4.33,0.55,6.8,3.3,9.5,0.99,0.94,1.06,-21.4,0.2,0.2,3,1694,0.695,7,-87,-75,2,14.6,0.9,-42,-9,-1,7.955,-0.015,7.14,8.67,0.1,0.09,227.88291666666663,-73.15277777777779,45.18728,-48.45742,-15.296671,PM*,F8V
HD 133814, ,15,2,26.1,+,67,54,16,106,45,8.298,0.309,2.628,0.003,3.796,-0.74,86,3.62,1.17,5.5,3.1,7.1,1.05,0.99,1.12,-58.6,0.4,0.5,3,661,0.581,9,-11,37,1,11.6,0.6,-3,-38,-47,8.017,0.061,6.23,8.03,0.13,0.76,225.60875,67.90444444444445,-16.761833,58.45546,60.811184,*,F8
HD 133913, ,15,7,26.0,-,15,25,0,345,36,7.785,0.303,2.658,0.034,3.82,-0.68,98,2.68,1.54,2.3,2.0,2.6,1.3,1.23,1.37,38.4,0.2,0.1,3,481,0.917,7,50,-30,1,10.2,0.9,47,-2,3,7.924,0.058,6.82,9.59,0.17,0.18,226.8583333333333,-15.416666666666666,76.58214,-20.520142,57.602955,PM*,F2V
HD 134044, ,15,6,35.1,+,36,27,21,60,60,6.35,0.353,2.633,0.018,3.778,-0.23,29,4.0,0.78,5.7,4.0,9.7,1.06,0.99,1.11,-6.3,0.2,0.1,2,736,0.824,4,-63,41,2,33.9,0.6,-11,-5,-2,7.993,0.026,7.97,8.02,0.0,0.08,226.64624999999998,36.45583333333334,7.249999,12.557368,25.114738,PM*,F8V
HD 134052, ,15,8,42.8,-,29,21,55,336,25,7.9,0.316,2.654,0.013,3.802,-0.06,126,2.4,1.68,1.9,1.6,2.3,1.51,1.41,1.61,-13.7,1.3,1.8,2,383,0.047,28,-16,-17,2,8.0,1.2,-16,-8,-9,7.896,0.053,7.65,7.97,0.02,0.06,227.17833333333328,-29.36527777777778,104.32213,-46.447186,53.2499,*,F5IV/V
HD 134191, ,15,7,9.2,+,40,6,28,67,59,8.125,0.307,2.663,0.009,3.806,0.09,82,3.56,0.28,1.8,0.2,2.8,1.3,1.25,1.36,-27.4,1.5,0.0,1,0,0.0,35,-77,64,1,12.2,0.8,-42,-18,-12,7.983,0.07,6.81,8.48,0.11,0.1,226.78833333333333,40.10777777777778,16.5018,38.875793,70.28772,PM*,F5
HD 134228, ,15,8,20.5,+,10,6,50,12,54,7.371,0.357,2.626,0.008,3.778,-0.06,58,3.55,1.07,5.1,2.9,6.6,1.14,1.07,1.23,4.4,0.3,0.1,2,749,0.742,8,-60,-20,2,0.0,0.0,-3,-14,10,7.966,0.047,7.39,8.01,0.04,0.27,227.08541666666662,10.113888888888889,33.346565,7.0880313,46.922985,PM*,F8V
HD 134231, ,15,9,46.4,-,32,8,58,334,22,8.675,0.293,2.673,0.028,3.823,-0.39,110,3.35,0.56,2.2,1.2,2.9,1.23,1.17,1.3,-18.8,0.5,0.7,2,383,0.204,15,25,-45,2,9.1,1.1,-7,1,-32,7.908,0.042,7.89,8.4,0.03,0.41,227.4433333333333,-32.14944444444444,91.668205,-44.709583,41.206722,PM*,F2V
HD 134280, ,15,6,51.0,+,53,18,57,89,54,7.917,0.276,2.676,0.006,3.818,-0.23,76,3.52,0.36,2.1,0.6,3.0,1.25,1.19,1.3,-0.1,1.2,0.6,2,346,0.74,30,33,12,2,13.2,0.7,3,10,-7,7.999,0.061,7.91,9.1,0.07,0.07,226.71249999999995,53.31583333333333,0.7796272,44.664875,61.48529,*,F0
HD 134409, ,15,9,56.0,-,6,43,3,353,42,8.225,0.367,2.626,0.037,3.793,-0.16,136,2.4,1.97,2.2,1.8,2.6,1.47,1.39,1.57,-31.4,0.3,0.4,3,481,0.506,18,-47,-17,2,8.1,1.2,-35,-26,-12,7.9,0.092,6.54,8.15,0.11,0.12,227.48333333333332,-6.7175,100.314354,-12.317062,91.00176,*,F5V
HD 134495, ,15,9,29.4,+,24,40,33,36,59,7.437,0.314,2.642,0.001,3.797,-0.22,56,3.69,0.65,3.6,2.6,4.4,1.17,1.09,1.22,-31.6,0.3,0.6,4,1321,0.221,11,21,31,2,17.8,0.8,-16,0,-29,7.977,0.048,7.92,8.38,0.03,0.35,227.37249999999997,24.675833333333333,23.333776,16.95298,48.00137,*,F6V
HD 134694, ,15,10,25.6,+,25,26,41,38,59,8.502,0.336,2.656,0.035,3.808,-0.03,115,3.05,0.87,2.2,1.7,2.7,1.34,1.27,1.42,-38.6,0.4,0.3,2,504,0.604,10,-45,26,2,7.0,1.1,-40,-19,-19,7.953,0.098,6.81,8.39,0.1,0.21,227.60666666666663,25.44472222222222,46.67339,36.46525,98.57424,PM*,F8
HD 134788, ,15,9,22.3,+,57,6,43,93,51,7.446,0.363,2.604,-0.001,3.771,-0.52,104,2.36,2.82,2.6,2.3,2.9,1.38,1.32,1.41,-39.1,0.2,0.3,4,441,0.754,7,20,-97,2,9.6,0.6,47,-38,-18,8.004,0.081,5.7,8.81,0.21,0.18,227.34291666666664,57.11194444444445,-3.4253519,65.35962,80.82318,PM*,F8
HD 134853, ,15,11,49.9,+,11,28,30,14,54,7.93,0.283,2.677,0.012,3.815,-0.18,103,2.86,1.04,2.2,1.8,2.5,1.38,1.31,1.44,-38.7,1.0,0.0,1,0,0.0,19,-51,41,2,9.7,0.9,-48,-8,-12,7.941,0.083,7.04,8.85,0.11,0.12,227.95791666666665,11.475,58.74353,14.646407,83.32875,PM*,F5
HD 135004, ,15,12,45.0,+,3,32,39,4,49,7.774,0.318,2.64,0.008,3.797,-0.29,102,2.73,1.67,2.4,2.2,2.8,1.37,1.28,1.45,-42.0,0.6,0.2,2,750,0.811,27,-92,37,1,9.8,0.9,-61,-18,-2,7.933,0.077,6.46,8.92,0.16,0.12,228.18749999999994,3.5441666666666665,66.75501,4.667965,76.98038,PM*,F3V
HD 135151, ,15,13,57.3,-,9,29,37,351,40,8.003,0.334,2.622,-0.011,3.788,-0.05,55,4.29,0.09,1.2,0.0,5.3,1.11,1.05,1.16,-3.3,0.4,0.6,2,1121,0.13,7,76,-53,2,18.1,1.0,13,3,-20,7.958,0.035,7.63,8.92,0.08,0.21,228.48874999999998,-9.493611111111111,41.613724,-6.5909615,35.353317,PM*,F5V
HD 135185, ,15,14,29.4,-,19,14,35,344,32,8.501,0.347,2.62,0.008,3.778,-0.38,80,3.99,0.92,6.8,4.2,9.6,1.01,0.95,1.08,-39.0,0.5,0.7,2,498,0.045,5,-39,37,2,0.0,0.0,-43,9,-4,7.935,0.043,7.52,9.43,0.11,0.07,228.62249999999995,-19.243055555555557,65.21569,-18.70031,42.39354,PM*,F7/8V
HD 135200, ,15,12,15.7,+,43,58,51,73,57,8.122,0.271,2.678,0.012,3.824,-0.28,159,2.12,1.67,1.7,1.4,1.9,1.54,1.45,1.65,8.4,0.5,0.7,2,510,0.285,14,9,-26,1,6.3,0.8,21,-2,7,7.975,0.133,7.39,8.93,0.09,0.28,228.06541666666664,43.98083333333334,25.318697,82.813705,133.34862,*,F0
HD 135426, ,15,15,53.4,-,27,1,22,339,26,8.156,0.282,2.689,0.028,3.832,-0.09,94,3.17,0.29,1.4,0.0,2.0,1.36,1.3,1.43,12.5,0.4,0.1,2,331,0.83,18,39,-30,2,8.2,1.1,21,-1,-14,7.921,0.041,7.33,8.87,0.09,0.1,228.97249999999997,-27.022777777777776,78.87507,-30.277315,41.20689,PM*,F3V
HD 135468, ,15,16,54.9,-,46,12,8,328,10,6.452,0.32,2.643,0.01,3.796,-0.24,53,2.82,1.56,2.5,2.3,3.5,1.38,1.33,1.43,5.6,0.2,0.2,2,327,0.447,7,-132,-27,1,18.8,0.8,-14,-29,13,7.956,0.009,6.61,7.96,0.09,0.3,229.22875,-46.202222222222225,44.263706,-27.659035,9.203354,PM*,F6V
HD 135528, ,15,22,57.7,-,77,31,47,311,-17,8.423,0.386,2.619,0.021,3.779,0.18,112,3.08,1.31,2.7,2.3,3.1,1.41,1.34,1.46,11.6,0.4,0.6,2,1417,0.117,5,-25,-20,2,8.9,0.9,-6,-19,-4,7.93,-0.033,7.07,7.94,0.06,0.05,230.74041666666665,-77.52972222222222,70.26793,-80.83404,-32.74563,*,F8V
HD 135669, ,15,18,9.7,-,47,53,59,327,8,6.975,0.32,2.656,0.017,3.8,-0.05,76,2.58,1.53,2.1,1.8,2.3,1.49,1.43,1.55,41.6,0.2,0.3,2,588,0.294,8,4,14,1,13.2,0.9,36,-18,10,7.937,0.011,6.54,8.8,0.15,0.29,229.54041666666663,-47.89972222222222,63.11866,-40.989727,10.577156,*,F6V
HD 136047, ,15,18,38.9,-,2,48,2,359,44,8.479,0.359,2.676,0.087,3.822,-0.1,94,3.24,0.43,1.8,0.9,2.4,1.32,1.26,1.39,41.6,0.5,0.7,4,481,0.688,27,36,-50,1,7.9,1.1,49,-6,10,7.932,0.065,6.71,9.54,0.17,0.31,229.6620833333333,-2.8005555555555555,67.60764,-1.1801095,65.29789,PM*,F3V
HD 136064, ,15,14,38.3,+,67,20,48,105,44,5.143,0.354,2.627,0.015,3.779,-0.24,25,3.13,1.64,4.3,4.0,4.7,1.19,1.15,1.34,-48.2,0.1,0.4,14,4785,0.309,5,221,-392,1,39.5,0.5,62,-29,-24,8.005,0.018,5.83,9.37,0.23,0.29,228.6595833333333,67.34666666666666,-4.65447,17.370722,17.36646,PM*,F8V
HD 136118, ,15,18,55.4,-,1,35,32,0,44,6.938,0.34,2.632,0.007,3.785,-0.17,52,3.34,1.23,4.8,2.9,5.5,1.19,1.14,1.28,-3.6,0.1,0.3,8,1755,0.627,7,-124,23,2,19.1,0.9,-21,-16,16,7.963,0.037,7.25,8.06,0.05,0.38,229.73083333333332,-1.5922222222222224,37.40567,0.0,36.12224,PM*,F7V
HD 136124, ,15,20,2.7,-,32,51,53,336,20,7.876,0.258,2.711,0.038,3.851,-0.26,127,2.2,1.08,1.4,1.2,1.6,1.55,1.46,1.64,7.4,1.2,1.4,3,802,0.489,70,31,-21,2,7.9,1.0,16,1,-17,7.892,0.044,7.46,8.82,0.08,0.15,230.01125,-32.86472222222223,109.02341,-48.540325,43.436554,*,F2V
HD 136179, ,15,19,48.1,-,20,52,17,344,30,8.416,0.334,2.644,0.036,3.807,-0.45,157,2.28,2.03,2.0,1.8,2.4,1.44,1.34,1.53,-41.6,0.2,0.2,3,557,0.693,5,-94,-87,2,6.3,1.1,-56,-83,-27,7.87,0.079,3.9,8.16,0.35,0.32,229.95041666666663,-20.87138888888889,130.69888,-37.477325,78.5,PM*,F3V
HD 136205, ,15,19,50.0,-,19,33,0,345,31,7.076,0.298,2.637,-0.006,3.804,-0.54,65,3.01,1.45,2.8,2.3,4.5,1.25,1.13,1.31,-16.9,0.3,0.3,3,1030,0.665,7,-101,7,1,15.4,1.0,-31,-16,9,7.946,0.034,7.11,8.23,0.07,0.25,229.95833333333331,-19.55,53.817398,-14.420342,33.477474,PM*,F5V
HD 136351, ,15,22,8.2,-,47,55,40,327,8,4.99,0.324,2.648,0.012,3.796,-0.09,34,2.32,1.92,1.9,1.7,2.0,1.58,1.53,1.63,-12.1,0.2,0.2,3,1653,0.763,5,-142,-133,1,29.3,0.8,-26,-21,-7,7.972,0.005,6.95,8.11,0.08,0.0,230.53416666666664,-47.92777777777778,28.237295,-18.33751,4.7318854,PM*,F6III-IV
HD 136359, ,15,23,10.5,-,60,39,25,320,-3,5.65,0.321,2.645,0.017,3.794,-0.38,42,2.55,2.0,2.2,2.0,3.1,1.43,1.38,1.47,5.9,0.4,0.1,2,1456,0.872,22,-81,-26,1,24.0,0.8,-5,-16,4,7.968,-0.002,7.28,7.99,0.05,0.17,230.79374999999996,-60.65694444444444,32.12977,-26.960087,-2.1981103,PM*,F5V
HD 136440, ,15,20,8.5,+,16,11,7,23,54,7.762,0.318,2.657,0.02,3.808,-0.09,80,3.16,0.81,2.4,1.9,2.8,1.33,1.27,1.38,-18.4,0.3,0.3,2,750,0.466,10,-62,-31,1,12.5,0.9,-14,-28,-5,7.957,0.065,6.6,7.97,0.09,0.07,230.03541666666666,16.185277777777777,43.284733,18.37328,64.72136,PM*,F6IV-V
HD 136460, ,15,21,40.3,-,27,38,16,339,24,8.421,0.349,2.624,0.017,3.778,-0.58,102,3.38,1.68,6.3,4.9,8.0,1.05,0.99,1.11,-31.9,0.4,0.7,3,557,0.017,4,-30,-94,2,7.6,1.5,-29,-31,-39,7.913,0.042,6.42,8.05,0.11,0.54,230.41791666666663,-27.637777777777778,86.992546,-33.393322,41.487137,PM*,F6V
HD 136497, ,15,20,43.0,+,8,54,49,13,50,7.176,0.294,2.664,0.009,3.81,-0.2,68,3.03,1.0,2.4,2.1,2.8,1.33,1.28,1.39,10.3,0.5,0.3,2,750,0.634,15,1,-34,2,14.8,0.9,13,-6,4,7.958,0.052,7.41,8.5,0.07,0.18,230.17916666666665,8.913611111111111,42.589283,9.83251,52.091022,*,F5
HD 136544, ,15,21,32.7,-,6,49,35,355,40,7.456,0.303,2.652,-0.007,3.808,0.12,63,3.46,0.32,1.7,0.5,2.5,1.33,1.28,1.39,6.3,0.2,0.3,3,293,0.548,6,-166,-31,2,15.9,1.3,-17,-40,26,7.952,0.041,6.06,7.96,0.14,0.59,230.38624999999996,-6.826388888888888,48.077152,-4.2062197,40.495617,PM*,F6V
HD 136580, ,15,20,2.3,+,40,59,3,67,57,6.905,0.335,2.636,0.009,3.786,-0.24,40,3.88,0.73,4.6,3.1,7.1,1.09,1.03,1.15,-24.6,0.2,0.4,5,500,0.383,5,-33,181,1,24.8,0.6,-37,2,-21,7.991,0.034,7.57,9.0,0.09,0.23,230.0095833333333,40.98416666666667,8.5123,20.053715,33.54682,PM*,F7V
HD 136654, ,15,20,50.0,+,31,28,48,50,57,6.909,0.326,2.645,0.007,3.794,-0.06,44,3.69,0.57,3.4,2.3,4.3,1.21,1.15,1.26,-27.3,0.3,0.2,2,1413,0.745,14,-178,139,2,22.7,0.8,-51,-18,-2,7.985,0.037,6.67,8.73,0.13,0.08,230.20833333333331,31.479999999999997,15.403838,18.35758,36.901505,PM*,F5
HD 136696, ,15,22,0.1,+,5,35,47,9,48,7.363,0.325,2.657,0.023,3.814,0.2,123,1.81,1.78,1.4,1.1,1.7,1.83,1.69,1.94,-38.3,1.1,0.0,1,0,0.0,35,-22,2,2,6.6,0.9,-33,-11,-21,7.919,0.092,7.21,8.32,0.07,0.23,230.50041666666664,5.596388888888889,81.28978,12.875036,91.40682,*,F5
HD 137157, ,15,26,16.4,-,48,38,18,328,7,8.051,0.308,2.665,0.015,3.802,-0.1,71,3.8,0.32,2.6,0.1,4.0,1.2,1.14,1.25,-6.8,0.3,0.3,2,1247,0.476,9,-50,-23,2,14.1,1.0,-16,-12,2,7.941,0.008,7.5,7.98,0.03,0.13,231.5683333333333,-48.638333333333335,59.76261,-37.343822,8.652723,PM*,F5V
HD 137294, ,15,24,49.2,+,10,59,34,16,51,7.182,0.284,2.666,0.005,3.816,-0.24,68,3.03,0.9,2.3,1.9,2.7,1.33,1.27,1.38,36.0,0.5,0.7,2,436,0.301,13,49,-129,1,14.8,0.9,55,-13,6,7.959,0.052,6.41,9.53,0.2,0.23,231.20499999999998,10.992777777777777,41.136024,11.795566,52.84593,PM*,F2
HD 137340, ,15,26,27.1,-,31,19,14,338,21,7.335,0.29,2.658,-0.009,3.812,-0.02,56,3.59,0.23,1.8,0.0,2.8,1.27,1.21,1.33,-11.9,0.3,0.1,3,1123,0.967,18,-6,-40,2,0.0,0.0,-11,-4,-11,7.952,0.02,7.95,8.03,0.01,0.06,231.61291666666665,-31.320555555555554,48.473637,-19.584621,20.068605,*,F6V
HD 137410, ,15,26,49.2,-,27,58,19,340,23,7.793,0.355,2.613,-0.009,3.779,-0.27,118,2.44,2.35,2.8,2.2,3.7,1.39,1.32,1.46,-9.0,0.3,0.4,2,719,0.307,8,-1,31,2,8.5,1.1,-10,14,9,7.899,0.047,7.9,9.21,0.08,0.27,231.70499999999998,-27.971944444444443,102.06901,-37.15011,46.106274,*,F7V
HD 137520, ,15,28,49.1,-,53,55,35,325,2,7.658,0.347,2.639,0.027,3.798,-0.09,128,2.0,2.2,1.7,1.4,2.0,1.62,1.53,1.73,11.0,0.9,1.3,2,626,0.024,21,-16,-55,2,7.8,0.9,-5,-29,-21,7.895,0.005,6.51,7.91,0.1,0.21,232.2045833333333,-53.92638888888889,104.787575,-73.37308,4.4671354,PM*,F8IV
HD 137619, ,15,28,27.1,-,39,47,20,333,14,8.028,0.301,2.685,0.038,3.829,0.05,84,3.24,0.15,1.0,0.0,1.8,1.39,1.33,1.46,49.4,0.7,0.4,2,327,0.655,28,24,-29,2,6.7,1.0,47,-22,-2,7.927,0.02,6.23,9.0,0.18,0.09,232.11291666666665,-39.788888888888884,72.621346,-37.002426,20.32144,*,F3V
HD 137705, ,15,26,36.2,+,27,24,12,43,56,8.346,0.325,2.659,0.026,3.806,-0.07,84,3.61,0.39,2.4,0.8,3.3,1.24,1.18,1.3,-4.0,0.3,0.4,5,731,0.86,17,28,11,2,11.9,1.1,1,9,-9,7.965,0.069,7.9,8.95,0.06,0.08,231.6508333333333,27.403333333333332,34.353294,32.03496,69.63916,*,F8
HD 137804, ,15,37,25.9,-,79,36,29,310,-19,8.681,0.308,2.666,0.019,3.803,-0.12,145,2.88,1.23,2.3,2.0,2.8,1.36,1.28,1.45,3.0,1.0,1.4,2,620,0.029,21,-28,-20,2,6.9,0.8,-16,-18,0,7.912,-0.048,7.15,7.93,0.05,0.11,234.35791666666665,-79.60805555555555,88.12629,-105.02486,-47.20738,*,F6V
HD 137870, ,15,26,43.6,+,45,36,14,74,54,7.169,0.334,2.629,0.007,3.786,-0.32,52,3.59,1.09,6.1,3.5,7.1,1.1,1.05,1.15,-20.0,0.2,0.3,5,725,0.723,8,-26,51,1,19.2,0.6,-17,-9,-15,7.992,0.042,7.66,8.08,0.03,0.12,231.68166666666664,45.60388888888889,8.424811,29.380802,42.068886,PM*,F8
HD 137992, ,15,30,45.2,-,41,39,9,332,12,8.022,0.347,2.662,0.046,3.81,0.21,109,2.64,1.03,1.8,1.4,2.2,1.55,1.47,1.63,35.2,0.2,0.2,2,625,0.444,4,16,40,1,9.2,0.9,37,3,20,7.906,0.023,7.12,9.51,0.14,0.49,232.6883333333333,-41.652499999999996,94.13818,-50.054153,22.662374,*,F6V
HD 138057, ,15,28,43.0,+,27,8,18,42,55,7.65,0.307,2.652,-0.001,3.804,-0.02,66,3.56,0.43,2.4,1.2,3.3,1.26,1.21,1.31,-23.6,0.5,0.0,1,0,0.0,7,-66,57,2,15.2,0.9,-34,-11,-6,7.972,0.054,7.24,8.4,0.07,0.06,232.17916666666662,27.138333333333332,28.132523,25.330639,54.064037,PM*,F8
HD 138115, ,15,34,18.1,-,68,36,50,317,-10,7.752,0.323,2.631,-0.012,3.799,0.1,111,2.52,1.47,1.9,1.6,2.2,1.54,1.47,1.63,-1.4,0.2,0.1,2,588,0.866,8,-81,-92,2,9.0,0.8,-45,-44,-14,7.92,-0.02,5.59,8.21,0.19,0.1,233.57541666666665,-68.61388888888888,79.94695,-74.55173,-19.274948,PM*,F6IV/V
HD 138148, ,15,31,55.5,-,43,39,52,331,10,8.741,0.368,2.607,-0.002,3.77,-0.42,139,3.03,2.1,5.0,3.7,6.5,1.12,1.04,1.22,-10.8,0.2,0.2,3,2339,0.646,6,-15,14,1,6.5,1.2,-13,4,11,7.88,0.025,7.87,8.5,0.04,0.28,232.98125,-43.66444444444444,119.7252,-66.36473,24.137096,*,F7V
HD 138246, ,15,29,44.5,+,35,10,30,56,55,7.957,0.34,2.61,-0.003,3.781,-0.39,62,3.99,0.86,5.7,3.9,9.6,1.03,0.97,1.09,-17.8,0.3,0.2,2,367,0.695,6,8,-34,2,16.1,0.8,4,-13,-16,7.98,0.051,7.37,8.16,0.05,0.14,232.43541666666664,35.175,19.885874,29.482021,50.787426,*,F8
HD 138310, ,15,31,38.1,-,11,14,37,354,35,8.425,0.352,2.629,0.017,3.779,-0.29,90,3.65,1.16,6.3,4.6,8.1,1.07,1.01,1.13,-2.5,0.2,0.1,2,324,0.966,8,-62,-22,2,11.1,1.3,-12,-24,8,7.927,0.052,6.82,7.93,0.08,0.24,232.90874999999997,-11.243611111111111,73.31982,-7.7062373,51.62188,PM*,F8V
HD 138339, ,15,30,5.5,+,39,54,32,65,55,7.643,0.346,2.636,0.018,3.783,-0.24,72,3.36,1.32,5.1,4.4,5.9,1.16,1.11,1.24,-22.5,0.3,0.1,2,502,0.931,6,28,15,1,13.9,0.7,-5,-2,-24,7.982,0.059,7.93,8.24,0.02,0.27,232.52291666666665,39.90888888888889,17.45308,37.42825,58.978947,*,F8
HD 138465, ,14,58,21.9,+,87,0,22,121,30,8.132,0.348,2.626,0.008,3.783,-0.15,147,2.29,2.3,2.1,1.8,2.5,1.52,1.42,1.61,-36.2,0.6,0.8,2,746,0.105,14,-48,-1,1,6.8,0.6,-3,-49,-2,8.066,0.073,5.63,8.08,0.18,0.1,224.59124999999997,87.00611111111111,-65.5673,109.122314,73.5,PM*,F8
HD 138593, ,15,37,25.1,-,68,29,56,317,-10,8.431,0.29,2.664,-0.006,3.816,0.17,128,2.89,0.68,1.6,1.2,2.0,1.46,1.39,1.55,-30.3,0.4,0.5,2,1355,0.363,11,-46,-48,2,7.8,1.0,-50,-9,-2,7.907,-0.023,6.95,8.83,0.12,0.09,234.35458333333332,-68.49888888888889,92.191086,-85.96956,-22.226967,PM*,F5V
HD 138640, ,15,36,10.4,-,58,48,16,323,-2,9.629,0.417,0.0,0.0,3.744,-0.81,110,4.42,1.49,0.0,13.8,0.0,0.82,0.8,0.85,-16.0,0.2,0.1,2,656,0.752,4,-146,-79,4,8.9,4.5,-63,-60,12,7.912,-0.005,4.79,8.42,0.27,0.3,234.0433333333333,-58.80444444444444,87.796394,-66.159325,-3.8389444,PM*,F7V(w)
HD 138686, ,15,34,3.4,-,14,13,46,352,33,7.254,0.339,2.663,0.048,3.82,0.17,131,1.46,2.02,1.0,0.9,1.2,1.95,1.82,2.05,-19.0,1.6,0.0,1,0,0.0,17,29,-17,2,8.4,1.2,-4,6,-27,7.891,0.071,7.86,8.69,0.05,0.33,233.51416666666663,-14.229444444444445,108.79664,-15.290369,71.34772,*,F5III
HD 138741, ,15,35,28.0,-,41,30,17,333,12,7.452,0.308,2.653,0.009,3.804,-0.18,99,2.47,1.67,2.0,1.8,2.3,1.48,1.41,1.55,34.8,0.4,0.5,2,588,0.365,21,22,-62,1,10.1,0.9,32,-26,-22,7.914,0.02,6.29,8.52,0.15,0.22,233.86666666666665,-41.50472222222222,86.28206,-43.962906,20.583258,PM*,F5V
HD 138763, ,15,34,20.8,-,5,41,42,359,39,6.53,0.359,2.607,-0.012,3.776,0.03,25,4.53,0.06,0.1,0.0,6.3,1.08,1.01,1.13,-37.3,0.2,0.4,7,5539,0.251,9,-92,6,2,39.8,0.8,-34,-7,-17,7.98,0.016,7.38,8.54,0.07,0.15,233.58666666666664,-5.695,19.425692,-0.33908063,15.733009,PM*,F9IV-V
HD 138808, ,15,34,31.1,-,2,56,30,2,41,8.311,0.343,2.645,0.033,3.802,-0.13,102,3.13,1.01,2.6,2.1,3.1,1.29,1.22,1.37,-16.0,0.3,0.6,3,1388,0.101,9,-30,-3,1,9.8,1.1,-18,-11,-3,7.922,0.066,7.48,8.01,0.03,0.09,233.6295833333333,-2.941666666666667,76.93349,2.6865764,66.91802,*,F5V
HD 138886, ,15,35,18.9,-,12,30,26,353,34,7.883,0.337,2.647,0.03,3.805,-0.09,113,2.49,1.55,2.0,1.7,2.3,1.47,1.39,1.58,15.9,0.3,0.1,2,497,0.78,13,48,-42,2,6.8,1.0,33,-1,-19,7.907,0.063,7.11,9.2,0.13,0.2,233.82874999999999,-12.507222222222222,92.98296,-11.416881,63.188797,PM*,F5V
HD 138924, ,15,36,27.5,-,37,22,23,336,15,8.275,0.333,2.64,0.018,3.787,-0.37,96,3.36,1.34,5.1,3.3,6.4,1.12,1.05,1.2,-24.0,0.2,0.4,3,783,0.214,5,-93,-70,2,10.4,1.1,-43,-39,-6,7.915,0.025,5.83,8.2,0.17,0.03,234.11458333333331,-37.37305555555555,84.71206,-37.71622,24.846628,PM*,F7V
HD 139057, ,15,36,0.7,+,0,4,2,5,42,7.871,0.28,2.673,0.004,3.819,-0.09,98,2.91,0.82,1.9,1.5,2.3,1.38,1.3,1.45,-29.6,0.8,0.5,2,681,0.653,27,32,-7,2,0.0,0.0,-13,5,-30,7.928,0.066,7.92,8.66,0.04,0.39,234.00291666666664,0.06722222222222222,72.55106,6.347395,65.5748,*,F5V
HD 139089, ,15,36,25.9,-,5,50,25,0,38,8.104,0.34,2.637,0.018,3.785,-0.31,125,2.62,2.07,3.2,2.2,4.2,1.35,1.18,1.46,-18.3,0.6,0.0,1,0,0.0,14,-22,-47,2,8.0,1.0,-8,-30,-18,7.902,0.077,6.49,7.9,0.1,0.17,234.10791666666663,-5.840277777777778,98.50135,0.0,76.95769,PM*,F5V
HD 139200, ,15,37,15.5,-,13,22,25,353,33,8.302,0.365,2.606,0.018,3.767,-0.56,79,3.82,1.47,9.1,6.9,11.5,0.98,0.89,1.03,-0.5,0.2,0.4,3,479,0.245,5,-114,-2,1,12.7,1.5,-20,-28,24,7.934,0.043,6.62,7.98,0.09,0.54,234.3145833333333,-13.373611111111112,65.761116,-8.074456,43.026485,PM*,F8V
HD 139211, ,15,39,56.5,-,59,54,29,323,-4,5.95,0.32,2.65,0.011,3.795,-0.17,31,3.5,0.84,3.4,2.8,3.8,1.22,1.14,1.27,-22.4,0.2,0.2,2,1246,0.564,7,-121,-214,2,32.3,0.8,-38,-13,-14,7.975,-0.002,7.09,8.48,0.09,0.09,234.98541666666662,-59.908055555555556,24.697393,-18.610819,-2.1624506,PM*,F6IV
HD 139375, ,15,37,23.5,+,12,18,5,20,48,7.125,0.257,2.696,0.013,3.835,0.03,106,1.99,1.31,1.2,1.0,1.4,1.7,1.61,1.79,-26.6,1.5,2.4,3,1143,0.527,110,-68,33,2,9.4,1.0,-43,-17,5,7.934,0.08,6.81,8.48,0.11,0.21,234.34791666666666,12.301388888888889,66.65037,24.258749,78.77335,PM*,F0
HD 139389, ,15,36,53.4,+,29,59,28,47,54,6.47,0.289,2.66,0.001,3.809,-0.29,36,3.69,0.44,2.9,1.3,4.0,1.18,1.12,1.24,-15.7,1.2,0.0,1,0,0.0,20,88,-55,2,27.8,0.7,8,-3,-22,7.986,0.029,7.64,8.54,0.06,0.23,234.22249999999997,29.991111111111113,14.431268,15.475641,29.124613,PM*,F5V:
HD 139438, ,15,35,1.7,+,60,15,17,95,47,8.518,0.306,2.661,0.017,3.801,-0.33,100,3.52,0.83,3.3,2.6,4.0,1.17,1.1,1.23,-33.7,0.4,0.2,2,1149,0.659,8,-12,-10,2,10.0,0.8,3,-28,-20,8.005,0.073,6.62,8.08,0.1,0.2,233.75708333333333,60.25472222222222,-5.9440084,67.94031,73.13537,*,F5
HD 139457, ,15,37,59.2,+,10,14,23,18,47,7.081,0.351,2.601,-0.004,3.775,-0.6,47,3.7,1.45,8.0,6.8,9.3,1.0,0.97,1.04,38.1,0.2,0.1,3,487,0.968,5,136,-356,2,21.1,0.9,87,-30,-17,7.969,0.035,5.43,10.14,0.3,0.16,234.49666666666664,10.239722222222222,30.48509,9.905207,34.373623,PM*,F6
HD 139478, ,15,36,4.1,+,52,4,11,83,50,6.74,0.207,2.739,0.0,3.859,-0.11,60,2.87,0.17,0.6,0.0,1.2,1.48,1.43,1.53,-16.2,0.8,1.1,2,264,0.095,19,-15,83,2,16.8,0.6,-24,-3,-16,7.996,0.046,7.73,8.4,0.04,0.14,234.0170833333333,52.069722222222225,4.7001653,38.279778,45.962666,PM*,F1IV
HD 139522, ,15,39,58.9,-,36,10,17,337,15,8.007,0.268,2.671,-0.005,3.825,-0.16,103,2.94,0.72,1.9,1.4,2.3,1.37,1.31,1.44,17.0,0.7,0.5,3,1055,0.824,55,9,-2,2,9.7,1.0,17,-4,1,7.908,0.027,7.35,8.65,0.08,0.13,234.99541666666664,-36.171388888888885,91.58136,-38.873974,26.658361,*,F2V
HD 139539, ,15,38,49.7,-,2,49,43,3,40,8.566,0.281,2.68,0.021,3.826,-0.29,101,3.45,0.31,1.8,0.0,2.7,1.25,1.2,1.31,-50.9,1.0,1.0,2,979,0.479,30,-49,11,2,9.9,1.1,-52,-15,-17,7.922,0.065,6.73,8.74,0.13,0.16,234.7070833333333,-2.828611111111111,77.26446,4.0492587,64.92155,PM*,F2V
HD 139720, ,15,43,50.8,-,66,31,13,319,-9,8.201,0.332,2.657,0.029,3.808,0.07,96,3.16,0.66,2.0,1.4,2.5,1.35,1.28,1.43,-3.7,0.3,0.4,2,976,0.303,11,36,-16,2,5.8,1.0,1,10,-15,7.929,-0.015,7.87,9.01,0.07,0.12,235.96166666666664,-66.52027777777778,71.56011,-62.206264,-15.01771,*,F6IV/V
HD 139798, ,15,38,16.2,+,46,47,51,75,52,5.75,0.243,2.7,0.008,3.837,-0.24,36,2.99,0.51,1.6,1.1,2.1,1.37,1.33,1.42,0.6,0.3,0.5,3,24,0.105,5,89,-125,1,28.0,0.6,25,1,-5,7.994,0.028,7.36,9.15,0.11,0.05,234.56749999999997,46.7975,5.736418,21.4086,28.368387,PM*,F2V
HD 139843, ,15,41,15.7,-,24,23,55,345,24,8.026,0.283,2.661,-0.002,3.814,-0.27,82,3.46,0.54,2.5,1.6,3.3,1.23,1.16,1.28,-1.5,0.3,0.1,2,1030,0.917,11,34,10,2,12.2,1.2,4,12,-6,7.928,0.034,7.84,9.17,0.08,0.04,235.31541666666664,-24.398611111111112,72.3582,-19.388342,33.352406,*,F2V
HD 139876, ,15,39,36.7,+,29,11,38,46,53,8.637,0.379,2.625,0.033,3.787,0.03,147,2.66,1.67,2.3,2.0,2.7,1.45,1.36,1.55,-18.9,0.5,0.7,2,1131,0.147,10,-14,-12,2,5.3,1.2,-6,-20,-10,7.939,0.118,7.07,7.95,0.06,0.12,234.90291666666664,29.19388888888889,61.45421,63.63769,117.39942,*,F8
HD 140019, ,15,46,39.5,-,70,41,59,316,-13,8.884,0.308,2.653,0.028,3.815,-0.56,175,2.55,1.68,2.2,1.9,2.6,1.33,1.23,1.43,-37.2,1.0,1.1,2,1116,0.427,26,-7,-43,2,0.0,0.0,-49,8,-16,7.876,-0.038,7.34,9.45,0.13,0.15,236.6645833333333,-70.69972222222222,122.65802,-118.449524,-39.366432,*,F2
HD 140229, ,15,41,0.8,+,38,16,53,61,53,8.247,0.288,2.674,0.01,3.813,-0.07,74,3.9,-0.06,0.0,0.0,2.0,1.21,1.17,1.26,-13.8,0.7,0.0,1,0,0.0,17,-54,33,1,13.5,0.7,-22,-14,0,7.979,0.059,7.34,8.11,0.05,0.12,235.2533333333333,38.28138888888889,21.59066,38.950584,59.09903,PM*,F8
HD 140341, ,15,35,16.1,+,76,50,34,112,37,8.045,0.255,2.687,0.001,3.838,0.09,204,1.5,1.69,1.0,0.9,1.1,1.91,1.78,2.04,-15.2,1.4,2.7,4,1150,0.29,80,-3,20,2,4.9,0.6,-12,-11,-18,8.062,0.122,7.7,8.07,0.02,0.2,233.81708333333333,76.84277777777777,-61.03152,151.05832,122.770256,*,F5
HD 140370, ,15,43,32.7,-,10,7,24,357,34,7.776,0.314,2.635,0.0,3.795,-0.38,57,3.99,0.53,4.1,1.6,5.8,1.08,1.02,1.14,-38.3,0.3,0.2,2,497,0.662,10,-55,66,2,17.5,1.0,-44,5,-3,7.953,0.032,7.44,9.27,0.11,0.08,235.88624999999996,-10.123333333333333,47.19038,-2.4731433,31.873995,PM*,F5V
HD 140408, ,15,47,0.1,-,62,47,47,322,-6,7.099,0.334,2.639,0.02,3.783,-0.48,40,4.11,0.77,6.1,4.0,7.6,1.01,0.96,1.06,17.0,0.2,0.2,2,690,0.496,5,91,95,2,25.2,0.8,29,9,2,7.969,-0.004,7.44,9.61,0.13,0.15,236.75041666666664,-62.796388888888885,31.347761,-24.491549,-4.1811385,PM*,F6V
HD 140412, ,15,38,41.2,+,68,49,19,104,42,7.466,0.308,2.622,-0.013,3.797,-0.52,59,3.62,0.98,3.7,2.9,6.3,1.11,1.05,1.17,-29.4,0.3,0.2,2,381,0.607,6,-68,85,2,17.0,0.6,-24,-29,-19,8.011,0.039,6.56,8.09,0.1,0.18,234.67166666666662,68.82194444444444,-10.607196,42.543144,39.478706,PM*,F5
HD 140571, ,15,43,14.3,+,31,23,4,50,53,7.275,0.307,2.644,0.003,3.802,-0.29,73,2.96,1.33,2.6,2.3,2.9,1.33,1.26,1.38,-9.0,0.3,0.4,2,1411,0.383,4,59,-132,2,13.7,0.8,42,-18,-22,7.971,0.058,6.49,9.03,0.16,0.24,235.8095833333333,31.384444444444444,28.239262,33.654243,58.300396,PM*,F8
HD 140572, ,15,43,33.0,+,22,55,13,37,51,7.236,0.343,2.624,0.008,3.783,-0.29,68,3.09,1.63,4.3,3.9,4.9,1.18,1.14,1.3,-20.5,0.3,0.1,2,685,0.705,7,37,-193,1,14.8,0.8,41,-40,-33,7.966,0.052,5.67,8.6,0.21,0.46,235.8875,22.92027777777778,34.17664,25.75394,52.84593,PM*,F8V
HD 140592, ,15,43,27.1,+,29,41,55,47,52,8.263,0.32,2.633,0.003,3.793,-0.49,110,3.06,1.6,4.4,2.8,5.4,1.15,1.09,1.24,26.4,0.3,0.1,2,685,0.867,8,37,-26,2,7.0,1.0,30,16,8,7.954,0.087,7.51,10.07,0.15,0.28,235.86291666666665,29.698611111111113,46.18681,49.529293,86.68118,*,F5
HD 140721, ,15,45,50.4,-,16,57,2,352,29,7.667,0.3,2.647,-0.014,3.809,0.08,74,3.32,0.47,1.9,1.1,2.6,1.34,1.29,1.4,3.5,0.9,1.3,2,1483,0.04,19,-48,-12,2,13.5,1.1,-3,-15,10,7.936,0.036,7.35,7.98,0.04,0.25,236.45999999999995,-16.950555555555553,64.091995,-9.007542,35.87591,PM*,F5/6V
HD 140812, ,15,44,55.8,+,21,26,39,34,50,7.482,0.311,2.63,-0.006,3.797,-0.42,59,3.63,0.88,3.6,2.9,4.5,1.12,1.06,1.18,-21.7,0.4,0.1,2,406,0.946,10,45,130,1,17.0,1.0,-32,24,-18,7.969,0.045,7.84,10.22,0.13,0.18,236.23249999999996,21.444166666666668,31.440807,21.207092,45.19662,PM*,F5V
HD 140876, ,15,47,9.7,-,33,17,11,340,17,8.503,0.361,2.618,0.015,3.772,-0.48,101,3.48,1.65,6.9,5.4,8.7,1.04,0.99,1.1,3.1,0.3,0.2,2,415,0.573,6,-8,-12,2,9.9,1.2,1,-7,-1,7.909,0.029,7.58,8.12,0.03,0.09,236.79041666666663,-33.28638888888889,90.76188,-33.034645,29.529541,*,F7V
HD 140925, ,15,48,20.2,-,49,45,47,330,4,7.856,0.345,2.63,0.01,3.782,-0.21,63,3.86,0.81,5.5,3.2,8.1,1.08,1.03,1.14,-19.1,0.2,0.5,4,1534,0.179,8,-117,-43,1,15.9,1.0,-35,-21,10,7.946,0.004,6.8,8.24,0.1,0.27,237.08416666666665,-49.76305555555555,54.426693,-31.42328,4.3946576,PM*,F7V
HD 141103, ,15,47,17.0,-,0,16,11,7,40,6.95,0.332,2.616,-0.009,3.787,-0.38,48,3.53,1.18,5.8,4.7,6.9,1.09,1.04,1.16,-48.1,0.2,0.6,5,1172,0.089,6,-244,-23,1,20.7,0.9,-58,-46,1,7.963,0.031,5.44,8.47,0.22,0.13,236.8208333333333,-0.2697222222222222,36.496056,4.481152,30.853804,PM*,F6V
HD 141107, ,15,48,22.5,-,28,47,20,343,20,7.687,0.297,2.639,0.004,3.804,-0.64,73,3.37,1.17,3.3,2.6,5.4,1.13,1.06,1.2,-16.1,0.2,0.4,4,1554,0.264,7,-38,-27,2,13.7,1.0,-19,-11,-4,7.934,0.025,7.46,8.04,0.04,0.05,237.09374999999997,-28.78888888888889,65.600174,-20.05599,24.967468,*,F2V
HD 141128, ,15,47,38.1,-,9,28,49,359,34,7.007,0.291,2.648,-0.004,3.809,-0.34,51,3.47,0.7,3.0,2.2,3.6,1.2,1.14,1.26,-36.3,0.4,0.5,2,1124,0.163,5,-73,16,1,19.6,1.0,-39,-8,-7,7.958,0.028,7.22,8.6,0.09,0.03,236.90874999999997,-9.480277777777777,42.27448,-0.7379123,28.518837,PM*,F3/5V
HD 141171, ,15,51,28.7,-,64,10,54,321,-8,7.775,0.292,2.662,0.002,3.81,-0.18,74,3.44,0.57,2.6,1.7,3.2,1.25,1.2,1.3,27.0,0.4,0.1,2,1351,0.825,11,53,-3,2,13.6,0.9,28,-5,-16,7.943,-0.01,7.12,8.95,0.11,0.14,237.86958333333328,-64.18166666666667,56.94912,-46.11651,-10.29881,PM*,F5V
HD 141294, ,15,49,36.9,-,35,52,27,339,14,9.147,0.321,2.635,0.01,3.792,-0.53,149,3.28,1.43,4.8,3.2,6.1,1.11,1.05,1.19,-44.4,0.2,0.4,3,556,0.294,5,-55,52,2,5.7,1.4,-56,14,39,7.865,0.037,7.31,10.16,0.16,1.03,237.40374999999995,-35.87416666666667,134.97151,-51.81073,36.046364,PM*,F5V
HD 141336, ,15,45,43.0,+,57,15,46,90,47,7.789,0.296,2.675,0.019,3.812,-0.03,119,2.41,1.42,1.8,1.5,2.0,1.55,1.49,1.62,-21.0,0.5,0.8,3,2985,0.213,16,-32,56,2,8.4,0.6,-36,-16,-14,8.0,0.087,7.03,8.41,0.09,0.14,236.42916666666662,57.26277777777778,-3.54752e-06,81.1578,87.03109,PM*,F5
HD 141398, ,15,45,47.8,+,59,18,43,92,46,7.823,0.283,2.662,0.008,3.818,-0.33,172,1.64,2.33,1.4,1.2,1.6,1.68,1.6,1.77,6.0,3.3,4.7,2,501,0.105,55,4,-47,1,5.8,0.6,36,-5,15,8.005,0.124,7.04,9.26,0.14,0.42,236.44916666666666,59.31194444444444,-4.1698313,119.40846,123.72644,*,F2
HD 141416, ,15,57,33.0,-,77,48,35,312,-18,8.647,0.295,2.671,0.017,3.813,-0.1,173,2.46,1.41,1.9,1.6,2.2,1.49,1.4,1.59,20.4,1.2,0.9,2,972,0.571,55,-26,-44,2,4.7,1.0,-18,-39,-18,7.89,-0.055,5.98,7.91,0.14,0.16,239.38749999999996,-77.80972222222222,110.09394,-122.27166,-53.45994,PM*,F5IV
HD 141465, ,15,49,52.2,-,17,54,7,352,28,6.832,0.265,2.663,-0.019,3.824,-0.16,43,3.65,0.03,0.1,0.0,2.0,1.26,1.21,1.3,8.3,1.2,1.8,3,382,0.476,27,24,-7,1,23.1,0.9,10,1,0,7.962,0.02,7.67,8.72,0.06,0.11,237.46749999999997,-17.901944444444442,37.59725,-5.283949,20.187277,*,F3V
HD 141514, ,15,50,0.6,-,14,3,4,355,30,8.143,0.359,2.64,0.026,3.792,0.13,66,3.93,0.19,2.3,0.0,3.8,1.22,1.17,1.27,-20.7,0.2,0.2,2,329,0.554,5,-137,-40,2,15.1,1.1,-32,-36,9,7.943,0.033,6.1,8.1,0.14,0.24,237.5025,-14.051111111111112,56.940174,-4.981636,33.0,PM*,F8V
HD 141515, ,15,50,3.1,-,18,8,33,352,27,7.622,0.267,2.694,0.028,3.84,-0.23,82,2.93,0.51,1.6,1.0,2.0,1.38,1.32,1.45,-12.2,0.8,0.6,3,1213,0.735,35,2,-35,2,12.2,1.1,-7,-8,-15,7.928,0.038,7.73,7.95,0.01,0.12,237.51291666666665,-18.1425,72.351494,-10.168339,37.22722,*,F2V
HD 141583, ,15,52,55.0,-,59,3,41,324,-4,7.084,0.32,2.647,-0.004,3.801,0.24,63,3.09,0.76,2.3,1.5,2.9,1.44,1.4,1.49,-19.7,0.2,0.3,2,1458,0.299,6,-79,-107,2,15.9,0.9,-39,-20,-8,7.949,-0.004,6.78,8.35,0.1,0.01,238.22916666666663,-59.061388888888885,50.843914,-36.940273,-4.3946576,PM*,F7V
HD 141597, ,15,50,39.8,-,23,15,29,348,24,7.462,0.31,2.625,-0.012,3.797,-0.39,52,3.89,0.6,3.8,2.0,5.3,1.09,1.04,1.16,-24.4,0.2,0.3,6,1396,0.824,3,-6,-45,1,19.3,1.2,-21,-5,-16,7.954,0.021,7.72,8.24,0.03,0.14,237.66583333333332,-23.258055555555554,46.466278,-9.876716,21.150305,*,F5/6V
HD 141692, ,15,49,53.0,+,14,3,56,25,47,7.535,0.364,2.623,0.015,3.775,-0.17,93,2.68,2.12,3.3,2.3,4.1,1.36,1.28,1.43,-72.8,0.4,0.0,1,0,0.0,6,-110,4,2,10.7,1.2,-67,-52,-22,7.942,0.068,5.11,8.59,0.25,0.25,237.4708333333333,14.065555555555557,57.483334,26.80492,68.01589,PM*,F8
HD 141815, ,15,52,13.9,-,34,7,18,340,15,7.643,0.329,2.644,0.008,3.794,-0.02,77,3.21,1.01,2.7,2.3,3.2,1.32,1.26,1.38,-27.0,0.2,0.1,2,975,0.73,9,-100,-95,2,13.0,1.0,-41,-39,-9,7.93,0.02,5.88,8.18,0.16,0.04,238.05791666666667,-34.12166666666667,69.89085,-25.438206,19.929066,PM*,F7V(+F)
HD 141863, ,15,56,34.3,-,70,55,9,317,-13,8.238,0.304,2.654,0.017,3.801,-0.51,116,2.91,1.59,2.8,2.3,4.6,1.2,1.13,1.32,30.6,0.5,0.7,2,693,0.101,11,-51,28,2,8.6,0.9,20,-32,23,7.917,-0.027,6.23,8.21,0.14,0.53,239.14291666666665,-70.91916666666667,82.66267,-77.08417,-26.09432,PM*,F5V
HD 141972, ,15,51,4.6,+,22,19,3,36,49,7.871,0.298,2.668,0.016,3.81,-0.14,108,2.7,1.27,2.1,1.8,2.5,1.41,1.32,1.5,-19.0,0.5,0.8,2,380,0.272,14,-14,-39,1,6.8,1.1,2,-25,-14,7.943,0.082,6.74,8.01,0.09,0.12,237.76916666666665,22.3175,57.322395,41.64716,81.50864,*,F0
HD 142081, ,15,55,2.0,-,53,8,15,328,0,8.589,0.319,2.634,0.003,3.793,-0.39,97,3.66,0.92,3.9,2.7,6.2,1.09,1.03,1.16,22.5,0.2,0.3,4,1857,0.51,6,-9,50,2,9.7,1.3,25,-2,21,7.917,0.001,7.26,8.99,0.11,0.49,238.7583333333333,-53.1375,82.260666,-51.40217,0.0,*,F6V
HD 142101, ,15,55,24.3,-,57,3,34,326,-3,8.141,0.308,2.634,-0.009,3.801,-0.19,86,3.46,0.76,3.0,2.3,3.7,1.21,1.14,1.28,-57.6,0.5,0.7,2,1458,0.095,4,-178,-113,2,11.6,1.0,-95,-39,14,7.929,-0.004,5.27,9.47,0.29,0.37,238.85124999999996,-57.059444444444445,71.19951,-48.024704,-4.5008926,PM*,F5V
HD 142108, ,15,50,57.2,+,42,33,55,68,51,7.396,0.314,2.638,0.006,3.8,-0.39,123,1.94,2.48,1.7,1.5,2.0,1.57,1.51,1.63,-4.4,1.2,1.2,2,380,0.463,45,0,30,1,8.1,0.6,-16,6,-5,7.971,0.095,7.94,8.72,0.05,0.11,237.73833333333332,42.56527777777777,28.996956,71.76997,95.58896,*,F5
HD 142117, ,15,54,57.0,-,49,24,9,331,3,7.742,0.39,2.636,0.068,3.797,-0.11,88,2.73,1.51,2.3,2.0,2.8,1.4,1.31,1.5,-8.8,1.0,1.8,3,556,0.342,45,15,-23,1,6.0,1.0,-8,3,-12,7.923,0.005,7.92,8.44,0.03,0.07,238.73749999999998,-49.402499999999996,76.86105,-42.604763,4.6055646,*,F7III
HD 142118, ,15,55,12.2,-,52,58,34,329,0,8.927,0.379,2.628,0.041,3.789,-0.05,137,3.07,1.29,2.7,2.3,3.4,1.31,1.19,1.41,-7.7,0.2,0.2,4,1898,0.876,4,-19,-30,2,5.5,1.3,-18,-15,-7,7.883,0.001,7.23,7.93,0.05,0.0,238.8008333333333,-52.976111111111116,117.431915,-70.56023,0.0,*,F8V
HD 142131, ,15,53,17.6,-,14,43,0,355,29,7.789,0.363,2.631,0.028,3.79,-0.04,105,2.56,1.77,2.2,1.9,2.6,1.47,1.39,1.56,32.8,0.2,0.1,2,330,0.878,7,4,-82,1,9.5,1.1,41,-31,-9,7.908,0.051,5.95,8.65,0.19,0.06,238.3233333333333,-14.716666666666667,91.4856,-8.00398,50.90501,PM*,F7V
HD 142217, ,15,54,27.0,-,30,25,31,343,18,8.19,0.314,2.636,0.008,3.794,-0.54,75,3.81,0.87,4.2,2.7,6.3,1.06,1.01,1.13,3.3,0.2,0.1,3,784,0.889,8,-17,-73,2,13.3,1.1,2,-23,-13,7.931,0.023,6.82,8.0,0.08,0.09,238.61249999999998,-30.42527777777778,68.21249,-20.854654,23.176275,PM*,F5V
HD 142227, ,15,52,52.9,+,15,56,35,28,47,8.219,0.419,2.602,0.0,3.748,-0.06,55,4.52,0.8,12.0,7.9,16.1,0.93,0.88,1.0,-5.3,0.3,0.2,2,674,0.675,5,51,39,2,9.1,1.2,-5,14,-10,7.967,0.04,7.95,9.26,0.08,0.06,238.22041666666664,15.943055555555556,33.11928,17.609835,40.224453,PM*,F8
HD 142303, ,15,55,18.8,-,39,34,19,337,11,8.12,0.332,2.655,0.04,3.812,-0.2,118,2.59,1.39,2.1,1.8,2.4,1.42,1.33,1.51,-15.7,0.2,0.1,2,501,0.79,10,15,-21,2,5.8,1.0,-12,3,-17,7.893,0.022,7.89,8.45,0.03,0.15,238.8283333333333,-39.57194444444445,106.623924,-45.259163,22.515461,*,F5V
HD 142373, ,15,52,40.5,+,42,27,5,68,50,4.61,0.381,2.601,0.026,3.759,-0.62,16,3.61,1.89,8.6,7.9,9.4,1.0,0.97,1.02,-56.3,0.1,0.4,33,5852,0.225,4,440,630,1,63.1,0.5,-42,11,-68,7.996,0.012,7.64,9.88,0.13,1.48,238.16875,42.45138888888889,3.85268,9.535716,12.256711,PM*,F8VFe-2Hdel-1
HD 142529, ,15,57,3.8,-,48,9,43,332,4,6.31,0.258,2.682,0.008,3.827,-0.5,50,2.84,1.08,2.2,1.9,2.5,1.33,1.29,1.37,3.9,0.2,0.2,3,556,0.825,12,-101,-101,1,20.2,0.9,-12,-31,-2,7.956,0.003,6.44,7.96,0.11,0.07,239.26583333333332,-48.161944444444444,44.03984,-23.416395,3.4878235,PM*,F2V
HD 142542, ,15,56,14.0,-,31,47,9,343,16,6.29,0.293,2.667,0.01,3.811,-0.17,51,2.77,1.21,2.2,1.9,2.5,1.42,1.37,1.46,18.3,0.6,0.5,2,273,0.538,28,50,3,2,19.8,0.9,21,3,-2,7.954,0.014,7.46,9.12,0.1,0.09,239.0583333333333,-31.785833333333336,46.882214,-14.333334,14.057506,*,F3/5V
HD 142575, ,15,55,2.8,+,5,4,12,15,41,8.611,0.268,2.662,0.022,3.831,-0.8,172,2.34,1.76,2.0,1.8,2.4,1.35,1.26,1.44,-64.9,0.5,0.5,2,428,0.489,8,-282,29,2,6.6,1.2,-154,-145,114,7.875,0.113,1.88,9.78,0.68,5.51,238.76166666666663,5.069999999999999,125.38689,33.597317,112.842155,PM*,F0
HD 142681, ,15,55,27.3,+,14,17,24,26,45,8.229,0.251,2.701,0.019,3.835,-0.25,111,3.0,0.54,1.7,1.1,2.1,1.34,1.28,1.42,-9.8,0.4,0.6,3,1594,0.487,18,5,21,2,9.0,1.1,-12,6,-5,7.93,0.079,7.93,8.68,0.05,0.09,238.86374999999995,14.29,70.54532,34.40725,78.48885,*,F0
HD 142727, ,15,57,17.6,-,29,59,46,344,18,8.06,0.341,2.632,0.006,3.786,-0.11,61,4.12,0.37,4.0,0.8,6.3,1.1,1.04,1.17,-5.8,0.6,0.7,3,2162,0.631,40,-43,-61,3,16.3,1.1,-9,-19,-6,7.944,0.019,7.09,7.94,0.06,0.02,239.3233333333333,-29.996111111111112,55.767063,-15.990958,18.850037,PM*,F7V
HD 142846, ,15,56,14.8,+,14,45,3,27,45,8.293,0.248,2.71,0.023,3.849,-0.05,117,2.85,0.28,1.0,0.0,1.5,1.47,1.4,1.54,-21.0,0.4,1.0,10,3959,0.706,24,-40,-14,1,8.4,1.4,-17,-26,-3,7.926,0.083,6.69,7.95,0.09,0.1,239.06166666666664,14.750833333333333,73.7143,37.55931,82.73149,*,F2IV
HD 142882, ,15,57,9.2,-,5,23,54,4,35,7.983,0.304,2.639,-0.014,3.805,-0.06,69,3.79,0.22,2.1,0.0,3.5,1.21,1.16,1.27,6.6,1.0,1.4,2,1123,0.026,19,-29,-14,1,14.5,1.4,3,-9,8,7.943,0.039,7.5,8.17,0.04,0.23,239.2883333333333,-5.398333333333333,56.38381,3.9427397,39.576775,*,F5/6III
HD 142929, ,15,56,24.7,+,25,10,33,41,49,8.411,0.34,2.655,0.037,3.805,-0.05,105,3.14,0.86,2.4,1.9,2.9,1.32,1.25,1.39,-36.2,0.3,0.4,4,1094,0.72,12,-44,27,2,9.5,1.0,-37,-22,-11,7.948,0.079,6.72,8.29,0.1,0.1,239.10291666666663,25.175833333333333,51.989075,45.193413,79.24451,PM*,F8V
HD 142943, ,15,57,57.7,-,17,5,23,354,27,7.807,0.326,2.653,0.014,3.795,0.0,75,3.43,0.74,2.9,2.2,3.4,1.28,1.21,1.33,-17.5,0.3,0.2,2,646,0.611,10,-62,-107,2,13.3,0.9,-15,-41,-17,7.933,0.034,5.91,7.94,0.15,0.15,239.49041666666662,-17.08972222222222,66.45941,-6.9851785,34.049286,PM*,F6V
HD 143105, ,15,53,36.5,+,68,43,12,103,41,6.779,0.341,2.634,0.008,3.786,-0.11,46,3.46,1.03,3.3,2.8,5.7,1.18,1.13,1.29,15.9,0.3,0.5,3,373,0.206,10,1,-31,2,21.7,0.5,4,11,13,8.008,0.03,7.92,9.22,0.08,0.34,238.4020833333333,68.72,-7.8095436,33.826855,30.178715,*,F5
HD 143137, ,16,0,34.4,-,45,55,42,334,5,8.058,0.324,2.655,0.01,3.801,0.27,104,2.97,0.87,2.0,1.3,2.8,1.44,1.37,1.52,-14.4,0.2,0.1,2,972,0.911,7,3,16,1,9.6,1.1,-11,12,3,7.907,0.01,7.91,9.04,0.07,0.16,240.1433333333333,-45.92833333333333,93.11887,-45.41712,9.064197,*,F6V
HD 143292, ,15,59,1.8,+,18,19,33,32,46,7.8,0.339,2.607,-0.014,3.783,-0.36,66,3.69,1.09,6.5,4.1,8.1,1.07,1.02,1.13,-62.0,0.3,0.6,4,1580,0.171,3,-60,4,2,15.1,1.1,-45,-34,-32,7.961,0.048,6.12,8.33,0.15,0.42,239.75749999999996,18.325833333333332,38.880844,24.295448,47.476425,PM*,F8
HD 143306, ,16,2,28.4,-,56,51,16,327,-3,6.52,0.331,2.65,0.015,3.791,-0.05,35,3.82,0.5,3.5,2.2,4.4,1.18,1.12,1.23,-11.0,0.3,0.5,2,1458,0.187,10,-148,-117,6,28.9,0.8,-26,-20,2,7.971,-0.002,6.96,8.11,0.08,0.13,240.61833333333334,-56.85444444444445,29.313244,-19.036238,-1.8317586,PM*,F8V
HD 143362, ,16,1,58.3,-,46,54,13,333,4,8.435,0.316,2.642,0.003,3.795,-0.26,78,3.97,0.45,3.7,1.5,5.6,1.1,1.04,1.17,-6.5,0.6,0.9,2,1539,0.234,20,-29,-30,1,12.8,1.1,-12,-11,-2,7.93,0.006,7.56,7.94,0.02,0.08,240.49291666666662,-46.90361111111111,69.329216,-35.325,5.4410048,*,F5V
HD 143401, ,16,1,4.2,-,27,2,52,347,19,7.619,0.246,2.713,0.022,3.852,0.1,83,2.92,0.05,0.3,0.0,1.0,1.52,1.46,1.59,3.6,1.2,1.2,3,1028,0.701,70,-48,-46,2,12.0,1.1,-3,-27,1,7.923,0.027,6.67,7.95,0.09,0.12,240.26749999999996,-27.047777777777778,76.46665,-17.653717,27.022156,PM*,F2V
HD 143431, ,16,3,40.6,-,61,28,15,324,-7,7.54,0.289,2.668,-0.001,3.814,0.09,88,2.81,0.86,1.8,1.4,2.1,1.47,1.41,1.54,-32.4,0.3,0.3,2,1356,0.571,10,5,-33,2,11.3,0.9,-32,13,-8,7.929,-0.01,7.74,9.39,0.1,0.02,240.91916666666665,-61.47083333333334,70.66283,-51.339558,-10.724503,*,F5V
HD 143470, ,16,1,2.3,-,14,25,24,357,28,8.059,0.381,2.657,0.084,3.811,-0.02,105,2.59,1.25,1.9,1.6,2.2,1.47,1.38,1.57,-51.0,0.9,1.5,3,259,0.114,30,-34,-9,2,5.5,1.1,-50,-12,-16,7.907,0.049,6.82,8.74,0.12,0.14,240.2595833333333,-14.423333333333332,92.582436,-4.852041,49.294514,*,F3V
HD 143766, ,16,3,16.1,-,26,43,1,348,19,6.966,0.325,2.633,0.004,3.791,-0.29,50,3.46,1.08,5.2,2.9,6.1,1.15,1.08,1.23,-35.1,0.3,0.2,2,726,0.595,10,-2,-180,2,19.9,1.0,-28,-25,-40,7.954,0.016,6.73,8.11,0.09,0.58,240.81708333333333,-26.716944444444444,46.242836,-9.829222,16.278406,PM*,F7V
HD 143790, ,16,3,34.3,-,32,0,1,344,15,6.01,0.304,2.644,-0.008,3.807,-0.06,55,2.32,1.65,1.8,1.6,2.0,1.58,1.52,1.64,27.5,0.2,0.1,2,271,0.755,7,-39,-27,2,18.3,0.9,22,-19,9,7.949,0.014,6.78,8.43,0.11,0.25,240.89291666666662,-32.000277777777775,51.06791,-14.643496,14.235047,*,F5IV/V
HD 143873, ,16,0,35.1,+,50,49,11,80,47,8.486,0.284,2.673,0.005,3.818,0.02,152,2.58,1.07,1.7,1.4,2.0,1.5,1.42,1.58,-27.6,0.7,0.2,2,382,0.868,25,-38,58,2,6.6,0.8,-52,-21,-10,7.982,0.111,6.55,8.66,0.14,0.13,240.14624999999998,50.819722222222225,18.001024,102.08885,111.165764,PM*,F5
HD 144134, ,16,5,2.9,-,18,32,22,354,25,6.743,0.292,2.676,0.021,3.824,-0.08,74,2.3,1.31,1.6,1.4,1.8,1.58,1.52,1.64,-28.6,0.4,0.5,2,334,0.389,22,-51,-30,1,13.5,0.9,-30,-17,-7,7.933,0.031,7.0,8.17,0.08,0.03,241.26208333333327,-18.539444444444445,66.69937,-7.0103993,31.273752,PM*,F5V
HD 144172, ,16,4,29.5,+,0,40,20,11,37,6.813,0.308,2.626,-0.01,3.798,-0.52,52,3.23,1.34,4.6,2.7,5.3,1.13,1.09,1.25,12.0,0.4,0.6,2,397,0.156,5,5,-81,1,19.2,0.9,20,-12,-3,7.959,0.031,7.07,8.52,0.09,0.08,241.12291666666664,0.6722222222222222,40.76604,7.924116,31.29438,PM*,F3/5V
HD 144243, ,16,7,35.7,-,54,39,12,329,-2,8.147,0.334,2.624,0.006,3.785,-0.46,85,3.51,1.31,5.8,4.4,7.3,1.07,1.02,1.14,-2.2,0.2,0.1,3,783,0.948,7,38,-51,2,11.8,1.1,-4,-1,-25,7.928,-0.003,7.86,8.29,0.03,0.28,241.89874999999995,-54.65333333333333,72.814835,-43.75157,-2.9664571,PM*,F7V
HD 144282, ,16,0,21.1,+,67,37,38,101,41,7.027,0.275,2.676,0.001,3.831,0.29,152,1.12,2.06,0.8,0.7,1.1,2.15,2.04,2.23,2.0,2.5,3.5,2,385,0.078,50,10,16,1,6.6,0.5,-8,8,-8,8.023,0.099,8.02,8.9,0.05,0.11,240.08791666666667,67.62722222222222,-21.88882,112.6082,99.72097,*,F5IIIpSr
HD 144301, ,15,44,40.1,+,84,34,46,119,31,8.069,0.327,2.639,0.003,3.791,-0.13,74,3.74,0.65,3.7,2.8,4.5,1.17,1.09,1.23,-10.9,0.6,0.0,1,0,0.0,14,-78,115,1,13.6,0.6,-39,-27,-13,8.03,0.038,6.51,8.35,0.12,0.09,236.1670833333333,84.57944444444443,-30.751657,55.477463,38.112816,PM*,F8
HD 144309, ,16,5,27.1,-,6,17,25,5,32,7.852,0.278,2.648,-0.02,3.818,-0.17,83,3.27,0.55,2.1,1.4,2.7,1.29,1.24,1.36,-7.6,0.9,1.3,2,1128,0.012,5,53,6,2,12.1,1.1,0,15,-17,7.93,0.044,7.89,9.32,0.08,0.16,241.36291666666662,-6.290277777777778,70.12015,6.1347175,43.9833,PM*,F3IV/V
HD 144582, ,16,6,23.1,+,5,24,45,17,39,7.384,0.274,2.688,0.02,3.836,0.02,130,1.73,1.56,1.1,1.0,1.3,1.76,1.65,1.89,-34.7,1.1,1.5,2,754,0.208,35,-40,20,2,7.7,1.0,-42,-15,0,7.903,0.081,6.88,8.45,0.1,0.13,241.59625,5.4125000000000005,96.61449,29.538013,81.81165,*,F0
HD 144717, ,16,11,18.4,-,64,9,49,323,-9,8.051,0.317,2.636,0.005,3.797,-0.32,110,2.85,1.58,2.6,2.2,4.1,1.31,1.18,1.41,-27.8,0.3,0.3,2,582,0.411,10,-22,-53,2,9.1,1.0,-40,-4,-8,7.914,-0.018,7.28,8.71,0.09,0.02,242.82666666666665,-64.16361111111112,86.76833,-65.38462,-17.207792,PM*,F5V
HD 144766, ,16,8,7.1,-,18,14,35,355,24,7.023,0.361,2.626,0.011,3.772,-0.17,34,4.38,0.48,7.0,3.4,9.9,1.01,0.96,1.07,-18.1,0.2,0.6,7,2105,0.025,5,17,-129,1,29.6,1.0,-11,-13,-22,7.969,0.014,7.53,7.97,0.03,0.22,242.02958333333328,-18.243055555555557,30.942348,-2.7071137,13.829046,PM*,F9V
HD 144836, ,16,5,54.8,+,45,29,43,72,48,8.256,0.308,2.643,0.005,3.802,-0.33,159,2.25,2.07,2.0,1.7,2.3,1.48,1.4,1.58,-13.4,1.3,0.6,2,382,0.749,45,-21,-10,1,6.3,0.7,-2,-22,1,7.966,0.117,6.95,8.0,0.07,0.17,241.47833333333327,45.49527777777778,32.87686,101.18458,118.160034,*,F0
HD 144869, ,16,14,1.8,-,72,19,38,317,-15,8.396,0.3,2.67,0.019,3.804,-0.29,99,3.42,0.82,3.0,2.4,3.7,1.19,1.12,1.26,18.0,0.3,0.2,2,693,0.648,9,-12,-41,2,10.1,1.0,-1,-23,-14,7.93,-0.026,6.85,7.97,0.08,0.1,243.50749999999996,-72.32722222222222,69.93691,-65.21721,-25.623085,*,F5V
HD 144880, ,16,9,11.1,-,32,6,1,345,14,7.452,0.347,2.617,0.016,3.777,-0.57,56,3.73,1.35,7.9,6.5,9.3,1.01,0.97,1.06,4.5,0.2,0.2,5,4890,0.926,3,-11,-307,2,18.0,1.0,2,-61,-53,7.948,0.014,5.07,7.98,0.22,0.92,242.29624999999993,-32.10027777777778,52.48508,-14.06335,13.5476265,PM*,F7V
HD 145071, ,16,9,8.6,-,4,28,2,7,33,8.599,0.357,2.65,0.041,3.8,0.09,108,3.27,0.71,2.3,1.7,2.8,1.32,1.25,1.4,17.5,1.3,1.8,2,331,0.043,23,25,-46,2,9.3,1.2,29,-7,-11,7.91,0.058,7.01,8.87,0.12,0.08,242.28583333333327,-4.467222222222222,89.901276,11.038488,58.82102,PM*,F7V
HD 145158, ,16,11,18.7,-,45,20,0,336,4,6.66,0.307,2.643,-0.008,3.803,-0.09,38,3.75,0.33,2.5,0.6,3.9,1.21,1.16,1.26,-4.3,0.3,0.5,2,1000,0.206,8,-102,-61,1,26.2,0.9,-13,-17,4,7.965,0.003,7.24,7.97,0.05,0.17,242.82791666666665,-45.333333333333336,34.63017,-15.418338,2.6507459,PM*,F6V
HD 145173, ,16,11,9.5,-,40,7,41,339,8,7.895,0.298,2.662,0.016,3.805,-0.4,110,2.69,1.63,2.4,2.0,2.8,1.34,1.23,1.43,-20.5,0.3,0.2,3,2442,0.834,14,-70,-100,2,9.1,1.1,-39,-52,-16,7.898,0.016,5.29,8.08,0.21,0.13,242.7895833333333,-40.128055555555555,101.694435,-39.03685,15.309042,PM*,F5V
HD 145184, ,16,9,12.6,+,12,55,56,26,42,7.682,0.261,2.661,-0.009,3.823,-0.55,63,3.68,0.37,1.3,0.0,3.1,1.18,1.12,1.23,-12.2,0.6,0.4,2,380,0.673,17,2,93,2,15.8,1.1,-26,16,0,7.958,0.042,7.86,9.49,0.09,0.12,242.30249999999992,12.932222222222222,42.07985,20.523714,42.155228,PM*,F0
HD 145228, ,16,9,27.9,+,11,44,52,25,41,7.046,0.227,2.722,0.0,3.849,-0.19,89,2.29,0.96,1.4,1.1,1.6,1.57,1.5,1.63,-13.1,1.5,2.1,2,746,0.018,16,-7,11,2,11.2,0.9,-13,-3,-5,7.939,0.059,7.91,8.12,0.01,0.07,242.36624999999998,11.747777777777777,60.875923,28.386911,58.38925,*,F0V
HD 145247, ,16,9,58.8,-,1,36,55,10,34,8.426,0.352,2.684,0.094,3.832,-0.06,131,2.44,0.99,1.5,1.2,1.8,1.51,1.43,1.61,18.4,0.5,1.0,4,257,0.031,19,39,-30,1,4.5,1.1,32,4,-14,7.893,0.074,7.22,9.4,0.13,0.14,242.49499999999992,-1.6152777777777778,106.95399,18.858873,73.25427,*,F2/3V
HD 145327, ,16,22,22.0,-,80,44,44,311,-21,7.041,0.285,2.662,0.001,3.816,-0.19,88,2.31,1.58,1.8,1.6,2.0,1.55,1.49,1.61,1.5,1.5,0.3,2,1355,0.881,40,-45,-9,2,11.3,0.6,-8,-14,10,7.946,-0.032,7.41,7.95,0.04,0.27,245.59166666666664,-80.74555555555555,53.898563,-62.003235,-31.536379,*,F5IV/V
HD 145344, ,16,27,32.3,-,83,28,33,309,-23,8.404,0.341,2.613,0.014,3.778,-0.81,90,3.63,1.6,7.8,6.3,9.3,0.98,0.93,1.03,-11.8,0.2,0.4,3,563,0.358,2,-136,-165,2,11.1,0.8,-77,-50,6,7.948,-0.035,5.08,8.83,0.27,0.21,246.8845833333333,-83.47583333333334,52.136322,-64.382996,-35.165802,PM*,F5V
HD 145368, ,16,4,0.2,+,73,8,54,107,37,6.847,0.322,2.634,0.001,3.794,-0.22,54,3.19,1.22,2.9,2.5,4.7,1.28,1.17,1.34,-21.6,0.4,0.6,2,1122,0.145,7,-51,92,2,18.6,0.6,-21,-23,-15,8.013,0.033,6.91,8.07,0.08,0.11,241.0008333333333,73.14833333333334,-12.608916,41.241905,32.49801,PM*,F5
HD 145435, ,16,9,17.4,+,41,5,42,65,47,6.702,0.359,2.632,0.025,3.774,-0.34,37,3.87,1.1,8.3,7.2,9.6,1.02,0.98,1.08,-42.8,0.2,0.3,2,757,0.368,5,-210,62,1,27.2,0.6,-35,-45,-7,7.99,0.027,5.68,8.14,0.18,0.03,242.32249999999996,41.095,10.664323,22.869715,27.060087,PM*,F5
HD 145436, ,16,10,42.3,+,10,2,16,23,40,7.528,0.272,2.687,0.015,3.821,-0.18,76,3.13,0.64,2.1,1.5,2.5,1.33,1.27,1.39,-24.2,2.7,0.0,1,0,0.0,55,-31,14,2,13.2,0.9,-24,-11,-6,7.947,0.049,7.42,8.15,0.05,0.05,242.67624999999998,10.037777777777778,53.591217,22.748121,48.851856,*,F6V
HD 145549, ,16,11,8.0,+,16,18,31,30,43,8.165,0.299,2.671,0.021,3.816,-0.18,97,3.14,0.74,2.2,1.7,2.7,1.3,1.24,1.37,12.1,0.3,0.5,4,1560,0.506,9,19,-118,2,10.3,1.2,48,-26,-13,7.938,0.066,6.07,8.96,0.19,0.11,242.7833333333333,16.308611111111112,61.436974,35.470654,66.15384,PM*,F5
HD 145627, ,16,10,57.1,+,26,23,54,44,46,8.173,0.326,2.636,0.012,3.793,-0.33,124,2.71,1.82,2.7,2.2,4.1,1.33,1.17,1.44,12.0,0.5,0.1,2,688,0.94,17,-8,2,2,6.3,1.0,3,4,12,7.938,0.089,7.8,8.69,0.05,0.32,242.73791666666665,26.398333333333333,61.962234,59.836235,89.198135,*,F8
HD 145676, ,16,11,7.9,+,26,53,31,45,46,7.524,0.308,2.642,0.006,3.801,-0.38,90,2.75,1.64,2.4,2.2,2.7,1.35,1.28,1.42,9.7,0.7,0.8,2,688,0.438,24,22,-72,2,11.1,0.8,33,-7,-4,7.955,0.065,6.98,9.01,0.13,0.09,242.78291666666664,26.891944444444444,44.20779,44.20779,64.74058,PM*,F5
HD 145729, ,16,11,23.7,+,28,26,18,47,46,7.593,0.367,2.607,0.001,3.769,-0.22,45,4.31,0.67,7.7,5.0,11.6,0.99,0.95,1.05,-33.2,0.2,0.1,4,1131,0.992,1,-102,-70,2,22.1,0.8,-11,-39,-11,7.979,0.033,6.05,7.98,0.14,0.06,242.84874999999994,28.438333333333333,21.319014,22.861845,32.37029,PM*,F8
HD 145815, ,16,15,43.1,-,54,2,49,330,-2,7.967,0.308,2.649,0.002,3.803,-0.14,97,3.03,1.1,2.5,2.1,3.0,1.31,1.22,1.4,14.0,0.6,0.9,2,585,0.033,13,8,-14,2,0.0,0.0,11,-8,-8,7.916,-0.004,7.35,8.35,0.06,0.01,243.9295833333333,-54.04694444444444,83.953285,-48.470474,-3.385251,*,F5V
HD 145833, ,16,12,33.0,+,16,32,21,31,42,8.246,0.319,2.645,0.012,3.795,-0.31,111,3.02,1.44,3.0,2.4,4.8,1.2,1.12,1.33,-12.6,0.4,0.3,2,674,0.536,6,-56,-22,2,9.0,1.1,-10,-31,8,7.93,0.075,6.44,7.93,0.1,0.25,243.13749999999993,16.539166666666667,70.70694,42.485016,74.2735,PM*,F5
HD 145853, ,16,13,14.6,-,1,24,7,11,34,7.711,0.344,2.629,0.017,3.782,-0.48,101,2.69,2.21,3.6,2.9,4.4,1.2,1.14,1.31,-46.8,0.3,0.5,4,667,0.216,7,-49,-68,1,9.9,1.0,-30,-47,-25,7.918,0.056,5.57,8.02,0.18,0.28,243.31083333333328,-1.4019444444444444,82.19439,15.976971,56.47848,PM*,F7V
HD 145872, ,16,10,57.1,+,49,3,49,77,46,8.088,0.317,2.645,0.004,3.797,-0.18,75,3.72,0.58,3.5,2.4,4.4,1.17,1.1,1.23,-23.0,1.1,0.0,1,0,0.0,25,-55,77,2,13.4,0.7,-36,-18,-7,7.988,0.054,6.93,8.34,0.09,0.05,242.73791666666665,49.06361111111111,11.7198105,50.764076,53.950485,PM*,F5
HD 145937, ,16,13,53.9,-,6,54,31,6,30,8.25,0.369,2.603,0.021,3.775,-0.5,68,3.98,1.09,8.9,5.3,11.0,0.99,0.94,1.05,49.7,0.2,0.4,4,1010,0.509,4,64,-55,1,14.6,1.1,57,5,3,7.941,0.035,6.83,10.27,0.2,0.17,243.4745833333333,-6.908611111111111,58.567123,6.1556525,34.0,PM*,F8V
HD 146079, ,16,12,15.1,+,46,13,33,73,46,7.81,0.368,2.62,0.018,3.77,-0.31,73,3.49,1.55,6.5,5.6,7.4,1.1,1.05,1.14,-23.6,0.3,0.1,2,713,0.841,4,-123,221,2,13.7,0.6,-90,-13,5,7.985,0.053,6.2,10.05,0.24,0.21,243.0629166666666,46.225833333333334,14.826192,48.494274,52.511803,PM*,F8
HD 146213, ,16,15,24.8,-,11,2,48,2,28,7.694,0.383,2.626,0.036,3.787,0.08,108,2.38,1.9,2.0,1.7,2.3,1.57,1.48,1.66,-58.3,0.2,0.1,2,669,0.981,8,-132,-22,2,9.3,1.0,-71,-54,13,7.905,0.05,4.97,8.6,0.27,0.34,243.8533333333333,-11.046666666666667,95.30025,3.3279579,50.70293,PM*,F6V
HD 146418, ,16,17,45.3,-,37,45,14,342,9,7.649,0.284,2.676,0.01,3.817,-0.05,88,2.91,0.83,1.9,1.5,2.3,1.41,1.35,1.47,-39.9,0.4,0.1,2,585,0.961,22,-47,-68,2,11.3,0.9,-46,-21,-13,7.917,0.014,6.56,8.46,0.13,0.09,244.43874999999997,-37.75388888888889,82.662575,-26.858694,13.766233,PM*,F3V
HD 146870, ,16,15,47.2,+,53,14,12,82,44,6.953,0.264,2.68,0.003,3.829,-0.12,86,2.28,1.26,1.5,1.4,1.7,1.59,1.53,1.64,9.2,1.2,2.0,3,1243,0.191,80,13,-62,1,11.6,0.6,26,2,7,7.992,0.06,7.39,9.26,0.11,0.24,243.94666666666666,53.236666666666665,8.609696,61.26117,59.740623,PM*,F0
HD 146990, ,16,15,54.5,+,58,28,44,89,43,8.018,0.313,2.641,0.001,3.799,-0.22,76,3.62,0.67,3.4,2.5,4.2,1.18,1.11,1.24,-20.2,0.3,0.5,4,1382,0.182,7,6,21,2,13.2,0.7,-6,-12,-17,7.999,0.052,7.59,8.02,0.03,0.15,243.9770833333333,58.47888888888889,0.9700538,55.574417,51.83187,*,F5
HD 146991, ,16,18,22.1,+,21,2,53,37,43,8.21,0.318,2.685,0.053,3.829,0.13,118,2.63,0.7,1.3,1.0,1.6,1.54,1.46,1.63,1.4,1.8,1.6,2,674,0.551,35,-3,17,1,8.5,1.0,-7,6,4,7.931,0.08,7.92,8.66,0.04,0.2,244.5920833333333,21.048055555555557,68.922035,51.936474,80.4758,*,F5
HD 147291, ,16,17,31.4,+,61,22,6,93,42,8.178,0.308,2.633,0.009,3.797,-0.79,82,3.61,1.2,5.5,3.1,7.0,1.05,0.99,1.12,6.4,0.3,0.3,3,688,0.744,7,117,-72,2,12.2,0.7,41,28,-20,8.003,0.055,7.52,11.23,0.2,0.24,244.38083333333333,61.36833333333333,-3.1892412,60.85436,54.86871,PM*,F2
HD 147385, ,16,22,51.7,-,30,45,45,348,13,8.756,0.353,2.66,0.049,3.809,0.22,107,3.4,0.28,1.6,0.0,2.6,1.37,1.31,1.44,-8.3,0.2,0.2,2,1116,0.619,8,-23,5,2,8.2,1.3,-11,-4,8,7.898,0.024,7.89,8.02,0.01,0.22,245.71541666666664,-30.7625,101.97932,-21.67638,24.069761,*,F7V
HD 147387, ,16,23,11.3,-,34,55,29,345,10,7.167,0.229,2.696,-0.008,3.851,0.0,146,1.35,1.71,0.9,0.8,1.1,1.91,1.8,2.05,-5.7,0.7,0.4,3,1028,0.876,70,-29,-50,2,6.2,0.9,-13,-37,-11,7.862,0.026,6.08,7.86,0.13,0.05,245.7970833333333,-34.92472222222222,138.88266,-37.213535,25.352634,PM*,F2V
HD 147472, ,16,22,34.7,-,11,19,25,3,26,7.917,0.312,2.633,-0.022,3.802,0.12,70,3.69,0.21,1.9,0.0,2.9,1.28,1.21,1.34,-22.0,0.7,0.0,1,0,0.0,10,-66,-36,2,0.0,0.0,-22,-24,-1,7.937,0.031,6.76,8.01,0.08,0.09,245.64458333333334,-11.323611111111111,62.82936,3.2927475,30.68598,PM*,F6V
HD 147642, ,16,23,7.5,-,0,15,48,14,32,8.141,0.356,2.611,-0.004,3.776,-0.12,52,4.55,0.18,3.3,0.0,8.5,1.03,0.97,1.09,-36.8,0.3,0.3,2,694,0.404,7,-48,-20,1,19.1,1.3,-31,-19,-14,7.957,0.028,6.94,8.21,0.08,0.1,245.78125,-0.2633333333333333,42.788586,10.668393,27.555801,PM*,F7/8V
HD 147644, ,16,23,9.4,-,0,42,28,13,32,8.153,0.365,2.601,-0.009,3.77,-0.25,61,4.21,0.77,8.0,5.1,11.7,1.0,0.95,1.05,4.4,0.2,0.5,4,1142,0.211,2,-111,-199,2,16.3,1.3,22,-63,-1,7.949,0.033,4.83,8.13,0.25,0.1,245.78916666666663,-0.7077777777777777,50.405075,11.636928,32.325077,PM*,F8V
HD 147652, ,16,24,31.9,-,35,10,30,345,10,7.543,0.299,2.64,-0.021,3.809,0.07,87,2.85,0.95,1.9,1.6,2.3,1.44,1.38,1.52,37.9,0.4,0.0,1,0,0.0,7,51,-13,2,11.5,1.0,42,0,-12,7.917,0.015,6.95,9.51,0.16,0.07,246.13291666666663,-35.175,82.75885,-22.17519,15.107391,PM*,F3/5V
HD 147685, ,16,24,54.3,-,38,26,56,342,8,8.492,0.28,2.697,0.035,3.834,-0.16,92,3.53,-0.05,0.0,0.0,1.8,1.3,1.25,1.36,2.8,0.9,0.8,2,695,0.508,28,-11,-51,2,10.9,1.4,-1,-20,-11,7.913,0.012,7.01,7.96,0.06,0.06,246.22624999999994,-38.44888888888889,86.64568,-28.152884,12.8039255,PM*,F2V
HD 147717, ,16,22,52.9,+,17,24,11,33,40,8.388,0.35,2.63,0.016,3.78,-0.26,112,3.13,1.63,4.6,3.5,5.8,1.17,1.1,1.25,-51.1,0.4,0.6,2,739,0.22,7,-55,17,2,8.9,1.0,-48,-34,-10,7.928,0.073,6.02,8.35,0.16,0.09,245.72041666666664,17.403055555555554,71.9554,46.728382,71.99221,PM*,F8
HD 147742, ,16,24,25.1,-,22,39,17,354,18,8.025,0.312,2.639,-0.007,3.8,-0.09,71,3.76,0.39,2.9,1.0,4.0,1.2,1.13,1.26,6.1,0.3,0.3,2,1002,0.403,6,30,-12,2,14.0,1.1,9,3,-8,7.933,0.023,7.67,8.75,0.07,0.03,246.1045833333333,-22.654722222222222,67.155106,-7.058299,21.940207,*,F6V
HD 147753, ,16,24,3.8,-,11,1,25,4,26,7.599,0.341,2.641,0.038,3.804,-0.32,90,2.66,1.61,2.3,2.0,2.8,1.37,1.26,1.46,-33.0,0.3,0.6,3,260,0.277,16,-4,20,2,8.1,1.1,-33,4,-8,7.919,0.039,7.6,8.86,0.08,0.05,246.0158333333333,-11.023611111111112,80.69442,5.642703,39.453403,*,F2V
HD 147887, ,16,24,11.3,+,7,27,33,22,36,7.991,0.397,2.619,0.028,3.776,0.2,80,3.36,1.08,3.5,2.6,5.7,1.35,1.29,1.4,6.1,0.5,0.7,2,322,0.053,4,3,-100,2,12.5,1.1,27,-25,-12,7.94,0.047,6.44,8.45,0.14,0.08,246.04708333333326,7.4591666666666665,60.0086,24.245047,47.02282,PM*,F8
HD 148004, ,16,19,32.8,+,70,22,6,103,38,7.531,0.352,2.613,0.0,3.776,-0.26,43,4.34,0.51,7.0,3.7,9.3,1.0,0.95,1.06,-3.8,0.4,0.2,2,444,0.808,15,62,27,2,23.0,0.6,0,6,-13,8.008,0.027,7.94,8.8,0.05,0.1,244.88666666666663,70.36833333333333,-7.6223445,33.016006,26.473444,PM*,F8
HD 148044, ,16,27,43.5,-,49,26,26,335,0,8.171,0.302,2.678,0.034,3.824,-0.12,98,3.07,0.58,1.8,1.2,2.3,1.35,1.28,1.42,-31.0,0.4,0.6,2,589,0.171,15,-36,-56,2,7.6,1.3,-41,-15,-6,7.911,-0.001,6.91,8.44,0.1,0.01,246.93124999999995,-49.440555555555555,88.81815,-41.416607,0.0,PM*,F5V
HD 148046, ,16,29,24.9,-,62,53,54,325,-10,8.037,0.319,2.677,0.04,3.823,0.25,83,3.27,0.1,0.6,0.0,1.9,1.44,1.38,1.51,36.3,0.5,0.1,2,384,0.884,21,12,29,2,7.5,1.0,37,-11,-1,7.933,-0.014,6.78,9.01,0.14,0.09,247.35374999999996,-62.89833333333333,66.956696,-46.883602,-14.412799,*,F5IV
HD 148049, ,16,23,7.0,+,50,20,39,78,44,7.421,0.352,2.6,-0.009,3.775,-0.48,52,3.86,1.2,8.5,7.4,9.9,0.99,0.96,1.05,-32.0,0.3,0.4,2,381,0.257,2,56,-8,1,19.4,0.6,1,-15,-32,7.992,0.036,7.36,8.11,0.05,0.4,245.7791666666666,50.344166666666666,7.777075,36.58827,36.12224,PM*,F8
HD 148164, ,16,25,44.5,+,11,55,8,27,38,8.229,0.365,2.612,-0.001,3.775,-0.02,75,3.86,0.8,5.7,3.1,7.7,1.11,1.06,1.18,-65.0,0.3,0.1,2,684,0.754,4,-89,0,2,13.4,1.2,-55,-43,-17,7.947,0.046,5.57,8.43,0.2,0.16,246.43541666666667,11.918888888888889,52.659206,26.831203,46.174614,PM*,F8
HD 148198, ,16,27,1.6,-,17,46,7,359,21,7.22,0.311,2.657,0.002,3.804,0.17,58,3.41,0.41,2.0,1.1,2.6,1.36,1.31,1.41,-3.3,0.3,0.2,2,1482,0.656,8,11,-38,2,17.3,0.9,0,-6,-10,7.946,0.021,7.67,8.17,0.03,0.04,246.7566666666666,-17.76861111111111,54.139416,-0.945018,20.785341,*,F5V
HD 148211, ,16,27,12.9,-,22,7,36,355,18,7.697,0.364,2.586,-0.007,3.767,-0.67,53,4.09,1.27,11.0,8.6,13.3,0.9,0.86,0.96,-15.5,0.2,0.4,7,4705,0.483,3,-277,-301,1,19.0,1.0,-24,-100,-2,7.95,0.016,3.35,7.97,0.41,0.08,246.80374999999998,-22.12666666666667,50.214188,-4.3931866,16.377901,PM*,F8/G0V
HD 148290, ,16,28,55.8,-,43,27,30,339,4,8.536,0.292,2.661,-0.01,3.815,0.19,102,3.49,0.08,0.9,0.0,2.0,1.37,1.31,1.43,-20.6,0.3,0.6,4,1082,0.145,12,5,-26,1,9.8,1.0,-21,0,-12,7.905,0.006,7.76,8.39,0.04,0.07,247.23249999999993,-43.458333333333336,94.99324,-36.4645,7.11516,*,F5V
HD 148433, ,16,25,31.9,+,51,8,18,79,43,7.24,0.244,2.673,-0.013,3.834,-0.47,119,1.86,1.9,1.4,1.3,1.6,1.62,1.55,1.68,-19.7,0.5,0.2,2,379,0.752,11,-46,-19,2,8.4,0.6,0,-34,6,7.983,0.082,6.33,8.02,0.12,0.22,246.3829166666667,51.138333333333335,16.60632,85.43208,81.1578,*,F0
HD 148453, ,16,27,25.6,+,21,13,27,38,41,8.003,0.306,2.65,-0.004,3.803,-0.05,83,3.42,0.63,2.6,1.8,3.2,1.27,1.21,1.33,-17.8,2.0,2.4,2,1071,0.396,50,-54,39,1,12.1,1.0,-28,-12,7,7.951,0.054,7.29,8.24,0.06,0.22,246.85666666666663,21.224166666666665,49.361702,38.56559,54.4529,PM*,F5
HD 148484, ,16,30,53.7,-,50,58,15,334,-2,7.424,0.255,2.699,0.018,3.833,-0.19,87,2.73,0.8,1.7,1.3,2.0,1.41,1.34,1.49,-17.0,0.8,0.1,2,384,0.99,35,-63,-29,2,0.0,0.0,-26,-17,11,7.922,-0.003,7.09,8.1,0.07,0.28,247.72375,-50.97083333333334,78.147446,-38.115067,-3.036256,PM*,F0/2IV/V
HD 148516, ,16,29,19.6,-,21,34,8,356,18,8.319,0.33,2.646,0.022,3.802,-0.18,102,3.18,1.01,2.7,2.2,3.3,1.26,1.17,1.34,-13.0,0.4,0.7,3,2854,0.127,10,-57,-7,1,9.8,1.2,-20,-19,14,7.903,0.032,7.06,7.96,0.06,0.32,247.33166666666662,-21.56888888888889,96.77146,-6.7669106,31.519733,PM*,F5V
HD 148528, ,16,27,1.4,+,38,50,35,62,44,8.117,0.243,2.715,0.02,3.852,0.12,112,2.78,0.17,0.6,0.0,1.0,1.55,1.5,1.63,-25.6,1.8,0.0,1,0,0.0,45,-35,3,1,8.9,0.7,-16,-27,-5,7.962,0.078,6.68,7.98,0.09,0.09,246.7558333333333,38.84305555555556,37.82348,71.135605,77.80174,*,F8
HD 148600, ,16,36,2.3,-,73,29,8,317,-17,8.684,0.337,2.635,0.023,3.799,-0.26,148,2.73,1.6,2.5,2.1,3.0,1.36,1.25,1.46,-6.9,0.4,0.1,2,1357,0.985,11,12,-24,2,6.2,1.1,-13,2,-15,7.896,-0.044,7.88,8.39,0.03,0.12,249.00958333333335,-73.48555555555555,103.510765,-96.52532,-43.27101,*,F7V
HD 148711, ,16,29,51.1,+,5,58,14,21,34,6.905,0.279,2.69,0.03,3.844,0.14,148,0.92,2.14,0.8,0.7,0.9,2.14,2.03,2.29,10.1,1.1,1.6,2,705,0.105,21,7,4,1,7.5,1.0,8,8,3,7.886,0.083,7.72,8.97,0.07,0.19,247.46291666666667,5.970555555555555,114.54804,43.970875,82.76055,*,F5
HD 148725, ,16,34,54.5,-,67,18,41,322,-13,8.157,0.315,2.671,0.039,3.82,-0.15,103,2.93,0.83,2.0,1.6,2.4,1.36,1.28,1.44,3.3,1.2,1.8,2,973,0.281,50,-18,-30,3,5.3,1.0,-8,-15,-4,7.921,-0.023,7.33,7.92,0.04,0.06,248.7270833333333,-67.31138888888889,79.08486,-61.787846,-23.169958,*,F5V
HD 148803, ,16,30,44.4,-,3,40,45,12,29,8.741,0.369,2.624,0.041,3.788,-0.44,96,3.65,1.08,5.3,3.2,7.2,1.06,1.01,1.13,16.8,0.4,0.6,3,1004,0.268,8,11,-9,2,7.7,1.5,17,3,3,7.918,0.046,7.5,8.96,0.09,0.16,247.68499999999997,-3.6791666666666667,82.12869,17.456993,46.54172,*,F6V
HD 148816, ,16,30,28.4,+,4,10,41,19,33,7.282,0.369,2.588,0.004,3.763,-0.76,41,4.21,1.29,12.3,9.0,15.5,0.87,0.82,0.92,-47.8,0.2,0.5,8,3296,0.17,2,-434,-1392,2,24.3,0.9,86,-264,-78,7.967,0.022,0.65,9.14,0.87,1.79,247.6183333333333,4.178055555555556,32.512123,11.194821,22.3302,PM*,F7V
HD 148841, ,16,31,53.8,-,26,0,40,353,15,8.259,0.351,2.615,0.006,3.776,-0.44,77,3.83,1.18,7.3,5.1,9.8,1.01,0.95,1.07,-68.3,0.2,0.1,3,2419,0.849,5,-52,-6,2,8.6,1.3,-71,-5,-5,7.926,0.02,6.68,9.6,0.18,0.04,247.97416666666663,-26.011111111111113,73.8219,-9.064196,19.929066,PM*,F6V
HD 148961, ,16,27,50.2,+,62,19,56,93,40,8.714,0.318,2.65,0.015,3.797,-0.26,130,3.14,1.23,3.0,2.4,4.6,1.2,1.12,1.31,-12.7,0.3,0.1,2,707,0.802,9,21,14,2,5.7,0.8,-4,0,-20,8.006,0.084,7.95,8.4,0.03,0.21,246.95916666666662,62.33222222222223,-5.2119155,99.449295,83.562386,*,F8
HD 148963, ,16,29,7.0,+,50,45,59,78,43,8.134,0.298,2.665,0.009,3.807,-0.14,88,3.4,0.64,2.6,1.9,3.2,1.26,1.21,1.32,-31.5,0.6,0.9,2,263,0.056,7,38,-2,1,11.3,0.7,1,-13,-33,7.987,0.06,7.45,8.11,0.04,0.43,247.27916666666664,50.76638888888889,13.381012,62.952724,60.01585,*,F5
HD 148967, ,16,32,1.0,-,9,41,45,6,25,7.3,0.309,2.646,0.014,3.801,-0.45,84,2.68,1.77,2.4,2.1,3.6,1.35,1.24,1.42,19.2,0.6,0.8,2,615,0.026,8,5,18,2,11.9,1.0,15,9,11,7.924,0.036,7.65,9.23,0.09,0.29,248.00416666666666,-9.695833333333333,75.71281,7.9577365,35.499935,*,F2/3V
HD 148997, ,16,30,59.0,+,23,59,8,42,41,8.594,0.338,2.617,-0.008,3.784,-0.18,75,4.23,0.37,4.6,0.4,7.3,1.06,1.0,1.13,-19.8,0.2,0.5,8,1463,0.551,11,-32,33,2,13.4,1.1,-23,-10,-2,7.958,0.049,7.46,8.16,0.04,0.09,247.74583333333334,23.985555555555557,42.064392,37.87495,49.204426,*,F8
HD 149013, ,16,32,38.1,-,15,59,15,1,21,7.032,0.338,2.635,0.008,3.785,-0.17,41,3.95,0.62,4.4,2.8,6.6,1.09,1.04,1.16,-5.9,0.2,0.1,2,1599,0.898,2,-46,-130,2,24.2,1.1,-1,-26,-10,7.961,0.015,6.73,8.0,0.09,0.04,248.15875,-15.987499999999999,38.270966,0.66802216,14.693086,PM*,F8V
HD 149079, ,16,36,51.4,-,65,35,12,324,-12,7.7,0.359,2.631,0.019,3.772,-0.31,47,4.33,0.66,7.5,4.9,10.8,0.98,0.94,1.04,28.0,0.2,0.4,5,1364,0.213,4,-146,59,2,21.2,0.8,21,-29,27,7.963,-0.01,6.41,8.32,0.13,0.62,249.21416666666667,-65.58666666666666,37.192886,-27.022217,-9.77185,PM*,F8V
HD 149194, ,16,37,4.0,-,62,14,25,326,-10,8.682,0.349,2.639,0.008,3.788,0.32,98,3.73,0.36,2.0,0.2,4.0,1.27,1.21,1.32,4.0,0.4,0.5,2,384,0.163,9,-41,-28,2,10.2,1.2,-8,-21,5,7.92,-0.017,6.98,7.92,0.06,0.18,249.26666666666665,-62.24027777777778,80.01136,-53.968376,-17.01752,PM*,F8V
HD 149200, ,16,33,23.3,-,4,15,43,11,28,7.238,0.331,2.65,0.012,3.793,0.07,53,3.63,0.52,2.9,1.9,3.7,1.26,1.21,1.31,-6.9,0.2,0.2,4,733,0.827,6,-64,-50,2,19.0,1.0,-5,-21,2,7.954,0.025,7.03,7.97,0.06,0.14,248.3470833333333,-4.2619444444444445,45.936443,8.92914,24.881994,PM*,F6V
HD 149238, ,16,37,47.5,-,65,2,47,324,-12,8.043,0.367,2.6,-0.005,3.769,-0.27,57,4.25,0.77,7.9,5.4,12.5,0.98,0.95,1.04,-16.7,0.2,0.3,4,1356,0.555,7,-4,-6,2,17.4,0.9,-14,8,3,7.954,-0.012,7.94,8.85,0.05,0.16,249.44791666666663,-65.04638888888888,45.106266,-32.771626,-11.850966,*,F8V
HD 149304, ,16,31,56.0,+,44,15,51,69,43,7.772,0.3,2.657,-0.006,3.809,0.14,72,3.49,0.25,1.5,0.1,2.4,1.35,1.29,1.4,-7.4,0.6,0.6,2,717,0.544,25,-20,7,2,13.9,0.6,-6,-8,0,7.982,0.049,7.75,8.02,0.02,0.12,247.98333333333326,44.26416666666667,18.87075,49.15998,49.103878,*,F5
HD 149346, ,16,33,30.1,+,17,49,43,35,38,8.236,0.289,2.662,0.0,3.811,-0.18,72,3.94,0.05,0.0,0.0,3.1,1.18,1.12,1.24,-16.3,0.7,0.6,2,1237,0.565,21,-32,-42,1,13.8,1.1,-3,-23,-6,7.953,0.045,6.86,7.98,0.08,0.05,248.37541666666664,17.828611111111112,46.476044,32.542877,44.32763,PM*,F5
HD 149380, ,16,33,21.1,+,25,41,22,45,41,8.332,0.386,2.57,0.0,3.753,-0.76,53,4.7,1.01,15.8,9.3,0.0,0.81,0.79,0.86,-38.5,0.3,0.3,3,687,0.641,5,235,-78,2,18.8,1.1,11,5,-72,7.971,0.035,7.68,9.33,0.1,1.57,248.33791666666667,25.689444444444444,28.283993,28.283993,34.77113,PM*,F8
HD 149463, ,16,35,20.1,-,9,40,20,7,24,8.052,0.337,2.633,0.003,3.787,-0.08,77,3.62,0.82,3.5,2.8,5.2,1.17,1.1,1.25,-23.5,0.2,0.2,2,733,0.489,5,-33,-41,2,13.0,1.1,-19,-22,-9,7.93,0.032,6.9,7.97,0.07,0.04,248.83374999999995,-9.672222222222222,69.818665,8.572655,31.318722,PM*,F8V
HD 149504, ,16,33,41.8,+,38,5,27,61,43,6.587,0.302,2.647,-0.001,3.804,-0.27,56,2.83,1.4,2.5,2.2,2.7,1.37,1.33,1.42,-46.8,0.4,0.0,1,0,0.0,3,-36,83,2,17.7,0.6,-39,-26,-24,7.98,0.038,6.53,8.31,0.12,0.26,248.42416666666665,38.090833333333336,19.855768,35.820755,38.191906,PM*,F5
HD 149576, ,16,33,32.1,+,46,33,12,73,43,8.472,0.3,2.654,0.008,3.805,-0.33,110,3.27,0.99,2.9,2.4,3.4,1.22,1.14,1.29,-48.9,0.4,0.1,2,380,0.92,11,-83,75,1,9.1,0.8,-59,-48,-3,7.976,0.074,5.35,8.5,0.23,0.09,248.38375,46.55333333333333,23.52099,76.93367,75.01981,PM*,F5
HD 149616, ,16,35,57.4,-,0,24,41,16,30,8.218,0.351,2.609,-0.015,3.781,0.04,63,4.24,0.22,3.5,0.0,6.1,1.12,1.06,1.18,-20.8,0.2,0.2,2,733,0.539,6,-29,48,1,16.0,1.1,-27,0,3,7.948,0.031,7.7,8.58,0.05,0.15,248.9891666666666,-0.4113888888888889,52.446053,15.038664,31.5,PM*,F8/G0V
HD 149652, ,16,36,3.0,+,1,22,53,17,30,7.262,0.327,2.62,-0.015,3.791,-0.16,52,3.69,0.73,3.7,2.9,4.5,1.16,1.08,1.23,-31.3,0.4,0.6,2,372,0.149,6,-146,-88,1,19.3,1.0,-24,-46,1,7.957,0.026,5.67,8.01,0.17,0.12,249.0125,1.381388888888889,43.06558,13.166469,26.0,PM*,F5/6V
HD 149663, ,16,36,45.1,-,13,43,15,3,22,7.717,0.327,2.651,0.02,3.802,-0.11,76,3.22,0.9,2.7,2.2,3.1,1.3,1.24,1.36,-11.1,0.3,0.4,2,1478,0.331,10,-60,-13,2,13.1,0.9,-14,-18,9,7.929,0.028,7.18,7.94,0.05,0.25,249.18791666666664,-13.720833333333333,70.3694,3.6879044,28.4701,PM*,F5V
HD 149665, ,16,37,33.9,-,32,53,17,348,9,8.569,0.359,2.629,0.014,3.774,-0.19,85,3.91,0.93,6.9,4.6,9.2,1.05,0.99,1.12,-31.2,0.4,0.6,2,695,0.051,5,-10,-63,2,11.7,1.2,-32,-16,-19,7.917,0.014,7.01,8.2,0.08,0.18,249.39124999999999,-32.88805555555555,82.11893,-17.454924,13.29693,PM*,F8/G0V
HD 149747, ,17,19,59.4,-,87,14,34,306,-26,9.195,0.419,2.575,0.0,3.741,-0.72,75,4.82,1.1,0.0,12.1,0.0,0.81,0.78,0.85,-44.7,0.3,0.4,2,1855,0.249,5,11,10,2,0.0,0.0,-20,36,18,7.961,-0.033,7.93,11.04,0.16,0.5,259.9975,-87.24277777777777,39.62233,-54.535484,-32.87784,*,F8V
HD 149807, ,16,37,29.9,-,11,52,11,5,23,8.338,0.395,2.683,0.135,3.83,-0.08,101,2.74,0.75,1.6,1.2,1.9,1.43,1.36,1.51,-3.2,1.1,1.3,3,748,0.676,40,-23,-28,2,7.9,1.2,-1,-18,0,7.907,0.039,7.12,7.96,0.06,0.11,249.3745833333333,-11.869722222222222,92.61721,8.102956,39.463844,*,F2IV/V
HD 149879, ,16,40,55.2,-,58,52,7,329,-8,7.348,0.235,2.706,0.008,3.843,-0.17,87,2.65,0.68,1.5,1.1,1.8,1.47,1.41,1.53,17.0,1.3,1.1,2,235,0.542,50,-37,-32,2,11.5,0.9,5,-26,1,7.926,-0.012,6.65,8.03,0.09,0.12,250.23,-58.868611111111115,73.8478,-44.372246,-12.10806,*,F2IV
HD 149928, ,16,31,42.8,+,70,55,59,103,37,8.233,0.282,2.672,0.012,3.817,-0.3,137,2.55,1.41,2.0,1.8,2.3,1.43,1.37,1.5,-30.0,0.3,0.4,2,701,0.396,7,-65,23,2,7.3,0.6,-20,-50,8,8.025,0.082,5.58,8.05,0.18,0.25,247.9283333333333,70.93305555555555,-24.612581,106.60882,82.448654,PM*,F5
HD 150012, ,16,37,48.0,+,13,41,13,31,36,6.26,0.276,2.664,-0.014,3.824,0.14,69,2.05,1.37,1.2,1.1,1.4,1.73,1.68,1.83,-19.1,0.7,0.3,2,357,0.773,35,-33,-63,1,14.4,0.7,-2,-28,-10,7.951,0.041,6.59,7.98,0.1,0.05,249.44999999999996,13.686944444444444,47.84894,28.750546,40.557182,PM*,F5IV-V
HD 150017, ,16,39,35.2,-,7,30,44,9,25,7.448,0.259,2.693,0.008,3.837,0.26,104,2.36,0.73,1.1,0.7,1.6,1.65,1.57,1.75,-36.1,0.9,1.8,4,1224,0.086,100,-20,-4,2,9.6,1.2,-34,-14,-9,7.907,0.044,7.08,8.29,0.08,0.05,249.89666666666662,-7.512222222222222,93.09556,14.744888,43.9523,*,F3V
HD 150177, ,16,39,39.1,-,9,33,16,8,24,6.34,0.337,2.613,0.003,3.782,-0.74,43,3.15,1.94,5.5,4.8,6.2,1.1,1.07,1.13,-18.2,0.2,0.4,5,1107,0.319,5,11,-147,1,23.0,0.9,-5,-25,-25,7.961,0.017,6.84,7.97,0.08,0.27,249.91291666666663,-9.554444444444446,38.900158,5.4670606,17.489676,PM*,F6V
HD 150258, ,16,40,1.7,-,6,4,52,11,26,6.733,0.338,2.613,-0.015,3.79,0.04,72,2.45,1.8,2.0,1.7,2.2,1.55,1.49,1.62,-7.1,0.2,0.1,2,331,0.789,9,-29,-99,2,13.9,1.0,5,-33,-13,7.936,0.031,6.28,8.01,0.12,0.09,250.0070833333333,-6.0811111111111105,63.524208,12.347856,31.562723,PM*,F7IV/V
HD 150295, ,16,39,5.9,+,24,41,46,44,39,7.839,0.29,2.658,-0.004,3.812,-0.1,89,3.09,0.8,2.2,1.7,2.7,1.34,1.28,1.4,-31.8,0.5,1.0,4,1394,0.194,18,-33,-96,1,11.2,1.0,11,-49,-18,7.95,0.056,5.51,8.05,0.19,0.17,249.77458333333325,24.69611111111111,49.75385,48.046738,56.009514,PM*,F5
HD 150344, ,16,41,3.0,-,15,21,25,3,20,8.417,0.299,2.674,0.018,3.809,0.0,85,3.76,0.11,1.2,0.0,2.8,1.25,1.19,1.3,-20.6,1.4,1.9,2,3282,0.021,16,-5,-41,1,11.7,1.1,-16,-15,-15,7.92,0.029,7.28,7.95,0.04,0.11,250.26249999999996,-15.356944444444444,79.764404,4.1802754,29.07171,*,F5V
HD 150466, ,16,41,22.5,-,4,12,52,13,26,8.008,0.291,2.644,-0.014,3.81,-0.19,68,3.83,0.19,1.8,0.0,3.5,1.19,1.13,1.24,-17.4,0.8,1.2,2,706,0.103,15,18,32,2,14.6,1.3,-18,8,-7,7.94,0.03,7.9,8.85,0.06,0.03,250.34375,-4.214444444444444,59.551544,13.748557,29.809238,*,F3/5V
HD 150589, ,16,43,5.3,-,26,27,30,354,13,8.436,0.246,2.718,0.025,3.854,0.18,106,3.2,-0.33,0.0,0.0,0.6,1.54,1.47,1.61,-49.5,0.9,1.2,3,145,0.44,55,-12,-33,2,8.0,1.3,-48,-12,-17,7.897,0.023,6.86,8.68,0.12,0.15,250.77208333333328,-26.458333333333332,102.71742,-10.796056,23.84481,*,F2V
HD 150697, ,16,43,18.6,-,14,2,5,4,20,8.049,0.341,2.693,0.096,3.838,-0.13,98,2.68,0.7,1.5,1.1,1.8,1.46,1.39,1.53,-7.6,1.2,1.0,2,174,0.571,50,-38,-20,2,10.2,1.1,-9,-19,6,7.908,0.034,7.11,7.91,0.05,0.19,250.82749999999996,-14.034722222222221,91.86555,6.423865,33.51797,*,F3V
HD 150734, ,16,43,50.1,-,23,7,52,357,15,8.254,0.338,2.63,0.006,3.788,-0.16,105,3.14,1.35,3.0,2.5,4.9,1.2,1.13,1.35,-10.3,0.3,0.4,2,335,0.345,12,36,-66,2,9.5,1.1,-2,-14,-36,7.898,0.027,7.34,7.97,0.04,0.47,250.95874999999995,-23.13111111111111,101.28321,-5.308029,27.175999,PM*,F5V
HD 150749, ,16,41,39.4,+,34,35,21,57,41,7.643,0.258,2.684,-0.002,3.829,-0.15,86,2.97,0.6,1.8,1.3,2.2,1.39,1.34,1.44,-7.4,1.0,0.0,1,0,0.0,24,-60,-35,2,11.6,0.7,4,-27,12,7.964,0.056,6.68,8.04,0.09,0.31,250.41416666666663,34.58916666666667,35.349815,54.433937,56.421078,PM*,F5
HD 150813, ,16,42,2.1,+,33,6,7,55,40,7.899,0.272,2.679,0.002,3.821,-0.09,81,3.37,0.32,1.6,0.4,2.5,1.31,1.26,1.37,-17.8,0.9,1.3,2,1018,0.095,17,-27,53,1,12.4,0.8,-28,-8,-1,7.964,0.052,7.48,8.34,0.05,0.1,250.50875,33.10194444444445,35.590187,50.828056,52.065792,PM*,F5
HD 150826, ,16,40,7.6,+,58,7,12,88,40,8.25,0.297,2.67,0.014,3.81,-0.1,110,3.05,0.89,2.3,1.9,2.7,1.35,1.3,1.41,-25.9,0.6,0.4,2,722,0.634,22,6,-13,2,9.1,0.7,6,-19,-18,7.996,0.071,7.05,8.16,0.07,0.17,250.03166666666667,58.12,2.9408016,84.213554,70.706635,*,F6IV
HD 150843, ,16,41,19.2,+,47,27,54,74,41,8.669,0.35,2.611,-0.007,3.778,-0.29,92,3.86,0.97,7.5,4.7,9.3,1.05,0.99,1.11,-51.7,0.4,0.6,2,379,0.183,4,35,19,1,10.9,0.7,-15,-25,-46,7.981,0.061,6.9,7.99,0.07,0.72,250.32999999999996,47.465,19.13841,66.74355,60.35743,*,F8
HD 150875, ,16,43,56.6,-,2,37,51,15,27,8.307,0.422,2.652,0.134,3.814,-0.32,135,2.08,1.96,1.8,1.5,2.1,1.53,1.44,1.63,-16.5,0.3,0.9,8,2927,0.35,21,-8,3,1,8.8,1.2,-16,-6,-3,7.883,0.061,7.73,8.02,0.02,0.09,250.9858333333333,-2.6308333333333334,116.18724,31.132277,61.288715,*,F3V
HD 150926, ,16,45,35.5,-,33,51,1,349,8,7.115,0.348,2.634,0.017,3.783,-0.2,81,2.56,2.08,2.4,2.0,3.3,1.42,1.36,1.52,40.8,0.2,0.4,3,2865,0.272,5,40,-83,2,12.3,1.0,42,-22,-26,7.921,0.011,6.3,8.86,0.17,0.3,251.39791666666662,-33.85027777777778,78.738,-15.30513,11.273022,PM*,F7V
HD 150962, ,16,35,18.1,+,77,7,12,110,34,8.234,0.274,2.671,-0.002,3.823,-0.08,167,2.12,1.51,1.5,1.3,1.7,1.61,1.52,1.71,-23.0,1.0,1.0,2,728,0.485,30,15,3,2,6.0,0.7,8,-11,-22,8.048,0.093,7.45,8.36,0.06,0.25,248.8254166666666,77.11999999999999,-47.352436,130.09976,93.385216,*,F5
HD 151021, ,16,52,26.7,-,74,49,46,317,-19,7.6,0.306,2.645,-0.004,3.802,-0.16,57,3.8,0.37,3.0,0.9,4.2,1.18,1.12,1.24,0.1,0.3,0.2,2,1421,0.632,5,69,-6,2,17.4,0.8,3,10,-15,7.96,-0.019,7.88,9.09,0.07,0.13,253.11124999999998,-74.82944444444443,39.41599,-36.755993,-18.557384,PM*,F6V
HD 151043, ,16,35,21.3,+,77,45,18,111,33,6.895,0.397,2.613,0.027,3.776,0.12,92,1.97,2.54,1.6,1.4,1.8,1.72,1.69,1.83,-20.2,0.3,0.1,2,1122,0.987,10,18,-3,1,10.9,0.6,9,-11,-16,8.027,0.051,7.39,8.36,0.06,0.14,248.83874999999998,77.755,-27.65084,72.03291,50.106792,*,F8
HD 151044, ,16,42,27.8,+,49,56,11,77,41,6.46,0.358,2.626,0.014,3.774,-0.24,29,4.12,0.76,6.9,4.7,10.9,1.01,0.97,1.08,-13.6,0.2,0.1,3,1995,0.948,6,132,-107,1,34.0,0.5,16,-3,-22,7.995,0.019,7.47,8.76,0.08,0.23,250.6158333333333,49.936388888888885,4.9234085,21.325626,19.025711,PM*,F8V
HD 151258, ,16,46,24.5,-,1,21,38,16,27,8.122,0.338,2.61,0.001,3.781,-0.65,76,3.72,1.33,7.4,5.5,9.1,1.01,0.96,1.06,-16.6,0.3,0.4,3,667,0.525,5,36,-75,1,13.2,1.0,2,-17,-30,7.935,0.034,7.2,8.04,0.06,0.36,251.6020833333333,-1.3605555555555557,65.09328,18.665197,34.503277,PM*,F5V
HD 151340, ,16,35,55.9,+,79,12,17,112,33,7.789,0.305,2.64,-0.001,3.803,-0.47,112,2.54,1.88,2.2,2.0,2.5,1.4,1.33,1.46,-19.6,0.8,1.1,2,742,0.026,9,42,-60,2,8.9,0.6,41,1,-14,8.036,0.061,7.11,9.71,0.15,0.13,248.9829166666666,79.20472222222223,-35.187206,87.0914,60.999573,PM*,F2
HD 151379, ,16,48,37.7,-,37,15,7,346,5,7.392,0.298,2.645,-0.008,3.806,-0.2,68,3.21,0.91,2.7,2.2,3.1,1.28,1.22,1.34,-45.2,0.6,0.2,2,1009,0.773,23,-26,-108,2,14.6,1.0,-50,-21,-20,7.934,0.006,6.53,8.57,0.13,0.2,252.15708333333333,-37.25194444444445,65.72904,-16.38808,5.92659,PM*,F5V
HD 151632, ,16,48,59.7,-,8,55,47,10,22,7.963,0.316,2.638,0.002,3.794,-0.31,62,4.0,0.49,4.0,1.6,5.9,1.09,1.03,1.15,-25.1,0.7,1.0,2,669,0.11,22,-32,-34,2,16.1,1.1,-21,-18,-8,7.943,0.023,7.11,8.02,0.06,0.03,252.24874999999997,-8.929722222222221,56.61207,9.982235,23.225609,PM*,F5/6V
HD 151651, ,16,46,23.8,+,47,32,35,74,40,8.012,0.31,2.627,-0.007,3.796,-0.42,63,4.02,0.52,4.1,1.1,5.9,1.07,1.02,1.14,13.6,0.4,0.1,2,379,0.899,10,26,15,1,15.9,0.6,0,16,3,7.987,0.041,7.95,9.48,0.09,0.17,251.59916666666663,47.543055555555554,13.302483,46.39126,40.495617,*,F5
HD 151664, ,16,55,33.2,-,72,49,58,319,-18,8.369,0.347,2.615,0.005,3.778,-0.47,104,3.28,1.7,5.6,4.6,6.9,1.09,1.03,1.16,-22.3,0.3,0.4,2,693,0.201,5,-42,-163,2,9.6,0.9,-73,-40,-22,7.926,-0.032,5.49,8.83,0.23,0.24,253.8883333333333,-72.83277777777778,74.64823,-64.890724,-32.137768,PM*,F8V
HD 151689, ,16,46,30.6,+,47,26,56,74,40,8.376,0.381,2.639,0.044,3.791,0.2,98,3.23,0.86,2.7,2.1,3.3,1.38,1.33,1.43,-14.4,0.3,0.3,2,742,0.382,4,-54,-17,2,10.2,0.7,-1,-28,10,7.979,0.064,6.63,8.01,0.09,0.27,251.62749999999997,47.44888888888889,20.69275,72.164185,62.993183,PM*,F8
HD 151699, ,16,48,4.5,+,25,32,50,46,37,8.157,0.278,2.676,0.004,3.818,-0.11,93,3.3,0.47,2.0,1.1,2.6,1.31,1.25,1.37,-44.1,0.5,0.2,2,1130,0.815,15,-19,45,1,10.7,0.9,-42,-19,-16,7.948,0.057,6.76,8.44,0.11,0.15,252.01874999999995,25.547222222222224,51.594433,53.427597,55.968792,*,F8
HD 151766, ,16,48,42.7,+,18,19,8,37,35,7.606,0.348,2.617,0.003,3.784,-0.17,109,2.42,2.17,2.2,1.9,2.8,1.46,1.38,1.56,-40.4,0.3,0.1,2,688,0.985,8,-1,22,1,9.2,0.9,-35,-13,-19,7.929,0.062,7.11,8.35,0.08,0.2,252.17791666666668,18.31888888888889,71.30823,53.7346,62.519833,*,F8
HD 151772, ,16,51,52.8,-,49,6,54,338,-3,7.236,0.298,2.65,0.01,3.803,-0.55,53,3.6,0.89,3.5,2.7,4.3,1.13,1.07,1.18,-5.4,0.3,0.5,3,563,0.249,10,54,-28,1,18.7,0.9,-5,5,-15,7.951,-0.003,7.93,8.67,0.04,0.11,252.97,-49.115,49.0734,-19.82694,-2.7738059,PM*,F3/5V
HD 151783, ,16,49,25.6,+,0,53,25,19,27,7.391,0.24,2.696,0.004,3.841,-0.22,87,2.69,0.72,1.6,1.2,1.9,1.44,1.38,1.5,20.6,2.7,2.3,3,1106,0.52,110,32,-43,2,11.5,1.0,29,1,-9,7.927,0.04,7.23,9.18,0.12,0.05,252.35666666666663,0.8902777777777777,73.294304,25.237251,39.497173,PM*,F2V
HD 151892, ,16,52,13.8,-,43,32,34,342,0,8.206,0.321,2.639,0.005,3.796,-0.19,117,2.87,1.46,2.6,2.2,3.1,1.33,1.22,1.44,22.2,0.3,0.1,2,449,0.821,13,-21,-8,1,0.0,0.0,18,-17,6,7.889,0.001,6.87,8.31,0.1,0.2,253.05749999999998,-43.54277777777778,111.27361,-36.154984,0.0,*,F5V
HD 151900, ,16,50,22.2,-,2,39,15,16,25,6.32,0.282,2.648,-0.005,3.813,-0.58,60,2.43,1.86,2.1,1.9,2.3,1.41,1.36,1.46,29.2,0.9,1.9,5,4682,0.179,35,3,-46,1,16.7,0.9,31,-2,6,7.948,0.026,7.15,9.18,0.12,0.21,252.59249999999994,-2.654166666666667,52.271935,14.988736,25.357096,*,F3V
HD 151939, ,16,49,57.1,+,15,22,37,34,34,6.988,0.317,2.647,0.007,3.8,-0.11,93,2.13,2.04,1.7,1.5,1.9,1.61,1.55,1.69,-22.4,0.6,0.5,2,676,0.595,23,-51,-22,1,10.7,0.8,-13,-30,2,7.935,0.052,6.48,7.94,0.1,0.14,252.48791666666662,15.376944444444446,63.91921,43.114048,52.00494,PM*,F6V
HD 152128, ,16,52,4.6,-,14,48,10,5,18,7.746,0.294,2.662,-0.001,3.812,0.03,85,3.11,0.66,2.0,1.4,2.5,1.37,1.32,1.43,13.7,0.4,0.1,2,1504,0.868,13,53,-26,2,11.8,1.0,20,6,-18,7.92,0.026,7.51,9.17,0.1,0.17,253.01916666666662,-14.802777777777779,80.53219,7.045653,26.266445,PM*,F5V
HD 152146, ,16,52,20.6,-,19,21,25,1,15,8.233,0.293,2.642,-0.004,3.806,-0.53,104,3.14,1.26,2.9,2.4,4.6,1.18,1.11,1.26,1.0,0.3,0.4,2,668,0.265,6,-77,-42,2,9.6,1.1,-3,-39,18,7.9,0.028,6.01,7.91,0.14,0.4,253.0858333333333,-19.356944444444444,100.44099,1.7532039,26.917181,PM*,F3/5V
HD 152237, ,16,55,42.5,-,59,25,2,330,-10,7.405,0.289,2.664,0.011,3.812,-0.35,90,2.63,1.49,2.2,1.9,2.5,1.4,1.33,1.46,1.1,0.3,0.5,2,449,0.206,9,-44,-31,2,11.1,0.9,-9,-20,6,7.923,-0.016,7.04,7.92,0.06,0.2,253.92708333333331,-59.41722222222222,76.75816,-44.316364,-15.628336,PM*,F3V
HD 152392, ,16,53,26.3,-,7,27,22,12,22,7.972,0.338,2.6,-0.032,3.784,-0.31,95,3.08,1.63,4.4,3.5,5.3,1.17,1.12,1.24,-30.5,0.2,0.2,2,2,0.562,3,32,-105,2,10.5,1.0,-6,-34,-47,7.914,0.036,6.38,7.92,0.11,0.73,253.35958333333326,-7.456111111111111,86.15765,18.313375,35.587624,PM*,F5/6V
HD 152425, ,16,51,13.9,+,44,9,39,69,40,8.083,0.321,2.644,0.003,3.795,-0.11,65,4.01,0.27,2.9,0.0,4.9,1.15,1.09,1.2,-21.7,0.2,0.4,4,1715,0.497,10,15,12,2,15.3,0.7,-8,-11,-17,7.982,0.042,7.6,7.99,0.02,0.15,252.80791666666664,44.16083333333333,17.844177,46.485664,41.781193,*,F8
HD 152433, ,16,54,40.4,-,32,11,24,351,7,7.692,0.34,2.625,-0.007,3.785,0.0,56,3.97,0.44,3.6,1.9,5.5,1.15,1.08,1.21,14.6,0.1,0.3,6,2923,0.586,3,60,-30,2,18.0,1.0,17,1,-15,7.946,0.007,7.5,8.88,0.08,0.12,253.6683333333333,-32.19,54.898273,-8.695025,6.8246837,PM*,F8V
HD 152446, ,16,52,41.1,+,18,3,43,37,34,6.817,0.336,2.617,-0.012,3.787,-0.2,48,3.43,1.12,5.1,2.9,5.9,1.16,1.12,1.26,-42.9,0.3,0.5,3,1993,0.282,9,29,-23,1,21.0,0.8,-23,-21,-31,7.969,0.027,7.0,8.07,0.07,0.38,253.17124999999996,18.061944444444446,31.780746,23.948507,26.841259,*,F8IV
HD 152449, ,16,53,29.1,-,1,7,49,17,25,7.842,0.34,2.607,-0.026,3.785,-0.17,67,3.72,0.85,4.0,3.0,6.7,1.11,1.06,1.19,-21.0,0.2,0.2,2,706,0.48,7,-48,-24,1,15.0,1.2,-17,-20,-1,7.943,0.029,7.01,7.98,0.06,0.1,253.37124999999995,-1.1302777777777777,58.06933,17.753574,28.315424,PM*,F6V
HD 152652, ,16,59,36.0,-,67,11,58,324,-15,8.221,0.345,2.656,0.037,3.81,0.25,130,2.49,1.16,1.7,1.3,2.2,1.58,1.49,1.68,31.3,0.2,0.1,2,1421,0.755,7,5,-2,2,5.9,1.0,24,-17,-11,7.899,-0.034,6.76,8.47,0.11,0.07,254.9,-67.19944444444445,101.58855,-73.80841,-33.646477,*,F5IV
HD 152671, ,16,58,41.5,-,61,44,29,328,-12,7.26,0.277,2.677,0.013,3.818,-0.32,78,2.8,1.16,2.2,1.9,2.5,1.37,1.3,1.42,-0.3,0.5,0.3,2,449,0.721,21,34,-79,2,12.8,0.9,-13,-11,-27,7.935,-0.016,7.61,7.95,0.02,0.3,254.67291666666662,-61.74138888888889,64.70227,-40.430466,-16.217113,PM*,F2/3V
HD 152986, ,16,56,53.6,-,2,2,54,17,24,8.265,0.34,2.614,-0.011,3.783,-0.23,74,3.92,0.75,5.3,3.2,7.9,1.07,1.02,1.13,-8.0,0.3,0.4,2,668,0.156,5,-29,46,1,13.5,1.1,-16,4,12,7.935,0.03,7.9,8.6,0.04,0.31,254.22333333333333,-2.0483333333333333,64.64846,19.765017,30.09851,PM*,F6V
HD 153134, ,16,58,2.3,-,12,5,3,8,19,7.857,0.324,2.631,-0.003,3.794,-0.16,86,3.18,1.17,2.9,2.5,3.4,1.27,1.15,1.35,-67.9,0.2,0.1,3,2421,0.856,4,31,-68,1,11.6,1.2,-53,-24,-47,7.919,0.027,6.44,8.63,0.15,0.77,254.5095833333333,-12.084166666666667,80.52325,11.316805,27.99886,PM*,F5V
HD 153240, ,16,58,18.9,-,4,20,36,15,23,8.347,0.333,2.617,-0.014,3.788,-0.15,76,3.93,0.55,3.9,2.3,6.0,1.11,1.05,1.18,-22.9,0.2,0.4,4,708,0.441,13,-35,-31,1,13.1,1.3,-18,-22,-4,7.932,0.029,6.93,7.97,0.07,0.05,254.57874999999996,-4.343333333333333,67.57459,18.106558,29.695566,*,F6V
HD 153376, ,16,58,37.9,+,15,27,15,35,32,6.9,0.402,2.608,0.024,3.771,0.14,53,3.16,1.46,2.9,2.5,4.4,1.4,1.37,1.44,-45.1,0.2,0.2,2,688,0.558,5,-21,140,1,18.7,0.8,-57,-2,-8,7.963,0.028,7.03,9.33,0.14,0.03,254.6579166666666,15.454166666666666,36.818058,25.780281,28.085722,PM*,F8V
HD 153455, ,16,58,58.3,+,17,32,12,37,33,8.471,0.295,2.681,0.03,3.829,0.02,151,2.45,0.97,1.4,1.2,1.7,1.53,1.45,1.63,-37.5,0.8,0.1,2,1237,0.968,35,-42,1,2,8.1,1.1,-31,-36,4,7.899,0.081,6.06,8.03,0.14,0.18,254.74291666666662,17.53666666666667,101.13861,76.2134,82.24049,*,F8
HD 153479, ,16,59,57.7,-,4,20,57,15,22,8.459,0.314,2.647,0.007,3.797,-0.25,91,3.66,0.71,3.4,2.4,4.9,1.14,1.07,1.21,24.5,0.4,0.6,2,668,0.102,8,12,-34,2,0.0,0.0,29,-2,-2,7.919,0.035,7.16,9.06,0.12,0.09,254.99041666666668,-4.349166666666666,81.498764,21.837528,34.0892,*,F6V
HD 153559, ,16,58,58.3,+,31,28,11,53,37,7.75,0.286,2.666,0.0,3.813,-0.13,71,3.48,0.42,2.2,1.0,3.0,1.27,1.22,1.32,-14.4,0.5,0.2,2,1917,0.787,15,11,5,2,14.0,0.8,-8,-6,-11,7.966,0.043,7.87,8.0,0.01,0.07,254.74291666666662,31.46972222222222,34.12479,45.28513,42.728863,*,F5
HD 153627, ,17,0,16.3,+,10,49,22,30,30,7.386,0.372,2.603,0.008,3.765,-0.39,43,4.23,0.99,11.4,6.8,13.8,0.97,0.88,1.02,-1.6,0.3,0.5,2,357,0.207,4,96,-101,2,23.4,0.9,15,-3,-24,7.968,0.021,7.47,8.7,0.08,0.26,255.06791666666663,10.822777777777777,32.249996,18.619545,21.5,PM*,F8
HD 153668, ,16,58,25.1,+,48,0,3,74,38,8.038,0.345,2.622,0.007,3.78,-0.32,66,3.95,0.86,5.7,3.9,9.7,1.05,0.98,1.1,0.4,0.3,0.2,2,384,0.618,6,-87,72,2,15.2,0.7,-26,-10,21,7.986,0.041,7.5,8.3,0.05,0.49,254.6045833333333,48.00083333333333,14.335547,49.993984,40.63366,PM*,F8
HD 153796, ,17,1,7.3,+,11,20,27,31,30,7.735,0.232,2.714,0.012,3.846,-0.08,86,3.06,0.14,0.8,0.0,1.5,1.42,1.36,1.48,-50.2,1.2,1.3,2,1193,0.531,45,-10,21,2,11.6,1.0,-44,-19,-18,7.936,0.043,6.72,8.46,0.11,0.17,255.2804166666666,11.340833333333334,63.84026,38.359097,43.0,*,F0
HD 153846, ,17,0,7.6,+,40,21,2,64,38,8.318,0.306,2.633,0.007,3.798,-0.68,76,3.9,0.8,4.1,2.0,6.1,1.05,0.99,1.11,47.3,0.3,0.7,4,5148,0.246,11,42,-52,2,13.1,0.9,36,36,16,7.974,0.047,7.62,11.64,0.21,0.47,255.03166666666667,40.35055555555556,26.253532,53.827717,46.790276,PM*,F5
HD 153897, ,17,1,9.6,+,27,11,47,48,35,6.55,0.274,2.672,-0.003,3.82,-0.14,43,3.39,0.36,1.9,0.7,2.6,1.29,1.25,1.35,-31.2,0.6,1.5,7,2015,0.466,35,-5,-61,2,23.3,0.7,-7,-26,-20,7.977,0.025,6.75,7.98,0.08,0.19,255.28999999999996,27.19638888888889,23.569145,26.176191,24.663788,PM*,F5V
HD 153950, ,17,4,30.8,-,43,18,35,343,-1,7.394,0.358,2.646,0.031,3.795,0.2,52,3.69,0.31,2.3,0.4,3.7,1.28,1.24,1.33,33.0,0.2,0.3,5,1774,0.381,5,111,-140,1,19.3,1.3,28,-19,-43,7.95,-0.001,6.7,8.62,0.13,0.67,256.12833333333333,-43.30972222222222,49.720272,-15.201015,-0.9075251,PM*,F8V
HD 153970, ,17,0,28.8,+,45,46,43,71,38,7.497,0.336,2.63,0.0,3.786,-0.15,43,4.31,0.21,3.2,0.0,6.8,1.07,1.01,1.14,-49.9,0.2,0.3,4,1715,0.646,5,-149,70,1,23.0,0.6,-32,-51,-6,7.989,0.027,5.42,8.09,0.2,0.03,255.11999999999995,45.77861111111111,11.031702,32.03839,26.473444,PM*,F8
HD 154038, ,17,4,2.0,-,27,12,54,356,9,7.762,0.336,2.652,0.028,3.806,0.05,97,2.71,1.17,1.9,1.6,2.3,1.45,1.37,1.55,-8.9,1.8,2.5,2,745,0.011,30,11,-35,2,3.9,1.3,-7,-10,-15,7.904,0.014,7.63,7.92,0.02,0.11,256.00833333333327,-27.215,95.572395,-6.683064,15.174144,*,F6IV
HD 154208, ,17,11,1.3,-,72,51,11,319,-19,7.799,0.292,2.66,0.008,3.812,-0.28,123,2.34,1.71,1.9,1.7,2.2,1.49,1.4,1.57,-37.3,0.2,0.3,2,449,0.372,6,-23,-64,2,8.1,0.8,-54,-6,3,7.911,-0.04,6.95,9.05,0.13,0.17,257.75541666666663,-72.85305555555556,87.7718,-76.298874,-40.04488,PM*,F5IV
HD 154337, ,17,6,23.2,-,37,6,5,349,2,7.825,0.317,2.631,-0.007,3.795,-0.21,53,4.21,0.16,1.6,0.0,5.3,1.1,1.04,1.16,-1.3,0.5,0.7,2,1099,0.08,9,46,-85,2,18.9,1.0,-2,-10,-22,7.948,0.002,7.6,8.04,0.03,0.22,256.59666666666664,-37.10138888888889,51.99455,-10.106726,1.8496733,PM*,F8V
HD 154355, ,17,1,31.0,+,58,33,22,87,37,7.279,0.329,2.645,0.016,3.791,-0.24,63,3.27,1.22,4.6,2.7,5.2,1.18,1.14,1.3,-20.0,0.3,0.2,2,739,0.718,8,-64,-35,1,15.8,0.5,6,-29,4,7.998,0.038,6.55,8.1,0.11,0.18,255.37916666666663,58.55611111111111,2.633234,50.245083,37.914345,PM*,F5
HD 154578, ,17,4,5.2,+,46,5,23,72,37,7.836,0.316,2.63,-0.006,3.795,-0.34,68,3.67,0.82,3.7,3.0,4.5,1.12,1.06,1.19,29.8,0.6,0.0,1,0,0.0,10,-8,-217,2,14.7,0.7,74,0,18,7.983,0.041,6.48,10.77,0.25,0.52,256.02166666666665,46.08972222222222,16.78185,51.649235,40.92342,PM*,F7V
HD 154865, ,17,8,25.0,-,12,2,0,10,16,7.704,0.346,2.605,-0.012,3.779,-0.55,79,3.22,1.8,5.5,4.6,6.5,1.1,1.05,1.15,-51.9,0.2,0.3,4,1030,0.707,9,-61,-4,2,12.7,1.0,-52,-23,3,7.926,0.022,6.43,8.58,0.14,0.15,257.10416666666663,-12.033333333333333,74.78598,13.186786,21.77535,PM*,F5V
HD 154866, ,17,8,57.7,-,23,59,37,0,10,8.093,0.304,2.629,-0.019,3.802,-0.28,72,3.79,0.49,3.3,1.7,4.5,1.15,1.08,1.21,-38.4,0.7,0.6,2,338,0.534,29,-28,-26,2,13.8,1.1,-38,-13,-5,7.929,0.012,7.03,8.41,0.09,0.04,257.24041666666665,-23.99361111111111,70.90616,0.0,12.502668,*,F3V
HD 154892, ,17,7,41.3,+,15,12,37,36,30,7.893,0.316,2.641,0.004,3.798,-0.23,102,2.85,1.47,2.5,2.2,2.9,1.35,1.26,1.43,-46.5,0.3,0.1,2,740,0.898,4,-54,7,2,9.8,1.0,-39,-36,-1,7.928,0.051,6.01,8.17,0.15,0.1,256.92208333333326,15.210277777777778,71.46418,51.92177,51.0,PM*,F8V
HD 154945, ,17,8,49.5,-,5,11,30,16,20,8.46,0.254,2.663,-0.021,3.83,-0.31,144,2.67,1.03,1.9,1.6,2.2,1.38,1.3,1.47,-31.8,0.4,0.6,3,1091,0.562,22,6,19,1,8.9,1.4,-33,4,-8,7.87,0.049,7.56,8.85,0.08,0.05,257.20625,-5.191666666666667,130.07384,37.298073,49.250896,*,F0V
HD 154974, ,17,8,15.7,+,16,5,38,37,30,6.673,0.332,2.62,-0.014,3.792,-0.17,80,2.16,2.25,1.8,1.6,2.0,1.59,1.52,1.66,-25.6,0.3,0.2,2,740,0.593,8,-48,-14,1,12.5,0.9,-17,-27,0,7.944,0.04,6.65,7.96,0.09,0.11,257.06541666666664,16.093888888888888,55.33109,41.69496,40.0,PM*,F8IV
HD 155060, ,17,7,55.8,+,32,6,19,55,35,7.222,0.365,2.613,0.003,3.771,-0.16,36,4.43,0.45,7.2,3.1,10.3,1.0,0.95,1.07,-10.8,0.2,0.2,4,1384,0.787,3,-160,-39,2,27.7,0.7,-3,-26,15,7.983,0.021,6.77,8.0,0.08,0.34,256.98249999999996,32.10527777777778,16.914467,24.156363,20.648752,PM*,F8
HD 155092, ,17,8,21.3,+,28,14,1,50,34,7.079,0.286,2.676,0.014,3.816,-0.11,71,2.81,1.0,2.0,1.7,2.3,1.43,1.38,1.47,7.4,0.4,0.3,2,751,0.579,17,-5,-132,1,14.0,0.7,41,-19,-4,7.962,0.04,6.46,8.94,0.16,0.06,257.08875,28.233611111111113,37.835552,45.090656,39.702694,PM*,F2
HD 155117, ,17,13,30.2,-,60,30,40,330,-12,8.504,0.346,2.608,-0.005,3.779,-0.39,84,3.88,1.02,6.8,4.4,9.3,1.03,0.97,1.09,12.5,0.3,0.3,2,1465,0.342,3,1,0,2,11.9,1.2,11,-6,-3,7.929,-0.018,7.45,8.44,0.06,0.06,258.3758333333333,-60.51111111111111,71.15645,-41.082214,-17.464582,*,F7V
HD 155193, ,17,9,41.0,+,10,2,19,31,27,7.015,0.351,2.629,0.014,3.78,-0.22,61,3.08,1.65,4.2,3.8,4.8,1.29,1.15,1.36,3.7,0.3,0.3,2,672,0.397,5,-67,-135,2,16.3,0.9,25,-36,2,7.953,0.028,5.98,8.3,0.16,0.14,257.4208333333333,10.038611111111111,46.58824,27.99304,27.69342,PM*,F8IV
HD 155262, ,17,4,19.0,+,70,18,14,102,34,8.268,0.263,2.682,-0.002,3.828,-0.03,106,3.13,0.35,1.4,0.6,2.0,1.39,1.34,1.44,-2.2,0.9,1.2,2,735,0.176,20,-16,25,2,9.4,0.7,-13,-7,2,8.018,0.06,7.87,8.06,0.01,0.15,256.07916666666665,70.30388888888889,-18.270855,85.95764,59.27445,*,F5
HD 155286, ,17,9,37.7,+,23,34,40,45,32,7.903,0.291,2.671,0.014,3.813,-0.18,116,2.58,1.36,2.0,1.7,2.3,1.44,1.36,1.52,-23.2,0.5,0.2,2,672,0.722,20,-11,31,2,8.6,1.0,-28,-8,-3,7.93,0.062,7.44,8.3,0.05,0.09,257.4070833333333,23.57777777777778,69.56062,69.56062,61.470634,*,F5
HD 155356, ,17,7,51.0,+,56,10,15,84,37,7.885,0.305,2.644,0.004,3.801,-0.38,70,3.65,0.74,3.5,2.6,4.3,1.14,1.08,1.2,-41.2,0.4,0.4,3,2649,0.634,16,-54,83,2,14.2,0.7,-33,-39,-12,7.994,0.042,5.97,8.14,0.15,0.08,256.9625,56.170833333333334,5.843608,55.59824,42.12705,PM*,F5
HD 155395, ,17,10,30.6,+,21,12,56,42,31,7.59,0.248,2.692,0.004,3.841,-0.05,122,2.16,1.1,1.3,1.1,1.5,1.62,1.54,1.71,-84.0,6.9,0.0,1,0,0.0,29,-8,23,2,8.2,0.9,-64,-44,-36,7.923,0.063,5.48,8.58,0.22,0.52,257.6275,21.215555555555554,77.71393,69.97394,62.834644,*,F5
HD 155423, ,17,11,22.5,+,4,41,24,25,24,6.781,0.352,2.642,0.02,3.795,0.25,44,3.48,0.49,2.5,1.2,3.7,1.34,1.3,1.37,-33.5,0.3,0.1,2,662,0.759,10,-58,-1,1,22.8,0.8,-29,-20,-4,7.964,0.018,6.91,8.16,0.08,0.05,257.84375,4.69,36.429947,16.987564,17.896412,PM*,F7V
HD 155467, ,17,11,51.8,-,0,59,2,20,22,8.083,0.316,2.64,0.0,3.797,-0.2,64,4.06,0.26,2.9,0.0,5.1,1.12,1.06,1.18,-21.8,0.3,0.3,2,721,0.47,8,81,48,2,15.7,1.2,-23,17,-21,7.944,0.023,7.88,9.55,0.1,0.23,257.9658333333333,-0.9838888888888888,55.761143,20.295395,23.974821,PM*,F5V
HD 155479, ,17,7,34.1,+,63,26,21,93,36,7.884,0.324,2.643,0.015,3.795,-0.27,159,1.88,2.55,1.7,1.5,2.0,1.59,1.54,1.63,-15.4,0.3,0.5,2,736,0.278,7,-4,-7,2,6.3,0.6,6,-15,-6,8.007,0.092,7.27,8.2,0.06,0.1,256.8920833333333,63.439166666666665,-6.732166,128.45741,93.457855,*,F5
HD 155498, ,17,35,27.9,-,84,41,48,308,-25,8.479,0.369,2.615,0.022,3.779,-0.38,130,2.82,2.07,3.8,3.1,4.7,1.19,1.13,1.33,8.6,0.5,0.9,3,1571,0.012,8,56,-4,2,7.7,0.8,5,12,-34,7.927,-0.055,7.83,9.23,0.08,0.47,263.86625,-84.69666666666667,72.53724,-92.84343,-54.940376,PM*,F8V
HD 155513, ,17,8,7.5,+,61,9,34,91,36,6.727,0.333,2.635,0.009,3.793,-0.15,110,1.52,2.84,0.0,0.0,0.0,0.0,0.0,0.0,-10.2,1.0,0.7,2,389,0.603,40,-21,61,2,9.1,0.5,-33,-12,-1,8.001,0.064,7.25,8.4,0.07,0.11,257.03125,61.159444444444446,-1.5531172,88.97832,64.65638,PM*,F5
HD 155515, ,17,12,31.4,-,10,16,41,12,17,7.566,0.334,2.61,-0.006,3.784,-0.35,42,4.43,0.32,3.8,0.0,8.4,1.01,0.95,1.08,-0.7,0.3,0.4,2,668,0.191,4,100,-1,2,23.6,0.9,2,11,-16,7.96,0.012,7.89,9.14,0.07,0.14,258.13083333333327,-10.278055555555556,39.2871,8.350732,12.279611,PM*,F6V
HD 155546, ,17,12,22.5,-,0,46,26,20,22,7.795,0.292,2.672,0.02,3.822,-0.2,98,2.75,1.01,2.0,1.6,2.3,1.4,1.32,1.47,33.0,1.0,0.8,2,330,0.559,40,14,-58,1,10.2,1.1,43,-5,-5,7.914,0.036,6.81,9.35,0.16,0.05,258.09375,-0.773888888888889,85.38425,31.077324,36.711445,PM*,F2V
HD 155559, ,17,10,32.0,+,39,51,7,64,36,7.539,0.31,2.654,0.014,3.799,-0.34,70,3.32,1.08,3.1,2.6,5.1,1.21,1.12,1.27,-38.4,1.2,1.7,2,1271,0.116,22,-1,35,1,14.3,0.7,-25,-24,-21,7.975,0.041,6.8,8.07,0.09,0.21,257.6333333333333,39.85194444444445,24.825481,50.899776,41.144966,*,F5
HD 155646, ,17,12,54.3,+,0,21,7,21,22,6.653,0.329,2.627,0.001,3.793,-0.2,68,2.47,1.94,2.1,1.9,2.4,1.48,1.41,1.55,60.9,0.2,0.2,2,210,0.681,7,19,-72,1,14.6,1.0,65,7,7,7.941,0.026,6.73,10.65,0.23,0.25,258.22624999999994,0.35194444444444445,58.860847,22.594563,25.473248,PM*,F6V
HD 155685, ,17,14,14.2,-,26,59,3,358,7,6.64,0.287,2.654,0.003,3.814,-0.38,85,2.0,2.1,1.6,1.5,1.8,1.59,1.51,1.65,7.9,1.5,1.0,2,803,0.62,55,3,-68,1,11.8,0.8,10,-22,-15,7.916,0.01,6.79,8.11,0.09,0.12,258.5591666666666,-26.984166666666667,84.31503,-2.9443545,10.358894,PM*,F2/3V
HD 155771, ,17,14,16.8,-,17,11,32,6,12,8.733,0.365,2.611,0.003,3.774,-0.14,121,3.32,1.47,5.2,3.5,6.6,1.14,1.07,1.25,-49.1,0.2,0.1,2,1109,0.901,3,-83,-68,2,0.0,0.0,-45,-64,7,7.882,0.026,4.71,8.09,0.26,0.22,258.56999999999994,-17.192222222222224,117.707504,12.371557,25.157316,PM*,F8V
HD 155817, ,17,12,44.6,+,29,54,43,52,33,8.343,0.353,2.636,0.017,3.782,-0.04,110,3.14,1.37,3.0,2.5,4.7,1.31,1.17,1.39,-54.5,0.4,0.6,2,751,0.114,5,-2,61,2,9.1,0.9,-55,-21,-23,7.944,0.06,6.46,8.7,0.15,0.26,258.1858333333333,29.911944444444444,56.79709,72.69696,59.910297,PM*,F5
HD 155967, ,17,14,20.0,+,14,33,9,36,28,7.43,0.302,2.645,-0.006,3.803,-0.2,57,3.66,0.53,3.1,1.9,4.0,1.19,1.13,1.25,-33.5,5.1,7.2,2,1154,0.187,45,4,11,2,17.6,1.0,-26,-15,-16,7.959,0.027,7.23,8.15,0.06,0.13,258.5833333333333,14.5525,40.716217,29.582062,26.75988,*,F6V
HD 155979, ,17,14,10.1,+,19,10,46,41,30,7.918,0.305,2.652,-0.003,3.805,-0.02,72,3.62,0.35,2.3,0.6,3.3,1.25,1.2,1.31,-32.0,0.5,0.3,2,1162,0.649,15,-25,37,2,13.8,1.1,-32,-15,-5,7.952,0.036,7.09,8.25,0.08,0.05,258.54208333333327,19.179444444444446,47.059032,40.90779,36.0,*,F8
HD 155990, ,17,15,17.2,-,7,12,6,15,18,8.069,0.333,2.626,-0.001,3.787,-0.2,67,3.93,0.62,4.3,2.7,6.4,1.09,1.04,1.16,-18.5,0.4,0.3,4,721,0.962,22,-5,-55,2,14.9,1.0,-11,-19,-13,7.938,0.02,7.11,7.94,0.06,0.08,258.82166666666666,-7.201666666666667,61.549553,16.492153,20.70414,PM*,F6/7V
HD 156098, ,17,17,3.6,-,32,39,46,354,3,5.54,0.312,2.653,0.002,3.806,0.17,51,2.02,1.76,1.4,1.3,1.5,1.75,1.7,1.84,-39.7,0.2,0.1,3,1,0.838,8,-100,-55,1,19.8,0.7,-43,-21,9,7.95,0.003,6.69,8.42,0.11,0.25,259.265,-32.66277777777778,50.6511,-5.323655,2.669134,PM*,F6V
HD 156282, ,17,14,44.0,+,42,12,12,67,35,7.636,0.362,2.596,0.0,3.769,-0.52,46,4.32,0.9,9.1,4.9,13.2,0.93,0.86,1.0,-3.7,0.2,0.4,3,1117,0.339,3,28,-79,2,0.0,0.0,16,-5,-9,7.985,0.027,7.42,8.65,0.08,0.04,258.6833333333333,42.20333333333333,14.723142,34.68554,26.384518,PM*,F8V
HD 156484, ,17,17,15.6,+,13,52,7,35,27,7.854,0.239,2.719,0.026,3.862,0.2,145,1.94,0.8,0.9,0.7,1.1,1.8,1.7,1.92,-17.8,2.4,5.9,6,767,0.02,110,-21,-8,1,5.2,1.0,-11,-21,1,7.895,0.066,6.98,7.89,0.06,0.14,259.315,13.868611111111111,105.83113,74.10376,65.82862,*,F2
HD 156549, ,17,18,14.8,-,0,45,53,21,20,7.904,0.335,2.644,0.014,3.791,-0.05,90,3.13,1.19,2.8,2.4,3.2,1.32,1.26,1.39,16.1,0.3,0.1,2,764,0.877,14,-29,-27,1,11.1,1.0,18,-10,11,7.921,0.031,7.16,8.51,0.09,0.29,259.56166666666667,-0.7647222222222222,78.95507,30.308014,30.78181,*,F6V
HD 156586, ,17,18,57.9,-,15,13,12,8,13,7.82,0.345,2.634,0.018,3.784,-0.26,83,3.22,1.45,4.7,3.5,5.7,1.17,1.12,1.24,-17.5,0.2,0.2,2,407,0.409,4,23,-88,2,12.0,1.1,-7,-26,-30,7.92,0.018,6.75,7.92,0.08,0.35,259.74125,-15.22,80.08567,11.255307,18.670937,PM*,F7V
HD 156632, ,17,16,53.9,+,39,28,6,64,34,7.483,0.328,2.627,0.005,3.789,-0.56,72,3.2,1.61,4.9,4.2,5.7,1.12,1.09,1.16,-36.5,0.3,0.5,3,411,0.388,6,-40,144,1,13.9,0.6,-60,-17,-3,7.974,0.041,6.53,8.97,0.16,0.07,259.2245833333333,39.468333333333334,26.166687,53.649654,40.261887,PM*,F5
HD 156730, ,17,18,21.1,+,23,25,55,46,30,7.803,0.316,2.651,0.009,3.801,-0.06,112,2.56,1.54,2.1,1.8,2.5,1.46,1.37,1.56,15.2,0.3,0.1,2,751,0.926,6,-9,-39,1,6.9,0.9,25,-5,6,7.932,0.056,7.18,8.87,0.11,0.21,259.5879166666667,23.431944444444447,67.37828,69.77225,56.0,*,F5
HD 156925, ,17,18,18.6,+,42,6,39,67,35,8.283,0.319,2.658,0.024,3.81,-0.11,123,2.72,1.23,2.1,1.8,2.4,1.43,1.36,1.5,-8.9,0.5,0.2,2,750,0.741,17,-11,14,1,8.1,0.8,-11,-8,1,7.96,0.07,7.8,7.97,0.01,0.14,259.5775,42.11083333333333,39.3684,92.74611,70.549904,*,F8
HD 156999, ,17,21,11.5,-,12,3,26,11,14,7.678,0.323,2.617,-0.008,3.79,-0.48,58,3.87,0.85,4.5,3.1,6.6,1.05,1.0,1.11,-5.4,0.3,0.4,2,668,0.228,7,-45,-96,2,17.3,1.1,1,-29,-5,7.945,0.014,6.53,8.0,0.1,0.04,260.29791666666665,-12.057222222222222,55.243183,10.738187,14.03147,PM*,F7V
HD 157304, ,17,25,5.9,-,50,26,58,340,-8,7.62,0.303,2.642,-0.015,3.807,0.05,65,3.56,0.3,1.9,0.3,2.8,1.29,1.24,1.34,-13.0,0.6,0.8,2,1208,0.024,5,18,-91,1,15.4,1.1,-21,-14,-18,7.94,-0.009,7.32,8.06,0.05,0.16,261.2745833333333,-50.44944444444444,60.485588,-22.014969,-9.046252,PM*,F6V
HD 157316, ,17,24,43.0,-,45,0,29,344,-5,6.653,0.261,2.7,0.027,3.841,-0.27,65,2.49,0.96,1.6,1.4,1.9,1.49,1.44,1.54,-1.3,0.9,0.2,2,346,0.871,35,-13,39,1,15.5,0.8,2,7,10,7.938,-0.006,7.85,8.88,0.06,0.28,261.1791666666666,-45.00805555555556,62.244244,-17.84826,-5.665123,*,F3V
HD 157338, ,17,24,8.7,-,34,47,54,353,1,6.921,0.37,2.608,0.007,3.767,-0.33,33,4.34,0.78,8.1,5.8,13.4,0.97,0.9,1.02,-24.4,0.1,0.2,6,2891,0.731,4,-1,-186,2,30.5,0.9,-26,-21,-17,7.967,0.0,6.91,8.11,0.08,0.14,261.03624999999994,-34.79833333333333,32.749035,-4.021079,0.5759294,PM*,F9.5V
HD 157373, ,17,20,33.7,+,48,11,19,75,35,6.358,0.29,2.656,0.012,3.807,-0.63,40,3.35,1.11,3.1,2.6,5.1,1.18,1.08,1.21,28.4,0.2,0.4,4,340,0.546,10,203,-5,2,25.0,0.7,11,44,-16,7.991,0.023,7.92,11.8,0.2,0.16,260.1404166666666,48.18861111111111,8.480487,31.649605,22.943058,PM*,F4V
HD 157379, ,17,23,36.2,-,16,2,17,8,11,6.653,0.282,2.649,-0.016,3.819,-0.1,79,2.17,1.57,1.6,1.4,1.8,1.61,1.55,1.68,-18.0,2.0,2.8,2,771,0.135,55,19,-12,1,12.7,0.9,-16,-2,-12,7.924,0.015,7.85,8.19,0.02,0.06,260.9008333333333,-16.03805555555556,76.793846,10.792672,15.073911,*,F3IV/V
HD 157387, ,17,24,50.6,-,41,30,1,347,-3,7.797,0.337,2.647,0.024,3.799,-0.08,83,3.11,1.05,2.6,2.2,3.0,1.33,1.26,1.39,24.8,0.3,0.3,2,1806,0.533,10,4,35,1,12.1,1.0,27,7,5,7.92,-0.005,7.39,9.4,0.12,0.2,261.21083333333326,-41.500277777777775,80.76188,-18.645346,-4.3438845,*,F6V
HD 157427, ,17,21,38.7,+,35,49,24,60,33,7.452,0.268,2.7,0.024,3.839,0.06,83,2.76,0.44,1.1,0.7,1.5,1.51,1.46,1.57,-34.2,0.6,1.1,4,1147,0.441,40,-14,61,2,12.1,0.7,-36,-18,-10,7.965,0.045,6.89,8.33,0.09,0.06,260.41125,35.82333333333334,34.804825,60.283733,45.20504,PM*,F0
HD 157466, ,17,22,27.6,+,24,52,45,47,30,6.88,0.352,2.598,-0.004,3.773,-0.49,30,4.51,0.6,8.2,2.5,11.8,0.94,0.88,1.02,35.4,0.3,0.5,3,412,0.156,5,72,-162,1,33.5,0.8,40,16,3,7.982,0.015,7.36,10.38,0.17,0.17,260.61499999999995,24.879166666666666,17.718836,19.001127,15.0,PM*,F8V
HD 157467, ,17,23,27.0,-,3,7,19,20,18,7.788,0.383,2.615,0.026,3.78,-0.05,112,2.42,2.15,2.2,1.9,2.7,1.5,1.4,1.59,-25.5,0.7,1.0,2,731,0.013,12,-22,-14,1,8.9,1.0,-20,-20,-2,7.899,0.035,6.95,7.96,0.07,0.08,260.86249999999995,-3.1219444444444444,100.09449,36.43141,34.609905,*,F7V
HD 157555, ,17,26,22.4,-,48,36,53,341,-7,7.047,0.312,2.659,0.009,3.801,-0.02,47,3.71,0.35,2.5,0.8,3.7,1.23,1.18,1.28,-15.9,0.3,0.5,3,1485,0.358,14,42,-18,1,21.5,0.9,-16,7,-8,7.956,-0.006,7.93,8.77,0.05,0.01,261.5933333333333,-48.61472222222223,44.10813,-15.18764,-5.7278595,*,F6/7V
HD 157587, ,17,24,52.2,-,18,51,33,6,9,8.483,0.32,2.64,0.007,3.794,-0.3,106,3.35,1.13,3.4,2.6,5.5,1.16,1.08,1.23,-9.6,1.2,1.5,2,647,0.366,35,-6,-33,2,9.4,1.2,-6,-16,-8,7.896,0.017,7.21,7.91,0.05,0.02,261.2175,-18.859166666666667,104.121445,10.943604,16.582054,*,F5V
HD 157749, ,17,26,15.7,-,28,24,59,358,4,7.233,0.246,2.714,0.023,3.855,0.17,87,2.44,0.43,0.8,0.5,1.1,1.65,1.57,1.74,-32.9,0.7,1.5,4,1151,0.378,40,-5,-35,2,0.0,0.0,-33,-12,-9,7.913,0.006,7.16,8.29,0.07,0.02,261.56541666666664,-28.41638888888889,86.735214,-3.0288692,6.068813,*,F3III
HD 157856, ,17,25,57.8,-,1,39,6,21,18,6.438,0.302,2.645,0.004,3.805,-0.35,62,2.49,1.78,2.1,1.9,2.3,1.45,1.39,1.5,-15.2,0.4,0.6,2,407,0.198,15,62,52,1,16.2,0.8,-19,16,-13,7.945,0.019,7.91,9.4,0.09,0.09,261.49083333333334,-1.6516666666666666,55.049038,21.131346,19.159054,PM*,F5V
HD 157884, ,17,27,20.8,-,32,32,47,355,1,8.385,0.299,2.621,-0.031,3.804,-0.38,91,3.59,0.73,3.2,2.2,4.3,1.15,1.08,1.21,9.1,0.5,0.6,2,1806,0.422,18,-71,-57,2,11.0,1.2,6,-38,12,7.909,0.002,6.04,7.98,0.14,0.3,261.8366666666666,-32.546388888888885,90.639915,-7.929991,1.588169,PM*,F5V
HD 157968, ,17,27,2.1,-,12,30,44,12,12,6.22,0.319,2.639,-0.005,3.799,0.03,45,2.94,1.12,2.3,2.0,2.6,1.42,1.38,1.46,-37.9,0.5,0.7,2,647,0.062,13,41,-64,1,22.1,0.8,-31,-14,-23,7.957,0.01,7.16,8.28,0.07,0.24,261.75874999999996,-12.512222222222222,43.054775,9.151575,9.356027,PM*,F7V
HD 157986, ,17,27,22.8,-,20,31,1,5,8,8.776,0.378,2.607,0.015,3.762,-0.35,72,4.49,0.76,11.0,6.2,15.3,0.92,0.85,0.99,40.9,0.2,0.1,2,687,0.912,3,-19,-18,2,13.9,1.3,41,-4,8,7.929,0.01,6.88,9.34,0.15,0.25,261.84499999999997,-20.516944444444444,71.027985,6.2141433,10.020464,*,F8V
HD 158170, ,17,28,2.3,-,8,12,30,16,14,6.39,0.357,2.643,0.033,3.804,0.25,91,1.46,2.32,1.1,0.9,1.5,1.97,1.89,2.03,-64.0,0.6,0.8,2,353,0.019,8,-85,-131,2,11.0,0.9,-42,-82,-13,7.915,0.023,4.02,8.06,0.33,0.09,262.0095833333333,-8.208333333333332,84.87644,24.337929,22.014893,PM*,F7V
HD 158225, ,17,26,45.9,+,31,13,9,55,31,7.146,0.302,2.664,0.013,3.807,-0.12,74,2.81,1.21,2.2,2.0,2.5,1.42,1.36,1.47,-0.6,0.4,0.6,2,756,0.225,13,8,-125,2,13.6,0.7,38,-18,-12,7.964,0.038,6.53,8.86,0.15,0.09,261.69124999999997,31.219166666666666,36.38217,51.95913,38.112816,PM*,F5V
HD 158302, ,17,29,7.3,-,14,4,50,11,11,7.911,0.412,2.639,0.095,3.8,-0.1,99,2.52,1.64,2.1,1.8,2.5,1.46,1.38,1.56,14.7,0.3,0.3,3,558,0.782,19,19,-13,1,7.4,1.1,16,3,-8,7.905,0.019,7.5,8.88,0.08,0.02,262.2804166666666,-14.080555555555556,95.3956,18.543026,18.89009,*,F5/6V
HD 158469, ,17,31,19.7,-,39,9,55,350,-3,7.935,0.347,2.617,-0.01,3.783,0.03,68,3.77,0.65,3.6,2.7,4.5,1.19,1.11,1.25,38.8,0.3,0.4,2,1808,0.275,6,-37,25,2,14.7,1.1,39,-7,13,7.933,-0.004,6.87,9.22,0.15,0.33,262.8320833333333,-39.165277777777774,66.875145,-11.79191,-3.5588453,*,F8/G2V
HD 158521, ,17,28,46.1,+,26,43,30,50,29,8.118,0.349,2.631,0.016,3.78,-0.27,83,3.53,1.24,5.9,4.8,7.2,1.1,1.05,1.16,-5.9,0.3,0.1,2,752,0.834,5,0,-121,2,12.1,1.0,36,-28,-15,7.954,0.04,6.2,8.63,0.16,0.13,262.1920833333333,26.724999999999998,46.66216,55.6098,40.239197,PM*,F6V
HD 158654, ,17,29,3.3,+,33,45,24,58,31,8.041,0.294,2.664,0.006,3.811,-0.11,104,2.95,0.97,2.2,1.8,2.6,1.38,1.32,1.44,-9.4,1.2,1.7,2,760,0.061,27,21,2,2,9.6,0.8,-5,-1,-13,7.952,0.054,7.9,8.29,0.02,0.1,262.26374999999996,33.75666666666667,47.239864,75.59959,53.56396,*,F2
HD 158671, ,17,28,16.2,+,46,3,52,72,33,8.139,0.276,2.703,0.04,3.845,-0.01,152,2.06,1.1,1.2,1.0,1.4,1.67,1.59,1.76,-38.6,1.8,0.8,2,343,0.758,14,4,-3,2,6.6,0.7,-8,-30,-24,7.961,0.083,6.57,7.96,0.1,0.27,262.06749999999994,46.06444444444444,39.39284,121.23871,82.78513,*,F2V
HD 158675, ,17,31,0.3,-,7,56,48,16,14,8.418,0.329,2.699,0.099,3.842,-0.51,112,2.75,0.9,1.8,1.4,2.1,1.33,1.27,1.4,-7.5,0.6,1.0,3,553,0.393,26,11,2,2,9.1,1.4,-7,2,-6,7.896,0.027,7.88,8.36,0.03,0.03,262.75124999999997,-7.946666666666667,104.4633,29.95437,27.095253,*,F0V
HD 158736, ,17,30,50.2,+,1,34,41,25,19,7.941,0.332,2.636,0.005,3.787,-0.21,61,4.0,0.56,4.5,2.5,6.5,1.08,1.03,1.15,-33.7,0.3,0.2,2,649,0.578,6,-26,109,2,16.3,1.0,-46,6,10,7.947,0.02,7.43,9.35,0.11,0.28,262.70916666666665,1.5780555555555555,52.272778,24.375198,19.859657,PM*,F6V
HD 158806, ,17,30,35.1,+,17,31,14,40,26,6.921,0.31,2.638,-0.01,3.801,-0.09,51,3.38,0.75,2.8,2.2,3.3,1.27,1.22,1.32,-27.9,0.8,1.1,2,1235,0.129,17,-113,130,2,19.6,1.0,-44,-12,22,7.965,0.022,7.02,8.65,0.1,0.5,262.64624999999995,17.520555555555553,35.114326,29.464417,22.356928,PM*,F6IV
HD 158884, ,17,33,5.8,-,31,58,41,356,1,8.816,0.328,2.616,-0.011,3.789,-0.48,135,3.16,1.58,4.7,3.3,5.9,1.13,1.06,1.21,53.7,0.5,0.7,2,1112,0.051,6,31,64,2,0.0,0.0,55,43,7,7.865,0.002,7.32,12.57,0.26,0.27,263.27416666666664,-31.978055555555553,134.65065,-9.415678,2.3560748,PM*,F5V
HD 158940, ,17,33,0.3,-,24,19,23,2,5,8.483,0.295,2.643,-0.005,3.806,-0.39,104,3.4,0.88,3.0,2.3,3.9,1.17,1.1,1.24,-27.9,0.2,0.2,3,693,0.84,11,-20,-116,2,9.7,1.4,-23,-55,-25,7.896,0.009,5.24,7.93,0.2,0.27,263.25124999999997,-24.323055555555555,103.54114,3.615736,9.064197,PM*,F3V
HD 159279, ,17,35,30.2,-,37,50,52,351,-3,7.902,0.285,2.674,0.005,3.816,0.02,81,3.37,0.33,1.6,0.3,2.4,1.33,1.27,1.39,-20.1,0.9,0.0,1,0,0.0,21,-41,-40,2,12.4,1.1,-22,-19,6,7.92,-0.004,7.05,8.02,0.06,0.19,263.8758333333333,-37.84777777777778,79.89312,-12.653817,-4.2392125,PM*,F3V
HD 159329, ,17,29,44.4,+,63,51,9,93,33,7.666,0.369,2.619,0.013,3.769,-0.24,45,4.41,0.59,8.0,4.9,11.8,0.98,0.93,1.04,-34.3,0.1,0.3,6,1119,0.495,3,2,-185,1,22.3,0.6,41,-28,-16,8.002,0.024,6.14,8.8,0.18,0.14,262.435,63.8525,-1.9751676,37.68845,24.508757,PM*,F9V
HD 159332, ,17,33,22.8,+,19,15,24,42,26,5.64,0.328,2.631,0.007,3.792,-0.32,37,2.82,1.72,3.5,2.4,3.8,1.36,1.31,1.41,-57.3,0.2,0.1,3,344,0.879,10,-29,-92,1,27.3,0.7,-27,-47,-26,7.976,0.016,5.65,8.04,0.17,0.29,263.34499999999997,19.256666666666668,24.713562,22.252192,16.219732,PM*,F4V
HD 159357, ,17,34,29.4,-,1,45,38,22,16,8.0,0.314,2.632,-0.009,3.796,-0.21,72,3.7,0.65,3.5,2.5,4.6,1.15,1.08,1.22,41.1,0.3,0.4,3,2587,0.48,4,124,-166,1,13.8,1.1,65,-4,-50,7.936,0.02,6.5,10.31,0.23,0.95,263.6225,-1.7605555555555557,64.17117,25.926836,19.84589,PM*,F5V
HD 159397, ,17,35,34.0,-,24,37,41,2,4,7.7,0.313,2.621,-0.02,3.796,-0.29,54,4.04,0.38,3.6,0.5,5.7,1.09,1.04,1.16,-16.2,0.5,0.7,2,998,0.208,15,-72,-78,1,18.5,1.1,-15,-28,4,7.946,0.004,6.63,7.96,0.09,0.16,263.8916666666666,-24.628055555555555,53.835648,1.8799821,3.7668495,PM*,F5V
HD 159517, ,18,1,34.1,-,85,12,53,308,-26,6.45,0.289,2.661,-0.002,3.815,-0.04,67,2.32,1.45,1.7,1.5,1.9,1.59,1.55,1.64,-11.2,1.0,1.5,2,1213,0.014,18,-5,-145,1,14.9,0.6,-44,-16,-5,7.963,-0.029,6.83,8.55,0.11,0.05,270.3920833333333,-85.21472222222222,37.074642,-47.453377,-29.370867,PM*,F5IV
HD 159583, ,17,34,46.8,+,19,8,14,43,25,7.882,0.3,2.67,0.017,3.807,-0.13,78,3.43,0.6,2.6,1.8,3.2,1.26,1.19,1.31,-31.4,1.0,1.4,2,753,0.03,17,-16,-14,2,12.9,1.1,-17,-25,-10,7.948,0.033,6.76,7.97,0.08,0.05,263.695,19.13722222222222,51.700855,48.211826,32.964226,*,F5
HD 159611, ,17,35,54.2,-,6,7,43,19,14,8.042,0.307,2.681,0.053,3.83,-0.38,105,2.71,1.05,1.9,1.6,2.2,1.35,1.28,1.44,2.7,0.8,1.4,3,2843,0.144,25,21,13,2,6.5,1.1,0,11,-5,7.903,0.025,7.85,9.06,0.07,0.04,263.9758333333333,-6.128611111111111,96.33042,33.169224,25.4018,*,F2V
HD 159775, ,17,41,10.5,-,65,19,40,328,-18,8.49,0.372,2.623,0.028,3.785,-0.08,113,3.1,1.38,3.0,2.4,4.6,1.29,1.14,1.39,-6.9,0.2,0.3,4,1922,0.476,7,-44,-41,2,8.1,1.1,-19,-24,12,7.909,-0.034,6.79,7.95,0.08,0.3,265.29375,-65.32777777777777,91.13921,-56.9501,-34.918922,PM*,F8V
HD 159972, ,17,37,14.4,+,6,26,31,30,19,8.446,0.342,2.637,0.031,3.8,-0.28,112,3.07,1.25,2.8,2.3,3.6,1.23,1.14,1.34,2.1,0.3,0.1,3,340,0.948,11,-7,-29,3,7.9,1.2,11,-12,-3,7.909,0.037,7.22,8.25,0.07,0.08,264.31,6.441944444444444,91.71043,52.94904,36.46363,*,F6V
HD 160032, ,17,40,23.8,-,49,24,56,342,-10,4.76,0.269,2.663,-0.009,3.821,-0.33,22,3.06,0.84,2.3,1.9,2.6,1.31,1.27,1.35,3.6,0.2,0.5,4,345,0.405,16,106,-177,1,45.7,0.8,-3,-10,-19,7.98,-0.004,7.62,8.07,0.03,0.17,265.0991666666667,-49.41555555555556,20.605371,-6.69509,-3.82026,PM*,F4V
HD 160034, ,17,18,52.4,+,83,20,12,116,30,7.565,0.357,2.609,-0.007,3.775,-0.24,78,3.1,1.76,4.3,3.9,4.9,1.19,1.15,1.33,35.6,0.4,0.0,1,0,0.0,2,63,107,1,12.8,0.6,-47,31,-13,8.03,0.039,7.75,11.07,0.18,0.12,259.7183333333333,83.33666666666666,-29.611961,60.71352,39.0,PM*,F8
HD 160043, ,17,39,0.6,-,28,24,45,0,2,7.685,0.293,2.644,-0.007,3.808,-0.33,81,3.13,1.06,2.7,2.3,3.1,1.26,1.18,1.33,-2.9,0.3,0.4,2,1528,0.264,4,-72,-76,1,12.3,1.1,-3,-40,8,7.919,0.002,5.99,7.93,0.14,0.22,264.75249999999994,-28.412499999999998,80.95066,0.0,2.8268592,PM*,F5V
HD 160078, ,17,34,9.1,+,60,5,21,89,33,7.28,0.35,2.633,0.027,3.794,-0.2,64,3.13,1.26,2.8,2.5,4.4,1.31,1.25,1.36,-22.2,0.3,0.2,2,734,0.747,10,51,-132,2,15.6,0.5,40,-12,-24,7.999,0.035,6.74,9.17,0.15,0.27,263.53791666666666,60.08916666666667,0.9367552,53.66674,34.8569,PM*,F5
HD 160089, ,17,39,5.9,-,26,56,15,1,2,7.707,0.357,2.615,0.001,3.776,-0.14,52,4.15,0.59,6.0,3.4,8.6,1.05,0.99,1.11,-34.1,0.2,0.3,5,1771,0.403,7,-9,-76,1,19.4,1.2,-33,-18,-10,7.949,0.002,6.93,8.23,0.09,0.04,264.7745833333333,-26.9375,51.960407,0.9069722,1.8147738,PM*,F8V
HD 160213, ,17,43,45.4,-,66,48,27,326,-18,8.491,0.323,2.638,0.017,3.79,-0.56,106,3.36,1.42,5.2,3.7,6.5,1.09,1.03,1.16,68.9,0.2,0.2,3,563,0.686,6,68,19,2,9.4,1.1,61,-10,-46,7.916,-0.034,6.38,9.86,0.21,0.82,265.9391666666666,-66.80749999999999,83.57692,-56.373375,-32.755802,PM*,F5V
HD 160312, ,17,39,6.5,+,4,28,26,29,18,8.045,0.354,2.646,0.06,3.809,-0.37,110,2.58,1.62,2.2,1.9,2.6,1.38,1.27,1.47,-21.8,0.3,0.4,3,822,0.692,12,8,-7,2,7.3,1.1,-16,-10,-12,7.908,0.034,7.54,7.96,0.03,0.07,264.7770833333333,4.473888888888889,91.499405,50.71895,33.99187,*,F3/5V
HD 160339, ,17,41,28.7,-,44,27,26,346,-7,8.278,0.337,2.664,0.042,3.816,0.19,130,2.53,1.02,1.5,1.3,1.8,1.56,1.47,1.66,-43.6,1.9,2.7,2,1599,0.059,45,3,-32,2,5.4,1.2,-47,-5,-7,7.875,-0.017,7.07,8.83,0.11,0.02,265.3695833333333,-44.45722222222223,125.19824,-31.215408,-15.843016,*,F6V
HD 160355, ,17,41,50.3,-,47,30,44,344,-9,7.407,0.296,2.675,0.019,3.812,-0.03,75,3.03,0.8,2.0,1.6,2.5,1.35,1.28,1.43,41.6,0.3,0.4,2,332,0.356,11,0,24,1,8.2,1.2,42,-4,-2,7.929,-0.012,6.86,9.38,0.16,0.08,265.4595833333333,-47.51222222222222,71.20702,-20.418297,-11.732586,*,F6IV
HD 160416, ,17,42,17.3,-,49,16,15,342,-10,7.977,0.3,2.647,0.0,3.805,-0.31,88,3.26,0.98,2.8,2.3,3.4,1.22,1.14,1.29,-14.8,0.5,0.0,1,0,0.0,14,-13,-27,2,11.4,1.2,-18,-7,1,7.918,-0.015,7.67,8.05,0.02,0.12,265.5720833333333,-49.270833333333336,82.421486,-26.78036,-15.28104,*,F3/5V
HD 160482, ,17,42,46.9,-,50,0,3,342,-10,7.753,0.325,2.647,0.01,3.791,-0.18,60,3.88,0.56,3.8,2.4,5.4,1.12,1.06,1.19,22.7,0.2,0.1,2,1436,0.675,3,-77,-145,2,16.8,1.1,6,-51,-6,7.944,-0.011,5.42,8.0,0.19,0.02,265.69541666666663,-50.00083333333333,56.19647,-18.259336,-10.418891,PM*,F5V
HD 160488, ,17,39,40.1,+,13,17,1,37,22,7.539,0.363,2.651,0.059,3.807,-0.07,112,2.03,1.95,1.5,1.4,1.8,1.65,1.55,1.74,-11.9,1.5,1.7,3,660,0.643,55,-1,-24,2,8.9,0.9,0,-15,-9,7.917,0.042,7.25,8.0,0.05,0.05,264.9170833333333,13.28361111111111,82.93398,62.49523,41.955936,*,F5
HD 160573, ,17,42,3.6,-,30,29,31,358,0,8.776,0.346,2.638,0.026,3.799,-0.1,170,2.51,1.67,2.1,1.8,2.5,1.46,1.38,1.56,3.7,1.4,1.9,2,1528,0.282,50,-4,12,2,7.0,1.4,4,7,8,7.83,0.0,7.71,8.75,0.06,0.23,265.515,-30.491944444444446,169.89644,-5.932932,0.0,*,F5V
HD 160915, ,17,43,25.7,-,21,40,59,6,4,4.869,0.304,2.646,-0.004,3.802,-0.2,18,3.65,0.56,3.2,2.1,4.1,1.19,1.14,1.24,10.3,0.2,0.3,4,1000,0.757,12,-98,-45,1,57.0,0.8,11,-6,6,7.983,0.001,7.49,8.48,0.06,0.2,265.85708333333326,-21.68305555555556,17.857788,1.8769292,1.2556164,PM*,F5V
HD 161023, ,17,43,48.4,-,13,30,31,13,8,6.37,0.254,2.682,0.004,3.828,-0.5,43,3.22,0.68,2.2,1.5,2.7,1.25,1.21,1.3,-8.0,0.2,0.5,5,558,0.568,14,-72,-110,2,23.4,0.9,-2,-28,0,7.959,0.006,6.63,7.99,0.09,0.1,265.95166666666665,-13.508611111111112,41.490166,9.578759,5.9844437,PM*,F0V
HD 161050, ,17,47,46.0,-,63,33,45,330,-17,7.151,0.373,2.607,0.007,3.768,-0.24,50,3.68,1.34,7.4,6.4,8.4,1.07,1.03,1.12,-16.0,0.2,0.4,6,2261,0.113,5,-13,-73,2,20.2,0.8,-23,-6,0,7.959,-0.015,7.63,8.24,0.04,0.1,266.94166666666666,-63.5625,41.409206,-23.907625,-14.618585,PM*,F8/G0V
HD 161058, ,17,44,8.8,-,17,44,38,9,6,7.518,0.315,2.639,0.003,3.796,-0.3,63,3.52,0.91,3.4,2.6,5.3,1.14,1.07,1.22,-20.2,0.5,0.6,2,687,0.082,13,4,-27,1,0.0,0.0,-18,-10,-8,7.938,0.007,7.57,8.03,0.03,0.01,266.03666666666663,-17.74388888888889,61.883495,9.801383,6.5852933,*,F3/5V
HD 161071, ,17,58,9.3,-,81,27,12,312,-25,7.301,0.274,2.678,0.002,3.822,-0.02,70,3.08,0.52,1.7,1.1,2.2,1.39,1.35,1.44,-5.6,1.0,0.3,2,1209,0.805,40,-8,-119,2,14.3,0.7,-34,-20,-6,7.957,-0.029,6.86,8.26,0.09,0.03,269.53874999999994,-81.45333333333333,42.450687,-47.146248,-29.583279,PM*,F5IV/V
HD 161128, ,17,36,10.2,+,74,0,32,105,31,7.807,0.35,2.643,0.033,3.801,-0.03,179,1.41,2.66,1.2,1.0,1.4,1.84,1.75,1.93,-6.2,1.4,0.0,1,0,0.0,30,8,4,2,5.6,0.6,-1,-2,-9,8.04,0.092,7.91,8.38,0.03,0.1,264.0425,74.00888888888889,-39.711365,148.20485,92.19182,*,F5
HD 161192, ,17,47,42.1,-,57,26,55,335,-15,7.525,0.248,2.688,0.003,3.833,-0.4,81,2.97,0.75,1.9,1.5,2.3,1.32,1.27,1.38,2.6,1.7,2.4,2,691,0.038,27,8,15,2,12.3,0.9,5,5,0,7.929,-0.021,7.77,8.77,0.06,0.1,266.92541666666665,-57.448611111111106,70.90951,-33.065662,-20.964342,*,F0IV
HD 161201, ,17,44,9.9,+,0,21,17,25,15,8.076,0.329,2.679,0.068,3.827,-0.28,95,2.89,0.84,2.0,1.6,2.3,1.34,1.27,1.42,-32.0,0.9,1.5,3,381,0.111,21,-10,-13,1,10.5,1.2,-25,-20,-7,7.917,0.025,6.94,8.05,0.07,0.03,266.04125,0.3547222222222222,83.165474,38.7807,24.587809,*,F2V
HD 161203, ,17,44,34.7,-,7,24,29,18,11,8.023,0.441,2.609,0.074,3.773,-0.08,93,2.85,1.91,3.6,2.4,4.4,1.33,1.26,1.43,-37.4,0.2,0.1,2,726,0.759,4,-60,-33,2,10.7,1.1,-29,-37,8,7.913,0.018,6.05,8.02,0.14,0.23,266.14458333333334,-7.408055555555556,86.82321,28.210573,17.745237,PM*,F7/8V
HD 161462, ,17,55,40.8,-,77,33,29,316,-24,8.524,0.346,2.622,0.019,3.777,-0.52,67,4.39,0.65,7.1,2.7,10.4,0.96,0.9,1.03,-3.9,0.3,0.5,3,2215,0.122,5,12,-5,2,14.9,0.8,-4,3,-2,7.956,-0.027,7.92,8.56,0.04,0.08,268.91999999999996,-77.55805555555555,44.02901,-42.51834,-27.251354,*,F7V
HD 161478, ,17,44,27.9,+,31,39,41,56,27,8.23,0.324,2.633,-0.013,3.795,0.09,75,3.87,0.22,2.2,0.0,3.8,1.23,1.17,1.28,-18.3,0.5,0.9,9,1465,0.892,35,3,58,2,13.4,0.8,-27,-5,-4,7.963,0.034,7.6,8.4,0.05,0.06,266.11625,31.661388888888887,37.36834,55.40085,34.049286,PM*,F8
HD 161538, ,17,40,16.9,+,69,9,1,100,32,7.024,0.3,2.65,0.005,3.805,-0.33,76,2.63,1.63,2.2,2.1,2.4,1.41,1.37,1.46,-11.5,0.4,0.3,2,729,0.597,11,55,126,2,13.2,0.6,-43,-4,-27,8.011,0.04,7.33,8.91,0.1,0.32,265.07041666666663,69.15027777777779,-11.191913,63.472485,40.273865,PM*,F2
HD 161551, ,17,45,54.1,+,8,54,18,34,19,8.164,0.349,2.631,0.006,3.78,-0.08,65,4.1,0.5,4.7,2.4,7.2,1.09,1.03,1.15,-27.2,0.4,0.1,2,794,0.851,13,-45,25,2,15.4,1.0,-26,-16,6,7.949,0.021,7.14,8.13,0.06,0.2,266.47541666666666,8.905000000000001,50.95158,34.36727,21.161928,PM*,F8
HD 161566, ,17,50,25.5,-,61,55,28,331,-17,6.779,0.335,2.628,0.009,3.785,-0.43,57,2.98,1.81,4.1,3.7,4.6,1.18,1.14,1.24,17.7,0.2,0.2,2,690,0.62,5,-54,24,2,17.4,0.7,19,-10,10,7.952,-0.017,7.16,8.54,0.09,0.28,267.60625,-61.92444444444444,47.674973,-26.426657,-16.665186,PM*,F6V
HD 161718, ,17,48,26.2,-,30,17,58,359,-1,7.987,0.35,2.635,0.013,3.783,-0.02,75,3.61,0.86,3.5,2.8,5.5,1.18,1.1,1.26,19.8,0.3,0.4,2,357,0.241,6,-40,-11,2,13.3,1.2,20,-11,10,7.925,-0.002,7.1,8.54,0.09,0.26,267.1091666666666,-30.299444444444447,74.97716,-1.3087463,-1.3089304,*,F7/8V
HD 161767, ,17,44,7.5,+,56,11,36,84,31,8.378,0.316,2.641,0.01,3.798,-0.35,147,2.54,1.89,2.3,2.0,2.6,1.41,1.33,1.48,10.3,0.5,0.9,3,4040,0.134,16,-13,-59,2,6.8,0.7,42,1,11,7.988,0.077,7.06,9.67,0.16,0.33,266.03125,56.19333333333333,13.170957,125.31333,75.710594,PM*,F8
HD 161773, ,17,48,22.5,-,23,13,57,5,2,7.889,0.261,2.671,-0.002,3.828,-0.32,112,2.64,1.11,1.9,1.6,2.2,1.39,1.31,1.48,-12.8,0.9,1.2,2,659,0.231,29,14,-11,2,8.9,1.1,-12,-2,-10,7.888,0.005,7.88,8.07,0.01,0.04,267.09375,-23.232499999999998,111.505844,9.755497,3.9087434,*,F0V
HD 161986, ,17,50,12.9,-,35,21,33,355,-4,8.76,0.333,2.656,0.051,3.814,-0.41,135,2.89,1.23,2.4,2.0,2.9,1.28,1.19,1.37,62.2,0.9,0.0,1,0,0.0,24,-9,-1,2,0.0,0.0,62,-8,0,7.866,-0.01,6.35,9.81,0.21,0.12,267.55375,-35.35916666666667,134.15869,-11.737403,-9.417124,*,F3V
HD 161990, ,17,44,45.8,+,60,18,47,89,32,8.36,0.329,2.626,0.005,3.787,-0.47,88,3.64,1.14,6.3,3.7,7.7,1.06,1.01,1.13,-30.2,0.6,0.8,2,389,0.129,10,-17,100,2,11.4,0.7,-42,-29,-10,7.999,0.046,6.37,8.36,0.14,0.06,266.19083333333333,60.31305555555555,1.3024405,74.61687,46.632896,PM*,F8
HD 162195, ,17,43,55.7,+,69,4,26,99,31,7.839,0.346,2.627,0.004,3.782,-0.12,63,3.83,0.76,4.2,3.0,7.3,1.11,1.06,1.18,-29.3,0.2,0.1,2,2140,0.81,4,-60,-44,2,15.8,0.6,17,-33,1,8.009,0.033,6.27,8.24,0.14,0.13,265.98208333333326,69.07388888888889,-8.447702,53.336693,32.4474,PM*,F8
HD 162343, ,17,51,39.1,-,23,40,38,5,2,7.34,0.406,2.629,0.066,3.791,0.07,91,2.26,1.94,1.8,1.5,2.2,1.59,1.48,1.69,13.6,0.7,0.8,3,559,0.649,40,6,-8,2,6.7,0.9,14,0,-3,7.909,0.002,7.51,8.7,0.07,0.06,267.91291666666666,-23.677222222222223,90.598495,7.9263406,3.1758542,*,F5V
HD 162396, ,17,52,52.5,-,41,59,47,349,-8,6.2,0.347,2.612,0.001,3.778,-0.41,33,3.62,1.32,6.9,5.8,8.0,1.05,1.01,1.11,-17.0,0.1,0.3,5,3870,0.583,4,143,-191,1,30.5,0.9,-23,-11,-32,7.968,-0.005,7.47,8.16,0.04,0.4,268.21875,-41.99638888888889,32.07844,-6.235423,-4.5927124,PM*,F9VFe-0.7CH-0.4
HD 162477, ,17,52,28.5,-,30,13,2,0,-2,8.086,0.3,2.675,0.022,3.821,0.07,87,3.29,0.25,1.3,0.0,2.0,1.37,1.31,1.44,10.7,0.3,0.3,2,426,0.413,12,18,9,2,0.0,0.0,11,7,-5,7.913,-0.003,7.68,8.97,0.08,0.04,268.11875,-30.21722222222222,86.94701,0.0,-3.036256,*,F3/5V
HD 162521, ,17,56,24.2,-,65,43,18,328,-19,6.37,0.292,0.0,0.0,3.81,-0.06,35,3.67,0.23,1.7,0.0,3.1,1.25,1.2,1.3,-21.3,0.5,0.4,2,1218,0.53,21,84,-317,2,28.9,0.8,-48,-20,-25,7.972,-0.011,6.64,8.59,0.13,0.29,269.1008333333333,-65.72166666666666,28.064583,-17.5367,-11.394885,PM*,F5V
HD 162796, ,17,53,11.5,-,10,22,18,17,8,7.937,0.359,2.601,-0.013,3.774,-0.53,99,2.96,2.16,4.8,3.7,6.2,1.13,1.06,1.22,-19.7,0.2,0.3,3,558,0.46,6,-31,-49,1,10.1,1.2,-11,-32,-2,7.906,0.014,6.38,7.91,0.11,0.08,268.2979166666666,-10.371666666666668,93.75281,28.663109,13.778137,PM*,F6V
HD 162826, ,17,51,14.0,+,40,4,20,66,28,6.46,0.352,2.629,0.001,3.781,0.1,33,3.84,0.57,3.7,2.7,4.3,1.2,1.17,1.26,1.3,0.3,0.3,2,1515,0.372,4,-16,9,1,29.9,0.6,-1,0,3,7.988,0.016,7.89,8.46,0.03,0.15,267.8083333333333,40.07222222222222,11.851194,26.618221,15.492562,*,F8V
HD 162883, ,17,53,34.8,-,8,42,30,18,9,8.122,0.228,2.719,0.015,3.849,-0.1,109,2.94,0.24,1.0,0.0,1.5,1.44,1.38,1.51,-32.9,1.1,1.4,5,1402,0.779,55,23,1,2,9.2,1.0,-31,-5,-15,7.898,0.016,7.44,8.44,0.06,0.12,268.395,-8.708333333333332,102.38888,33.26816,17.051357,*,F0V
HD 162892, ,17,55,12.9,-,39,34,3,352,-7,9.104,0.326,2.621,-0.014,3.791,-0.26,142,3.34,1.17,3.5,2.7,5.7,1.16,1.08,1.23,-8.4,0.2,0.3,2,1063,0.368,8,-44,-52,2,10.0,1.5,-13,-44,9,7.861,-0.018,5.74,7.86,0.16,0.25,268.80375000000004,-39.5675,139.56992,-19.615273,-17.305447,PM*,F6/7V
HD 162916, ,17,52,49.2,+,17,49,59,43,21,8.228,0.311,2.678,0.034,3.821,0.11,101,3.06,0.45,1.5,0.8,1.9,1.42,1.36,1.5,4.9,0.6,0.4,2,748,0.607,22,53,-32,1,9.9,1.1,14,7,-26,7.931,0.036,7.65,9.11,0.09,0.3,268.205,17.833055555555557,68.960526,64.306725,36.195164,PM*,F2
HD 163079, ,17,53,56.8,+,7,55,23,34,16,7.97,0.324,2.665,0.037,3.817,-0.01,125,2.33,1.37,1.6,1.4,1.9,1.56,1.47,1.66,-4.8,0.3,0.2,2,1141,0.642,6,43,-9,2,8.0,1.0,-1,7,-26,7.9,0.035,7.85,8.76,0.05,0.3,268.4866666666666,7.923055555555556,99.615265,67.19134,34.45467,*,F5
HD 163102, ,17,54,29.8,-,3,27,44,23,11,7.314,0.33,2.637,0.011,3.789,-0.29,52,3.75,0.83,3.9,3.2,7.0,1.09,1.04,1.17,-27.0,0.3,0.5,2,726,0.2,7,18,-142,1,19.4,0.9,-9,-35,-25,7.954,0.01,6.26,7.95,0.12,0.28,268.6241666666666,-3.4622222222222225,46.986816,19.94472,9.922068,PM*,F7V
HD 163121, ,17,56,1.2,-,33,37,41,357,-4,8.792,0.255,2.687,0.006,3.828,-0.4,130,3.22,0.6,2.0,1.3,2.6,1.26,1.2,1.32,-19.6,0.4,0.5,2,646,0.363,16,-7,-25,2,7.0,1.3,-20,-15,-3,7.871,-0.01,7.21,7.96,0.05,0.06,269.005,-33.628055555555555,129.5056,-6.787102,-9.068341,*,F0/2(Vw)
HD 163265, ,17,54,5.0,+,27,20,33,53,24,8.147,0.325,2.652,0.02,3.805,-0.08,106,2.93,1.1,2.3,1.9,2.7,1.37,1.3,1.45,22.2,0.3,0.1,2,756,0.845,4,-42,-117,2,9.4,0.9,62,-22,9,7.941,0.043,6.01,9.48,0.22,0.29,268.5208333333333,27.342499999999998,58.277245,77.336525,43.114082,PM*,F6V
HD 163363, ,17,55,15.4,+,15,16,49,41,19,7.911,0.38,2.619,0.03,3.782,-0.09,106,2.65,1.91,2.4,2.1,2.8,1.43,1.34,1.52,39.5,0.3,0.2,2,356,0.68,8,33,-101,2,9.4,0.9,63,2,-21,7.924,0.035,6.62,10.33,0.22,0.23,268.8141666666666,15.280277777777778,75.64075,65.753494,34.510223,PM*,F8
HD 163385, ,17,55,27.8,+,8,33,34,34,16,8.308,0.335,2.661,0.034,3.806,0.05,79,3.66,0.22,1.8,0.0,2.9,1.27,1.21,1.33,18.6,0.4,0.6,2,406,0.245,9,18,-71,2,12.6,1.2,31,-5,-12,7.937,0.022,7.07,9.03,0.12,0.07,268.86583333333334,8.559444444444445,62.956844,42.464928,21.77535,PM*,F8
HD 163520, ,17,58,10.8,-,37,20,15,354,-7,7.652,0.265,2.681,-0.003,3.833,0.25,123,2.2,0.97,1.3,0.9,1.6,1.69,1.6,1.8,8.8,0.7,1.5,5,1149,0.193,70,-12,-46,3,8.2,1.2,6,-27,-8,7.878,-0.014,6.53,7.98,0.1,0.02,269.54499999999996,-37.337500000000006,121.41438,-12.761189,-14.98993,*,F3V
HD 163674, ,17,55,16.0,+,44,0,3,71,28,8.188,0.332,2.644,0.018,3.791,-0.22,141,2.44,2.03,2.2,1.9,2.6,1.46,1.39,1.54,2.4,0.6,0.4,2,753,0.681,24,22,-29,1,7.1,0.7,19,5,-15,7.959,0.066,7.55,9.13,0.09,0.14,268.81666666666666,44.00083333333333,40.531803,117.712906,66.195496,*,F5
HD 163696, ,18,2,54.1,-,67,51,7,326,-21,7.73,0.31,2.653,0.011,3.801,-0.24,120,2.33,1.94,2.0,1.7,2.3,1.48,1.41,1.58,-8.4,0.6,0.9,2,354,0.245,20,1,4,2,8.3,0.9,-5,6,3,7.906,-0.042,7.89,8.67,0.05,0.16,270.72541666666666,-67.85194444444444,92.87677,-62.64621,-43.004154,*,F3/5V
HD 163952, ,17,59,26.6,-,13,42,14,15,5,8.169,0.341,2.617,0.003,3.781,-0.48,82,3.6,1.32,6.3,4.6,8.2,1.04,0.99,1.1,17.6,0.6,0.8,2,687,0.021,8,65,-22,2,0.0,0.0,18,10,-24,7.921,0.007,7.61,9.36,0.1,0.28,269.86083333333335,-13.703888888888889,78.90452,21.1424,7.1467705,PM*,F7V
HD 163989, ,17,49,27.0,+,76,57,46,108,30,5.024,0.339,2.621,-0.005,3.786,-0.27,32,2.49,2.14,2.8,2.0,3.0,1.48,1.39,1.52,-25.0,0.2,0.5,4,2151,0.123,5,37,248,1,31.1,0.5,-30,-27,-22,8.009,0.016,6.64,8.17,0.1,0.23,267.36249999999995,76.96277777777777,-8.563727,26.356451,16.0,PM*,F6IV-Vs
HD 164057, ,17,54,38.6,+,64,59,34,95,30,8.206,0.318,2.656,0.018,3.796,-0.24,79,3.71,0.67,3.7,2.7,4.5,1.15,1.08,1.21,-19.9,0.5,0.8,2,735,0.068,4,6,-59,2,12.6,0.7,23,-14,-12,8.005,0.04,6.96,8.62,0.11,0.08,268.66083333333324,64.99277777777777,-5.9628496,68.15566,39.5,PM*,F8
HD 164112, ,18,3,6.7,-,57,19,52,336,-16,8.775,0.326,2.62,0.003,3.788,-0.57,100,3.77,1.07,5.6,3.3,7.8,1.04,0.98,1.1,-2.0,0.5,0.7,2,1471,0.123,7,-38,-66,2,10.0,1.2,-15,-33,4,7.912,-0.028,6.34,7.92,0.11,0.16,270.77791666666667,-57.33111111111111,87.815636,-39.09802,-27.563736,PM*,F6V
HD 164138, ,17,59,18.5,+,12,5,9,38,17,7.948,0.339,2.64,0.031,3.803,-0.23,120,2.41,1.8,2.1,1.8,2.4,1.46,1.37,1.55,-25.5,0.8,0.6,2,368,0.595,26,-15,21,1,8.3,1.0,-27,-11,5,7.909,0.035,7.31,8.17,0.06,0.18,269.82708333333335,12.085833333333333,90.42941,70.6512,35.084602,*,F8
HD 164249, ,18,3,3.4,-,51,38,56,342,-14,7.005,0.288,2.672,0.01,3.812,-0.19,47,3.65,0.32,2.2,0.4,3.4,1.22,1.17,1.27,-0.2,0.5,0.4,2,1471,0.597,21,3,-87,1,21.3,0.9,-7,-16,-9,7.957,-0.011,7.32,7.96,0.04,0.03,270.76416666666665,-51.64888888888889,43.371887,-14.092378,-11.370329,PM*,F6V
HD 164372, ,17,48,51.7,+,79,19,57,111,30,7.508,0.252,2.693,0.01,3.834,-0.2,115,2.21,1.31,1.5,1.3,1.7,1.58,1.52,1.64,-5.7,0.5,1.0,5,1150,0.394,50,-32,66,2,8.7,0.6,-32,-23,7,8.036,0.057,6.8,8.26,0.1,0.22,267.2154166666666,79.3325,-35.690907,92.978004,57.5,PM*,F2
HD 164396, ,18,0,6.1,+,20,44,29,47,20,7.418,0.327,2.645,0.03,3.806,-0.37,83,2.68,1.59,2.3,2.1,2.6,1.38,1.31,1.44,19.8,1.0,1.8,3,338,0.056,24,-28,-67,2,12.0,0.9,33,-6,7,7.946,0.029,6.99,9.07,0.13,0.23,270.0254166666667,20.74138888888889,53.19211,57.041553,28.38767,PM*,F8
HD 164674, ,18,2,28.5,-,3,9,26,24,9,6.763,0.351,2.612,-0.004,3.778,-0.43,71,2.51,2.44,2.9,2.6,3.2,1.37,1.29,1.43,15.4,0.1,0.2,5,3961,0.71,6,-40,23,2,14.1,0.8,11,6,18,7.936,0.012,7.69,9.01,0.08,0.43,270.61875,-3.157222222222222,64.06317,28.522764,11.106848,*,F7V
HD 164901, ,18,2,42.9,+,16,48,53,43,18,7.569,0.324,2.632,0.002,3.793,-0.26,77,3.14,1.32,3.0,2.5,4.9,1.19,1.14,1.33,-54.7,0.4,0.6,2,1811,0.206,6,-25,113,2,13.0,0.9,-67,-16,7,7.947,0.024,6.45,9.18,0.17,0.22,270.67875000000004,16.814722222222223,53.55802,49.94366,23.79431,PM*,F7V
HD 165000, ,18,5,44.1,-,41,25,55,351,-10,8.356,0.302,2.637,-0.004,3.802,-0.47,98,3.4,1.04,3.2,2.5,4.9,1.14,1.07,1.21,13.1,0.5,0.9,3,2447,0.019,11,25,-96,2,10.2,1.3,3,-35,-33,7.905,-0.017,6.23,7.96,0.12,0.41,271.43375,-41.43194444444444,95.322945,-15.09766,-17.01752,PM*,F5V
HD 165011, ,18,4,20.4,-,10,54,37,18,5,7.63,0.359,2.623,0.015,3.777,-0.23,75,3.25,1.55,4.9,4.2,5.8,1.17,1.11,1.25,-15.4,0.2,0.3,3,357,0.304,6,-7,-5,1,13.3,1.0,-14,-8,0,7.929,0.007,7.74,7.97,0.01,0.1,271.085,-10.910277777777779,71.057816,23.088083,6.53668,*,F8/G0V
HD 165027, ,18,6,55.0,-,52,58,1,341,-15,7.845,0.315,2.64,0.004,3.796,-0.32,67,3.71,0.74,3.7,2.8,4.7,1.12,1.06,1.19,5.5,0.3,0.2,2,1471,0.629,7,31,-102,2,14.9,1.0,-8,-24,-23,7.939,-0.017,6.87,7.94,0.07,0.25,271.7291666666667,-52.966944444444444,61.19115,-21.069794,-17.340876,PM*,F6V
HD 165073, ,18,2,55.9,+,30,21,2,56,23,8.054,0.328,2.638,0.01,3.791,-0.27,70,3.82,0.7,4.0,2.9,5.8,1.1,1.04,1.17,-36.7,0.4,0.1,2,1917,0.874,11,5,83,2,14.2,0.8,-43,-16,-8,7.964,0.028,6.89,8.52,0.11,0.03,270.73291666666665,30.350555555555555,36.031784,53.41932,27.35118,PM*,F7V
HD 165281, ,18,3,53.4,+,30,22,37,57,23,6.793,0.334,2.634,0.005,3.789,-0.15,47,3.45,1.01,3.3,2.8,5.5,1.2,1.13,1.28,1.3,0.5,0.7,2,1917,0.12,7,-49,-273,2,21.4,0.6,53,-29,-8,7.976,0.018,5.9,9.07,0.21,0.02,270.97249999999997,30.376944444444444,23.563116,36.284016,18.364363,PM*,F5V
HD 165291, ,18,6,16.9,-,26,47,20,4,-3,8.421,0.307,2.651,0.009,3.801,-0.3,107,3.27,1.05,3.0,2.4,4.4,1.19,1.11,1.28,19.6,0.3,0.2,2,688,0.584,8,14,23,2,0.0,0.0,18,16,-1,7.893,-0.005,7.63,9.63,0.12,0.09,271.57041666666663,-26.78888888888889,106.59307,7.453713,-5.5999475,*,F5V
HD 165298, ,18,2,59.7,+,46,14,9,73,27,8.166,0.311,2.666,0.025,3.814,-0.11,105,2.95,0.91,2.1,1.8,2.5,1.38,1.33,1.44,-26.5,0.6,0.8,2,740,0.078,6,-11,47,2,9.5,0.7,-29,-21,-3,7.973,0.048,6.9,8.16,0.08,0.08,270.74875,46.23583333333333,27.353043,89.46774,47.669003,PM*,F8
HD 165567, ,18,4,43.1,+,40,5,3,67,26,6.52,0.323,2.641,0.005,3.797,-0.1,50,3.01,1.22,2.6,2.3,2.9,1.37,1.33,1.41,3.7,0.3,0.2,4,1857,0.883,14,25,24,1,19.9,0.5,-4,8,-2,7.982,0.022,7.96,8.84,0.05,0.08,271.1795833333333,40.08416666666667,17.559343,41.36721,21.918558,*,F7V
HD 165610, ,18,6,55.8,-,3,14,0,25,8,7.039,0.319,2.62,-0.03,3.797,-0.23,108,1.88,2.47,1.6,1.4,1.9,1.6,1.54,1.7,-54.3,0.2,0.1,2,354,0.864,6,43,69,1,9.3,0.9,-66,14,-11,7.904,0.016,7.16,10.34,0.18,0.06,271.73249999999996,-3.2333333333333334,96.928665,45.19858,15.030695,PM*,F5/6V
HD 165696, ,18,9,27.4,-,45,56,18,347,-12,7.346,0.323,2.655,0.017,3.795,-0.1,52,3.79,0.48,3.5,2.0,4.4,1.18,1.11,1.24,-31.2,0.3,0.3,2,1839,0.488,10,31,-137,2,19.4,1.0,-39,-19,-15,7.951,-0.011,6.79,8.37,0.1,0.12,272.3641666666666,-45.93833333333333,49.560043,-11.441836,-10.811408,PM*,F6/7V
HD 166073, ,18,8,52.4,+,1,59,44,30,10,6.982,0.303,2.647,0.003,3.806,-0.25,93,2.15,2.01,1.8,1.6,2.0,1.57,1.49,1.64,-40.3,0.4,0.6,2,730,0.206,9,-4,34,1,10.8,0.8,-42,-10,1,7.921,0.017,7.09,8.61,0.1,0.12,272.2183333333333,1.9955555555555555,79.31677,45.79356,16.14928,*,F2V
HD 166601, ,18,10,2.6,+,30,50,25,57,22,7.878,0.329,2.647,0.017,3.791,-0.22,84,3.26,1.21,3.1,2.6,5.2,1.19,1.14,1.3,-60.0,0.3,0.3,2,756,0.486,9,15,-50,2,11.9,0.8,-13,-52,-34,7.958,0.031,5.44,7.96,0.19,0.44,272.5108333333333,30.840277777777775,42.418365,65.31855,31.466953,PM*,F5V
HD 166649, ,18,13,28.4,-,39,42,41,353,-10,7.695,0.318,2.646,0.003,3.799,-0.04,93,2.86,1.26,2.3,2.0,2.7,1.4,1.33,1.48,-25.1,0.4,0.5,2,469,0.116,7,-2,-142,2,10.8,1.0,-34,-53,-23,7.909,-0.017,5.29,8.03,0.21,0.24,273.3683333333333,-39.71138888888889,90.90444,-11.16167,-16.14928,PM*,F6V
HD 166913, ,18,16,25.6,-,59,24,11,335,-19,8.22,0.328,2.598,-0.008,3.782,-1.54,62,4.25,1.28,12.8,8.7,16.6,0.78,0.76,0.85,-48.4,0.2,0.6,8,4024,0.352,4,-257,-125,2,16.1,1.0,-51,-46,69,7.947,-0.02,5.77,8.33,0.18,1.98,274.1066666666666,-59.403055555555554,53.129707,-24.774803,-20.185225,PM*,F5/7Vw
HD 166972, ,18,16,28.5,-,57,26,49,337,-18,7.032,0.298,2.665,0.011,3.807,-0.19,60,3.16,0.93,2.6,2.2,3.0,1.3,1.25,1.36,-1.1,0.4,0.2,2,1479,0.678,16,9,-25,2,16.8,0.9,-4,-4,-5,7.948,-0.019,7.85,8.12,0.02,0.04,274.11875,-57.44694444444444,52.52713,-22.29644,-18.54102,*,F5V
HD 167062, ,18,21,25.0,-,74,22,28,320,-24,8.559,0.304,2.663,0.017,3.803,-0.31,118,3.21,1.07,2.8,2.4,3.5,1.21,1.13,1.3,10.2,0.4,0.5,2,691,0.266,12,-4,-79,2,8.5,1.0,-23,-37,-13,7.918,-0.048,6.1,7.97,0.13,0.09,275.35416666666663,-74.37444444444444,82.57832,-69.291466,-47.994923,PM*,F5V
HD 167300, ,18,18,44.5,-,61,56,6,333,-20,9.179,0.388,2.585,0.012,3.755,-0.66,88,4.46,1.15,14.1,9.5,0.0,0.83,0.8,0.89,7.1,0.2,0.2,2,1032,0.441,3,33,-27,2,9.6,1.4,-1,-6,-18,7.927,-0.03,7.72,8.13,0.03,0.16,274.68541666666664,-61.934999999999995,73.679955,-37.541813,-30.09777,*,F8V
HD 167389, ,18,13,7.2,+,41,28,31,69,24,7.389,0.392,2.605,0.011,3.759,-0.11,33,4.77,0.34,8.4,0.5,13.9,0.95,0.89,1.04,-5.6,0.2,0.1,2,358,0.853,3,51,-128,1,29.9,0.6,16,-6,-14,7.989,0.014,7.38,8.64,0.08,0.11,273.2799999999999,41.47527777777778,10.8037195,28.144648,13.422309,PM*,F8V:
HD 167407, ,18,6,2.1,+,76,7,54,107,29,7.579,0.378,2.617,0.014,3.768,-0.03,63,3.59,1.24,6.1,5.2,7.0,1.14,1.1,1.18,-12.0,0.5,0.7,2,730,0.075,6,-65,16,1,15.9,0.6,0,-21,11,8.016,0.03,7.07,8.08,0.07,0.28,271.50875,76.13166666666666,-16.109987,52.69339,30.543005,PM*,F8
HD 167471, ,18,11,31.5,+,60,36,43,90,28,7.692,0.348,2.636,0.018,3.783,-0.17,149,1.82,2.79,0.0,0.0,0.0,0.0,0.0,0.0,-7.1,0.3,0.4,2,740,0.414,12,-24,36,3,6.7,0.6,-24,-15,14,7.999,0.071,7.29,8.15,0.06,0.34,272.88124999999997,60.61194444444445,-5.750635e-06,131.55919,69.95126,*,F8
HD 167534, ,18,8,53.1,+,72,9,9,103,29,7.525,0.281,2.66,0.006,3.82,-0.32,167,1.42,2.49,1.2,1.1,1.4,1.76,1.69,1.85,-6.9,3.1,0.0,1,0,0.0,40,20,-1,2,6.0,0.6,1,2,-17,8.032,0.081,7.91,8.63,0.04,0.17,272.22124999999994,72.1525,-32.85668,142.31795,80.9632,*,F5
HD 167538, ,18,14,57.5,+,18,28,28,46,16,8.125,0.31,2.66,0.027,3.817,-0.26,115,2.71,1.22,2.1,1.8,2.5,1.39,1.31,1.46,5.9,1.3,0.2,2,645,0.912,50,-10,-19,2,8.7,1.0,12,-4,2,7.923,0.032,7.46,8.52,0.07,0.15,273.7395833333333,18.474444444444444,76.79108,79.519485,31.698296,*,F0
HD 167586, ,18,23,6.8,-,73,0,51,321,-24,8.124,0.349,2.621,0.01,3.778,-0.38,69,3.92,0.99,8.1,4.5,10.0,1.03,0.97,1.08,-21.2,0.3,0.2,2,1420,0.522,4,-26,103,2,14.4,0.9,9,32,24,7.95,-0.028,7.86,10.81,0.16,0.64,275.7783333333333,-73.01416666666667,48.987103,-39.66899,-28.064829,PM*,F8V
HD 167588, ,18,14,44.0,+,29,12,26,56,20,6.56,0.376,2.606,0.013,3.764,-0.42,42,3.44,1.82,6.7,6.0,7.4,1.06,1.03,1.12,1.8,0.2,0.2,3,815,0.689,4,12,-241,2,23.8,0.6,41,-18,-17,7.978,0.015,6.51,9.0,0.16,0.16,273.6833333333333,29.20722222222222,22.069717,32.719704,14.364845,PM*,F8V
HD 167772, ,18,17,26.9,-,19,29,18,12,-2,7.658,0.316,2.652,0.008,3.8,-0.05,83,3.06,1.05,2.5,2.0,3.0,1.32,1.24,1.41,-91.2,0.8,1.0,2,34,0.355,30,6,-36,2,0.0,0.0,-87,-31,-7,7.919,-0.002,5.62,9.36,0.25,0.01,274.3620833333333,-19.488333333333333,81.136795,17.246159,-2.8966582,*,F5/6V
HD 167825, ,18,19,34.0,-,49,20,49,345,-15,7.356,0.239,2.706,0.013,3.842,-0.17,145,1.55,1.8,1.1,1.0,1.3,1.79,1.68,1.9,-6.1,0.8,1.1,2,383,0.146,19,-12,-36,1,6.9,0.8,-13,-23,-1,7.865,-0.038,6.8,7.87,0.07,0.1,274.89166666666665,-49.346944444444446,135.28683,-36.250034,-37.528763,*,F0IV
HD 167854, ,18,21,10.7,-,62,11,34,333,-20,7.892,0.29,2.673,0.011,3.811,-0.12,68,3.71,0.22,1.8,0.0,3.2,1.23,1.17,1.28,-6.4,2.2,3.2,2,1214,0.027,35,-37,-140,2,14.6,1.0,-28,-38,-2,7.943,-0.024,6.02,8.03,0.14,0.09,275.2945833333333,-62.19277777777778,56.934513,-29.009584,-23.257368,PM*,F5V
HD 168038, ,18,16,44.7,+,27,5,44,54,19,8.338,0.362,2.626,0.039,3.79,-0.47,77,3.74,0.97,4.3,3.0,7.4,1.07,1.01,1.13,2.7,0.3,0.8,6,862,0.139,12,7,-54,1,13.0,0.9,18,-6,-8,7.958,0.025,7.33,8.65,0.08,0.03,274.18625,27.095555555555553,42.793663,58.90043,25.068747,*,F7IV
HD 168093, ,18,15,20.0,+,50,58,16,79,26,7.664,0.353,2.615,-0.002,3.778,-0.12,54,4.0,0.68,5.3,3.3,8.1,1.08,1.03,1.14,-9.4,0.3,0.2,2,791,0.664,4,17,-36,2,18.5,0.6,7,-7,-10,7.991,0.024,7.54,8.35,0.05,0.04,273.8333333333333,50.971111111111114,9.260894,47.643154,23.672043,*,F8
HD 168151, ,18,13,53.8,+,64,23,50,94,28,5.03,0.281,2.653,-0.009,3.815,-0.3,23,3.18,0.83,2.4,2.2,2.9,1.28,1.24,1.33,-36.2,0.2,0.3,5,1513,0.793,11,351,36,1,42.6,0.4,-6,-14,-51,8.001,0.011,7.59,8.02,0.03,0.84,273.47416666666663,64.39722222222223,-1.4166002,20.258326,10.797846,PM*,F5V
HD 168324, ,18,19,18.3,-,5,29,14,24,5,8.49,0.351,2.646,0.049,3.806,-0.25,129,2.73,1.43,2.3,2.0,2.8,1.37,1.26,1.46,-1.0,0.2,0.4,4,559,0.459,14,45,-22,2,9.1,1.3,1,2,-31,7.883,0.01,7.76,8.5,0.05,0.38,274.82625,-5.487222222222222,117.398926,52.26937,11.24309,*,F5V
HD 168342, ,18,16,14.8,+,52,52,8,81,26,8.817,0.244,2.689,-0.006,3.842,0.05,239,1.93,1.23,1.1,0.9,1.3,1.71,1.61,1.83,-16.6,0.9,1.7,4,1235,0.379,70,12,13,2,5.2,0.7,-18,-7,-17,7.967,0.107,7.71,8.1,0.02,0.18,274.0616666666666,52.86888888888889,33.603973,212.1671,104.770706,*,F0
HD 168363, ,18,18,32.2,+,18,22,50,46,15,7.86,0.34,2.613,-0.012,3.783,-0.31,82,3.29,1.45,5.0,4.3,5.9,1.15,1.1,1.22,-25.8,0.3,0.1,2,582,0.836,6,-18,-84,2,12.2,0.9,7,-39,-13,7.945,0.022,5.98,8.03,0.15,0.09,274.63416666666666,18.380555555555556,55.021057,56.975967,21.223162,PM*,F5
HD 168451, ,18,20,32.5,-,20,12,58,12,-3,7.902,0.524,2.612,0.163,3.776,-0.26,77,2.77,2.08,3.7,2.8,4.8,1.32,1.14,1.4,-27.9,2.0,4.1,4,617,0.261,60,-25,-16,2,4.8,1.2,-25,-15,6,7.925,-0.003,7.21,8.1,0.06,0.2,275.13541666666663,-20.21611111111111,75.21414,15.98726,-4.0298686,*,F6V
HD 168774, ,18,18,59.5,+,48,34,14,77,25,7.696,0.332,2.645,0.01,3.791,-0.05,64,3.68,0.64,3.5,2.5,4.3,1.21,1.13,1.26,-50.3,0.3,0.4,2,987,0.385,11,20,130,2,15.7,0.6,-49,-36,-19,7.987,0.027,5.95,8.42,0.17,0.18,274.74791666666664,48.57055555555556,13.047992,56.517067,27.04757,PM*,F5
HD 168782, ,18,21,37.3,-,3,52,29,26,5,8.021,0.308,2.669,0.037,3.824,-0.21,155,1.91,1.82,1.5,1.2,1.7,1.64,1.53,1.74,-1.9,1.9,0.0,1,0,0.0,40,21,5,2,5.8,1.0,-5,9,-12,7.861,0.013,7.85,8.77,0.06,0.07,275.40541666666667,-3.874722222222222,138.78296,67.68897,13.509139,*,F3IV/V
HD 168849, ,18,25,16.7,-,57,5,43,338,-19,6.852,0.28,2.678,0.01,3.816,-0.2,49,3.41,0.48,2.3,1.4,3.0,1.27,1.22,1.32,-3.5,2.3,3.3,2,1462,0.04,50,28,-15,2,20.5,0.8,-6,1,-6,7.957,-0.016,7.93,8.4,0.03,0.03,276.3195833333333,-57.09527777777778,42.95681,-17.355679,-15.952839,*,F5V
HD 168956, ,18,21,15.8,+,26,42,24,54,18,8.413,0.353,2.629,0.032,3.791,-0.36,74,3.94,0.66,4.4,2.6,6.2,1.07,1.02,1.14,-33.7,0.3,0.2,2,749,0.549,3,5,-1,2,13.6,1.0,-19,-26,-12,7.959,0.023,6.74,7.99,0.08,0.07,275.31583333333333,26.706666666666667,41.367256,56.937145,22.867258,*,F6V
HD 169002, ,18,16,40.7,+,69,42,34,100,28,8.358,0.282,2.657,-0.007,3.815,-0.24,109,3.18,0.77,2.4,1.9,2.9,1.29,1.23,1.35,-0.5,0.5,0.1,2,740,0.899,15,-34,-4,1,9.2,0.8,4,-8,15,8.017,0.052,7.61,8.3,0.04,0.37,274.16958333333326,69.70944444444444,-16.712126,94.77917,51.1724,*,F5
HD 169029, ,18,21,11.8,+,32,52,40,60,20,7.495,0.287,2.658,0.002,3.811,-0.36,69,3.3,0.85,2.8,2.2,3.3,1.23,1.18,1.28,7.3,0.5,0.7,2,591,0.148,11,-19,-74,2,14.5,0.8,25,-6,0,7.968,0.024,7.18,8.88,0.11,0.12,275.2991666666667,32.87777777777778,32.41939,56.152042,23.599388,PM*,F5
HD 169061, ,18,22,1.4,+,21,16,7,49,16,7.734,0.379,2.635,0.049,3.798,0.1,135,1.87,2.14,1.4,1.2,1.7,1.73,1.63,1.84,-16.3,1.3,1.8,2,640,0.164,40,13,-16,2,0.0,0.0,-3,-14,-16,7.915,0.037,7.38,7.96,0.04,0.13,275.5058333333333,21.26861111111111,85.13699,97.93891,37.211044,*,F5
HD 169108, ,18,30,28.6,-,73,19,1,321,-24,9.075,0.37,2.607,-0.001,3.769,-0.4,149,3.21,1.92,5.8,4.4,7.5,1.09,1.02,1.16,-25.6,0.4,0.6,2,1852,0.12,3,0,3,2,0.0,0.0,-17,16,11,7.894,-0.062,7.87,9.35,0.09,0.3,277.6191666666666,-73.31694444444445,105.783745,-85.662025,-60.60376,*,F8IV/V
HD 169155, ,18,23,34.9,-,6,15,3,24,3,8.295,0.366,2.642,0.057,3.803,-0.2,88,3.33,0.86,2.8,2.3,3.4,1.24,1.16,1.31,-21.5,0.3,0.6,3,557,0.235,14,-30,-21,2,11.4,1.2,-14,-21,6,7.92,0.005,6.97,7.93,0.06,0.19,275.8954166666666,-6.2508333333333335,80.28182,35.74377,4.6055646,*,F6V
HD 169244, ,18,22,8.9,+,36,18,6,64,21,7.605,0.333,2.619,-0.005,3.786,-0.42,66,3.51,1.25,5.9,4.8,7.0,1.08,1.04,1.15,-28.1,0.2,0.4,3,1118,0.363,5,49,-52,2,15.2,0.7,1,-22,-29,7.973,0.024,6.97,8.04,0.07,0.34,275.5370833333333,36.30166666666666,27.010813,55.38037,23.652285,PM*,F8
HD 169448, ,18,28,25.1,-,60,14,15,335,-21,8.701,0.339,2.624,0.01,3.782,-0.47,98,3.74,1.15,6.3,4.2,8.5,1.03,0.98,1.09,-4.4,0.3,0.5,2,1092,0.127,4,37,-41,2,0.0,0.0,-16,-6,-19,7.917,-0.034,7.75,8.04,0.02,0.18,277.1045833333333,-60.237500000000004,82.918884,-38.665733,-35.12006,PM*,F7V
HD 169666, ,18,19,8.2,+,71,31,4,102,28,6.679,0.288,2.662,-0.002,3.814,-0.09,51,3.13,0.71,2.2,1.6,2.6,1.35,1.31,1.4,-44.3,0.6,0.1,2,740,0.891,22,-59,38,1,19.5,0.5,1,-47,-8,8.009,0.024,5.68,8.04,0.17,0.03,274.78416666666664,71.51777777777778,-9.362329,44.046307,23.94305,PM*,F2V
HD 169693, ,18,26,13.2,-,7,37,13,23,2,8.134,0.35,2.65,0.041,3.804,-0.02,96,3.05,0.94,2.3,1.8,2.8,1.34,1.26,1.42,9.9,0.3,0.1,2,670,0.871,19,-2,-53,2,0.0,0.0,18,-16,-10,7.912,0.004,6.92,8.37,0.09,0.04,276.555,-7.620277777777778,88.31464,37.48734,3.3503516,PM*,F5V
HD 169830, ,18,27,49.4,-,29,49,0,4,-8,5.91,0.326,2.644,0.001,3.797,0.14,36,3.11,0.89,2.3,1.9,2.7,1.4,1.36,1.46,-17.4,0.2,0.2,3,1414,0.726,4,0,15,1,27.5,0.9,-17,1,3,7.964,-0.005,7.9,8.43,0.03,0.16,276.95583333333326,-29.816666666666666,35.56281,2.4867938,-5.010232,*,F7V
HD 169840, ,18,26,1.0,+,15,45,30,44,13,7.428,0.28,2.677,0.005,3.818,-0.02,68,3.25,0.44,1.8,0.9,2.4,1.35,1.3,1.4,-4.2,0.8,0.0,1,0,0.0,24,5,-55,2,14.6,0.9,9,-13,-10,7.952,0.015,7.24,8.25,0.07,0.04,276.50416666666666,15.758333333333333,47.661415,46.026096,15.296671,PM*,F3V
HD 169886, ,18,25,34.7,+,27,41,38,56,18,7.748,0.292,2.648,-0.001,3.807,-0.44,67,3.61,0.69,3.2,2.1,4.1,1.15,1.1,1.21,-18.0,0.3,0.1,2,592,0.966,6,40,112,2,14.9,0.8,-41,7,-4,7.964,0.02,7.54,9.29,0.1,0.05,276.39458333333334,27.69388888888889,35.63221,52.826927,20.70414,PM*,F5
HD 169919, ,18,28,4.5,-,28,23,9,5,-8,8.241,0.311,2.639,0.003,3.797,-0.38,70,4.0,0.48,3.7,0.7,5.6,1.09,1.03,1.15,28.9,0.3,0.1,2,688,0.775,9,-47,-84,2,14.2,1.1,32,-29,-2,7.931,-0.01,6.18,8.49,0.16,0.07,277.0187499999999,-28.385833333333334,69.054985,6.0415277,-9.742117,PM*,F3V
HD 170091, ,18,30,14.2,-,49,29,20,346,-17,7.859,0.314,2.666,0.025,3.817,0.12,104,2.67,0.91,1.6,1.3,1.9,1.5,1.41,1.59,54.5,0.6,0.3,2,468,0.742,24,1,-9,2,4.4,1.1,49,-16,-18,7.904,-0.03,6.37,9.19,0.18,0.17,277.5591666666666,-49.48888888888889,96.501434,-24.060495,-30.406656,*,F5V
HD 170149, ,18,30,4.3,-,43,50,2,351,-15,7.111,0.311,2.672,0.03,3.82,0.08,86,2.3,1.26,1.5,1.3,1.7,1.62,1.56,1.7,-37.8,0.2,0.4,7,4096,0.393,17,9,-154,1,11.6,0.9,-51,-50,-19,7.918,-0.022,5.3,8.27,0.22,0.17,277.5179166666666,-43.83388888888889,82.0469,-12.994943,-22.258438,PM*,F5/6IV
HD 170505, ,18,37,35.8,-,74,22,42,320,-25,9.039,0.249,2.683,0.002,3.83,-0.56,166,2.94,0.98,2.1,1.7,2.5,1.27,1.21,1.33,-11.4,0.6,0.6,2,646,0.498,26,3,2,2,5.5,1.0,-8,8,3,7.885,-0.07,7.88,8.78,0.05,0.17,279.39916666666664,-74.37833333333333,115.24913,-96.70554,-70.15463,*,F3/5wA8
HD 170506, ,18,38,53.4,-,76,29,57,318,-26,7.801,0.308,2.67,0.021,3.813,0.0,64,3.68,0.1,0.8,0.0,2.5,1.27,1.22,1.31,-10.7,0.6,0.2,2,691,0.787,23,14,-52,2,15.6,0.8,-19,-3,-2,7.957,-0.028,7.8,8.27,0.03,0.09,279.7224999999999,-76.49916666666667,42.747787,-38.490276,-28.055754,PM*,F5V
HD 170579, ,18,29,52.7,+,9,11,56,39,9,7.888,0.305,2.647,-0.005,3.801,-0.16,71,3.62,0.57,3.1,2.0,3.9,1.2,1.14,1.26,34.9,0.5,0.1,2,285,0.841,13,-113,-200,2,14.0,1.0,75,-39,10,7.945,0.011,5.26,9.48,0.29,0.29,277.46958333333333,9.19888888888889,54.498043,44.131645,11.106848,PM*,F5
HD 170850, ,18,28,19.2,+,55,40,26,85,25,7.771,0.254,2.695,0.009,3.83,-0.21,83,3.17,0.43,1.8,1.0,2.3,1.33,1.29,1.39,0.7,1.5,1.1,2,654,0.613,45,1,12,2,12.0,0.6,-5,1,1,7.993,0.036,7.95,8.42,0.03,0.13,277.0799999999999,55.67388888888889,6.5561676,74.937294,35.077316,*,F5
HD 171087, ,18,30,57.8,+,41,6,23,69,21,7.279,0.285,2.675,0.011,3.817,-0.05,87,2.58,1.16,1.8,1.6,2.1,1.51,1.46,1.56,-27.5,0.7,0.4,2,759,0.677,24,-24,22,1,11.5,0.6,-16,-26,1,7.971,0.031,6.74,7.99,0.08,0.13,277.74083333333334,41.10638888888889,29.107183,75.8268,31.17801,*,F5
HD 171278, ,18,33,56.2,-,2,49,14,28,3,8.659,0.31,2.667,0.033,3.818,-0.26,102,3.47,0.43,2.3,1.0,3.0,1.23,1.17,1.3,-16.8,0.4,0.5,3,558,0.702,20,-4,-1,1,9.8,1.1,-14,-10,1,7.91,0.005,7.61,7.94,0.02,0.11,278.4841666666666,-2.8205555555555555,89.93722,47.820473,5.338268,*,F3IV/V
HD 171330, ,18,34,20.2,-,0,40,25,30,4,8.371,0.314,2.631,-0.009,3.798,-0.22,102,3.33,0.99,3.0,2.5,4.3,1.2,1.12,1.28,-34.7,0.2,0.3,2,1089,0.343,5,11,-13,1,9.8,1.1,-27,-20,-10,7.912,0.006,6.88,8.08,0.08,0.04,278.58416666666665,-0.673611111111111,88.11941,50.875767,7.11516,*,F5/6V
HD 171341, ,18,31,51.7,+,49,53,28,79,23,7.639,0.293,2.658,0.001,3.809,-0.21,69,3.43,0.63,2.7,1.9,3.3,1.24,1.19,1.29,6.1,0.8,0.2,2,987,0.884,24,25,9,2,14.4,0.6,-3,9,-4,7.987,0.028,7.96,8.97,0.06,0.06,277.9654166666666,49.89111111111111,12.119205,62.34789,26.960447,*,F5
HD 171413, ,18,35,20.5,-,16,8,26,17,-4,7.763,0.3,2.664,0.014,3.806,-0.26,82,3.19,0.98,2.7,2.3,3.2,1.26,1.18,1.33,-57.2,0.7,0.0,1,0,0.0,16,-4,-70,2,12.2,1.1,-48,-41,-7,7.922,-0.005,5.72,8.28,0.18,0.01,278.8354166666666,-16.140555555555554,78.22597,23.916079,-5.720031,PM*,F3/5V
HD 171430, ,18,35,21.2,-,12,11,8,20,-2,8.226,0.356,2.631,0.019,3.776,-0.27,72,3.94,0.92,7.0,4.6,9.5,1.03,0.97,1.09,28.7,0.2,0.3,2,1089,0.354,5,19,-86,2,0.0,0.0,34,-12,-20,7.933,-0.003,6.79,8.91,0.14,0.2,278.8383333333333,-12.185555555555556,67.61665,24.610447,-2.5127637,PM*,F8/G0V
HD 171455, ,18,37,37.5,-,50,8,47,345,-18,8.309,0.275,2.707,0.037,3.841,0.08,98,3.19,-0.04,0.0,0.0,1.2,1.45,1.39,1.52,-19.5,0.8,0.8,3,1092,0.747,45,-23,-39,1,10.2,1.2,-22,-16,10,7.91,-0.031,7.21,8.02,0.05,0.25,279.40625,-50.146388888888886,90.0277,-24.122875,-30.283667,*,F3V
HD 171534, ,18,34,51.2,+,14,43,58,44,10,8.005,0.274,2.672,-0.002,3.823,-0.05,104,2.92,0.69,1.8,1.3,2.2,1.4,1.34,1.47,-45.5,1.1,0.7,2,703,0.662,35,9,26,2,9.6,1.0,-42,-22,-6,7.927,0.019,6.62,8.36,0.12,0.02,278.7133333333333,14.732777777777779,73.67478,71.14692,18.05941,*,F5
HD 171608, ,18,34,10.7,+,36,14,15,65,19,8.882,0.328,2.643,0.017,3.79,-0.35,116,3.56,1.05,4.3,2.9,6.6,1.1,1.04,1.18,-14.1,0.6,0.9,2,640,0.095,13,9,-16,3,0.0,0.0,1,-13,-12,7.953,0.038,7.39,8.08,0.04,0.07,278.5445833333333,36.237500000000004,46.352837,99.40398,37.765903,*,F5
HD 171620, ,18,34,30.6,+,34,24,56,63,18,7.563,0.341,2.603,-0.007,3.779,-0.56,52,3.97,1.06,9.0,4.4,10.8,1.01,0.95,1.06,-37.0,0.2,0.4,3,383,0.446,5,196,192,2,19.1,0.7,-67,5,-39,7.977,0.016,7.04,10.05,0.18,0.62,278.6275,34.41555555555556,22.452076,44.064674,16.068884,PM*,F6p
HD 171763, ,18,34,38.8,+,41,33,59,70,21,8.212,0.326,2.649,0.019,3.796,-0.18,136,2.54,1.78,2.2,1.9,2.7,1.44,1.35,1.52,17.9,0.3,0.2,2,748,0.744,13,-9,-96,1,5.8,0.8,64,0,-7,7.957,0.048,6.6,10.31,0.22,0.06,278.66166666666663,41.56638888888889,43.42525,119.30989,48.73804,PM*,F8
HD 171770, ,18,37,9.0,-,15,1,34,18,-4,7.494,0.27,2.686,0.007,3.825,0.07,69,3.29,0.17,0.9,0.0,1.8,1.38,1.33,1.44,-37.5,0.9,1.1,4,978,0.739,45,45,-22,2,14.4,1.0,-37,-12,-14,7.934,-0.004,7.13,8.43,0.08,0.1,279.28749999999997,-15.026111111111112,65.46305,21.270235,-4.8131967,*,F5IV/V
HD 171854, ,18,37,32.8,-,12,20,59,20,-3,6.956,0.304,2.66,0.009,3.807,-0.07,79,2.48,1.5,1.9,1.7,2.2,1.52,1.46,1.58,7.9,0.3,0.5,3,3185,0.475,18,-43,-42,2,12.7,0.9,15,-17,7,7.926,-0.004,6.95,8.29,0.09,0.21,279.38666666666666,-12.349722222222223,74.13398,26.98256,-4.1345406,PM*,F6V
HD 171874, ,18,36,36.6,+,12,59,15,43,9,7.359,0.332,2.674,0.053,3.822,0.15,122,1.7,1.76,1.1,1.0,1.3,1.87,1.74,1.98,-49.0,0.4,0.7,3,384,0.349,18,2,12,2,8.2,0.9,-40,-28,-6,7.912,0.019,6.35,8.23,0.13,0.03,279.1525,12.987499999999999,88.12664,82.17942,19.085007,*,F6II
HD 171886, ,18,35,14.4,+,41,34,53,70,20,7.163,0.307,2.637,0.0,3.799,-0.46,50,3.68,0.82,3.7,2.8,4.4,1.12,1.07,1.17,-62.5,0.9,1.3,2,643,0.016,11,2,84,1,20.1,0.6,-38,-51,-16,7.984,0.017,5.41,8.16,0.2,0.14,278.80999999999995,41.581388888888895,16.06969,44.15111,17.101006,PM*,F5
HD 171888, ,18,37,9.4,+,0,57,4,32,4,6.883,0.356,2.622,0.01,3.778,-0.2,58,3.05,1.7,4.1,3.7,4.6,1.3,1.19,1.37,-32.5,0.2,0.3,2,734,0.313,5,13,23,1,17.1,0.9,-31,-11,-2,7.951,0.004,7.27,8.32,0.07,0.07,279.28916666666663,0.951111111111111,49.066975,30.660448,4.045875,*,F7V
HD 171990, ,18,47,49.1,-,77,52,5,316,-26,6.397,0.375,2.614,0.011,3.77,-0.04,43,3.22,1.57,4.4,4.1,4.8,1.23,1.2,1.25,15.8,0.1,0.1,6,2258,0.996,4,-26,148,2,23.2,0.6,33,10,1,7.972,-0.019,7.37,9.78,0.14,0.14,281.9545833333333,-77.86805555555554,27.80114,-26.847261,-18.84996,PM*,F8V
HD 172023, ,18,36,12.8,+,38,2,4,67,19,7.464,0.324,2.628,-0.006,3.794,-0.3,91,2.67,1.81,2.5,2.1,3.7,1.37,1.22,1.46,-24.8,0.3,0.5,2,747,0.186,7,44,-19,2,0.0,0.0,-5,-16,-28,7.966,0.03,7.34,7.98,0.04,0.32,279.0533333333333,38.03444444444444,33.61937,79.20225,29.626701,PM*,F5
HD 172085, ,18,37,10.4,+,24,25,59,54,14,7.52,0.365,2.621,0.004,3.777,0.1,67,3.39,1.12,3.2,2.7,5.1,1.32,1.25,1.37,-34.6,0.2,0.2,5,2289,0.941,6,-52,-123,2,14.9,0.8,14,-52,-9,7.961,0.016,5.34,8.09,0.2,0.03,279.29333333333335,24.43305555555556,38.211807,52.594044,16.208767,PM*,F8
HD 172144, ,18,40,42.3,-,44,10,20,351,-17,7.389,0.359,2.636,0.026,3.795,0.13,95,2.39,1.66,1.8,1.6,2.2,1.57,1.47,1.68,7.0,0.3,0.4,2,798,0.438,15,18,18,2,6.3,0.9,7,9,-6,7.91,-0.027,7.77,9.04,0.08,0.03,280.17625,-44.17222222222222,89.730446,-14.211896,-27.77531,*,F8IV
HD 172266, ,18,46,15.6,-,72,48,48,322,-25,6.837,0.3,2.665,0.016,3.806,-0.28,67,2.72,1.47,2.3,2.1,2.5,1.4,1.35,1.45,7.0,0.9,1.2,2,1150,0.385,35,-59,-77,2,15.0,0.7,-6,-29,10,7.953,-0.029,6.58,7.96,0.1,0.26,281.565,-72.81333333333333,47.850082,-37.38457,-28.315424,PM*,F5V
HD 172283, ,18,41,14.2,-,41,26,23,354,-16,8.786,0.318,2.637,0.007,3.795,-0.37,134,3.15,1.37,3.2,2.5,5.2,1.17,1.1,1.26,-22.5,0.3,0.3,2,440,0.438,9,20,-10,2,6.9,1.2,-26,1,-8,7.872,-0.036,7.66,8.52,0.05,0.04,280.3091666666666,-41.439722222222215,128.10344,-13.464238,-36.935406,*,F5V
HD 172407, ,18,41,6.3,-,26,44,26,8,-10,8.42,0.323,2.645,0.001,3.797,0.07,94,3.55,0.51,2.5,1.5,3.3,1.26,1.19,1.33,-9.2,0.4,0.5,2,714,0.335,9,3,20,1,7.2,1.3,-10,7,4,7.908,-0.016,7.91,8.71,0.05,0.17,280.27625,-26.740555555555556,91.67103,12.883523,-16.32293,*,F5V
HD 172426, ,18,40,4.0,+,1,17,27,33,3,7.992,0.297,2.651,0.004,3.808,-0.32,133,2.37,1.81,2.0,1.8,2.4,1.45,1.36,1.55,28.4,0.4,0.1,2,708,0.82,13,-46,-15,2,7.5,0.9,35,-4,23,7.888,0.007,7.01,9.19,0.13,0.56,280.01666666666665,1.2908333333333333,111.39031,72.337715,6.9606824,*,F3V/IV
HD 172506, ,18,40,31.3,+,2,41,3,34,4,7.955,0.222,2.723,0.0,3.851,-0.24,128,2.42,0.85,1.4,1.1,1.6,1.5,1.42,1.58,-40.1,1.0,0.4,3,969,0.922,45,-37,-17,2,7.8,0.9,-23,-39,13,7.894,0.008,6.0,7.95,0.14,0.3,280.13041666666663,2.684166666666667,105.85832,71.402336,8.928828,*,F0V
HD 172547, ,18,41,50.3,-,24,21,15,10,-9,7.6,0.242,2.691,-0.01,3.844,0.18,109,2.42,0.61,1.0,0.8,1.2,1.64,1.56,1.73,4.3,0.2,0.4,4,1058,0.584,22,47,-1,2,9.2,1.1,-1,10,-22,7.894,-0.017,7.85,8.96,0.07,0.24,280.4595833333333,-24.354166666666668,106.02247,18.694622,-17.051357,*,F2IV
HD 172649, ,18,39,42.1,+,37,59,35,67,18,7.504,0.347,2.623,0.006,3.779,-0.26,47,4.13,0.65,6.2,4.1,8.0,1.04,0.98,1.09,-11.8,0.4,0.1,2,1080,0.862,13,-24,51,2,21.1,0.7,-14,-10,5,7.982,0.015,7.7,8.01,0.02,0.18,279.9254166666666,37.99305555555556,17.465551,41.146248,14.523799,PM*,F5
HD 172711, ,18,38,32.0,+,55,14,43,84,24,7.636,0.308,2.655,0.007,3.805,-0.05,106,2.5,1.5,1.9,1.7,2.2,1.52,1.46,1.58,-18.1,0.3,0.8,7,1716,0.123,18,5,61,2,9.4,0.6,-32,-16,-3,7.991,0.043,7.11,8.3,0.08,0.08,279.6333333333333,55.24527777777778,10.122095,96.30534,43.114082,PM*,F8IV
HD 172718, ,18,41,21.7,+,7,54,13,39,6,8.013,0.359,2.615,0.006,3.774,-0.35,86,3.34,1.64,5.7,4.7,6.9,1.1,1.05,1.17,-42.7,0.3,0.4,2,707,0.319,5,35,-112,3,11.6,1.0,-9,-51,-37,7.933,0.009,5.47,7.93,0.18,0.51,280.3404166666666,7.903611111111111,66.46843,53.82507,8.989448,PM*,F8
HD 172742, ,18,40,21.0,+,33,41,4,63,17,7.285,0.315,2.655,0.013,3.797,-0.2,52,3.69,0.63,3.6,2.6,4.3,1.17,1.1,1.23,8.1,0.4,0.4,2,1140,0.525,17,30,-64,2,19.1,0.6,16,5,-10,7.977,0.015,7.62,9.06,0.09,0.05,280.0875,33.68444444444444,22.575972,44.307835,15.203328,PM*,F5
HD 172961, ,18,42,45.8,+,5,41,14,37,5,7.632,0.286,2.653,-0.007,3.812,-0.27,59,3.77,0.28,2.2,0.0,3.7,1.18,1.13,1.24,-20.3,1.1,1.5,2,722,0.068,18,-35,-57,3,16.9,0.9,-5,-27,0,7.953,0.005,6.67,7.96,0.09,0.1,280.6908333333333,5.687222222222222,46.940197,35.37197,5.1421885,PM*,F5
HD 172993, ,18,44,59.2,-,39,45,0,356,-16,6.761,0.324,2.634,0.003,3.793,-0.24,61,2.84,1.61,2.5,2.3,3.8,1.37,1.32,1.43,10.0,0.4,0.6,2,1858,0.149,8,-14,-178,2,16.4,0.8,3,-49,-18,7.941,-0.017,5.52,7.98,0.18,0.16,281.24666666666667,-39.75,58.49413,-4.0903025,-16.813879,PM*,F5/6V
HD 173091, ,18,43,19.4,+,9,9,46,40,6,8.25,0.335,2.612,0.002,3.782,-0.5,72,3.97,0.95,6.0,3.9,9.3,1.01,0.96,1.07,-37.1,0.4,0.8,3,339,0.08,5,88,122,2,13.9,1.1,-60,15,-12,7.945,0.007,7.31,10.27,0.17,0.08,280.83083333333326,9.162777777777778,54.853054,46.027176,7.5260496,PM*,F8
HD 173189, ,18,41,0.2,+,54,55,34,84,23,8.264,0.319,2.637,0.0,3.794,-0.23,74,3.93,0.49,3.8,2.0,5.4,1.11,1.05,1.18,3.8,0.3,0.1,2,654,0.975,8,-24,-10,2,13.6,0.6,6,0,8,7.993,0.029,7.76,8.6,0.05,0.24,280.2508333333333,54.92611111111111,7.1202,67.74421,28.914103,*,F5V
HD 173271, ,18,43,53.3,+,13,11,40,44,8,8.438,0.348,2.654,0.044,3.806,-0.02,106,3.12,0.83,2.2,1.8,2.8,1.33,1.25,1.4,3.3,0.4,0.1,2,767,0.934,16,28,-32,2,7.8,1.2,10,-2,-19,7.924,0.014,7.56,8.55,0.06,0.18,280.9720833333333,13.194444444444445,75.50796,72.91719,14.752349,*,F
HD 173289, ,18,42,27.6,+,44,16,24,73,20,8.262,0.409,2.621,0.044,3.778,0.19,93,3.22,1.18,2.8,2.5,3.2,1.38,1.34,1.43,-24.9,0.3,0.1,2,253,0.828,4,-10,6,1,10.7,0.7,-8,-24,-4,7.975,0.032,6.88,7.98,0.07,0.06,280.61499999999995,44.27333333333333,25.550783,83.57282,31.80787,*,F9V
HD 173430, ,18,46,26.5,-,29,31,26,6,-12,8.345,0.339,2.644,0.023,3.798,-0.1,93,3.4,0.8,2.8,2.2,3.6,1.22,1.15,1.31,24.3,0.3,0.2,2,351,0.578,7,-20,-71,2,0.0,0.0,26,-29,-10,7.909,-0.019,6.22,8.35,0.15,0.04,281.61041666666665,-29.523888888888887,90.4694,9.508717,-19.335789,PM*,F6V
HD 173494, ,18,44,40.2,+,23,35,23,54,12,6.303,0.277,2.672,-0.001,3.82,-0.06,44,3.06,0.62,1.9,1.4,2.3,1.38,1.34,1.43,-12.6,0.4,0.2,2,1132,0.741,12,17,-85,1,22.5,0.7,6,-17,-13,7.974,0.009,7.13,8.14,0.07,0.09,281.1675,23.58972222222222,25.297392,34.818874,9.148115,PM*,F6V
HD 173634, ,18,46,1.1,+,9,49,6,41,6,7.327,0.315,2.652,0.014,3.801,-0.19,104,2.24,1.98,1.9,1.6,2.1,1.55,1.46,1.63,-48.9,1.6,2.3,2,759,0.122,35,-24,1,2,9.6,0.9,-34,-37,6,7.922,0.01,6.05,8.09,0.14,0.2,281.5045833333333,9.818333333333333,78.05983,67.85637,10.87096,*,F5
HD 173645, ,18,47,51.4,-,35,29,53,0,-15,8.241,0.291,2.652,-0.01,3.81,-0.15,79,3.76,0.22,2.0,0.0,3.4,1.21,1.15,1.27,8.7,0.5,1.1,4,788,0.064,17,6,20,2,12.7,1.2,8,8,-1,7.924,-0.02,7.74,9.0,0.08,0.09,281.96416666666664,-35.49805555555556,76.308136,0.0,-20.446705,*,F5V
HD 173651, ,18,46,14.1,+,2,57,13,35,3,8.183,0.314,2.646,0.003,3.799,-0.17,83,3.58,0.67,3.2,2.3,4.0,1.19,1.12,1.26,-0.1,0.7,1.0,2,673,0.143,13,68,-16,2,12.0,1.0,-3,6,-27,7.932,0.004,7.89,8.74,0.05,0.31,281.5587499999999,2.9536111111111114,67.89644,47.5416,4.3438845,PM*,F6V
HD 173883, ,18,47,44.4,-,0,14,10,32,1,8.186,0.39,2.566,0.0,3.755,-0.61,86,3.51,2.07,8.3,6.7,10.2,1.01,0.95,1.06,-85.1,0.3,0.6,4,1117,0.127,3,-35,44,1,11.6,1.1,-77,-38,20,7.927,0.001,5.53,8.98,0.24,0.48,281.935,-0.2361111111111111,72.92103,45.566116,1.500907,PM*,F7/8V
HD 174153, ,18,51,19.7,-,44,28,32,352,-19,7.564,0.342,2.653,0.033,3.8,-0.04,51,3.91,0.19,2.0,0.0,3.9,1.19,1.14,1.24,70.8,0.2,0.2,5,2981,0.912,6,-14,-100,2,19.8,0.9,62,-32,-27,7.953,-0.016,5.7,9.26,0.24,0.35,282.83208333333334,-44.47555555555556,47.75216,-6.7111278,-16.603975,PM*,F7V
HD 174160, ,18,48,16.4,+,23,30,53,54,11,6.192,0.327,2.628,-0.003,3.791,-0.19,29,3.9,0.55,3.9,2.4,5.4,1.13,1.06,1.18,3.1,0.1,0.6,21,3704,0.019,7,26,-6,1,34.8,0.7,2,3,-3,7.983,0.006,7.87,8.67,0.05,0.06,282.0683333333333,23.514722222222222,16.732594,23.03044,5.533461,*,F7V
HD 174341, ,19,6,33.7,-,82,29,32,311,-27,8.167,0.38,2.62,0.035,3.782,-0.16,74,3.67,0.95,5.3,3.0,7.0,1.11,1.05,1.18,26.3,0.2,0.2,3,563,0.733,6,-43,43,2,6.0,0.9,31,-12,1,7.957,-0.034,6.84,8.83,0.13,0.13,286.6404166666667,-82.49222222222222,43.256905,-49.7614,-33.595295,PM*,F8/G0IV
HD 174505, ,18,48,47.5,+,43,11,42,73,19,7.882,0.277,2.677,0.007,3.827,0.08,200,1.38,2.03,1.0,0.9,1.2,1.95,1.83,2.07,-61.0,0.9,0.7,2,971,0.585,29,14,9,1,5.0,0.6,-28,-49,-29,7.943,0.064,5.55,8.02,0.18,0.34,282.19791666666663,43.19499999999999,55.28859,180.84077,65.113625,*,F5
HD 174912, ,18,51,25.1,+,38,37,35,68,17,7.16,0.372,2.586,0.002,3.762,-0.58,30,4.77,0.64,9.9,2.4,17.0,0.86,0.81,0.96,-12.8,0.4,0.7,3,1118,0.086,4,324,46,2,33.3,0.6,-22,8,-42,7.989,0.009,7.9,9.07,0.07,0.67,282.8545833333333,38.62638888888889,10.747143,26.600107,8.771151,PM*,F8
HD 175114, ,18,55,12.9,-,32,27,14,4,-15,8.502,0.303,2.648,0.009,3.801,-0.47,89,3.76,0.7,3.4,2.0,5.0,1.1,1.04,1.17,30.9,0.4,0.5,2,437,0.18,11,-43,7,2,0.0,0.0,35,-2,9,7.914,-0.023,7.06,9.24,0.13,0.26,283.80375000000004,-32.45388888888889,85.75799,5.9967823,-23.034895,*,F5V
HD 175128, ,18,55,20.5,-,32,32,34,4,-15,8.396,0.361,2.612,0.0,3.776,-0.11,86,3.72,1.0,5.8,3.5,7.7,1.1,1.05,1.17,-41.8,0.5,0.7,2,354,0.068,4,-19,-213,2,11.6,1.4,-40,-87,-16,7.917,-0.022,3.83,8.04,0.35,0.13,283.8354166666666,-32.54277777777778,82.86726,5.7946434,-22.258438,PM*,F7/8V
HD 175226, ,18,52,16.5,+,43,42,35,73,18,7.447,0.323,2.633,0.001,3.794,-0.23,87,2.75,1.67,2.4,2.2,2.6,1.4,1.35,1.46,-4.5,0.3,0.3,2,971,0.436,9,-27,-2,1,11.5,0.6,2,-8,8,7.976,0.027,7.58,8.2,0.04,0.23,283.06874999999997,43.709722222222226,24.191402,79.12649,26.88448,*,F6IV
HD 175290, ,18,52,59.1,+,37,19,3,67,16,7.991,0.317,2.635,0.008,3.794,-0.6,89,3.24,1.49,4.8,4.0,5.8,1.11,1.08,1.18,-27.7,0.4,0.7,3,1063,0.088,10,4,24,3,11.2,0.7,-20,-21,-5,7.967,0.024,6.97,8.02,0.07,0.03,283.24625,37.3175,33.42795,78.7513,24.531725,*,F5V
HD 175317, ,18,55,31.0,-,16,22,35,19,-8,5.57,0.282,2.665,-0.006,3.818,-0.02,32,3.04,0.65,1.9,1.4,2.3,1.4,1.36,1.44,-45.8,0.3,0.4,3,2521,0.382,16,-28,-184,1,31.2,0.8,-35,-41,-2,7.97,-0.005,5.86,8.13,0.16,0.07,283.87916666666666,-16.37638888888889,29.962137,10.316792,-4.4535394,PM*,F5V
HD 175382, ,18,55,44.7,-,16,20,57,19,-8,7.171,0.298,2.647,-0.011,3.807,-0.1,52,3.6,0.4,2.5,1.0,3.4,1.24,1.19,1.29,-53.8,0.8,1.2,2,1043,0.032,16,56,-36,1,19.3,0.8,-52,-20,-9,7.951,-0.007,6.55,8.65,0.14,0.02,283.93625,-16.349166666666665,48.688473,16.764786,-7.2370014,PM*,F5V
HD 175384, ,18,55,49.8,-,18,32,0,17,-9,8.268,0.253,2.71,0.031,3.849,-0.19,110,2.93,0.32,1.2,0.3,1.7,1.41,1.34,1.48,41.1,1.5,3.1,4,1171,0.195,70,-2,-6,2,9.1,1.1,40,9,-7,7.896,-0.018,7.18,9.86,0.16,0.02,283.9575,-18.533333333333335,103.898415,31.764933,-17.207792,*,F2V
HD 175432, ,18,55,50.5,-,14,48,55,20,-8,8.2,0.26,2.693,0.01,3.835,0.16,149,2.33,0.86,1.2,1.0,1.4,1.63,1.54,1.74,-50.2,5.6,8.0,2,245,0.172,120,13,-9,2,6.8,1.0,-47,-20,-5,7.861,-0.02,6.55,8.44,0.13,0.04,283.9604166666666,-14.815277777777778,138.6516,50.46505,-20.736794,*,F2V
HD 175501, ,18,56,34.0,-,23,8,55,13,-11,7.604,0.302,2.658,0.013,3.806,-0.29,104,2.52,1.68,2.2,1.9,2.5,1.43,1.35,1.5,-22.9,1.0,0.8,2,447,0.592,35,0,-101,2,9.6,1.0,-16,-50,-16,7.9,-0.021,5.47,7.91,0.18,0.13,284.14166666666665,-23.148611111111112,99.47269,22.965078,-19.844135,PM*,F3IV/V
HD 175576, ,18,54,14.3,+,41,13,32,71,17,7.339,0.323,2.642,0.017,3.795,-0.36,109,2.16,2.35,1.9,1.7,2.1,1.54,1.47,1.61,-46.2,0.2,0.4,4,2193,0.48,8,43,23,1,9.2,0.6,-31,-31,-29,7.966,0.032,6.39,8.12,0.12,0.35,283.5595833333333,41.22555555555556,33.936317,98.55822,31.868515,*,F5
HD 175862, ,19,11,42.0,-,81,24,46,313,-28,7.604,0.251,2.693,0.008,3.833,-0.29,103,2.54,1.08,1.8,1.5,2.0,1.46,1.4,1.52,20.9,1.6,1.2,2,435,0.595,55,19,35,2,9.7,0.7,22,1,-18,7.938,-0.048,7.39,9.03,0.1,0.17,287.92499999999995,-81.41277777777778,62.023384,-66.51193,-48.35557,*,F0/2V
HD 175894, ,18,59,47.1,-,47,19,48,349,-21,7.878,0.378,2.581,-0.015,3.764,-0.38,86,3.21,2.02,5.9,4.4,7.7,1.09,1.02,1.16,-16.1,0.2,0.3,2,355,0.422,2,-61,-19,1,0.0,0.0,-10,-14,26,7.921,-0.031,7.49,7.92,0.03,0.56,284.94625,-47.330000000000005,78.812805,-15.319671,-30.819643,PM*,F8V
HD 175979, ,18,59,7.4,-,28,35,33,8,-14,8.657,0.36,2.612,0.0,3.774,-0.4,122,3.23,1.79,5.6,4.3,7.2,1.09,1.03,1.17,-1.3,0.3,0.3,2,358,0.351,4,-33,-7,2,9.2,1.2,4,-11,16,7.883,-0.03,7.39,8.11,0.05,0.36,284.7808333333333,-28.592499999999998,117.224045,16.474766,-29.514473,*,F8V
HD 176095, ,18,58,23.7,+,6,14,23,39,1,6.21,0.309,2.638,-0.007,3.803,-0.11,57,2.44,1.66,2.0,1.8,2.1,1.53,1.47,1.58,-4.1,0.4,0.6,2,351,0.179,13,-9,-109,2,17.6,0.8,14,-23,-11,7.956,0.001,6.69,8.21,0.1,0.06,284.59874999999994,6.239722222222222,44.290573,35.8658,0.99478716,PM*,F5IV
HD 176118, ,18,58,53.1,-,4,43,36,30,-4,7.493,0.279,2.682,0.013,3.821,-0.01,83,2.91,0.7,1.8,1.3,2.2,1.42,1.37,1.48,-30.9,0.3,0.2,2,361,0.598,9,7,-3,2,12.1,0.9,-27,-16,-1,7.928,-0.005,7.13,8.12,0.06,0.09,284.72124999999994,-4.726666666666667,71.70502,41.39891,-5.7897873,*,F5V
HD 176250, ,19,3,34.1,-,62,37,41,333,-25,8.32,0.287,2.657,-0.002,3.812,-0.26,116,2.99,1.05,2.4,2.0,2.8,1.3,1.22,1.38,-18.3,0.2,0.3,4,1698,0.775,6,0,-99,2,8.6,1.0,-42,-39,-2,7.906,-0.05,5.82,8.18,0.17,0.09,285.8920833333333,-62.628055555555555,93.67303,-47.728794,-49.02372,PM*,F5V
HD 176278, ,19,2,20.5,-,53,30,28,343,-23,8.262,0.357,2.614,0.005,3.775,-0.48,114,2.98,2.08,4.8,3.6,6.1,1.14,1.06,1.22,-18.4,0.2,0.3,4,1900,0.758,8,14,-13,2,8.8,1.1,-21,1,-1,7.9,-0.045,7.77,8.43,0.04,0.1,285.5854166666667,-53.507777777777775,100.35228,-30.680777,-44.54335,*,F7V
HD 176328, ,19,0,25.6,-,17,29,3,18,-10,7.754,0.275,2.663,-0.013,3.823,0.01,89,3.0,0.55,1.6,1.1,2.1,1.41,1.35,1.47,2.5,1.3,1.9,2,1127,0.318,55,44,-7,1,11.2,1.0,-2,5,-18,7.916,-0.015,7.87,8.63,0.05,0.17,285.1066666666666,-17.484166666666667,83.3581,27.084688,-15.454688,*,F3IV/V
HD 176341, ,18,57,4.9,+,51,43,15,82,20,7.907,0.272,2.674,0.003,3.82,-0.3,83,3.3,0.6,2.3,1.6,2.9,1.27,1.22,1.32,2.5,0.9,0.1,2,501,0.931,25,43,-5,1,12.0,0.6,-2,9,-15,7.989,0.029,7.95,8.94,0.06,0.12,284.2704166666666,51.72083333333334,10.854734,77.23544,28.38767,*,F5
HD 176370, ,19,3,1.7,-,54,34,29,342,-23,8.407,0.289,2.683,0.03,3.829,-0.17,116,2.96,0.63,1.8,1.3,2.2,1.36,1.29,1.44,15.6,0.3,0.2,2,383,0.565,9,-3,-52,2,8.2,1.2,4,-31,-11,7.899,-0.046,6.4,7.97,0.11,0.08,285.7570833333333,-54.57472222222223,101.55245,-32.996384,-45.32481,PM*,F3V
HD 176414, ,19,0,29.6,-,7,23,8,27,-5,7.702,0.292,2.665,0.003,3.813,-0.01,83,3.12,0.67,2.0,1.5,2.5,1.36,1.3,1.42,33.1,0.5,0.8,2,361,0.094,13,-17,-111,2,12.1,1.0,48,-22,-17,7.927,-0.008,6.22,9.02,0.18,0.15,285.12333333333333,-7.385555555555556,73.67213,37.537823,-7.2339263,PM*,F5IV/V
HD 176441, ,18,59,42.5,+,16,15,9,48,6,7.078,0.314,2.649,0.008,3.797,-0.27,45,3.83,0.55,3.7,2.4,4.9,1.13,1.07,1.19,21.0,0.3,0.3,2,1793,0.55,4,-102,-121,2,22.4,0.8,38,-7,10,7.97,0.004,6.92,9.22,0.14,0.28,284.9270833333333,16.2525,29.945927,33.258324,4.703781,PM*,F5
HD 176464, ,19,10,33.5,-,78,3,32,316,-27,8.844,0.339,2.625,0.012,3.782,-0.48,90,4.07,0.83,6.0,3.7,8.8,1.01,0.95,1.07,-26.4,0.2,0.2,3,648,0.818,7,53,-48,2,11.1,0.9,-38,9,-8,7.942,-0.042,7.61,9.31,0.1,0.05,287.63958333333335,-78.05888888888889,57.68427,-55.70508,-40.859142,PM*,F8V
HD 176559, ,18,49,54.6,+,78,50,22,110,27,8.054,0.328,2.642,0.015,3.792,-0.29,130,2.49,2.02,2.2,2.0,2.5,1.44,1.38,1.51,0.9,0.5,0.5,2,730,0.529,21,0,98,2,7.7,0.6,-56,-22,5,8.04,0.058,6.47,8.81,0.15,0.2,282.47749999999996,78.83944444444444,-39.616478,108.84539,59.018764,PM*,F5
HD 176666, ,19,5,20.8,-,61,41,24,335,-25,8.288,0.348,2.617,0.016,3.775,-0.47,54,4.61,0.44,5.1,0.0,11.0,0.95,0.88,1.03,-32.2,0.2,0.2,6,2125,0.971,3,88,93,3,18.4,1.0,-22,40,-2,7.956,-0.023,7.93,11.34,0.18,0.09,286.3366666666666,-61.69,44.355263,-20.683208,-22.821386,PM*,F6V
HD 176894, ,19,0,31.9,+,41,41,3,72,16,7.722,0.259,2.694,0.014,3.83,-0.18,85,3.06,0.52,1.8,1.2,2.2,1.36,1.31,1.42,-11.5,2.4,3.0,3,829,0.582,100,17,6,2,11.7,0.7,-8,-8,-8,7.975,0.024,7.81,7.99,0.01,0.03,285.13291666666663,41.68416666666666,25.248926,77.708206,23.429176,*,F0
HD 176903, ,19,3,6.9,-,19,6,10,17,-11,6.38,0.307,2.655,0.003,3.807,0.05,81,1.83,2.03,1.3,1.2,1.5,1.78,1.71,1.85,18.4,0.8,1.0,4,2454,0.76,50,13,-4,2,12.3,0.8,16,6,-9,7.924,-0.016,7.58,9.06,0.09,0.03,285.77874999999995,-19.102777777777778,76.03751,23.247,-15.455528,*,F5V
HD 176968, ,18,58,26.4,+,63,26,0,94,23,8.28,0.272,2.686,0.017,3.821,-0.25,125,2.8,1.03,2.1,1.8,2.4,1.38,1.32,1.45,-4.8,1.6,1.1,2,736,0.615,40,-6,55,2,8.0,0.6,-30,-11,9,8.008,0.049,7.36,8.35,0.06,0.25,284.6099999999999,63.43333333333333,-8.026398,114.78283,48.841393,PM*,F0
HD 176969, ,19,0,50.1,+,42,15,9,73,16,6.829,0.341,2.634,0.003,3.785,-0.04,35,4.11,0.33,3.9,0.8,6.1,1.12,1.06,1.18,-9.6,0.3,0.1,2,1041,0.828,7,-12,-143,1,28.6,0.6,19,-14,-9,7.99,0.01,7.05,8.51,0.09,0.03,285.20874999999995,42.2525,9.836602,32.17407,9.647307,PM*,F8
HD 177104, ,19,7,19.6,-,62,8,49,334,-26,8.025,0.29,2.64,-0.016,3.811,-0.32,104,2.94,1.17,2.4,2.1,2.8,1.3,1.23,1.38,-17.0,0.7,1.0,2,1360,0.289,14,-31,19,2,9.6,1.0,-5,9,22,7.916,-0.045,7.89,8.98,0.06,0.53,286.8316666666666,-62.14694444444444,84.01439,-40.976566,-45.5906,*,F5V
HD 177326, ,19,0,48.3,+,57,48,47,88,22,8.066,0.286,2.652,0.004,3.812,-0.53,192,1.65,2.62,1.6,1.3,1.8,1.59,1.49,1.68,-23.0,0.5,0.2,2,716,0.734,15,25,38,2,5.2,0.6,-40,-16,-19,7.994,0.07,6.96,8.48,0.1,0.2,285.20124999999996,57.81305555555555,6.2127833,177.91086,71.92446,*,F2
HD 177369, ,19,15,25.3,-,79,1,42,315,-28,8.079,0.325,2.635,0.007,3.789,-0.35,60,4.21,0.42,4.6,0.1,7.2,1.05,0.99,1.11,-5.3,0.3,0.2,2,435,0.62,14,-10,-58,2,16.8,0.8,-14,-9,5,7.963,-0.028,7.69,7.99,0.02,0.18,288.85541666666666,-79.02833333333334,37.460285,-37.460297,-28.168295,PM*,F5V
HD 177459, ,19,4,9.7,+,17,33,21,50,5,6.937,0.314,2.63,-0.01,3.797,-0.28,47,3.57,0.82,3.5,2.9,4.2,1.17,1.09,1.23,-67.0,0.4,0.3,2,1793,0.619,15,119,71,1,21.2,0.8,-62,-33,-23,7.97,0.004,5.92,8.71,0.19,0.24,286.0404166666666,17.555833333333332,30.096054,35.867085,4.0963197,PM*,F5
HD 177657, ,19,5,54.0,-,8,54,28,27,-7,8.03,0.285,2.677,0.008,3.818,0.08,114,2.75,0.85,1.6,1.3,2.0,1.46,1.39,1.55,-14.1,0.5,0.1,2,728,0.965,19,-51,-106,1,8.8,1.1,18,-63,0,7.899,-0.014,4.82,8.03,0.25,0.11,286.47499999999997,-8.907777777777778,100.81762,51.36914,-13.8931055,PM*,F3/5V
HD 178341, ,19,8,57.0,-,18,40,57,18,-12,6.949,0.247,2.699,0.02,3.847,-0.32,83,2.26,1.14,1.5,1.3,1.7,1.53,1.48,1.6,-39.5,1.1,1.9,4,1202,0.579,90,-6,-15,2,12.0,0.9,-34,-19,8,7.923,-0.018,6.87,8.24,0.09,0.22,287.23749999999995,-18.6825,77.21272,25.087934,-17.256672,*,F2IV
HD 178606, ,19,10,27.6,-,30,0,25,7,-17,6.521,0.292,2.664,0.002,3.813,-0.01,55,2.82,0.97,2.0,1.6,2.3,1.44,1.4,1.49,-32.0,0.5,0.3,2,350,0.619,26,70,-64,2,18.2,1.0,-36,-13,-13,7.948,-0.016,7.09,8.39,0.08,0.08,287.61499999999995,-30.006944444444443,52.204712,6.4099326,-16.080442,PM*,F5V
HD 178739, ,19,7,6.2,+,51,39,27,82,19,8.231,0.255,2.682,0.001,3.833,-0.18,141,2.49,1.03,1.6,1.4,1.9,1.49,1.42,1.56,10.3,1.5,2.0,3,836,0.609,80,8,8,2,7.1,0.7,-5,11,0,7.982,0.045,7.97,9.11,0.07,0.13,286.7758333333333,51.6575,18.554296,132.02068,45.90511,*,F5
HD 178821, ,19,8,0.6,+,43,58,1,75,16,7.682,0.347,2.639,0.021,3.797,0.04,132,2.0,2.09,1.5,1.3,1.7,1.7,1.63,1.78,-47.8,0.3,0.1,2,1084,0.9,9,22,9,1,7.6,0.6,-22,-39,-23,7.967,0.036,6.06,8.01,0.14,0.24,287.00249999999994,43.966944444444444,32.840656,122.56299,36.384132,*,F5
HD 178850, ,19,9,11.8,+,25,19,3,58,8,8.055,0.346,2.624,0.012,3.782,-0.32,116,2.73,2.04,3.5,2.6,4.3,1.33,1.17,1.42,-33.5,0.3,0.3,2,743,0.492,6,-23,-92,2,8.6,0.9,26,-54,-15,7.938,0.015,5.16,8.2,0.23,0.12,287.2991666666666,25.3175,60.872406,97.416214,16.144081,PM*,F8
HD 179164, ,19,13,40.5,-,47,7,56,350,-23,8.048,0.328,2.646,0.015,3.794,-0.15,112,2.8,1.54,2.5,2.1,3.0,1.37,1.27,1.47,-15.1,1.0,0.8,2,383,0.584,40,10,-72,1,0.0,0.0,-25,-32,-8,7.898,-0.044,6.33,7.98,0.12,0.05,288.41874999999993,-47.132222222222225,101.53027,-17.902554,-43.761887,PM*,F5V
HD 179177, ,19,12,9.7,-,16,25,49,20,-12,8.021,0.371,2.641,0.055,3.801,-0.08,124,2.32,1.8,1.9,1.6,2.2,1.52,1.43,1.63,-33.9,0.3,0.4,3,384,0.433,12,-16,-44,2,6.8,1.0,-22,-38,4,7.886,-0.026,6.05,7.93,0.13,0.17,288.0404166666666,-16.43027777777778,113.97561,41.483727,-25.781052,*,F5/6IV/V
HD 179409, ,19,13,9.1,-,20,25,18,17,-14,7.842,0.295,2.645,-0.015,3.808,-0.1,93,2.99,0.99,2.3,1.9,2.7,1.36,1.29,1.43,-43.2,1.0,0.0,1,0,0.0,12,27,-7,2,10.7,1.0,-43,-12,-2,7.913,-0.022,6.98,8.58,0.1,0.08,288.2879166666666,-20.421666666666667,86.29455,26.38289,-22.498737,*,F3V
HD 179423, ,19,11,46.6,+,18,5,16,51,4,7.637,0.245,2.705,0.012,3.841,0.03,141,1.89,1.3,1.1,1.0,1.3,1.72,1.63,1.83,11.2,1.2,2.0,3,1587,0.373,50,-5,-7,2,7.1,0.9,12,5,1,7.912,0.009,7.64,8.9,0.08,0.13,287.9441666666666,18.087777777777777,88.51803,109.31066,9.835662,*,F0
HD 179596, ,19,13,6.9,+,4,56,8,40,-3,7.658,0.328,2.645,0.006,3.796,0.09,62,3.69,0.37,2.5,1.1,3.5,1.26,1.21,1.31,-3.2,0.4,0.1,2,741,0.828,19,9,-16,2,16.1,1.0,-1,-4,-4,7.952,-0.003,7.76,8.2,0.03,0.04,288.27874999999995,4.935555555555556,47.429665,39.798214,-3.2448294,*,F6V
HD 179699, ,19,15,20.2,-,39,39,46,358,-21,8.029,0.371,2.63,0.017,3.775,0.14,80,3.51,1.01,3.3,2.7,5.3,1.28,1.19,1.35,10.6,0.4,0.5,2,381,0.08,3,-19,29,2,12.5,1.1,14,8,6,7.925,-0.029,7.66,9.14,0.09,0.21,288.83416666666665,-39.66277777777778,74.64094,-2.6065266,-28.669436,*,F8/G0V
HD 179866, ,19,20,49.3,-,72,37,43,323,-28,7.92,0.329,2.642,0.008,3.793,-0.09,79,3.44,0.87,3.1,2.6,3.6,1.24,1.16,1.3,48.4,0.3,0.1,2,383,0.908,7,-78,-75,2,12.7,0.8,28,-57,2,7.945,-0.037,5.05,8.22,0.24,0.14,290.2054166666666,-72.6286111111111,55.707115,-41.978317,-37.088253,PM*,F7V
HD 179874, ,19,14,17.4,-,3,30,6,32,-7,8.139,0.365,2.621,-0.002,3.776,0.2,66,4.04,0.4,3.9,1.4,6.2,1.18,1.12,1.24,-16.9,0.2,0.2,2,1109,0.606,5,28,-54,2,0.0,0.0,-9,-19,-13,7.945,-0.008,7.1,7.95,0.06,0.09,288.5725,-3.5016666666666665,55.553974,34.713978,-8.043377,PM*,F8/G0V
HD 179985, ,19,13,18.6,+,34,28,50,66,11,7.691,0.35,2.649,0.031,3.805,0.27,135,1.9,1.85,1.3,1.1,1.8,1.82,1.71,1.9,-25.6,0.3,0.2,2,1824,0.564,9,12,-38,3,7.4,0.7,8,-28,-22,7.947,0.025,6.56,8.08,0.1,0.22,288.32749999999993,34.480555555555554,53.9006,121.062744,25.759214,*,F7III
HD 180083, ,19,14,48.8,+,8,5,47,43,-1,7.717,0.331,2.639,0.004,3.791,-0.07,63,3.74,0.59,3.5,2.5,4.4,1.18,1.11,1.24,-43.7,0.3,0.4,2,682,0.303,4,70,29,3,16.0,1.0,-44,-17,-13,7.954,-0.002,6.8,8.51,0.11,0.09,288.7033333333333,8.096388888888889,46.068268,42.95935,-1.0995016,PM*,F5
HD 180120, ,19,19,21.8,-,62,42,34,334,-27,8.851,0.284,2.664,0.001,3.815,-0.23,145,3.04,0.9,2.3,1.8,2.8,1.3,1.22,1.38,-0.7,0.8,1.1,2,1116,0.07,17,8,-49,2,0.0,0.0,-18,-27,-9,7.884,-0.066,6.58,7.91,0.09,0.07,289.8408333333333,-62.70944444444445,116.120544,-56.63579,-65.82862,PM*,F3IV/V
HD 180134, ,19,18,9.7,-,53,23,13,344,-25,6.37,0.324,2.635,0.006,3.793,-0.28,46,3.07,1.41,4.1,2.5,4.5,1.3,1.18,1.35,-22.5,0.2,0.1,2,688,0.676,7,24,-81,2,21.9,0.8,-28,-9,2,7.96,-0.02,7.43,8.29,0.05,0.13,289.54041666666666,-53.386944444444445,40.075146,-11.49137,-19.440441,PM*,F7V
HD 180285, ,19,14,21.1,+,37,38,28,69,12,8.36,0.314,2.632,-0.006,3.797,-0.39,122,2.93,1.56,2.8,2.3,4.5,1.27,1.15,1.36,14.3,0.9,1.2,2,756,0.046,13,-1,6,3,8.2,0.8,2,14,5,7.958,0.025,7.89,9.31,0.08,0.19,288.5879166666667,37.64111111111111,42.765488,111.40789,25.365227,*,F2
HD 180539, ,19,17,37.0,-,17,55,18,20,-14,8.067,0.262,2.695,0.024,3.841,-0.3,143,2.19,1.29,1.5,1.3,1.8,1.52,1.44,1.62,-40.4,2.0,3.5,3,1171,0.015,55,-15,-48,2,7.0,0.9,-26,-46,5,7.869,-0.034,5.61,7.93,0.17,0.18,289.40416666666664,-17.921666666666667,130.3845,47.456074,-34.594833,*,F0V
HD 180546, ,19,18,43.2,-,39,32,52,359,-22,7.432,0.304,2.658,0.003,3.805,-0.06,61,3.51,0.5,2.5,1.5,3.3,1.26,1.21,1.31,-33.6,1.2,1.8,2,1093,0.062,35,45,-82,2,16.4,1.0,-39,-18,-6,7.943,-0.023,6.84,8.36,0.1,0.03,289.68,-39.547777777777775,56.549603,-0.98708844,-22.851002,PM*,F6V
HD 180709, ,19,27,35.0,-,78,13,15,316,-28,8.65,0.348,2.617,-0.003,3.778,-0.17,66,4.56,0.17,2.8,0.0,8.4,1.03,0.96,1.09,-11.7,0.2,0.3,3,648,0.546,8,7,15,2,15.2,0.9,-5,11,4,7.958,-0.031,7.95,9.07,0.07,0.17,291.8958333333333,-78.22083333333333,41.919186,-40.480907,-30.985125,*,F7V
HD 180712, ,19,14,1.4,+,59,33,6,90,20,7.977,0.395,2.593,0.006,3.755,-0.25,44,4.75,0.58,12.5,6.7,0.0,0.88,0.84,0.97,-13.6,0.3,0.4,2,281,0.223,3,47,111,2,22.6,0.6,-25,-12,-6,8.0,0.015,7.38,8.21,0.05,0.02,288.5058333333333,59.55166666666666,-1.8073117e-06,41.346474,15.048885,PM*,F8
HD 180738, ,19,13,48.9,+,62,12,46,93,21,8.537,0.32,2.627,-0.004,3.793,-0.42,99,3.56,1.04,4.0,2.8,6.2,1.09,1.04,1.17,-20.1,0.4,0.7,3,587,0.092,4,-47,62,2,0.0,0.0,-19,-31,20,8.005,0.036,6.55,8.03,0.1,0.47,288.45374999999996,62.21277777777778,-4.8371215,92.2978,35.478428,PM*,F8
HD 180841, ,19,9,38.2,+,76,10,58,108,25,8.237,0.353,2.606,0.009,3.773,-0.57,60,4.34,0.83,7.9,4.9,12.0,0.94,0.87,1.0,-42.4,0.2,0.2,3,405,0.807,5,161,54,1,16.6,0.7,-17,-27,-56,8.017,0.026,6.89,8.03,0.08,0.99,287.4091666666666,76.18277777777779,-16.803865,51.716995,25.357096,PM*,F8
HD 180867, ,19,15,54.6,+,47,3,40,78,16,8.239,0.344,2.614,-0.006,3.782,-0.41,123,2.78,2.06,3.7,3.0,4.6,1.2,1.14,1.33,-15.1,0.3,0.4,2,713,0.278,6,16,-31,2,8.1,0.8,11,-13,-19,7.976,0.033,7.23,8.31,0.07,0.18,288.97749999999996,47.06111111111111,24.582474,115.651474,33.903397,*,F6IV
HD 180904, ,19,19,25.5,-,29,1,15,9,-18,8.124,0.31,2.627,0.002,3.795,-0.65,78,3.68,1.06,4.4,2.8,6.8,1.06,1.0,1.13,42.1,0.2,0.3,4,563,0.628,8,-142,0,3,12.9,1.2,58,-10,33,7.927,-0.024,6.47,9.77,0.2,0.84,289.85625,-29.020833333333332,73.269104,11.604687,-24.103327,PM*,F3V
HD 180917, ,19,17,16.3,+,28,46,56,61,8,7.607,0.285,2.669,0.005,3.814,-0.19,76,3.19,0.74,2.4,1.8,2.8,1.3,1.25,1.36,16.3,1.1,1.5,2,2895,0.258,28,-28,-101,2,13.1,0.8,41,-3,-5,7.964,0.01,6.95,9.44,0.15,0.03,289.31791666666663,28.78222222222222,36.486946,65.8242,10.577156,PM*,F5
HD 180945, ,19,18,23.3,+,5,7,51,41,-4,7.163,0.312,2.648,0.003,3.801,-0.12,62,3.2,0.96,2.7,2.3,3.1,1.31,1.26,1.36,-1.2,0.9,1.2,2,54,0.052,16,65,19,2,16.1,0.8,-11,9,-14,7.953,-0.004,7.95,8.9,0.06,0.1,289.5970833333333,5.130833333333333,46.678013,40.576576,-4.324901,PM*,F5V
HD 180964, ,19,24,18.2,-,70,6,27,325,-28,7.807,0.345,2.618,0.001,3.785,-0.16,81,3.26,1.3,4.6,2.7,5.3,1.19,1.14,1.31,-43.7,0.3,0.4,2,381,0.243,8,34,-164,2,12.3,0.9,-73,-26,7,7.941,-0.038,6.01,9.12,0.21,0.23,291.07583333333326,-70.10749999999999,58.584724,-41.02148,-38.0272,PM*,F7V
HD 180965, ,19,32,43.1,-,81,31,49,312,-28,7.838,0.29,2.657,0.005,3.811,-0.34,127,2.33,1.8,2.0,1.7,2.2,1.48,1.4,1.56,-7.7,0.6,0.4,2,333,0.571,21,56,-53,2,7.9,0.8,-40,-9,-23,7.925,-0.06,7.17,8.6,0.09,0.26,293.1795833333333,-81.53027777777778,75.03253,-83.33204,-59.62289,PM*,F5V
HD 181096, ,19,16,51.3,+,46,59,56,78,15,6.0,0.32,2.64,0.009,3.795,-0.31,42,2.86,1.6,3.6,2.3,3.8,1.36,1.31,1.4,-44.7,0.2,0.3,5,1540,0.729,7,-8,291,2,23.6,0.6,-62,-38,12,7.992,0.011,5.76,8.67,0.2,0.31,289.21374999999995,46.99888888888889,8.434744,39.682358,10.870399,PM*,F6IV:
HD 181214, ,19,19,19.5,+,7,8,37,42,-3,7.76,0.328,2.652,0.024,3.808,-0.02,113,2.39,1.52,1.8,1.5,2.1,1.53,1.43,1.63,-36.2,0.2,0.7,9,2579,0.626,20,8,19,2,7.0,1.0,-34,-16,3,7.917,-0.006,6.97,8.26,0.08,0.15,289.83124999999995,7.143611111111111,83.860275,75.50813,-5.9139633,*,F8III
HD 181327, ,19,22,58.9,-,54,32,16,343,-26,7.04,0.297,2.667,0.002,3.81,0.15,51,3.52,0.19,1.3,0.0,2.3,1.35,1.29,1.39,0.2,0.4,0.6,2,703,0.316,18,24,-83,2,19.8,0.8,-9,-17,-9,7.957,-0.022,7.27,7.96,0.05,0.03,290.74541666666664,-54.53777777777778,43.83557,-13.401881,-22.356928,PM*,F6V
HD 181355, ,19,15,25.7,+,66,7,9,97,22,7.695,0.3,2.668,0.013,3.809,-0.03,84,3.07,0.82,2.2,1.7,2.6,1.34,1.27,1.42,-17.5,0.4,0.6,2,715,0.202,15,-32,46,2,0.0,0.0,-11,-24,9,8.01,0.032,6.89,8.01,0.07,0.25,288.8570833333333,66.11916666666666,-9.491601,77.30291,31.466953,PM*,F5
HD 181358, ,19,17,17.5,+,54,17,47,85,18,8.219,0.334,2.642,0.008,3.793,0.06,159,2.22,1.94,1.8,1.5,2.0,1.62,1.53,1.71,-47.1,0.4,0.6,2,713,0.243,15,-23,36,2,6.3,0.7,-23,-51,10,7.988,0.049,5.47,8.02,0.19,0.27,289.3229166666667,54.296388888888885,13.179524,150.64256,49.133705,*,F6IV
HD 181382, ,19,19,51.9,+,12,1,45,47,-1,7.643,0.336,2.621,-0.009,3.787,-0.31,93,2.79,1.86,3.6,2.4,4.2,1.34,1.19,1.42,31.6,0.3,0.5,3,2181,0.254,6,49,-91,2,10.7,1.0,40,5,-39,7.936,-0.001,7.15,9.8,0.16,0.61,289.96624999999995,12.029166666666667,63.416187,68.00554,-1.6230737,PM*,F5IV-V
HD 181420, ,19,20,27.0,-,1,18,35,35,-7,6.588,0.28,2.657,-0.013,3.818,-0.09,50,3.11,0.64,2.0,1.5,2.5,1.36,1.32,1.41,-34.4,0.4,0.1,2,1109,0.82,19,73,51,1,20.2,0.9,-39,-6,-6,7.96,-0.006,7.3,8.7,0.09,0.02,290.11249999999995,-1.3097222222222222,40.652313,28.465055,-6.093467,PM*,F6V
HD 181459, ,19,23,39.6,-,55,56,7,341,-27,7.353,0.292,2.644,-0.006,3.808,-0.4,81,2.82,1.43,2.4,2.2,2.8,1.33,1.25,1.39,-32.4,0.3,0.1,2,439,0.924,7,89,-65,2,12.4,0.9,-49,-4,-20,7.932,-0.036,7.12,9.0,0.12,0.2,290.91499999999996,-55.93527777777778,68.239525,-23.496742,-36.77323,PM*,F5V
HD 181872, ,19,26,23.1,-,63,13,47,333,-28,7.918,0.352,2.636,0.024,3.787,-0.19,47,4.44,0.1,0.6,0.0,6.1,1.06,0.99,1.12,-0.8,0.2,0.3,5,4671,0.606,9,46,-1,2,21.1,1.0,-5,3,-9,7.963,-0.022,7.93,8.54,0.04,0.03,291.59624999999994,-63.22972222222222,36.975468,-18.839941,-22.065165,*,F8V
HD 181893, ,19,23,44.8,-,37,4,38,1,-22,8.39,0.296,2.662,0.01,3.81,-0.21,140,2.66,1.38,2.2,1.8,2.5,1.4,1.31,1.49,-42.1,0.6,0.2,2,356,0.751,25,2,-34,2,6.7,1.2,-42,-22,8,7.87,-0.052,6.58,8.3,0.12,0.24,290.9366666666666,-37.077222222222225,129.78596,2.2654223,-52.44492,*,F3V
HD 182008, ,19,21,40.5,+,26,38,7,60,6,7.724,0.273,2.684,0.014,3.819,-0.29,76,3.31,0.6,2.3,1.6,2.9,1.26,1.21,1.32,-16.6,1.4,1.0,2,1833,0.627,27,10,-30,2,13.1,0.9,-1,-18,-10,7.962,0.008,7.16,8.02,0.06,0.04,290.41875,26.635277777777777,37.79183,65.457375,7.9441633,*,F5
HD 182101, ,19,22,48.3,+,9,54,47,45,-2,6.35,0.309,2.644,0.008,3.799,-0.42,36,3.59,0.88,3.6,2.9,4.2,1.14,1.07,1.2,-11.7,0.2,0.3,6,406,0.802,13,8,107,2,28.0,0.9,-20,4,8,7.975,-0.001,7.89,8.66,0.05,0.23,290.70125,9.913055555555555,25.440336,25.440336,-1.2563819,PM*,F6V
HD 182380, ,19,23,29.6,+,23,58,33,58,4,7.629,0.31,2.639,0.003,3.8,-0.38,118,2.28,2.13,2.0,1.8,2.3,1.47,1.39,1.55,-27.7,0.6,0.6,3,753,0.672,25,32,12,1,8.5,0.9,-26,-15,-15,7.938,0.008,7.18,8.13,0.06,0.11,290.8733333333333,23.97583333333333,62.378155,99.82591,8.231263,*,F5
HD 182498, ,19,25,18.6,-,11,30,49,26,-13,8.57,0.37,2.604,-0.003,3.769,-0.22,66,4.48,0.5,7.8,3.3,11.7,0.98,0.93,1.05,-1.4,0.2,0.3,2,650,0.413,4,-54,-99,2,15.2,1.1,15,-32,2,7.942,-0.014,6.28,8.15,0.13,0.13,291.3275,-11.51361111111111,57.80003,28.190958,-14.846769,PM*,F8V
HD 182708, ,19,27,43.2,-,40,5,49,358,-24,7.16,0.366,2.636,0.028,3.793,0.2,68,2.88,1.16,2.4,2.0,2.8,1.47,1.42,1.53,-18.9,0.2,0.2,2,1747,0.489,8,36,-116,1,14.7,0.9,-27,-32,-12,7.938,-0.027,6.34,8.03,0.12,0.08,291.92999999999995,-40.096944444444446,62.08325,-2.1680012,-27.658092,PM*,F8V
HD 182785, ,19,26,5.0,+,7,11,55,43,-4,8.339,0.246,2.717,0.026,3.856,0.22,112,2.97,-0.16,0.0,0.0,0.9,1.59,1.53,1.67,-9.9,0.9,1.7,4,1113,0.529,70,18,27,3,8.9,1.1,-19,6,-1,7.918,-0.009,7.86,8.7,0.05,0.09,291.5208333333333,7.198611111111111,81.71208,76.19775,-7.8127246,*,F0III
HD 182900, ,19,26,24.1,+,13,1,25,48,-2,5.72,0.302,2.659,0.005,3.811,0.05,56,2.0,1.77,1.4,1.3,1.5,1.73,1.68,1.78,-35.5,0.4,1.1,9,2896,0.141,27,14,58,2,18.0,0.8,-35,-16,5,7.963,-0.002,7.0,8.32,0.09,0.18,291.60041666666666,13.023611111111112,37.448486,41.590763,-1.9543717,PM*,F6III
HD 182901, ,19,26,31.9,+,11,51,3,47,-2,6.911,0.293,2.652,-0.008,3.812,-0.08,63,2.93,0.95,2.2,1.8,2.5,1.4,1.35,1.45,-44.8,0.3,0.5,4,1765,0.637,21,92,25,2,16.0,0.9,-45,-20,-19,7.958,-0.002,6.66,8.49,0.12,0.17,291.6329166666667,11.850833333333332,42.93972,46.04722,-2.1986682,PM*,F5IV-V
HD 182925, ,19,27,35.0,-,16,27,11,22,-15,8.49,0.319,2.66,0.029,3.812,-0.15,120,2.97,0.97,2.2,1.8,2.7,1.33,1.25,1.42,23.0,0.8,1.1,2,363,0.034,11,-28,-65,2,7.9,1.1,36,-29,-7,7.893,-0.032,6.11,8.55,0.17,0.03,291.8958333333333,-16.453055555555554,107.470894,43.42106,-31.058285,PM*,F3V
HD 183011, ,19,29,55.4,-,50,16,11,348,-26,7.974,0.3,2.693,0.047,3.83,-0.1,93,2.94,0.56,1.6,1.1,2.0,1.4,1.34,1.47,14.1,1.1,0.3,2,1472,0.826,30,-23,11,1,10.8,1.0,18,-1,4,7.919,-0.041,7.41,8.78,0.08,0.17,292.4808333333333,-50.26972222222222,81.761246,-17.378897,-40.768517,*,F5IV
HD 183028, ,19,30,34.6,-,55,6,36,342,-27,6.3,0.291,2.667,0.007,3.81,-0.19,37,3.47,0.55,2.6,1.7,3.3,1.25,1.2,1.29,8.7,0.4,0.5,2,270,0.136,11,40,-13,1,27.2,0.8,4,-2,-10,7.969,-0.017,7.72,8.41,0.04,0.05,292.64416666666665,-55.11,31.353712,-10.187437,-16.797647,*,F5V
HD 183076, ,19,19,15.6,+,76,28,50,108,25,8.052,0.344,2.633,0.001,3.787,0.12,81,3.52,0.72,3.0,2.4,3.5,1.3,1.25,1.34,-50.1,0.3,0.1,2,710,0.867,7,19,70,2,12.4,0.7,-12,-52,-22,8.023,0.034,5.49,8.02,0.19,0.22,289.815,76.48055555555555,-22.685219,69.81794,34.23208,PM*,F8
HD 183123, ,19,25,29.7,+,50,4,14,82,15,8.356,0.313,2.638,-0.001,3.801,-0.17,152,2.45,1.75,2.1,1.8,2.5,1.46,1.38,1.56,7.0,0.5,0.8,2,582,0.119,10,-39,-32,2,4.5,0.7,33,-2,18,7.979,0.04,7.16,9.26,0.13,0.44,291.37375,50.07055555555556,20.433496,145.39188,39.340496,PM*,F8
HD 183127, ,19,28,5.7,-,0,25,7,37,-8,7.641,0.288,2.644,-0.02,3.813,-0.07,61,3.7,0.14,1.1,0.0,2.8,1.25,1.2,1.3,-2.3,0.7,1.0,2,732,0.027,13,1,38,2,16.3,1.0,-7,7,5,7.951,-0.009,7.95,8.76,0.05,0.19,292.02374999999995,-0.41861111111111116,48.24266,36.353447,-8.489559,*,F5V
HD 183301, ,19,28,12.0,+,18,55,2,54,1,7.643,0.318,2.652,0.018,3.798,-0.28,90,2.87,1.5,2.5,2.3,2.9,1.34,1.26,1.41,9.5,1.1,0.1,3,263,1.0,35,-13,-26,1,11.1,0.9,15,1,0,7.947,0.001,7.52,8.82,0.08,0.1,292.04999999999995,18.91722222222222,52.892616,72.800446,1.5707165,*,F5
HD 183504, ,19,31,47.9,-,42,25,46,356,-25,7.501,0.345,2.623,0.01,3.784,-0.27,110,2.3,2.38,2.3,1.9,3.1,1.44,1.36,1.52,-49.5,0.5,0.1,2,1747,0.889,22,42,7,1,9.1,1.1,-53,12,2,7.901,-0.046,7.35,9.82,0.14,0.17,292.9495833333333,-42.42944444444444,99.45101,-6.9542828,-46.48801,*,F5/6V
HD 183531,*,19,33,25.0,-,58,52,7,338,-28,9.695,0.373,0.0,0.0,3.765,-0.39,121,4.28,0.94,10.1,6.2,13.7,0.94,0.86,1.01,-40.2,0.3,0.2,2,399,0.673,4,9,-59,2,0.0,0.0,-49,-17,11,7.901,-0.057,6.69,8.58,0.12,0.29,293.35416666666663,-58.868611111111115,99.05722,-40.021717,-56.80606,PM*,F8/G0V
HD 183577, ,19,32,13.9,-,44,32,46,354,-26,6.487,0.338,2.636,0.016,3.784,-0.34,42,3.38,1.36,5.3,4.6,6.2,1.13,1.08,1.2,-0.1,0.4,0.6,2,438,0.043,6,-150,36,1,23.9,1.0,13,-1,28,7.962,-0.018,7.57,8.76,0.07,0.64,293.05791666666664,-44.54611111111111,37.542557,-3.9458888,-18.411589,PM*,F6V
HD 183581, ,19,34,39.5,-,65,1,50,331,-29,8.286,0.275,2.697,0.03,3.838,-0.01,102,3.11,0.17,1.0,0.0,1.6,1.42,1.35,1.48,9.7,2.9,4.1,2,329,0.167,50,14,-5,2,6.3,1.1,4,-4,-11,7.922,-0.049,7.64,8.29,0.04,0.07,293.66458333333327,-65.03055555555555,78.025894,-43.25044,-49.45058,*,F5IV/V
HD 183605, ,19,31,47.5,-,35,57,29,3,-23,7.946,0.335,2.64,0.02,3.8,-0.15,108,2.69,1.52,2.3,2.0,2.7,1.41,1.31,1.5,-1.4,0.5,0.2,2,436,0.702,23,-3,20,2,0.0,0.0,0,9,5,7.901,-0.043,7.85,8.91,0.06,0.19,292.94791666666663,-35.95805555555556,99.27828,5.202955,-42.198963,*,F2V
HD 183627, ,19,20,42.7,+,78,9,36,110,25,7.613,0.268,2.68,0.004,3.829,0.04,120,2.21,1.19,1.3,1.2,1.5,1.64,1.58,1.71,1.9,0.5,0.4,6,1147,0.99,50,22,-8,2,8.3,0.6,-1,7,-11,8.037,0.051,7.98,8.93,0.06,0.08,290.17791666666665,78.16000000000001,-37.197056,102.19808,50.71419,*,F2
HD 183631, ,19,30,58.0,-,11,29,4,27,-14,7.081,0.307,2.639,-0.007,3.802,-0.16,60,3.19,0.98,2.7,2.3,3.1,1.3,1.25,1.35,11.6,0.3,0.5,3,801,0.147,8,80,-15,2,16.7,0.9,3,8,-24,7.948,-0.014,7.86,8.96,0.07,0.27,292.7416666666666,-11.484444444444444,51.87239,26.430302,-14.515314,PM*,F5V
HD 183775, ,19,30,31.7,+,16,48,4,52,-1,8.07,0.262,2.703,0.022,3.843,0.16,104,2.89,0.17,0.7,0.0,1.2,1.53,1.47,1.61,0.3,0.3,0.6,4,1134,0.37,23,29,-9,2,9.6,1.0,-3,2,-15,7.936,-0.001,7.88,8.47,0.04,0.11,292.6320833333333,16.801111111111112,64.01904,81.94064,-1.8150502,*,F5
HD 183924, ,19,32,52.9,-,26,1,41,13,-20,7.655,0.241,2.706,0.014,3.844,-0.06,137,1.97,1.25,1.2,1.0,1.4,1.67,1.57,1.78,31.2,2.6,0.0,1,0,0.0,110,-26,0,2,8.3,1.2,35,2,4,7.875,-0.047,7.1,9.37,0.14,0.19,293.22041666666667,-26.028055555555554,125.43834,28.95972,-46.85676,*,F0IV/V
HD 183926, ,19,33,23.8,-,37,37,45,1,-24,8.904,0.4,2.675,0.133,3.826,-0.17,161,2.3,1.35,1.6,1.4,1.9,1.53,1.44,1.62,-0.5,1.2,2.1,3,388,0.051,35,-2,-3,2,4.3,1.4,0,-2,1,7.853,-0.065,7.69,8.21,0.03,0.14,293.3491666666667,-37.62916666666667,147.05841,2.566914,-65.4846,*,F3V
HD 183936, ,19,31,43.2,+,5,46,8,43,-6,6.968,0.3,2.651,0.003,3.806,-0.26,78,2.5,1.67,2.1,1.9,2.3,1.45,1.39,1.52,-24.5,0.3,0.4,2,661,0.427,11,96,12,1,12.8,0.9,-34,-4,-27,7.943,-0.009,7.46,8.63,0.07,0.31,292.92999999999995,5.768888888888889,56.733086,52.904457,-8.15322,PM*,F2III
HD 183951, ,19,35,46.1,-,61,37,51,335,-29,7.618,0.312,2.653,0.014,3.799,-0.32,83,3.03,1.35,2.8,2.4,4.3,1.28,1.17,1.35,-14.6,0.2,0.1,2,439,0.982,7,28,-24,2,12.1,0.9,-20,0,-3,7.934,-0.04,7.8,8.38,0.04,0.07,293.9420833333333,-61.630833333333335,65.79199,-30.679325,-40.239197,*,F6/7V
HD 183970, ,19,30,40.0,+,35,6,9,68,8,7.816,0.35,2.607,-0.007,3.777,-0.26,50,4.31,0.52,6.8,3.6,9.0,1.01,0.96,1.07,-13.6,0.4,0.7,3,1683,0.36,18,50,72,2,19.9,0.7,-24,-5,-4,7.982,0.007,7.67,8.35,0.04,0.04,292.6666666666667,35.1025,18.548048,45.908024,6.9586554,PM*,F5
HD 184022, ,19,36,49.4,-,65,46,17,330,-29,8.028,0.328,2.633,0.006,3.791,-0.26,100,3.03,1.48,3.0,2.4,4.9,1.19,1.13,1.36,-3.5,0.3,0.2,2,350,0.522,6,22,-69,2,10.0,1.0,-23,-24,-9,7.924,-0.049,6.76,8.0,0.08,0.05,294.2058333333333,-65.7713888888889,75.744286,-43.731003,-48.48096,PM*,F7V
HD 184025, ,19,32,13.3,+,6,40,51,44,-6,8.821,0.288,2.69,0.035,3.833,-0.04,132,3.07,0.32,1.3,0.3,1.9,1.4,1.33,1.47,-25.1,3.5,5.0,2,726,0.013,60,7,-14,3,3.6,1.6,-15,-22,-5,7.905,-0.014,6.91,7.92,0.07,0.03,293.05541666666664,6.680833333333334,94.432686,91.19259,-13.797757,*,F2IV
HD 184151, ,19,32,5.4,+,25,35,46,60,3,6.874,0.301,2.637,-0.009,3.804,-0.48,79,2.38,2.03,2.0,1.9,2.2,1.44,1.39,1.5,10.4,0.4,0.6,2,656,0.264,14,48,43,2,12.6,0.8,-15,21,-8,7.961,0.004,7.95,9.74,0.1,0.01,293.0225,25.59611111111111,39.44586,68.32225,4.1345406,PM*,F5V
HD 184198, ,19,32,26.3,+,23,14,43,58,2,8.173,0.328,2.624,-0.004,3.789,-0.43,96,3.26,1.44,4.9,3.3,6.0,1.13,1.07,1.21,-56.8,0.3,0.4,2,590,0.359,7,35,35,1,10.4,1.1,-48,-37,-8,7.949,0.003,5.92,8.35,0.17,0.02,293.1095833333333,23.24527777777778,50.84126,81.36302,3.3503516,*,F7Vw
HD 184448, ,19,32,2.5,+,50,10,53,82,14,8.053,0.409,2.579,0.0,3.749,-0.27,52,4.47,1.01,15.9,11.9,0.0,0.88,0.85,0.94,-25.5,0.4,0.6,2,644,0.035,4,-91,293,1,19.2,0.6,-60,-30,43,7.993,0.013,6.2,8.84,0.18,1.07,293.0104166666667,50.18138888888889,7.022032,49.96435,12.579939,PM*,F8
HD 184509, ,19,35,35.7,-,20,46,55,19,-19,6.736,0.356,2.609,-0.002,3.774,-0.3,32,4.23,0.71,7.0,4.8,10.7,1.0,0.96,1.06,-30.7,0.2,0.4,4,1758,0.212,4,100,-169,1,31.6,1.1,-28,-29,-13,7.972,-0.01,6.5,8.1,0.11,0.09,293.89874999999995,-20.781944444444445,28.608171,9.850583,-10.41818,PM*,F8.5V
HD 184753, ,19,37,27.2,-,35,14,24,4,-24,8.412,0.46,2.676,0.186,3.829,0.23,149,1.75,1.51,1.2,0.9,1.5,1.85,1.73,1.99,9.4,3.6,0.0,1,0,0.0,45,1,12,2,4.1,1.4,9,9,-2,7.864,-0.061,7.69,9.0,0.08,0.1,294.3633333333333,-35.24,135.7867,9.495131,-60.60376,*,F3IV
HD 184778, ,19,37,2.0,-,25,4,48,15,-21,8.371,0.346,2.62,0.003,3.781,-0.35,115,3.07,1.75,4.7,3.4,5.9,1.15,1.08,1.23,-35.6,0.2,0.1,2,795,0.808,5,-15,-78,2,8.7,1.1,-24,-50,5,7.896,-0.041,5.43,7.94,0.19,0.19,294.25833333333327,-25.08,103.70348,27.787266,-41.212315,PM*,F6/7V
HD 184960, ,19,34,19.7,+,51,14,11,83,15,5.74,0.32,2.642,0.01,3.794,-0.32,26,3.7,0.8,3.8,3.2,4.2,1.13,1.06,1.19,0.6,0.2,0.2,3,2162,0.683,8,32,-188,1,39.1,0.5,19,2,-13,7.997,0.006,7.52,9.03,0.09,0.08,293.58208333333334,51.23638888888889,3.0606349,24.926874,6.7292953,PM*,F7V
HD 184985, ,19,37,34.4,-,14,18,6,25,-17,5.47,0.319,2.642,-0.001,3.799,-0.02,31,3.02,1.08,2.5,2.1,2.8,1.39,1.35,1.42,-15.4,0.1,0.3,12,3628,0.928,5,-104,-146,1,32.4,0.7,-1,-29,9,7.973,-0.009,6.58,8.01,0.1,0.25,294.39333333333326,-14.301666666666668,26.867899,12.5287075,-9.063522,PM*,F7V
HD 185142, ,19,41,24.8,-,61,49,15,335,-30,8.034,0.315,2.656,0.021,3.81,-0.17,102,2.9,1.1,2.3,1.9,2.7,1.34,1.26,1.43,17.5,0.4,0.3,2,382,0.614,17,-49,17,2,5.9,1.0,28,-5,13,7.92,-0.05,7.12,8.93,0.11,0.32,295.3533333333333,-61.82083333333334,80.05832,-37.331825,-51.0,PM*,F5V
HD 185206, ,19,37,35.5,+,12,41,24,50,-4,7.948,0.241,2.705,0.015,3.841,-0.2,139,2.23,1.16,1.4,1.2,1.7,1.54,1.45,1.64,-26.9,1.1,1.9,3,1106,0.211,45,-16,-10,2,6.4,1.0,-9,-27,8,7.91,-0.01,6.65,7.91,0.09,0.22,294.3979166666666,12.69,89.12983,106.2208,-9.69615,*,F0
HD 185239, ,19,34,51.8,+,57,46,21,90,17,8.159,0.298,2.661,0.006,3.806,-0.2,82,3.59,0.53,2.9,1.8,3.7,1.21,1.15,1.26,11.4,0.6,0.8,2,683,0.062,5,-36,20,2,12.2,0.6,-2,6,18,8.0,0.024,7.95,8.86,0.05,0.44,293.7158333333333,57.7725,-3.4277152e-06,78.416985,23.974478,*,F8
HD 185270, ,19,37,15.9,+,26,9,15,61,2,8.45,0.354,2.631,0.018,3.776,-0.3,73,4.13,0.76,6.8,4.3,10.2,1.01,0.96,1.07,-24.5,0.3,0.3,4,1833,0.734,12,7,-16,2,13.7,1.2,-9,-23,-6,7.965,0.003,6.91,7.97,0.07,0.02,294.31624999999997,26.154166666666665,35.369537,63.808342,2.5476632,*,F8V
HD 185348, ,19,41,10.4,-,51,31,32,347,-28,8.024,0.362,2.619,0.01,3.774,-0.2,65,3.96,0.89,7.3,4.6,9.6,1.05,0.99,1.11,94.8,0.2,0.3,3,1471,0.605,6,-87,35,1,15.4,1.1,96,-14,-20,7.944,-0.031,5.73,10.94,0.31,0.24,295.2933333333333,-51.525555555555556,55.920647,-12.910297,-30.515652,PM*,F8V
HD 185426, ,19,39,47.0,-,19,13,50,21,-19,7.83,0.288,2.645,-0.009,3.813,-0.28,116,2.5,1.53,2.0,1.8,2.4,1.43,1.34,1.52,-40.6,0.4,0.3,2,795,0.534,19,53,-21,2,8.6,1.1,-46,-16,-17,7.897,-0.038,6.75,8.52,0.12,0.15,294.94583333333327,-19.230555555555554,102.39524,39.30585,-37.765903,PM*,F3/5V
HD 185457, ,19,37,27.6,+,40,35,19,74,9,8.418,0.334,2.65,0.022,3.803,0.02,130,2.76,1.22,2.1,1.8,2.4,1.45,1.38,1.52,-5.3,0.4,0.3,2,753,0.606,15,-15,-28,2,7.7,0.7,17,-10,-1,7.965,0.021,7.2,8.5,0.08,0.1,294.36499999999995,40.58861111111111,35.391705,123.425514,20.336481,*,F8IV
HD 185579, ,19,43,27.6,-,61,37,5,335,-30,9.037,0.303,2.647,-0.008,3.806,-0.03,149,3.17,0.79,2.3,1.8,2.8,1.31,1.24,1.39,-2.0,0.6,0.1,2,1150,0.941,15,27,-35,2,6.4,1.2,-20,-17,-17,7.883,-0.074,7.12,7.96,0.06,0.16,295.8649999999999,-61.61805555555556,116.94794,-54.53375,-74.5,*,F6IV
HD 185720, ,19,40,45.1,-,7,30,44,32,-14,6.974,0.337,2.645,0.015,3.79,-0.01,48,3.57,0.73,3.3,2.6,3.9,1.24,1.18,1.29,15.4,0.3,0.2,2,361,0.643,12,69,-58,2,20.9,0.8,11,1,-23,7.961,-0.012,7.64,8.77,0.07,0.25,295.18791666666664,-7.512222222222222,39.497158,24.680563,-11.612251,PM*,F6V
HD 185760, ,19,40,34.2,+,5,27,2,43,-8,8.149,0.322,2.637,0.013,3.792,-0.52,101,3.13,1.58,4.6,3.1,5.6,1.14,1.08,1.22,-15.5,0.4,0.8,3,377,0.228,13,13,2,2,9.9,1.1,-14,-8,-3,7.927,-0.015,7.69,7.97,0.02,0.06,295.1425,5.450555555555556,73.14786,68.21148,-14.056483,*,F5
HD 185890, ,19,46,3.9,-,67,2,53,329,-30,8.175,0.345,2.602,-0.026,3.782,-0.36,101,3.15,1.65,4.8,3.8,5.9,1.15,1.08,1.22,-18.8,0.3,0.1,2,367,0.861,6,27,-56,2,9.9,1.1,-33,-11,-1,7.925,-0.051,7.2,8.34,0.07,0.1,296.51624999999996,-67.04805555555555,74.97519,-45.04965,-50.5,PM*,F7V
HD 185907, ,19,42,55.6,-,37,26,23,2,-26,7.649,0.237,2.689,-0.005,3.842,-0.23,138,1.95,1.45,1.3,1.1,1.6,1.62,1.52,1.74,-35.6,0.8,1.5,4,1061,0.343,45,24,-17,1,7.9,1.2,-40,-9,-1,7.876,-0.06,7.13,8.52,0.09,0.11,295.7316666666666,-37.439722222222215,123.95802,4.328709,-60.49522,*,F0V
HD 185934, ,19,39,3.2,+,51,6,16,84,14,8.032,0.346,2.628,0.007,3.785,-0.09,147,2.19,2.3,1.9,1.6,2.2,1.59,1.49,1.67,-12.8,0.3,0.3,3,3980,0.734,14,3,4,2,6.8,0.6,-5,-12,-3,7.984,0.035,7.54,8.02,0.03,0.06,294.76333333333326,51.10444444444445,14.909251,141.85211,35.56252,*,F5
HD 185957, ,19,40,47.4,+,24,34,27,60,1,7.918,0.342,2.634,0.015,3.786,-0.23,102,2.87,1.73,3.0,2.3,4.7,1.31,1.13,1.42,-26.8,0.4,0.6,3,799,0.055,7,31,44,1,7.6,1.0,-36,-10,-3,7.949,0.002,7.2,8.45,0.08,0.06,295.1975,24.574166666666667,50.99223,88.321144,1.7801454,PM*,F8
HD 185978, ,19,39,5.6,+,54,10,53,87,15,7.888,0.34,2.643,0.018,3.789,-0.07,132,2.29,2.09,1.9,1.7,2.2,1.56,1.48,1.65,-31.6,0.5,0.6,2,683,0.357,20,24,17,2,7.6,0.7,-18,-27,-17,7.992,0.034,6.69,8.02,0.09,0.15,294.77333333333326,54.18138888888889,6.672952,127.32746,34.164112,*,F8
HD 186025, ,19,41,58.3,+,1,10,55,40,-11,8.862,0.382,2.661,0.092,3.813,-0.11,126,2.96,0.92,2.1,1.7,2.6,1.35,1.27,1.43,33.7,0.5,0.3,3,848,0.861,19,-57,-88,1,5.9,1.2,66,-26,-1,7.905,-0.023,5.77,9.45,0.24,0.1,295.49291666666664,1.1819444444444445,94.74822,79.5032,-24.041933,PM*,F3/5IV/V
HD 186152, ,19,45,55.4,-,57,32,50,340,-30,7.985,0.311,2.64,0.002,3.796,-0.37,76,3.59,0.9,3.6,2.9,4.5,1.13,1.06,1.2,-1.5,0.3,0.2,2,433,0.633,10,85,-61,2,13.2,0.9,-23,-13,-27,7.938,-0.038,7.38,8.1,0.05,0.31,296.4808333333333,-57.54722222222222,61.84862,-22.511072,-38.0,PM*,F5V
HD 186257, ,19,41,57.3,+,36,13,32,71,6,7.478,0.303,2.632,0.002,3.799,-0.6,53,3.85,0.77,4.0,2.3,5.4,1.07,1.02,1.13,0.7,0.4,0.3,2,639,0.596,8,168,-13,1,18.8,0.7,-15,11,-38,7.982,0.006,7.96,9.14,0.07,0.57,295.48875,36.22555555555556,17.160587,49.837963,5.5400085,PM*,F5
HD 186379, ,19,43,7.0,+,24,35,52,61,1,6.876,0.373,2.591,-0.004,3.764,-0.51,45,3.6,1.73,7.9,7.0,8.9,1.02,0.99,1.05,-8.1,0.3,0.5,3,409,0.203,5,85,-270,2,22.1,0.8,32,-27,-45,7.978,0.0,6.37,8.61,0.15,0.72,295.7791666666666,24.597777777777775,21.81311,39.351894,0.78535825,PM*,F8V
HD 186451, ,19,45,38.5,-,30,47,5,9,-24,8.432,0.325,2.637,0.006,3.793,-0.23,112,3.19,1.25,3.1,2.5,4.9,1.18,1.12,1.29,-38.1,0.2,0.1,2,367,0.806,6,37,-30,2,0.0,0.0,-42,-17,-6,7.899,-0.046,6.79,8.41,0.11,0.05,296.4104166666666,-30.784722222222225,101.057396,16.00592,-45.554504,*,F5V
HD 186606, ,19,44,44.8,+,18,43,42,56,-3,7.737,0.333,2.624,-0.002,3.787,-0.25,61,3.82,0.77,4.3,3.1,7.2,1.09,1.04,1.16,-61.8,0.3,0.1,2,832,0.817,8,122,24,2,16.5,0.9,-55,-39,-24,7.966,-0.003,5.77,8.48,0.19,0.26,296.18666666666667,18.72833333333333,34.06402,50.501987,-3.1924934,PM*,F8
HD 186657, ,19,45,22.6,+,7,54,47,46,-8,8.052,0.318,2.637,-0.004,3.797,-0.13,78,3.59,0.67,3.2,2.3,4.0,1.2,1.13,1.26,-30.5,0.4,0.1,2,672,0.982,14,29,39,3,12.8,1.1,-34,-10,2,7.947,-0.011,7.27,8.43,0.07,0.14,296.34416666666664,7.913055555555556,53.656044,55.562458,-10.855502,*,F8
HD 186725, ,19,49,55.8,-,62,34,0,334,-31,7.803,0.296,2.655,0.006,3.809,-0.3,115,2.5,1.64,2.1,1.8,2.4,1.43,1.35,1.51,-4.1,1.0,1.4,2,367,0.037,21,-4,-12,2,8.7,0.9,-5,-5,4,7.911,-0.058,7.8,8.05,0.02,0.17,297.48249999999996,-62.56666666666667,88.59794,-43.212112,-59.229378,*,F5V
HD 186784, ,19,50,9.6,-,60,55,25,336,-31,8.014,0.328,2.641,0.004,3.794,-0.01,99,3.04,1.17,2.5,2.2,3.0,1.36,1.29,1.43,-0.5,0.2,0.3,4,1059,0.353,4,-7,14,2,10.1,0.9,4,6,3,7.922,-0.05,7.79,8.78,0.06,0.17,297.53999999999996,-60.92361111111111,77.52308,-34.515484,-50.98877,*,F6IV
HD 186972, ,19,48,30.6,-,28,41,41,12,-24,8.174,0.299,2.668,0.013,3.808,-0.08,94,3.31,0.65,2.3,1.6,3.0,1.28,1.21,1.35,-6.7,0.6,0.1,2,445,0.97,30,40,13,4,0.0,0.0,-14,8,-11,7.916,-0.039,7.9,8.8,0.05,0.07,297.1275,-28.69472222222222,83.996735,17.854057,-38.233246,*,F5V
HD 186981, ,19,46,52.8,+,18,52,54,56,-3,8.426,0.252,2.7,0.015,3.838,-0.02,179,2.16,1.12,1.3,1.1,1.5,1.61,1.52,1.72,-28.5,1.5,2.6,4,1107,0.431,90,10,0,2,7.0,1.1,-19,-22,-6,7.9,-0.01,6.88,7.95,0.07,0.02,296.71999999999997,18.881666666666668,99.95835,148.19435,-9.368136,*,F4III
HD 187101, ,19,51,23.6,-,58,30,35,339,-31,8.018,0.359,2.614,0.005,3.776,-0.19,68,3.85,0.94,7.1,4.4,8.8,1.07,1.02,1.13,17.3,0.2,0.2,2,367,0.656,5,36,-84,2,14.7,0.9,-1,-28,-20,7.945,-0.035,6.63,7.98,0.09,0.19,297.8483333333333,-58.50972222222222,54.41595,-20.888334,-35.02259,PM*,F8/G0V
HD 187182, ,19,48,8.6,+,13,27,15,51,-6,6.962,0.289,2.663,0.003,3.813,-0.18,65,2.9,1.04,2.2,1.9,2.6,1.38,1.33,1.43,-4.1,0.4,0.6,3,3702,0.287,13,-56,-73,1,15.4,0.8,20,-20,4,7.96,-0.007,6.75,8.37,0.11,0.17,297.0358333333333,13.454166666666666,40.681736,50.237762,-6.79435,PM*,F5III
HD 187317, ,19,46,14.1,+,58,22,0,91,16,7.918,0.365,2.635,0.029,3.795,0.19,189,1.41,2.6,1.2,1.0,1.4,1.92,1.82,2.01,-25.1,1.2,1.6,2,715,0.366,55,6,-10,1,5.3,0.6,6,-22,-15,8.003,0.052,6.92,8.14,0.08,0.13,296.5587499999999,58.36666666666667,-3.1707163,181.6508,52.09546,*,F6III
HD 187637, ,19,49,18.1,+,41,34,56,76,8,7.535,0.332,2.632,0.004,3.787,-0.24,53,3.91,0.67,4.5,3.0,6.3,1.08,1.03,1.15,-1.9,0.3,0.1,2,1021,0.987,6,104,-176,1,18.8,0.6,26,-2,-45,7.987,0.007,7.31,9.13,0.11,0.73,297.3254166666666,41.58222222222223,12.69708,50.9252,7.3761744,PM*,F8V
HD 187668, ,19,52,4.5,-,24,26,18,16,-24,8.449,0.379,2.638,0.057,3.797,-0.07,125,2.72,1.48,2.3,2.0,2.7,1.42,1.32,1.51,-26.5,0.9,0.9,3,386,0.678,40,12,-11,2,4.4,1.1,-25,-12,2,7.89,-0.05,7.3,8.11,0.05,0.15,298.01874999999995,-24.438333333333333,109.76952,31.475906,-50.84208,*,F5/6V
HD 187728, ,19,48,36.3,+,55,43,29,89,15,7.647,0.289,2.652,-0.003,3.814,-0.23,106,2.51,1.46,2.0,1.8,2.2,1.47,1.41,1.53,-20.1,1.2,0.1,2,370,0.965,45,81,32,2,9.4,0.6,-33,-11,-33,7.997,0.027,7.3,8.44,0.07,0.44,297.15125,55.724722222222226,1.7869171,102.37254,27.434818,PM*,F8
HD 188166, ,19,50,21.8,+,61,12,32,94,17,6.702,0.331,2.637,0.005,3.791,-0.11,54,3.05,1.32,2.7,2.4,4.0,1.36,1.31,1.4,7.3,0.3,0.1,2,707,0.811,9,-25,39,2,18.6,0.5,-6,4,12,8.003,0.016,7.99,8.62,0.04,0.3,297.59083333333325,61.20888888888889,-3.6022563,51.514664,15.788072,*,F5
HD 188205, ,19,59,46.6,-,71,10,8,324,-31,8.863,0.339,2.625,0.001,3.785,-0.18,92,4.05,0.52,4.5,2.1,6.9,1.08,1.02,1.14,-20.0,0.3,0.4,2,1590,0.384,8,11,-77,2,10.9,1.2,-34,-17,10,7.936,-0.047,6.96,8.27,0.09,0.27,299.9441666666666,-71.16888888888889,63.798584,-46.35239,-47.383503,PM*,F6/8(V)
HD 188377, ,19,55,52.1,-,26,33,0,15,-25,7.708,0.295,2.655,0.001,3.808,-0.24,78,3.24,0.87,2.7,2.2,3.2,1.27,1.2,1.32,-11.0,0.6,0.9,2,717,0.043,10,-22,21,2,12.8,0.9,-7,3,14,7.932,-0.033,7.92,8.5,0.04,0.34,298.9670833333333,-26.55,68.283226,18.296436,-32.964226,*,F5(V)
HD 188449, ,19,55,56.8,-,18,52,29,22,-22,8.419,0.296,2.631,-0.01,3.804,-0.55,75,4.05,0.41,2.0,0.0,4.8,1.08,1.02,1.14,-23.1,0.3,0.7,4,1102,0.207,10,30,-6,2,13.4,1.1,-24,-8,-1,7.936,-0.028,7.51,8.19,0.04,0.09,298.9866666666667,-18.87472222222222,64.47524,26.049688,-28.095493,*,F3V
HD 188594, ,19,54,56.1,+,26,3,18,63,-1,7.87,0.281,2.676,0.009,3.818,-0.1,102,2.83,0.93,2.0,1.6,2.3,1.4,1.34,1.48,-56.6,0.9,0.4,2,743,0.745,28,38,-6,2,9.8,1.0,-32,-48,-16,7.954,-0.002,5.56,8.07,0.18,0.13,298.73374999999993,26.055,46.299984,90.86883,-1.7801454,*,F8
HD 188623, ,19,59,5.1,-,57,26,25,340,-32,8.767,0.354,2.636,0.029,3.793,-0.12,108,3.48,0.86,3.2,2.4,4.5,1.19,1.11,1.27,-1.0,0.4,0.6,2,1474,0.208,4,21,-58,2,4.7,1.2,-16,-25,-10,7.913,-0.057,6.74,7.93,0.08,0.07,299.77125,-57.44027777777777,86.06568,-31.325369,-57.23128,PM*,F7V
HD 188815, ,19,58,58.5,-,46,5,16,353,-31,7.48,0.327,2.619,0.008,3.786,-0.68,56,3.73,1.23,6.9,4.4,8.7,1.02,0.97,1.08,-7.0,0.2,0.4,3,648,0.276,6,80,37,1,17.8,1.0,-14,15,-13,7.952,-0.029,7.94,9.29,0.08,0.1,299.7437499999999,-46.08777777777778,47.643574,-5.8499,-28.842133,PM*,F5V
HD 188903, ,19,59,9.9,-,41,49,58,358,-30,8.288,0.352,2.61,-0.01,3.782,0.01,108,3.12,1.35,2.9,2.4,3.6,1.31,1.17,1.41,-3.3,0.3,0.5,2,344,0.32,14,15,-83,1,6.1,1.1,-11,-40,-12,7.906,-0.054,5.97,7.91,0.14,0.09,299.79125,-41.83277777777778,93.47376,-3.2641854,-54.0,PM*,F8V
HD 188986, ,20,0,8.3,-,50,13,0,349,-31,6.666,0.274,2.677,0.01,3.817,-0.42,38,3.74,0.33,1.6,0.0,3.4,1.18,1.12,1.23,4.4,0.5,0.2,2,432,0.753,22,48,10,1,26.0,0.9,0,3,-9,7.968,-0.02,7.88,8.59,0.04,0.04,300.0345833333333,-50.21666666666667,31.973911,-6.215104,-19.571447,*,F4V
HD 189006, ,20,0,11.7,-,48,44,54,350,-31,7.663,0.312,2.661,0.021,3.811,-0.14,83,2.99,0.96,2.3,1.9,2.7,1.36,1.29,1.42,-31.8,0.2,0.2,2,344,0.555,7,79,-28,2,12.1,1.0,-44,0,-11,7.93,-0.043,7.31,9.0,0.1,0.08,300.04875,-48.748333333333335,70.06404,-12.354198,-42.74816,PM*,F5/6V
HD 189207, ,19,55,11.1,+,62,35,52,95,17,8.076,0.254,2.693,0.006,3.834,-0.06,119,2.7,0.69,1.5,1.1,1.8,1.48,1.42,1.54,-26.7,0.5,0.3,4,836,0.976,30,8,3,2,8.4,0.6,-1,-25,-11,8.011,0.035,6.83,8.05,0.08,0.07,298.79625,62.59777777777778,-9.918349,113.36722,34.792233,*,F2
HD 189259, ,19,58,54.5,+,6,35,28,47,-12,8.175,0.296,2.687,0.036,3.829,0.01,87,3.32,0.11,1.0,0.0,1.8,1.37,1.3,1.43,15.1,0.4,0.2,2,724,0.646,12,41,-3,2,9.2,1.2,3,13,-18,7.942,-0.018,7.87,9.28,0.08,0.17,299.72708333333327,6.591111111111111,58.03727,62.23736,-18.088318,*,F2
HD 189317, ,19,58,21.1,+,28,36,39,66,0,7.82,0.322,2.646,0.026,3.806,-0.39,78,3.24,1.04,2.9,2.4,3.3,1.23,1.14,1.28,-38.5,0.4,0.9,4,1110,0.033,8,55,28,2,12.8,0.9,-34,-27,-12,7.968,-0.001,6.53,8.18,0.11,0.07,299.5879166666666,28.610833333333336,31.725456,71.256546,0.0,PM*,F6V
HD 189387, ,20,1,13.8,-,38,40,44,2,-30,7.734,0.316,2.635,0.0,3.795,-0.31,62,3.78,0.68,3.8,2.7,5.1,1.11,1.05,1.18,-2.7,0.2,0.2,2,432,0.525,8,26,-163,2,16.2,1.1,-9,-45,-15,7.946,-0.03,5.73,7.95,0.16,0.11,300.30749999999995,-38.678888888888885,53.660866,1.8738786,-31.0,PM*,F6/7V
HD 189478, ,19,59,59.6,+,6,56,34,47,-12,8.072,0.26,2.703,0.026,3.844,-0.05,115,2.66,0.55,1.2,0.8,1.6,1.49,1.41,1.56,-29.5,0.4,0.3,4,1152,0.952,30,17,17,2,8.7,1.1,-29,-13,3,7.924,-0.024,7.2,8.22,0.07,0.15,299.99833333333333,6.942777777777778,76.71593,82.26777,-23.909845,*,F0
HD 189509, ,20,0,8.1,+,7,45,38,48,-11,7.248,0.318,2.625,-0.017,3.796,-0.06,51,3.73,0.48,3.2,1.8,4.2,1.21,1.14,1.26,-13.8,0.8,0.9,2,672,0.457,29,32,2,3,19.8,1.0,-13,-8,-4,7.967,-0.01,7.76,7.99,0.01,0.05,300.03374999999994,7.760555555555555,33.498672,37.204052,-9.731258,*,F5
HD 189627, ,20,1,38.1,-,22,6,39,20,-25,8.111,0.347,2.638,0.012,3.786,0.06,68,3.93,0.39,3.4,1.6,4.6,1.19,1.12,1.24,-15.1,0.2,0.1,2,445,0.896,9,-8,-46,2,14.6,1.0,-9,-19,4,7.941,-0.029,7.12,7.94,0.05,0.16,300.40874999999994,-22.110833333333336,57.91225,21.078335,-28.738043,*,F7V
HD 189712, ,20,1,15.8,+,5,38,53,46,-13,7.462,0.312,2.638,0.015,3.797,-0.73,81,2.93,1.83,4.2,3.6,4.9,1.15,1.1,1.21,28.9,0.3,0.3,3,393,0.737,8,-32,-21,1,12.4,1.0,30,12,0,7.946,-0.018,7.44,9.8,0.14,0.12,300.3158333333333,5.648055555555555,54.8252,56.773155,-18.221035,*,F5
HD 189769, ,20,3,41.7,-,46,59,5,352,-31,8.182,0.31,2.666,0.026,3.814,-0.16,92,3.26,0.64,2.3,1.6,2.8,1.28,1.22,1.35,-30.7,0.3,0.3,2,344,0.39,5,44,-50,1,10.9,1.3,-39,-15,-3,7.922,-0.048,6.95,8.41,0.1,0.08,300.92375,-46.984722222222224,78.091934,-10.975105,-47.383503,PM*,F5V
HD 189899, ,20,9,4.1,-,74,13,10,320,-31,7.594,0.337,2.614,-0.016,3.786,-0.23,70,3.37,1.23,5.0,3.0,5.8,1.16,1.11,1.25,-3.7,0.3,0.3,2,1489,0.464,8,-47,-151,1,14.3,0.8,-22,-42,23,7.954,-0.036,5.92,7.99,0.15,0.52,302.2670833333333,-74.21944444444445,45.96397,-38.568367,-36.052666,PM*,F7V
HD 189948, ,20,3,1.1,-,9,2,34,33,-20,7.656,0.305,2.631,-0.016,3.802,-0.27,61,3.72,0.55,3.4,2.1,4.3,1.16,1.09,1.22,16.2,0.6,0.9,2,986,0.092,10,-20,-142,2,16.3,1.2,31,-27,-17,7.952,-0.021,6.29,8.51,0.15,0.16,300.7545833333333,-9.042777777777777,48.073647,31.21939,-20.863228,PM*,F6V
HD 190009, ,20,3,44.3,-,22,35,44,19,-25,6.45,0.322,2.639,-0.002,3.798,0.0,57,2.65,1.46,2.1,1.9,2.3,1.49,1.44,1.54,8.0,0.3,0.4,2,717,0.27,9,-38,23,1,17.4,0.8,11,6,7,7.951,-0.025,7.72,9.01,0.08,0.23,300.9345833333333,-22.595555555555553,48.845055,16.8187,-24.089241,*,F7V
HD 190045, ,20,1,16.2,+,43,26,34,79,7,8.518,0.225,2.733,0.0,3.85,-0.23,164,2.44,0.83,1.4,1.1,1.6,1.49,1.42,1.57,-24.2,0.3,0.6,3,1086,0.032,9,40,34,2,6.1,0.7,-43,-14,-16,7.968,0.02,6.95,8.56,0.1,0.13,300.31749999999994,43.44277777777778,31.059435,159.78688,19.986572,PM*,F0
HD 190058, ,20,5,59.7,-,55,53,34,342,-32,8.59,0.354,2.621,0.016,3.775,-0.47,90,3.82,1.23,7.8,5.5,10.0,1.0,0.95,1.06,14.4,0.4,0.7,3,648,0.022,6,61,-32,2,11.1,1.2,-5,-11,-30,7.928,-0.048,7.57,7.96,0.03,0.36,301.4987499999999,-55.89277777777778,72.58875,-23.58551,-47.692734,PM*,F8V
HD 190118, ,20,3,26.7,+,0,5,20,41,-16,8.032,0.327,2.616,-0.021,3.791,-0.29,112,2.78,1.76,2.8,2.2,4.4,1.32,1.15,1.43,-16.4,0.3,0.3,2,668,0.458,7,30,-31,1,8.9,1.1,-12,-19,-17,7.919,-0.031,7.08,7.92,0.06,0.14,300.86125,0.08888888888888888,81.25302,70.63217,-30.871384,*,F5V
HD 190177, ,20,4,26.3,-,22,11,28,20,-25,7.515,0.273,2.666,-0.003,3.821,-0.27,86,2.84,1.01,2.1,1.8,2.5,1.37,1.31,1.43,7.7,1.0,1.5,2,445,0.029,23,-7,-88,3,11.6,0.9,14,-32,-13,7.927,-0.037,6.28,8.13,0.13,0.09,301.10958333333326,-22.191111111111113,73.24196,26.657892,-36.345173,PM*,F3V
HD 190269, ,20,6,2.9,-,44,58,48,355,-32,8.073,0.313,2.667,0.027,3.815,-0.06,85,3.31,0.48,2.0,1.1,2.6,1.3,1.24,1.37,1.9,0.2,0.2,2,317,0.591,8,-29,-9,2,6.1,1.0,7,-6,8,7.928,-0.045,7.52,8.34,0.05,0.24,301.5120833333333,-44.980000000000004,71.809784,-6.282563,-45.043137,*,F5V
HD 190307, ,20,5,46.0,-,36,29,58,5,-30,7.681,0.307,2.652,0.001,3.806,-0.01,104,2.6,1.34,2.0,1.6,2.3,1.46,1.38,1.56,33.0,1.1,1.2,2,314,0.441,40,3,-11,2,7.1,1.1,28,-2,-19,7.91,-0.052,7.18,9.0,0.11,0.19,301.4416666666666,-36.49944444444444,89.723915,7.8498244,-52.0,*,F6IV/V
HD 190422, ,20,7,35.0,-,55,0,57,343,-33,6.26,0.345,2.626,0.002,3.78,-0.17,23,4.43,0.25,4.1,0.0,8.3,1.04,0.97,1.11,12.6,0.2,0.4,5,5854,0.338,16,20,35,2,43.1,0.8,10,1,-9,7.981,-0.013,7.67,8.74,0.06,0.03,301.8958333333333,-55.01583333333333,18.446566,-5.6396823,-12.526698,*,F9VCH-0.4
HD 190498, ,20,5,10.1,+,2,7,7,44,-15,6.78,0.31,2.657,0.01,3.804,-0.07,76,2.38,1.66,1.9,1.6,2.1,1.54,1.47,1.62,-3.5,0.6,0.3,2,752,0.666,25,10,-108,1,13.2,1.1,15,-30,-20,7.947,-0.02,6.38,8.18,0.12,0.2,301.29208333333327,2.118611111111111,52.806995,50.995125,-19.670248,PM*,F6V
HD 190681, ,20,6,12.4,-,1,43,8,40,-17,8.035,0.34,2.628,0.01,3.786,-0.26,98,3.08,1.54,4.4,2.7,5.5,1.17,1.11,1.26,5.4,0.2,0.1,2,35,0.967,6,-36,-76,1,10.2,1.3,29,-26,-4,7.928,-0.029,6.32,8.47,0.14,0.06,301.5516666666666,-1.718888888888889,71.792046,60.24068,-28.652426,PM*,F5V
HD 190695, ,20,1,58.0,+,65,53,26,99,18,8.33,0.314,2.642,0.0,3.798,-0.2,85,3.69,0.61,3.5,2.4,4.3,1.17,1.1,1.23,-2.7,0.3,0.2,2,352,0.733,7,-46,-50,2,11.8,0.6,27,-1,6,8.012,0.026,7.33,9.16,0.11,0.21,300.4916666666666,65.89055555555557,-12.6461315,79.844536,26.266445,PM*,F5
HD 190736, ,20,5,25.9,+,27,25,27,66,-2,7.9,0.362,2.628,0.015,3.779,-0.04,120,2.5,2.08,2.3,2.0,2.7,1.49,1.39,1.57,-32.7,0.3,0.3,2,1537,0.534,9,40,27,1,8.3,0.9,-36,-20,-10,7.95,-0.005,6.81,8.29,0.1,0.04,301.3579166666666,27.424166666666668,48.778664,109.55868,-4.1879396,*,F8
HD 190808, ,20,16,30.0,-,79,0,23,315,-31,7.877,0.309,2.644,0.003,3.801,-0.28,80,3.36,0.94,3.1,2.6,3.5,1.21,1.13,1.28,6.2,0.8,1.1,2,1494,0.01,9,5,36,2,12.5,0.8,11,7,-8,7.951,-0.041,7.72,9.03,0.08,0.05,304.12499999999994,-79.00638888888889,48.488697,-48.488716,-41.203045,*,F5/6V
HD 190983, ,20,11,22.8,-,63,56,25,332,-33,8.18,0.297,2.647,0.009,3.802,-0.61,79,3.7,0.86,3.6,2.4,5.0,1.1,1.04,1.16,-0.8,0.3,0.4,3,649,0.526,14,80,23,2,12.7,0.9,-13,13,-25,7.941,-0.043,7.94,9.2,0.07,0.29,302.84499999999997,-63.94027777777777,58.499672,-31.10482,-43.026485,PM*,F5V
HD 190984, ,20,11,30.7,-,64,37,13,332,-33,8.763,0.368,2.602,0.009,3.767,-0.65,108,3.6,1.75,8.4,6.5,10.6,0.99,0.93,1.06,20.2,0.2,0.2,5,2186,0.802,5,0,43,2,5.3,1.2,24,12,-13,7.92,-0.059,7.53,9.61,0.12,0.11,302.87791666666664,-64.62027777777777,79.97423,-42.523045,-58.82102,*,F8V
HD 191033, ,20,8,35.8,-,23,35,25,19,-27,7.551,0.328,2.628,-0.005,3.789,-0.18,52,3.98,0.5,4.1,2.2,6.0,1.1,1.05,1.17,23.9,0.3,0.2,2,718,0.721,6,-52,-106,2,19.3,0.9,31,-19,-8,7.956,-0.023,6.59,8.66,0.14,0.03,302.1491666666666,-23.590277777777775,43.808086,15.084333,-23.607506,PM*,F7V
HD 191237, ,20,11,6.1,-,49,6,17,350,-33,8.762,0.304,2.659,0.003,3.803,-0.07,95,3.87,0.19,2.2,0.0,3.7,1.19,1.13,1.25,-1.7,0.4,0.3,2,1470,0.56,11,1,13,1,10.5,1.2,0,6,1,7.921,-0.052,7.85,8.73,0.05,0.14,302.7754166666667,-49.10472222222222,78.46328,-13.835214,-51.74071,*,F5V
HD 191260, ,20,8,21.0,+,20,13,11,60,-7,7.343,0.244,2.697,0.002,3.845,0.18,132,1.74,1.27,1.0,0.8,1.1,1.85,1.73,1.99,-18.9,0.4,0.9,4,1475,0.285,30,39,8,1,6.8,0.9,-25,-9,-16,7.934,-0.015,7.44,8.2,0.05,0.13,302.0874999999999,20.21972222222222,65.50804,113.46327,-16.086754,*,F2
HD 191264, ,20,9,1.2,+,1,38,58,44,-16,8.347,0.465,2.588,0.064,3.756,-0.31,115,2.77,2.59,3.5,2.7,4.8,1.3,1.17,1.37,-12.5,0.5,0.4,2,641,0.61,24,27,1,1,2.6,1.3,-17,-5,-9,7.92,-0.032,7.77,8.08,0.02,0.04,302.25499999999994,1.6494444444444445,79.519485,76.79108,-31.698296,*,F8IV
HD 191373, ,20,6,56.6,+,54,39,9,89,12,8.231,0.28,2.66,-0.004,3.818,-0.24,142,2.47,1.42,1.9,1.6,2.2,1.45,1.36,1.55,-18.4,4.3,6.1,2,331,0.033,29,21,26,1,4.3,0.6,-23,-17,-7,7.997,0.029,7.2,8.11,0.06,0.03,301.73583333333335,54.652499999999996,2.424083,138.87581,29.523462,*,F3V
HD 191411, ,20,12,2.8,-,50,43,23,348,-33,8.536,0.367,2.615,0.014,3.77,-0.31,104,3.45,1.59,6.5,5.0,8.1,1.08,1.02,1.14,18.4,0.2,0.2,2,430,0.513,4,-13,-52,2,9.6,1.1,13,-29,-6,7.915,-0.057,6.4,8.11,0.12,0.06,303.0116666666666,-50.723055555555554,85.315735,-18.134426,-56.64246,PM*,F7V
HD 191598, ,20,11,24.9,-,21,57,2,21,-27,8.335,0.281,2.667,0.006,3.815,-0.36,110,3.13,0.93,2.5,2.0,3.0,1.25,1.17,1.32,-15.9,1.1,1.6,2,428,0.144,28,37,21,1,8.9,1.2,-26,8,-6,7.908,-0.05,7.77,8.93,0.07,0.06,302.85374999999993,-21.950555555555553,91.500885,35.1239,-49.938953,*,F3V
HD 191631, ,20,20,35.8,-,79,4,16,315,-31,8.493,0.331,2.64,0.008,3.791,-0.14,100,3.49,0.91,3.3,2.7,4.9,1.19,1.12,1.27,-0.3,0.3,0.3,2,1495,0.5,11,3,-74,2,10.0,0.9,-21,-27,7,7.94,-0.051,6.66,7.99,0.09,0.22,305.1491666666666,-79.07111111111111,60.61087,-60.61089,-51.503807,PM*,F7V
HD 191878, ,20,11,30.1,+,18,28,49,59,-8,8.279,0.318,2.654,0.013,3.797,-0.14,96,3.36,0.9,3.0,2.4,3.5,1.23,1.15,1.31,-15.4,0.6,0.8,2,730,0.062,9,8,-49,2,10.4,1.0,5,-24,-13,7.951,-0.014,6.78,8.06,0.09,0.08,302.87541666666664,18.480277777777776,48.96247,81.487236,-13.360619,PM*,F7IV
HD 192161, ,20,10,37.8,+,57,23,12,92,13,7.515,0.285,2.666,0.002,3.814,-0.2,69,3.31,0.63,2.4,1.8,3.0,1.28,1.24,1.33,3.1,2.1,3.0,2,682,0.138,40,59,23,2,14.4,0.6,-17,5,-12,8.002,0.015,7.97,8.73,0.05,0.07,302.65749999999997,57.38666666666666,-2.3463445,67.19058,15.521622,PM*,F5
HD 192266, ,20,14,34.8,-,15,20,5,28,-25,8.617,0.337,2.623,0.002,3.784,-0.37,96,3.7,1.07,5.8,3.6,7.8,1.06,1.01,1.13,8.8,0.2,0.3,3,641,0.501,7,54,-11,2,10.4,1.2,-5,3,-26,7.923,-0.041,7.89,8.53,0.04,0.3,303.645,-15.334722222222222,76.821335,40.84663,-40.571354,PM*,F6V
HD 192311, ,20,15,15.6,-,28,9,57,14,-30,9.424,0.323,2.643,0.015,3.79,-0.41,113,4.16,0.5,4.3,0.0,7.0,1.04,0.98,1.1,-26.5,1.8,2.5,2,1796,0.083,30,-2,-37,2,0.0,0.0,-20,-25,9,7.905,-0.056,6.74,7.95,0.08,0.25,303.815,-28.16583333333333,94.95399,23.674688,-56.5,*,F5V
HD 192428, ,20,15,22.0,-,14,47,19,29,-25,8.238,0.356,2.606,0.01,3.772,-0.53,65,4.19,0.97,8.0,5.2,12.4,0.96,0.88,1.02,15.8,0.2,0.4,6,3629,0.484,5,-106,-217,1,15.5,1.2,50,-56,-4,7.949,-0.027,4.9,8.62,0.27,0.05,303.84166666666664,-14.788611111111111,51.52385,28.560135,-27.470188,PM*,F8/G0V
HD 192438, ,20,10,15.1,+,68,17,54,101,18,7.532,0.23,2.716,0.016,3.851,-0.05,172,1.35,1.75,0.9,0.8,1.0,1.92,1.83,2.03,-9.3,0.8,0.5,5,1127,0.976,60,32,29,2,5.8,0.6,-32,-12,-14,8.032,0.054,7.31,8.41,0.07,0.12,302.56291666666664,68.29833333333333,-31.21287,160.57626,53.150925,*,F2
HD 192530, ,20,17,43.8,-,51,55,0,347,-34,6.675,0.312,2.653,0.013,3.801,-0.22,62,2.72,1.53,2.3,2.1,2.5,1.41,1.36,1.46,-0.9,0.4,0.5,2,317,0.255,18,0,-37,2,16.2,0.8,-3,-10,0,7.95,-0.035,7.57,8.02,0.03,0.11,304.43249999999995,-51.916666666666664,50.082947,-11.562558,-34.66996,*,F5IV
HD 192635, ,20,9,15.2,+,74,25,32,107,21,8.89,0.285,2.665,0.004,3.815,-0.2,164,2.82,1.1,2.1,1.8,2.5,1.37,1.28,1.45,-37.0,2.2,3.1,2,701,0.012,29,-17,-36,2,6.1,0.7,40,-24,-14,8.045,0.059,6.37,8.9,0.17,0.12,302.3133333333333,74.42555555555556,-44.76421,146.41711,58.772343,*,F4IV
HD 192740, ,20,18,42.5,-,51,30,20,347,-34,7.685,0.272,2.694,0.018,3.822,-0.03,74,3.34,0.27,1.4,0.0,2.2,1.34,1.28,1.39,110.5,0.2,0.6,6,1762,0.445,19,38,242,2,13.5,0.9,101,67,-70,7.94,-0.042,6.97,17.43,0.43,2.33,304.6770833333333,-51.50555555555555,59.776417,-13.800471,-41.380276,PM*,F5IV/V
HD 192763, ,20,7,58.8,+,77,49,27,110,23,6.982,0.329,2.645,0.019,3.792,-0.26,92,2.17,2.32,1.8,1.7,2.0,1.58,1.51,1.64,-23.2,1.0,1.5,2,702,0.314,40,23,-26,2,10.9,0.5,12,-13,-21,8.03,0.035,7.27,8.39,0.07,0.22,301.99499999999995,77.82416666666666,-28.964466,79.57923,35.94726,*,F5
HD 192772, ,20,17,8.6,-,16,58,36,26,-26,8.126,0.302,2.641,-0.003,3.802,-0.34,81,3.58,0.75,3.2,2.3,4.5,1.15,1.08,1.22,12.7,0.3,0.4,2,428,0.229,8,0,34,2,0.0,0.0,6,17,-1,7.935,-0.036,7.84,9.56,0.1,0.11,304.2858333333333,-16.976666666666667,65.43429,31.914434,-35.508064,*,F6IV
HD 192804, ,20,15,42.4,+,31,14,31,70,-2,7.678,0.37,2.6,-0.002,3.768,-0.46,74,3.35,1.85,6.2,5.3,7.1,1.07,1.04,1.12,-27.4,0.2,0.1,4,1782,0.993,6,-75,-56,2,13.6,0.8,20,-36,12,7.975,-0.003,6.08,8.23,0.15,0.3,303.9266666666666,31.241944444444446,25.294075,69.494896,-2.5825627,PM*,F8V
HD 192826, ,20,18,39.1,-,42,37,13,358,-34,7.455,0.376,2.638,0.036,3.793,0.31,92,2.49,1.51,1.7,1.4,2.4,1.59,1.52,1.67,-17.0,0.5,0.7,2,1557,0.081,10,47,-126,1,10.9,1.0,-30,-51,-14,7.924,-0.051,5.4,8.01,0.19,0.11,304.66291666666666,-42.62027777777778,76.225,-2.6618435,-51.445747,PM*,F8IV/V
HD 192833, ,20,15,42.7,+,35,22,8,73,0,8.072,0.38,2.621,0.034,3.787,-0.04,138,2.23,2.17,2.0,1.6,2.4,1.55,1.45,1.66,-0.2,1.1,0.1,2,648,0.993,55,-2,-20,2,0.0,0.0,11,-3,-6,7.961,0.0,7.53,8.55,0.06,0.01,303.92791666666665,35.36888888888889,40.347305,131.97005,0.0,*,F7IV
HD 192865, ,20,21,35.6,-,67,18,46,328,-34,7.193,0.347,2.648,0.025,3.799,0.19,53,3.46,0.46,2.2,1.4,2.9,1.35,1.3,1.39,-4.5,0.1,0.4,7,2610,0.284,7,111,16,2,18.8,0.7,-17,10,-21,7.962,-0.029,7.93,8.99,0.06,0.22,305.3983333333333,-67.31277777777777,37.26238,-23.284119,-29.637224,PM*,F8V
HD 192869, ,20,15,36.3,+,42,21,43,79,4,7.805,0.366,2.611,0.001,3.772,-0.49,112,2.55,2.58,3.1,2.6,3.7,1.3,1.21,1.39,-30.8,0.3,0.5,3,388,0.347,10,0,1,1,8.9,0.7,-6,-30,-2,7.979,0.008,6.53,7.98,0.1,0.08,303.90124999999995,42.36194444444445,21.318556,109.67443,7.8127246,*,F6IV
HD 192886, ,20,19,17.8,-,47,34,48,352,-34,6.13,0.306,2.656,0.003,3.804,-0.05,29,3.78,0.24,2.0,0.0,3.6,1.22,1.17,1.27,-29.5,0.6,0.8,2,1762,0.067,12,191,-183,1,33.9,0.9,-43,-18,-7,7.976,-0.017,6.79,8.49,0.11,0.02,304.8241666666666,-47.580000000000005,23.808115,-3.346012,-16.216595,PM*,F5V
HD 192887, ,20,21,28.2,-,66,44,58,329,-34,6.778,0.315,2.631,-0.008,3.797,-0.27,44,3.56,0.82,3.5,2.9,4.1,1.18,1.09,1.23,20.5,0.4,0.6,2,1495,0.089,6,-140,3,2,22.7,0.8,31,-12,13,7.969,-0.024,6.88,8.86,0.13,0.32,305.3675,-66.74944444444445,31.26745,-18.787382,-24.604488,PM*,F6V
HD 192985, ,20,16,0.6,+,45,34,46,82,6,5.91,0.281,2.671,-0.001,3.818,0.01,34,3.22,0.44,1.8,1.0,2.3,1.36,1.33,1.41,-44.1,0.3,0.4,3,1771,0.55,12,7,-53,2,29.0,0.5,1,-44,-10,7.995,0.003,5.82,8.02,0.16,0.04,304.00249999999994,45.57944444444445,4.7059636,33.48467,3.5539677,PM*,F5V:
HD 193017, ,20,18,10.0,-,4,43,43,39,-21,7.285,0.342,2.621,-0.017,3.787,0.19,37,4.47,-0.28,0.0,0.0,0.0,0.0,0.0,0.0,15.9,0.1,0.4,9,1465,0.507,5,-27,-22,2,27.3,1.0,16,6,-3,7.973,-0.013,7.64,9.11,0.09,0.06,304.54166666666663,-4.728611111111111,26.844543,21.738283,-13.259614,*,F6V
HD 193209, ,20,19,26.1,-,12,48,13,31,-25,7.791,0.264,2.69,0.017,3.825,-0.32,103,2.72,1.09,2.0,1.7,2.3,1.37,1.29,1.45,-12.2,2.8,1.7,2,3182,0.764,110,41,-3,2,9.7,1.1,-20,-4,-12,7.92,-0.044,7.72,8.19,0.03,0.08,304.85874999999993,-12.803611111111111,80.01631,48.07865,-43.529682,*,F0V
HD 193268, ,20,18,2.0,+,37,9,45,75,1,8.012,0.297,2.665,0.007,3.81,-0.03,97,3.08,0.79,2.1,1.6,2.6,1.34,1.27,1.42,-13.3,0.6,0.5,2,759,0.578,24,-1,-68,2,0.0,0.0,22,-19,-17,7.975,0.001,6.77,8.45,0.11,0.15,304.50833333333327,37.1625,25.101627,93.680534,1.6928834,PM*,F5IV
HD 193307, ,20,21,41.0,-,49,59,57,349,-35,6.274,0.363,2.604,0.009,3.769,-0.5,32,3.72,1.49,8.4,7.2,9.5,1.0,0.97,1.03,17.9,0.2,0.4,4,3222,0.241,5,-360,-250,1,30.8,0.9,38,-48,33,7.974,-0.018,5.43,8.49,0.22,0.8,305.4208333333333,-49.99916666666667,25.73126,-5.001655,-18.354446,PM*,F9V
HD 193388, ,20,19,6.7,+,26,6,28,66,-6,7.921,0.308,2.648,0.003,3.803,-0.18,91,3.13,1.04,2.7,2.3,3.1,1.3,1.24,1.36,-27.6,0.4,0.4,2,756,0.462,15,15,-11,2,11.0,0.8,-11,-26,-5,7.963,-0.009,6.75,7.96,0.08,0.03,304.7779166666666,26.10777777777778,36.810272,82.67723,-9.512091,*,F8
HD 193402, ,20,21,12.1,-,32,44,21,10,-32,7.682,0.283,2.701,0.042,3.839,-0.01,97,2.57,0.69,1.3,1.0,1.6,1.52,1.46,1.59,27.1,0.3,0.2,2,447,0.632,14,-1,-50,2,10.3,0.9,24,-18,-19,7.919,-0.052,6.74,8.47,0.11,0.19,305.30041666666665,-32.73916666666667,81.01094,14.284415,-51.40217,PM*,F3V
HD 193555, ,20,20,15.3,+,15,32,34,57,-12,6.777,0.358,2.636,0.022,3.794,0.19,80,2.17,1.86,1.6,1.4,1.8,1.71,1.63,1.77,-25.4,0.5,0.6,2,1097,0.348,23,68,33,2,12.5,0.8,-36,-10,-9,7.958,-0.016,7.22,8.46,0.08,0.04,305.0637499999999,15.542777777777777,42.61899,65.62749,-16.632936,PM*,F8V
HD 193617, ,20,22,28.7,-,36,5,17,6,-33,8.342,0.366,2.591,0.004,3.765,-0.67,54,4.68,0.73,9.0,0.0,15.2,0.88,0.81,0.95,7.9,0.2,0.3,6,1945,0.677,4,-108,-77,2,0.0,0.0,22,-23,15,7.955,-0.03,6.64,8.38,0.12,0.36,305.6195833333333,-36.088055555555556,45.040115,4.7339067,-29.41051,PM*,F8V
HD 193632, ,20,19,34.3,+,43,29,46,81,4,7.556,0.32,2.618,-0.01,3.792,-0.55,65,3.49,1.24,5.6,3.7,6.7,1.08,1.04,1.16,-6.3,0.3,0.5,3,424,0.437,10,17,110,2,15.4,0.7,-32,-2,14,7.989,0.005,7.59,8.67,0.07,0.34,304.8929166666666,43.49611111111111,10.143474,64.04336,4.5341706,PM*,F8
HD 193665, ,20,18,54.7,+,55,32,44,91,11,7.856,0.269,2.675,0.002,3.825,-0.18,128,2.32,1.36,1.7,1.5,1.9,1.54,1.48,1.61,-27.9,0.4,0.5,3,4011,0.556,16,-5,44,2,7.8,0.6,-20,-31,11,8.001,0.024,6.51,8.04,0.11,0.28,304.7279166666666,55.54555555555555,-2.1928577,125.62914,24.423552,*,F5
HD 193672, ,20,21,39.7,-,4,48,20,39,-22,7.873,0.309,2.668,0.031,3.82,-0.15,111,2.51,1.25,1.8,1.5,2.1,1.46,1.38,1.56,13.1,0.3,0.1,2,447,0.985,13,-9,-15,2,8.3,1.1,16,1,-4,7.92,-0.042,7.5,8.8,0.08,0.06,305.41541666666666,-4.805555555555555,79.98185,64.76803,-41.58133,*,F5IV
HD 193747, ,20,22,56.6,-,29,9,7,14,-32,8.76,0.248,2.694,0.004,3.842,0.05,288,1.46,1.7,1.0,0.8,1.1,1.9,1.77,2.03,14.5,1.9,4.2,5,1322,0.026,80,9,-7,2,3.9,1.2,6,-4,-20,7.762,-0.151,7.45,8.2,0.05,0.25,305.7358333333333,-29.151944444444442,236.98294,59.086487,-152.61674,*,F0IV
HD 193809, ,20,25,43.5,-,62,39,34,334,-35,8.339,0.281,2.665,0.007,3.814,-0.44,101,3.32,0.83,2.7,2.0,3.3,1.21,1.14,1.27,-25.8,0.3,0.2,2,430,0.701,14,62,-61,2,9.9,1.0,-46,-14,-7,7.925,-0.057,6.84,8.6,0.11,0.06,306.43125,-62.659444444444446,74.361145,-36.268364,-57.93122,PM*,F3IV/V
HD 193901, ,20,23,35.8,-,21,22,13,22,-29,8.658,0.381,2.568,0.0,3.753,-1.25,44,5.46,0.53,0.0,0.0,10.5,0.79,0.73,0.84,-170.8,0.2,0.4,6,1412,0.605,4,538,-1057,3,22.9,1.2,-152,-247,-75,7.965,-0.021,0.3,10.17,0.94,6.17,305.8991666666666,-21.37027777777778,35.681065,14.416085,-21.331623,PM*,F7V
HD 194012, ,20,22,52.3,+,14,33,3,57,-13,6.165,0.326,2.626,-0.007,3.79,-0.18,26,4.08,0.38,3.9,1.2,6.1,1.09,1.04,1.17,4.5,0.1,0.4,10,3306,0.578,8,79,-5,2,38.3,0.7,-3,5,-9,7.986,-0.006,7.94,8.68,0.04,0.03,305.71791666666667,14.550833333333333,13.79768,21.246563,-5.848727,PM*,F7V
HD 194080, ,20,24,6.6,-,13,23,54,31,-27,7.722,0.333,2.635,0.002,3.792,-0.04,93,2.89,1.39,2.5,2.2,2.8,1.39,1.32,1.47,2.0,0.5,0.7,2,447,0.027,8,26,-79,1,10.8,1.0,6,-28,-23,7.929,-0.041,6.56,8.04,0.1,0.25,306.0275,-13.398333333333333,71.02798,42.677914,-42.221115,PM*,F6/7V
HD 194189, ,20,28,41.4,-,67,45,29,328,-34,7.23,0.256,2.685,0.008,3.828,-0.45,92,2.42,1.44,1.9,1.7,2.1,1.44,1.38,1.51,-15.7,0.5,0.4,2,1116,0.535,19,62,-6,2,10.9,0.8,-27,8,-12,7.936,-0.051,7.77,8.99,0.07,0.1,307.17249999999996,-67.75805555555556,64.68187,-40.417717,-51.445747,PM*,F2IV/V
HD 194385, ,20,24,59.0,+,9,11,41,52,-16,7.619,0.346,2.625,0.012,3.781,-0.38,76,3.22,1.62,5.0,4.2,6.0,1.15,1.08,1.2,-5.0,0.3,0.5,2,751,0.256,7,68,1,2,13.2,1.0,-17,0,-18,7.956,-0.021,7.89,8.35,0.03,0.17,306.2458333333333,9.194722222222222,44.977695,57.568825,-20.948439,PM*,F5
HD 194461, ,20,26,39.5,-,30,40,33,12,-33,7.793,0.328,2.641,0.013,3.794,-0.22,111,2.57,1.84,2.3,2.0,2.8,1.42,1.33,1.51,-9.8,1.5,2.0,2,313,0.278,50,7,-26,2,6.0,1.0,-9,-15,-1,7.909,-0.06,7.34,7.91,0.04,0.11,306.66458333333327,-30.675833333333333,91.058136,19.355005,-60.454933,*,F7V
HD 194497, ,20,26,2.2,-,3,51,53,41,-23,7.495,0.309,2.617,-0.039,3.801,-0.18,91,2.7,1.51,2.3,2.0,2.6,1.41,1.34,1.48,-51.4,0.4,0.5,2,728,0.206,8,36,-2,1,11.0,1.0,-44,-31,6,7.936,-0.035,6.23,8.3,0.14,0.21,306.50916666666666,-3.8647222222222224,63.218964,54.955406,-35.556534,*,F6V
HD 194711, ,20,28,1.2,-,25,36,23,18,-32,6.775,0.253,2.707,0.021,3.851,0.25,90,1.91,0.95,1.0,0.8,1.2,1.85,1.77,1.93,-6.8,0.6,1.3,5,1350,0.734,90,27,24,1,11.1,0.9,-14,9,-3,7.927,-0.047,7.92,8.88,0.06,0.08,307.00499999999994,-25.60638888888889,72.58875,23.585514,-47.692734,*,F8
HD 194881, ,20,32,0.8,-,65,48,54,330,-35,7.475,0.325,2.636,0.013,3.791,-0.53,81,2.92,1.82,4.0,3.5,4.7,1.17,1.13,1.25,-2.5,0.2,0.2,3,649,0.671,7,-68,-46,2,12.3,0.9,7,-18,25,7.942,-0.046,7.08,8.13,0.07,0.56,308.00333333333333,-65.815,57.46192,-33.17567,-46.459694,PM*,F6IV/V
HD 195005, ,20,28,49.9,-,1,44,4,43,-22,6.829,0.345,2.621,-0.007,3.783,-0.02,32,4.31,0.16,2.7,0.0,6.2,1.1,1.04,1.16,-7.0,0.1,0.4,30,2596,0.117,5,53,-42,2,31.3,1.1,-6,-8,-7,7.978,-0.012,7.75,8.02,0.02,0.01,307.2079166666666,-1.7344444444444445,21.699179,20.23481,-11.987411,PM*,F7V
HD 195104, ,20,29,11.7,+,4,27,23,49,-19,7.097,0.334,2.614,-0.015,3.786,-0.19,37,4.26,0.3,4.1,0.0,7.1,1.07,1.01,1.14,-15.3,0.3,0.3,2,703,0.43,3,30,29,2,27.1,1.0,-15,-7,3,7.977,-0.012,7.8,8.07,0.02,0.15,307.29875,4.456388888888889,22.951693,26.402903,-12.046021,*,F7V
HD 195231, ,20,29,6.9,+,28,21,39,69,-6,7.393,0.243,2.717,0.025,3.853,-0.05,78,2.82,0.25,0.8,0.2,1.3,1.49,1.44,1.55,-28.0,1.2,2.4,4,1507,0.105,90,71,60,2,12.8,0.8,-41,-15,-6,7.972,-0.008,6.95,8.51,0.1,0.03,307.27874999999995,28.360833333333336,27.799574,72.42036,-8.15322,PM*,F2
HD 195243, ,20,30,39.6,-,16,33,3,28,-29,7.76,0.319,2.669,0.037,3.818,-0.05,89,2.85,0.87,1.9,1.5,2.2,1.42,1.36,1.48,-41.6,0.5,0.7,2,410,0.055,9,51,-49,2,11.2,0.9,-38,-34,-4,7.931,-0.044,6.13,8.17,0.14,0.06,307.66499999999996,-16.550833333333333,68.72966,36.54421,-43.148056,PM*,F6/7V
HD 195364, ,20,31,24.4,-,18,4,53,27,-30,8.25,0.345,2.616,0.002,3.779,-0.34,59,4.39,0.46,6.2,1.2,9.4,1.0,0.94,1.07,-38.8,0.2,0.3,2,429,0.287,4,-11,80,2,16.9,1.3,-34,5,29,7.954,-0.03,7.65,9.09,0.09,0.7,307.85166666666663,-18.08138888888889,45.52642,23.196869,-29.5,PM*,F7V
HD 195528, ,20,30,6.9,+,45,26,56,83,4,7.774,0.331,2.641,0.008,3.79,-0.14,64,3.74,0.68,3.8,2.9,4.5,1.16,1.08,1.22,-25.1,0.4,0.1,2,1006,0.975,13,74,59,2,15.6,0.6,-30,-21,-9,7.992,0.004,6.88,8.2,0.09,0.03,307.52874999999995,45.44888888888889,7.7806377,63.368217,4.464414,PM*,F8
HD 195544, ,20,30,44.9,+,36,23,38,76,-2,7.806,0.264,2.693,0.021,3.837,-0.21,145,1.91,1.56,1.3,1.2,1.5,1.66,1.57,1.76,-25.8,0.5,0.9,4,1433,0.433,35,5,-19,1,6.9,0.7,2,-27,-10,7.965,-0.004,6.63,8.02,0.09,0.03,307.6870833333333,36.39388888888889,35.057304,140.60718,-5.0604267,*,F5
HD 195655, ,20,32,52.7,-,7,55,49,37,-26,8.156,0.309,2.622,-0.025,3.8,-0.46,139,2.44,2.04,2.3,1.9,2.9,1.39,1.26,1.48,-54.6,0.3,0.1,2,410,0.912,8,67,-46,2,7.1,1.1,-51,-51,-25,7.901,-0.061,5.24,8.26,0.22,0.28,308.21958333333333,-7.930277777777778,99.77544,75.18617,-60.93359,PM*,F3V
HD 195663, ,20,30,18.7,+,54,40,51,91,9,7.448,0.334,2.642,0.012,3.788,-0.15,53,3.83,0.65,3.8,2.8,5.4,1.13,1.07,1.2,-21.7,0.3,0.1,2,682,0.88,7,98,104,2,18.9,0.6,-35,-21,-9,8.001,0.008,6.82,8.3,0.1,0.02,307.5779166666666,54.68083333333333,-0.9135866,52.33951,8.291027,PM*,F5
HD 195688, ,20,29,35.7,+,60,59,32,96,13,7.848,0.321,2.631,0.003,3.792,-0.49,79,3.37,1.31,5.1,4.1,6.1,1.11,1.07,1.2,-33.2,0.3,0.3,2,656,0.599,10,-33,34,2,12.7,0.6,0,-36,10,8.008,0.017,6.22,8.04,0.13,0.26,307.39874999999995,60.992222222222225,-8.046106,76.55356,17.771132,*,F8
HD 195690, ,20,31,36.2,+,34,19,49,74,-3,6.479,0.288,2.672,0.01,3.814,-0.13,45,3.21,0.67,2.3,1.7,2.8,1.32,1.28,1.37,11.9,0.3,0.5,3,374,0.38,11,-9,-53,1,22.2,0.6,13,8,-6,7.988,-0.002,7.74,9.2,0.09,0.02,307.9008333333333,34.33027777777778,12.386684,43.197495,-2.355118,PM*,F2
HD 195776, ,20,33,7.3,+,6,49,49,51,-19,7.964,0.252,2.698,0.015,3.836,-0.14,100,2.96,0.47,1.5,0.9,1.9,1.39,1.33,1.46,-37.3,1.2,2.0,3,1065,0.418,70,70,22,3,10.0,1.1,-47,-17,-9,7.941,-0.033,6.74,8.6,0.12,0.05,308.2804166666666,6.830277777777778,59.50341,73.4806,-32.556812,PM*,F0
HD 195838, ,20,34,11.6,-,13,43,15,32,-29,6.13,0.344,2.615,-0.009,3.784,-0.15,33,3.55,1.02,3.7,3.0,6.4,1.14,1.09,1.24,-41.5,0.1,0.3,6,2501,0.456,6,69,70,1,30.5,1.0,-40,-9,15,7.976,-0.016,7.19,8.65,0.09,0.37,308.5483333333333,-13.720833333333333,24.476748,15.294769,-15.998717,PM*,F9VFe-0.6CH-0.3
HD 195888, ,20,37,18.6,-,62,10,4,334,-36,7.851,0.321,2.663,0.031,3.815,0.02,106,2.59,1.13,1.7,1.4,2.1,1.48,1.4,1.58,10.6,1.2,1.8,2,313,0.129,24,7,-52,2,5.5,0.9,-3,-28,-6,7.923,-0.062,6.6,7.94,0.09,0.07,309.3275,-62.16777777777777,77.076805,-37.59288,-62.305237,PM*,F5IV
HD 195952, ,20,34,49.9,-,15,47,50,30,-30,8.128,0.33,2.646,0.022,3.804,-0.12,121,2.62,1.47,2.1,1.8,2.5,1.43,1.34,1.52,15.0,0.3,0.2,2,52,0.652,12,12,-12,2,6.7,1.1,10,1,-15,7.909,-0.06,7.62,8.66,0.06,0.14,308.7079166666666,-15.797222222222222,90.74999,52.394535,-60.5,*,F2/5V
HD 196081, ,20,35,54.4,-,26,46,24,17,-34,7.215,0.277,2.663,-0.004,3.816,-0.32,59,3.35,0.65,2.5,1.8,3.2,1.24,1.19,1.29,-25.9,0.8,0.9,2,744,0.416,26,94,21,2,16.9,0.9,-37,1,-5,7.953,-0.033,7.51,8.9,0.08,0.05,308.97666666666663,-26.773333333333333,46.775944,14.30084,-32.992382,PM*,F5V
HD 196107, ,20,37,56.0,-,57,52,26,339,-37,7.816,0.282,2.661,0.006,3.813,-0.5,76,3.42,0.8,2.9,2.1,3.5,1.18,1.12,1.24,10.0,0.7,1.0,2,431,0.049,16,73,24,2,13.2,1.0,-6,8,-27,7.943,-0.045,7.93,8.88,0.06,0.34,309.4833333333333,-57.87388888888889,56.664875,-21.751616,-45.737938,PM*,F2V
HD 196113, ,20,35,22.5,-,5,31,42,40,-26,7.923,0.324,2.648,0.015,3.794,-0.22,97,2.99,1.42,2.8,2.3,4.2,1.29,1.15,1.39,-15.5,0.3,0.2,2,336,0.572,12,15,-108,2,10.3,1.2,7,-48,-20,7.933,-0.042,5.55,8.0,0.18,0.19,308.84374999999994,-5.528333333333333,66.78607,56.040165,-42.522003,PM*,F6V
HD 196189, ,20,36,44.9,-,32,12,25,11,-35,8.972,0.312,2.639,0.013,3.794,-0.58,83,4.37,0.34,0.9,0.0,5.9,1.02,0.96,1.08,8.4,0.2,0.1,3,651,0.976,7,-29,37,2,12.0,1.3,12,15,7,7.933,-0.048,7.75,9.52,0.1,0.23,309.1870833333333,-32.206944444444446,66.74046,12.973032,-47.606846,*,F5V
HD 196195, ,20,33,23.4,+,54,48,7,91,9,7.01,0.226,2.722,0.0,3.855,0.18,106,1.88,0.98,0.9,0.8,1.0,1.86,1.76,1.96,-9.6,1.2,0.9,3,1119,0.782,90,32,12,2,9.4,0.5,-14,-8,-11,8.002,0.016,7.77,8.05,0.02,0.06,308.34749999999997,54.801944444444445,-1.8271732,104.67902,16.582054,*,F2III
HD 196199, ,20,35,2.8,+,23,42,37,66,-10,7.761,0.312,2.682,0.04,3.826,0.24,93,2.76,0.55,1.4,0.8,2.0,1.56,1.5,1.62,-27.8,0.3,0.5,2,730,0.293,11,48,-1,2,10.8,0.9,-23,-23,-12,7.963,-0.016,6.84,8.05,0.08,0.07,308.7616666666666,23.710277777777776,37.251835,83.669,-16.14928,*,F5
HD 196245, ,20,35,57.6,+,7,4,30,52,-19,8.304,0.325,2.643,0.024,3.807,-0.27,167,2.09,2.07,1.8,1.5,2.1,1.53,1.45,1.63,-8.2,0.8,0.6,3,377,0.847,35,2,-9,3,0.0,0.0,-2,-11,-2,7.903,-0.056,7.48,7.99,0.03,0.09,308.9899999999999,7.075,97.213936,124.42816,-54.36988,*,F4IV
HD 196277, ,20,37,43.8,-,41,13,39,0,-37,6.621,0.282,2.673,0.008,3.821,-0.01,89,1.87,1.74,1.3,1.1,1.5,1.75,1.67,1.82,-12.2,3.8,0.0,1,0,0.0,23,36,-52,1,11.2,0.8,-20,-20,-7,7.929,-0.054,6.99,7.99,0.07,0.05,309.43249999999995,-41.2275,71.07856,0.0,-53.561535,PM*,F6/7V
HD 196384, ,20,37,43.4,-,22,26,34,23,-33,7.432,0.292,2.663,0.003,3.808,-0.22,51,3.92,0.17,1.4,0.0,3.8,1.17,1.11,1.22,12.7,0.3,0.5,2,717,0.284,6,-15,11,1,19.8,1.0,11,6,-3,7.961,-0.027,7.71,9.02,0.08,0.06,309.4308333333333,-22.442777777777778,39.372017,16.71243,-27.776592,*,F5V
HD 196475, ,20,38,52.6,-,36,27,0,6,-36,8.99,0.316,2.643,-0.002,3.796,-0.13,90,4.22,0.06,1.1,0.0,4.7,1.12,1.06,1.18,29.2,1.1,1.8,3,651,0.436,55,-16,21,2,9.5,1.3,27,11,-11,7.928,-0.053,7.46,9.65,0.13,0.08,309.71916666666664,-36.45,72.41267,7.6108775,-52.900673,*,F5V
HD 196482, ,20,35,33.6,+,50,25,29,88,6,7.514,0.312,2.635,-0.002,3.798,-0.38,70,3.28,1.18,3.1,2.6,5.2,1.21,1.11,1.27,5.4,0.3,0.3,2,657,0.463,7,48,28,2,14.2,0.6,-17,7,-7,7.997,0.007,7.97,8.82,0.05,0.01,308.88999999999993,50.42472222222222,2.4295816,69.57413,7.3169923,PM*,F5
HD 196619, ,20,39,38.0,-,30,55,24,13,-36,8.568,0.277,2.676,0.011,3.819,-0.27,149,2.7,1.19,2.1,1.8,2.4,1.38,1.29,1.46,-1.8,0.4,0.7,3,329,0.4,21,0,7,2,5.6,1.2,-2,5,2,7.882,-0.087,7.83,8.58,0.05,0.16,309.90833333333325,-30.923333333333336,117.45401,27.116394,-87.58,*,F2V
HD 196672, ,20,37,25.3,+,41,23,35,81,0,7.793,0.299,2.658,0.002,3.806,-0.15,76,3.38,0.69,2.7,2.0,3.3,1.26,1.21,1.32,-21.6,0.4,0.4,2,1022,0.471,12,17,29,2,13.1,0.8,-15,-19,1,7.988,0.0,7.13,8.01,0.06,0.12,309.35541666666666,41.393055555555556,11.889021,75.064316,0.0,*,F8
HD 196674, ,20,38,4.0,+,27,4,43,69,-9,7.811,0.381,2.631,0.041,3.794,0.18,132,2.03,2.0,1.5,1.3,1.8,1.71,1.6,1.81,-49.7,0.3,0.3,2,1529,0.52,20,36,16,2,4.5,0.9,-38,-40,-5,7.954,-0.02,5.86,8.16,0.16,0.04,309.51666666666665,27.078611111111112,46.722176,121.715416,-20.649351,*,F7IV
HD 196752, ,20,48,13.9,-,78,57,3,314,-32,7.982,0.278,2.67,0.01,3.816,-0.44,133,2.36,1.74,2.0,1.7,2.2,1.44,1.37,1.52,-35.1,1.2,1.6,2,431,0.318,30,54,-36,2,7.5,0.7,-54,4,0,7.921,-0.071,7.21,9.47,0.14,0.14,312.05791666666664,-78.95083333333334,78.35079,-81.13463,-70.47926,PM*,F3V
HD 196784, ,20,43,55.6,-,68,54,52,326,-35,8.082,0.338,2.668,0.048,3.818,0.22,111,2.65,0.84,1.6,1.2,2.1,1.54,1.46,1.63,-35.6,0.6,0.8,2,1148,0.098,9,19,-20,2,3.1,0.9,-35,7,15,7.925,-0.064,7.63,9.11,0.09,0.39,310.9816666666666,-68.91444444444446,75.38096,-50.845127,-63.666985,*,F6/7IV
HD 196789, ,20,37,58.9,+,42,50,44,82,1,7.026,0.329,2.639,0.008,3.792,-0.18,63,3.02,1.4,2.7,2.4,4.1,1.35,1.28,1.39,1.6,0.4,0.6,2,375,0.121,8,91,172,1,15.8,0.6,-57,10,10,7.991,0.001,7.32,9.92,0.15,0.28,309.4954166666666,42.845555555555556,8.76657,62.377388,1.0995016,PM*,F8
HD 196892, ,20,40,49.3,-,18,47,33,27,-32,8.242,0.349,2.589,-0.008,3.772,-1.01,63,4.24,1.25,9.9,6.1,13.3,0.87,0.83,0.94,-34.4,0.2,0.4,5,2202,0.54,4,44,-430,2,15.8,1.2,2,-130,-33,7.952,-0.034,2.3,7.98,0.55,0.4,310.2054166666666,-18.7925,47.603832,24.255363,-33.384914,PM*,F6V
HD 196999, ,20,41,46.7,-,28,45,42,16,-36,7.592,0.248,2.694,0.0,3.84,0.13,128,2.05,1.08,1.1,0.9,1.3,1.72,1.62,1.83,-22.7,0.2,0.3,5,1092,0.433,19,36,29,2,7.8,0.9,-33,14,0,7.899,-0.074,7.69,9.42,0.1,0.14,310.4445833333333,-28.761666666666667,99.54266,28.5434,-75.23651,*,F3V
HD 197028, ,20,42,5.7,-,32,2,48,12,-36,7.973,0.334,2.632,0.007,3.788,-0.22,86,3.3,1.24,3.5,2.7,5.7,1.16,1.09,1.24,16.1,0.3,0.4,2,344,0.229,6,19,-24,2,0.0,0.0,9,-6,-17,7.932,-0.051,7.48,8.37,0.06,0.16,310.52374999999995,-32.04666666666667,68.05508,14.465552,-50.54953,*,F6/7V
HD 197320, ,20,43,39.3,-,23,28,12,22,-34,7.989,0.341,2.632,0.013,3.788,-0.2,131,2.4,2.12,2.3,1.9,2.8,1.45,1.37,1.54,-5.2,1.0,1.5,2,745,0.245,25,8,-5,2,7.1,1.0,-6,-4,-2,7.9,-0.074,7.84,8.04,0.01,0.11,310.91374999999994,-23.47,100.69581,40.683746,-73.25427,*,F6V
HD 197343, ,20,51,9.4,-,78,7,54,315,-33,8.209,0.318,2.64,0.001,3.794,-0.24,74,3.86,0.56,3.8,2.4,5.2,1.12,1.06,1.18,13.6,0.6,0.9,2,1488,0.09,14,-44,39,2,13.5,0.8,25,2,0,7.956,-0.04,7.38,9.14,0.11,0.12,312.78916666666663,-78.13166666666666,43.884186,-43.8842,-40.30329,PM*,F5V
HD 197370, ,20,45,48.4,-,56,57,12,340,-38,8.408,0.284,2.674,0.015,3.816,-0.27,133,2.79,1.17,2.2,1.9,2.6,1.35,1.26,1.44,-26.1,0.3,0.2,2,230,0.587,10,24,-38,2,7.7,1.1,-35,-16,6,7.901,-0.082,6.99,8.27,0.08,0.22,311.45166666666665,-56.95333333333333,98.484886,-35.845592,-81.88298,*,F3V
HD 197373, ,20,40,17.8,+,60,30,18,96,11,6.01,0.302,2.667,0.022,3.804,-0.37,33,3.4,0.91,3.2,2.7,4.7,1.2,1.14,1.25,-15.0,0.8,1.1,2,313,0.252,30,14,187,1,30.1,0.5,-23,-20,12,8.004,0.007,7.04,8.1,0.07,0.3,310.07416666666666,60.505,-3.3860648,32.21624,6.2966967,PM*,F6IV
HD 197407, ,20,41,56.3,+,42,31,29,82,0,7.515,0.313,2.655,0.013,3.799,-0.22,67,3.38,0.91,3.1,2.6,3.5,1.23,1.15,1.29,0.9,0.4,0.1,2,1084,0.975,13,62,46,2,14.9,0.7,-23,4,-7,7.991,0.0,7.86,8.76,0.05,0.01,310.4845833333333,42.52472222222222,9.324598,66.34796,0.0,PM*,F5
HD 197443, ,20,39,44.5,+,67,20,57,102,15,8.394,0.304,2.641,-0.001,3.801,-0.37,88,3.67,0.71,3.3,2.2,4.7,1.13,1.06,1.2,-10.1,1.5,0.2,2,688,0.931,6,30,-50,2,0.0,0.0,11,-2,-24,8.018,0.023,7.65,8.69,0.06,0.26,309.93541666666664,67.34916666666666,-17.672794,83.14399,22.776075,PM*,F8
HD 197466, ,20,44,16.3,-,9,2,58,38,-29,7.66,0.226,2.71,0.014,3.848,-0.41,147,1.82,1.64,1.3,1.1,1.5,1.62,1.52,1.73,-20.7,1.3,2.6,4,1094,0.328,55,24,-13,2,5.4,1.1,-21,-18,-7,7.898,-0.072,7.09,7.98,0.06,0.07,311.06791666666663,-9.049444444444445,101.31383,79.15504,-71.26701,*,F0V
HD 197536, ,20,44,37.0,-,10,29,41,36,-30,8.22,0.353,2.597,-0.004,3.773,-0.68,84,3.6,1.64,7.8,6.2,9.6,1.0,0.95,1.06,-17.0,0.2,0.2,5,1433,0.937,3,111,-122,1,11.9,1.2,-21,-47,-45,7.941,-0.042,5.72,7.97,0.16,0.7,311.15416666666664,-10.49472222222222,58.852856,42.7591,-42.0,PM*,F7V
HD 197655, ,20,43,37.5,+,40,23,44,81,-1,8.147,0.296,2.67,0.008,3.812,0.1,93,3.3,0.41,1.7,0.8,2.3,1.35,1.29,1.42,-24.1,1.3,2.3,3,374,0.045,30,45,59,1,0.0,0.0,-36,-18,1,7.985,-0.002,6.9,8.35,0.09,0.12,310.90624999999994,40.39555555555555,14.546192,91.841034,-1.6230737,PM*,F5
HD 197658, ,20,45,15.7,-,6,9,28,41,-28,8.206,0.389,2.625,0.039,3.786,0.12,123,2.59,1.68,2.2,1.8,2.6,1.49,1.4,1.59,27.7,0.2,0.2,2,428,0.653,11,-30,-31,2,8.1,1.3,37,0,-7,7.918,-0.058,7.06,9.37,0.14,0.06,311.31541666666664,-6.1577777777777785,81.96339,71.24968,-57.745003,*,F7/8V
HD 197665, ,20,38,5.0,+,76,49,59,110,21,7.076,0.261,2.668,-0.005,3.831,-0.28,132,1.48,2.17,1.1,1.0,1.3,1.79,1.72,1.87,-7.2,1.0,0.8,5,1095,0.967,70,24,64,2,7.6,0.5,-36,-24,5,8.043,0.046,6.73,8.34,0.11,0.19,309.5208333333333,76.83305555555555,-42.14803,115.80077,47.30457,PM*,F2
HD 197873, ,20,47,16.6,-,27,41,54,17,-36,7.895,0.316,2.645,0.006,3.798,-0.2,70,3.66,0.64,3.3,2.4,4.3,1.17,1.1,1.23,21.9,0.3,0.1,2,261,0.819,14,-29,-11,2,14.2,1.1,23,2,-6,7.946,-0.042,7.39,9.08,0.1,0.05,311.81916666666666,-27.698333333333334,54.156677,16.557358,-41.144966,*,F6/7V
HD 197980, ,20,47,36.1,-,10,3,3,37,-30,8.488,0.317,2.651,0.019,3.797,-0.34,127,2.97,1.47,2.9,2.3,4.6,1.21,1.13,1.34,-0.6,0.4,0.5,2,355,0.197,4,-5,41,2,5.2,1.2,-8,20,12,7.913,-0.064,7.91,9.69,0.1,0.34,311.9004166666667,-10.050833333333333,87.838104,66.19076,-63.5,*,F5V
HD 197985, ,20,49,9.6,-,48,46,9,351,-39,7.993,0.325,2.636,0.001,3.792,-0.18,99,3.01,1.41,2.7,2.4,3.3,1.31,1.18,1.4,-22.0,1.3,2.3,3,1468,0.06,35,87,-129,1,10.1,1.1,-50,-55,-17,7.924,-0.062,5.09,8.23,0.24,0.16,312.28999999999996,-48.76916666666666,75.99023,-12.035661,-62.30272,PM*,F6/7V
HD 197995, ,20,49,28.8,-,51,53,25,347,-39,8.3,0.378,2.61,0.02,3.774,-0.36,79,3.73,1.26,7.2,5.3,9.4,1.03,0.97,1.1,-53.4,0.2,0.2,3,652,0.762,5,60,22,2,6.9,1.1,-54,17,16,7.94,-0.05,7.45,10.24,0.16,0.44,312.36999999999995,-51.890277777777776,59.82099,-13.810763,-49.71631,PM*,F8V
HD 198029, ,20,48,13.1,-,16,44,20,30,-33,7.852,0.29,2.681,0.023,3.822,-0.16,64,3.73,0.0,0.0,0.0,2.1,1.24,1.19,1.29,20.8,0.7,1.0,2,777,0.135,13,-12,-63,2,15.7,1.2,23,-8,-15,7.954,-0.035,7.14,8.72,0.1,0.12,312.0545833333333,-16.73888888888889,46.48384,26.837458,-34.8569,PM*,F5V
HD 198061, ,20,47,38.6,+,6,58,33,54,-22,7.286,0.317,2.643,0.007,3.799,-0.22,80,2.77,1.52,2.4,2.1,2.8,1.38,1.31,1.46,6.2,0.8,0.2,2,770,0.899,30,-14,-13,2,12.5,1.1,10,1,-1,7.956,-0.03,7.66,8.69,0.06,0.1,311.9108333333333,6.975833333333333,43.5988,60.008606,-29.968527,*,F5
HD 198089, ,20,47,37.8,+,12,59,10,59,-19,7.439,0.382,2.587,-0.003,3.761,-0.29,39,4.48,0.75,11.4,7.0,15.4,0.94,0.86,0.99,-33.4,0.3,0.4,2,383,0.294,1,25,38,2,25.6,0.9,-24,-23,11,7.981,-0.012,6.89,8.07,0.08,0.28,311.90749999999997,12.98611111111111,18.992146,31.608236,-12.697158,*,F8
HD 198104, ,20,49,29.0,-,41,42,41,0,-39,8.237,0.292,2.654,-0.006,3.812,-0.09,104,3.15,0.73,2.2,1.6,2.7,1.32,1.25,1.39,22.1,0.8,1.1,2,353,0.075,16,3,26,2,9.6,1.1,17,13,-14,7.919,-0.066,7.66,9.49,0.11,0.14,312.3708333333333,-41.71138888888889,80.82318,0.0,-65.44932,*,F5V
HD 198109, ,20,47,38.4,+,16,14,18,62,-17,7.606,0.332,2.614,0.001,3.784,-0.62,54,3.95,1.01,5.7,3.9,9.2,1.01,0.96,1.06,22.9,0.2,0.3,6,1087,0.777,5,129,-30,2,18.6,0.9,-5,18,-37,7.976,-0.015,7.96,9.62,0.09,0.55,311.90999999999997,16.238333333333333,24.24373,45.595818,-15.788072,PM*,F9Vw
HD 198135, ,20,47,40.9,+,22,41,44,67,-13,7.632,0.285,2.666,0.006,3.813,-0.3,78,3.17,0.88,2.6,2.1,3.0,1.27,1.22,1.33,14.8,0.3,0.2,3,1828,0.932,13,123,-9,2,12.8,0.9,-21,15,-41,7.97,-0.017,7.92,9.51,0.09,0.64,311.92041666666665,22.695555555555554,29.69591,69.95916,-17.54618,PM*,F8
HD 198280, ,20,50,17.1,-,30,25,24,14,-38,8.965,0.285,2.675,0.009,3.815,-0.1,124,3.5,0.33,1.9,0.1,2.8,1.27,1.21,1.33,-14.6,1.4,2.0,2,1116,0.041,23,4,-3,2,8.4,1.2,-12,-5,7,7.905,-0.076,7.87,7.99,0.01,0.22,312.57124999999996,-30.423333333333336,94.81083,23.638996,-76.342026,*,F3V
HD 198334, ,20,49,48.7,-,6,41,48,41,-29,7.919,0.335,2.622,-0.004,3.788,-0.18,84,3.3,1.21,3.2,2.6,5.4,1.18,1.12,1.28,16.1,0.3,0.1,2,726,0.915,6,22,16,1,11.9,1.2,2,15,-12,7.945,-0.041,7.88,9.39,0.09,0.09,312.4529166666666,-6.696666666666667,55.44705,48.199383,-40.724007,*,F6V
HD 198354, ,20,50,30.1,-,24,58,58,21,-36,6.846,0.323,2.633,0.004,3.793,-0.29,54,3.19,1.3,4.4,2.6,5.0,1.18,1.13,1.31,0.1,0.2,0.2,2,353,0.612,8,-78,-110,1,18.6,1.0,18,-28,8,7.96,-0.032,6.44,8.26,0.12,0.24,312.6254166666666,-24.982777777777777,40.785248,15.655991,-31.740402,PM*,F6IV
HD 198389, ,20,49,39.0,+,13,57,46,60,-18,7.119,0.299,2.656,-0.001,3.807,-0.1,51,3.58,0.42,2.5,1.2,3.4,1.25,1.2,1.3,-40.5,0.9,1.2,2,1052,0.107,18,89,72,2,19.6,0.8,-43,-22,6,7.976,-0.016,6.64,8.45,0.12,0.2,312.41249999999997,13.962777777777777,24.25194,42.005596,-15.759867,PM*,F8
HD 198486, ,20,50,42.2,-,4,47,27,43,-29,8.043,0.355,2.624,0.012,3.78,-0.19,111,2.82,1.88,3.6,2.4,4.7,1.33,1.16,1.42,-29.1,0.4,0.5,2,428,0.072,4,27,-6,2,7.6,1.3,-26,-19,1,7.929,-0.053,6.97,8.08,0.07,0.14,312.6758333333333,-4.7908333333333335,71.001854,66.2103,-53.813866,*,F6V
HD 198502, ,20,51,38.8,-,29,26,31,15,-38,7.119,0.324,2.64,0.004,3.794,-0.16,62,3.17,1.18,2.9,2.5,4.2,1.29,1.22,1.36,34.7,0.3,0.2,2,719,0.662,4,-110,-108,2,16.2,1.0,51,-25,-2,7.953,-0.038,6.08,9.08,0.2,0.08,312.9116666666667,-29.441944444444445,47.191914,12.645036,-38.171013,PM*,F6V
HD 198585, ,20,51,12.4,+,3,29,26,51,-25,7.673,0.382,2.601,0.021,3.772,-0.68,106,2.45,2.81,3.0,2.5,3.8,1.27,1.17,1.35,2.6,0.3,0.4,3,842,0.539,10,-10,64,2,9.4,0.9,-12,24,18,7.939,-0.044,7.93,10.04,0.12,0.48,312.8016666666666,3.4905555555555554,60.45794,74.65934,-44.797535,PM*,F5/6V
HD 198662, ,20,48,57.3,+,61,7,7,98,11,7.928,0.314,2.643,0.0,3.797,-0.18,71,3.67,0.63,3.5,2.5,4.3,1.18,1.11,1.24,-10.6,0.6,0.2,2,1658,0.858,14,20,-42,2,14.1,0.6,8,-7,-16,8.009,0.013,7.55,8.41,0.05,0.13,312.23875,61.118611111111115,-9.69974,69.01725,13.547439,*,F8
HD 198683, ,20,51,43.1,+,12,2,8,59,-20,8.069,0.364,2.634,0.024,3.79,0.14,83,3.38,0.78,2.7,2.2,3.2,1.33,1.27,1.38,-30.9,0.3,0.2,2,744,0.512,6,18,-28,2,12.1,1.0,-13,-31,-1,7.96,-0.028,6.48,7.96,0.1,0.1,312.9295833333333,12.035555555555556,40.170128,66.854324,-28.38767,*,F8
HD 198707, ,20,52,15.7,-,0,7,8,48,-27,8.468,0.313,2.653,0.015,3.799,-0.29,111,3.24,1.12,3.0,2.4,4.6,1.18,1.11,1.28,-41.9,0.5,0.8,2,261,0.081,9,23,-5,1,9.0,1.2,-32,-29,8,7.933,-0.05,6.45,8.11,0.11,0.24,313.06541666666664,-0.11888888888888889,66.17817,73.498314,-50.392944,*,F3V
HD 198737, ,20,48,25.5,+,68,1,58,103,15,6.98,0.255,2.687,0.004,3.832,-0.21,79,2.48,1.09,1.7,1.5,1.9,1.5,1.46,1.55,-3.2,0.5,0.6,7,1003,0.922,45,41,109,1,12.6,0.6,-40,-16,11,8.017,0.021,7.01,8.51,0.1,0.29,312.10625,68.03277777777778,-17.165592,74.35236,20.446705,PM*,F0
HD 198861, ,20,52,57.7,+,10,59,45,58,-21,8.278,0.354,2.645,0.033,3.801,0.16,129,2.58,1.31,1.9,1.6,2.2,1.52,1.44,1.63,-33.6,0.9,1.2,2,1108,0.256,26,17,-51,2,6.5,1.1,-5,-45,-12,7.936,-0.046,5.74,7.94,0.16,0.09,313.24041666666665,10.995833333333332,63.819168,102.13202,-46.229465,PM*,F7IV
HD 199161, ,20,55,39.6,-,12,52,1,35,-33,8.372,0.25,2.69,0.004,3.838,-0.14,229,1.57,1.82,1.1,1.0,1.3,1.78,1.67,1.9,6.3,1.8,2.9,4,1170,0.521,110,4,15,1,5.3,1.4,-4,17,-1,7.843,-0.126,7.83,9.35,0.09,0.17,313.91499999999996,-12.866944444444444,157.32271,110.15855,-124.72234,*,F0V
HD 199227, ,20,56,52.1,-,33,59,54,10,-40,7.364,0.307,2.655,0.01,3.804,-0.19,101,2.34,1.81,1.9,1.7,2.2,1.51,1.43,1.6,-2.7,1.2,1.0,2,370,0.548,45,-23,19,2,9.9,1.0,4,8,11,7.923,-0.065,7.81,8.94,0.07,0.31,314.2170833333333,-33.998333333333335,76.19506,13.435245,-64.92155,*,F5IV
HD 199260, ,20,56,47.3,-,26,17,46,20,-38,5.72,0.324,2.638,-0.002,3.792,-0.11,21,4.11,0.24,2.9,0.0,5.4,1.12,1.06,1.19,-16.1,0.3,0.6,5,719,0.097,14,94,-64,2,47.6,0.9,-17,-10,1,7.984,-0.013,7.62,8.06,0.03,0.12,314.1970833333333,-26.296111111111113,15.550245,5.6598263,-12.928891,PM*,F6V
HD 199277, ,20,55,26.2,+,25,13,49,70,-13,8.304,0.237,2.716,0.024,3.854,-0.23,126,2.7,0.51,1.3,0.8,1.6,1.44,1.37,1.52,-13.0,1.4,0.6,3,1135,0.935,70,-12,-48,1,4.0,0.9,20,-24,-9,7.959,-0.028,6.6,8.34,0.12,0.04,313.8591666666666,25.230277777777776,41.99003,115.36665,-28.343832,PM*,F2
HD 199289, ,20,58,8.5,-,48,12,13,351,-41,8.292,0.358,2.584,-0.002,3.766,-0.92,53,4.67,0.88,8.8,1.4,15.3,0.85,0.79,0.94,-6.3,0.2,0.5,5,2883,0.183,4,170,-285,2,18.9,1.0,-40,-69,-25,7.96,-0.034,4.6,8.11,0.28,0.28,314.5354166666666,-48.203611111111115,39.507145,-6.257313,-34.77113,PM*,F5V
HD 199373, ,20,55,16.6,+,43,47,25,85,-1,7.73,0.307,2.648,0.01,3.8,-0.4,71,3.48,0.95,3.3,2.8,5.0,1.16,1.09,1.22,-17.4,0.4,0.2,2,380,0.786,11,-1,-65,2,14.1,0.8,15,-19,-14,7.993,-0.001,6.91,8.32,0.09,0.09,313.81916666666666,43.790277777777774,6.1871195,70.719055,-1.2391208,PM*,F5V
HD 199623, ,21,0,21.4,-,51,15,55,347,-41,5.77,0.317,2.633,0.006,3.793,-0.53,28,3.5,1.19,5.5,3.4,6.5,1.08,1.04,1.18,-22.3,0.2,0.1,3,649,0.87,7,-88,131,1,35.1,0.8,-6,21,22,7.979,-0.019,7.97,9.84,0.11,0.56,315.08916666666664,-51.265277777777776,20.59026,-4.7536354,-18.369652,PM*,F5.5V
HD 199672, ,20,59,52.8,-,34,50,1,9,-40,8.692,0.371,2.626,0.027,3.787,0.0,142,2.81,1.55,2.5,2.1,3.0,1.4,1.3,1.5,-15.1,0.3,0.4,2,861,0.296,11,46,-63,2,0.0,0.0,-28,-43,-19,7.893,-0.092,5.75,7.97,0.16,0.19,314.96999999999997,-34.83361111111111,107.43907,17.016678,-91.27583,PM*,F8/G0V
HD 199681, ,20,58,49.5,-,3,19,5,45,-30,7.591,0.223,2.718,0.011,3.858,0.17,166,1.49,1.33,0.8,0.7,0.9,1.95,1.82,2.09,-11.0,0.9,0.6,3,1086,0.898,55,2,-34,2,5.4,1.0,4,-27,-7,7.899,-0.082,6.55,7.98,0.1,0.08,314.70624999999995,-3.3180555555555555,101.65382,101.65382,-83.0,*,F2III/IV
HD 199684, ,20,59,59.6,-,36,7,46,7,-41,6.11,0.251,2.683,-0.011,3.833,-0.06,41,3.02,0.39,1.4,0.7,1.9,1.42,1.37,1.46,15.9,0.6,0.1,2,1211,0.909,22,103,-59,1,24.1,0.8,-1,-9,-27,7.969,-0.027,7.62,8.1,0.03,0.3,314.99833333333333,-36.129444444444445,30.712448,3.7710147,-26.89842,PM*,F2V
HD 199775, ,20,59,5.3,+,9,59,12,58,-23,8.198,0.301,2.629,-0.024,3.804,-0.15,72,3.9,0.22,2.2,0.0,4.0,1.18,1.12,1.23,-6.8,0.6,0.7,4,1115,0.809,30,77,-5,2,13.8,1.0,-20,-5,-18,7.965,-0.028,7.74,8.2,0.03,0.16,314.77208333333334,9.986666666666666,35.121117,56.205532,-28.13264,PM*,F5
HD 199818, ,21,1,22.2,-,49,21,4,350,-41,7.703,0.319,2.648,0.014,3.795,-0.31,78,3.26,1.2,3.1,2.6,5.2,1.18,1.12,1.28,32.3,0.5,0.7,2,1468,0.081,6,42,6,1,12.9,0.9,14,-1,-33,7.943,-0.051,7.52,8.73,0.07,0.45,315.3424999999999,-49.35111111111111,57.97302,-10.222222,-51.172604,*,F5V
HD 199868, ,21,3,46.9,-,68,4,18,326,-37,7.638,0.345,2.624,0.009,3.78,-0.34,55,3.94,0.89,5.7,3.9,9.8,1.04,0.98,1.1,-5.8,0.1,0.2,6,2631,0.959,4,94,-5,2,18.2,0.9,-21,2,-14,7.964,-0.033,7.86,8.55,0.04,0.11,315.9454166666667,-68.07166666666666,36.415432,-24.562532,-33.099823,PM*,F7V
HD 199872, ,20,58,31.4,+,40,41,55,83,-3,7.992,0.234,2.724,0.0,3.844,-0.18,90,3.22,0.1,0.7,0.0,1.6,1.36,1.31,1.42,-19.8,1.7,2.7,4,1168,0.612,110,21,2,1,11.1,0.9,-9,-19,-5,7.989,-0.005,7.15,7.99,0.06,0.03,314.63083333333327,40.698611111111106,10.953207,89.206726,-4.710236,*,F0
HD 199881, ,21,0,8.6,-,10,37,41,38,-33,7.49,0.293,2.671,0.013,3.811,-0.15,81,2.96,1.0,2.3,1.9,2.7,1.36,1.29,1.42,-16.3,0.7,0.9,2,726,0.261,19,-3,1,2,12.4,1.0,-10,-8,10,7.947,-0.044,7.77,7.95,0.01,0.26,315.0358333333333,-10.628055555555555,53.531395,41.82331,-44.115765,*,F5IV/V
HD 199912, ,20,59,0.9,+,32,14,16,76,-9,8.272,0.295,2.674,0.02,3.822,-0.05,111,2.96,0.67,1.8,1.3,2.2,1.39,1.32,1.46,-2.5,0.7,0.6,2,718,0.532,28,-10,-35,2,9.0,1.1,16,-8,-7,7.974,-0.017,7.31,8.56,0.08,0.02,314.75374999999997,32.23777777777778,26.522722,106.37682,-17.364227,*,F8
HD 199999, ,21,0,10.7,+,19,57,41,67,-17,7.287,0.285,2.647,-0.014,3.814,-0.22,72,2.99,0.97,2.3,2.0,2.7,1.34,1.28,1.4,-26.5,0.4,0.1,2,811,0.969,13,85,28,1,13.8,0.9,-36,-18,-9,7.973,-0.021,6.93,8.33,0.09,0.03,315.0445833333333,19.961388888888887,26.903385,63.380386,-21.050762,PM*,F5
HD 200088, ,21,9,33.2,-,79,16,25,313,-33,7.895,0.337,2.641,0.018,3.785,-0.31,60,4.01,0.68,5.3,3.4,6.9,1.06,1.0,1.11,15.1,0.5,0.8,2,1550,0.054,7,-36,32,2,16.7,0.7,20,-2,-4,7.965,-0.032,7.39,8.85,0.09,0.05,317.38833333333326,-79.27361111111111,34.318317,-36.801888,-32.678345,*,F7V
HD 200204, ,21,19,25.4,-,84,45,23,308,-30,7.762,0.31,2.641,-0.006,3.8,-0.13,66,3.67,0.52,3.1,1.9,4.1,1.2,1.14,1.26,-8.0,0.3,0.2,2,1552,0.639,5,93,-69,2,15.2,0.7,-35,-11,-6,7.965,-0.033,7.2,8.41,0.08,0.04,319.8558333333333,-84.75638888888889,35.18978,-45.040863,-33.0,PM*,F6/7V
HD 200344, ,21,4,8.6,-,37,31,44,6,-42,8.628,0.366,2.602,-0.015,3.775,-0.08,154,2.69,2.02,2.7,2.2,4.0,1.36,1.28,1.48,49.1,0.3,0.5,2,369,0.202,6,-54,-19,2,7.9,1.3,63,-10,-4,7.885,-0.102,6.29,9.81,0.22,0.12,316.0358333333333,-37.528888888888886,113.81736,11.962687,-103.04612,PM*,F8/G0V
HD 200373, ,21,2,47.4,+,11,16,48,60,-23,8.105,0.238,2.707,0.012,3.844,-0.09,155,2.15,1.09,1.3,1.1,1.5,1.6,1.51,1.7,-20.9,0.9,1.3,5,1388,0.586,60,8,6,2,6.6,1.0,-16,-14,6,7.928,-0.06,7.38,7.97,0.04,0.2,315.6975,11.280000000000001,71.33912,123.562996,-60.563324,*,F0
HD 200409, ,21,2,17.1,+,33,44,20,78,-8,7.811,0.328,2.636,0.015,3.789,-0.46,76,3.4,1.33,5.3,4.3,6.4,1.1,1.05,1.18,-15.6,0.4,0.5,2,726,0.232,4,42,72,1,13.1,0.8,-32,-8,8,7.984,-0.011,7.4,8.46,0.07,0.23,315.57125,33.73888888888889,15.647508,73.61575,-10.577156,PM*,F5
HD 200411, ,21,3,23.8,-,2,34,14,47,-30,7.772,0.24,2.691,-0.01,3.842,0.01,79,3.27,-0.08,0.0,0.0,1.0,1.4,1.35,1.46,8.9,0.6,1.2,4,1719,0.216,40,-17,-11,2,12.6,1.0,11,2,-2,7.953,-0.04,7.65,8.81,0.07,0.09,315.8491666666667,-2.5705555555555555,46.659603,50.0363,-39.5,*,F0V
HD 200433, ,21,3,29.5,-,1,34,46,48,-30,6.909,0.268,2.669,-0.011,3.822,-0.15,48,3.49,0.23,1.4,0.0,2.5,1.28,1.23,1.33,16.9,0.5,0.8,4,1719,0.573,35,20,-10,1,20.7,0.9,8,9,-13,7.972,-0.024,7.82,9.14,0.08,0.09,315.87291666666664,-1.5794444444444444,27.815233,30.89195,-24.0,*,F3II
BD +34 4254, ,21,3,14.0,+,34,58,55,79,-8,8.799,0.326,2.63,0.011,3.788,-0.55,100,3.8,1.02,5.5,3.2,7.7,1.04,0.98,1.1,-27.2,0.5,0.4,2,320,0.492,12,98,53,3,0.0,0.0,-54,-19,-15,7.981,-0.014,6.56,8.76,0.14,0.12,315.8083333333333,34.981944444444444,18.89521,97.2074,-13.917311,PM*,F5
HD 200540, ,21,6,4.5,-,52,22,44,346,-41,8.75,0.271,2.691,0.019,3.824,-0.14,137,3.07,0.6,1.9,1.3,2.3,1.34,1.27,1.42,-6.1,0.6,0.2,2,360,0.76,25,26,-23,2,4.2,1.3,-18,-14,-7,7.901,-0.091,7.34,7.96,0.04,0.09,316.51874999999995,-52.37888888888889,100.323944,-25.013554,-89.88009,*,F3V
HD 200545, ,20,49,22.2,+,83,56,30,117,24,7.177,0.296,2.647,0.001,3.808,-0.36,76,2.76,1.45,2.4,2.1,2.6,1.37,1.32,1.42,-9.6,0.3,0.4,2,372,0.397,10,21,106,2,13.1,0.6,-26,-30,9,8.032,0.031,6.55,8.13,0.11,0.24,312.3424999999999,83.94166666666668,-31.520302,61.8621,30.911985,PM*,F2
HD 200787, ,21,7,53.5,-,56,38,9,340,-41,8.485,0.33,2.637,0.013,3.793,-0.24,174,2.28,2.17,2.1,1.8,2.5,1.47,1.39,1.58,3.5,1.7,2.4,2,1472,0.062,23,20,-10,2,6.0,1.1,-10,-9,-13,7.877,-0.114,7.68,7.88,0.01,0.14,316.9729166666666,-56.63583333333333,123.39993,-44.913933,-114.154274,*,F5/6V
HD 200877, ,21,5,48.5,+,15,19,38,64,-21,6.643,0.317,2.63,-0.004,3.795,-0.4,44,3.43,1.11,5.0,2.8,5.9,1.14,1.08,1.23,-22.1,0.3,0.1,2,644,0.796,5,86,-80,1,22.8,0.9,-11,-27,-15,7.982,-0.016,6.69,7.98,0.09,0.11,316.4520833333333,15.327222222222222,18.007208,36.920246,-15.768189,PM*,F7IV
HD 200885, ,21,7,31.3,-,38,41,29,4,-42,7.486,0.246,2.704,0.012,3.843,0.15,113,2.22,0.84,1.0,0.9,1.2,1.67,1.57,1.78,-0.1,0.9,1.4,4,1273,0.668,80,39,-23,2,7.2,1.0,-13,-12,-16,7.917,-0.076,7.49,7.93,0.03,0.15,316.88041666666663,-38.69138888888889,83.770805,5.8578253,-75.61176,*,F3IV/V
HD 200907, ,21,5,51.1,+,20,2,28,68,-18,8.267,0.29,2.657,-0.004,3.813,-0.1,114,2.99,0.88,2.1,1.7,2.6,1.34,1.27,1.43,-9.7,0.4,0.3,2,711,0.596,15,6,-61,1,8.8,1.1,16,-24,-19,7.959,-0.035,6.65,8.24,0.11,0.18,316.4629166666666,20.041111111111114,40.61502,100.52568,-35.22794,PM*,F5
HD 200931, ,21,6,17.7,+,7,30,25,57,-25,7.733,0.311,2.652,0.004,3.8,-0.12,55,4.03,0.15,1.6,0.0,4.2,1.16,1.1,1.21,-19.9,0.4,0.3,2,628,0.618,14,94,6,2,18.2,1.2,-27,-14,-9,7.973,-0.024,7.26,8.21,0.06,0.03,316.57374999999996,7.506944444444445,27.148582,41.80515,-23.244005,PM*,F8
HD 200973, ,21,7,44.9,-,31,3,24,14,-41,7.247,0.308,2.626,-0.009,3.798,-0.63,67,3.13,1.53,4.4,3.8,5.2,1.13,1.09,1.22,7.2,0.2,0.1,3,650,0.882,9,242,99,2,15.0,1.0,-50,33,-57,7.952,-0.044,7.65,11.48,0.2,1.29,316.9370833333333,-31.05666666666667,49.06353,12.232913,-43.955956,PM*,F5V
HD 201063, ,21,4,35.8,+,60,15,23,98,9,7.303,0.287,2.661,-0.006,3.815,-0.03,70,3.08,0.68,2.0,1.5,2.5,1.38,1.34,1.42,-26.8,0.4,0.3,2,1777,0.558,12,8,-29,1,14.3,0.6,9,-24,-12,8.01,0.011,6.76,8.17,0.09,0.07,316.1491666666666,60.256388888888885,-9.622173,68.46533,10.950414,*,F5
HD 201068, ,21,7,33.4,-,11,15,31,38,-35,8.567,0.321,2.629,-0.005,3.794,-0.26,105,3.46,0.98,3.4,2.6,5.4,1.15,1.08,1.23,-12.6,0.3,0.2,2,428,0.671,11,-20,-23,2,0.0,0.0,3,-16,10,7.933,-0.061,7.18,8.06,0.06,0.28,316.88916666666665,-11.258611111111112,67.777565,52.95364,-60.22553,*,F6/7V
HD 201097, ,21,7,19.0,+,4,8,29,54,-28,8.262,0.372,2.635,0.035,3.793,0.17,115,2.81,1.25,2.2,1.8,2.6,1.44,1.36,1.54,-4.9,0.3,0.4,2,722,0.393,14,5,-21,1,8.4,1.4,1,-11,-5,7.94,-0.053,7.43,8.09,0.04,0.06,316.82916666666665,4.14138888888889,59.68311,82.14675,-53.98923,*,F6V
HD 201169, ,21,9,43.0,-,50,54,37,347,-42,7.717,0.388,2.628,0.035,3.782,0.16,92,2.75,1.58,2.3,2.0,2.6,1.47,1.41,1.53,23.4,0.2,0.2,4,3969,0.57,4,92,-49,1,10.9,1.0,-12,-24,-43,7.934,-0.062,6.92,7.94,0.07,0.65,317.4291666666666,-50.91027777777778,66.61702,-15.379749,-61.560017,PM*,F8IV/V
HD 201203, ,21,8,36.9,-,21,40,59,26,-39,7.907,0.32,2.645,-0.003,3.8,0.18,92,3.09,0.81,2.1,1.7,2.5,1.41,1.34,1.48,-17.6,0.4,0.2,2,774,0.693,21,68,-17,2,10.9,1.0,-30,-13,-13,7.936,-0.058,7.2,8.24,0.07,0.1,317.15374999999995,-21.68305555555556,64.26147,31.342411,-57.897476,PM*,F8/G0V
HD 201242, ,21,9,22.3,-,36,42,21,7,-43,6.47,0.333,2.639,0.014,3.79,-0.23,74,2.12,2.39,1.9,1.6,2.2,1.57,1.5,1.65,-13.8,0.4,0.6,2,370,0.338,24,26,-125,2,13.5,1.0,-13,-45,-1,7.946,-0.05,5.74,7.95,0.16,0.1,317.3429166666666,-36.70583333333334,53.71677,6.5955906,-50.467876,PM*,F7V
HD 201257, ,21,8,1.0,+,9,21,45,59,-25,7.378,0.284,2.685,0.023,3.829,-0.02,83,2.69,0.76,1.5,1.2,1.9,1.48,1.42,1.55,-15.3,0.3,0.1,2,720,0.819,9,-6,-2,2,12.1,1.0,-5,-12,8,7.961,-0.035,7.51,7.99,0.03,0.23,317.00416666666666,9.362499999999999,38.74299,64.47916,-35.077316,*,F5
HD 201293, ,21,6,35.7,+,54,13,3,94,5,8.225,0.288,2.664,0.005,3.814,-0.22,147,2.39,1.57,1.9,1.6,2.2,1.49,1.42,1.57,18.6,0.2,0.3,3,4017,0.537,8,30,3,2,6.8,0.7,-17,19,-13,8.01,0.012,7.99,9.66,0.09,0.09,316.64874999999995,54.2175,-10.215182,146.08391,12.811893,*,F5
HD 201456, ,21,8,17.1,+,43,44,51,86,-3,7.876,0.342,2.632,0.011,3.784,-0.2,65,3.81,0.81,4.4,3.1,7.7,1.09,1.05,1.16,-50.6,0.4,0.6,2,733,0.099,8,115,49,1,15.4,0.7,-38,-49,-14,7.996,-0.003,5.49,8.17,0.2,0.09,317.07124999999996,43.7475,4.527959,64.7528,-3.4018373,PM*,F8V
HD 201470, ,21,9,3.2,+,26,59,22,74,-14,7.923,0.298,2.656,0.002,3.807,-0.19,83,3.32,0.77,2.7,2.1,3.2,1.26,1.2,1.32,-27.1,0.5,0.6,2,381,0.382,18,25,57,2,12.0,0.9,-29,-17,13,7.977,-0.02,7.1,8.21,0.07,0.33,317.26333333333326,26.989444444444445,22.198334,77.41477,-20.079517,PM*,F8
HD 201477, ,21,14,17.7,-,70,51,29,322,-37,7.906,0.307,2.652,0.005,3.804,-0.15,94,3.03,1.09,2.5,2.1,2.9,1.33,1.26,1.4,12.2,0.3,0.2,2,362,0.638,4,79,-72,2,10.6,1.0,-27,-34,-23,7.94,-0.057,6.23,8.03,0.13,0.24,318.57374999999996,-70.85805555555555,59.157345,-46.21877,-56.57061,PM*,F6V
HD 201490, ,21,9,10.6,+,30,22,35,76,-12,7.989,0.348,2.617,0.003,3.779,-0.34,78,3.53,1.32,6.2,5.0,7.5,1.08,1.04,1.14,-4.2,0.3,0.4,2,379,0.347,3,113,10,2,12.8,0.9,-32,-3,-27,7.982,-0.016,7.57,8.65,0.07,0.32,317.2941666666666,30.37638888888889,18.457556,74.02921,-16.217113,PM*,F7V
HD 201545, ,21,9,45.8,+,19,12,38,68,-19,6.968,0.32,2.642,0.003,3.795,-0.17,43,3.8,0.54,3.6,2.3,4.6,1.16,1.09,1.21,-24.8,0.4,0.0,1,0,0.0,5,0,20,1,23.2,0.9,-12,-20,11,7.984,-0.014,7.14,7.99,0.06,0.27,317.4408333333333,19.210555555555555,15.2304945,37.69679,-13.99943,*,F8V
HD 201636, ,21,6,23.3,+,71,25,54,107,16,5.877,0.256,2.693,0.007,3.835,0.06,49,2.43,0.84,1.3,1.1,1.5,1.6,1.56,1.63,-0.8,0.7,1.5,5,1211,0.209,55,-51,-116,1,20.4,0.5,27,10,-8,8.014,0.013,7.53,9.64,0.12,0.02,316.59708333333333,71.43166666666667,-13.77124,45.043694,13.50623,PM*,F3IV
HD 201647, ,21,12,13.7,-,40,16,9,2,-43,5.84,0.284,2.67,-0.003,3.817,0.09,32,3.29,0.32,1.4,0.5,2.2,1.37,1.33,1.44,3.8,1.0,1.5,2,1372,0.065,25,56,-219,1,30.9,0.8,-2,-33,-10,7.976,-0.022,6.34,8.0,0.12,0.04,318.05708333333325,-40.26916666666666,23.389063,0.816764,-21.823946,PM*,F5V
HD 201649, ,21,12,47.4,-,51,30,49,347,-43,7.43,0.287,2.659,-0.008,3.812,-0.11,53,3.79,0.11,0.8,0.0,2.9,1.22,1.17,1.27,-2.7,1.3,1.0,2,1487,0.598,35,37,-20,1,18.7,1.0,-9,-5,-4,7.962,-0.036,7.95,8.01,0.0,0.05,318.19749999999993,-51.51361111111111,37.768284,-8.719495,-36.145912,*,F5V
HD 201721, ,21,12,2.8,-,20,19,59,28,-40,8.025,0.336,2.635,0.012,3.788,-0.25,93,3.18,1.39,4.5,2.7,5.6,1.17,1.1,1.25,-27.1,0.2,0.1,2,371,0.968,5,-1,-44,2,7.5,1.1,-13,-28,12,7.937,-0.059,6.63,7.94,0.09,0.31,318.0116666666666,-20.333055555555557,62.90307,33.446156,-59.779243,*,F5/6V
HD 201732, ,21,9,12.3,+,57,12,9,96,6,8.082,0.316,2.651,0.016,3.798,-0.29,128,2.54,1.84,2.2,2.0,2.5,1.44,1.37,1.5,-20.6,0.6,1.0,3,4009,0.366,28,19,-21,2,7.8,0.6,3,-18,-19,8.014,0.014,7.13,8.13,0.07,0.18,317.3012499999999,57.2025,-13.3063545,126.60145,13.379643,*,F8
HD 201750, ,21,10,32.8,+,36,47,45,81,-8,7.598,0.274,2.66,0.0,3.818,-0.47,101,2.58,1.51,2.1,1.9,2.4,1.39,1.33,1.45,0.8,0.7,0.5,2,382,0.632,20,43,-39,2,9.9,0.8,-1,-3,-28,7.985,-0.013,7.84,8.33,0.03,0.32,317.63666666666666,36.795833333333334,15.64612,98.7857,-14.056483,PM*,F2
HD 201817, ,21,7,36.6,+,71,40,54,107,16,8.097,0.257,2.675,-0.014,3.834,0.06,135,2.44,0.85,1.3,1.1,1.6,1.58,1.51,1.65,3.9,0.6,0.2,4,974,0.98,90,28,17,2,7.4,0.6,-21,0,-6,8.038,0.037,7.9,8.5,0.04,0.05,316.9025,71.68166666666667,-37.941174,124.099976,37.211044,*,F2
HD 201835, ,21,10,18.8,+,52,25,50,93,3,8.013,0.325,2.62,-0.001,3.789,-0.62,75,3.63,1.22,6.3,4.1,7.8,1.05,1.0,1.12,42.1,0.4,0.6,3,826,0.325,10,101,43,1,13.3,0.7,-38,41,-14,8.004,0.004,7.87,11.66,0.19,0.12,317.5783333333333,52.43055555555555,-3.9198165,74.79457,3.925197,PM*,F5
HD 201903, ,21,13,22.5,-,28,46,58,18,-42,8.595,0.302,2.657,0.001,3.809,0.06,145,2.79,1.02,1.9,1.5,2.3,1.44,1.35,1.53,-41.7,0.9,1.2,2,370,0.031,17,32,-12,2,5.7,1.2,-43,-18,10,7.898,-0.097,6.74,8.41,0.11,0.3,318.34374999999994,-28.782777777777778,102.48205,33.298435,-97.02394,*,F5V
HD 201945, ,21,13,27.0,-,22,32,45,26,-41,8.008,0.325,2.636,-0.003,3.793,-0.07,74,3.66,0.63,3.3,2.4,4.3,1.2,1.13,1.26,63.5,0.2,0.3,3,735,0.51,6,-17,-41,2,13.5,1.0,51,8,-40,7.949,-0.048,7.02,10.32,0.19,0.67,318.36249999999995,-22.545833333333334,50.19631,24.482376,-48.548367,*,F7V
HD 201980, ,21,12,53.2,+,7,41,32,58,-27,7.43,0.276,2.69,0.022,3.836,0.11,91,2.54,0.67,1.2,0.9,1.5,1.57,1.5,1.65,7.6,0.9,1.3,2,395,0.144,24,-57,-47,2,11.0,1.0,32,-7,4,7.957,-0.041,7.0,8.99,0.12,0.18,318.2216666666666,7.692222222222222,42.9667,68.76109,-41.313133,PM*,F2
HD 202070, ,21,12,53.3,+,25,11,51,73,-16,8.49,0.326,2.652,0.022,3.805,-0.08,119,3.02,1.01,2.3,1.9,2.8,1.34,1.26,1.42,3.0,0.3,0.2,2,732,0.569,9,40,-17,1,8.4,0.9,-8,-1,-23,7.966,-0.032,7.96,8.25,0.02,0.25,318.2220833333333,25.1975,33.44445,109.39184,-32.800846,*,F8
HD 202281, ,21,14,58.2,-,8,21,9,43,-36,7.379,0.289,2.661,0.004,3.816,-0.15,128,1.84,2.01,1.4,1.2,1.7,1.67,1.56,1.78,-18.0,3.3,0.0,1,0,0.0,40,37,-1,2,6.9,1.0,-26,-11,-6,7.923,-0.075,7.36,8.17,0.05,0.08,318.7425,-8.3525,75.73473,70.62377,-75.23651,*,F3IV/V
HD 202370, ,21,15,52.5,-,21,26,23,27,-41,8.2,0.243,2.718,0.025,3.856,0.18,114,2.81,0.03,0.4,0.0,0.9,1.6,1.52,1.68,-29.1,0.7,1.0,5,1477,0.793,22,32,-16,2,4.9,1.1,-29,-19,4,7.923,-0.075,6.95,8.13,0.08,0.19,318.96875,-21.439722222222223,76.65944,39.059933,-74.790726,*,F3V
HD 202398, ,21,16,37.9,-,36,10,24,8,-44,8.1,0.304,2.66,0.006,3.803,-0.11,70,3.88,0.22,2.2,0.0,3.9,1.19,1.13,1.24,-0.1,0.4,0.6,2,985,0.296,15,62,-3,2,14.3,1.0,-14,-1,-15,7.95,-0.049,7.92,8.24,0.02,0.12,319.1579166666666,-36.17333333333333,49.863747,7.0078926,-48.626087,PM*,F5/6V
HD 202429, ,21,17,21.2,-,48,4,8,351,-44,8.465,0.305,2.663,0.01,3.807,0.04,123,3.02,0.85,2.1,1.6,2.5,1.37,1.29,1.45,-11.2,1.2,2.0,3,778,0.247,45,11,10,1,5.1,1.2,-12,7,3,7.912,-0.085,7.91,8.7,0.05,0.17,319.33833333333337,-48.06888888888889,87.38947,-13.841123,-85.442986,*,F5V
HD 202482, ,21,17,16.8,-,39,2,58,4,-44,7.568,0.343,2.631,0.009,3.784,-0.18,61,3.64,0.96,4.0,3.0,6.9,1.12,1.07,1.19,1.1,0.2,0.1,2,368,0.793,6,30,41,2,16.4,1.1,-6,12,-7,7.956,-0.043,7.95,9.08,0.07,0.05,319.32,-39.04944444444444,43.77284,3.0608947,-42.37416,PM*,F6/7V
HD 202578, ,21,17,15.5,-,21,44,29,27,-41,7.97,0.279,2.673,0.013,3.817,-0.39,102,2.93,1.11,2.3,2.0,2.8,1.29,1.21,1.37,66.1,0.3,0.4,2,371,0.309,9,-86,-89,2,9.8,1.1,84,-15,-24,7.932,-0.067,5.86,10.43,0.28,0.33,319.3145833333333,-21.74138888888889,68.59002,34.94836,-66.91802,PM*,F5V
HD 202595, ,21,12,17.4,+,72,28,17,108,16,8.498,0.317,2.654,0.016,3.798,-0.21,133,2.87,1.44,2.5,2.2,2.9,1.36,1.28,1.43,-18.9,0.5,0.8,3,4330,0.105,9,-6,7,1,7.5,0.7,5,-19,0,8.04,0.037,7.09,8.18,0.07,0.11,318.07249999999993,72.4713888888889,-39.507133,121.590485,36.659767,*,F5
HD 202669, ,21,17,51.6,-,15,53,27,34,-39,8.414,0.304,2.664,0.012,3.806,-0.04,108,3.25,0.72,2.3,1.7,2.9,1.3,1.23,1.37,-29.2,0.3,0.2,2,368,0.661,12,-2,-28,2,8.8,1.2,-13,-26,15,7.931,-0.069,6.73,7.93,0.08,0.34,319.465,-15.890833333333333,69.58259,46.934044,-67.9666,*,F5V
HD 202680, ,21,27,46.3,-,81,57,55,310,-32,8.5,0.333,2.634,0.009,3.791,-0.19,161,2.47,1.98,2.3,1.9,2.7,1.45,1.36,1.54,40.5,0.5,0.7,2,352,0.394,18,-18,-4,2,5.0,0.8,32,-27,-11,7.912,-0.085,6.26,8.49,0.15,0.11,321.94291666666663,-81.96527777777779,87.763466,-104.59246,-85.317,*,F6V
HD 202735, ,21,14,56.3,+,64,29,52,102,11,8.311,0.355,2.63,0.01,3.78,-0.03,86,3.63,0.92,3.7,3.0,6.2,1.15,1.1,1.26,-12.6,0.3,0.1,2,712,0.986,7,115,68,2,11.6,0.6,-49,-20,-18,8.018,0.016,6.65,8.65,0.13,0.16,318.7345833333333,64.49777777777778,-17.551886,82.575165,16.409575,PM*,F8
HD 202798, ,21,17,44.8,+,22,23,18,71,-18,8.067,0.309,2.652,0.008,3.803,-0.17,97,3.13,1.03,2.6,2.2,3.1,1.29,1.23,1.37,-35.0,0.3,0.1,2,772,0.865,10,52,53,1,10.3,0.9,-43,-21,9,7.971,-0.031,6.68,8.45,0.12,0.26,319.43666666666667,22.388333333333332,30.034472,87.22644,-29.97465,PM*,F5
HD 202880, ,21,17,36.3,+,39,12,35,84,-7,6.981,0.224,2.732,0.0,3.851,-0.13,86,2.3,0.87,1.3,1.0,1.5,1.59,1.53,1.65,-3.3,1.3,2.6,4,1502,0.458,55,31,-47,1,11.6,0.7,4,-6,-22,7.991,-0.011,7.62,8.32,0.04,0.22,319.40125,39.209722222222226,8.922439,84.891365,-10.480764,PM*,F5
HD 202945, ,21,20,21.8,-,40,27,56,2,-45,7.884,0.298,2.642,-0.002,3.803,-0.46,69,3.68,0.73,3.4,2.3,4.4,1.13,1.07,1.19,-47.6,0.3,0.1,2,427,0.743,13,14,-52,1,14.4,1.1,-36,-19,30,7.951,-0.049,6.93,8.33,0.09,0.7,320.09083333333325,-40.46555555555556,48.760647,1.7027591,-48.790367,PM*,F5V
HD 203000, ,21,19,40.8,-,5,29,13,46,-35,8.139,0.341,2.623,-0.001,3.787,-0.09,118,2.78,1.66,2.5,2.2,3.1,1.39,1.29,1.48,7.3,0.3,0.4,2,742,0.274,9,18,-15,1,7.6,1.1,1,-3,-15,7.933,-0.068,7.75,8.3,0.03,0.13,319.91999999999996,-5.486944444444444,67.14564,69.53134,-67.68202,*,F5V
HD 203236, ,21,21,2.6,+,0,40,27,53,-32,8.022,0.304,2.631,-0.017,3.805,-0.14,111,2.79,1.3,2.3,1.9,2.7,1.38,1.29,1.47,-26.2,0.4,0.6,2,416,0.295,14,45,-43,1,9.0,1.1,-19,-35,-13,7.943,-0.059,6.23,7.97,0.12,0.1,320.2608333333333,0.6741666666666666,56.650852,75.17823,-58.821037,PM*,F3V
HD 203238, ,21,21,16.1,-,8,16,0,43,-37,8.014,0.355,2.618,0.01,3.775,-0.37,76,3.6,1.37,6.8,5.4,8.4,1.06,1.0,1.12,6.4,0.3,0.2,2,727,0.693,5,-66,-60,2,13.1,1.3,29,-14,5,7.956,-0.046,6.84,8.74,0.12,0.19,320.3170833333333,-8.266666666666667,44.390465,41.394775,-45.737938,PM*,F8/G0V
HD 203335, ,21,23,39.9,-,55,32,34,341,-43,7.478,0.344,2.631,0.014,3.781,-0.32,52,3.88,0.91,7.6,3.8,9.3,1.06,1.0,1.11,22.5,0.2,0.4,4,3218,0.222,4,127,-135,5,19.1,0.9,-11,-39,-32,7.964,-0.036,6.11,7.96,0.13,0.4,320.91624999999993,-55.54277777777778,35.958443,-12.381479,-35.463913,PM*,F8V
HD 203555, ,21,24,3.6,-,40,1,48,2,-46,7.359,0.279,2.647,-0.013,3.815,-0.42,70,3.14,0.97,2.6,2.1,3.0,1.26,1.2,1.31,-21.1,0.5,0.7,2,428,0.188,17,-38,-31,1,14.3,0.9,-5,-10,24,7.951,-0.05,7.67,8.0,0.02,0.53,321.015,-40.03,48.596466,1.6970259,-50.353786,PM*,F5V
HD 203608, ,21,26,26.6,-,65,21,58,328,-40,4.229,0.324,2.611,-0.005,3.786,-0.6,9,4.41,0.49,6.0,0.0,6.9,1.0,0.92,1.06,-29.9,0.2,0.2,3,649,0.703,3,81,801,0,108.5,0.6,-13,44,6,7.994,-0.006,7.99,11.66,0.19,0.25,321.61083333333335,-65.36611111111111,5.8467827,-3.6534755,-5.785088,PM*,F9VFe-1.4CH-0.7
HD 203611, ,21,22,24.7,+,37,9,53,83,-9,7.638,0.272,2.683,0.016,3.82,-0.38,83,3.03,0.94,2.3,1.9,2.7,1.29,1.24,1.35,-26.6,0.8,0.0,1,0,0.0,17,-3,-3,2,12.0,0.9,-2,-26,4,7.99,-0.013,6.74,8.02,0.09,0.17,320.6029166666666,37.164722222222224,9.99062,81.36708,-12.984061,*,F2
HD 203698, ,21,23,9.1,+,29,38,21,78,-14,7.813,0.387,2.61,0.016,3.765,-0.07,88,3.1,1.84,4.2,3.7,4.9,1.24,1.18,1.34,-16.7,0.1,0.3,6,2504,0.476,5,8,-145,2,11.4,0.9,35,-35,-38,7.982,-0.022,5.97,8.55,0.18,0.57,320.78791666666666,29.639166666666664,17.75275,83.520134,-21.289127,PM*,F8
HD 203757, ,21,25,41.0,-,46,10,12,354,-45,8.267,0.285,2.682,0.025,3.827,-0.24,97,3.23,0.46,1.9,1.0,2.5,1.29,1.23,1.36,36.9,0.4,0.6,2,352,0.299,13,-55,-28,2,0.0,0.0,43,-14,-8,7.932,-0.069,6.54,9.09,0.16,0.08,321.4208333333333,-46.169999999999995,68.213615,-7.169553,-68.589355,PM*,F3V
HD 203793, ,21,24,35.9,-,6,42,55,46,-37,7.14,0.244,2.691,0.004,3.838,-0.28,94,2.27,1.25,1.6,1.4,1.8,1.53,1.46,1.6,9.9,0.6,0.6,4,1094,0.72,45,-29,-54,2,10.6,0.9,25,-13,-7,7.947,-0.057,6.93,8.63,0.11,0.06,321.1495833333332,-6.715277777777778,52.149216,54.00209,-56.57061,PM*,F2/3V
HD 204093, ,21,25,20.7,+,34,44,38,82,-11,7.964,0.306,2.644,0.0,3.799,-0.32,57,4.18,0.2,1.2,0.0,5.0,1.09,1.03,1.15,2.3,0.3,0.1,2,659,0.878,3,38,10,2,17.5,0.8,-9,2,-6,7.992,-0.011,7.99,8.49,0.03,0.03,321.33624999999995,34.74388888888889,7.7871175,55.40822,-10.876113,*,F5
HD 204121, ,21,26,28.0,+,1,6,12,54,-33,6.12,0.299,2.665,0.009,3.809,-0.05,48,2.72,1.19,2.1,1.8,2.3,1.46,1.42,1.51,13.3,0.3,0.4,4,1041,0.739,19,109,-163,1,20.9,0.9,7,-19,-42,7.977,-0.026,7.08,8.16,0.07,0.62,321.6166666666667,1.1033333333333335,23.661993,32.56794,-26.142673,PM*,F5V
HD 204234, ,21,26,54.7,+,10,40,4,63,-28,6.974,0.244,2.725,0.0,3.842,0.03,93,2.12,1.06,1.2,1.0,1.4,1.67,1.6,1.75,-16.8,1.5,2.7,3,860,0.371,80,57,-8,2,10.7,0.9,-23,-17,-12,7.963,-0.043,7.18,8.08,0.06,0.08,321.7279166666666,10.667777777777777,37.279034,73.164215,-43.66086,PM*,F2
HD 204277, ,21,27,6.6,+,16,7,26,68,-24,6.728,0.34,2.607,-0.021,3.784,-0.18,34,4.08,0.52,5.0,2.6,6.9,1.07,1.02,1.14,8.6,0.3,0.1,2,723,0.708,5,-80,-97,2,29.6,1.0,22,0,-4,7.988,-0.014,7.41,8.98,0.1,0.05,321.7775,16.12388888888889,11.635487,28.798834,-13.829046,PM*,F8V
HD 204306, ,21,26,25.7,+,43,7,9,88,-5,8.309,0.357,2.6,0.007,3.77,-0.8,82,3.74,1.65,9.1,7.5,10.9,0.95,0.88,1.0,24.6,0.2,0.2,3,406,0.81,6,21,-39,1,12.2,0.9,5,23,-19,7.997,-0.008,7.93,10.04,0.12,0.19,321.6070833333333,43.119166666666665,2.8508685,81.63821,-7.1467705,*,F5
HD 204319, ,21,32,8.3,-,72,10,55,320,-38,8.787,0.338,2.643,0.019,3.788,-0.18,145,2.98,1.53,2.9,2.4,4.6,1.3,1.13,1.4,-34.5,0.2,0.2,2,103,0.481,7,68,-21,2,3.4,1.0,-60,2,-5,7.912,-0.088,7.05,9.55,0.15,0.11,323.03458333333333,-72.18194444444445,87.52943,-73.44594,-89.27092,PM*,F7V
HD 204424, ,21,30,15.4,-,53,8,56,344,-45,8.228,0.297,2.672,0.017,3.808,-0.17,98,3.27,0.78,2.5,2.0,3.1,1.26,1.19,1.33,31.5,0.4,0.1,2,1474,0.961,12,-62,-33,2,10.2,1.2,41,-20,0,7.933,-0.069,6.4,8.89,0.16,0.13,322.5641666666666,-53.14888888888889,66.61203,-19.100704,-69.29646,PM*,F5V
HD 204454, ,21,29,40.2,-,38,20,44,5,-47,8.2,0.273,2.666,0.001,3.819,-0.43,115,2.9,1.13,2.3,1.9,2.7,1.28,1.2,1.36,-5.6,0.8,1.2,2,379,0.029,16,97,12,3,8.7,1.1,-43,3,-32,7.921,-0.084,7.42,9.15,0.1,0.44,322.4175,-38.345555555555556,78.13136,6.835608,-84.105675,PM*,F2V
HD 204577, ,21,29,59.5,-,19,8,52,32,-43,6.57,0.265,2.674,-0.002,3.83,-0.11,133,0.95,2.56,0.9,0.8,1.1,2.02,1.87,2.12,-11.1,0.2,0.2,2,5,0.665,10,34,-43,1,7.5,0.9,-14,-31,-14,7.917,-0.091,6.45,7.93,0.1,0.14,322.49791666666664,-19.147777777777776,82.48968,51.54527,-90.70577,PM*,F3V
HD 204712, ,21,30,8.4,+,12,16,14,65,-27,7.625,0.361,2.601,0.002,3.77,-0.62,61,3.71,1.56,8.5,7.1,10.0,0.99,0.96,1.04,-26.8,0.2,0.4,3,780,0.414,5,-109,-143,2,16.5,1.1,37,-44,10,7.977,-0.028,5.54,8.48,0.21,0.28,322.53499999999997,12.270555555555557,22.969894,49.259094,-27.69342,PM*,F5V
HD 204802, ,21,31,49.4,-,31,32,51,15,-47,7.912,0.278,2.667,-0.003,3.819,-0.12,108,2.75,1.01,1.9,1.6,2.3,1.41,1.33,1.49,-16.1,0.5,0.4,2,363,0.54,19,12,0,2,9.3,1.1,-15,-4,8,7.929,-0.078,7.86,8.12,0.02,0.24,322.95583333333326,-31.547500000000003,71.14605,19.063528,-78.9862,*,F3IV/V
HD 204813, ,21,29,39.2,+,46,7,55,91,-4,7.697,0.243,2.708,0.015,3.842,-0.01,116,2.37,0.84,1.3,1.0,1.5,1.59,1.53,1.65,-11.8,0.4,0.8,8,1449,0.833,50,68,18,2,8.6,0.7,-34,-13,-18,8.001,-0.007,7.18,8.4,0.08,0.16,322.4133333333333,46.13194444444444,-2.019541,115.69981,-8.09175,PM*,F0
HD 204831, ,21,30,23.8,+,28,59,19,79,-16,8.269,0.253,2.697,0.011,3.838,0.06,170,2.12,1.1,1.2,1.0,1.4,1.65,1.55,1.76,-14.4,1.4,2.8,4,1408,0.116,80,35,1,2,6.6,1.0,-24,-15,-15,7.967,-0.047,7.26,8.12,0.06,0.12,322.59916666666663,28.988611111111112,31.180965,160.41211,-46.858353,*,F2
HD 204851, ,21,31,34.9,-,12,30,49,40,-41,7.985,0.318,2.627,-0.007,3.794,-0.36,76,3.58,0.95,3.7,2.7,5.8,1.11,1.05,1.19,14.9,0.3,0.7,4,1069,0.191,8,50,-8,2,0.0,0.0,-3,4,-23,7.956,-0.05,7.92,8.6,0.04,0.25,322.8954166666666,-12.51361111111111,43.938725,36.868965,-49.860485,*,F5V
HD 204857, ,21,33,29.2,-,58,12,19,337,-44,8.688,0.32,2.631,-0.001,3.796,-0.23,145,2.88,1.49,2.6,2.2,3.3,1.31,1.18,1.42,-4.7,0.3,0.3,2,1470,0.501,6,-14,11,2,5.8,1.2,5,9,8,7.904,-0.1,7.78,8.99,0.07,0.27,323.37166666666667,-58.20527777777778,96.01259,-40.754917,-100.72547,*,F5/6V
HD 204889, ,21,29,2.9,+,61,25,59,101,7,7.103,0.33,2.642,0.009,3.794,-0.05,75,2.74,1.51,2.3,2.1,2.5,1.46,1.41,1.5,-17.0,0.3,0.2,2,378,0.612,10,-42,5,1,13.4,0.6,13,-16,9,8.014,0.01,7.1,8.34,0.08,0.25,322.2620833333333,61.433055555555555,-14.204008,73.07327,9.140202,*,F5
HD 204942, ,21,32,37.0,-,24,9,16,25,-45,8.238,0.321,2.651,0.013,3.794,-0.19,81,3.71,0.67,3.5,2.6,4.7,1.15,1.08,1.22,29.0,0.4,0.1,2,1525,0.9,8,-20,-119,2,12.4,1.1,35,-34,-24,7.949,-0.057,5.97,8.53,0.18,0.28,323.15416666666664,-24.154444444444444,51.909367,24.205736,-57.27565,PM*,F7V
HD 205136, ,21,34,5.4,-,30,5,30,17,-47,8.575,0.346,2.648,0.028,3.802,0.15,124,2.99,0.89,2.0,1.6,2.5,1.41,1.33,1.5,4.5,0.3,0.2,2,826,0.723,6,14,-10,2,6.3,1.4,-2,-5,-9,7.919,-0.091,7.73,8.11,0.02,0.1,323.5225,-30.091666666666665,80.872574,24.725227,-90.68786,*,F8V
HD 205202, ,21,33,2.8,+,30,21,35,80,-16,8.106,0.291,2.642,0.005,3.808,-0.81,133,2.48,2.1,3.3,2.1,4.0,1.26,1.15,1.37,-20.2,0.8,1.3,3,777,0.163,16,158,9,2,7.5,0.9,-80,-23,-59,7.978,-0.036,6.09,9.56,0.22,1.16,323.26166666666666,30.359722222222224,22.200544,125.9055,-36.659767,PM*,F5
HD 205294, ,21,35,13.6,-,34,19,46,11,-48,6.869,0.322,2.623,-0.004,3.792,-0.5,53,3.24,1.45,4.8,4.1,5.6,1.13,1.09,1.21,30.2,0.2,0.1,2,389,0.946,6,36,-112,2,18.8,0.9,17,-24,-30,7.965,-0.039,6.64,8.28,0.11,0.37,323.8066666666666,-34.32944444444445,34.812347,6.766835,-39.386677,PM*,F5V
HD 205306, ,21,34,54.9,-,20,15,9,31,-45,6.741,0.321,2.638,0.001,3.796,-0.14,56,3.02,1.27,2.7,2.4,2.9,1.35,1.29,1.4,-11.0,0.2,0.1,2,378,0.805,8,-1,-64,1,18.0,0.9,-2,-20,4,7.966,-0.039,7.07,8.01,0.06,0.17,323.72875,-20.2525,33.942093,20.394468,-39.59798,PM*,F7V
HD 205343, ,21,35,17.5,-,25,19,5,24,-46,7.956,0.324,2.643,0.012,3.792,-0.3,63,3.98,0.54,4.2,2.2,6.1,1.08,1.03,1.15,16.7,0.2,0.1,2,379,0.721,9,70,15,2,16.0,1.0,-6,8,-25,7.96,-0.045,7.95,8.84,0.05,0.29,323.82291666666663,-25.318055555555556,39.979923,17.800209,-45.318405,PM*,F7V
HD 205420, ,21,34,33.9,+,22,45,16,74,-21,6.47,0.33,2.638,0.004,3.794,-0.04,69,2.26,1.98,1.8,1.6,2.0,1.61,1.55,1.67,16.7,0.2,0.4,4,1099,0.398,9,11,-54,1,14.4,0.7,13,7,-20,7.983,-0.025,7.72,9.13,0.08,0.2,323.64124999999996,22.754444444444445,17.755749,61.92164,-24.727388,PM*,F7V
HD 205437, ,21,34,52.9,+,18,55,1,72,-24,7.943,0.283,2.677,0.018,3.818,-0.23,131,2.36,1.52,1.9,1.6,2.2,1.49,1.39,1.58,-9.5,1.5,2.1,2,786,0.325,55,-11,-38,2,4.8,0.9,16,-19,-6,7.962,-0.053,6.84,8.31,0.1,0.06,323.7204166666666,18.916944444444447,36.981438,113.81717,-53.2825,*,F0
HD 205527, ,21,36,22.2,-,18,23,31,33,-44,7.908,0.262,2.675,0.001,3.826,-0.38,105,2.8,1.04,2.0,1.7,2.4,1.33,1.26,1.41,17.3,0.9,0.1,3,1398,0.999,50,-17,-1,1,9.5,1.1,17,7,-6,7.937,-0.074,7.6,9.16,0.09,0.08,324.0925,-18.391944444444444,63.345356,41.136955,-72.93913,*,F2V
HD 205591, ,21,37,43.1,-,45,35,9,354,-48,7.201,0.311,2.645,0.006,3.798,-0.33,51,3.65,0.76,3.6,2.8,4.3,1.14,1.07,1.2,30.0,0.2,0.1,2,379,0.817,8,-18,-130,1,19.5,1.0,24,-33,-17,7.966,-0.038,6.16,8.32,0.15,0.15,324.4295833333333,-45.58583333333333,33.938713,-3.567109,-37.900387,PM*,F5V
HD 205677, ,21,37,34.1,-,24,27,9,25,-47,8.061,0.325,2.633,0.007,3.79,-0.41,93,3.21,1.45,4.7,3.0,5.7,1.15,1.09,1.22,30.6,0.2,0.2,2,378,0.513,7,-22,-34,2,10.7,1.0,30,-4,-18,7.942,-0.068,7.11,9.03,0.12,0.19,324.3920833333333,-24.4525,57.483334,26.80492,-68.01589,*,F6V
HD 205700, ,21,36,22.9,+,29,32,23,80,-17,8.27,0.28,2.671,0.011,3.816,-0.39,106,3.14,0.92,2.5,2.0,3.0,1.25,1.18,1.32,-9.0,0.3,0.2,2,365,0.694,7,9,-18,1,9.4,1.0,1,-12,-7,7.982,-0.03,7.46,8.12,0.04,0.03,324.09541666666667,29.539722222222224,17.602425,99.828285,-30.9914,*,F5V
HD 205702, ,21,36,53.3,+,5,48,53,61,-33,7.629,0.365,2.616,0.004,3.774,-0.09,57,3.84,0.91,6.6,3.9,8.4,1.09,1.05,1.15,-13.8,0.2,0.2,4,1094,0.774,6,-91,-118,2,17.5,1.0,29,-30,7,7.976,-0.031,6.22,8.48,0.15,0.23,324.2220833333333,5.814722222222222,23.175945,41.810516,-31.044426,PM*,F8
HD 205739, ,21,38,8.4,-,31,44,14,15,-48,8.555,0.341,2.656,0.028,3.805,0.29,90,3.66,0.08,0.6,0.0,2.3,1.33,1.28,1.38,9.1,0.2,0.1,2,378,0.826,5,22,-82,2,11.1,1.1,5,-33,-16,7.942,-0.067,6.29,8.02,0.12,0.15,324.53499999999997,-31.737222222222222,58.169746,15.586536,-66.88304,PM*,F7V
HD 205818, ,21,38,31.5,-,27,53,38,20,-48,7.658,0.277,2.678,0.014,3.819,-0.3,93,2.82,1.1,2.2,1.8,2.5,1.33,1.25,1.42,-11.3,1.1,1.0,2,364,0.53,35,25,-10,2,8.3,1.1,-14,-8,0,7.941,-0.069,7.74,7.99,0.02,0.13,324.63124999999997,-27.89388888888889,58.476265,21.283619,-69.11247,*,F3/5V
HD 205860, ,21,38,54.7,-,31,54,33,14,-48,8.261,0.313,2.662,0.011,3.801,0.09,78,3.8,0.15,1.7,0.0,3.1,1.25,1.19,1.3,0.6,0.3,0.5,3,793,0.511,12,59,-14,2,12.8,1.1,-15,-6,-15,7.95,-0.058,7.79,8.03,0.02,0.13,324.7279166666666,-31.909166666666664,50.641853,12.626432,-57.9653,PM*,F5V
HD 205914, ,21,39,58.5,-,48,56,46,349,-47,8.915,0.304,2.622,-0.019,3.8,-0.97,192,2.5,2.38,3.7,2.9,4.5,1.15,1.13,1.22,-63.3,0.3,0.2,3,774,0.797,7,55,2,2,0.0,0.0,-79,4,14,7.872,-0.141,6.71,10.23,0.21,0.44,324.9937499999999,-48.94611111111111,128.53787,-24.985254,-140.4199,PM*,F3/6w
HD 205977, ,21,39,56.1,-,35,50,33,8,-49,8.365,0.26,2.693,0.018,3.829,-0.27,140,2.63,1.05,1.8,1.5,2.2,1.4,1.32,1.49,-20.0,0.6,0.6,4,1116,0.694,40,41,-17,2,5.1,1.1,-32,-16,-3,7.909,-0.105,7.05,8.21,0.08,0.12,324.98374999999993,-35.8425,90.95441,12.782808,-105.65935,*,F3V
HD 206137, ,21,39,25.0,+,31,31,59,82,-16,8.684,0.361,2.632,0.027,3.791,-0.03,121,3.15,1.15,2.7,2.3,3.3,1.3,1.18,1.39,-27.2,0.4,0.5,2,747,0.196,8,18,27,2,7.4,1.0,-21,-22,11,7.983,-0.033,6.94,8.05,0.07,0.28,324.8541666666666,31.533055555555556,16.187595,115.18072,-33.35212,*,F8
HD 206303, ,21,42,20.1,-,41,12,33,0,-49,8.728,0.337,2.629,0.008,3.79,-0.19,205,2.17,2.3,2.0,1.7,2.4,1.51,1.41,1.63,-14.3,0.6,0.9,2,1835,0.21,17,29,-46,1,7.3,1.2,-27,-47,-5,7.866,-0.155,5.55,7.93,0.18,0.16,325.58374999999995,-41.20916666666667,134.4921,0.0,-154.71547,PM*,F7V
HD 206395, ,21,43,2.1,-,43,29,45,357,-49,6.691,0.339,2.65,0.016,3.792,0.28,38,3.82,0.21,1.5,0.0,3.6,1.25,1.23,1.29,-21.9,0.2,0.2,2,377,0.414,8,206,-63,2,26.6,0.8,-41,-14,-7,7.975,-0.028,6.99,8.54,0.1,0.03,325.75874999999996,-43.49583333333334,24.896076,-1.3047483,-28.678965,PM*,F8.5IV-V
HD 206404, ,21,41,56.4,+,0,20,45,56,-37,7.666,0.329,2.636,0.01,3.791,-0.26,116,2.34,2.17,2.2,1.9,2.7,1.45,1.38,1.55,9.8,0.9,1.2,2,420,0.074,17,50,-9,1,8.6,1.0,-14,1,-26,7.948,-0.07,7.92,8.37,0.03,0.31,325.485,0.3458333333333333,51.804592,76.803474,-69.81054,PM*,F3V
HD 206554, ,21,39,10.1,+,71,18,31,109,14,7.134,0.299,2.651,0.003,3.805,-0.32,63,3.13,1.12,2.8,2.4,4.2,1.28,1.22,1.32,-7.0,0.3,0.1,2,713,0.973,10,107,-84,2,15.8,0.6,-7,1,-41,8.02,0.015,7.99,8.53,0.03,0.6,324.79208333333327,71.3086111111111,-19.901533,57.79826,15.241079,PM*,F5V
HD 206667, ,21,44,44.7,-,42,7,46,359,-49,8.056,0.372,2.62,0.016,3.767,-0.26,62,4.09,0.97,9.6,6.6,11.8,1.0,0.96,1.04,19.3,0.2,0.3,5,1754,0.577,5,-8,3,1,16.1,1.2,14,1,-13,7.96,-0.047,7.57,8.81,0.08,0.11,326.18625,-42.129444444444445,40.669464,-0.7098964,-46.791996,*,F8/G0V
HD 206682, ,21,44,51.7,-,42,17,8,359,-49,8.776,0.331,2.641,0.012,3.792,-0.15,155,2.82,1.57,2.5,2.2,3.1,1.37,1.26,1.46,9.2,0.3,0.1,2,376,0.843,16,-18,-37,2,6.3,1.3,18,-26,3,7.899,-0.118,6.49,8.2,0.12,0.2,326.2154166666666,-42.285555555555554,101.67366,-1.7747409,-116.97999,*,F7V
HD 206707, ,21,44,32.4,-,24,54,37,25,-48,7.32,0.307,2.649,0.001,3.806,-0.08,112,2.07,1.94,1.6,1.4,1.9,1.61,1.51,1.72,2.1,0.3,0.3,2,363,0.555,16,20,-76,2,8.9,1.1,4,-38,-16,7.932,-0.084,6.03,7.99,0.14,0.15,326.135,-24.910277777777775,67.92108,31.672123,-83.23222,PM*,F6V
HD 206797, ,21,45,5.0,-,22,33,50,28,-48,7.356,0.251,2.685,-0.005,3.84,0.14,150,1.48,1.64,0.9,0.8,1.1,1.94,1.81,2.08,-14.6,1.0,1.4,2,363,0.072,25,15,-36,2,6.3,0.9,-9,-30,-1,7.911,-0.111,6.48,7.91,0.1,0.14,326.2708333333333,-22.56388888888889,88.62108,47.120667,-111.47173,*,F2III
HD 206893, ,21,45,21.9,-,12,47,0,42,-44,6.692,0.287,2.657,-0.01,3.813,-0.09,39,3.74,0.12,0.8,0.0,2.8,1.24,1.19,1.28,-12.9,1.4,1.9,2,739,0.104,29,94,-1,1,25.7,0.9,-20,-8,-2,7.979,-0.027,7.64,8.14,0.03,0.07,326.34124999999995,-12.783333333333333,20.848372,18.77196,-27.091677,PM*,F5V
HD 206913, ,21,42,40.3,+,63,43,16,104,8,6.88,0.334,2.619,-0.002,3.785,-0.35,36,4.1,0.63,5.8,3.4,7.1,1.04,0.99,1.09,-26.5,0.3,0.5,2,377,0.246,7,-149,-79,2,27.8,0.5,34,-20,3,8.008,0.005,6.59,8.78,0.14,0.16,325.66791666666666,63.721111111111114,-8.624431,34.590702,5.010232,PM*,F5
HD 206916, ,21,45,28.9,-,2,57,0,53,-39,8.283,0.253,2.691,-0.002,3.833,0.01,123,2.83,0.52,1.4,0.9,1.7,1.45,1.38,1.52,-4.7,0.5,0.4,3,1392,0.8,26,15,-14,1,8.1,1.0,-5,-10,-6,7.943,-0.078,7.61,7.99,0.02,0.08,326.3704166666666,-2.95,57.526867,76.34074,-77.40641,*,F2V
HD 206963, ,21,44,25.4,+,46,51,46,93,-5,6.605,0.276,2.671,-0.003,3.819,-0.12,48,3.21,0.55,2.0,1.4,2.6,1.33,1.29,1.38,2.8,2.0,0.1,2,731,0.997,55,-12,24,2,20.9,0.6,-2,3,6,8.002,-0.004,7.94,8.63,0.04,0.2,326.10583333333335,46.86277777777778,-2.5025659,47.751812,-4.1834755,*,F5
HD 207002, ,21,45,27.3,+,24,32,13,78,-22,8.492,0.314,2.651,0.016,3.799,-0.32,138,2.79,1.59,2.5,2.2,3.3,1.31,1.18,1.42,-25.4,1.7,1.7,2,1150,0.48,45,-13,-15,1,5.4,1.1,7,-26,9,7.973,-0.051,6.66,8.1,0.1,0.24,326.36375,24.536944444444448,26.602581,125.15533,-51.69571,*,F8
HD 207061, ,21,46,42.0,-,11,41,52,43,-44,7.001,0.289,2.663,-0.001,3.814,-0.04,62,3.04,0.75,2.1,1.6,2.5,1.38,1.34,1.43,5.9,0.3,0.4,2,739,0.408,14,35,-131,1,16.1,0.9,11,-31,-24,7.968,-0.043,6.39,8.12,0.12,0.26,326.67499999999995,-11.697777777777778,32.617695,30.416489,-43.06882,PM*,F6V
HD 207150, ,21,47,8.0,-,2,17,32,54,-39,7.658,0.303,2.638,-0.016,3.806,-0.03,95,2.76,1.2,2.1,1.8,2.4,1.43,1.37,1.51,-2.6,0.4,0.7,3,731,0.04,5,111,-75,1,10.5,1.0,-23,-33,-45,7.957,-0.06,6.43,8.02,0.11,0.7,326.7833333333333,-2.292222222222222,43.39552,59.728806,-59.785435,PM*,F5V
HD 207190, ,21,47,40.1,-,19,34,40,33,-47,7.686,0.333,2.61,-0.008,3.784,-0.55,56,3.96,0.95,5.6,3.8,8.9,1.02,0.96,1.07,-11.4,0.3,0.5,4,1124,0.259,5,-63,-13,2,18.0,1.0,7,-6,18,7.968,-0.041,7.57,8.41,0.05,0.42,326.9170833333333,-19.57777777777778,32.030426,20.800804,-40.955807,PM*,F6V
HD 207217, ,21,49,33.1,-,61,27,48,331,-44,8.455,0.317,2.638,0.011,3.793,-0.51,83,3.87,0.81,4.3,2.5,6.5,1.06,1.0,1.12,44.4,0.5,0.5,2,1156,0.419,12,-10,5,2,12.1,1.3,31,-12,-29,7.948,-0.058,6.86,8.83,0.13,0.38,327.3879166666666,-61.46333333333334,52.219353,-28.945648,-57.656647,*,F5V
HD 207365, ,21,51,47.4,-,70,21,6,321,-40,7.804,0.333,2.63,0.01,3.787,-0.46,115,2.5,2.27,3.0,2.3,3.5,1.37,1.25,1.45,22.6,0.6,0.9,2,369,0.044,5,25,-50,2,8.7,0.7,-3,-36,-11,7.931,-0.074,6.17,7.95,0.13,0.09,327.9475,-70.35166666666666,68.462746,-55.440063,-73.92057,PM*,F6V
HD 207575, ,21,52,9.7,-,62,3,8,330,-44,7.24,0.321,2.648,0.011,3.793,-0.25,45,3.97,0.49,4.1,2.0,5.8,1.1,1.04,1.17,1.4,0.6,0.4,4,1492,0.948,30,44,-90,2,22.2,0.8,-9,-19,0,7.972,-0.031,7.12,7.97,0.06,0.1,328.0404166666666,-62.05222222222222,28.03349,-16.18515,-31.259628,PM*,F6V
HD 207611, ,21,50,14.0,-,0,36,21,57,-39,7.733,0.343,2.611,-0.015,3.783,-0.3,86,3.06,1.67,4.4,3.6,5.2,1.17,1.13,1.26,12.7,0.2,0.2,2,378,0.578,8,-106,-30,1,11.6,1.0,44,4,14,7.963,-0.054,7.06,9.88,0.17,0.37,327.5583333333333,-0.6058333333333333,36.40071,56.052174,-54.12155,PM*,F6V
HD 207662, ,21,49,11.8,+,48,26,13,95,-4,8.419,0.303,2.657,0.007,3.806,-0.15,128,2.88,1.19,2.3,2.0,2.7,1.36,1.29,1.44,4.6,0.6,0.8,2,761,0.243,19,-49,-51,1,7.8,0.8,42,8,-5,8.01,-0.009,7.2,9.99,0.16,0.03,327.2991666666666,48.43694444444444,-11.128763,127.20232,-8.928828,PM*,F8
HD 207692, ,21,51,24.6,-,23,16,14,28,-49,6.861,0.327,2.623,-0.003,3.788,-0.37,40,3.86,0.81,4.6,3.3,6.0,1.07,1.02,1.13,-43.0,0.2,0.3,4,1591,0.589,8,342,-85,1,25.1,1.0,-70,-36,-11,7.977,-0.03,5.7,8.86,0.22,0.06,327.85249999999996,-23.270555555555553,23.17063,12.320043,-30.188385,PM*,F6V
HD 207790, ,21,52,31.5,-,40,34,21,1,-51,8.095,0.409,2.616,0.042,3.778,0.14,109,2.73,1.72,2.4,2.1,2.9,1.45,1.39,1.51,28.3,1.0,1.4,2,1806,0.077,21,-4,-27,1,6.8,1.0,21,-13,-20,7.931,-0.085,7.01,8.51,0.1,0.22,328.13124999999997,-40.572500000000005,68.58548,1.1971639,-84.708916,*,F8/G0IV
HD 207855, ,21,50,32.3,+,50,59,54,96,-2,7.912,0.252,2.678,0.007,3.832,-0.5,147,2.07,1.76,1.6,1.4,1.9,1.51,1.44,1.6,-15.9,0.4,0.1,3,445,0.989,13,-1,-41,2,6.8,0.7,20,-15,-21,8.016,-0.006,7.03,8.55,0.1,0.21,327.6345833333333,50.998333333333335,-15.35633,146.10565,-5.1302257,*,F4VkF0mF0
HD 207858, ,21,51,34.6,+,26,44,7,80,-21,8.54,0.334,2.662,0.034,3.81,0.16,110,3.19,0.51,1.8,1.1,2.3,1.39,1.33,1.46,-16.7,0.2,0.4,4,1456,0.299,11,0,-86,2,9.1,1.0,25,-32,-25,7.983,-0.039,6.19,8.37,0.15,0.28,327.89416666666665,26.735277777777778,17.832603,101.1337,-39.420475,PM*,F6V
HD 207889, ,21,52,29.6,-,9,25,4,47,-44,7.204,0.288,2.662,-0.002,3.812,-0.15,51,3.67,0.27,1.9,0.0,3.2,1.23,1.18,1.28,15.1,0.3,0.1,2,732,0.728,9,5,-35,2,19.6,0.9,10,1,-14,7.975,-0.036,7.67,8.72,0.06,0.11,328.12333333333333,-9.417777777777777,25.020014,26.830683,-35.427578,*,F6V
HD 207893, ,21,53,9.4,-,34,51,56,10,-51,8.82,0.339,2.615,0.009,3.781,-0.56,110,3.62,1.36,6.6,4.9,8.5,1.03,0.98,1.09,-35.1,0.2,0.1,3,654,0.979,5,100,-14,2,9.1,1.1,-60,-18,-5,7.932,-0.086,6.46,8.89,0.16,0.1,328.28916666666663,-34.86555555555556,68.17355,12.020837,-85.48606,PM*,F5V
HD 207926, ,21,54,12.8,-,53,7,29,342,-48,8.265,0.34,2.623,0.012,3.783,-0.58,108,3.1,1.85,5.1,4.0,6.4,1.11,1.05,1.19,-5.4,0.2,0.3,3,654,0.564,8,38,-16,2,5.8,1.1,-19,-9,-6,7.932,-0.081,7.56,8.05,0.03,0.08,328.5533333333332,-53.124722222222225,68.72915,-22.33145,-80.25964,*,F5V
HD 207978, ,21,52,29.9,+,28,47,36,82,-20,5.525,0.298,2.64,0.01,3.802,-0.67,28,3.32,1.29,4.6,2.8,5.5,1.1,1.06,1.21,19.0,0.1,0.3,20,4697,0.989,7,-58,-62,1,36.2,0.7,13,16,-7,7.996,-0.009,7.8,9.68,0.11,0.01,328.1245833333333,28.793333333333337,3.6618383,26.055332,-9.576564,PM*,F2V
HD 208101, ,21,54,41.8,-,34,8,12,11,-52,8.359,0.319,2.654,0.021,3.807,-0.19,97,3.33,0.76,2.6,2.0,3.3,1.24,1.16,1.31,-45.8,0.3,0.2,2,363,0.678,9,-79,-12,2,7.1,1.1,1,-7,58,7.941,-0.076,7.69,8.41,0.04,1.5,328.6741666666666,-34.13666666666666,58.621956,11.394954,-76.43704,PM*,F5V
HD 208215, ,21,55,55.3,-,46,55,40,351,-50,6.55,0.312,2.642,0.008,3.799,-0.36,55,2.84,1.58,2.5,2.2,3.8,1.35,1.28,1.39,25.1,0.2,0.2,2,376,0.602,9,-124,-65,1,18.1,0.9,42,-14,3,7.965,-0.043,6.6,9.09,0.16,0.16,328.98041666666666,-46.92777777777778,34.91806,-5.530473,-42.132442,PM*,F3V
HD 208258, ,21,56,3.0,-,39,18,32,3,-52,7.766,0.312,2.654,0.012,3.799,-0.22,79,3.27,1.02,2.9,2.5,3.4,1.25,1.15,1.31,-8.0,0.4,0.4,2,1749,0.531,15,34,-60,2,12.6,1.0,-12,-24,-1,7.951,-0.062,6.83,7.95,0.08,0.11,329.01249999999993,-39.30888888888889,48.570602,2.5454776,-62.25285,PM*,F6/7V
HD 208477, ,21,56,25.7,-,0,40,47,58,-40,8.936,0.374,2.601,0.014,3.764,-0.6,98,3.98,1.4,10.4,7.7,13.2,0.9,0.86,0.99,-47.0,0.5,0.0,1,0,0.0,2,15,3,1,9.8,1.5,-25,-31,26,7.96,-0.064,6.5,8.04,0.11,0.6,329.1070833333333,-0.6797222222222222,39.782288,63.66497,-62.993183,*,F7V
HD 208483, ,21,57,2.1,-,26,28,45,24,-51,7.646,0.301,2.662,0.009,3.809,-0.04,104,2.56,1.34,1.9,1.6,2.3,1.47,1.38,1.57,21.4,0.5,0.6,2,363,0.197,17,-8,-63,2,7.2,1.0,24,-23,-18,7.94,-0.081,6.55,8.39,0.12,0.19,329.25874999999996,-26.479166666666664,59.790924,26.620636,-80.82318,PM*,F3/5V
HD 208703, ,21,58,13.3,-,5,25,29,53,-43,6.33,0.253,2.679,-0.009,3.832,-0.18,56,2.61,0.93,1.7,1.4,2.0,1.48,1.43,1.52,0.0,0.4,0.6,2,341,0.324,15,42,-105,1,18.0,0.8,4,-23,-18,7.976,-0.038,6.83,8.07,0.08,0.16,329.5554166666666,-5.424722222222223,24.647818,32.708763,-38.191906,PM*,F2V
HD 208783, ,22,0,7.5,-,52,18,10,343,-49,8.22,0.328,2.636,0.005,3.788,-0.26,62,4.27,0.31,4.2,0.0,7.2,1.05,0.99,1.12,0.1,0.3,0.2,2,1471,0.684,5,54,-70,2,16.2,1.1,-12,-22,-5,7.962,-0.047,6.95,7.97,0.07,0.06,330.03125,-52.30277777777778,38.898327,-11.892414,-46.791996,PM*,F6V
HD 208808, ,21,59,17.5,-,22,52,18,29,-51,7.408,0.287,2.669,0.007,3.813,-0.2,74,3.06,0.9,2.4,1.9,2.8,1.33,1.27,1.38,-13.5,0.3,0.5,2,830,0.208,7,69,19,1,13.5,1.0,-28,-2,-3,7.959,-0.058,7.64,8.54,0.06,0.09,329.82291666666663,-22.871666666666666,40.730785,22.577442,-57.508804,PM*,F5V
HD 208869, ,21,59,47.8,-,28,37,7,20,-52,7.406,0.308,2.658,0.017,3.805,-0.22,115,2.1,2.06,1.8,1.5,2.0,1.57,1.48,1.65,44.9,1.0,0.9,2,654,0.547,40,-53,-9,2,8.7,0.9,49,10,-19,7.934,-0.091,7.05,10.24,0.18,0.22,329.94916666666666,-28.61861111111111,66.53124,24.215391,-90.62124,PM*,F5IV/V
HD 208922, ,21,59,45.5,-,10,18,47,47,-46,7.913,0.294,2.672,0.012,3.813,0.02,93,3.07,0.69,1.9,1.4,2.4,1.36,1.29,1.44,-35.5,1.0,1.7,3,3266,0.139,35,50,-61,1,6.6,0.9,-23,-44,3,7.956,-0.067,5.78,8.0,0.16,0.17,329.93958333333336,-10.313055555555556,44.059296,47.247814,-66.8986,PM*,F3IV/V
HD 209029, ,22,0,38.8,-,14,9,51,42,-48,7.735,0.325,2.648,0.014,3.794,-0.18,65,3.69,0.68,3.6,2.7,4.5,1.16,1.09,1.23,-24.4,0.4,0.5,2,398,0.103,7,134,-6,2,15.5,1.0,-43,-18,-7,7.968,-0.048,6.78,8.5,0.11,0.05,330.16166666666663,-14.164166666666667,32.32196,29.102825,-48.304417,PM*,F8V
HD 209080, ,22,1,5.0,-,13,1,38,44,-48,7.366,0.277,2.657,-0.009,3.818,-0.27,74,3.03,0.88,2.3,1.9,2.7,1.32,1.26,1.38,6.1,0.5,0.7,2,1108,0.155,14,-6,-119,1,13.6,1.0,21,-33,-16,7.964,-0.054,6.17,8.26,0.14,0.14,330.2708333333333,-13.027222222222223,35.618587,34.396473,-54.99272,PM*,F2V
HD 209203, ,22,0,2.2,+,54,6,27,99,-1,7.543,0.345,2.631,0.01,3.78,-0.25,47,4.18,0.57,6.2,3.6,8.0,1.04,0.98,1.09,8.5,0.5,0.6,2,1085,0.109,5,-5,-21,2,21.3,0.7,2,9,-3,8.008,-0.001,7.92,9.05,0.07,0.06,330.00916666666666,54.1075,-7.3513002,46.414284,-0.8202631,*,F8
HD 209224, ,22,1,46.2,-,1,7,42,58,-42,7.951,0.336,2.622,-0.003,3.787,-0.19,68,3.77,0.77,3.9,2.9,6.4,1.11,1.06,1.18,-7.0,0.3,0.3,2,723,0.423,7,166,-16,1,14.6,1.1,-43,-16,-30,7.973,-0.046,6.91,8.54,0.11,0.38,330.44249999999994,-1.1283333333333334,26.77886,42.855133,-45.50088,PM*,F7/8V
HD 209320, ,22,2,1.4,+,23,29,44,80,-25,8.328,0.351,2.622,0.011,3.778,-0.32,81,3.78,1.08,7.1,4.9,8.9,1.05,0.99,1.11,-51.8,0.3,0.4,2,379,0.377,6,17,13,1,12.3,1.1,-16,-45,21,7.987,-0.034,5.81,7.99,0.16,0.49,330.5058333333333,23.495555555555555,12.747677,72.29565,-34.23208,*,F8
HD 209348, ,22,2,48.3,-,2,28,44,57,-43,8.514,0.375,2.59,0.0,3.763,-0.61,86,3.84,1.57,9.9,7.9,12.1,0.9,0.87,1.01,34.2,0.3,0.3,2,723,0.503,2,-68,-117,1,11.6,1.2,58,-11,-27,7.966,-0.059,6.44,9.71,0.2,0.37,330.70125,-2.478888888888889,34.255848,52.749374,-58.651855,PM*,F8V
HD 209407, ,22,3,4.0,+,7,38,13,67,-36,8.688,0.327,2.621,-0.004,3.789,-0.52,135,3.04,1.73,4.5,3.3,5.7,1.14,1.08,1.22,20.2,0.4,0.1,2,800,0.881,8,-20,-42,2,5.3,1.2,31,-1,-19,7.958,-0.08,7.2,9.21,0.12,0.21,330.76666666666665,7.636944444444444,42.674606,100.53504,-79.351006,*,F8
HD 209631, ,22,6,7.3,-,49,41,10,346,-51,8.139,0.298,2.664,0.009,3.809,-0.1,113,2.87,1.09,2.2,1.8,2.6,1.37,1.28,1.46,-23.2,0.5,0.9,4,3397,0.08,19,33,-24,1,6.3,1.3,-27,-13,10,7.931,-0.088,7.29,8.19,0.06,0.29,331.5304166666666,-49.68611111111111,69.00085,-17.203833,-87.8175,*,F5IV/V
HD 209635, ,22,7,53.3,-,70,17,8,320,-41,6.67,0.343,2.629,0.014,3.779,-0.39,30,4.3,0.6,6.9,3.7,8.8,0.99,0.94,1.05,-13.0,0.2,0.1,4,3218,0.918,5,73,12,2,33.5,0.7,-16,6,2,7.983,-0.02,7.96,8.74,0.05,0.14,331.9720833333333,-70.28555555555555,17.34423,-14.553543,-19.68177,PM*,F8V
HD 209828, ,22,8,13.4,-,61,38,25,330,-46,8.276,0.34,2.609,-0.003,3.781,-0.45,71,4.01,0.89,6.0,4.0,9.5,1.01,0.96,1.07,-79.4,0.3,0.4,2,427,0.2,4,178,-114,2,14.0,1.0,-98,-19,37,7.957,-0.052,5.91,10.22,0.27,1.02,332.0558333333333,-61.640277777777776,42.713017,-24.660383,-51.073124,PM*,F5/6V
HD 209858, ,22,5,54.0,+,27,58,1,84,-22,7.775,0.36,2.603,-0.001,3.772,-0.37,56,4.05,0.99,9.6,5.7,11.4,0.99,0.95,1.05,-1.9,0.2,0.2,5,1088,0.883,4,40,-194,2,18.0,0.9,22,-22,-42,7.995,-0.021,6.75,8.47,0.11,0.64,331.47499999999997,27.966944444444444,5.4273553,51.63786,-20.977968,PM*,F8V
HD 209875, ,22,6,33.1,+,1,51,25,62,-41,7.248,0.346,2.617,-0.002,3.781,-0.28,51,3.73,1.03,6.8,4.4,8.2,1.08,1.03,1.13,-41.4,0.2,0.1,3,2570,0.864,4,340,189,2,19.8,1.0,-102,-8,1,7.982,-0.033,6.14,10.67,0.27,0.15,331.6379166666666,1.8569444444444445,18.070051,33.984818,-33.45901,PM*,F6V
HD 209919, ,22,5,50.7,+,41,57,48,93,-11,8.286,0.259,2.704,0.023,3.843,0.02,149,2.32,0.85,1.2,0.9,1.4,1.58,1.5,1.68,-15.4,0.4,0.4,2,826,0.544,10,36,21,2,6.7,0.8,-28,-17,0,8.007,-0.029,7.11,8.22,0.07,0.11,331.4612499999999,41.96333333333334,-7.6547832,146.062,-28.43054,*,F2
HD 210016, ,22,7,51.0,-,21,35,35,32,-53,7.929,0.294,2.649,-0.004,3.809,-0.25,85,3.27,0.83,2.7,2.2,3.2,1.25,1.19,1.32,-34.0,0.5,0.1,2,1526,0.945,19,66,-30,2,11.7,1.0,-35,-27,9,7.956,-0.068,6.53,8.19,0.11,0.26,331.9625,-21.593055555555555,43.381283,27.107635,-67.88402,PM*,F5V
HD 210172, ,22,8,47.4,-,13,18,1,45,-50,6.921,0.302,2.647,-0.007,3.806,-0.1,49,3.47,0.56,2.6,1.7,3.3,1.26,1.21,1.31,17.8,0.4,0.2,2,735,0.712,18,97,-11,1,20.4,0.9,-9,2,-27,7.977,-0.037,7.97,8.5,0.03,0.32,332.19749999999993,-13.300277777777778,22.271454,22.271454,-37.53618,PM*,F5V
HD 210196, ,22,11,4.3,-,66,20,28,324,-44,8.466,0.375,2.617,0.02,3.779,-0.07,137,2.7,1.91,2.6,2.2,3.5,1.39,1.29,1.5,47.8,0.3,0.5,2,396,0.146,4,9,-28,2,7.3,0.9,21,-37,-29,7.92,-0.095,5.99,8.19,0.16,0.37,332.7679166666666,-66.3411111111111,79.72826,-57.92598,-95.1682,*,F8IV/V
HD 210239, ,22,8,52.3,+,4,14,9,65,-40,7.397,0.341,2.651,0.033,3.806,0.05,86,2.58,1.3,1.9,1.6,2.2,1.49,1.4,1.59,-11.7,0.8,0.6,2,721,0.612,24,-2,-38,2,8.3,1.1,5,-19,0,7.972,-0.055,7.06,8.1,0.07,0.12,332.21791666666667,4.235833333333334,27.842016,59.707394,-55.27973,*,F5V
HD 210266, ,22,9,7.8,+,7,29,33,68,-38,8.33,0.329,2.635,0.008,3.789,-0.3,98,3.37,1.22,4.8,2.9,6.1,1.14,1.06,1.22,-4.8,0.3,0.1,2,734,0.834,8,54,-16,2,10.2,1.2,-17,-13,-16,7.971,-0.06,7.47,8.03,0.04,0.14,332.28249999999997,7.4925,28.92902,71.60182,-60.334827,PM*,F7V
HD 210302, ,22,10,8.7,-,32,32,54,14,-55,4.95,0.306,2.657,0.001,3.805,0.07,19,3.59,0.29,1.9,0.4,2.9,1.28,1.24,1.35,-17.1,0.3,0.5,2,1750,0.294,14,429,14,1,53.4,0.8,-40,-8,-8,7.99,-0.015,7.24,8.68,0.09,0.02,332.53624999999994,-32.54833333333333,10.574237,2.6364536,-15.5638895,PM*,F6V
HD 210303, ,22,11,16.3,-,60,32,52,331,-47,7.787,0.3,2.66,0.01,3.809,-0.16,116,2.46,1.55,2.0,1.7,2.3,1.46,1.38,1.57,2.5,0.7,0.5,3,3397,0.885,50,16,-6,2,5.9,0.9,-6,-5,-6,7.931,-0.085,7.83,8.04,0.01,0.09,332.81791666666663,-60.547777777777775,69.19275,-38.35415,-84.83703,*,F5IV/V
HD 210341, ,22,7,13.8,+,68,18,8,109,10,7.522,0.27,2.678,0.003,3.825,-0.11,97,2.59,1.03,1.8,1.5,2.0,1.49,1.44,1.55,-6.0,2.2,3.2,2,793,0.093,50,112,40,2,10.3,0.6,-49,-20,-17,8.031,0.017,6.69,8.67,0.13,0.15,331.80749999999995,68.30222222222221,-31.100334,90.321945,16.843874,PM*,F2
HD 210385, ,22,14,32.5,-,76,56,32,313,-37,8.57,0.343,2.614,-0.011,3.783,-0.31,115,3.27,1.47,5.0,3.5,6.4,1.13,1.06,1.21,-30.8,0.2,0.1,2,427,0.753,6,62,-10,2,6.4,0.9,-45,7,3,7.937,-0.069,7.44,9.37,0.12,0.18,333.63541666666663,-76.94222222222223,62.636837,-67.169785,-69.208725,PM*,F7V
HD 210391, ,22,10,0.9,+,4,5,55,65,-40,7.634,0.334,2.624,-0.012,3.791,0.06,71,3.38,0.83,2.8,2.2,3.4,1.3,1.23,1.36,-40.5,0.6,0.2,2,721,0.752,17,105,-43,1,14.1,1.2,-34,-44,-2,7.977,-0.046,5.73,8.12,0.17,0.09,332.50374999999997,4.0986111111111105,22.985851,49.293316,-45.637917,PM*,F5/6V
HD 210457, ,22,9,28.2,+,46,55,14,96,-7,7.932,0.328,2.628,0.003,3.789,-0.43,79,3.43,1.27,5.4,3.5,6.5,1.11,1.05,1.18,-14.8,0.3,0.6,3,706,0.188,8,29,-2,2,12.6,0.9,-7,-16,-5,8.009,-0.01,7.32,8.02,0.05,0.03,332.36749999999995,46.92055555555555,-8.1962,77.981606,-9.627679,*,F8
HD 210552, ,22,10,28.8,+,30,48,37,87,-20,7.955,0.277,2.684,0.02,3.828,-0.25,98,2.91,0.77,2.0,1.6,2.3,1.37,1.31,1.43,6.6,0.4,0.3,2,1401,0.55,8,-71,-91,2,10.2,0.8,52,-1,-15,7.995,-0.034,6.81,9.87,0.18,0.13,332.61999999999995,30.810277777777777,4.8196135,91.96367,-33.51797,PM*,F5
HD 210601, ,22,12,36.0,-,48,45,47,347,-53,7.924,0.31,2.663,0.017,3.802,-0.13,80,3.41,0.73,2.8,2.1,3.4,1.25,1.18,1.31,12.5,0.5,0.6,2,1476,0.463,21,46,-51,2,12.5,1.1,-5,-23,-16,7.953,-0.064,6.88,7.96,0.07,0.15,333.15,-48.76305555555555,46.91124,-10.830312,-63.890842,PM*,F6V
HD 210636, ,22,12,18.8,-,32,3,43,15,-55,8.21,0.314,2.645,0.006,3.799,-0.24,130,2.64,1.67,2.4,2.0,2.9,1.39,1.28,1.49,-9.8,0.3,0.2,2,392,0.762,17,46,8,2,7.7,1.0,-29,-2,-8,7.928,-0.107,7.59,8.54,0.06,0.11,333.07833333333326,-32.06194444444444,72.0242,19.298826,-106.48977,*,F5V
HD 210640, ,22,8,55.7,+,70,14,24,110,12,7.76,0.317,2.629,0.005,3.794,-0.6,82,3.19,1.54,4.7,4.0,5.6,1.12,1.09,1.17,-3.6,0.4,0.6,2,380,0.202,4,79,-23,2,12.2,0.6,-19,-5,-26,8.027,0.016,7.84,8.26,0.03,0.29,332.23208333333326,70.24,-27.432785,75.370964,17.04876,PM*,F2
HD 210731, ,22,11,21.1,+,47,8,52,97,-7,7.39,0.379,2.598,-0.004,3.765,-0.2,51,3.85,1.2,8.1,6.1,10.4,1.02,0.97,1.08,-21.1,0.4,0.5,2,384,0.161,3,-6,-1,2,0.0,0.0,4,-21,3,8.006,-0.007,7.01,8.11,0.07,0.15,332.8379166666667,47.147777777777776,-6.169006,50.242542,-6.215337,*,F8
HD 210783, ,22,13,46.2,-,46,44,37,350,-53,8.345,0.352,2.611,-0.014,3.779,-0.35,140,2.61,2.25,3.4,2.5,4.3,1.32,1.14,1.43,28.2,0.4,0.3,2,1750,0.593,9,-27,-23,1,6.6,1.1,32,-14,-10,7.918,-0.112,6.73,8.76,0.13,0.13,333.44249999999994,-46.743611111111115,82.97408,-14.630591,-111.808975,*,F6V
HD 210944, ,22,13,13.5,+,27,19,7,85,-24,7.242,0.322,2.635,0.007,3.793,-0.34,69,3.03,1.51,4.1,2.5,4.6,1.28,1.15,1.35,12.4,0.4,0.0,1,0,0.0,7,13,-42,2,14.4,0.8,6,6,-17,7.994,-0.028,7.84,8.89,0.06,0.16,333.3062499999999,27.31861111111111,5.4938335,62.79477,-28.064829,*,F5V
HD 210947, ,22,13,50.4,+,0,52,35,63,-43,7.878,0.334,2.619,-0.004,3.785,-0.32,65,3.82,0.88,5.4,3.2,8.1,1.07,1.02,1.13,-13.9,0.3,0.3,2,395,0.523,3,59,-39,1,15.4,1.1,-14,-21,-6,7.978,-0.044,7.03,7.99,0.06,0.05,333.4599999999999,0.8763888888888889,21.581799,42.35666,-44.32989,PM*,F5/6V
HD 210972, ,22,14,20.4,-,19,14,56,37,-53,7.101,0.3,2.652,-0.005,3.808,-0.02,72,2.82,1.09,2.1,1.8,2.4,1.44,1.38,1.49,-13.7,0.6,0.6,2,735,0.446,23,19,-50,1,13.9,0.9,-6,-22,4,7.965,-0.058,6.98,7.98,0.07,0.17,333.585,-19.24888888888889,34.605423,26.077053,-57.50176,PM*,F6/7V
HD 210988, ,22,14,14.2,-,5,44,46,56,-47,7.9,0.294,2.667,0.01,3.811,-0.14,118,2.55,1.4,2.0,1.7,2.3,1.45,1.37,1.54,-9.4,0.5,0.7,2,372,0.338,23,79,0,2,8.5,1.0,-39,-13,-18,7.955,-0.086,7.05,8.48,0.09,0.19,333.5591666666666,-5.746111111111111,45.001495,66.71746,-86.299736,PM*,F5V
HD 211152, ,22,14,48.0,+,24,18,53,83,-26,7.006,0.308,2.639,-0.006,3.801,-0.19,48,3.59,0.63,3.2,2.3,4.0,1.2,1.14,1.25,-21.6,0.3,0.1,2,1150,0.843,10,64,19,1,20.7,0.8,-17,-20,4,7.995,-0.021,7.09,8.02,0.06,0.17,333.69999999999993,24.314722222222223,5.2577,42.820538,-21.041815,PM*,F7III
HD 211341, ,22,16,5.9,+,16,1,15,77,-33,8.587,0.297,2.659,0.005,3.808,-0.19,127,3.07,0.99,2.5,2.0,3.0,1.29,1.21,1.37,9.9,0.9,0.2,2,1116,0.88,23,-19,-5,1,7.9,1.2,12,9,-1,7.976,-0.069,7.74,9.19,0.09,0.12,334.0245833333333,16.020833333333332,23.959797,103.78129,-69.16916,*,F5V
HD 211362, ,22,16,50.6,-,16,23,3,42,-53,8.164,0.333,2.651,0.023,3.807,0.12,136,2.4,1.4,1.7,1.4,2.0,1.57,1.47,1.68,-17.3,0.7,0.2,2,735,0.87,27,55,-3,2,6.6,1.1,-36,-15,-6,7.938,-0.108,7.01,8.34,0.09,0.11,334.21083333333326,-16.384166666666665,60.824055,54.766228,-108.61443,PM*,F6/7V
HD 211380, ,22,16,56.2,-,14,39,25,44,-52,7.17,0.305,2.646,-0.001,3.801,-0.24,45,3.88,0.39,3.3,1.0,4.6,1.15,1.08,1.2,17.2,0.2,0.3,3,735,0.599,8,2,-21,1,22.0,1.0,9,4,-15,7.98,-0.036,7.74,8.84,0.07,0.12,334.23416666666657,-14.656944444444445,19.929142,19.24535,-35.460484,*,F5V
HD 211569, ,22,18,28.8,-,23,19,52,31,-55,7.316,0.299,2.655,0.002,3.809,-0.13,87,2.62,1.37,2.1,1.8,2.4,1.43,1.34,1.52,0.6,0.9,0.0,1,0,0.0,26,47,-48,2,5.3,0.9,-9,-22,-14,7.957,-0.072,6.97,7.96,0.07,0.12,334.61999999999995,-23.33111111111111,42.773636,25.700993,-71.26623,PM*,F5IV/V
HD 211625, ,22,18,5.6,+,16,23,20,78,-33,7.832,0.317,2.642,0.013,3.798,-0.36,118,2.47,1.97,2.3,1.9,2.8,1.41,1.3,1.49,-25.6,0.3,0.1,2,783,0.88,4,37,-34,2,5.8,0.9,-11,-35,-10,7.979,-0.064,6.26,7.98,0.12,0.07,334.5233333333333,16.38888888888889,20.575588,96.800545,-64.26741,*,F4III
HD 211758, ,22,17,24.3,+,64,42,53,107,7,8.081,0.334,2.626,0.001,3.788,-0.36,125,2.6,2.07,3.2,2.1,3.8,1.39,1.26,1.46,-1.1,0.7,1.0,2,803,0.019,7,4,39,2,8.0,0.7,-13,-7,18,8.037,0.014,7.91,8.08,0.01,0.41,334.35125,64.71472222222222,-36.27405,118.64707,15.233668,*,F2
HD 211766, ,22,20,4.1,-,33,41,15,12,-57,7.984,0.317,2.652,0.003,3.797,0.0,68,3.81,0.32,2.7,0.5,4.0,1.21,1.15,1.26,9.8,0.3,0.4,2,796,0.46,11,5,-8,2,14.6,1.1,5,-1,-9,7.963,-0.057,7.72,8.47,0.05,0.07,335.0170833333333,-33.6875,36.226143,7.700104,-57.0296,*,F5/6V
HD 211799, ,22,19,7.1,+,28,50,51,87,-23,7.176,0.349,2.647,0.028,3.801,0.19,73,2.74,1.13,2.0,1.7,2.2,1.52,1.47,1.58,-16.8,0.5,0.6,2,769,0.103,9,47,29,2,13.7,0.8,-20,-15,5,7.996,-0.029,7.33,8.08,0.05,0.18,334.7795833333333,28.8475,3.5168128,67.10476,-28.523373,PM*,F8V
HD 211849, ,22,21,22.7,-,55,45,52,336,-51,7.78,0.33,2.632,0.011,3.787,-0.42,71,3.51,1.23,5.7,3.9,7.0,1.09,1.04,1.16,-1.2,0.4,0.6,2,1470,0.19,8,63,27,2,14.0,1.0,-18,5,-13,7.959,-0.055,7.9,8.67,0.05,0.11,335.34458333333333,-55.76444444444444,40.818813,-18.173697,-55.177364,PM*,F6V
HD 211878, ,22,21,24.5,-,51,6,4,342,-53,7.957,0.323,2.651,0.014,3.796,-0.12,108,2.8,1.47,2.4,2.1,2.8,1.39,1.31,1.47,12.6,0.3,0.1,2,379,0.946,12,-17,24,1,9.3,1.0,13,11,-9,7.938,-0.086,7.71,9.32,0.09,0.1,335.3520833333333,-51.10111111111111,61.814888,-20.084871,-86.25264,*,F5V
HD 211889, ,22,20,29.2,-,0,3,54,63,-45,7.634,0.32,2.64,0.006,3.797,-0.22,101,2.61,1.73,2.3,2.0,2.7,1.42,1.34,1.5,-36.3,0.2,0.1,2,372,0.705,7,87,59,2,9.9,1.1,-59,-10,16,7.968,-0.071,6.8,9.14,0.15,0.41,335.1216666666666,-0.065,32.423,63.633713,-71.417786,PM*,F3V
HD 211968, ,22,21,35.6,-,35,56,12,8,-57,8.405,0.248,2.687,-0.004,3.841,-0.01,258,1.35,1.87,1.0,0.8,1.1,1.91,1.79,2.04,2.0,0.9,0.7,4,1116,0.882,80,-15,-4,2,5.2,1.2,17,0,8,7.861,-0.217,7.4,8.76,0.08,0.34,335.3983333333333,-35.93666666666666,139.14937,19.55617,-216.377,*,F2IV
HD 211976, ,22,20,55.7,+,8,11,12,72,-39,6.18,0.299,2.626,-0.029,3.805,-0.26,32,3.67,0.52,3.2,1.9,4.1,1.18,1.12,1.23,8.2,0.3,0.5,2,678,0.27,6,40,21,2,31.5,0.8,-5,7,-7,7.992,-0.02,7.97,8.8,0.05,0.02,335.23208333333326,8.186666666666667,7.6848416,23.651512,-20.138252,*,F5V
HD 212106, ,22,20,34.8,+,54,50,30,102,-2,7.405,0.325,2.637,0.006,3.79,-0.3,48,4.02,0.55,4.8,2.5,6.3,1.07,1.02,1.13,-28.8,0.3,0.1,2,772,0.942,6,201,-83,1,21.0,0.6,-21,-35,-39,8.01,-0.002,6.32,8.05,0.12,0.57,335.145,54.84166666666667,-9.973679,46.922485,-1.6751758,PM*,F5V
HD 212107, ,22,20,51.4,+,46,3,44,98,-9,7.435,0.323,2.642,0.01,3.791,-0.31,49,3.97,0.58,4.6,2.6,6.0,1.08,1.03,1.14,7.4,0.3,0.3,2,724,0.494,9,5,-50,2,20.3,0.7,5,6,-11,8.006,-0.008,7.87,8.92,0.06,0.06,335.2141666666666,46.06222222222222,-6.7355213,47.925735,-7.6652894,PM*,F5
HD 212179, ,22,23,19.4,-,45,18,56,351,-55,7.977,0.312,2.663,0.026,3.814,-0.16,114,2.59,1.31,2.0,1.7,2.3,1.44,1.36,1.53,9.7,0.2,0.1,2,384,0.868,7,-25,16,2,8.8,1.0,15,10,-2,7.936,-0.094,7.67,9.31,0.1,0.13,335.83083333333326,-45.315555555555555,64.58269,-10.228886,-93.38333,*,F3V
HD 212265, ,22,20,31.8,+,69,21,47,110,10,7.69,0.348,2.63,0.016,3.779,-0.33,68,3.51,1.34,6.1,5.2,7.2,1.09,1.05,1.14,-34.5,0.2,0.4,3,386,0.411,5,-86,-46,2,14.6,0.7,41,-21,-3,8.023,0.012,6.41,8.96,0.17,0.06,335.13249999999994,69.36305555555555,-22.904034,62.928326,11.808076,PM*,F5
HD 212270, ,22,23,20.4,-,14,57,4,45,-54,7.021,0.3,2.646,-0.006,3.807,-0.15,65,2.96,1.09,2.4,2.1,2.7,1.37,1.31,1.42,12.3,0.3,0.6,4,2666,0.291,16,-45,-181,1,15.4,0.8,39,-40,-18,7.973,-0.052,5.67,8.56,0.2,0.18,335.8349999999999,-14.95111111111111,27.015749,27.015749,-52.586105,PM*,F5V
HD 212301, ,22,27,30.9,-,77,43,4,312,-37,7.771,0.353,2.627,0.01,3.778,-0.18,53,4.16,0.58,5.9,3.5,8.1,1.05,0.99,1.11,4.8,0.2,0.4,3,1494,0.301,7,77,-93,2,19.0,0.7,-17,-25,1,7.972,-0.032,6.78,8.0,0.08,0.12,336.87874999999997,-77.71777777777778,28.322754,-31.455593,-31.896194,PM*,F8V
HD 212408, ,22,24,38.8,-,33,16,10,13,-58,7.893,0.34,2.637,0.005,3.787,0.01,78,3.43,0.92,3.1,2.6,3.7,1.26,1.16,1.33,-0.4,0.2,0.2,2,1519,0.638,6,-22,-50,2,12.8,1.1,11,-16,5,7.959,-0.066,7.07,8.24,0.08,0.19,336.16166666666663,-33.269444444444446,40.274323,9.298059,-66.14775,PM*,F7/8V
HD 212487, ,22,23,54.2,+,38,34,25,94,-16,6.22,0.314,2.628,-0.016,3.8,-0.2,52,2.64,1.61,2.2,2.1,2.4,1.44,1.4,1.49,7.2,0.3,0.4,2,350,0.348,9,256,124,2,19.2,0.6,-70,0,-11,8.003,-0.014,6.89,9.86,0.18,0.07,335.9758333333333,38.57361111111111,-3.48682,49.863846,-14.333142,PM*,F5IV:
HD 212598, ,22,25,29.2,+,4,44,52,69,-42,8.672,0.35,2.628,0.015,3.779,-0.3,103,3.61,1.21,6.2,4.6,8.0,1.07,1.02,1.14,-12.4,0.3,0.3,4,1091,0.886,7,85,13,2,9.7,1.1,-41,-13,-10,7.973,-0.07,7.05,8.55,0.1,0.08,336.37166666666667,4.747777777777777,27.430887,71.4599,-68.920456,PM*,F7V
HD 212695, ,22,26,14.4,-,2,47,20,62,-48,6.944,0.289,2.66,-0.005,3.811,-0.1,51,3.41,0.51,2.3,1.4,3.0,1.28,1.24,1.33,22.3,0.4,0.5,3,759,0.623,19,-30,-82,1,19.6,0.9,22,0,-21,7.984,-0.038,7.41,9.03,0.1,0.22,336.56,-2.7888888888888888,16.021029,30.131168,-37.900387,PM*,F3V
HD 212736, ,22,26,19.5,+,7,54,12,73,-40,7.473,0.267,2.683,0.003,3.827,-0.02,81,2.94,0.56,1.6,1.1,2.0,1.42,1.37,1.48,3.7,0.7,1.0,2,734,0.155,16,23,-36,2,12.4,1.0,1,-8,-15,7.982,-0.052,7.62,8.17,0.03,0.12,336.58124999999995,7.903333333333333,18.141552,59.338326,-52.065792,*,F5
HD 212810, ,22,25,52.6,+,53,56,40,102,-3,7.277,0.278,2.668,0.003,3.816,-0.35,63,3.28,0.75,2.6,2.0,3.1,1.25,1.2,1.3,-23.1,1.1,1.9,3,386,0.229,30,-63,6,2,15.9,0.6,19,-19,13,8.014,-0.003,6.88,8.45,0.1,0.32,336.46916666666664,53.94444444444444,-13.080481,61.538845,-3.2971654,PM*,F0V
HD 212858, ,22,26,43.3,+,36,46,11,93,-18,8.098,0.364,2.599,0.008,3.768,-0.49,55,4.39,0.83,8.7,5.5,13.8,0.93,0.86,1.0,37.4,0.2,0.2,4,772,0.765,3,226,108,2,18.1,1.0,-67,29,-20,8.003,-0.017,7.44,11.45,0.21,0.22,336.68041666666664,36.76972222222222,-2.7375944,52.23642,-16.995935,PM*,F8
HD 212963, ,22,28,42.3,-,33,46,14,12,-59,7.725,0.248,2.686,0.01,3.835,-0.46,120,2.32,1.41,1.7,1.5,2.0,1.46,1.37,1.54,-19.7,3.0,0.0,1,0,0.0,50,3,18,2,8.3,1.0,-14,7,16,7.939,-0.103,7.93,8.8,0.05,0.41,337.1762499999999,-33.77055555555555,60.45399,12.849893,-102.86008,*,F0V
HD 213115, ,22,27,46.7,+,57,33,9,105,0,7.917,0.352,2.636,0.016,3.781,-0.08,71,3.66,0.91,3.9,2.8,6.5,1.13,1.07,1.21,7.7,0.3,0.1,2,334,0.962,9,1,-73,2,0.0,0.0,10,11,-21,8.018,0.0,7.83,9.32,0.09,0.23,336.94458333333324,57.552499999999995,-18.37615,68.580734,0.0,PM*,F8V
HD 213169, ,22,29,52.5,-,23,51,20,31,-58,7.932,0.313,2.623,-0.026,3.799,-0.3,102,2.89,1.47,2.6,2.3,3.1,1.31,1.21,1.4,5.7,0.3,0.1,2,366,0.956,10,-35,-50,2,9.8,1.0,25,-17,0,7.954,-0.087,6.8,8.55,0.11,0.14,337.46875,-23.855555555555558,46.331406,27.838717,-86.50091,PM*,F6V
HD 213241, ,22,31,4.3,-,50,23,46,342,-55,8.328,0.289,2.68,0.016,3.815,0.04,94,3.45,0.25,1.5,0.0,2.4,1.32,1.26,1.38,4.7,0.6,0.1,2,1474,0.868,21,-16,21,1,10.6,1.1,7,10,-3,7.948,-0.077,7.8,9.13,0.08,0.11,337.7679166666666,-50.39611111111111,51.277344,-16.661015,-77.00029,*,F5V
HD 213273, ,22,30,20.9,+,2,2,30,68,-45,7.928,0.338,2.622,0.001,3.784,-0.43,112,2.67,2.14,3.6,2.6,4.5,1.2,1.13,1.35,9.6,0.3,0.3,2,635,0.483,5,12,-54,2,8.9,1.1,11,-16,-24,7.97,-0.08,7.11,8.27,0.08,0.27,337.5870833333333,2.0416666666666665,29.667334,73.429214,-79.19596,PM*,F5/6V
HD 213355, ,22,30,30.9,+,16,0,59,80,-35,8.109,0.321,2.642,0.006,3.794,-0.22,78,3.65,0.76,3.5,2.7,4.9,1.15,1.08,1.22,-5.2,0.3,0.4,3,386,0.564,12,-38,-44,1,12.8,1.1,20,-10,0,7.989,-0.045,7.18,8.62,0.09,0.11,337.62874999999997,16.01638888888889,11.095056,62.92317,-44.738964,PM*,F5
HD 213565, ,22,32,42.8,-,24,37,6,30,-59,8.488,0.333,2.636,0.007,3.789,-0.16,106,3.36,1.1,3.3,2.6,5.3,1.17,1.1,1.26,-28.7,0.3,0.6,3,1526,0.18,8,137,-51,2,8.3,1.3,-61,-48,-14,7.952,-0.091,5.33,8.51,0.23,0.13,338.17833333333334,-24.618333333333332,47.27982,27.297018,-90.85973,PM*,F6V
HD 213722, ,22,33,13.2,+,17,47,6,82,-34,7.785,0.362,2.645,0.038,3.8,0.18,112,2.37,1.53,1.7,1.5,2.0,1.62,1.53,1.71,-3.6,0.7,1.0,2,1116,0.078,13,74,7,1,8.9,0.9,-35,-10,-15,7.988,-0.063,7.27,8.48,0.08,0.14,338.305,17.785,12.92253,91.94858,-62.629604,PM*,F8
HD 213791, ,22,34,24.7,-,19,3,10,40,-58,8.598,0.338,2.612,-0.013,3.784,-0.3,111,3.37,1.34,5.2,3.4,6.6,1.12,1.05,1.2,-15.7,2.3,3.2,2,426,0.019,40,108,-83,2,9.0,1.1,-38,-58,-24,7.954,-0.094,5.05,8.1,0.23,0.27,338.6029166666666,-19.052777777777777,45.05953,37.809433,-94.13334,PM*,F8V
HD 213845, ,22,34,41.6,-,20,42,29,37,-58,5.22,0.283,2.665,-0.008,3.817,0.06,23,3.44,0.2,1.1,0.0,2.2,1.34,1.29,1.39,-5.2,0.9,0.4,3,11,0.922,40,221,-146,1,44.0,0.8,-16,-22,-10,7.99,-0.019,6.99,8.01,0.07,0.05,338.6733333333333,-20.708055555555553,9.733884,7.335007,-19.505106,PM*,F7V
HD 213890, ,22,34,21.7,+,15,3,3,81,-36,8.618,0.306,2.654,0.01,3.804,-0.23,150,2.74,1.45,2.3,2.0,2.8,1.37,1.27,1.46,6.4,0.6,0.9,2,455,0.106,13,-52,-8,2,7.0,1.1,35,10,11,7.98,-0.089,7.36,9.9,0.15,0.32,338.5904166666666,15.050833333333333,18.983725,119.8585,-88.167786,PM*,F4IV
HD 213949, ,22,35,6.1,-,1,31,28,65,-49,7.868,0.353,2.626,0.02,3.79,-0.28,118,2.43,2.12,2.3,2.0,3.1,1.43,1.35,1.51,-11.1,0.5,1.1,4,780,0.389,27,26,-1,1,8.5,1.1,-15,-11,1,7.967,-0.088,7.6,8.0,0.03,0.14,338.7754166666666,-1.5244444444444445,32.716976,70.16178,-89.05573,*,F5V
HD 214089, ,22,35,18.7,+,32,49,17,92,-22,8.355,0.321,2.639,0.012,3.792,-0.42,84,3.73,0.9,4.0,2.9,6.5,1.08,1.03,1.15,-24.9,0.3,0.1,2,381,0.974,5,-85,-57,2,11.9,0.9,42,-22,8,8.003,-0.031,6.39,8.95,0.17,0.25,338.8279166666666,32.82138888888889,-2.7180903,77.836,-31.466953,PM*,F8
HD 214183, ,22,36,40.0,+,0,21,50,68,-48,7.974,0.225,2.72,0.015,3.851,-0.14,140,2.24,0.94,1.2,1.0,1.5,1.56,1.48,1.66,-15.1,1.7,2.1,4,1352,0.624,110,1,-8,1,6.1,1.1,-2,-13,8,7.964,-0.103,7.43,8.03,0.04,0.26,339.1666666666667,0.3638888888888889,35.092503,86.85698,-104.04028,*,F0V
HD 214435, ,22,37,52.3,+,14,59,11,81,-37,7.858,0.359,2.601,0.001,3.771,-0.39,49,4.42,0.66,8.0,4.5,12.0,0.96,0.89,1.02,-13.6,0.6,0.8,2,385,0.042,5,37,-155,1,20.5,1.0,10,-33,-19,7.994,-0.029,6.31,8.13,0.13,0.17,339.46791666666667,14.986388888888888,6.121773,38.65135,-29.488934,PM*,F8
HD 214485, ,22,39,2.9,-,37,2,34,5,-60,8.229,0.291,2.653,-0.004,3.81,-0.24,93,3.4,0.66,2.7,2.0,3.3,1.23,1.17,1.3,18.7,0.4,0.1,2,377,0.934,15,-84,0,2,10.8,1.0,40,10,2,7.954,-0.081,7.23,9.98,0.16,0.17,339.76208333333324,-37.04277777777778,46.32305,4.0527415,-80.54037,PM*,F5V
HD 214557, ,22,38,11.6,+,45,49,40,100,-11,7.053,0.375,2.616,0.017,3.769,-0.15,51,3.54,1.38,6.2,5.4,7.1,1.12,1.08,1.16,-39.0,0.2,0.2,2,448,0.546,4,-100,-174,1,19.8,0.7,48,-35,-16,8.009,-0.01,5.79,8.88,0.21,0.14,339.5483333333333,45.82777777777778,-8.693347,49.302414,-9.731258,PM*,F8
HD 214576, ,22,38,38.1,+,33,32,41,94,-22,8.101,0.304,2.637,0.011,3.799,-0.75,109,2.92,1.81,4.2,3.3,5.1,1.14,1.08,1.21,23.6,0.3,0.3,3,658,0.771,7,-28,-21,2,9.2,1.1,17,22,-10,8.006,-0.04,7.81,10.19,0.13,0.07,339.65874999999994,33.54472222222222,-7.049802,100.81686,-40.83212,*,F5
HD 214729, ,22,40,51.3,-,45,12,14,349,-58,8.135,0.319,2.621,-0.013,3.793,-0.39,92,3.32,1.26,4.7,2.8,5.8,1.15,1.08,1.22,12.6,0.3,0.5,3,654,0.107,5,-69,-83,1,10.9,1.1,38,-28,11,7.953,-0.078,6.16,8.68,0.17,0.3,340.21375,-45.20388888888889,47.85685,-9.302437,-78.020424,PM*,F6V
HD 214751, ,22,41,6.5,-,47,36,18,345,-57,8.378,0.348,2.621,0.005,3.78,-0.21,83,3.79,0.93,6.0,3.6,8.0,1.08,1.03,1.14,-43.2,0.4,0.6,2,1500,0.125,2,103,-37,1,12.1,1.2,-54,-19,21,7.957,-0.07,6.6,8.77,0.14,0.5,340.2770833333333,-47.605000000000004,43.66471,-11.699936,-69.60966,PM*,F8/G0V
HD 214764, ,22,39,5.3,+,58,55,38,107,0,7.017,0.223,2.735,0.0,3.855,0.07,109,1.84,1.11,1.0,0.8,1.1,1.79,1.73,1.86,-4.9,0.3,0.2,3,1029,0.887,19,80,1,1,9.2,0.6,-33,-15,-20,8.031,0.001,7.16,8.38,0.08,0.19,339.7720833333333,58.92722222222222,-31.868517,104.23721,0.0,PM*,F0
HD 214780, ,22,39,34.2,+,51,9,20,103,-7,6.779,0.293,2.664,0.012,3.811,-0.28,84,2.16,1.92,1.7,1.6,1.9,1.57,1.5,1.63,-2.8,0.9,0.4,2,445,0.78,30,180,51,1,11.9,0.6,-70,-21,-17,8.019,-0.01,6.3,9.21,0.19,0.15,339.8924999999999,51.15555555555555,-18.75504,81.237015,-10.237025,PM*,F5
HD 214852, ,22,41,22.7,-,25,21,1,29,-61,7.366,0.303,2.631,-0.023,3.805,-0.3,99,2.39,1.84,2.0,1.8,2.3,1.47,1.4,1.54,7.9,0.2,0.2,2,371,0.518,6,163,5,2,10.1,0.9,-62,-15,-43,7.958,-0.086,6.6,9.12,0.16,0.71,340.34458333333333,-25.35027777777778,41.97838,23.268993,-86.58735,PM*,F5
HD 214917, ,22,44,20.7,-,74,49,14,313,-40,7.771,0.302,2.645,0.002,3.804,-0.34,127,2.26,2.03,1.9,1.7,2.2,1.5,1.43,1.58,13.4,0.9,1.3,2,1495,0.047,15,-41,-20,2,7.9,0.7,27,-11,10,7.933,-0.081,6.98,8.74,0.11,0.28,341.08624999999995,-74.82055555555556,66.35001,-71.15168,-81.634026,*,F5V
HD 215015, ,22,42,8.1,+,11,5,7,79,-41,7.543,0.284,2.656,-0.002,3.813,-0.36,76,3.15,0.95,2.6,2.1,3.0,1.26,1.2,1.32,10.3,0.6,0.3,2,350,0.738,16,33,-5,2,13.2,1.0,-8,3,-13,7.989,-0.049,7.98,8.56,0.03,0.11,340.53374999999994,11.085277777777778,10.944412,56.3041,-49.860485,*,F2
HD 215037, ,22,43,42.6,-,60,43,27,327,-50,7.621,0.223,2.71,0.005,3.85,-0.24,102,2.58,0.7,1.4,1.1,1.7,1.47,1.42,1.54,34.4,0.4,0.6,2,330,0.185,12,-41,-25,2,9.8,0.8,36,-17,-12,7.945,-0.078,6.6,8.82,0.14,0.12,340.9274999999999,-60.72416666666667,54.986877,-35.70889,-78.136536,*,F2IV/V
HD 215082, ,22,43,11.0,-,28,9,4,23,-62,8.145,0.316,2.63,-0.007,3.796,-0.39,112,2.89,1.62,2.8,2.3,4.6,1.21,1.13,1.36,8.6,0.4,0.6,2,426,0.08,6,129,27,3,8.9,1.0,-59,-2,-39,7.951,-0.099,7.01,9.45,0.15,0.62,340.79583333333323,-28.15111111111111,48.4009,20.544964,-98.89013,PM*,F6V
HD 215151, ,22,43,1.7,+,14,45,33,82,-38,8.144,0.337,2.618,-0.007,3.785,-0.3,62,4.18,0.5,5.4,2.2,7.6,1.04,0.98,1.11,11.9,0.3,0.1,2,745,0.788,6,45,15,1,16.1,1.1,-12,8,-11,7.993,-0.038,7.99,8.89,0.05,0.07,340.75708333333324,14.759166666666667,6.799534,48.381195,-38.171013,*,F8
HD 215247, ,22,44,59.0,-,56,41,41,331,-53,8.498,0.352,2.623,0.005,3.778,-0.17,72,4.21,0.52,5.8,2.7,8.4,1.05,0.98,1.11,-1.8,0.3,0.5,3,2601,0.261,8,-14,-1,3,13.9,1.1,3,1,4,7.962,-0.057,7.8,8.57,0.05,0.18,341.24583333333334,-56.69472222222222,37.89787,-21.007124,-57.50176,*,F8/G0V
HD 215257, ,22,43,50.7,+,3,53,12,73,-46,7.413,0.353,2.602,0.01,3.771,-0.73,42,4.29,1.03,9.1,5.8,13.3,0.89,0.84,0.97,-33.2,0.1,0.4,15,3939,0.442,5,151,332,1,23.7,1.0,-65,17,43,7.992,-0.031,7.31,10.8,0.19,1.27,340.9612499999999,3.8866666666666667,8.530138,27.900816,-30.21227,PM*,F5V
HD 215283, ,22,44,28.3,-,31,7,47,17,-62,8.827,0.349,2.632,0.015,3.778,-0.28,98,3.87,0.96,6.7,4.4,9.0,1.05,0.98,1.11,-11.6,0.3,0.4,2,1835,0.386,3,45,-29,2,10.2,1.2,-19,-20,0,7.956,-0.087,7.04,8.0,0.06,0.14,341.11791666666664,-31.129722222222224,43.99788,13.451501,-86.52886,PM*,F7V
HD 215399, ,22,44,9.6,+,46,37,6,101,-11,8.716,0.283,2.67,0.015,3.814,-0.46,147,2.88,1.29,2.4,2.0,2.9,1.27,1.18,1.36,15.6,0.2,0.4,8,3771,0.912,15,32,-25,1,7.6,1.0,-13,8,-29,8.028,-0.028,8.02,8.95,0.05,0.36,341.03999999999996,46.61833333333333,-27.533588,141.64801,-28.048922,*,F1V
HD 215442, ,22,44,19.5,+,51,26,58,104,-7,7.501,0.373,2.614,0.016,3.767,-0.51,81,2.97,2.29,4.5,3.8,5.2,1.17,1.12,1.24,-7.4,0.1,0.3,6,1089,0.535,5,128,75,1,12.4,0.8,-54,-20,3,8.019,-0.009,6.58,8.77,0.14,0.16,341.08124999999995,51.44944444444444,-19.44961,78.008125,-9.871417,PM*,F8
HD 215468, ,22,46,4.3,-,45,50,30,348,-59,8.019,0.252,2.668,-0.016,3.832,-0.31,147,2.18,1.48,1.6,1.4,1.9,1.52,1.44,1.62,-16.5,1.0,1.1,2,388,0.425,29,76,15,1,6.6,1.1,-55,-3,-12,7.926,-0.126,7.04,9.22,0.13,0.16,341.5179166666666,-45.84166666666667,74.05614,-15.741123,-126.00359,PM*,F2V
HD 215588, ,22,45,3.6,+,58,8,49,107,-1,6.444,0.295,2.656,0.001,3.806,-0.28,36,3.67,0.52,3.2,1.9,4.1,1.18,1.12,1.23,-10.1,0.3,0.2,3,2120,0.89,15,-63,-137,1,27.9,0.6,22,-4,-16,8.01,0.0,7.33,8.9,0.1,0.13,341.265,58.14694444444444,-10.523779,34.421726,-0.6282866,PM*,F5
HD 215619, ,22,46,1.8,+,35,40,19,96,-21,7.559,0.3,2.656,0.005,3.805,-0.25,69,3.35,0.83,2.9,2.4,3.4,1.24,1.17,1.29,-35.0,1.1,0.2,2,661,0.896,35,146,72,2,14.4,0.8,-50,-39,9,8.007,-0.024,5.84,8.41,0.18,0.26,341.50749999999994,35.67194444444444,-6.7334175,64.06416,-24.727388,PM*,F5
HD 215709, ,22,47,25.1,-,17,33,2,45,-60,6.806,0.313,2.631,-0.007,3.797,-0.36,46,3.48,0.98,3.4,2.8,5.7,1.17,1.08,1.23,-0.4,0.6,0.8,2,377,0.028,9,106,-4,2,21.6,0.9,-19,-7,-11,7.984,-0.04,7.7,8.16,0.03,0.06,341.8545833333333,-17.550555555555555,16.263454,16.263454,-39.83717,PM*,F6V
HD 215760, ,22,46,55.7,+,39,25,2,98,-17,7.583,0.311,2.645,-0.006,3.8,-0.03,55,3.88,0.21,2.2,0.0,3.9,1.2,1.14,1.25,-0.7,0.2,0.5,9,1463,0.846,18,-51,40,2,18.2,0.9,6,5,15,8.007,-0.016,7.84,8.91,0.06,0.37,341.73208333333326,39.41722222222222,-7.3200526,52.084892,-16.080442,PM*,F8
HD 215778, ,22,47,29.8,+,5,53,17,76,-45,7.545,0.318,2.633,-0.001,3.795,-0.3,53,3.93,0.52,4.0,2.1,5.5,1.1,1.04,1.17,-1.3,0.4,0.5,2,382,0.281,12,86,-93,2,18.9,1.0,-7,-23,-21,7.991,-0.038,6.97,8.0,0.07,0.22,341.87416666666667,5.888055555555555,9.066424,36.36344,-37.476658,PM*,F8
HD 215860, ,22,48,9.3,+,5,52,44,76,-46,7.751,0.304,2.652,-0.006,3.806,0.06,62,3.79,0.08,0.8,0.0,2.7,1.25,1.2,1.3,-11.1,0.4,0.1,2,350,0.864,16,35,-35,2,16.1,1.0,-5,-17,-2,7.99,-0.044,7.24,8.01,0.05,0.08,342.03875,5.8788888888888895,10.4192915,41.789494,-44.599068,*,F5
HD 215906, ,22,50,5.0,-,66,3,1,320,-47,7.757,0.326,2.635,0.009,3.789,-0.38,55,4.05,0.61,5.0,2.7,6.7,1.05,1.0,1.11,58.2,0.2,0.1,2,427,0.881,6,-71,-13,2,18.1,0.8,46,-23,-32,7.971,-0.04,6.25,9.03,0.18,0.45,342.5208333333333,-66.05027777777778,28.734251,-24.110909,-40.224453,PM*,F6/7V
HD 215925, ,22,47,56.5,+,48,52,26,103,-9,8.185,0.334,2.653,0.026,3.804,0.01,89,3.32,0.65,2.4,1.7,2.9,1.31,1.26,1.37,-18.1,0.3,0.1,2,439,0.945,16,-32,12,2,11.2,0.9,13,-14,13,8.02,-0.014,7.22,8.4,0.08,0.33,341.98541666666665,48.87388888888889,-19.774155,85.65128,-13.922668,*,F5
HD 215944, ,22,48,29.7,+,28,7,18,92,-27,8.314,0.348,2.625,0.01,3.779,-0.29,67,4.19,0.62,6.3,3.7,8.8,1.02,0.96,1.08,1.1,0.3,0.2,2,824,0.577,6,-59,-35,2,15.0,1.0,21,2,0,8.003,-0.031,7.48,9.11,0.1,0.11,342.12375,28.121666666666666,-2.0834084,59.66107,-30.417362,PM*,F8V
HD 216035, ,22,47,23.2,+,71,32,53,113,11,8.417,0.286,2.657,0.005,3.813,-0.42,156,2.45,1.7,2.1,1.8,2.4,1.41,1.33,1.5,-25.3,0.6,0.7,2,436,0.432,22,-26,-25,1,6.4,0.7,33,-11,-12,8.061,0.03,6.94,9.01,0.13,0.08,341.84666666666664,71.54805555555555,-59.83416,140.96043,29.766203,*,F0
HD 216036, ,22,47,55.8,+,66,55,42,111,7,7.988,0.296,2.673,0.022,3.821,-0.15,108,2.74,1.0,1.9,1.6,2.2,1.43,1.38,1.49,-1.8,0.4,0.3,2,443,0.571,16,38,14,2,9.3,0.7,-18,-9,-3,8.039,0.013,7.71,8.16,0.03,0.06,341.98249999999996,66.92833333333334,-38.415245,100.07514,13.16189,*,F0
HD 216130, ,22,56,5.2,-,83,21,5,307,-33,8.328,0.308,2.636,-0.005,3.803,-0.22,118,2.98,1.22,2.5,2.2,3.0,1.32,1.25,1.39,17.2,1.3,1.8,2,350,0.028,20,10,-6,2,8.5,0.8,4,-15,-10,7.941,-0.064,7.21,8.08,0.06,0.07,344.02166666666665,-83.35138888888888,59.55751,-79.03546,-64.26741,*,F6V
HD 216240, ,22,50,44.9,+,42,0,26,100,-15,8.363,0.309,2.653,0.023,3.812,-0.42,106,3.13,1.05,2.6,2.2,3.1,1.24,1.16,1.31,16.8,0.3,0.2,4,4636,0.951,11,22,-19,2,9.4,0.9,-8,11,-18,8.018,-0.028,8.01,9.14,0.07,0.17,342.68708333333325,42.007222222222225,-17.779514,100.83263,-27.434818,*,F5
HD 216281, ,22,52,18.4,-,47,34,30,344,-59,7.358,0.288,2.651,-0.002,3.812,-0.35,90,2.58,1.54,2.1,1.9,2.4,1.41,1.34,1.47,43.9,0.5,0.7,2,378,0.042,6,17,-6,1,11.1,0.9,16,-10,-40,7.956,-0.077,7.28,8.51,0.08,0.61,343.07666666666665,-47.575,44.55777,-12.776743,-77.14506,*,F3V
HD 216293, ,22,52,38.1,-,52,13,31,336,-57,8.162,0.299,2.66,0.008,3.807,-0.2,96,3.25,0.85,2.6,2.1,3.2,1.27,1.19,1.33,1.5,0.5,0.2,2,830,0.765,17,-25,-47,2,10.4,1.0,13,-17,11,7.951,-0.08,6.99,8.28,0.08,0.29,343.15874999999994,-52.22527777777778,47.765045,-21.26636,-80.512375,PM*,F3/5V
HD 216357, ,22,52,35.6,-,19,2,16,43,-62,6.991,0.312,2.644,0.003,3.799,-0.22,75,2.61,1.68,2.2,2.0,2.5,1.44,1.38,1.5,25.5,0.3,0.1,2,978,0.771,7,-96,-32,2,13.3,0.9,42,8,-9,7.974,-0.066,7.17,9.97,0.16,0.09,343.1483333333333,-19.03777777777778,25.751236,24.013414,-66.22107,PM*,F6V
HD 216384, ,22,52,20.6,+,10,24,51,81,-43,6.86,0.261,2.678,-0.006,3.828,-0.12,58,3.02,0.54,1.7,1.2,2.2,1.39,1.34,1.44,26.3,0.8,1.4,3,673,0.066,22,55,-28,2,17.1,0.8,-6,10,-29,7.994,-0.04,7.98,9.06,0.06,0.37,343.0858333333333,10.414166666666667,6.635719,41.896275,-39.5559,PM*,F5
HD 216391, ,22,52,48.1,-,25,30,49,30,-63,8.368,0.311,2.651,0.011,3.8,-0.29,109,3.18,1.15,2.9,2.4,4.4,1.2,1.12,1.3,17.3,0.3,0.2,2,367,0.613,8,5,-23,2,8.5,1.2,9,-7,-18,7.958,-0.097,7.47,8.36,0.06,0.19,343.2004166666666,-25.51361111111111,42.85524,24.742485,-97.11971,*,F6V
HD 216402, ,22,52,46.5,-,10,3,31,59,-57,6.742,0.336,2.636,0.004,3.789,-0.04,39,3.78,0.57,3.6,2.5,4.4,1.19,1.11,1.24,-16.6,0.4,0.6,3,1450,0.072,9,250,6,1,25.6,1.2,-45,-20,-6,7.989,-0.033,6.71,8.52,0.12,0.04,343.19374999999997,-10.058611111111112,10.939884,18.207026,-32.708153,PM*,F8V
HD 216419, ,22,52,34.1,+,7,39,25,79,-45,7.711,0.251,2.717,0.035,3.855,0.0,97,2.63,0.37,0.9,0.4,1.3,1.53,1.47,1.61,3.7,1.6,2.5,4,1359,0.349,110,-42,-80,2,6.9,1.2,35,-16,-14,7.987,-0.068,6.66,8.88,0.14,0.14,343.1420833333333,7.656944444444445,13.08747,67.32918,-68.589355,PM*,F2
HD 216470, ,22,53,23.4,-,23,55,44,33,-63,7.922,0.297,2.642,-0.01,3.809,-0.17,125,2.44,1.58,2.0,1.7,2.3,1.47,1.38,1.57,14.6,0.4,0.0,1,0,0.0,14,-2,-40,2,8.0,1.0,15,-17,-16,7.953,-0.112,6.96,8.3,0.09,0.17,343.3474999999999,-23.92888888888889,47.593563,30.907621,-111.37582,*,F3/5V
HD 216490, ,22,53,9.9,+,16,30,29,86,-38,8.136,0.355,2.619,0.011,3.778,-0.27,94,3.27,1.55,5.2,3.9,6.7,1.12,1.05,1.21,-7.2,0.2,0.4,2,437,0.298,5,-51,-29,1,0.0,0.0,26,-6,6,7.995,-0.058,7.18,8.9,0.11,0.21,343.29124999999993,16.508055555555554,5.1670747,73.89258,-57.87218,PM*,F8
HD 216568, ,22,54,32.0,-,41,49,43,354,-62,8.011,0.305,2.633,-0.005,3.799,-0.47,66,3.91,0.6,3.8,1.6,5.3,1.08,1.03,1.15,27.0,0.3,0.2,3,654,0.762,12,9,59,1,15.1,0.9,5,16,-28,7.969,-0.058,7.88,9.59,0.1,0.36,343.63333333333327,-41.828611111111115,30.815388,-3.2388337,-58.27454,PM*,F3/5V
HD 216625, ,22,54,7.4,+,19,53,31,89,-35,7.026,0.339,2.622,-0.006,3.786,-0.07,44,3.83,0.62,3.7,2.8,5.2,1.16,1.08,1.22,11.8,0.3,0.1,2,350,0.748,6,-63,-140,2,22.9,0.9,26,-1,-21,7.999,-0.025,7.32,9.13,0.11,0.22,343.53083333333325,19.891944444444444,0.6290308,36.0372,-25.237364,PM*,F8
HD 216631, ,22,54,2.0,+,34,11,55,97,-23,7.608,0.344,2.607,0.005,3.777,-0.53,43,4.46,0.59,6.9,1.3,10.8,0.95,0.89,1.03,-35.6,0.3,0.5,4,668,0.275,6,-74,-236,2,23.5,0.9,41,-42,-19,8.005,-0.016,5.61,8.62,0.21,0.18,343.50833333333327,34.198611111111106,-4.8237953,39.286674,-16.80144,PM*,F8
HD 216664, ,22,54,54.7,-,22,22,8,37,-63,6.768,0.305,2.653,-0.001,3.805,-0.03,40,3.73,0.25,2.0,0.0,3.4,1.23,1.19,1.29,9.8,0.3,0.4,2,1525,0.384,13,59,-204,2,24.7,0.8,9,-36,-19,7.985,-0.036,6.15,8.09,0.14,0.18,343.7279166666666,-22.36888888888889,14.50292,10.928733,-35.640263,PM*,F7V
HD 216679, ,22,55,30.2,-,46,19,41,345,-60,7.539,0.25,2.681,0.0,3.836,-0.26,128,2.0,1.53,1.4,1.2,1.7,1.6,1.51,1.71,4.3,1.9,2.6,2,388,0.083,35,9,7,1,7.8,0.9,-3,2,-7,7.938,-0.111,7.89,8.46,0.03,0.12,343.8758333333333,-46.32805555555556,61.819244,-16.564432,-110.85126,*,F2III/IV
HD 216756, ,22,55,2.6,+,37,4,36,99,-20,5.91,0.273,2.674,0.009,3.82,-0.38,41,2.83,1.14,2.2,2.0,2.5,1.36,1.31,1.4,-28.6,0.2,0.6,10,2892,0.38,13,86,9,1,24.2,0.7,-11,-31,4,8.006,-0.014,6.51,8.01,0.1,0.17,343.7608333333333,37.07666666666667,-6.027013,38.053062,-14.022825,PM*,F4V
HD 216872, ,22,56,32.1,+,6,48,19,79,-46,7.521,0.347,2.637,0.015,3.784,-0.07,81,2.99,1.51,2.7,2.4,3.2,1.35,1.27,1.43,-6.4,0.4,0.6,2,436,0.106,8,148,-11,2,12.4,1.1,-47,-24,-22,7.99,-0.058,6.53,8.52,0.13,0.23,344.13374999999996,6.8052777777777775,10.736316,55.23354,-58.26652,PM*,F8
HD 216924, ,22,58,22.5,-,65,22,17,320,-48,8.056,0.298,2.658,0.005,3.805,-0.26,60,4.18,0.01,0.0,0.0,3.2,1.12,1.06,1.17,-4.9,0.4,0.5,2,427,0.323,19,146,-26,2,16.8,0.9,-37,-16,-10,7.969,-0.044,6.96,8.39,0.09,0.06,344.59374999999994,-65.37138888888889,30.75502,-25.806536,-44.58869,PM*,F6/7V
HD 217123, ,22,58,40.8,-,28,8,59,24,-65,8.13,0.331,2.632,0.006,3.789,-0.27,81,3.6,0.96,3.9,2.9,6.7,1.11,1.05,1.19,-10.7,0.4,0.5,2,1525,0.258,9,123,-10,3,12.4,1.1,-43,-19,-10,7.969,-0.073,6.73,8.47,0.11,0.09,344.6699999999999,-28.149722222222223,31.272558,13.923441,-73.41093,PM*,F6V
HD 217155, ,22,59,44.2,-,62,46,19,322,-50,7.197,0.292,2.65,0.0,3.811,-0.31,99,2.22,1.88,1.8,1.6,2.0,1.53,1.46,1.6,-27.9,0.5,0.7,2,378,0.331,20,73,-32,2,10.1,0.7,-42,-13,14,7.95,-0.076,7.01,8.57,0.1,0.37,344.93416666666667,-62.77194444444444,50.145836,-39.17821,-75.8384,PM*,F5V
HD 217217, ,22,59,11.2,+,6,9,1,80,-47,7.916,0.305,2.633,-0.01,3.8,-0.33,66,3.81,0.56,3.5,2.0,4.7,1.13,1.06,1.19,15.7,0.9,0.4,2,0,0.783,23,160,-7,2,15.1,1.1,-40,-6,-34,7.992,-0.048,7.32,8.78,0.09,0.46,344.7966666666666,6.150277777777778,7.8162346,44.328056,-48.269344,PM*,F5
HD 217247, ,22,59,18.8,+,4,21,30,78,-48,7.205,0.34,2.634,0.019,3.788,-0.29,103,2.14,2.47,2.1,1.8,2.7,1.46,1.39,1.58,-11.7,1.0,1.4,2,384,0.249,35,-16,-70,2,5.6,0.9,22,-29,-6,7.986,-0.077,6.34,8.34,0.14,0.08,344.8283333333333,4.358333333333333,14.329365,67.414375,-76.54392,PM*,F3V
HD 217376, ,23,0,19.9,-,8,52,49,63,-58,6.807,0.29,2.645,-0.006,3.81,-0.34,96,1.89,2.26,1.6,1.4,1.8,1.6,1.52,1.69,-11.5,1.4,0.0,1,0,0.0,23,27,-27,1,10.4,0.9,-8,-19,0,7.976,-0.082,7.13,7.98,0.06,0.14,345.0829166666666,-8.880277777777778,23.09552,45.327507,-81.41261,*,F3IV
HD 217385, ,23,0,3.7,+,21,13,10,91,-35,7.647,0.252,2.699,0.014,3.837,-0.05,112,2.39,0.94,1.4,1.1,1.6,1.54,1.47,1.63,-13.8,1.5,1.5,3,1108,0.725,70,8,-48,1,8.9,1.0,10,-25,-12,8.002,-0.064,6.71,8.17,0.1,0.1,345.0154166666666,21.21944444444444,-1.6011664,91.731064,-64.24056,*,F2
HD 217511, ,23,1,2.1,+,22,23,28,92,-34,7.665,0.309,2.641,0.003,3.802,-0.29,122,2.23,2.06,2.0,1.7,2.3,1.49,1.41,1.59,-41.2,0.3,0.3,2,319,0.519,11,157,25,1,8.2,0.9,-84,-55,-4,8.003,-0.068,4.85,9.0,0.3,0.09,345.25874999999996,22.391111111111112,-3.5298219,101.08097,-68.221535,PM*,F5
HD 217516, ,23,1,34.3,-,22,25,9,38,-65,7.408,0.339,2.639,0.016,3.788,-0.19,84,2.79,1.73,2.5,2.2,3.7,1.39,1.32,1.46,-28.4,0.3,0.4,2,368,0.26,12,117,-48,2,11.9,0.9,-42,-40,4,7.972,-0.076,5.87,8.24,0.17,0.19,345.3929166666666,-22.41916666666667,27.97433,21.855944,-76.12985,PM*,F7V
HD 217523, ,22,59,25.3,+,72,42,43,115,12,7.876,0.346,2.62,0.004,3.78,-0.32,59,4.02,0.79,5.8,4.0,9.7,1.04,0.98,1.09,-15.6,0.3,0.2,2,704,0.72,5,-51,-83,2,16.9,0.6,26,-2,-18,8.024,0.012,7.33,9.1,0.11,0.17,344.85541666666666,72.71194444444444,-24.389603,52.30366,12.26679,PM*,F5
HD 217538, ,23,2,6.3,-,52,18,12,335,-58,8.901,0.377,2.625,0.033,3.786,-0.03,138,3.06,1.35,2.8,2.3,3.4,1.32,1.19,1.41,21.4,0.4,0.1,2,796,0.891,6,-10,-24,2,6.7,1.2,18,-18,-10,7.933,-0.117,6.86,8.36,0.1,0.13,345.52625,-52.30333333333333,66.27725,-30.905605,-117.03064,*,F8/G0V
HD 217595, ,23,2,27.3,-,45,18,14,346,-62,7.21,0.293,2.656,0.004,3.81,-0.28,106,2.08,2.02,1.7,1.5,2.0,1.57,1.48,1.65,20.2,0.6,0.9,2,766,0.125,20,-21,-10,1,9.4,0.9,20,-4,-12,7.951,-0.094,7.34,8.76,0.09,0.13,345.61375,-45.303888888888885,48.285793,-12.038993,-93.592445,*,F5V
HD 217649, ,23,1,51.4,+,34,36,45,99,-23,6.738,0.267,2.679,0.008,3.825,-0.3,80,2.22,1.57,1.7,1.5,1.9,1.54,1.48,1.61,-2.0,0.7,1.4,4,1177,0.333,45,26,-32,2,12.5,0.8,-2,-8,-13,8.011,-0.031,7.72,8.13,0.03,0.09,345.46416666666664,34.612500000000004,-11.519895,72.73376,-31.25849,*,F0
HD 217650, ,23,1,56.8,+,32,41,36,98,-25,8.219,0.293,2.651,-0.003,3.81,-0.22,98,3.26,0.79,2.5,2.0,3.1,1.26,1.19,1.33,-9.9,0.4,0.1,2,365,0.93,16,45,41,2,10.2,1.1,-26,-9,11,8.012,-0.041,7.51,8.31,0.05,0.29,345.4866666666666,32.69333333333333,-12.361096,87.95379,-41.41659,PM*,F5
HD 217668, ,23,2,29.0,-,23,34,51,35,-65,8.336,0.303,2.645,0.003,3.804,-0.34,127,2.82,1.47,2.5,2.1,3.0,1.3,1.19,1.41,12.5,0.5,0.7,2,368,0.153,13,41,3,2,0.0,0.0,-18,-3,-21,7.956,-0.115,7.84,8.27,0.03,0.24,345.6208333333333,-23.580833333333334,43.965954,30.785294,-115.10108,*,F5V
HD 217696, ,23,2,6.3,+,37,28,37,100,-20,8.049,0.298,2.666,0.016,3.807,-0.29,118,2.7,1.48,2.3,2.0,2.7,1.37,1.27,1.46,12.6,0.4,0.3,2,319,0.565,14,59,-19,2,8.5,1.0,-25,-1,-27,8.019,-0.041,7.78,8.58,0.05,0.32,345.52625,37.47694444444445,-19.254759,109.19915,-40.358376,PM*,F8
HD 217726, ,23,3,11.6,-,47,15,19,342,-61,7.79,0.343,2.635,0.01,3.782,-0.17,56,4.03,0.6,5.1,3.0,7.3,1.07,1.02,1.14,-2.3,0.2,0.2,5,1437,0.95,8,79,-82,1,17.7,0.9,-15,-27,-1,7.974,-0.049,6.7,7.98,0.09,0.11,345.79833333333335,-47.25527777777778,25.820553,-8.389605,-48.978706,PM*,F7V
HD 217754, ,23,2,33.3,+,31,46,53,97,-26,6.57,0.206,2.731,0.0,3.867,0.18,118,1.22,1.47,0.7,0.6,0.8,2.07,1.98,2.22,-18.7,0.2,0.4,8,4982,0.355,10,41,23,2,8.5,0.8,-24,-20,9,8.014,-0.051,7.07,8.13,0.07,0.25,345.63875,31.781388888888888,-12.925178,105.26716,-51.727795,*,F0IIp
HD 217766, ,23,3,28.5,-,43,4,42,350,-63,7.769,0.355,2.631,0.019,3.777,-0.27,65,3.71,1.13,7.0,5.5,8.4,1.07,1.02,1.13,32.5,0.5,0.7,2,378,0.03,7,-6,-127,1,15.4,1.0,26,-39,-20,7.971,-0.058,5.86,8.31,0.17,0.21,345.86875,-43.07833333333333,29.061071,-5.1242585,-57.915424,PM*,F7V
HD 217767, ,23,3,51.4,-,59,30,58,325,-53,8.917,0.381,2.61,0.014,3.766,-0.13,90,4.14,0.83,8.1,5.3,10.9,1.01,0.97,1.08,-9.9,0.3,0.4,2,796,0.396,4,29,1,2,11.1,1.1,-15,0,3,7.955,-0.072,7.91,8.33,0.03,0.17,345.96416666666664,-59.51611111111111,44.36801,-31.066828,-71.8772,*,F8V
HD 217786, ,23,3,8.2,-,0,25,46,74,-53,7.794,0.37,2.62,0.014,3.768,-0.23,55,4.09,0.92,9.5,6.1,11.5,1.0,0.97,1.05,9.9,0.2,0.4,7,3633,0.215,3,-89,-171,1,18.2,1.0,43,-20,-19,7.991,-0.044,6.41,9.01,0.17,0.2,345.78416666666664,-0.42944444444444446,9.123549,31.817593,-43.924953,PM*,F8V
HD 217844, ,23,4,6.0,-,46,0,2,344,-62,8.153,0.329,2.63,-0.002,3.792,-0.11,97,3.22,1.13,2.9,2.5,3.5,1.27,1.15,1.35,44.0,0.3,0.2,2,814,0.69,7,-13,-68,2,10.3,1.1,32,-33,-28,7.956,-0.085,6.05,8.47,0.17,0.37,346.0249999999999,-46.00055555555556,43.774654,-12.552188,-85.64591,PM*,F6V
HD 217889, ,23,3,45.8,+,11,52,57,86,-43,8.043,0.31,2.646,0.005,3.803,-0.2,128,2.51,1.68,2.1,1.8,2.5,1.44,1.35,1.53,-15.4,0.5,0.6,4,3292,0.839,26,57,-38,1,5.7,1.1,-19,-36,-17,7.993,-0.087,6.22,8.02,0.13,0.18,345.94083333333333,11.8825,6.530135,93.38524,-87.295784,PM*,F5
HD 217927, ,23,4,5.2,+,3,17,35,78,-50,7.406,0.29,2.677,0.015,3.815,0.01,101,2.38,1.35,1.6,1.4,1.9,1.57,1.49,1.64,-29.7,1.1,1.6,2,363,0.04,22,101,-54,2,9.9,0.9,-33,-52,-10,7.987,-0.077,5.36,8.1,0.2,0.09,346.02166666666665,3.2930555555555556,13.497947,63.502857,-77.37049,PM*,F3V
HD 218043, ,23,4,36.4,+,31,18,26,98,-26,6.765,0.274,2.691,0.022,3.833,-0.06,68,2.49,0.92,1.5,1.2,1.8,1.54,1.49,1.59,-10.9,0.2,0.7,10,3949,0.606,22,84,-37,2,14.6,0.8,-16,-22,-16,8.008,-0.03,6.97,8.03,0.07,0.13,346.15166666666664,31.307222222222222,-8.50598,60.523197,-29.809238,PM*,F4II
HD 218059, ,23,5,0.1,+,4,13,31,80,-49,7.071,0.312,2.627,-0.009,3.796,-0.41,46,3.77,0.76,3.8,2.8,4.9,1.1,1.05,1.16,-5.3,0.2,0.4,5,3680,0.663,6,155,-163,2,21.9,0.9,-12,-39,-27,7.995,-0.035,6.12,8.0,0.13,0.31,346.2504166666666,4.2252777777777775,5.2404804,29.720232,-34.71664,PM*,F5V
HD 218172, ,23,5,35.3,+,20,14,27,92,-36,7.268,0.363,2.611,0.0,3.773,-0.39,74,2.92,2.12,4.0,3.4,4.8,1.19,1.14,1.31,6.3,0.3,0.1,2,324,0.737,5,7,20,1,13.5,0.9,-6,8,0,8.002,-0.044,7.99,8.87,0.05,0.12,346.3970833333333,20.240833333333335,-2.0893352,59.83079,-43.49611,*,F8IV
HD 218235, ,23,6,18.1,+,18,31,3,91,-38,6.13,0.287,2.66,-0.016,3.819,0.25,43,2.96,0.49,1.5,0.8,2.3,1.52,1.48,1.55,-15.4,0.7,0.1,2,354,0.972,35,228,60,1,23.2,0.9,-46,-21,0,8.001,-0.026,6.67,8.56,0.12,0.1,346.5754166666666,18.5175,-0.59136355,33.879303,-26.473444,PM*,F6Vs
HD 218261, ,23,6,31.8,+,19,54,39,92,-37,6.3,0.353,2.612,-0.01,3.779,0.0,28,4.04,0.51,4.3,2.5,6.7,1.13,1.06,1.18,-1.5,0.3,0.1,2,1117,0.858,9,288,6,2,35.3,0.9,-34,-13,-14,8.001,-0.017,7.19,8.39,0.08,0.1,346.63249999999994,19.910833333333333,-0.78041464,22.348173,-16.850819,PM*,F6V
HD 218470, ,23,7,45.3,+,49,17,44,106,-10,5.701,0.29,2.669,0.012,3.811,-0.26,34,3.04,1.02,2.5,2.2,2.8,1.32,1.28,1.36,-2.5,0.2,0.4,5,351,0.77,13,152,132,1,29.3,0.6,-30,-9,10,8.009,-0.006,7.44,8.39,0.06,0.27,346.93874999999997,49.29555555555555,-9.229294,32.18637,-5.904038,PM*,F5V
HD 218488, ,23,8,26.1,-,0,29,58,76,-54,7.423,0.328,2.644,0.015,3.795,-0.16,100,2.42,1.91,2.1,1.8,2.5,1.46,1.38,1.56,-11.9,1.6,2.3,2,770,0.116,40,93,-35,1,6.1,1.0,-32,-33,-15,7.985,-0.081,6.26,8.14,0.13,0.14,347.10874999999993,-0.49944444444444447,14.219812,57.032555,-80.9017,PM*,F5V
HD 218545, ,23,9,25.8,-,47,45,39,340,-61,8.478,0.315,2.625,-0.011,3.795,-0.39,106,3.34,1.19,3.4,2.6,5.7,1.15,1.08,1.22,-26.8,0.2,0.1,3,654,0.865,6,61,-26,2,9.4,1.0,-36,-19,15,7.952,-0.093,6.91,8.29,0.09,0.39,347.35749999999996,-47.76083333333333,48.290627,-17.576365,-92.709694,PM*,F5V
HD 218585, ,23,8,41.1,+,48,46,31,106,-11,8.308,0.312,2.67,0.028,3.817,0.02,95,3.3,0.37,1.7,0.5,2.3,1.34,1.27,1.41,-3.0,0.4,0.2,2,675,0.744,20,60,25,1,6.7,1.0,-27,-11,0,8.026,-0.018,7.42,8.31,0.06,0.11,347.17124999999993,48.775277777777774,-25.704445,89.64205,-18.126854,PM*,F5
HD 218637, ,23,9,35.0,+,1,55,34,79,-52,8.163,0.351,2.608,-0.004,3.777,-0.37,85,3.52,1.41,6.3,4.8,8.1,1.07,1.01,1.13,-43.4,0.3,0.1,2,384,0.953,2,132,-52,2,11.8,1.4,-41,-59,4,7.99,-0.067,5.04,8.17,0.24,0.19,347.39583333333326,1.9261111111111109,9.985271,51.369755,-66.98092,PM*,F7/8V
HD 218805, ,23,10,29.2,+,41,19,18,103,-18,7.738,0.311,2.639,0.002,3.798,-0.33,70,3.51,0.9,3.4,2.8,4.1,1.16,1.09,1.23,-1.9,0.3,0.1,2,389,0.85,8,-98,-84,2,14.3,0.9,41,4,-11,8.015,-0.021,7.15,9.78,0.16,0.07,347.62166666666667,41.32166666666667,-14.97588,64.867676,-21.63119,PM*,F5V
HD 218815, ,23,10,50.1,+,26,21,49,96,-31,8.291,0.273,2.684,0.018,3.821,-0.33,125,2.81,1.09,2.1,1.8,2.5,1.33,1.25,1.42,-4.4,0.7,1.0,2,363,0.024,9,-11,-33,2,8.0,1.0,16,-10,-10,8.012,-0.065,7.3,8.53,0.08,0.08,347.70874999999995,26.363611111111112,-11.199802,106.55896,-64.37976,*,F0
HD 218866, ,23,10,24.6,+,64,31,47,112,4,7.019,0.353,2.622,0.008,3.776,-0.26,36,4.24,0.61,6.7,3.3,9.9,1.01,0.95,1.07,-4.7,0.4,0.0,1,0,0.0,7,63,-53,2,0.0,0.0,-5,-6,-13,8.014,0.002,7.86,8.12,0.02,0.08,347.60249999999996,64.52972222222222,-13.452987,33.297314,2.5112329,PM*,F8
HD 219172, ,23,13,48.2,+,15,22,3,91,-41,7.383,0.347,2.631,0.002,3.784,0.04,46,4.07,0.32,3.6,0.9,5.5,1.15,1.09,1.21,-3.4,0.3,0.1,2,398,0.82,7,24,-72,1,21.7,0.8,3,-13,-10,8.001,-0.03,7.37,8.16,0.05,0.05,348.45083333333326,15.3675,-0.60588694,34.711353,-30.178715,PM*,F8V
HD 219221, ,23,14,47.2,-,48,59,45,337,-61,8.532,0.275,2.648,0.002,3.816,-0.84,166,2.43,2.01,2.4,2.0,3.6,1.27,1.19,1.39,24.3,0.3,0.6,5,1780,0.341,11,-34,4,1,6.7,1.1,33,8,-13,7.927,-0.146,7.31,9.66,0.14,0.19,348.69666666666666,-48.99583333333334,74.08075,-31.445408,-145.18687,*,F0V
HD 219306, ,23,14,26.0,+,43,41,53,105,-16,7.496,0.353,2.61,0.004,3.775,-0.49,61,3.56,1.51,7.0,5.9,8.2,1.04,1.0,1.09,13.1,0.2,0.3,6,1105,0.587,4,48,-88,1,16.3,0.9,-4,4,-31,8.015,-0.017,7.98,8.69,0.04,0.4,348.6083333333333,43.698055555555555,-15.176361,56.638954,-16.813879,PM*,F5
HD 219342, ,23,15,27.7,-,43,36,17,346,-65,8.144,0.356,2.627,0.017,3.777,-0.27,104,3.06,1.78,4.4,3.6,5.4,1.17,1.13,1.28,14.0,0.2,0.3,3,797,0.387,6,-29,-98,1,9.6,0.9,32,-41,3,7.957,-0.094,5.68,8.39,0.19,0.18,348.8654166666666,-43.60472222222222,42.646732,-10.6330185,-94.256004,PM*,F8V
HD 219368, ,23,15,33.5,-,35,12,23,5,-68,8.637,0.3,2.645,-0.001,3.807,-0.26,95,3.74,0.41,2.8,0.9,4.0,1.17,1.1,1.23,19.0,0.3,0.5,2,363,0.293,9,-25,4,2,10.5,1.2,16,6,-14,7.965,-0.088,7.63,9.13,0.09,0.14,348.8895833333333,-35.20638888888889,35.45221,3.1016662,-88.08246,*,F3V
HD 219457, ,23,16,9.2,-,37,7,21,1,-68,8.146,0.347,2.622,0.008,3.78,-0.35,76,3.73,1.11,6.6,4.6,8.5,1.06,1.0,1.12,17.2,0.5,0.7,2,1443,0.091,3,94,-79,2,13.1,1.2,-14,-38,-25,7.971,-0.071,6.12,7.97,0.13,0.27,349.0383333333333,-37.1225,28.465769,0.4968718,-70.46597,PM*,F8V
HD 219476, ,23,15,41.6,+,31,40,32,100,-27,7.608,0.362,2.598,0.003,3.769,-0.69,93,2.78,2.55,4.1,3.3,5.1,1.18,1.12,1.25,8.2,0.4,0.5,2,422,0.239,6,145,42,2,10.8,0.9,-65,-8,-12,8.015,-0.042,6.76,9.43,0.17,0.08,348.9233333333333,31.675555555555558,-14.389116,81.60472,-42.221115,PM*,F8
HD 219482, ,23,16,57.6,-,62,0,4,321,-52,5.655,0.338,2.625,0.001,3.784,-0.21,21,4.09,0.54,5.6,3.0,6.9,1.07,1.02,1.12,0.5,0.2,0.5,4,1965,0.124,9,182,-20,9,48.6,0.6,-15,-8,-6,7.99,-0.016,7.76,8.05,0.02,0.03,349.2399999999999,-62.00111111111111,10.047633,-8.136417,-16.548225,PM*,F6V
HD 219487, ,23,15,57.8,+,24,46,15,97,-33,6.6,0.276,2.678,0.009,3.818,-0.26,43,3.43,0.47,2.3,1.4,3.1,1.25,1.2,1.3,7.1,0.9,1.0,2,1151,0.433,28,96,2,1,23.2,0.8,-18,-1,-11,8.004,-0.024,7.91,8.4,0.03,0.05,348.9908333333333,24.770833333333332,-4.394952,35.794025,-23.41948,PM*,F5V
HD 219496, ,23,15,12.5,+,65,0,44,113,4,7.651,0.299,2.661,0.007,3.809,-0.1,97,2.72,1.24,2.1,1.8,2.4,1.44,1.39,1.5,-17.0,0.9,0.9,2,715,0.508,30,53,3,2,10.3,0.6,-15,-24,-9,8.038,0.007,6.9,8.05,0.08,0.03,348.80208333333326,65.01222222222222,-37.808598,89.07147,6.7663774,PM*,F5
HD 219585, ,23,18,26.9,-,74,30,58,311,-41,7.966,0.33,2.632,0.006,3.791,-0.24,101,2.94,1.55,2.7,2.3,4.3,1.33,1.24,1.4,28.0,0.3,0.1,2,369,0.988,9,-18,-23,2,9.9,0.8,22,-21,-8,7.95,-0.066,6.68,8.39,0.11,0.07,349.6120833333333,-74.51611111111112,50.008526,-57.528255,-66.26196,*,F6V
HD 219600, ,23,16,50.1,+,27,41,22,99,-31,8.11,0.357,2.623,0.015,3.776,-0.29,76,3.71,1.17,6.7,4.9,8.8,1.05,0.99,1.12,-1.7,0.4,0.6,2,371,0.186,11,8,-46,2,0.0,0.0,6,-9,-13,8.01,-0.039,7.52,8.29,0.05,0.09,349.20874999999995,27.689444444444444,-10.190878,64.342674,-39.142895,*,F8
HD 219612, ,23,16,31.9,+,55,11,26,110,-5,8.067,0.261,2.68,0.007,3.824,-0.5,93,3.23,0.76,2.3,1.7,2.9,1.24,1.19,1.29,24.4,0.5,0.8,3,1175,0.34,26,120,14,2,10.8,0.7,-56,5,-16,8.031,-0.008,7.28,9.69,0.14,0.14,349.13291666666663,55.190555555555555,-31.68683,87.05887,-8.105484,PM*,F0
HD 219629, ,23,17,28.6,-,22,48,51,39,-68,8.092,0.305,2.656,0.011,3.802,-0.31,81,3.54,0.77,3.2,2.5,4.0,1.17,1.1,1.24,12.5,1.2,0.0,1,0,0.0,21,8,17,2,12.3,1.0,-2,8,-12,7.977,-0.076,7.94,8.9,0.06,0.11,349.3691666666667,-22.81416666666667,23.581047,19.095554,-75.10189,*,F3V
HD 219693, ,23,18,9.8,-,40,49,27,351,-66,5.54,0.28,2.664,-0.005,3.817,-0.14,35,2.84,0.98,2.1,1.8,2.4,1.42,1.37,1.46,14.3,0.5,0.6,2,1440,0.459,22,128,-121,1,28.9,0.7,-7,-26,-17,7.986,-0.032,6.74,7.99,0.08,0.15,349.5408333333333,-40.82416666666667,14.060516,-2.2269654,-31.974092,PM*,F4V
HD 219853, ,23,20,37.4,-,75,37,58,310,-40,7.289,0.278,2.667,-0.001,3.817,-0.24,60,3.39,0.52,2.3,1.5,3.0,1.26,1.21,1.31,5.8,4.2,6.0,2,1544,0.012,45,-40,27,2,16.6,0.7,13,7,-5,7.97,-0.039,7.7,9.06,0.08,0.05,350.1558333333333,-75.63277777777778,29.544228,-35.20945,-38.567253,*,F5V
HD 219874, ,23,18,52.9,+,47,22,18,107,-13,8.587,0.332,2.651,0.024,3.802,-0.08,100,3.48,0.62,2.7,1.9,3.4,1.24,1.17,1.31,8.0,0.3,0.2,2,715,0.597,7,-7,-41,2,10.0,1.0,8,7,-18,8.029,-0.022,7.84,9.06,0.07,0.18,349.7204166666666,47.37166666666667,-28.487825,93.17947,-22.495104,*,F8
HD 219899, ,23,19,48.2,-,41,57,49,349,-66,8.096,0.378,2.601,-0.003,3.766,-0.19,85,3.46,1.56,6.1,5.0,7.4,1.11,1.07,1.17,21.8,0.1,0.4,8,2892,0.189,4,153,-66,2,11.8,1.0,-37,-47,-37,7.966,-0.077,5.59,8.14,0.19,0.51,349.9508333333333,-41.96361111111111,33.937416,-6.5967712,-77.65137,PM*,F8V
HD 219936, ,23,19,36.5,+,27,29,25,99,-31,7.639,0.322,2.646,0.008,3.796,-0.11,70,3.4,0.86,3.0,2.5,3.5,1.25,1.17,1.31,-11.6,0.5,0.8,2,611,0.113,11,-31,-107,2,14.2,0.9,28,-21,-18,8.01,-0.036,6.66,8.6,0.13,0.18,349.9020833333333,27.490277777777777,-9.386335,59.262993,-36.052666,PM*,F8
HD 219983, ,23,20,15.8,-,3,55,8,76,-58,6.645,0.335,2.621,-0.006,3.787,-0.29,48,3.26,1.37,4.7,4.2,5.4,1.16,1.13,1.24,-10.1,0.2,0.1,2,377,0.892,6,287,-111,1,21.0,0.9,-45,-48,-25,7.994,-0.04,5.51,8.28,0.2,0.27,350.0658333333333,-3.9188888888888886,6.153556,24.680563,-40.706306,PM*,F6V
HD 220073, ,23,20,10.1,+,62,37,3,113,2,7.68,0.289,2.669,0.013,3.812,-0.29,85,3.03,1.03,2.4,2.0,3.0,1.28,1.2,1.36,-0.1,0.6,0.6,2,704,0.521,20,38,13,2,0.0,0.0,-15,-6,0,8.033,0.002,7.88,8.12,0.01,0.1,350.04208333333327,62.6175,-33.191917,78.19525,2.9664571,*,F5
HD 220099, ,23,21,19.1,-,30,34,45,18,-70,8.492,0.363,2.604,-0.009,3.773,-0.09,66,4.4,0.37,5.7,0.8,9.2,1.03,0.97,1.1,-14.1,0.3,0.2,2,825,0.618,6,19,-18,2,15.2,1.2,-7,-9,11,7.979,-0.062,7.75,7.99,0.02,0.29,350.3295833333333,-30.579166666666666,21.468513,6.9755425,-62.019714,*,F8/G0V
HD 220121, ,23,21,14.6,-,7,1,23,72,-61,7.867,0.25,2.669,-0.012,3.831,-0.47,88,3.15,0.67,2.0,1.4,2.5,1.27,1.22,1.32,-8.4,0.6,0.3,2,426,0.751,22,-16,-6,1,11.4,1.0,6,-4,9,7.987,-0.076,7.68,8.45,0.05,0.26,350.31083333333333,-7.023055555555556,13.183666,40.575157,-76.96654,*,F0V
HD 220220, ,23,21,40.0,+,55,42,33,110,-5,8.183,0.283,2.677,0.014,3.816,-0.23,101,3.16,0.76,2.3,1.8,2.8,1.28,1.21,1.35,-17.9,0.7,0.8,2,370,0.416,21,76,22,2,0.0,0.0,-29,-30,-1,8.035,-0.009,6.49,8.17,0.11,0.09,350.4166666666667,55.70916666666667,-34.412582,94.5478,-8.80273,PM*,F2
HD 220242, ,23,21,58.2,+,26,36,32,99,-32,6.583,0.262,2.703,0.025,3.844,0.04,65,2.41,0.72,1.2,0.9,1.4,1.6,1.56,1.65,5.4,0.3,0.2,2,327,0.717,10,-93,-76,2,15.4,0.8,35,5,-11,8.009,-0.035,7.28,9.65,0.14,0.08,350.4925,26.60888888888889,-8.623157,54.44447,-34.44475,PM*,F5V
HD 220254, ,23,22,5.0,+,28,41,41,100,-30,6.727,0.269,2.686,0.01,3.827,0.0,75,2.36,1.12,1.5,1.3,1.7,1.59,1.53,1.64,-25.1,0.7,0.5,2,290,0.637,30,101,-79,2,13.4,0.8,-14,-45,-22,8.011,-0.038,5.8,8.02,0.16,0.22,350.5208333333333,28.69472222222222,-11.278781,63.965137,-37.5,PM*,F5III
HD 220255, ,23,22,13.2,+,19,24,0,96,-39,7.771,0.383,2.614,0.017,3.764,-0.12,52,4.2,0.81,9.2,5.6,12.0,1.01,0.97,1.06,-45.3,0.2,0.1,3,1346,0.967,4,42,-209,2,19.3,0.9,19,-65,-11,8.004,-0.032,4.75,8.15,0.26,0.07,350.555,19.4,-4.2241635,40.190212,-32.72466,PM*,F9V
HD 220373, ,23,23,3.9,+,16,4,8,94,-42,8.66,0.378,2.606,0.01,3.766,-0.16,78,4.2,0.79,8.5,5.4,11.6,1.01,0.96,1.06,6.5,0.3,0.1,2,694,0.985,1,-66,-93,1,12.8,1.1,38,-6,-19,8.004,-0.052,6.97,9.28,0.14,0.2,350.76624999999996,16.06888888888889,-4.0434546,57.824097,-52.19219,PM*,F7V
HD 220376, ,23,23,17.5,-,9,23,5,69,-63,7.877,0.298,2.651,-0.001,3.809,-0.16,123,2.42,1.59,2.0,1.7,2.3,1.48,1.39,1.58,11.3,0.4,0.1,2,367,0.88,19,31,-6,1,8.1,1.0,-12,-4,-17,7.98,-0.11,7.95,8.07,0.01,0.19,350.82291666666663,-9.384722222222221,20.011568,52.131912,-109.5938,*,F3/5IV/V
HD 220426, ,23,23,47.8,-,33,22,44,9,-70,8.747,0.359,2.628,0.009,3.779,0.04,75,4.37,0.14,3.1,0.0,6.4,1.1,1.04,1.16,-1.2,0.2,0.3,2,773,0.269,3,-37,-83,2,13.3,1.1,22,-23,7,7.975,-0.071,6.62,8.4,0.12,0.23,350.9491666666666,-33.37888888888889,25.3357,4.0127807,-70.476944,PM*,F8/G0V
HD 220498, ,23,23,40.2,+,52,42,25,110,-8,8.27,0.361,2.613,0.007,3.771,-0.29,64,4.24,0.76,7.5,5.1,11.9,0.99,0.95,1.04,-5.1,0.3,0.3,2,385,0.477,6,-6,-74,2,15.6,0.9,11,-4,-20,8.021,-0.009,7.56,8.6,0.06,0.19,350.91749999999996,52.706944444444446,-21.67626,59.555046,-8.907079,PM*,F8
HD 220526, ,23,24,18.8,+,21,24,46,97,-37,7.445,0.308,2.64,-0.002,3.802,-0.22,81,2.91,1.32,2.5,2.2,2.8,1.35,1.29,1.41,-3.4,0.6,1.0,3,1105,0.063,14,-130,-51,1,12.4,0.8,53,6,4,8.008,-0.049,6.96,10.26,0.19,0.2,351.07833333333326,21.412777777777777,-7.883661,64.20729,-48.747013,PM*,F5
HD 220547, ,23,24,42.7,-,27,21,12,27,-71,7.447,0.347,2.608,0.0,3.777,-0.4,45,4.18,0.77,6.8,3.7,10.1,0.99,0.94,1.06,-11.8,0.2,0.5,6,1886,0.182,9,1,-74,2,0.0,0.0,3,-17,10,7.987,-0.042,7.22,8.1,0.06,0.28,351.17791666666665,-27.353333333333335,13.05375,6.6512175,-42.548336,PM*,F7V
HD 220818, ,23,27,29.1,-,61,11,13,320,-53,8.141,0.318,2.647,0.013,3.796,-0.3,104,3.05,1.38,2.8,2.4,4.6,1.27,1.15,1.35,21.9,0.4,0.8,3,1545,0.034,7,-85,-10,2,9.6,0.9,47,3,-2,7.952,-0.083,6.95,9.87,0.17,0.13,351.8712499999999,-61.18694444444444,47.945763,-40.23129,-83.0581,PM*,F5/6V
HD 220842, ,23,26,36.9,+,56,53,11,112,-4,7.985,0.384,2.599,0.008,3.761,-0.33,60,4.1,1.16,10.9,9.0,12.9,0.98,0.95,1.02,-21.6,0.3,0.1,2,383,0.912,2,-87,139,2,16.7,0.8,17,-13,47,8.022,-0.004,7.26,8.6,0.08,1.18,351.65374999999995,56.88638888888889,-22.421644,55.495518,-4.185388,PM*,F8
HD 220894, ,23,27,37.4,-,33,37,40,8,-71,7.515,0.343,2.631,0.007,3.782,-0.17,50,4.01,0.62,5.1,3.1,7.2,1.08,1.03,1.14,18.6,0.2,0.3,4,3242,0.55,5,-219,-108,2,19.9,0.9,61,-3,1,7.984,-0.047,6.59,10.1,0.21,0.14,351.9058333333333,-33.62777777777778,16.119986,2.2655163,-47.27593,PM*,F7V
HD 220996, ,23,28,49.3,-,56,52,42,324,-57,8.465,0.358,2.614,0.005,3.774,-0.29,77,4.03,0.9,8.0,4.9,10.7,1.01,0.97,1.07,7.0,0.3,0.1,2,1815,0.826,5,-20,5,2,13.0,0.9,9,2,-4,7.966,-0.064,7.7,8.74,0.06,0.08,352.20541666666657,-56.87833333333333,33.92791,-24.650074,-64.57763,*,F8V
HD 221070, ,23,29,28.3,-,60,44,55,320,-54,8.017,0.316,2.634,0.002,3.793,-0.39,60,4.12,0.46,4.1,0.3,6.5,1.06,1.0,1.13,11.5,0.4,0.4,3,1815,0.744,15,-2,9,2,16.6,0.8,5,-2,-11,7.973,-0.049,7.72,8.48,0.05,0.07,352.36791666666664,-60.74861111111111,27.01617,-22.669268,-48.54102,*,F5/6V
HD 221075, ,23,28,40.2,+,39,37,8,106,-21,7.677,0.313,2.645,0.0,3.8,-0.11,74,3.34,0.83,2.8,2.3,3.3,1.27,1.21,1.33,-23.3,0.4,0.6,2,86,0.119,4,125,-7,2,13.6,0.9,-31,-38,-8,8.019,-0.026,6.08,8.15,0.15,0.03,352.16749999999996,39.61888888888889,-19.042393,66.408714,-26.519228,PM*,F5
HD 221106, ,23,29,13.1,-,22,8,51,43,-71,8.079,0.271,2.663,-0.01,3.821,-0.25,86,3.4,0.43,2.1,1.0,2.8,1.26,1.2,1.32,28.8,0.5,0.3,2,426,0.728,21,25,-4,2,11.6,1.2,-2,1,-31,7.979,-0.081,7.9,8.54,0.04,0.4,352.3045833333333,-22.1475,20.47707,19.095175,-81.3146,*,F2/3V
HD 221156, ,23,29,50.1,-,45,53,38,338,-65,7.881,0.281,2.665,0.0,3.816,-0.23,98,2.92,1.0,2.2,1.9,2.6,1.34,1.26,1.42,20.4,0.4,0.4,3,1532,0.658,18,51,-83,1,10.2,1.1,-1,-47,-16,7.962,-0.089,5.66,7.98,0.17,0.16,352.45874999999995,-45.89388888888889,38.400795,-15.514929,-88.81816,PM*,F5V
HD 221247, ,23,30,12.4,+,31,22,41,103,-28,7.541,0.297,2.664,0.013,3.81,-0.19,105,2.44,1.58,2.0,1.7,2.3,1.46,1.37,1.56,0.6,1.7,2.3,2,289,0.038,35,21,-2,2,6.0,0.9,-9,-4,-4,8.021,-0.05,8.01,8.13,0.01,0.07,352.5516666666666,31.378055555555555,-20.855095,90.33336,-49.294514,*,F2V
HD 221254, ,23,30,9.2,+,44,26,7,108,-16,8.2,0.351,2.633,0.019,3.78,-0.26,102,3.16,1.6,4.6,3.8,5.6,1.17,1.12,1.25,2.0,0.3,0.1,2,331,0.857,8,7,-85,1,9.8,0.9,12,-6,-39,8.03,-0.028,7.55,8.63,0.07,0.57,352.5383333333333,44.43527777777778,-30.298704,93.24985,-28.115011,PM*,F8
HD 221269, ,23,31,18.5,-,64,22,17,316,-51,7.858,0.337,2.626,0.005,3.788,-0.22,135,2.2,2.34,2.0,1.7,2.4,1.51,1.42,1.62,-2.8,0.3,0.1,2,360,0.893,8,100,2,2,7.4,0.7,-58,-22,-18,7.938,-0.104,6.38,8.76,0.16,0.2,352.8270833333333,-64.37138888888889,61.113834,-59.01697,-104.91471,PM*,F7V
HD 221282, ,23,30,54.3,-,15,58,56,60,-68,7.9,0.33,2.602,-0.033,3.788,-0.38,81,3.35,1.33,5.1,3.5,6.2,1.13,1.07,1.21,19.5,0.3,0.1,2,1442,0.768,8,71,-29,2,12.3,1.0,-15,-13,-29,7.985,-0.076,7.51,8.02,0.03,0.35,352.72624999999994,-15.982222222222223,15.171568,26.27793,-75.10189,PM*,F7V
HD 221287, ,23,31,20.3,-,58,12,35,322,-56,7.814,0.332,2.618,-0.012,3.787,-0.24,53,4.2,0.38,4.8,1.0,7.2,1.06,1.0,1.13,-21.6,0.3,0.1,2,1815,0.985,9,184,-5,2,18.9,0.8,-49,-11,4,7.977,-0.044,6.94,8.83,0.12,0.19,352.8345833333333,-58.209722222222226,23.354454,-18.246494,-43.93899,PM*,F7V
HD 221312, ,23,31,13.5,-,31,29,24,14,-72,8.112,0.341,2.621,0.005,3.781,-0.35,62,4.16,0.66,6.1,3.6,8.3,1.02,0.96,1.08,-1.2,0.3,0.4,2,1501,0.299,6,-38,-128,2,16.2,1.0,24,-30,6,7.982,-0.059,6.28,8.36,0.14,0.2,352.8062499999999,-31.490000000000002,18.589947,4.6349945,-58.965504,PM*,F7V
HD 221318, ,23,31,6.6,+,2,21,48,86,-55,7.168,0.289,2.65,-0.013,3.813,-0.1,54,3.52,0.35,2.0,0.6,3.0,1.27,1.22,1.32,-5.9,0.4,0.4,2,421,0.485,12,84,-53,1,18.6,1.0,-12,-21,-8,7.998,-0.044,7.04,8.0,0.06,0.05,352.7775,2.3633333333333333,2.1605773,30.89768,-44.23421,PM*,F3/5V
HD 221322, ,23,31,19.9,-,31,5,47,15,-72,8.72,0.342,2.632,0.015,3.785,-0.27,143,2.94,1.72,4.1,2.6,5.1,1.18,1.12,1.33,36.9,0.3,0.4,2,360,0.304,9,24,-52,2,6.3,1.2,11,-35,-39,7.958,-0.136,6.22,8.09,0.13,0.58,352.8329166666666,-31.09638888888889,42.68371,11.437065,-136.00108,PM*,F7V
HD 221356, ,23,31,31.5,-,4,5,14,80,-60,6.506,0.347,2.603,-0.013,3.779,-0.22,26,4.41,0.34,5.7,0.2,9.0,1.02,0.96,1.09,-12.9,0.1,0.2,6,2229,0.919,5,178,-192,1,38.1,0.9,-9,-33,-5,7.998,-0.023,6.37,8.0,0.11,0.04,352.8812499999999,-4.087222222222222,2.2574267,12.8025,-22.516663,PM*,F7V
HD 221402, ,23,32,4.4,-,43,35,23,342,-67,7.977,0.381,2.6,0.002,3.763,-0.18,52,4.38,0.7,9.0,5.7,13.2,0.98,0.93,1.03,-0.7,0.2,0.5,5,1855,0.417,17,91,7,1,19.1,1.0,-21,-7,-7,7.981,-0.048,7.68,8.19,0.03,0.05,353.0183333333333,-43.58972222222222,19.32359,-6.2786136,-47.86625,PM*,F8/G2
HD 221477, ,23,32,22.5,+,35,19,49,105,-25,7.967,0.385,2.581,0.004,3.757,-0.66,59,4.12,1.45,12.8,10.4,15.2,0.89,0.84,0.93,16.1,0.4,0.5,2,424,0.164,4,87,-73,2,17.0,1.0,-17,-1,-31,8.014,-0.025,7.94,8.39,0.03,0.4,353.09375,35.33027777777778,-13.839611,51.650135,-24.934479,PM*,F8V
HD 221488, ,23,27,43.6,+,86,33,31,122,24,7.199,0.327,2.625,-0.001,3.79,-0.5,72,2.91,1.83,3.9,3.5,4.4,1.19,1.15,1.24,-55.5,0.3,0.1,3,359,0.96,7,-44,36,2,13.9,0.6,38,-44,-7,8.034,0.029,5.56,8.57,0.21,0.03,351.9316666666666,86.5586111111111,-34.85559,55.780586,29.285038,PM*,F5
HD 221498, ,23,32,28.6,+,33,44,27,105,-26,7.604,0.27,2.677,0.003,3.82,-0.29,70,3.38,0.51,2.3,1.4,3.0,1.26,1.2,1.31,3.3,1.3,1.8,2,1118,0.13,29,-24,6,2,14.3,0.9,5,7,3,8.016,-0.031,7.87,8.96,0.06,0.16,353.1191666666667,33.740833333333335,-16.283749,60.771786,-30.68598,*,F5
HD 221546, ,23,33,5.4,-,20,5,20,50,-71,8.119,0.332,2.634,0.007,3.792,-0.16,133,2.5,1.9,2.3,1.9,2.7,1.45,1.36,1.54,13.2,0.5,0.6,2,356,0.468,23,-1,-50,2,7.6,1.3,17,-24,-17,7.972,-0.126,6.64,8.28,0.11,0.2,353.2725,-20.08888888888889,27.833065,33.170155,-125.75397,PM*,F6V
HD 221561, ,23,33,12.0,-,6,24,2,78,-62,8.061,0.342,2.631,0.002,3.786,-0.01,91,3.27,1.12,3.0,2.5,3.5,1.28,1.16,1.36,18.8,0.3,0.1,2,1182,0.941,8,126,13,1,11.0,1.2,-48,-8,-31,7.991,-0.08,7.1,8.94,0.12,0.4,353.29999999999995,-6.400555555555556,8.882385,41.788345,-80.34823,PM*,F8V
HD 221584, ,23,32,44.7,+,63,17,25,114,2,8.594,0.347,2.607,0.002,3.776,-0.62,87,3.9,1.24,8.7,5.8,10.7,0.98,0.94,1.04,-25.0,0.3,0.3,3,705,0.747,5,10,-103,3,11.5,0.8,18,-18,-42,8.036,0.003,7.01,8.48,0.09,0.65,353.18625,63.290277777777774,-35.36453,79.430046,3.036256,PM*,F7V
HD 221600, ,23,33,28.6,-,4,24,4,80,-61,6.922,0.3,2.65,0.004,3.807,-0.28,94,2.05,2.12,1.7,1.5,2.0,1.57,1.5,1.65,-23.4,1.1,1.2,2,770,0.443,45,42,-14,1,10.6,0.9,-15,-24,12,7.992,-0.082,6.91,8.01,0.07,0.31,353.3691666666666,-4.401111111111112,7.9135146,44.879757,-82.21426,*,F5V
HD 221638, ,23,34,34.5,-,70,57,47,312,-45,7.55,0.325,2.64,0.019,3.789,-0.53,53,3.94,0.84,4.9,3.4,6.4,1.04,0.99,1.09,1.1,0.2,0.4,3,652,0.201,8,55,74,2,19.0,0.7,-14,8,-16,7.975,-0.037,7.96,8.89,0.05,0.15,353.64374999999995,-70.96305555555556,25.076784,-27.85058,-37.476658,PM*,F6V
HD 221644, ,23,33,40.0,+,29,52,28,103,-30,7.22,0.305,2.632,-0.009,3.801,-0.51,67,3.09,1.41,4.2,2.5,4.8,1.16,1.12,1.29,29.1,0.3,0.3,2,383,0.478,4,58,-39,2,14.9,0.8,-17,13,-30,8.014,-0.034,7.99,9.29,0.08,0.4,353.4166666666667,29.874444444444446,-13.05249,56.536556,-33.5,PM*,F5
HD 221669, ,23,34,45.4,-,70,4,11,312,-46,8.493,0.338,2.612,-0.021,3.786,-0.16,89,3.74,0.79,3.8,2.9,6.3,1.12,1.06,1.2,7.2,0.3,0.2,2,1547,0.666,9,61,-66,2,11.2,0.9,-16,-35,5,7.958,-0.064,6.26,7.97,0.12,0.19,353.6891666666666,-70.06972222222223,41.368736,-45.944622,-64.02124,PM*,F8V
HD 221801, ,23,35,14.6,-,3,51,13,82,-60,7.222,0.289,2.669,0.013,3.81,-0.35,58,3.4,0.76,2.9,2.2,3.5,1.21,1.15,1.27,4.0,0.9,0.0,1,0,0.0,19,50,35,1,17.2,1.0,-16,4,-3,7.996,-0.051,7.96,8.64,0.04,0.08,353.8108333333333,-3.8536111111111113,4.03602,28.717772,-50.229477,PM*,F3V
HD 221881, ,23,36,0.9,-,30,38,48,16,-73,7.57,0.31,2.638,-0.006,3.803,-0.12,116,2.24,1.87,1.8,1.6,2.1,1.56,1.46,1.65,8.7,1.4,2.0,2,773,0.049,35,41,-44,2,8.6,1.0,-8,-30,-14,7.968,-0.111,6.52,7.97,0.1,0.16,354.00375,-30.646666666666665,32.60131,9.348276,-110.93135,PM*,F6V
HD 221970, ,23,36,30.5,+,32,54,15,105,-27,6.35,0.303,2.631,-0.023,3.81,0.07,77,1.92,1.86,1.3,1.2,1.5,1.75,1.69,1.82,6.7,2.4,0.0,1,0,0.0,35,-7,8,2,13.0,0.8,0,8,0,8.018,-0.035,7.96,8.94,0.06,0.12,354.12708333333336,32.90416666666667,-17.756927,66.26976,-34.957268,*,F6V
HD 221972, ,23,36,27.8,+,20,39,54,100,-39,7.634,0.267,2.676,-0.001,3.826,-0.15,88,2.9,0.73,1.9,1.4,2.2,1.4,1.34,1.46,-13.7,0.7,1.6,5,1361,0.017,50,17,-58,1,11.3,0.9,7,-26,-11,8.012,-0.056,6.71,8.14,0.1,0.08,354.11583333333334,20.665,-11.8756,67.34987,-55.380196,PM*,F2
HD 221980, ,23,36,45.7,-,2,57,40,83,-60,8.158,0.332,2.612,-0.011,3.787,-0.61,123,2.71,2.18,3.9,3.0,4.9,1.17,1.11,1.25,3.0,0.4,0.7,3,367,0.033,7,136,19,1,5.5,1.2,-75,-21,-20,7.993,-0.106,6.18,9.33,0.2,0.24,354.19041666666664,-2.9611111111111112,7.494963,61.041584,-106.52113,PM*,F5V
HD 222100, ,23,37,51.0,-,24,52,43,37,-73,7.659,0.271,2.667,-0.003,3.821,-0.3,91,2.87,1.0,2.2,1.8,2.5,1.35,1.27,1.41,16.2,0.6,0.9,2,1091,0.079,16,-20,-71,2,11.0,1.1,24,-21,-16,7.979,-0.087,6.68,8.49,0.12,0.16,354.4625,-24.878611111111113,21.248362,16.011787,-87.02373,PM*,F3V
HD 222111, ,23,37,49.1,+,3,22,12,90,-55,7.31,0.29,2.667,0.0,3.815,0.08,68,3.13,0.53,1.7,1.1,2.2,1.39,1.34,1.45,-14.5,0.3,0.1,2,420,0.804,9,56,-28,1,14.6,1.1,-12,-22,2,8.0,-0.056,7.0,8.0,0.07,0.15,354.4545833333333,3.37,-1.7048839e-06,39.003197,-55.70234,PM*,F3V
HD 222192, ,23,38,33.4,-,13,42,44,68,-68,8.135,0.224,2.719,0.011,3.854,0.05,148,2.28,0.7,1.0,0.8,1.2,1.62,1.54,1.71,-3.3,1.7,2.9,3,852,0.253,80,51,5,2,6.6,1.1,-33,-12,-6,7.979,-0.138,7.21,8.38,0.07,0.14,354.63916666666665,-13.712222222222222,20.76886,51.404724,-137.2232,PM*,Fm_dD
HD 222249, ,23,38,49.4,+,23,18,29,102,-37,7.148,0.317,2.645,0.006,3.8,-0.12,110,1.94,2.24,1.5,1.4,1.8,1.67,1.57,1.76,-10.3,1.7,0.1,2,673,0.998,60,29,-41,1,9.1,0.8,-2,-24,-14,8.018,-0.066,6.88,8.05,0.08,0.12,354.70583333333326,23.308055555555555,-18.265017,85.930176,-66.199646,PM*,F5IV
HD 222412, ,23,40,26.2,-,26,12,4,32,-74,7.59,0.297,2.662,0.009,3.806,-0.26,68,3.44,0.73,3.0,2.3,3.6,1.21,1.14,1.27,-6.5,0.5,0.8,2,1522,0.267,17,88,-125,2,14.8,1.1,-9,-48,-3,7.984,-0.065,5.6,7.99,0.18,0.09,355.1091666666666,-26.20111111111111,15.895258,9.93246,-65.36579,PM*,F5V
HD 222428, ,23,40,31.3,+,7,50,18,94,-51,8.82,0.292,2.699,0.051,3.839,-0.08,124,3.13,0.19,1.1,0.0,1.7,1.39,1.33,1.46,2.1,0.6,0.8,2,363,0.341,15,36,-15,2,4.6,1.2,-14,-13,-12,8.006,-0.096,7.51,8.03,0.03,0.12,355.13041666666663,7.838333333333333,-5.4434977,77.84564,-96.366104,*,F5
HD 222448, ,23,39,48.7,+,75,45,5,118,14,7.313,0.263,0.0,0.0,3.828,-0.3,112,2.06,1.67,1.5,1.4,1.7,1.59,1.53,1.66,-4.7,0.6,1.2,4,1210,0.31,50,-31,-32,2,8.9,0.6,19,8,-12,8.052,0.026,7.69,9.41,0.1,0.09,354.9529166666666,75.75138888888888,-51.01894,95.95267,27.095253,*,F2IV
HD 222550, ,23,42,1.0,-,67,46,14,313,-48,7.988,0.272,2.683,0.012,3.826,-0.06,138,2.29,1.26,1.5,1.3,1.8,1.55,1.47,1.65,16.2,0.8,0.5,2,358,0.664,30,60,-20,2,5.2,0.8,-24,-34,-15,7.937,-0.103,6.27,8.01,0.12,0.15,355.5041666666666,-67.77055555555556,62.975742,-67.53322,-102.55399,PM*,F2IV
HD 222690, ,23,43,32.1,-,74,12,53,309,-42,7.826,0.287,2.658,-0.007,3.812,-0.14,68,3.65,0.28,2.0,0.0,3.2,1.24,1.18,1.29,9.9,0.8,0.8,3,1550,0.692,30,83,19,2,14.6,0.7,-20,-12,-18,7.968,-0.046,7.46,8.07,0.04,0.16,355.88374999999996,-74.21472222222222,31.801981,-39.27218,-45.50088,PM*,F5V
HD 222723, ,23,43,10.6,-,23,40,32,42,-74,7.68,0.274,2.67,-0.002,3.823,-0.11,103,2.61,1.05,1.8,1.5,2.1,1.46,1.39,1.54,-19.3,1.2,0.8,2,1030,0.621,50,37,-20,2,9.7,1.0,-15,-20,13,7.979,-0.099,7.11,8.0,0.06,0.33,355.7941666666666,-23.675555555555558,21.098368,18.997055,-99.00996,*,F3V
HD 222737, ,23,43,21.0,-,25,21,28,36,-75,8.217,0.288,2.636,-0.006,3.807,-0.66,87,3.52,0.97,3.2,2.4,4.8,1.12,1.06,1.18,-12.1,0.5,0.9,3,372,0.028,9,-4,60,3,11.5,1.1,-12,21,14,7.981,-0.084,7.98,9.82,0.1,0.38,355.8374999999999,-25.35777777777778,18.216846,13.235312,-84.035545,PM*,F2
HD 222743, ,23,43,39.8,-,63,57,39,315,-52,7.991,0.359,2.627,0.016,3.776,-0.22,90,3.22,1.6,4.8,4.1,5.6,1.18,1.13,1.26,-13.5,0.5,0.6,2,360,0.103,9,178,-92,2,11.1,0.8,-64,-57,12,7.961,-0.071,4.93,8.49,0.27,0.32,355.91583333333324,-63.96083333333333,39.18045,-39.18046,-70.92097,PM*,F8V
HD 222775, ,23,43,36.5,-,9,40,26,77,-66,9.259,0.344,2.637,0.022,3.797,-0.1,178,2.91,1.32,2.5,2.1,3.0,1.35,1.26,1.45,-4.3,0.2,0.1,2,1128,0.694,6,4,-10,1,3.7,1.3,1,-10,0,7.984,-0.163,7.55,8.15,0.04,0.2,355.9020833333333,-9.673888888888888,16.286257,70.54353,-162.6111,*,F6V
HD 222843, ,23,43,59.0,+,17,30,41,101,-42,7.72,0.297,2.639,-0.011,3.807,-0.42,102,2.68,1.61,2.3,2.0,2.7,1.35,1.26,1.43,2.2,0.8,1.1,2,289,0.2,21,-19,-21,2,9.8,0.9,12,0,-6,8.014,-0.069,7.63,8.78,0.07,0.07,355.9958333333333,17.511388888888888,-14.463471,74.4081,-68.25132,*,F5
HD 222860, ,23,44,18.2,+,0,42,44,90,-58,8.003,0.359,2.624,0.017,3.777,-0.26,110,2.8,2.03,3.8,2.8,4.9,1.31,1.13,1.4,2.5,0.2,0.3,2,363,0.322,4,-9,-34,1,9.9,1.3,13,-10,-9,8.0,-0.093,7.34,8.44,0.07,0.1,356.07583333333326,0.7122222222222222,-2.5479858e-06,58.29112,-93.28529,*,F7V
HD 222870, ,23,44,28.6,-,14,25,12,69,-70,7.983,0.28,2.675,0.012,3.818,-0.26,119,2.6,1.3,2.0,1.7,2.4,1.41,1.32,1.5,-8.1,0.6,0.7,2,1030,0.392,26,3,-32,2,8.4,1.0,6,-19,3,7.985,-0.112,7.05,8.15,0.07,0.19,356.1191666666666,-14.42,14.585719,37.997093,-111.82342,*,F3V
HD 222950, ,23,45,21.9,-,13,40,55,71,-70,7.931,0.222,2.714,0.005,3.855,0.01,164,1.86,1.14,1.0,0.9,1.2,1.73,1.63,1.84,21.1,1.8,3.1,3,857,0.431,100,30,1,1,5.5,1.1,-19,-2,-25,7.981,-0.154,7.86,8.36,0.03,0.33,356.34124999999995,-13.681944444444444,18.261541,53.03537,-154.10959,*,F0/2III
HD 222991, ,23,46,0.5,-,66,51,11,313,-49,8.199,0.277,2.671,0.015,3.816,-0.57,161,2.16,2.06,1.9,1.7,2.3,1.45,1.34,1.54,2.4,0.8,1.1,2,330,0.296,19,-1,-27,2,6.2,0.8,6,-17,10,7.928,-0.122,7.1,8.1,0.07,0.3,356.50208333333325,-66.85305555555556,72.03642,-77.2496,-121.50825,*,F2V
HD 223009, ,23,45,59.6,-,37,58,33,351,-73,8.413,0.253,2.683,-0.003,3.835,-0.08,198,1.93,1.46,1.3,1.1,1.5,1.67,1.57,1.78,10.9,1.0,0.8,4,1116,0.945,60,16,5,2,0.4,1.1,-12,-2,-15,7.941,-0.189,7.93,8.16,0.01,0.22,356.4983333333333,-37.975833333333334,57.1769,-9.055924,-189.34834,*,F2V
HD 223018, ,23,45,48.7,+,28,10,37,106,-33,8.105,0.277,2.677,0.008,3.82,-0.14,114,2.82,0.93,1.9,1.6,2.3,1.38,1.31,1.47,-10.7,1.1,1.1,2,673,0.491,35,10,-38,2,7.4,1.0,6,-19,-12,8.026,-0.061,7.05,8.18,0.07,0.1,356.4529166666666,28.176944444444445,-26.353258,91.90473,-62.088852,*,F5
HD 223055, ,23,46,31.8,-,64,34,25,314,-51,8.699,0.327,2.619,-0.022,3.792,-0.29,157,2.72,1.79,2.6,2.2,4.1,1.34,1.18,1.45,5.8,0.4,0.6,2,360,0.18,9,27,-17,2,5.4,0.9,-12,-21,-3,7.932,-0.122,7.01,7.94,0.06,0.14,356.63249999999994,-64.5736111111111,68.63454,-71.07315,-122.01192,*,F6IV/V
HD 223206, ,23,47,36.0,-,15,58,53,67,-71,8.324,0.325,2.612,-0.02,3.79,-0.51,118,2.97,1.77,4.3,3.0,5.3,1.16,1.1,1.24,-9.9,0.2,0.3,2,427,0.363,7,65,62,2,8.5,1.1,-49,11,9,7.985,-0.112,7.49,9.77,0.13,0.3,356.90000000000003,-15.981388888888889,15.010737,35.36307,-111.57119,PM*,F5V
HD 223216, ,23,47,38.4,-,5,49,31,85,-64,7.647,0.295,2.675,0.021,3.823,0.01,110,2.35,1.2,1.5,1.3,1.8,1.58,1.5,1.66,12.1,0.8,1.1,2,1128,0.114,23,39,-2,2,9.1,0.9,-17,-4,-16,7.995,-0.099,7.88,8.24,0.02,0.17,356.90999999999997,-5.825277777777777,4.202725,48.037334,-98.86735,*,F3V
HD 223226, ,23,47,56.2,-,66,34,2,313,-49,6.731,0.28,2.668,0.003,3.815,-0.29,48,3.31,0.69,2.6,1.9,3.1,1.26,1.21,1.3,3.5,0.5,0.3,2,1550,0.711,23,-67,23,2,20.7,0.6,14,9,-2,7.979,-0.037,7.72,9.23,0.09,0.09,356.9841666666666,-66.56722222222221,21.476698,-23.030937,-36.22606,PM*,F5V
HD 223271, ,23,48,9.3,-,16,41,56,65,-72,7.555,0.328,2.633,0.009,3.789,-0.36,62,3.6,1.04,5.7,3.0,7.1,1.09,1.04,1.17,17.2,0.3,0.3,2,742,0.455,5,-104,-50,2,16.2,1.1,35,5,-12,7.992,-0.059,7.27,9.66,0.14,0.1,357.03875,-16.698888888888888,8.096966,17.363997,-58.965504,PM*,F7V
HD 223289, ,23,48,11.7,+,27,42,55,106,-33,7.847,0.285,2.671,0.009,3.813,-0.26,78,3.4,0.61,2.6,1.8,3.2,1.24,1.18,1.3,-19.2,1.0,1.4,2,1190,0.151,20,-50,-109,2,12.9,0.9,38,-25,-17,8.018,-0.042,6.35,8.8,0.16,0.16,357.04875,27.71527777777778,-18.031178,62.882187,-42.481846,PM*,F5
HD 223346, ,23,48,49.3,+,2,12,51,93,-57,6.47,0.304,2.633,-0.013,3.803,-0.43,55,2.76,1.63,2.4,2.2,3.6,1.35,1.28,1.4,-18.5,0.3,0.4,5,2889,0.815,19,10,-35,1,18.1,1.1,3,-18,10,8.002,-0.046,7.17,8.11,0.06,0.27,357.2054166666666,2.214166666666667,-1.567731,29.914095,-46.12688,*,F5V
HD 223408, ,23,49,19.5,-,27,51,15,26,-76,6.968,0.324,2.612,-0.021,3.791,-0.2,36,4.2,0.26,3.2,0.0,6.2,1.09,1.03,1.15,13.9,0.3,0.1,2,728,0.901,7,-75,-50,1,27.9,1.3,18,0,-11,7.992,-0.035,7.5,8.88,0.08,0.06,357.33124999999995,-27.854166666666668,7.827767,3.817857,-34.930645,PM*,F6V
HD 223436, ,23,49,21.2,+,23,52,27,105,-37,8.145,0.334,2.628,0.001,3.789,-0.15,93,3.31,1.15,3.2,2.6,5.1,1.19,1.12,1.29,-2.5,0.3,0.1,2,672,0.943,7,-97,-88,1,10.8,1.1,55,-2,-18,8.019,-0.056,6.76,9.97,0.19,0.19,357.3383333333333,23.874166666666667,-19.223291,71.74231,-55.968792,PM*,F8
HD 223521, ,23,50,5.9,+,35,46,16,109,-25,7.761,0.371,2.634,0.031,3.792,0.19,85,2.99,1.08,2.3,2.0,2.7,1.43,1.38,1.49,-33.4,0.3,0.4,2,381,0.341,10,-13,-36,2,11.8,0.9,20,-31,3,8.025,-0.036,6.34,8.33,0.14,0.16,357.5245833333333,35.77111111111111,-25.080515,72.83912,-35.922554,*,F8
HD 223532, ,23,50,14.3,+,17,38,46,103,-43,7.808,0.273,2.682,0.011,3.823,-0.12,101,2.79,0.88,1.8,1.5,2.2,1.41,1.35,1.49,-8.1,1.0,1.8,3,376,0.301,45,-50,-7,1,9.9,1.0,24,3,9,8.017,-0.069,7.46,9.24,0.11,0.27,357.5595833333333,17.64611111111111,-16.616394,71.973526,-68.88183,PM*,F2
HD 223602, ,23,50,49.8,+,41,45,29,111,-20,8.444,0.317,2.656,0.02,3.81,-0.08,137,2.67,1.25,2.0,1.7,2.4,1.43,1.34,1.52,-6.3,0.4,0.6,2,673,0.198,9,-24,-21,2,4.4,1.0,21,-2,-7,8.046,-0.046,7.45,8.97,0.09,0.05,357.7075,41.75805555555556,-46.13553,120.18717,-46.85676,*,F8
HD 223633, ,23,51,21.6,-,42,22,19,338,-70,7.552,0.296,2.652,-0.004,3.808,-0.17,66,3.46,0.59,2.7,1.8,3.3,1.25,1.19,1.3,21.8,0.4,0.1,2,1182,0.937,13,17,-104,1,15.2,0.8,14,-34,-14,7.98,-0.062,6.22,8.17,0.14,0.12,357.84,-42.371944444444445,20.929626,-8.456119,-62.019714,PM*,F6V
HD 223694, ,23,51,38.5,+,57,12,27,115,-5,8.015,0.297,2.669,0.02,3.818,-0.22,106,2.79,1.08,2.1,1.8,2.4,1.38,1.31,1.45,11.8,0.5,0.1,2,705,0.888,15,9,44,1,9.4,0.9,-14,8,20,8.045,-0.009,8.03,9.02,0.06,0.47,357.9104166666666,57.2075,-44.627075,95.70306,-9.238508,*,F0
HD 223788, ,23,52,39.6,+,54,16,7,114,-8,7.574,0.33,2.64,0.008,3.789,-0.2,52,4.0,0.5,4.3,2.2,6.1,1.09,1.04,1.16,14.6,0.4,0.7,3,1060,0.12,9,-5,-41,2,19.3,0.9,-2,14,-11,8.021,-0.007,7.99,9.31,0.08,0.06,358.16499999999996,54.26861111111111,-20.94447,47.042057,-7.2370014,*,F5
HD 223854, ,23,53,6.8,+,2,19,52,95,-57,8.055,0.347,2.604,-0.003,3.777,-0.66,100,3.06,2.08,5.3,4.2,6.6,1.11,1.05,1.17,19.3,0.5,0.8,3,734,0.075,2,35,47,2,10.0,1.1,-26,19,-9,8.005,-0.084,7.92,9.81,0.11,0.1,358.2783333333333,2.331111111111111,-4.7468433,54.256657,-83.86706,PM*,F5V
HD 223867, ,23,53,10.9,+,32,24,30,109,-29,8.391,0.254,2.701,0.016,3.84,0.17,183,2.08,1.02,1.1,0.9,1.2,1.72,1.61,1.84,15.9,0.8,1.1,2,674,0.199,23,7,1,2,3.1,1.0,-10,11,-8,8.052,-0.088,8.05,9.13,0.06,0.1,358.2954166666666,32.40833333333333,-52.108936,151.33536,-88.72016,*,F5
HD 223914, ,23,53,49.5,-,70,40,44,310,-46,8.121,0.3,2.656,0.004,3.807,-0.16,152,2.22,1.84,1.8,1.5,2.1,1.56,1.46,1.64,18.3,1.1,1.6,2,1565,0.125,26,66,-8,2,6.6,0.7,-32,-34,-20,7.932,-0.108,6.18,8.09,0.13,0.22,358.45624999999995,-70.67888888888889,67.8707,-80.88517,-109.339645,PM*,F5IV/V
HD 224077, ,23,54,58.1,-,20,2,44,59,-75,8.368,0.315,2.624,-0.017,3.796,-0.38,117,3.03,1.47,3.0,2.4,4.9,1.18,1.11,1.29,-13.8,0.3,0.2,2,736,0.682,5,-5,-48,2,9.9,1.6,13,-25,10,7.985,-0.113,6.68,8.22,0.1,0.3,358.74208333333326,-20.045555555555556,15.596296,25.956596,-113.01332,*,F5V
HD 224093, ,23,55,3.9,-,9,27,38,83,-68,6.737,0.218,2.713,0.002,3.853,-0.2,75,2.36,0.84,1.3,1.1,1.5,1.55,1.49,1.61,-7.7,0.3,0.4,4,1333,0.895,25,82,6,1,13.3,1.0,-27,-14,1,7.997,-0.07,7.28,8.22,0.06,0.15,358.76624999999996,-9.460555555555555,3.4239793,27.886078,-69.53879,PM*,F2III/IV
HD 224173, ,23,55,48.8,-,13,57,59,76,-72,7.302,0.312,2.646,0.001,3.799,-0.18,59,3.45,0.81,3.1,2.5,3.7,1.22,1.14,1.28,-0.9,0.6,0.8,2,1508,0.106,12,166,24,2,17.0,1.2,-44,-15,-7,7.995,-0.056,6.93,8.6,0.11,0.06,358.9533333333333,-13.966388888888888,4.410721,17.690434,-56.112335,PM*,F5/6V
HD 224208, ,23,56,1.4,-,12,29,15,79,-70,8.063,0.29,2.644,-0.007,3.811,-0.35,132,2.46,1.68,2.1,1.8,2.5,1.42,1.32,1.51,-3.8,0.8,1.1,2,1030,0.282,29,62,-43,2,8.3,1.4,-21,-40,-12,7.991,-0.124,5.99,8.03,0.14,0.14,359.00583333333327,-12.487499999999999,8.614391,44.31719,-124.03943,PM*,F3V
HD 224289, ,23,56,35.9,-,56,10,38,318,-59,9.016,0.39,2.622,0.03,3.779,0.12,101,3.87,0.57,3.5,2.4,5.2,1.19,1.11,1.25,-12.1,0.3,0.1,2,1812,0.81,2,-33,-11,2,9.9,1.2,11,7,16,7.962,-0.087,7.72,9.07,0.08,0.41,359.1495833333333,-56.17722222222222,38.65754,-34.8074,-86.5739,*,F8V
HD 224347, ,23,57,10.1,-,5,27,35,90,-65,8.51,0.341,2.601,-0.014,3.78,-0.53,75,4.13,0.85,6.4,4.0,9.6,0.99,0.94,1.05,2.6,0.3,0.4,2,406,0.304,5,120,-104,1,13.3,1.1,-19,-47,-26,8.0,-0.068,5.71,8.02,0.17,0.29,359.29208333333327,-5.459722222222222,-1.3854924e-06,31.696371,-67.97308,PM*,F7V
HD 224360, ,23,57,19.6,-,46,6,36,329,-68,7.728,0.296,2.658,0.006,3.806,-0.33,56,3.97,0.26,2.0,0.0,4.4,1.13,1.07,1.19,-2.5,0.7,1.2,3,1485,0.418,27,116,26,1,17.7,1.0,-30,-7,-6,7.982,-0.052,7.46,8.44,0.06,0.06,359.3316666666666,-46.11,17.98163,-10.804456,-51.922295,PM*,F5V
HD 224366, ,23,57,11.2,+,41,55,17,112,-20,8.28,0.362,2.628,0.036,3.793,-0.61,178,1.87,2.89,2.1,1.7,2.6,1.44,1.35,1.59,-32.4,1.5,2.2,2,419,0.021,16,-21,-27,2,4.7,0.9,35,-25,-6,8.063,-0.06,6.39,8.75,0.16,0.06,359.2966666666666,41.921388888888885,-62.658676,155.08568,-60.87958,*,F5
HD 224369, ,23,57,20.1,+,22,22,4,107,-39,7.845,0.307,2.633,-0.01,3.801,-0.45,104,2.76,1.69,2.5,2.2,3.9,1.31,1.19,1.4,-10.0,0.8,1.1,2,354,0.193,15,119,-51,1,9.6,0.9,-38,-46,-25,8.023,-0.065,5.66,8.22,0.18,0.28,359.33374999999995,22.36777777777778,-23.630413,77.29159,-65.44932,PM*,F5
HD 224414, ,23,57,34.3,+,73,51,57,119,11,7.58,0.337,0.0,0.0,3.786,-0.25,57,3.78,0.84,4.4,3.1,7.8,1.09,1.04,1.16,-14.4,0.4,0.5,2,718,0.287,11,119,-14,2,17.4,0.7,-21,-26,-13,8.027,0.011,6.78,8.08,0.09,0.09,359.3929166666666,73.86583333333333,-27.126429,48.937378,10.876113,PM*,F5
HD 224431, ,23,57,48.6,-,5,27,22,90,-65,8.143,0.345,2.609,-0.009,3.78,-0.58,114,2.86,2.16,4.5,3.4,5.7,1.15,1.09,1.23,-0.2,0.2,0.1,3,367,0.988,5,143,60,2,5.9,1.0,-83,-9,-3,8.0,-0.103,6.42,9.99,0.22,0.14,359.45249999999993,-5.456111111111111,-2.1059484e-06,48.178482,-103.319084,PM*,F6V
HD 224529, ,23,58,42.1,-,38,13,33,345,-74,7.98,0.307,2.647,-0.002,3.802,-0.16,74,3.65,0.52,3.0,1.8,3.9,1.2,1.13,1.26,19.1,0.3,0.3,2,407,0.49,11,43,-16,2,13.6,1.0,-6,-13,-21,7.981,-0.071,7.51,8.0,0.03,0.21,359.6754166666666,-38.225833333333334,19.70215,-5.2791805,-71.13336,*,F5V
HD 224538, ,23,58,51.7,-,61,35,12,314,-54,8.061,0.367,2.631,0.019,3.775,-0.02,78,3.6,1.06,5.5,3.1,6.8,1.15,1.1,1.24,-11.0,0.2,0.1,2,358,0.982,6,83,-21,2,12.8,0.8,-29,-15,7,7.969,-0.064,7.17,8.22,0.07,0.22,359.7154166666666,-61.586666666666666,31.848173,-32.97975,-63.103325,PM*,F8/G0IV/V
HD 224576, ,23,58,53.1,+,39,6,39,112,-23,7.26,0.24,2.698,0.005,3.842,-0.13,102,2.22,1.09,1.4,1.2,1.6,1.6,1.54,1.67,4.1,2.5,4.4,3,848,0.03,100,8,-39,2,9.8,0.7,2,-3,-19,8.035,-0.039,7.82,8.41,0.04,0.19,359.72124999999994,39.11083333333333,-35.17237,87.05468,-39.854576,*,F2
HD 224601, ,23,59,14.4,+,43,51,48,113,-18,8.67,0.338,2.642,0.013,3.789,-0.06,104,3.58,0.79,3.3,2.6,4.6,1.19,1.11,1.26,-49.2,0.3,0.5,2,674,0.221,6,-32,-37,1,9.6,1.0,38,-40,2,8.039,-0.032,5.75,8.61,0.2,0.14,359.81,43.86333333333334,-38.64717,91.04703,-32.137768,*,F8
HD 224645, ,23,59,32.1,-,52,50,36,320,-63,7.826,0.285,2.663,0.007,3.814,-0.36,105,2.71,1.37,2.2,1.9,2.5,1.37,1.29,1.44,-13.0,0.3,0.3,2,340,0.433,7,71,-9,2,9.5,0.9,-34,-16,6,7.963,-0.093,7.04,8.3,0.08,0.23,359.88374999999996,-52.843333333333334,36.51657,-30.641054,-93.55569,PM*,F3V
HD 224743, ,0,0,23.8,-,10,27,44,85,-69,8.112,0.291,2.649,-0.006,3.811,-0.24,112,2.86,1.18,2.3,2.0,2.7,1.33,1.25,1.43,-17.8,0.5,0.7,2,1030,0.059,8,-1,29,1,8.9,1.1,-7,6,21,7.996,-0.105,7.98,8.85,0.05,0.52,0.09916666666666665,-10.462222222222222,3.4981909,39.98448,-104.561005,*,F3/5V
HD 224763, ,0,0,26.9,-,16,41,49,72,-74,7.468,0.29,2.667,0.014,3.811,-0.37,79,2.98,1.17,2.5,2.1,3.0,1.26,1.18,1.35,-1.9,0.2,0.3,4,3358,0.751,14,167,-33,3,11.0,10.1,-49,-39,-13,7.993,-0.076,5.84,8.39,0.18,0.12,0.11208333333333331,-16.696944444444444,6.728955,20.709595,-75.939674,PM*,F3V
HD 224771, ,0,0,30.1,+,25,50,41,109,-36,8.196,0.259,2.69,0.011,3.833,-0.11,183,1.88,1.57,1.3,1.1,1.5,1.68,1.58,1.79,-6.9,1.1,2.2,4,1479,0.31,28,23,-6,2,6.4,0.9,-13,-17,-4,8.048,-0.107,7.35,8.06,0.05,0.12,0.12541666666666665,25.84472222222222,-48.200394,139.98413,-107.5647,*,F2
HD 224806, ,0,0,47.8,+,23,32,17,108,-38,7.831,0.309,2.654,0.014,3.803,-0.27,133,2.21,2.04,1.9,1.7,2.3,1.5,1.41,1.6,-10.9,0.8,1.1,2,288,0.321,28,91,-12,1,7.5,0.9,-45,-37,-10,8.033,-0.082,5.98,8.36,0.17,0.09,0.19916666666666663,23.53805555555556,-32.386654,99.675896,-81.88298,PM*,F5
HD 224842, ,0,1,7.2,-,41,53,15,335,-72,7.647,0.311,2.636,-0.002,3.801,-0.23,106,2.51,1.75,2.2,1.9,2.5,1.45,1.38,1.52,13.2,0.7,0.1,2,358,0.934,30,27,-47,1,9.4,0.9,1,-28,-10,7.97,-0.101,6.58,8.02,0.1,0.11,0.2799999999999999,-41.8875,29.686832,-13.8432045,-100.812,PM*,F5IV/V
HD 224999, ,0,2,30.1,+,47,25,22,114,-15,7.624,0.332,2.636,0.014,3.79,-0.29,123,2.17,2.39,2.1,1.8,2.6,1.47,1.39,1.59,-3.1,0.6,0.8,2,666,0.28,22,14,-28,2,8.1,1.0,-1,-9,-16,8.049,-0.031,7.71,8.19,0.03,0.13,0.6254166666666666,47.422777777777775,-48.323917,108.537315,-31.834742,*,F8
HD 225045, ,0,2,57.4,-,20,2,45,63,-77,6.26,0.332,2.642,0.006,3.795,0.11,62,2.31,1.76,1.7,1.5,1.9,1.63,1.58,1.69,-4.4,0.3,0.1,2,126,0.742,17,103,81,2,16.2,1.0,-38,6,2,7.994,-0.06,7.62,9.21,0.09,0.16,0.7391666666666666,-20.045833333333334,6.33179,12.426836,-60.410942,PM*,F6/7V
HD 225233, ,0,4,30.5,-,72,53,50,308,-44,7.33,0.294,2.652,-0.004,3.811,-0.15,92,2.52,1.44,2.0,1.8,2.2,1.49,1.43,1.55,13.1,1.6,2.2,2,1301,0.18,40,11,-39,2,10.9,0.6,5,-21,1,7.96,-0.063,6.92,8.09,0.08,0.14,1.1270833333333332,-72.89722222222223,40.744022,-52.149967,-63.908573,*,F5V
HD 225273, ,0,4,56.3,+,64,46,53,118,2,8.136,0.317,2.65,0.011,3.8,-0.15,119,2.76,1.45,2.3,2.0,2.8,1.39,1.29,1.48,-24.0,0.3,0.1,2,652,0.714,9,-9,4,1,6.0,0.8,15,-19,2,8.056,0.005,6.95,8.39,0.09,0.14,1.2345833333333331,64.78138888888888,-55.833088,105.00676,4.15304,*,F5
